<?xml version="1.0" encoding="utf-8"?>
<COLLADA xmlns="http://www.collada.org/2005/11/COLLADASchema" version="1.4.1" xmlns:xsi="http://www.w3.org/2001/XMLSchema-instance">
  <asset>
    <contributor>
      <author>Blender User</author>
      <authoring_tool>Blender 4.2.2 LTS commit date:2024-09-23, commit time:12:18, hash:c03d7d98a413</authoring_tool>
    </contributor>
    <created>2024-11-27T16:55:16</created>
    <modified>2024-11-27T16:55:16</modified>
    <unit name="meter" meter="1"/>
    <up_axis>Z_UP</up_axis>
  </asset>
  <library_effects>
    <effect id="industrial_trim-effect">
      <profile_COMMON>
        <newparam sid="t_trim_industrial_b_color_png-surface">
          <surface type="2D">
            <init_from>t_trim_industrial_b_color_png</init_from>
          </surface>
        </newparam>
        <newparam sid="t_trim_industrial_b_color_png-sampler">
          <sampler2D>
            <source>t_trim_industrial_b_color_png-surface</source>
          </sampler2D>
        </newparam>
        <technique sid="common">
          <lambert>
            <emission>
              <color sid="emission">0 0 0 1</color>
            </emission>
            <diffuse>
              <texture texture="t_trim_industrial_b_color_png-sampler" texcoord="UVMap"/>
            </diffuse>
            <index_of_refraction>
              <float sid="ior">1.5</float>
            </index_of_refraction>
          </lambert>
        </technique>
      </profile_COMMON>
    </effect>
    <effect id="m_plastic_01-effect">
      <profile_COMMON>
        <technique sid="common">
          <lambert>
            <emission>
              <color sid="emission">0 0 0 1</color>
            </emission>
            <diffuse>
              <color sid="diffuse">0.8 0.8 0.8 1</color>
            </diffuse>
            <index_of_refraction>
              <float sid="ior">1.5</float>
            </index_of_refraction>
          </lambert>
        </technique>
      </profile_COMMON>
    </effect>
    <effect id="m_bus_routes_wca-effect">
      <profile_COMMON>
        <newparam sid="t_bus_routes_wca_d_color_png-surface">
          <surface type="2D">
            <init_from>t_bus_routes_wca_d_color_png</init_from>
          </surface>
        </newparam>
        <newparam sid="t_bus_routes_wca_d_color_png-sampler">
          <sampler2D>
            <source>t_bus_routes_wca_d_color_png-surface</source>
          </sampler2D>
        </newparam>
        <technique sid="common">
          <lambert>
            <emission>
              <color sid="emission">0 0 0 1</color>
            </emission>
            <diffuse>
              <texture texture="t_bus_routes_wca_d_color_png-sampler" texcoord="UVMap"/>
            </diffuse>
            <index_of_refraction>
              <float sid="ior">1.5</float>
            </index_of_refraction>
          </lambert>
        </technique>
      </profile_COMMON>
    </effect>
    <effect id="m_billboardsigns_dealers-effect">
      <profile_COMMON>
        <newparam sid="t_billboardsigns_dealers_d_color_png-surface">
          <surface type="2D">
            <init_from>t_billboardsigns_dealers_d_color_png</init_from>
          </surface>
        </newparam>
        <newparam sid="t_billboardsigns_dealers_d_color_png-sampler">
          <sampler2D>
            <source>t_billboardsigns_dealers_d_color_png-surface</source>
          </sampler2D>
        </newparam>
        <technique sid="common">
          <lambert>
            <emission>
              <color sid="emission">0 0 0 1</color>
            </emission>
            <diffuse>
              <texture texture="t_billboardsigns_dealers_d_color_png-sampler" texcoord="UVMap"/>
            </diffuse>
            <index_of_refraction>
              <float sid="ior">1.5</float>
            </index_of_refraction>
          </lambert>
        </technique>
      </profile_COMMON>
    </effect>
    <effect id="m_sign_busstop-effect">
      <profile_COMMON>
        <newparam sid="t_sign_busstop_b_color_png-surface">
          <surface type="2D">
            <init_from>t_sign_busstop_b_color_png</init_from>
          </surface>
        </newparam>
        <newparam sid="t_sign_busstop_b_color_png-sampler">
          <sampler2D>
            <source>t_sign_busstop_b_color_png-surface</source>
          </sampler2D>
        </newparam>
        <technique sid="common">
          <lambert>
            <emission>
              <color sid="emission">0 0 0 1</color>
            </emission>
            <diffuse>
              <texture texture="t_sign_busstop_b_color_png-sampler" texcoord="UVMap"/>
            </diffuse>
            <index_of_refraction>
              <float sid="ior">1.5</float>
            </index_of_refraction>
          </lambert>
        </technique>
      </profile_COMMON>
    </effect>
    <effect id="ind_concrete-effect">
      <profile_COMMON>
        <newparam sid="ind_concrete_d_color_png-surface">
          <surface type="2D">
            <init_from>ind_concrete_d_color_png</init_from>
          </surface>
        </newparam>
        <newparam sid="ind_concrete_d_color_png-sampler">
          <sampler2D>
            <source>ind_concrete_d_color_png-surface</source>
          </sampler2D>
        </newparam>
        <technique sid="common">
          <lambert>
            <emission>
              <color sid="emission">0 0 0 1</color>
            </emission>
            <diffuse>
              <texture texture="ind_concrete_d_color_png-sampler" texcoord="UVMap"/>
            </diffuse>
            <index_of_refraction>
              <float sid="ior">1.5</float>
            </index_of_refraction>
          </lambert>
        </technique>
      </profile_COMMON>
    </effect>
    <effect id="lod_vertcol-effect">
      <profile_COMMON>
        <technique sid="common">
          <lambert>
            <emission>
              <color sid="emission">0 0 0 1</color>
            </emission>
            <diffuse>
              <color sid="diffuse">0.8 0.8 0.8 1</color>
            </diffuse>
            <index_of_refraction>
              <float sid="ior">1.5</float>
            </index_of_refraction>
          </lambert>
        </technique>
      </profile_COMMON>
    </effect>
  </library_effects>
  <library_images>
    <image id="ind_concrete_d_color_png" name="ind_concrete_d_color_png">
      <init_from>ind_concrete_d.color.png</init_from>
    </image>
    <image id="t_billboardsigns_dealers_d_color_png" name="t_billboardsigns_dealers_d_color_png">
      <init_from>t_billboardsigns_dealers_d.color.png</init_from>
    </image>
    <image id="t_bus_routes_wca_d_color_png" name="t_bus_routes_wca_d_color_png">
      <init_from>t_bus_routes_wca_d.color.png</init_from>
    </image>
    <image id="t_sign_busstop_b_color_png" name="t_sign_busstop_b_color_png">
      <init_from>t_sign_busstop_b.color.png</init_from>
    </image>
    <image id="t_trim_industrial_b_color_png" name="t_trim_industrial_b_color_png">
      <init_from>t_trim_industrial_b.color.png</init_from>
    </image>
  </library_images>
  <library_materials>
    <material id="industrial_trim-material" name="industrial_trim">
      <instance_effect url="#industrial_trim-effect"/>
    </material>
    <material id="m_plastic_01-material" name="m_plastic_01">
      <instance_effect url="#m_plastic_01-effect"/>
    </material>
    <material id="m_bus_routes_wca-material" name="m_bus_routes_wca">
      <instance_effect url="#m_bus_routes_wca-effect"/>
    </material>
    <material id="m_billboardsigns_dealers-material" name="m_billboardsigns_dealers">
      <instance_effect url="#m_billboardsigns_dealers-effect"/>
    </material>
    <material id="m_sign_busstop-material" name="m_sign_busstop">
      <instance_effect url="#m_sign_busstop-effect"/>
    </material>
    <material id="ind_concrete-material" name="ind_concrete">
      <instance_effect url="#ind_concrete-effect"/>
    </material>
    <material id="lod_vertcol-material" name="lod_vertcol">
      <instance_effect url="#lod_vertcol-effect"/>
    </material>
  </library_materials>
  <library_geometries>
    <geometry id="Cube_002-mesh" name="Cube.002">
      <mesh>
        <source id="Cube_002-mesh-positions">
          <float_array id="Cube_002-mesh-positions-array" count="2502">-0.0560165 -0.01949083 0.02308297 -0.0560165 -0.01949083 0.2407827 -0.0560165 0.02011072 0.2407827 -0.0560165 0.02011072 0.02308297 -0.01917326 0.02011072 0.02308297 -0.01917326 -0.01949083 0.02308297 -0.01917326 -0.01949083 0.2407827 -0.01917326 0.02011072 0.2407827 -0.01831293 -0.01931607 0.05225765 -0.01831281 -0.01931607 2.434262 -0.01831293 -0.06433737 0.05225765 -0.06333959 -0.01931607 2.434262 -0.06333965 -0.01931607 0.05225765 -0.01831287 -0.06433737 2.434262 -0.02331292 -0.02431619 0.05225765 -0.02331286 -0.02431619 2.434262 -0.02331292 -0.06433737 0.05225765 -0.06333959 -0.02431619 2.434262 -0.06333965 -0.02431619 0.05225765 -0.02331286 -0.06433737 2.434262 -0.01831316 0.01986587 0.05225765 -0.01831316 0.01986563 2.434262 -0.06333857 0.01986587 0.05225765 -0.01831316 0.05856049 2.434262 -0.01831316 0.05856049 0.05225765 -0.06333869 0.01986563 2.434262 -0.02331322 0.02486574 0.05225765 -0.02331322 0.02486574 2.434262 -0.06333857 0.02486574 0.05225765 -0.02331322 0.05856049 2.434262 -0.02331322 0.05856049 0.05225765 -0.06333869 0.02486574 2.434262 0.6391139 -0.02080702 0.02484917 0.6391139 -0.02080702 0.2407827 0.5255026 -0.02080702 0.02484917 0.5255026 -0.02080702 0.2407827 0.6391139 0.02165102 0.02484917 0.5255026 0.02165102 0.2407827 0.6391139 0.02165102 0.2407827 0.5255026 0.02165102 0.02484917 0.6027012 -0.05640554 0.02484917 0.6027012 -0.05640554 0.2407827 0.6027012 -0.02080702 0.2407827 0.6027012 0.02165102 0.2407827 0.5601641 -0.05640554 0.2407827 0.5601641 0.02165102 0.02583265 0.5601641 -0.02080702 0.2407827 0.5601641 0.02165102 0.2407827 0.5601641 -0.05640554 0.02484917 0.6027012 0.02165102 0.02583265 0.6016508 -0.01931715 0.02579736 0.6016507 -0.01931715 2.527003 0.6016508 -0.06433844 0.02579736 0.6466871 -0.01931715 2.527003 0.6466871 -0.01931715 0.02579736 0.6016508 -0.06433844 2.527003 0.6066508 -0.02431726 0.02579736 0.6066507 -0.02431726 2.527003 0.6066508 -0.06433844 0.02579736 0.6466871 -0.02431726 2.527003 0.6466871 -0.02431726 0.02579736 0.6066507 -0.06433844 2.527003 0.5632062 -0.01931715 0.02579736 0.5632063 -0.01931715 2.527003 0.5632062 -0.06433844 0.02579736 0.5181797 -0.01931715 2.527003 0.5181797 -0.01931715 0.02579736 0.5632063 -0.06433844 2.527003 0.5582063 -0.02431726 0.02579736 0.5582063 -0.02431726 2.527003 0.5582063 -0.06433844 0.02579736 0.5181797 -0.02431726 2.527003 0.5181797 -0.02431726 0.02579736 0.5582063 -0.06433844 2.527003 0.562869 0.01986479 0.02579736 0.562869 0.01986455 2.527003 0.517834 0.01986479 0.02579736 0.562869 0.06489372 2.527003 0.562869 0.06489372 0.02579736 0.5178338 0.01986455 2.527003 0.557869 0.02486467 0.02579736 0.557869 0.02486467 2.527003 0.5178339 0.02486467 0.02579736 0.557869 0.06489372 2.527003 0.557869 0.06489372 0.02579736 0.5178338 0.02486467 2.527003 0.6013141 0.01986479 0.02579736 0.6013141 0.01986455 2.527003 0.6463395 0.01986479 0.02579736 0.6013141 0.06489372 2.527003 0.6013141 0.06489372 0.02579736 0.6463396 0.01986455 2.527003 0.6063141 0.02486467 0.02579736 0.6063141 0.02486467 2.527003 0.6463395 0.02486467 0.02579736 0.6063141 0.06489372 2.527003 0.6063141 0.06489372 0.02579736 0.6463396 0.02486467 2.527003 0.7075024 0.01960039 2.434995 -0.7126248 0.01960027 2.434995 0.7075024 0.01960039 2.340362 -0.7126248 0.01960027 2.340362 0.7075024 -0.01909303 2.340362 0.7075024 -0.01909303 2.434995 -0.7126248 -0.01909315 2.434995 -0.7126248 -0.01909315 2.340362 -0.6005479 -0.01936459 2.340299 -0.6005479 -0.01936435 2.527003 -0.6455734 -0.01936459 2.340299 -0.6005479 -0.06440305 2.527003 -0.6005479 -0.06440305 2.340299 -0.6455735 -0.01936435 2.527003 -0.6005477 0.01981735 2.340299 -0.6005476 0.01981735 2.527003 -0.6005477 0.06481218 2.340299 -0.6455743 0.01981735 2.527003 -0.6455743 0.01981735 2.340299 -0.6005477 0.06481218 2.527003 -0.6055479 -0.02436447 2.340299 -0.6055479 -0.02436447 2.527003 -0.6455734 -0.02436447 2.340299 -0.6055479 -0.06440305 2.527003 -0.6055479 -0.06440305 2.340299 -0.6455735 -0.02436447 2.527003 -0.6055477 0.02481746 2.340299 -0.6055476 0.02481746 2.527003 -0.6055477 0.06481218 2.340299 -0.6455743 0.02481746 2.527003 -0.6455743 0.02481746 2.340299 -0.6055476 0.06481218 2.527003 -0.5621028 -0.01936459 2.340299 -0.5621028 -0.01936435 2.527003 -0.517071 -0.01936459 2.340299 -0.5621028 -0.06440305 2.527003 -0.5621028 -0.06440305 2.340299 -0.5170709 -0.01936435 2.527003 -0.562103 0.01981735 2.340299 -0.5621032 0.01981735 2.527003 -0.562103 0.06481218 2.340299 -0.5170701 0.01981735 2.527003 -0.5170699 0.01981735 2.340299 -0.5621032 0.06481218 2.527003 -0.5571028 -0.02436447 2.340299 -0.5571028 -0.02436447 2.527003 -0.517071 -0.02436447 2.340299 -0.5571028 -0.06440305 2.527003 -0.5571028 -0.06440305 2.340299 -0.5170709 -0.02436447 2.527003 -0.557103 0.02481746 2.340299 -0.5571032 0.02481746 2.527003 -0.557103 0.06481218 2.340299 -0.5170701 0.02481746 2.527003 -0.5170699 0.02481746 2.340299 -0.5571032 0.06481218 2.527003 -0.5516857 0.04365098 2.395484 -0.6167334 0.04365098 2.395484 -0.5516857 0.03814303 2.392304 -0.6167334 0.03814303 2.392304 -0.5516857 0.03814303 2.385944 -0.6167334 0.03814303 2.385944 -0.5516857 0.04365098 2.382764 -0.6167334 0.04365098 2.382764 -0.5516857 0.04915916 2.385944 -0.6167334 0.04915916 2.385944 -0.5516857 0.04915916 2.392304 -0.6167334 0.04915916 2.392304 -0.5516857 0.04365098 2.493456 -0.6167334 0.04365098 2.493456 -0.5516857 0.03814303 2.490276 -0.6167334 0.03814303 2.490276 -0.5516857 0.03814303 2.483916 -0.6167334 0.03814303 2.483916 -0.5516857 0.04365098 2.480736 -0.6167334 0.04365098 2.480736 -0.5516857 0.04915916 2.483916 -0.6167334 0.04915916 2.483916 -0.5516857 0.04915916 2.490276 -0.6167334 0.04915916 2.490276 -0.6288685 -0.03208339 2.395484 -0.6288685 0.03296458 2.395484 -0.6343764 -0.03208339 2.392304 -0.6343764 0.03296458 2.392304 -0.6343764 -0.03208339 2.385944 -0.6343764 0.03296458 2.385944 -0.6288685 -0.03208339 2.382764 -0.6288685 0.03296458 2.382764 -0.6233603 -0.03208339 2.385944 -0.6233603 0.03296458 2.385944 -0.6233603 -0.03208339 2.392304 -0.6233603 0.03296458 2.392304 -0.6288685 -0.03208339 2.493456 -0.6288685 0.03296458 2.493456 -0.6343764 -0.03208339 2.490276 -0.6343764 0.03296458 2.490276 -0.6343764 -0.03208339 2.483916 -0.6343764 0.03296458 2.483916 -0.6288685 -0.03208339 2.480736 -0.6288685 0.03296458 2.480736 -0.6233603 -0.03208339 2.483916 -0.6233603 0.03296458 2.483916 -0.6233603 -0.03208339 2.490276 -0.6233603 0.03296458 2.490276 -0.6140003 -0.04391634 2.395484 -0.5489525 -0.04391658 2.395484 -0.6140003 -0.03840839 2.392304 -0.5489525 -0.03840863 2.392304 -0.6140003 -0.03840839 2.385944 -0.5489525 -0.03840863 2.385944 -0.6140003 -0.04391634 2.382764 -0.5489525 -0.04391658 2.382764 -0.6140003 -0.04942476 2.385944 -0.5489525 -0.04942476 2.385944 -0.6140003 -0.04942476 2.392304 -0.5489525 -0.04942476 2.392304 -0.6140003 -0.04391634 2.493456 -0.5489525 -0.04391658 2.493456 -0.6140003 -0.03840839 2.490276 -0.5489525 -0.03840863 2.490276 -0.6140003 -0.03840839 2.483916 -0.5489525 -0.03840863 2.483916 -0.6140003 -0.04391634 2.480736 -0.5489525 -0.04391658 2.480736 -0.6140003 -0.04942476 2.483916 -0.5489525 -0.04942476 2.483916 -0.6140003 -0.04942476 2.490276 -0.5489525 -0.04942476 2.490276 -0.5374222 0.03261387 2.395484 -0.5374222 -0.0324341 2.395484 -0.5319142 0.03261387 2.392304 -0.5319142 -0.0324341 2.392304 -0.5319142 0.03261387 2.385944 -0.5319142 -0.0324341 2.385944 -0.5374222 0.03261387 2.382764 -0.5374222 -0.0324341 2.382764 -0.5429304 0.03261387 2.385944 -0.5429304 -0.0324341 2.385944 -0.5429304 0.03261387 2.392304 -0.5429304 -0.0324341 2.392304 -0.5374222 0.03261387 2.493456 -0.5374222 -0.0324341 2.493456 -0.5319142 0.03261387 2.490276 -0.5319142 -0.0324341 2.490276 -0.5319142 0.03261387 2.483916 -0.5319142 -0.0324341 2.483916 -0.5374222 0.03261387 2.480736 -0.5374222 -0.0324341 2.480736 -0.5429304 0.03261387 2.483916 -0.5429304 -0.0324341 2.483916 -0.5429304 0.03261387 2.490276 -0.5429304 -0.0324341 2.490276 0.6153272 0.0436511 2.395484 0.5502795 0.0436511 2.395484 0.6153272 0.03814315 2.392304 0.5502795 0.03814315 2.392304 0.6153272 0.03814315 2.385944 0.5502795 0.03814315 2.385944 0.6153272 0.0436511 2.382764 0.5502795 0.0436511 2.382764 0.6153272 0.04915928 2.385944 0.5502795 0.04915928 2.385944 0.6153272 0.04915928 2.392304 0.5502795 0.04915928 2.392304 0.6153272 0.0436511 2.493456 0.5502795 0.0436511 2.493456 0.6153272 0.03814315 2.490276 0.5502795 0.03814315 2.490276 0.6153272 0.03814315 2.483916 0.5502795 0.03814315 2.483916 0.6153272 0.0436511 2.480736 0.5502795 0.0436511 2.480736 0.6153272 0.04915928 2.483916 0.5502795 0.04915928 2.483916 0.6153272 0.04915928 2.490276 0.5502795 0.04915928 2.490276 0.5381445 -0.03208327 2.395484 0.5381445 0.03296446 2.395484 0.5326366 -0.03208327 2.392304 0.5326365 0.03296446 2.392304 0.5326366 -0.03208327 2.385944 0.5326365 0.03296446 2.385944 0.5381445 -0.03208327 2.382764 0.5381445 0.03296446 2.382764 0.5436527 -0.03208327 2.385944 0.5436527 0.03296446 2.385944 0.5436527 -0.03208327 2.392304 0.5436527 0.03296446 2.392304 0.5381445 -0.03208327 2.493456 0.5381445 0.03296446 2.493456 0.5326366 -0.03208327 2.490276 0.5326365 0.03296446 2.490276 0.5326366 -0.03208327 2.483916 0.5326365 0.03296446 2.483916 0.5381445 -0.03208327 2.480736 0.5381445 0.03296446 2.480736 0.5436527 -0.03208327 2.483916 0.5436527 0.03296446 2.483916 0.5436527 -0.03208327 2.490276 0.5436527 0.03296446 2.490276 0.5530127 -0.04173946 2.395484 0.6180605 -0.0417397 2.395484 0.5530127 -0.03623151 2.392304 0.6180605 -0.03623175 2.392304 0.5530127 -0.03623151 2.385944 0.6180605 -0.03623175 2.385944 0.5530127 -0.04173946 2.382764 0.6180605 -0.0417397 2.382764 0.5530127 -0.04724764 2.385944 0.6180605 -0.04724788 2.385944 0.5530127 -0.04724764 2.392304 0.6180605 -0.04724788 2.392304 0.5530127 -0.04173946 2.493456 0.6180605 -0.0417397 2.493456 0.5530127 -0.03623151 2.490276 0.6180605 -0.03623175 2.490276 0.5530127 -0.03623151 2.483916 0.6180605 -0.03623175 2.483916 0.5530127 -0.04173946 2.480736 0.6180605 -0.0417397 2.480736 0.5530127 -0.04724764 2.483916 0.6180605 -0.04724788 2.483916 0.5530127 -0.04724764 2.490276 0.6180605 -0.04724788 2.490276 0.626749 0.03261375 2.395484 0.626749 -0.03243398 2.395484 0.6322569 0.03261375 2.392304 0.6322569 -0.03243398 2.392304 0.6322569 0.03261375 2.385944 0.6322569 -0.03243398 2.385944 0.626749 0.03261375 2.382764 0.626749 -0.03243398 2.382764 0.6212409 0.03261375 2.385944 0.6212409 -0.03243398 2.385944 0.6212409 0.03261375 2.392304 0.6212409 -0.03243398 2.392304 0.626749 0.03261375 2.493456 0.626749 -0.03243398 2.493456 0.6322569 0.03261375 2.490276 0.6322569 -0.03243398 2.490276 0.6322569 0.03261375 2.483916 0.6322569 -0.03243398 2.483916 0.626749 0.03261375 2.480736 0.626749 -0.03243398 2.480736 0.6212409 0.03261375 2.483916 0.6212409 -0.03243398 2.483916 0.6212409 0.03261375 2.490276 0.6212409 -0.03243398 2.490276 -0.0419718 -0.03208327 2.36662 -0.0419718 0.03296446 2.36662 -0.04747974 -0.03208327 2.36344 -0.04747974 0.03296446 2.36344 -0.04747974 -0.03208327 2.35708 -0.04747974 0.03296446 2.35708 -0.0419718 -0.03208327 2.3539 -0.0419718 0.03296446 2.3539 -0.03646361 -0.03208327 2.35708 -0.03646361 0.03296446 2.35708 -0.03646361 -0.03208327 2.36344 -0.03646361 0.03296446 2.36344 -0.0419718 -0.03208327 2.418833 -0.0419718 0.03296446 2.418833 -0.04747974 -0.03208327 2.415653 -0.04747974 0.03296446 2.415653 -0.04747974 -0.03208327 2.409293 -0.04747974 0.03296446 2.409293 -0.0419718 -0.03208327 2.406113 -0.0419718 0.03296446 2.406113 -0.03646361 -0.03208327 2.409293 -0.03646361 0.03296446 2.409293 -0.03646361 -0.03208327 2.415653 -0.03646361 0.03296446 2.415653 -0.04103153 0.03192901 1.921673 -0.04103153 -0.03311872 1.921673 -0.04653948 0.03192901 1.918493 -0.04653948 -0.03311872 1.918493 -0.04653948 0.03192901 1.912133 -0.04653948 -0.03311872 1.912133 -0.04103153 0.03192901 1.908953 -0.04103153 -0.03311872 1.908953 -0.03552335 0.03192901 1.912133 -0.03552335 -0.03311872 1.912133 -0.03552335 0.03192901 1.918493 -0.03552335 -0.03311872 1.918493 -0.04103153 0.03192901 1.311091 -0.04103153 -0.03311872 1.311091 -0.04653948 0.03192901 1.307911 -0.04653948 -0.03311872 1.307911 -0.04653948 0.03192901 1.30155 -0.04653948 -0.03311872 1.30155 -0.04103153 0.03192901 1.29837 -0.04103153 -0.03311872 1.29837 -0.03552335 0.03192901 1.30155 -0.03552335 -0.03311872 1.30155 -0.03552335 0.03192901 1.307911 -0.03552335 -0.03311872 1.307911 -0.04103153 0.03192901 0.7005085 -0.04103153 -0.03311872 0.7005085 -0.04653948 0.03192901 0.6973284 -0.04653948 -0.03311872 0.6973284 -0.04653948 0.03192901 0.6909681 -0.04653948 -0.03311872 0.6909681 -0.04103153 0.03192901 0.6877881 -0.04103153 -0.03311872 0.6877881 -0.03552335 0.03192901 0.6909681 -0.03552335 -0.03311872 0.6909681 -0.03552335 0.03192901 0.6973284 -0.03552335 -0.03311872 0.6973284 0.549711 0.04169726 1.921673 0.6147587 0.04169702 1.921673 0.549711 0.03618931 1.918493 0.6147587 0.03618907 1.918493 0.549711 0.03618931 1.912133 0.6147587 0.03618907 1.912133 0.549711 0.04169726 1.908953 0.6147587 0.04169702 1.908953 0.549711 0.04720544 1.912133 0.6147587 0.0472052 1.912133 0.549711 0.04720544 1.918493 0.6147587 0.0472052 1.918493 0.6234473 -0.03173446 1.921673 0.6234473 0.03331327 1.921673 0.6289553 -0.03173446 1.918493 0.6289553 0.03331327 1.918493 0.6289553 -0.03173446 1.912133 0.6289553 0.03331327 1.912133 0.6234473 -0.03173446 1.908953 0.6234473 0.03331327 1.908953 0.6179392 -0.03173446 1.912133 0.6179391 0.03331327 1.912133 0.6179392 -0.03173446 1.918493 0.6179391 0.03331327 1.918493 0.549711 0.04169726 1.311091 0.6147587 0.04169702 1.311091 0.549711 0.03618931 1.307911 0.6147587 0.03618907 1.307911 0.549711 0.03618931 1.30155 0.6147587 0.03618907 1.30155 0.549711 0.04169726 1.29837 0.6147587 0.04169702 1.29837 0.549711 0.04720544 1.30155 0.6147587 0.0472052 1.30155 0.549711 0.04720544 1.307911 0.6147587 0.0472052 1.307911 0.6234473 -0.03173446 1.311091 0.6234473 0.03331327 1.311091 0.6289553 -0.03173446 1.307911 0.6289553 0.03331327 1.307911 0.6289553 -0.03173446 1.30155 0.6289553 0.03331327 1.30155 0.6234473 -0.03173446 1.29837 0.6234473 0.03331327 1.29837 0.6179392 -0.03173446 1.30155 0.6179391 0.03331327 1.30155 0.6179392 -0.03173446 1.307911 0.6179391 0.03331327 1.307911 0.549711 0.04169726 0.7005085 0.6147587 0.04169702 0.7005085 0.549711 0.03618931 0.6973284 0.6147587 0.03618907 0.6973284 0.549711 0.03618931 0.6909681 0.6147587 0.03618907 0.6909681 0.549711 0.04169726 0.6877881 0.6147587 0.04169702 0.6877881 0.549711 0.04720544 0.6909681 0.6147587 0.0472052 0.6909681 0.549711 0.04720544 0.6973284 0.6147587 0.0472052 0.6973284 0.6234473 -0.03173446 0.7005085 0.6234473 0.03331327 0.7005085 0.6289553 -0.03173446 0.6973284 0.6289553 0.03331327 0.6973284 0.6289553 -0.03173446 0.6909681 0.6289553 0.03331327 0.6909681 0.6234473 -0.03173446 0.6877881 0.6234473 0.03331327 0.6877881 0.6179392 -0.03173446 0.6909681 0.6179391 0.03331327 0.6909681 0.6179392 -0.03173446 0.6973284 0.6179391 0.03331327 0.6973284 0.6149204 -0.04150247 1.921673 0.5498726 -0.04150247 1.921673 0.6149204 -0.03599452 1.918493 0.5498726 -0.03599452 1.918493 0.6149204 -0.03599452 1.912133 0.5498726 -0.03599452 1.912133 0.6149204 -0.04150247 1.908953 0.5498726 -0.04150247 1.908953 0.6149204 -0.04701066 1.912133 0.5498726 -0.04701066 1.912133 0.6149204 -0.04701066 1.918493 0.5498726 -0.04701066 1.918493 0.5411841 0.03192901 1.921673 0.5411841 -0.03311872 1.921673 0.5356761 0.03192901 1.918493 0.5356761 -0.03311872 1.918493 0.5356761 0.03192901 1.912133 0.5356761 -0.03311872 1.912133 0.5411841 0.03192901 1.908953 0.5411841 -0.03311872 1.908953 0.5466923 0.03192901 1.912133 0.5466923 -0.03311872 1.912133 0.5466923 0.03192901 1.918493 0.5466923 -0.03311872 1.918493 0.6149204 -0.04150247 1.311091 0.5498726 -0.04150247 1.311091 0.6149204 -0.03599452 1.307911 0.5498726 -0.03599452 1.307911 0.6149204 -0.03599452 1.30155 0.5498726 -0.03599452 1.30155 0.6149204 -0.04150247 1.29837 0.5498726 -0.04150247 1.29837 0.6149204 -0.04701066 1.30155 0.5498726 -0.04701066 1.30155 0.6149204 -0.04701066 1.307911 0.5498726 -0.04701066 1.307911 0.5411841 0.03192901 1.311091 0.5411841 -0.03311872 1.311091 0.5356761 0.03192901 1.307911 0.5356761 -0.03311872 1.307911 0.5356761 0.03192901 1.30155 0.5356761 -0.03311872 1.30155 0.5411841 0.03192901 1.29837 0.5411841 -0.03311872 1.29837 0.5466923 0.03192901 1.30155 0.5466923 -0.03311872 1.30155 0.5466923 0.03192901 1.307911 0.5466923 -0.03311872 1.307911 0.6149204 -0.04150247 0.7005085 0.5498726 -0.04150247 0.7005085 0.6149204 -0.03599452 0.6973284 0.5498726 -0.03599452 0.6973284 0.6149204 -0.03599452 0.6909681 0.5498726 -0.03599452 0.6909681 0.6149204 -0.04150247 0.6877881 0.5498726 -0.04150247 0.6877881 0.6149204 -0.04701066 0.6909681 0.5498726 -0.04701066 0.6909681 0.6149204 -0.04701066 0.6973284 0.5498726 -0.04701066 0.6973284 0.5411841 0.03192901 0.7005085 0.5411841 -0.03311872 0.7005085 0.5356761 0.03192901 0.6973284 0.5356761 -0.03311872 0.6973284 0.5356761 0.03192901 0.6909681 0.5356761 -0.03311872 0.6909681 0.5411841 0.03192901 0.6877881 0.5411841 -0.03311872 0.6877881 0.5466923 0.03192901 0.6909681 0.5466923 -0.03311872 0.6909681 0.5466923 0.03192901 0.6973284 0.5466923 -0.03311872 0.6973284 -0.04103153 0.03192901 0.1821113 -0.04103153 -0.03311872 0.1821113 -0.04653948 0.03192901 0.178931 -0.04653948 -0.03311872 0.178931 -0.04653948 0.03192901 0.1725707 -0.04653948 -0.03311872 0.1725707 -0.04103153 0.03192901 0.1693907 -0.04103153 -0.03311872 0.1693907 -0.03552335 0.03192901 0.1725707 -0.03552335 -0.03311872 0.1725707 -0.03552335 0.03192901 0.178931 -0.03552335 -0.03311872 0.178931 0.549711 0.04169726 0.1821113 0.6147587 0.04169702 0.1821113 0.549711 0.03618931 0.178931 0.6147587 0.03618907 0.178931 0.549711 0.03618931 0.1725707 0.6147587 0.03618907 0.1725707 0.549711 0.04169726 0.1693907 0.6147587 0.04169702 0.1693907 0.549711 0.04720544 0.1725707 0.6147587 0.0472052 0.1725707 0.549711 0.04720544 0.178931 0.6147587 0.0472052 0.178931 0.6234473 -0.03173446 0.1821113 0.6234473 0.03331327 0.1821113 0.6289553 -0.03173446 0.178931 0.6289553 0.03331327 0.178931 0.6289553 -0.03173446 0.1725707 0.6289553 0.03331327 0.1725707 0.6234473 -0.03173446 0.1693907 0.6234473 0.03331327 0.1693907 0.6179392 -0.03173446 0.1725707 0.6179391 0.03331327 0.1725707 0.6179392 -0.03173446 0.178931 0.6179391 0.03331327 0.178931 0.6149204 -0.04150247 0.1821113 0.5498726 -0.04150247 0.1821113 0.6149204 -0.03599452 0.178931 0.5498726 -0.03599452 0.178931 0.6149204 -0.03599452 0.1725707 0.5498726 -0.03599452 0.1725707 0.6149204 -0.04150247 0.1693907 0.5498726 -0.04150247 0.1693907 0.6149204 -0.04701066 0.1725707 0.5498726 -0.04701066 0.1725707 0.6149204 -0.04701066 0.178931 0.5498726 -0.04701066 0.178931 0.5411841 0.03192901 0.1821113 0.5411841 -0.03311872 0.1821113 0.5356761 0.03192901 0.178931 0.5356761 -0.03311872 0.178931 0.5356761 0.03192901 0.1725707 0.5356761 -0.03311872 0.1725707 0.5411841 0.03192901 0.1693907 0.5411841 -0.03311872 0.1693907 0.5466923 0.03192901 0.1725707 0.5466923 -0.03311872 0.1725707 0.5466923 0.03192901 0.178931 0.5466923 -0.03311872 0.178931 -0.04103153 0.03192901 0.09534478 -0.04103153 -0.03311872 0.09534478 -0.04653948 0.03192901 0.09216451 -0.04653948 -0.03311872 0.09216451 -0.04653948 0.03192901 0.08580422 -0.04653948 -0.03311872 0.08580422 -0.04103153 0.03192901 0.08262419 -0.04103153 -0.03311872 0.08262419 -0.03552335 0.03192901 0.08580422 -0.03552335 -0.03311872 0.08580422 -0.03552335 0.03192901 0.09216451 -0.03552335 -0.03311872 0.09216451 0.549711 0.04169726 0.09534478 0.6147587 0.04169702 0.09534478 0.549711 0.03618931 0.09216451 0.6147587 0.03618907 0.09216451 0.549711 0.03618931 0.08580422 0.6147587 0.03618907 0.08580422 0.549711 0.04169726 0.08262419 0.6147587 0.04169702 0.08262419 0.549711 0.04720544 0.08580422 0.6147587 0.0472052 0.08580422 0.549711 0.04720544 0.09216451 0.6147587 0.0472052 0.09216451 0.6234473 -0.03173446 0.09534478 0.6234473 0.03331327 0.09534478 0.6289553 -0.03173446 0.09216451 0.6289553 0.03331327 0.09216451 0.6289553 -0.03173446 0.08580422 0.6289553 0.03331327 0.08580422 0.6234473 -0.03173446 0.08262419 0.6234473 0.03331327 0.08262419 0.6179392 -0.03173446 0.08580422 0.6179391 0.03331327 0.08580422 0.6179392 -0.03173446 0.09216451 0.6179391 0.03331327 0.09216451 0.6149204 -0.04150247 0.09534478 0.5498726 -0.04150247 0.09534478 0.6149204 -0.03599452 0.09216451 0.5498726 -0.03599452 0.09216451 0.6149204 -0.03599452 0.08580422 0.5498726 -0.03599452 0.08580422 0.6149204 -0.04150247 0.08262419 0.5498726 -0.04150247 0.08262419 0.6149204 -0.04701066 0.08580422 0.5498726 -0.04701066 0.08580422 0.6149204 -0.04701066 0.09216451 0.5498726 -0.04701066 0.09216451 0.5411841 0.03192901 0.09534478 0.5411841 -0.03311872 0.09534478 0.5356761 0.03192901 0.09216451 0.5356761 -0.03311872 0.09216451 0.5356761 0.03192901 0.08580422 0.5356761 -0.03311872 0.08580422 0.5411841 0.03192901 0.08262419 0.5411841 -0.03311872 0.08262419 0.5466923 0.03192901 0.08580422 0.5466923 -0.03311872 0.08580422 0.5466923 0.03192901 0.09216451 0.5466923 -0.03311872 0.09216451 0.01642251 -0.07720685 1.969048 0.01642251 0.07199764 1.969048 0.4837483 0.07199764 1.969048 0.4837483 -0.07720685 1.969048 0.01642251 -0.07720685 1.41034 0.4837483 -0.07720685 1.41034 0.01642251 0.07199764 1.41034 0.4837483 0.07199764 1.41034 0.01642251 0.07199764 1.910971 0.4837483 0.07199764 1.910971 0.01642251 -0.07720685 1.910971 0.4837483 -0.07720685 1.910971 0.4367986 0.07252085 1.953245 0.3765075 0.07252085 1.925355 0.4046545 0.07252085 1.925355 0.4059454 0.07252085 1.953245 0.3765075 0.07252085 1.953245 0.4046545 0.07252085 1.953245 0.4367986 0.07252085 1.925355 0.4059454 0.07252085 1.925355 0.350912 0.07252085 1.925355 0.3752935 0.07252085 1.925355 0.350912 0.07252085 1.953245 0.3752935 0.07252085 1.953245 0.01642251 -0.07720685 1.352249 0.4837483 -0.07720685 1.352249 0.01642251 0.07199764 1.352249 0.4837483 0.07199764 1.352249 0.01642251 -0.08483469 0.7066307 0.01642251 0.07962548 0.7066307 0.4837483 -0.08483469 0.7066307 0.4837483 0.07962548 0.7066307 -0.01821416 -0.08483469 0.671994 -0.01821416 0.07962548 0.671994 0.518385 0.07962548 0.671994 0.5183851 -0.08483469 0.671994 0.01642251 0.07962548 1.086424 0.4837483 0.07962548 1.086424 0.4837483 -0.08483469 1.086424 0.01642251 -0.08483469 1.086424 0.4837523 -0.08483469 1.121663 0.01642465 -0.08483469 1.121663 0.4837473 0.07962548 1.121663 0.01642251 -0.08483469 1.969048 0.01642251 0.07962548 1.969048 0.4837483 -0.08483469 1.969048 0.4837483 0.07962548 1.969048 -0.01821416 -0.08483469 2.003684 -0.01821416 0.07962548 2.003684 0.518385 0.07962548 2.003684 0.5183851 -0.08483469 2.003684 0.5183851 -0.08483469 1.121663 0.518385 0.07962548 1.121663 -0.01821416 -0.08483469 1.121663 -0.01821416 0.07962548 1.121663 0.01642251 0.07962548 1.121663 0.06465184 -0.07748472 1.95329 0.1249429 -0.07748472 1.925399 0.09679603 -0.07748472 1.925399 0.09550505 -0.07748472 1.95329 0.1249429 -0.07748472 1.95329 0.09679603 -0.07748472 1.95329 0.06465184 -0.07748472 1.925399 0.09550505 -0.07748472 1.925399 0.1505385 -0.07748472 1.925399 0.126157 -0.07748472 1.925399 0.1505385 -0.07748472 1.95329 0.126157 -0.07748472 1.95329 -0.007464826 0.0669918 -0.2619171 -0.007464826 0.0669918 0.02548146 -0.007464826 -0.0695585 -0.2619171 -0.007464826 -0.0695585 0.02548146 -0.06827807 0.0669918 -0.2619171 -0.06827807 0.0669918 0.02548146 -0.06827801 -0.0695585 -0.2619171 -0.06827801 -0.0695585 0.02548146 0.6516159 0.06699061 -0.2619171 0.6516159 0.06699061 0.02548146 0.651616 -0.06955957 -0.2619171 0.651616 -0.06955957 0.02548146 0.5132411 0.06699061 -0.2619171 0.5132411 0.06699061 0.02548146 0.5132412 -0.06955957 -0.2619171 0.5132412 -0.06955957 0.02548146 -0.007464826 0.0669918 -0.01044332 -0.007464826 -0.0695585 -0.01044332 -0.06827801 -0.0695585 -0.01044332 -0.06827807 0.0669918 -0.01044332 0.6516159 0.06699061 -0.01044332 0.651616 -0.06955957 -0.01044332 0.5132412 -0.06955957 -0.01044332 0.5132411 0.06699061 -0.01044332 0.06461912 -0.07748162 1.395472 0.1051992 -0.07748162 1.367581 0.08070409 -0.07748162 1.367581 0.0795536 -0.07748162 1.395472 0.1051992 -0.07748162 1.395472 0.08070409 -0.07748162 1.395472 0.06461912 -0.07748162 1.367581 0.0795536 -0.07748162 1.367581 0.1286854 -0.07748162 1.367581 0.1062802 -0.07748162 1.367581 0.1286854 -0.07748162 1.395472 0.1062802 -0.07748162 1.395472 0.155645 -0.07748162 1.367581 0.1295092 -0.07748162 1.367581 0.155645 -0.07748162 1.395472 0.1295092 -0.07748162 1.395472 0.4367531 0.07210481 1.395472 0.3961731 0.07210481 1.367581 0.4206681 0.07210481 1.367581 0.4218186 0.07210481 1.395472 0.3961731 0.07210481 1.395472 0.4206681 0.07210481 1.395472 0.4367531 0.07210481 1.367581 0.4218186 0.07210481 1.367581 0.3726868 0.07210481 1.367581 0.395092 0.07210481 1.367581 0.3726868 0.07210481 1.395472 0.395092 0.07210481 1.395472 0.3457272 0.07210481 1.367581 0.371863 0.07210481 1.367581 0.3457272 0.07210481 1.395472 0.371863 0.07210481 1.395472 0.01642251 0.07199764 1.11414 0.4837483 0.07199764 1.11414 0.01642251 -0.07720685 1.120216 0.4837483 -0.07720685 1.120216 0.01642251 -0.07720685 1.352249 0.4837483 -0.07720685 1.352249 0.01642251 0.07199764 1.352249 0.4837483 0.07199764 1.352249 0.4367986 0.07252085 1.953245 0.4367986 0.07252085 1.925355 0.4137994 0.07252085 1.925355 0.4137994 0.07252085 1.953245 0.4128658 0.07252085 1.953245 0.4128658 0.07252085 1.925355 0.391923 0.07252085 1.925355 0.391923 0.07252085 1.953245 0.3909894 0.07252085 1.953245 0.3909894 0.07252085 1.925355 0.3727884 0.07252085 1.925355 0.3727884 0.07252085 1.953245 0.3718548 0.07252085 1.953245 0.3718548 0.07252085 1.925355 0.3509119 0.07252085 1.925355 0.3509119 0.07252085 1.953245 0.06465181 -0.07748472 1.95329 0.06465181 -0.07748472 1.925399 0.08765097 -0.07748472 1.925399 0.08765097 -0.07748472 1.95329 0.08858462 -0.07748472 1.95329 0.08858462 -0.07748472 1.925399 0.1095274 -0.07748472 1.925399 0.1095274 -0.07748472 1.95329 0.1104611 -0.07748472 1.95329 0.1104611 -0.07748472 1.925399 0.1286621 -0.07748472 1.925399 0.1286621 -0.07748472 1.95329 0.1295958 -0.07748472 1.95329 0.1295958 -0.07748472 1.925399 0.1505386 -0.07748472 1.925399 0.1505386 -0.07748472 1.95329</float_array>
          <technique_common>
            <accessor source="#Cube_002-mesh-positions-array" count="834" stride="3">
              <param name="X" type="float"/>
              <param name="Y" type="float"/>
              <param name="Z" type="float"/>
            </accessor>
          </technique_common>
        </source>
        <source id="Cube_002-mesh-normals">
          <float_array id="Cube_002-mesh-normals-array" count="1890">-1 0 0 1 0 0 0 0 1 0 1 0 0 1 0 0 1 0 1 -1.30415e-6 0 1 0 0 1 -1.32003e-6 0 0 -1 0 0 -1 0 0 -1 0 -1 -7.80716e-7 0 -1 -7.04232e-7 0 -1 -7.03396e-7 0 -3.13523e-5 0 1 -3.30974e-5 0 1 -2.44943e-7 0 -1 0 0 -1 -2.58575e-7 0 -1 -1 0 0 -1 0 0 0 -1 0 0 -1 0 0 -1 0 -5.23649e-6 0 1 0 0 -1 0 1 0 0 -1 0 0 -1 0 0 -1 0 0 1 0 0 1 0 9.02685e-7 0 1 4.51277e-6 0 1 4.8136e-6 0 1 -1 0 0 -1 0 0 -1 0 0 -1 0 0 -1 -2.093e-6 0 -1 -2.11725e-6 0 0 -1 0 0 -1 0 0 -1 0 1 0 0 1 0 0 0 -1 0 0 -1 0 0 1 0 0 1 0 0 1 0 1 0 0 1 0 0 0 -1 0 0 -1 0 0 -1 0 0 -1 0 0 -1 0 0 -1 0 0 1 0 0 1 0 -1 -1.90394e-5 0 -1 0 0 -1 -1.90639e-5 0 0 -1 0 0 -1 0 0 -1 0 0 1 0 0 1 0 0 -1 0 0 -1 0 -1.42983e-7 0 -1 2.63872e-7 0 -1 2.71179e-7 0 -1 0 0 1 0 0 1 0 1 -1.27003e-6 0 1 -1.27333e-6 0 1 -1.26931e-6 1 2.67006e-7 0 1 1.50678e-6 -5.4238e-7 1 1.77379e-6 -6.38491e-7 0 -1 0 0 -1 0 -1 0 6.3849e-7 -1 0 6.38491e-7 -1 0 6.3849e-7 6.5403e-7 0 -1 3.91764e-6 0 -1 4.13574e-6 0 -1 -1 0 -6.38491e-7 -1 0 -6.38491e-7 7.84249e-6 0 -1 8.27926e-6 0 -1 0 1 0 0 1 0 1.31075e-6 0 -1 0 1 -1.26985e-6 0 1 -1.27315e-6 0 1 -1.27387e-6 0 -1 0 0 -1 0 -1 0 -6.38491e-7 -1 0 -6.38492e-7 -1 0 -6.38491e-7 0 -1 0 0 -1 0 0 -1 0 0 1 0 0 1 0 0 1 0 1 0 6.38491e-7 1 0 6.3849e-7 1 0 6.3849e-7 1 0 -6.38491e-7 1 0 -6.38491e-7 -7.84249e-6 0 -1 -8.27926e-6 0 -1 1 0 6.38491e-7 1 0 6.38491e-7 0 1 0 0 1 0 0 1 0 -1.31075e-6 0 -1 0 -1.30353e-5 1 0 -0.8660323 0.4999881 0 -5.76181e-6 1 0 -0.8660356 0.4999822 0 -0.8660356 -0.4999822 0 -0.8660323 -0.4999881 0 -1.30353e-5 -1 0 -5.76181e-6 -1 0 0.8660275 -0.4999966 0 0.866031 -0.4999903 0 0.866031 0.4999903 0 0.8660275 0.4999966 -4.22169e-5 0 1 -0.8660269 0 0.4999974 2.34197e-5 0 1 -0.866045 0 0.4999662 -0.866045 0 -0.4999662 -0.8660123 0 -0.5000228 -7.1419e-5 0 -1 5.26441e-5 0 -1 0.8660076 0 -0.5000309 0.8660403 0 -0.4999742 0.8660403 0 0.4999742 0.8660222 0 0.5000055 0 -1 -2.07685e-7 0 -1 -2.0769e-7 -0.866045 0 0.4999661 -0.866027 0 -0.4999974 -4.22169e-5 0 -1 2.34197e-5 0 -1 0.8660222 0 -0.5000055 -1.52079e-6 2.33319e-5 1 4.48493e-6 0.8660336 0.4999859 9.98908e-7 0.8660343 0.4999846 4.71547e-6 0.8660361 -0.4999816 2.30787e-6 0.8660318 -0.499989 2.44019e-6 2.33319e-5 -1 0 5.23602e-6 -1 0 -0.8660234 -0.5000038 1 1.66155e-6 0 0 -0.866031 -0.4999903 -5.9476e-7 -0.866025 0.5000007 2.56005e-6 5.23602e-6 1 3.49051e-7 2.33319e-5 1 2.19504e-6 0.8660336 0.4999859 3.3882e-6 0.8660343 0.4999846 2.11084e-6 0.8660318 -0.499989 2.42716e-6 2.33319e-5 -1 -1.77534e-7 5.23602e-6 -1 -7.91773e-7 -0.866025 0.5000007 0 5.23602e-6 1 4.22169e-5 0 1 0.866027 0 0.4999974 -2.34197e-5 0 1 0.866045 0 0.4999662 0.866045 0 -0.4999662 0.8660123 0 -0.5000228 7.1419e-5 0 -1 -5.26441e-5 0 -1 -0.8660076 0 -0.5000309 0 -1 -2.07687e-7 0 -1 -8.3073e-7 0 -1 -2.07693e-7 -0.8660403 0 -0.4999742 -0.8660403 0 0.4999742 -0.8660222 0 0.5000055 0 1 2.07687e-7 0 1 2.07693e-7 0.866045 0 0.4999661 0.866027 0 -0.4999974 4.22169e-5 0 -1 -2.34197e-5 0 -1 -0.8660222 0 -0.5000055 0 -1.27724e-5 1 0 -0.8660321 0.4999886 0 -5.63036e-6 1 0 -0.8660355 -0.4999825 0 -0.8660322 -0.4999884 0 -1.27943e-5 -1 0 -5.71799e-6 -1 -1 -1.66155e-6 0 0 0.8660309 -0.4999905 0 0.8660308 0.4999908 0 0.8660275 0.4999963 1 6.64576e-6 0 1 -3.32324e-6 0 1 6.6454e-6 0 1 -3.32342e-6 0 -1.29913e-5 0 1 -0.8660265 -1.25938e-6 0.4999984 -5.65219e-6 0 1 -0.8660299 0 0.4999924 -0.866029 -1.21907e-6 -0.4999938 -4.22826e-5 0 -1 2.36388e-5 0 -1 0.8660243 0 -0.500002 0.8660392 1.29963e-6 -0.4999764 0.8660252 1.25937e-6 0.5000005 0.8660216 0 0.5000066 -4.22826e-5 0 1 -0.8660274 -1.25942e-6 0.4999967 2.36388e-5 0 1 -0.8660454 0 0.4999654 -0.866029 -1.21911e-6 -0.4999938 0.8660407 1.25932e-6 0.4999735 0.8660227 0 0.5000049 -1.52082e-6 1.4043e-5 1 4.48494e-6 0.8660336 0.4999859 9.98906e-7 0.8660343 0.4999846 4.71548e-6 0.8660361 -0.4999816 2.30787e-6 0.8660318 -0.499989 -1.59107e-7 1.4043e-5 -1 3.54906e-7 4.6445e-6 -1 -4.52219e-6 -0.8660273 -0.4999967 -1.60056e-6 -0.8660314 -0.4999898 -2.87216e-6 -0.8660291 0.4999936 1.21954e-7 4.6445e-6 1 3.49026e-7 1.4043e-5 1 2.19504e-6 0.8660336 0.4999859 3.3882e-6 0.8660343 0.4999846 2.11085e-6 0.8660318 -0.499989 -1.72138e-7 1.4043e-5 -1 0 4.6445e-6 -1 -4.53522e-6 -0.8660273 -0.4999967 -1.81061e-6 -0.8660314 -0.4999898 -2.90794e-6 -0.8660291 0.4999936 0 4.6445e-6 1 1.51164e-5 0 1 0.8660276 0 0.4999963 8.17159e-6 0 1 0.866031 0 0.4999905 0.8660465 0 -0.4999635 0.8660286 0 -0.4999946 4.4364e-5 0 -1 -2.11194e-5 0 -1 -0.8660227 0 -0.5000049 -0.8660407 0 -0.4999735 -0.8660251 0 0.5000005 -0.8660216 0 0.5000066 4.4364e-5 0 1 0.8660287 0 0.4999946 -2.11194e-5 0 1 0.8660465 0 0.4999635 0.8660466 0 -0.4999634 -0.8660407 0 0.4999735 -0.8660227 0 0.5000049 -1.41086e-5 0 1 -0.8660269 0 0.4999974 -7.01048e-6 0 1 -0.8660304 0 0.4999915 -0.866046 0 -0.4999644 -0.866028 0 -0.4999957 -4.33123e-5 0 -1 2.22805e-5 0 -1 0.8660227 0 -0.5000049 0.8660407 0 -0.4999735 0.8660251 0 0.5000005 0.8660216 0 0.5000066 0 -1 -2.07687e-7 0 -1 -2.07693e-7 -4.32451e-5 0 1 -0.8660125 0 0.5000227 2.21702e-5 0 1 -0.8660304 0 0.4999913 -0.8660304 0 -0.4999913 -0.8660123 0 -0.5000227 -4.32451e-5 0 -1 2.21483e-5 0 -1 0.8660071 0 -0.5000317 0.8660252 0 -0.5000004 0.8660252 0 0.5000004 0.8660071 0 0.5000317 0 -1 -2.07693e-7 0 -1 -2.07699e-7 -0.8660337 0 0.4999856 1.79645e-6 0 1 -2.04401e-5 0 1 -0.8660299 0 -0.4999923 -0.8660299 0 0.4999923 -1.27284e-5 0 -1 -0.8660265 0 -0.4999983 0.8660218 0 -0.5000064 -5.91509e-6 0 -1 0 -1 -2.07692e-7 0.8660252 0 0.5000004 0.8660253 0 -0.5000004 0.866029 0 0.4999938 0 1 0 0 1 1.38458e-7 0 1 0 -0.8660333 0 0.4999864 1.64527e-5 0 1 -3.514e-5 0 1 -0.8660221 0 0.5000058 0.8660175 0 0.5000139 0.8660286 0 0.4999946 0 1 0 0 1 0 -0.86603 0 0.4999919 -5.43314e-6 0 1 -1.31885e-5 0 1 -2.00017e-5 0 -1 -0.8660229 0 -0.5000046 0.8660181 0 -0.5000128 1.40209e-6 0 -1 0.8660253 0 0.5000004 0.8660253 0 0.5000001 -2.15147e-6 -0.8660319 0.4999888 1.69451e-7 -1.38459e-5 1 0 -4.6445e-6 1 -3.02861e-6 -0.8660256 -0.5 -4.71549e-6 -0.8660361 0.4999815 -2.48787e-6 -1.38456e-5 -1 -4.71558e-6 -0.8660264 -0.4999986 4.32748e-7 -4.73204e-6 -1 2.19775e-6 0.8660211 -0.5000075 1 3.32305e-6 0 1 1.32922e-5 0 1 3.32307e-6 0 1.7673e-6 0.8660314 0.4999898 3.43139e-6 0.8660213 -0.500007 4.53254e-6 0.8660274 0.4999967 -1 -1.66155e-6 0 -1 1.66174e-6 0 -1 3.32313e-6 0 0.8660337 0 0.4999856 9.2012e-6 0 1 7.03256e-6 0 1 0.8660299 0 -0.4999923 0.8660299 0 0.4999923 1.03624e-5 0 -1 0.8660265 0 -0.4999983 -0.8660229 -1.29968e-6 -0.5000046 5.87127e-6 0 -1 -0.8660318 -1.21905e-6 0.499989 -0.8660253 0 -0.5000002 -0.8660236 0 0.5000033 -2.53628e-6 -0.8660238 0.500003 0 -1.38456e-5 1 1.4492e-7 -4.73204e-6 1 -3.62093e-6 -0.8660296 -0.4999929 -3.41587e-6 -0.866028 0.4999955 0 -1.4021e-5 -1 -2.11615e-6 -0.8660302 -0.4999918 0 -4.73209e-6 -1 2.22853e-6 0.8660251 -0.5000008 2.57063e-6 0.8660231 0.500004 3.9277e-6 0.8660255 -0.4999998 3.36341e-6 0.8660194 0.5000106 -1 3.3232e-6 0 -1 -3.32268e-6 0 0.8660261 0 0.4999991 9.22295e-6 0 1 7.03243e-6 0 1 0.8660378 0 -0.4999787 0.8660221 0 0.5000058 2.50846e-5 0 -1 0.8660269 0 -0.4999974 -0.8660233 -1.29968e-6 -0.5000038 -8.78507e-6 0 -1 -0.8660241 -1.21906e-6 0.5000024 -0.8660331 0 -0.4999868 -0.8660157 0 0.5000168 -3.57102e-6 -0.8660278 0.499996 0 -1.4021e-5 1 -2.8794e-7 -4.73209e-6 1 -3.23606e-6 -0.8660256 -0.5 -2.766e-6 -0.866032 0.4999887 0 -1.38456e-5 -1 -3.41587e-6 -0.8660264 -0.4999986 0 -4.73204e-6 -1 3.39776e-6 0.8660211 -0.5000075 1 3.32297e-6 0 1 2.65837e-5 0 1 -3.32313e-6 0 3.37405e-6 0.8660273 0.4999968 3.12428e-6 0.8660213 -0.500007 2.8037e-6 0.8660233 0.5000039 -1 -1.66152e-6 0 -1 1.66165e-6 0 -1 3.32302e-6 0 0.86603 0 0.4999919 9.24501e-6 0 1 7.0544e-6 0 1 1.76795e-5 0 -1 0.8660229 0 -0.5000046 -0.8660191 -1.29966e-6 -0.5000109 -1.4459e-6 0 -1 -0.8660282 -1.21903e-6 0.4999951 -0.8660253 0 -0.5000002 0 0.8660323 0.4999881 0 1.30353e-5 1 0 5.76181e-6 1 0 0.8660276 -0.4999963 0 0.8660358 0.4999821 0 1.29255e-5 -1 0 0.8660241 -0.5000022 0 -0.8660193 -0.5000106 0 5.84933e-6 -1 0 -0.8660311 0.4999901 0 -0.866023 -0.5000042 0 -0.8660275 0.4999966 1 -3.3231e-6 0 1 -3.32313e-6 0 0 -1 -2.07691e-7 0 1 0 0 1 1.38457e-7 0 1 0 0 0.8660281 0.4999952 0 1.29694e-5 1 0 5.80557e-6 1 0 0.8660318 0.499989 -1 0 0 -1 -6.64611e-6 0 0 -0.866027 0.4999973 0 -0.8660235 0.5000034 1 -3.32304e-6 0 1 -3.32304e-6 0 0 1 0 0 1 0 -1 0 0 -1 -6.64593e-6 0 -1 3.32307e-6 0 -0.8660323 0 0.4999881 -1.28819e-5 0 1 -5.80563e-6 0 1 -0.866027 0 -0.4999973 -0.8660358 0 0.4999822 -1.08662e-5 0 -1 -0.8660244 0 -0.5000017 0.8660198 0 -0.50001 -7.71148e-6 0 -1 0.8660311 0 0.4999902 0.8660224 0 -0.5000055 0.8660275 0 0.4999964 -3.10005e-6 -0.8660319 0.4999888 0 -1.38459e-5 1 0 -4.6445e-6 1 -3.27008e-6 -0.8660256 -0.5 -3.41582e-6 -0.8660361 0.4999815 0 -1.38456e-5 -1 -3.09094e-6 -0.8660264 -0.4999986 0 -4.73204e-6 -1 3.09949e-6 0.8660211 -0.5000075 1 3.32296e-6 0 1 1.32919e-5 0 1 3.32298e-6 0 2.94442e-6 0.8660314 0.4999898 3.22898e-6 0.8660213 -0.500007 3.38654e-6 0.8660274 0.4999967 -1 -1.6615e-6 0 -1 1.66167e-6 0 -1 3.32301e-6 0 0.8660323 0 0.4999881 9.22322e-6 0 1 7.01062e-6 0 1 0.866027 0 -0.4999973 0.8660358 0 0.4999822 8.54398e-6 0 -1 0.8660244 0 -0.5000017 -0.8660209 -1.29966e-6 -0.5000081 7.66766e-6 0 -1 -0.8660304 -1.21903e-6 0.4999914 -0.8660224 0 -0.5000053 -0.8660293 0 0.4999932 1 -3.323e-6 0 1 -3.32303e-6 0 -0.8660275 0 -0.4999965 -1.17863e-5 0 -1 -0.8660244 0 -0.5000017 0.8660197 0 -0.5000099 -6.79136e-6 0 -1 0.8660311 0 0.4999904 0.8660228 0 -0.5000047 -3.17201e-6 -0.8660319 0.4999888 1.57045e-7 -1.38459e-5 1 0 -4.6445e-6 1 -3.183e-6 -0.8660256 -0.5 -3.0909e-6 -0.8660361 0.4999815 0 -1.38456e-5 -1 -3.17217e-6 -0.8660264 -0.4999986 0 -4.73204e-6 -1 3.17169e-6 0.8660211 -0.5000075 1 3.32295e-6 0 1 1.32918e-5 0 1 3.32297e-6 0 3.17113e-6 0.8660314 0.4999898 3.16473e-6 0.8660213 -0.500007 3.24823e-6 0.8660274 0.4999967 -1 1.66166e-6 0 -1 3.323e-6 0 0.8660275 0 -0.4999965 9.46411e-6 0 -1 0.8660244 0 -0.5000017 -0.8660209 -1.29966e-6 -0.5000081 6.74755e-6 0 -1 -0.8660304 -1.21903e-6 0.4999915 -0.8660228 0 -0.5000045 0 1 1.40253e-7 0 1 -2.18634e-7 0 1 -1.94185e-7 0 -1 0 0 -1 0 0 -1 1.46244e-7 0 -1 2.00438e-7 0 -1 0 0 -1 0 1 5.00861e-7 0 1 6.26086e-7 0 1 8.05983e-7 0 0 -1 0 0 -1 0 1 1.14532e-5 2.22326e-6 1 1.59166e-6 3.08968e-7 1 1.30448e-5 2.53222e-6 1 0 0 1 3.62688e-7 0 0 1 -1.87006e-7 0 1 2.1863e-7 0 1 2.58914e-7 -1 -2.66615e-5 3.77921e-7 -1 -3.70517e-6 -4.03558e-6 -1 -3.03667e-5 1.09026e-6 0 -1 -1.94995e-7 0 -1 0 0 -1 0 0 1 -2.00435e-7 0 -1 -2.00434e-7 0 1 2.00438e-7 -1 -2.05395e-7 0 -1 -2.43102e-7 0 -1 -2.03412e-7 0 1 6.35048e-7 0 1 0 0 1 5.17131e-7 0 -1 -1.24356e-7 0 -1 -7.51472e-7 0 -1 -2.96516e-7 0 -1 -2.16972e-7 0 -1 -2.74853e-7 0 1 5.93038e-7 0 1 8.67891e-7 0 1 0 0 0 -1 0 -1 -7.81552e-7 0 0 -1 0 0 1 0 -1 0 0 1 0 0 0 -1 0 1 0 0 0 -1 0 0 1 0 -1 0 0 0 -1 0 -1.5029e-7 0 -1 0 0 1 0 1 -1.27404e-6 0 -1 0 -1 0 6.38492e-7 -1 0 -6.38491e-7 0 1 0 0 1 -1.26913e-6 0 -1 0 -1 0 -6.38492e-7 1 0 6.38492e-7 1 0 -6.38491e-7 0 1 0 0 -1 -8.30719e-7 1 6.64646e-6 0 1 1.66159e-6 0 0 -0.8660293 0.4999935 0 1 8.3073e-7 -1 -6.64646e-6 0 -1 -1.66159e-6 0 1 -2.65858e-5 0 1 3.32233e-6 0 1 3.3218e-6 0 -0.8660438 0 -0.4999682 -4.71543e-6 -0.8660296 0.4999929 -2.11615e-6 -0.8660296 0.4999929 0 -1 -8.30728e-7 0 -1 -8.3079e-7 0 -1 -2.07698e-7 0 -1 -8.30788e-7 0 1 -8.30725e-7 0 1 -8.30757e-7 -1 1.32929e-5 0 -1 -1.99367e-5 0 -1 0 0 1 -6.64622e-6 0 -1 1.32924e-5 0 1 -1.32922e-5 0 0 -1 -2.07697e-7 0 -1 -8.30786e-7 0 1 -8.30725e-7 -1 3.32311e-6 0 1 -1.32919e-5 0 0 1 -8.30752e-7 -1 -6.64591e-6 0 -1 1.32924e-5 0 1 -1.32918e-5 0 -1 0 -4.74792e-6 -1 -2.84776e-7 0 -1 -7.59404e-7 0</float_array>
          <technique_common>
            <accessor source="#Cube_002-mesh-normals-array" count="630" stride="3">
              <param name="X" type="float"/>
              <param name="Y" type="float"/>
              <param name="Z" type="float"/>
            </accessor>
          </technique_common>
        </source>
        <source id="Cube_002-mesh-map-0">
          <float_array id="Cube_002-mesh-map-0-array" count="7372">0.4730457 0.8503506 0.5946005 0.8287587 0.5946005 0.8503506 0.4730457 0.8287587 0.5946005 0.8503506 0.4730457 0.8503506 0.531303 0.8499678 0.509975 0.8291415 0.531303 0.8291415 1.71082 0.6825035 -0.6711094 0.638591 1.71082 0.638591 -0.6707222 0.638591 1.711208 0.6825035 -0.6707223 0.6825036 -0.6757596 0.6825036 1.70617 0.638591 1.70617 0.6825035 1.70617 0.638591 -0.6757605 0.6825036 -0.6757605 0.638591 0.0968573 0.7738654 0.136883 0.7688658 0.1418831 0.7738654 0.1910203 0.7338454 0.1509945 0.7288453 0.1960204 0.7288453 2.152929 0.8754257 -0.2290006 0.8704262 2.152929 0.8704261 -0.2290006 0.8704257 2.152929 0.8754257 -0.2290006 0.8754258 0.136883 0.7688658 0.1418831 0.7288458 0.1418831 0.7738654 0.1960204 0.7738654 0.1910203 0.7338454 0.1960204 0.7288453 0.4752005 0.8291415 0.5924458 0.8499678 0.4752005 0.8499678 0.5924458 0.8291415 0.4752005 0.8499678 0.4752005 0.8291415 1.71082 0.6825035 -0.6709969 0.638591 1.71082 0.638591 -0.6709969 0.638591 1.71082 0.6825035 -0.6709969 0.6825036 -0.6656258 0.6825036 1.716191 0.638591 1.716191 0.6825035 1.70617 0.638591 -0.675647 0.6825036 -0.675647 0.638591 0.1330216 0.7351734 0.1380217 0.7688658 0.1330216 0.7738654 0.1675494 0.7401735 0.1625503 0.7738654 0.1625503 0.7351739 2.152929 0.8754257 -0.2288881 0.8704262 2.152929 0.8704261 -0.2288881 0.8704262 2.152929 0.8754257 -0.2288881 0.8754258 0.1380217 0.7688658 0.1780436 0.7738654 0.1330216 0.7738654 0.2075723 0.7351739 0.1675494 0.7401735 0.1625503 0.7351739 0.4432032 0.8502507 0.5747034 0.8290257 0.5747034 0.8502507 0.2035107 0.7254107 0.2276725 0.7424209 0.2035107 0.7424209 0.4432035 0.8502506 0.574703 0.8290254 0.574703 0.8502506 0.2035107 0.7424209 0.2276725 0.7622919 0.2035107 0.7622919 0.1832525 0.7424209 0.2035107 0.7622919 0.1832525 0.7622919 0.4883173 0.8502346 0.3814516 0.8290867 0.4883173 0.8290867 0.2035107 0.7622919 0.2276725 0.7784838 0.2035107 0.7784838 0.4432032 0.8502511 0.5747033 0.8289865 0.5747033 0.8502511 -0.6282001 0.6832968 1.872679 0.6382662 1.872679 0.6832963 1.872679 0.6382815 -0.6282003 0.6832968 -0.6282003 0.6382815 2.198393 0.6834121 -0.302487 0.6384279 2.198393 0.6384279 -0.302487 0.6384451 2.198393 0.6834121 -0.302487 0.6834121 0.6517255 0.7325443 0.6917569 0.7375439 0.6517255 0.7375439 -0.8253169 0.7232561 1.675562 0.7182565 1.675562 0.7232561 1.675562 0.718257 -0.8253169 0.7232561 -0.8253169 0.718257 0.6967561 0.7775596 0.6917569 0.7375439 0.6967561 0.7325443 1.872679 0.6832968 -0.6282003 0.6382762 1.872679 0.6382762 -0.6282001 0.638281 1.872678 0.6832968 -0.6282001 0.6832968 -0.302487 0.6834121 2.198393 0.6384387 2.198393 0.6834121 2.198393 0.6384451 -0.3024872 0.6834121 -0.3024872 0.6384451 0.7473393 0.7320644 0.7073179 0.7370641 0.7023185 0.7320644 1.675562 0.7232561 -0.8253169 0.7182565 1.675562 0.7182565 -0.8253169 0.718257 1.675562 0.7232561 -0.8253169 0.7232561 0.7073179 0.7370641 0.7023185 0.7770798 0.7023185 0.7320644 1.590288 0.6383907 -0.910589 0.6834141 1.590288 0.6834136 -0.6281993 0.6832968 1.872678 0.6382672 -0.6281993 0.6382676 -0.302487 0.638436 2.198393 0.6834121 2.198393 0.638436 2.198393 0.6834121 -0.302487 0.638429 -0.302487 0.6834121 0.5950514 0.7308421 0.590052 0.7708659 0.5950514 0.7758655 1.675562 0.7182565 -0.8253169 0.7232561 1.675562 0.7232561 -0.8253169 0.7232561 1.675562 0.718257 -0.8253169 0.718257 0.590052 0.7708659 0.5500217 0.7758655 0.5950514 0.7758655 -0.6282003 0.6382734 1.872679 0.6832968 1.872679 0.6382738 1.872679 0.6832968 -0.6282003 0.6382772 -0.6282003 0.6832968 2.198392 0.6384354 -0.3024867 0.6834121 2.198392 0.6834121 -0.302487 0.6834121 2.198393 0.6384397 -0.302487 0.6384397 0.6442799 0.732465 0.6042561 0.7374646 0.6442799 0.7374646 -0.8253169 0.718257 1.675562 0.7232561 1.675562 0.718257 1.675562 0.7232561 -0.8253169 0.718257 -0.8253169 0.7232561 0.5992567 0.7774846 0.6042561 0.7374646 0.5992567 0.732465 0.9969646 0.717451 -0.03162473 0.785694 -0.03162473 0.717451 0.3258912 0.7174374 0.3538554 0.7858296 0.3258912 0.7858296 0.3881525 0.7858296 0.3601883 0.7174373 0.3881525 0.7174373 0.9969645 0.785694 -0.03162473 0.717451 0.9969645 0.717451 0.04815971 0.1391502 1.076748 0.1112472 1.076748 0.1391502 1.074794 0.1112472 0.04620671 0.1391502 0.04620671 0.1112472 0.3852422 0.1415526 0.2311685 0.108512 0.3852421 0.1085124 -0.190136 0.1085222 -0.03606235 0.1415526 -0.190136 0.1415523 0.4144063 0.1416789 0.2603336 0.108648 0.4144063 0.108648 0.1350931 0.1085464 -0.01898026 0.1415526 -0.01898026 0.1085464 -0.03606241 0.1415526 -0.190136 0.1085124 -0.0360623 0.1085124 0.2311685 0.1415526 0.3852421 0.1085225 0.3852422 0.1415526 0.1350931 0.1085215 -0.01898032 0.1415526 -0.01898032 0.1085215 0.4023242 0.1085463 0.5563976 0.1415526 0.4023242 0.1415526 0.2462512 0.7732955 0.2510913 0.7406808 0.2510913 0.7732955 0.2462512 0.7358411 0.2510913 0.7684558 0.2462512 0.7732955 -0.1831687 0.785736 -0.04484122 0.7817678 -0.04484122 0.7857359 -0.04484111 0.7817679 -0.1831687 0.7857359 -0.1831687 0.7817678 0.1876565 0.7732955 0.1828171 0.7345529 0.1876565 0.7297132 0.187357 0.7732955 0.192197 0.734553 0.192197 0.7732955 0.2289634 0.7732955 0.2338035 0.7345517 0.2338035 0.7732955 0.2293117 0.7732955 0.2244717 0.7345517 0.2293117 0.729712 -0.02950489 0.785736 0.1088225 0.7817679 0.1088225 0.785736 0.1088225 0.7817679 -0.02950483 0.785736 -0.02950483 0.7817679 0.2030167 0.7297427 0.2078561 0.7684555 0.2030167 0.7732955 0.2086349 0.7732955 0.2134743 0.7345827 0.2134743 0.7732955 0.3082748 0.1085122 0.1542018 0.1415525 0.1542018 0.108512 0.1542018 0.1415526 0.3082748 0.1085172 0.3082748 0.1415525 -0.005088269 0.1085174 -0.1591653 0.1415526 -0.1591653 0.1085174 -0.1591653 0.1085472 -0.005088269 0.1415526 -0.1591653 0.1415526 0.5755063 0.1415526 0.7295792 0.1085122 0.7295792 0.1415526 0.1542018 0.1085173 0.3082748 0.1415525 0.1542018 0.1415526 0.4162162 0.1415526 0.2621392 0.1085173 0.4162162 0.1085173 -0.005088269 0.1085472 -0.1591653 0.1415526 -0.1591653 0.1085472 0.2030167 0.7358407 0.2078561 0.7684555 0.2030167 0.7732955 0.1646163 0.7406808 0.1597769 0.7732955 0.1597769 0.7358411 0.2643052 0.785736 0.1259783 0.7817678 0.2643052 0.7817679 0.1456646 0.7817678 0.2839915 0.7857359 0.1456646 0.785736 0.2674008 0.7345467 0.2625607 0.7732955 0.2625607 0.729707 0.2839637 0.7732955 0.2791237 0.7345468 0.2839637 0.7297071 0.2468332 0.7732955 0.2419931 0.7345454 0.2468332 0.7297056 0.1404681 0.7684558 0.1453081 0.7297058 0.1453081 0.7732955 -0.08734506 0.785736 -0.2256757 0.781768 -0.08734506 0.781768 -0.2256757 0.781768 -0.08734506 0.785736 -0.2256757 0.785736 0.164615 0.7345827 0.1597756 0.7732955 0.1597756 0.7297427 0.2089831 0.7732955 0.2041438 0.7345824 0.2089831 0.7297427 -0.8560144 0.7323065 -0.978417 0.7356868 -0.978417 0.7323065 -0.8560144 0.7356868 -0.978417 0.7390676 -0.978417 0.7356868 -0.8560144 0.7390676 -0.978417 0.7424484 -0.978417 0.7390676 -0.8560144 0.7424484 -0.978417 0.7458287 -0.978417 0.7424484 -0.8863099 0.7602757 -0.8831294 0.7657846 -0.8863099 0.7712935 -0.8560144 0.7458287 -0.978417 0.7492095 -0.978417 0.7458287 -0.8560144 0.7492095 -0.978417 0.7525902 -0.978417 0.7492095 -0.8676338 0.761 -0.8739946 0.761 -0.8739946 0.7720174 -0.8560144 0.7323065 -0.978417 0.7356868 -0.978417 0.7323065 -0.8560144 0.7356868 -0.978417 0.7390676 -0.978417 0.7356868 -0.8560144 0.7390676 -0.978417 0.7424484 -0.978417 0.7390676 -0.8560144 0.7424484 -0.978417 0.7458287 -0.978417 0.7424484 -0.8863099 0.7602757 -0.8831294 0.7657846 -0.8863099 0.7712935 -0.8560144 0.7458287 -0.978417 0.7492095 -0.978417 0.7458287 -0.8560144 0.7492095 -0.978417 0.7525902 -0.978417 0.7492095 -0.8676338 0.761 -0.8739946 0.761 -0.8739946 0.7720174 -0.8560144 0.7323065 -0.978417 0.7356868 -0.978417 0.7323065 -0.8560144 0.7356868 -0.978417 0.7390676 -0.978417 0.7356868 -0.8560144 0.7390676 -0.978417 0.7424484 -0.978417 0.7390676 -0.8560144 0.7424484 -0.978417 0.7458287 -0.978417 0.7424484 -0.8863099 0.7602757 -0.8831294 0.7657846 -0.8863099 0.7712935 -0.8560144 0.7458287 -0.978417 0.7492095 -0.978417 0.7458287 -0.8560144 0.7492095 -0.978417 0.7525902 -0.978417 0.7492095 -0.8676338 0.761 -0.8739946 0.761 -0.8739946 0.7720174 -0.8560144 0.7323065 -0.978417 0.7356868 -0.978417 0.7323065 -0.8560144 0.7356868 -0.978417 0.7390676 -0.978417 0.7356868 -0.8560144 0.7390676 -0.978417 0.7424484 -0.978417 0.7390676 -0.8560144 0.7424484 -0.978417 0.7458287 -0.978417 0.7424484 -0.8863099 0.7602757 -0.8831294 0.7657846 -0.8863099 0.7712935 -0.8560144 0.7458287 -0.978417 0.7492095 -0.978417 0.7458287 -0.8560144 0.7492095 -0.978417 0.7525902 -0.978417 0.7492095 -0.8676338 0.761 -0.8739946 0.761 -0.8739946 0.7720174 -0.978417 0.7323065 -0.8560144 0.7356868 -0.978417 0.7356868 -0.8560144 0.7356868 -0.978417 0.7390676 -0.978417 0.7356868 -0.8560144 0.7390676 -0.978417 0.7424484 -0.978417 0.7390676 -0.8560144 0.7424484 -0.978417 0.7458287 -0.978417 0.7424484 -0.8863099 0.7602757 -0.8831294 0.7657846 -0.8863099 0.7712935 -0.8560144 0.7458287 -0.978417 0.7492095 -0.978417 0.7458287 -0.978417 0.7492095 -0.8560144 0.7525902 -0.978417 0.7525902 -0.8676338 0.761 -0.8739946 0.761 -0.8739946 0.7720174 -0.978417 0.7323065 -0.8560144 0.7356868 -0.978417 0.7356868 -0.8560144 0.7356868 -0.978417 0.7390676 -0.978417 0.7356868 -0.8560144 0.7390676 -0.978417 0.7424484 -0.978417 0.7390676 -0.8560144 0.7424484 -0.978417 0.7458287 -0.978417 0.7424484 -0.8863099 0.7602757 -0.8831294 0.7657846 -0.8863099 0.7712935 -0.8560144 0.7458287 -0.978417 0.7492095 -0.978417 0.7458287 -0.978417 0.7492095 -0.8560144 0.7525902 -0.978417 0.7525902 -0.8676338 0.761 -0.8739946 0.761 -0.8739946 0.7720174 -0.8560144 0.7323065 -0.978417 0.7356868 -0.978417 0.7323065 -0.8560144 0.7356868 -0.978417 0.7390676 -0.978417 0.7356868 -0.8560144 0.7390676 -0.978417 0.7424484 -0.978417 0.7390676 -0.8560144 0.7424484 -0.978417 0.7458287 -0.978417 0.7424484 -0.8863099 0.7602757 -0.8831294 0.7657846 -0.8863099 0.7712935 -0.8560144 0.7458287 -0.978417 0.7492095 -0.978417 0.7458287 -0.8560144 0.7492095 -0.978417 0.7525902 -0.978417 0.7492095 -0.8676338 0.761 -0.8739946 0.761 -0.8739946 0.7720174 -0.8560144 0.7323065 -0.978417 0.7356868 -0.978417 0.7323065 -0.8560144 0.7356868 -0.978417 0.7390676 -0.978417 0.7356868 -0.8560144 0.7390676 -0.978417 0.7424484 -0.978417 0.7390676 -0.8560144 0.7424484 -0.978417 0.7458287 -0.978417 0.7424484 -0.8863099 0.7602757 -0.8831294 0.7657846 -0.8863099 0.7712935 -0.8560144 0.7458287 -0.978417 0.7492095 -0.978417 0.7458287 -0.8560144 0.7492095 -0.978417 0.7525902 -0.978417 0.7492095 -0.8676338 0.761 -0.8739946 0.761 -0.8739946 0.7720174 -0.8560144 0.7323065 -0.978417 0.7356868 -0.978417 0.7323065 -0.8560144 0.7356868 -0.978417 0.7390676 -0.978417 0.7356868 -0.8560144 0.7390676 -0.978417 0.7424484 -0.978417 0.7390676 -0.8560144 0.7424484 -0.978417 0.7458287 -0.978417 0.7424484 -0.8863099 0.7602757 -0.8831294 0.7657846 -0.8863099 0.7712935 -0.8560144 0.7458287 -0.978417 0.7492095 -0.978417 0.7458287 -0.8560144 0.7492095 -0.978417 0.7525902 -0.978417 0.7492095 -0.8676338 0.761 -0.8739946 0.761 -0.8739946 0.7720174 -0.8560144 0.7323065 -0.978417 0.7356868 -0.978417 0.7323065 -0.8560144 0.7356868 -0.978417 0.7390676 -0.978417 0.7356868 -0.8560144 0.7390676 -0.978417 0.7424484 -0.978417 0.7390676 -0.8560144 0.7424484 -0.978417 0.7458287 -0.978417 0.7424484 -0.8863099 0.7602757 -0.8831294 0.7657846 -0.8863099 0.7712935 -0.8560144 0.7458287 -0.978417 0.7492095 -0.978417 0.7458287 -0.8560144 0.7492095 -0.978417 0.7525902 -0.978417 0.7492095 -0.8676338 0.761 -0.8739946 0.761 -0.8739946 0.7720174 -0.8560144 0.7323065 -0.978417 0.7356868 -0.978417 0.7323065 -0.8560144 0.7356868 -0.978417 0.7390676 -0.978417 0.7356868 -0.978417 0.7390676 -0.8560144 0.7424484 -0.978417 0.7424484 -0.978417 0.7424484 -0.8560144 0.7458287 -0.978417 0.7458287 -0.8863099 0.7602757 -0.8831294 0.7657846 -0.8863099 0.7712935 -0.8560144 0.7458287 -0.978417 0.7492095 -0.978417 0.7458287 -0.8560144 0.7492095 -0.978417 0.7525902 -0.978417 0.7492095 -0.8676338 0.761 -0.8739946 0.761 -0.8739946 0.7720174 -0.8560144 0.7323065 -0.978417 0.7356868 -0.978417 0.7323065 -0.8560144 0.7356868 -0.978417 0.7390676 -0.978417 0.7356868 -0.978417 0.7390676 -0.8560144 0.7424484 -0.978417 0.7424484 -0.978417 0.7424484 -0.8560144 0.7458287 -0.978417 0.7458287 -0.8863099 0.7602757 -0.8831294 0.7657846 -0.8863099 0.7712935 -0.8560144 0.7458287 -0.978417 0.7492095 -0.978417 0.7458287 -0.8560144 0.7492095 -0.978417 0.7525902 -0.978417 0.7492095 -0.8676338 0.761 -0.8739946 0.761 -0.8739946 0.7720174 -0.978417 0.7323065 -0.8560144 0.7356868 -0.978417 0.7356868 -0.8560144 0.7356868 -0.978417 0.7390676 -0.978417 0.7356868 -0.8560144 0.7390676 -0.978417 0.7424484 -0.978417 0.7390676 -0.8560144 0.7424484 -0.978417 0.7458287 -0.978417 0.7424484 -0.8863099 0.7602757 -0.8831294 0.7657846 -0.8863099 0.7712935 -0.8560144 0.7458287 -0.978417 0.7492095 -0.978417 0.7458287 -0.978417 0.7492095 -0.8560144 0.7525902 -0.978417 0.7525902 -0.8676338 0.761 -0.8739946 0.761 -0.8739946 0.7720174 -0.978417 0.7323065 -0.8560144 0.7356868 -0.978417 0.7356868 -0.8560144 0.7356868 -0.978417 0.7390676 -0.978417 0.7356868 -0.8560144 0.7390676 -0.978417 0.7424484 -0.978417 0.7390676 -0.8560144 0.7424484 -0.978417 0.7458287 -0.978417 0.7424484 -0.8863099 0.7602757 -0.8831294 0.7657846 -0.8863099 0.7712935 -0.8560144 0.7458287 -0.978417 0.7492095 -0.978417 0.7458287 -0.978417 0.7492095 -0.8560144 0.7525902 -0.978417 0.7525902 -0.8676338 0.761 -0.8739946 0.761 -0.8739946 0.7720174 -0.8560144 0.7323065 -0.978417 0.7356868 -0.978417 0.7323065 -0.8560144 0.7356868 -0.978417 0.7390676 -0.978417 0.7356868 -0.8560144 0.7390676 -0.978417 0.7424484 -0.978417 0.7390676 -0.8560144 0.7424484 -0.978417 0.7458287 -0.978417 0.7424484 -0.8863099 0.7602757 -0.8831294 0.7657846 -0.8863099 0.7712935 -0.8560144 0.7458287 -0.978417 0.7492095 -0.978417 0.7458287 -0.8560144 0.7492095 -0.978417 0.7525902 -0.978417 0.7492095 -0.8676338 0.761 -0.8739946 0.761 -0.8739946 0.7720174 -0.8560144 0.7323065 -0.978417 0.7356868 -0.978417 0.7323065 -0.8560144 0.7356868 -0.978417 0.7390676 -0.978417 0.7356868 -0.8560144 0.7390676 -0.978417 0.7424484 -0.978417 0.7390676 -0.8560144 0.7424484 -0.978417 0.7458287 -0.978417 0.7424484 -0.8863099 0.7602757 -0.8831294 0.7657846 -0.8863099 0.7712935 -0.8560144 0.7458287 -0.978417 0.7492095 -0.978417 0.7458287 -0.8560144 0.7492095 -0.978417 0.7525902 -0.978417 0.7492095 -0.8676338 0.761 -0.8739946 0.761 -0.8739946 0.7720174 -0.8560144 0.7323065 -0.978417 0.7356868 -0.978417 0.7323065 -0.8560144 0.7356868 -0.978417 0.7390676 -0.978417 0.7356868 -0.8560144 0.7390676 -0.978417 0.7424484 -0.978417 0.7390676 -0.8560144 0.7424484 -0.978417 0.7458287 -0.978417 0.7424484 -0.8863099 0.7602757 -0.8831294 0.7657846 -0.8863099 0.7712935 -0.8560144 0.7458287 -0.978417 0.7492095 -0.978417 0.7458287 -0.8560144 0.7492095 -0.978417 0.7525902 -0.978417 0.7492095 -0.8676338 0.761 -0.8739946 0.761 -0.8739946 0.7720174 -0.8560144 0.7323065 -0.978417 0.7356868 -0.978417 0.7323065 -0.8560144 0.7356868 -0.978417 0.7390676 -0.978417 0.7356868 -0.8560144 0.7390676 -0.978417 0.7424484 -0.978417 0.7390676 -0.8560144 0.7424484 -0.978417 0.7458287 -0.978417 0.7424484 -0.8863099 0.7602757 -0.8831294 0.7657846 -0.8863099 0.7712935 -0.8560144 0.7458287 -0.978417 0.7492095 -0.978417 0.7458287 -0.8560144 0.7492095 -0.978417 0.7525902 -0.978417 0.7492095 -0.8676338 0.761 -0.8739946 0.761 -0.8739946 0.7720174 -0.978417 0.7356868 -0.8560144 0.7323065 -0.978417 0.7323065 -0.978417 0.7390676 -0.8560144 0.7356868 -0.978417 0.7356868 -0.978417 0.7424484 -0.8560144 0.7390676 -0.978417 0.7390676 -0.978417 0.7458287 -0.8560144 0.7424484 -0.978417 0.7424484 -0.8863099 0.7602757 -0.8926706 0.7602757 -0.8958511 0.7657846 -0.978417 0.7492095 -0.8560144 0.7458287 -0.978417 0.7458287 -0.978417 0.7525902 -0.8560144 0.7492095 -0.978417 0.7492095 -0.8739946 0.761 -0.8644533 0.7665089 -0.8739946 0.7720174 -0.978417 0.7356868 -0.8560144 0.7323065 -0.978417 0.7323065 -0.978417 0.7390676 -0.8560144 0.7356868 -0.978417 0.7356868 -0.978417 0.7424484 -0.8560144 0.7390676 -0.978417 0.7390676 -0.978417 0.7458287 -0.8560144 0.7424484 -0.978417 0.7424484 -0.8863099 0.7602757 -0.8926706 0.7602757 -0.8958511 0.7657846 -0.978417 0.7492095 -0.8560144 0.7458287 -0.978417 0.7458287 -0.978417 0.7525902 -0.8560144 0.7492095 -0.978417 0.7492095 -0.8739946 0.761 -0.8644533 0.7665089 -0.8739946 0.7720174 -0.978417 0.7356868 -0.8560144 0.7323065 -0.978417 0.7323065 -0.978417 0.7390676 -0.8560144 0.7356868 -0.978417 0.7356868 -0.978417 0.7424484 -0.8560144 0.7390676 -0.978417 0.7390676 -0.978417 0.7458287 -0.8560144 0.7424484 -0.978417 0.7424484 -0.8863099 0.7602757 -0.8926706 0.7602757 -0.8958511 0.7657846 -0.978417 0.7492095 -0.8560144 0.7458287 -0.978417 0.7458287 -0.978417 0.7525902 -0.8560144 0.7492095 -0.978417 0.7492095 -0.8739946 0.761 -0.8644533 0.7665089 -0.8739946 0.7720174 -0.978417 0.7356868 -0.8560144 0.7323065 -0.978417 0.7323065 -0.978417 0.7390676 -0.8560144 0.7356868 -0.978417 0.7356868 -0.978417 0.7390676 -0.8560144 0.7424484 -0.8560144 0.7390676 -0.978417 0.7424484 -0.8560144 0.7458287 -0.8560144 0.7424484 -0.8863099 0.7602757 -0.8926706 0.7602757 -0.8958511 0.7657846 -0.978417 0.7492095 -0.8560144 0.7458287 -0.978417 0.7458287 -0.978417 0.7525902 -0.8560144 0.7492095 -0.978417 0.7492095 -0.8739946 0.761 -0.8644533 0.7665089 -0.8739946 0.7720174 -0.978417 0.7356868 -0.8560144 0.7323065 -0.978417 0.7323065 -0.978417 0.7390676 -0.8560144 0.7356868 -0.978417 0.7356868 -0.978417 0.7424484 -0.8560144 0.7390676 -0.978417 0.7390676 -0.978417 0.7458287 -0.8560144 0.7424484 -0.978417 0.7424484 -0.8863099 0.7602757 -0.8926706 0.7602757 -0.8958511 0.7657846 -0.978417 0.7492095 -0.8560144 0.7458287 -0.978417 0.7458287 -0.978417 0.7492095 -0.8560144 0.7525902 -0.8560144 0.7492095 -0.8644533 0.7665089 -0.8676338 0.7720174 -0.8739946 0.7720174 -0.978417 0.7356868 -0.8560144 0.7323065 -0.978417 0.7323065 -0.978417 0.7390676 -0.8560144 0.7356868 -0.978417 0.7356868 -0.978417 0.7390676 -0.8560144 0.7424484 -0.8560144 0.7390676 -0.978417 0.7424484 -0.8560144 0.7458287 -0.8560144 0.7424484 -0.8863099 0.7712935 -0.8863099 0.7602757 -0.8958511 0.7657846 -0.978417 0.7492095 -0.8560144 0.7458287 -0.978417 0.7458287 -0.978417 0.7525902 -0.8560144 0.7492095 -0.978417 0.7492095 -0.8676338 0.7720174 -0.8739946 0.7720174 -0.8739946 0.761 -0.978417 0.7356868 -0.8560144 0.7323065 -0.978417 0.7323065 -0.978417 0.7390676 -0.8560144 0.7356868 -0.978417 0.7356868 -0.978417 0.7424484 -0.8560144 0.7390676 -0.978417 0.7390676 -0.978417 0.7458287 -0.8560144 0.7424484 -0.978417 0.7424484 -0.8863099 0.7712935 -0.8863099 0.7602757 -0.8958511 0.7657846 -0.978417 0.7492095 -0.8560144 0.7458287 -0.978417 0.7458287 -0.978417 0.7492095 -0.8560144 0.7525902 -0.8560144 0.7492095 -0.8676338 0.7720174 -0.8739946 0.7720174 -0.8739946 0.761 -0.978417 0.7356868 -0.8560144 0.7323065 -0.978417 0.7323065 -0.978417 0.7390676 -0.8560144 0.7356868 -0.978417 0.7356868 -0.978417 0.7390676 -0.8560144 0.7424484 -0.8560144 0.7390676 -0.978417 0.7424484 -0.8560144 0.7458287 -0.8560144 0.7424484 -0.8863099 0.7602757 -0.8926706 0.7602757 -0.8958511 0.7657846 -0.978417 0.7492095 -0.8560144 0.7458287 -0.978417 0.7458287 -0.978417 0.7525902 -0.8560144 0.7492095 -0.978417 0.7492095 -0.8739946 0.761 -0.8644533 0.7665089 -0.8739946 0.7720174 -0.978417 0.7356868 -0.8560144 0.7323065 -0.978417 0.7323065 -0.978417 0.7390676 -0.8560144 0.7356868 -0.978417 0.7356868 -0.978417 0.7424484 -0.8560144 0.7390676 -0.978417 0.7390676 -0.978417 0.7458287 -0.8560144 0.7424484 -0.978417 0.7424484 -0.8863099 0.7602757 -0.8926706 0.7602757 -0.8958511 0.7657846 -0.978417 0.7492095 -0.8560144 0.7458287 -0.978417 0.7458287 -0.978417 0.7492095 -0.8560144 0.7525902 -0.8560144 0.7492095 -0.8644533 0.7665089 -0.8676338 0.7720174 -0.8739946 0.7720174 -0.978417 0.7356868 -0.8560144 0.7323065 -0.978417 0.7323065 -0.978417 0.7390676 -0.8560144 0.7356868 -0.978417 0.7356868 -0.978417 0.7424484 -0.8560144 0.7390676 -0.978417 0.7390676 -0.978417 0.7458287 -0.8560144 0.7424484 -0.978417 0.7424484 -0.8863099 0.7602757 -0.8926706 0.7602757 -0.8958511 0.7657846 -0.978417 0.7492095 -0.8560144 0.7458287 -0.978417 0.7458287 -0.978417 0.7525902 -0.8560144 0.7492095 -0.978417 0.7492095 -0.8739946 0.761 -0.8644533 0.7665089 -0.8739946 0.7720174 -0.978417 0.7356868 -0.8560144 0.7323065 -0.978417 0.7323065 -0.978417 0.7390676 -0.8560144 0.7356868 -0.978417 0.7356868 -0.978417 0.7424484 -0.8560144 0.7390676 -0.978417 0.7390676 -0.978417 0.7458287 -0.8560144 0.7424484 -0.978417 0.7424484 -0.8863099 0.7602757 -0.8926706 0.7602757 -0.8958511 0.7657846 -0.978417 0.7492095 -0.8560144 0.7458287 -0.978417 0.7458287 -0.978417 0.7525902 -0.8560144 0.7492095 -0.978417 0.7492095 -0.8739946 0.761 -0.8644533 0.7665089 -0.8739946 0.7720174 -0.978417 0.7356868 -0.8560144 0.7323065 -0.978417 0.7323065 -0.978417 0.7390676 -0.8560144 0.7356868 -0.978417 0.7356868 -0.978417 0.7424484 -0.8560144 0.7390676 -0.978417 0.7390676 -0.978417 0.7458287 -0.8560144 0.7424484 -0.978417 0.7424484 -0.8863099 0.7602757 -0.8926706 0.7602757 -0.8958511 0.7657846 -0.978417 0.7492095 -0.8560144 0.7458287 -0.978417 0.7458287 -0.978417 0.7525902 -0.8560144 0.7492095 -0.978417 0.7492095 -0.8739946 0.761 -0.8644533 0.7665089 -0.8739946 0.7720174 -0.978417 0.7356868 -0.8560144 0.7323065 -0.978417 0.7323065 -0.978417 0.7390676 -0.8560144 0.7356868 -0.978417 0.7356868 -0.978417 0.7424484 -0.8560144 0.7390676 -0.978417 0.7390676 -0.978417 0.7458287 -0.8560144 0.7424484 -0.978417 0.7424484 -0.8863099 0.7602757 -0.8926706 0.7602757 -0.8958511 0.7657846 -0.978417 0.7492095 -0.8560144 0.7458287 -0.978417 0.7458287 -0.978417 0.7525902 -0.8560144 0.7492095 -0.978417 0.7492095 -0.8739946 0.761 -0.8644533 0.7665089 -0.8739946 0.7720174 -0.978417 0.7356868 -0.8560144 0.7323065 -0.978417 0.7323065 -0.978417 0.7390676 -0.8560144 0.7356868 -0.978417 0.7356868 -0.978417 0.7424484 -0.8560144 0.7390676 -0.978417 0.7390676 -0.978417 0.7458287 -0.8560144 0.7424484 -0.978417 0.7424484 -0.8863099 0.7602757 -0.8926706 0.7602757 -0.8958511 0.7657846 -0.978417 0.7492095 -0.8560144 0.7458287 -0.978417 0.7458287 -0.978417 0.7525902 -0.8560144 0.7492095 -0.978417 0.7492095 -0.8739946 0.761 -0.8644533 0.7665089 -0.8739946 0.7720174 -0.978417 0.7356868 -0.8560144 0.7323065 -0.978417 0.7323065 -0.978417 0.7390676 -0.8560144 0.7356868 -0.978417 0.7356868 -0.978417 0.7424484 -0.8560144 0.7390676 -0.978417 0.7390676 -0.978417 0.7458287 -0.8560144 0.7424484 -0.978417 0.7424484 -0.8863099 0.7602757 -0.8926706 0.7602757 -0.8958511 0.7657846 -0.978417 0.7492095 -0.8560144 0.7458287 -0.978417 0.7458287 -0.978417 0.7525902 -0.8560144 0.7492095 -0.978417 0.7492095 -0.8739946 0.761 -0.8644533 0.7665089 -0.8739946 0.7720174 -0.978417 0.7356868 -0.8560144 0.7323065 -0.978417 0.7323065 -0.978417 0.7390676 -0.8560144 0.7356868 -0.978417 0.7356868 -0.978417 0.7424484 -0.8560144 0.7390676 -0.978417 0.7390676 -0.978417 0.7458287 -0.8560144 0.7424484 -0.978417 0.7424484 -0.8863099 0.7602757 -0.8926706 0.7602757 -0.8958511 0.7657846 -0.978417 0.7492095 -0.8560144 0.7458287 -0.978417 0.7458287 -0.978417 0.7525902 -0.8560144 0.7492095 -0.978417 0.7492095 -0.8739946 0.761 -0.8644533 0.7665089 -0.8739946 0.7720174 -0.978417 0.7356868 -0.8560144 0.7323065 -0.978417 0.7323065 -0.978417 0.7390676 -0.8560144 0.7356868 -0.978417 0.7356868 -0.978417 0.7390676 -0.8560144 0.7424484 -0.8560144 0.7390676 -0.978417 0.7424484 -0.8560144 0.7458287 -0.8560144 0.7424484 -0.8863099 0.7602757 -0.8926706 0.7602757 -0.8958511 0.7657846 -0.978417 0.7492095 -0.8560144 0.7458287 -0.978417 0.7458287 -0.978417 0.7525902 -0.8560144 0.7492095 -0.978417 0.7492095 -0.8739946 0.761 -0.8644533 0.7665089 -0.8739946 0.7720174 -0.978417 0.7356868 -0.8560144 0.7323065 -0.978417 0.7323065 -0.978417 0.7390676 -0.8560144 0.7356868 -0.978417 0.7356868 -0.978417 0.7424484 -0.8560144 0.7390676 -0.978417 0.7390676 -0.978417 0.7458287 -0.8560144 0.7424484 -0.978417 0.7424484 -0.8863099 0.7602757 -0.8926706 0.7602757 -0.8958511 0.7657846 -0.978417 0.7492095 -0.8560144 0.7458287 -0.978417 0.7458287 -0.978417 0.7492095 -0.8560144 0.7525902 -0.8560144 0.7492095 -0.8644533 0.7665089 -0.8676338 0.7720174 -0.8739946 0.7720174 -0.978417 0.7356868 -0.8560144 0.7323065 -0.978417 0.7323065 -0.978417 0.7390676 -0.8560144 0.7356868 -0.978417 0.7356868 -0.978417 0.7424484 -0.8560144 0.7390676 -0.978417 0.7390676 -0.978417 0.7458287 -0.8560144 0.7424484 -0.978417 0.7424484 -0.8863099 0.7602757 -0.8926706 0.7602757 -0.8958511 0.7657846 -0.978417 0.7492095 -0.8560144 0.7458287 -0.978417 0.7458287 -0.978417 0.7525902 -0.8560144 0.7492095 -0.978417 0.7492095 -0.8739946 0.761 -0.8644533 0.7665089 -0.8739946 0.7720174 -0.978417 0.7356868 -0.8560144 0.7323065 -0.978417 0.7323065 -0.978417 0.7390676 -0.8560144 0.7356868 -0.978417 0.7356868 -0.978417 0.7424484 -0.8560144 0.7390676 -0.978417 0.7390676 -0.978417 0.7458287 -0.8560144 0.7424484 -0.978417 0.7424484 -0.8863099 0.7602757 -0.8926706 0.7602757 -0.8958511 0.7657846 -0.978417 0.7492095 -0.8560144 0.7458287 -0.978417 0.7458287 -0.978417 0.7525902 -0.8560144 0.7492095 -0.978417 0.7492095 -0.8739946 0.761 -0.8644533 0.7665089 -0.8739946 0.7720174 -0.978417 0.7356868 -0.8560144 0.7323065 -0.978417 0.7323065 -0.978417 0.7390676 -0.8560144 0.7356868 -0.978417 0.7356868 -0.978417 0.7424484 -0.8560144 0.7390676 -0.978417 0.7390676 -0.978417 0.7458287 -0.8560144 0.7424484 -0.978417 0.7424484 -0.8863099 0.7602757 -0.8926706 0.7602757 -0.8958511 0.7657846 -0.978417 0.7492095 -0.8560144 0.7458287 -0.978417 0.7458287 -0.978417 0.7525902 -0.8560144 0.7492095 -0.978417 0.7492095 -0.8739946 0.761 -0.8644533 0.7665089 -0.8739946 0.7720174 -0.978417 0.7356868 -0.8560144 0.7323065 -0.978417 0.7323065 -0.978417 0.7390676 -0.8560144 0.7356868 -0.978417 0.7356868 -0.978417 0.7390676 -0.8560144 0.7424484 -0.8560144 0.7390676 -0.978417 0.7424484 -0.8560144 0.7458287 -0.8560144 0.7424484 -0.8863099 0.7602757 -0.8926706 0.7602757 -0.8958511 0.7657846 -0.978417 0.7492095 -0.8560144 0.7458287 -0.978417 0.7458287 -0.978417 0.7525902 -0.8560144 0.7492095 -0.978417 0.7492095 -0.8739946 0.761 -0.8644533 0.7665089 -0.8739946 0.7720174 -0.978417 0.7356868 -0.8560144 0.7323065 -0.978417 0.7323065 -0.978417 0.7390676 -0.8560144 0.7356868 -0.978417 0.7356868 -0.978417 0.7424484 -0.8560144 0.7390676 -0.978417 0.7390676 -0.978417 0.7458287 -0.8560144 0.7424484 -0.978417 0.7424484 -0.8863099 0.7602757 -0.8926706 0.7602757 -0.8958511 0.7657846 -0.978417 0.7492095 -0.8560144 0.7458287 -0.978417 0.7458287 -0.978417 0.7492095 -0.8560144 0.7525902 -0.8560144 0.7492095 -0.8644533 0.7665089 -0.8676338 0.7720174 -0.8739946 0.7720174 -0.978417 0.7356868 -0.8560144 0.7323065 -0.978417 0.7323065 -0.978417 0.7390676 -0.8560144 0.7356868 -0.978417 0.7356868 -0.978417 0.7424484 -0.8560144 0.7390676 -0.978417 0.7390676 -0.978417 0.7458287 -0.8560144 0.7424484 -0.978417 0.7424484 -0.8863099 0.7602757 -0.8926706 0.7602757 -0.8958511 0.7657846 -0.978417 0.7492095 -0.8560144 0.7458287 -0.978417 0.7458287 -0.978417 0.7525902 -0.8560144 0.7492095 -0.978417 0.7492095 -0.8739946 0.761 -0.8644533 0.7665089 -0.8739946 0.7720174 -0.978417 0.7356868 -0.8560144 0.7323065 -0.978417 0.7323065 -0.978417 0.7390676 -0.8560144 0.7356868 -0.978417 0.7356868 -0.978417 0.7424484 -0.8560144 0.7390676 -0.978417 0.7390676 -0.978417 0.7458287 -0.8560144 0.7424484 -0.978417 0.7424484 -0.8863099 0.7602757 -0.8926706 0.7602757 -0.8958511 0.7657846 -0.978417 0.7492095 -0.8560144 0.7458287 -0.978417 0.7458287 -0.978417 0.7525902 -0.8560144 0.7492095 -0.978417 0.7492095 -0.8739946 0.761 -0.8644533 0.7665089 -0.8739946 0.7720174 0.5434448 0.6447688 0.07612067 0.586693 0.5434448 0.5866929 0.07612085 0.5286169 0.5434442 0.5866929 0.07612085 0.5866929 0.5434442 0.4418491 0.07612085 0.3985403 0.5434442 0.3985402 0.07612085 0.3552311 0.5434442 0.39854 0.07612085 0.39854 0.9996297 1.002949 0.000158817 -0.004180669 0.9996297 -0.004180669 0.9996297 1.002949 0.000158817 -0.00418055 0.9996297 -0.004180669 0.03145205 0.2481995 0.001559257 0.1893185 0.03145205 0.1893185 0.3834093 0.2481995 0.3506423 0.1893185 0.3834092 0.1893185 0.4818928 0.2481995 0.455999 0.1893185 0.4818927 0.1893185 0.0735802 0.6391562 -0.06618607 0.6819927 -0.06618618 0.6391562 0.1859757 0.8309744 -0.06232261 0.8484789 -0.04518914 0.8309744 -0.2844523 0.8485549 -0.2670267 0.8309744 -0.07595461 0.8309744 1.239737 0.8309744 1.488035 0.8485847 1.222604 0.8485847 0.2015387 0.5132573 0.1402221 0.4369515 0.2015387 0.4369513 1.048002 0.8309744 1.2565 0.8485845 1.030274 0.8485845 -0.2351251 0.8309744 -0.04405295 0.8309744 -0.02662736 0.8484454 0.1890581 0.6391562 0.07358032 0.6819927 0.0735802 0.6391562 0.1402221 0.5132573 0.2015387 0.4369515 0.2015387 0.5132573 0.3288246 0.6819927 0.4443024 0.6391561 0.4443024 0.6819927 0.2404391 0.8484666 0.471603 0.8310353 0.4716051 0.8484666 1.237628 0.8484666 1.468793 0.8310353 1.468793 0.8484666 0.1980801 0.6391562 0.3198023 0.6819927 0.1980788 0.6819927 0.9062748 0.6819379 0.6861445 0.639215 0.9062748 0.639215 0.5737422 0.6392151 0.3446139 0.6819379 0.3446139 0.6392151 0.5737422 0.6392151 0.7131378 0.6819379 0.5737422 0.6819379 0.7131378 0.6819379 0.9422661 0.639215 0.9422661 0.6819379 -0.6791753 0.8309744 -0.9322955 0.8484789 -0.9148298 0.8309744 0.3446139 0.6392151 0.5647444 0.6819379 0.3446139 0.6819379 0.6037114 0.8309744 0.350591 0.8485847 0.3680568 0.8309744 0.5647444 0.6392151 0.6861445 0.6819379 0.5647444 0.6819379 -0.6791684 0.8309744 -0.2528538 0.8484454 -0.6965938 0.8484454 -0.9148359 0.8309744 -1.34115 0.8483846 -1.34115 0.8309744 0.3680887 0.8309744 -0.05822587 0.8485549 -0.05822587 0.8309744 0.6039587 0.8309744 1.030274 0.8485845 0.5865333 0.8485847 -1.567377 0.8483846 -1.549951 0.8309744 -1.358879 0.8309744 0.03145205 0.2481995 0.001559257 0.1893185 0.03145205 0.1893185 0.3834093 0.2481995 0.3506423 0.1893185 0.3834092 0.1893185 0.4818928 0.2481995 0.455999 0.1893185 0.4818927 0.1893185 1.204452 0.850379 1.133689 0.8295594 1.204452 0.8295594 1.133689 0.850379 1.102174 0.8295594 1.133689 0.8295594 1.102174 0.850379 1.03141 0.8295594 1.102174 0.8295594 1.03141 0.850379 0.9998954 0.8295594 1.03141 0.8295594 0.6783821 0.7298661 0.6974105 0.7720897 0.6783822 0.7720897 0.8949403 0.850379 0.8261137 0.8295594 0.8949403 0.8295594 0.8261137 0.850379 0.7563672 0.8295594 0.8261137 0.8295594 0.7563672 0.850379 0.6875404 0.8295594 0.7563672 0.8295594 0.6875404 0.850379 0.617794 0.8295594 0.6875404 0.8295594 0.6275262 0.729877 0.6703457 0.7722083 0.6275262 0.7722083 0.6668595 -0.7723739 0.77735 -0.3154747 0.6668595 -0.3154747 0.4187632 -0.7723739 0.6668595 -0.3154747 0.4187632 -0.3154747 0.3082725 -0.7723739 0.4187632 -0.3154747 0.3082725 -0.3154747 0.06017625 -0.7723739 0.3082725 -0.3154747 0.06017625 -0.3154747 0.7469213 0.8996426 0.9983325 1.356542 0.7469213 1.356542 0.4988253 0.8996426 0.7469213 1.356542 0.4988253 1.356542 0.247414 0.8996426 0.4988253 1.356542 0.247414 1.356542 -0.000681877 0.8996426 0.247414 1.356542 -0.000681877 1.356542 0.4164468 0.2481995 0.3904322 0.1893185 0.4164468 0.1893185 0.2649143 0.2481995 0.2490535 0.1893185 0.2649143 0.1893185 0.1813737 0.2481995 0.1575788 0.1893185 0.1813737 0.1893185 0.4501761 0.2481995 0.4224193 0.1893185 0.4501761 0.1893186 0.4164468 0.2481995 0.3904322 0.1893185 0.4164468 0.1893185 0.2649143 0.2481995 0.2490535 0.1893185 0.2649143 0.1893185 0.1813737 0.2481995 0.1575788 0.1893185 0.1813737 0.1893185 0.4501761 0.2481995 0.4224193 0.1893185 0.4501761 0.1893186 0.9605767 0.268594 0.6426692 0.02627187 0.9605929 0.02631807 0.9605767 0.268176 0.6426684 0.02714782 0.960592 0.02719354 0.4730457 0.8503506 0.4730457 0.8287587 0.5946005 0.8287587 0.4730457 0.8287587 0.5946005 0.8287587 0.5946005 0.8503506 0.531303 0.8499678 0.509975 0.8499678 0.509975 0.8291415 1.71082 0.6825035 -0.6711094 0.6825036 -0.6711094 0.638591 -0.6707222 0.638591 1.711208 0.638591 1.711208 0.6825035 -0.6757596 0.6825036 -0.6757595 0.638591 1.70617 0.638591 1.70617 0.638591 1.70617 0.6825035 -0.6757605 0.6825036 0.0968573 0.7738654 0.0968573 0.7688658 0.136883 0.7688658 0.1910203 0.7338454 0.1509945 0.7338454 0.1509945 0.7288453 2.152929 0.8754257 -0.2290006 0.8754258 -0.2290006 0.8704262 -0.2290006 0.8704257 2.152929 0.8704256 2.152929 0.8754257 0.136883 0.7688658 0.136883 0.7288458 0.1418831 0.7288458 0.1960204 0.7738654 0.1910203 0.7738654 0.1910203 0.7338454 0.4752005 0.8291415 0.5924458 0.8291415 0.5924458 0.8499678 0.5924458 0.8291415 0.5924458 0.8499678 0.4752005 0.8499678 1.71082 0.6825035 -0.6709969 0.6825036 -0.6709969 0.638591 -0.6709969 0.638591 1.71082 0.638591 1.71082 0.6825035 -0.6656258 0.6825036 -0.6656258 0.638591 1.716191 0.638591 1.70617 0.638591 1.70617 0.6825035 -0.675647 0.6825036 0.1330216 0.7351734 0.1380217 0.7351734 0.1380217 0.7688658 0.1675494 0.7401735 0.1675494 0.7738654 0.1625503 0.7738654 2.152929 0.8754257 -0.2288881 0.8754258 -0.2288881 0.8704262 -0.2288881 0.8704262 2.152929 0.8704261 2.152929 0.8754257 0.1380217 0.7688658 0.1780436 0.7688658 0.1780436 0.7738654 0.2075723 0.7351739 0.2075723 0.7401735 0.1675494 0.7401735 0.4432032 0.8502507 0.4432032 0.8290257 0.5747034 0.8290257 0.2035107 0.7254107 0.2276725 0.7254107 0.2276725 0.7424209 0.4432035 0.8502506 0.4432035 0.8290254 0.574703 0.8290254 0.2035107 0.7424209 0.2276725 0.7424209 0.2276725 0.7622919 0.1832525 0.7424209 0.2035107 0.7424209 0.2035107 0.7622919 0.4883173 0.8502346 0.3814516 0.8502346 0.3814516 0.8290867 0.2035107 0.7622919 0.2276725 0.7622919 0.2276725 0.7784838 0.4432032 0.8502511 0.4432032 0.8289865 0.5747033 0.8289865 -0.6282001 0.6832968 -0.6282001 0.6382662 1.872679 0.6382662 1.872679 0.6382815 1.872679 0.6832968 -0.6282003 0.6832968 2.198393 0.6834121 -0.302487 0.6834121 -0.302487 0.6384279 -0.302487 0.6384451 2.198393 0.6384451 2.198393 0.6834121 0.6517255 0.7325443 0.6967561 0.7325443 0.6917569 0.7375439 -0.8253169 0.7232561 -0.8253169 0.7182565 1.675562 0.7182565 1.675562 0.718257 1.675562 0.7232561 -0.8253169 0.7232561 0.6967561 0.7775596 0.6917569 0.7775596 0.6917569 0.7375439 1.872679 0.6832968 -0.6282003 0.6832968 -0.6282003 0.6382762 -0.6282001 0.638281 1.872678 0.638281 1.872678 0.6832968 -0.302487 0.6834121 -0.302487 0.6384387 2.198393 0.6384387 2.198393 0.6384451 2.198393 0.6834121 -0.3024872 0.6834121 0.7473393 0.7320644 0.7473393 0.7370641 0.7073179 0.7370641 1.675562 0.7232561 -0.8253169 0.7232561 -0.8253169 0.7182565 -0.8253169 0.718257 1.675562 0.718257 1.675562 0.7232561 0.7073179 0.7370641 0.7073179 0.7770798 0.7023185 0.7770798 1.590288 0.6383907 -0.910589 0.6383907 -0.910589 0.6834141 -0.6281993 0.6832968 1.872678 0.6832968 1.872678 0.6382672 -0.302487 0.638436 -0.302487 0.6834121 2.198393 0.6834121 2.198393 0.6834121 2.198393 0.638429 -0.302487 0.638429 0.5950514 0.7308421 0.590052 0.7308421 0.590052 0.7708659 1.675562 0.7182565 -0.8253169 0.7182565 -0.8253169 0.7232561 -0.8253169 0.7232561 1.675562 0.7232561 1.675562 0.718257 0.590052 0.7708659 0.5500217 0.7708659 0.5500217 0.7758655 -0.6282003 0.6382734 -0.6282003 0.6832968 1.872679 0.6832968 1.872679 0.6832968 1.872679 0.6382772 -0.6282003 0.6382772 2.198392 0.6384354 -0.3024867 0.6384354 -0.3024867 0.6834121 -0.302487 0.6834121 2.198393 0.6834121 2.198393 0.6384397 0.6442799 0.732465 0.5992567 0.732465 0.6042561 0.7374646 -0.8253169 0.718257 -0.8253169 0.7232561 1.675562 0.7232561 1.675562 0.7232561 1.675562 0.718257 -0.8253169 0.718257 0.5992567 0.7774846 0.6042561 0.7774846 0.6042561 0.7374646 0.9969646 0.717451 0.9969646 0.7856938 -0.03162473 0.785694 0.3258912 0.7174374 0.3538554 0.7174374 0.3538554 0.7858296 0.3881525 0.7858296 0.3601883 0.7858296 0.3601883 0.7174373 0.9969645 0.785694 -0.03162473 0.785694 -0.03162473 0.717451 0.04815971 0.1391502 0.04815971 0.1112472 1.076748 0.1112472 1.074794 0.1112472 1.074794 0.1391502 0.04620671 0.1391502 0.3852422 0.1415526 0.2311685 0.1415523 0.2311685 0.108512 -0.190136 0.1085222 -0.0360623 0.1085225 -0.03606235 0.1415526 0.4144063 0.1416789 0.2603336 0.1416789 0.2603336 0.108648 0.1350931 0.1085464 0.1350931 0.1415526 -0.01898026 0.1415526 -0.03606241 0.1415526 -0.190136 0.1415526 -0.190136 0.1085124 0.2311685 0.1415526 0.2311685 0.1085225 0.3852421 0.1085225 0.1350931 0.1085215 0.1350931 0.1415526 -0.01898032 0.1415526 0.4023242 0.1085463 0.5563976 0.1085463 0.5563976 0.1415526 0.2462512 0.7732955 0.2462512 0.7358411 0.2510913 0.7406808 0.2462512 0.7358411 0.2510913 0.7358411 0.2510913 0.7684558 -0.1831687 0.785736 -0.1831687 0.7817679 -0.04484122 0.7817678 -0.04484111 0.7817679 -0.04484122 0.785736 -0.1831687 0.7857359 0.1876565 0.7732955 0.1828171 0.7732955 0.1828171 0.7345529 0.187357 0.7732955 0.187357 0.7297131 0.192197 0.734553 0.2289634 0.7732955 0.2289634 0.729712 0.2338035 0.7345517 0.2293117 0.7732955 0.2244717 0.7732955 0.2244717 0.7345517 -0.02950489 0.785736 -0.02950489 0.7817679 0.1088225 0.7817679 0.1088225 0.7817679 0.1088225 0.785736 -0.02950483 0.785736 0.2030167 0.7297427 0.2078561 0.7297427 0.2078561 0.7684555 0.2086349 0.7732955 0.2086349 0.7297427 0.2134743 0.7345827 0.3082748 0.1085122 0.3082748 0.1415526 0.1542018 0.1415525 0.1542018 0.1415526 0.1542018 0.1085174 0.3082748 0.1085172 -0.005088269 0.1085174 -0.005088269 0.1415526 -0.1591653 0.1415526 -0.1591653 0.1085472 -0.005088269 0.1085472 -0.005088269 0.1415526 0.5755063 0.1415526 0.5755063 0.1085121 0.7295792 0.1085122 0.1542018 0.1085173 0.3082748 0.1085173 0.3082748 0.1415525 0.4162162 0.1415526 0.2621392 0.1415526 0.2621392 0.1085173 -0.005088269 0.1085472 -0.005088269 0.1415526 -0.1591653 0.1415526 0.2030167 0.7358407 0.2078561 0.7358407 0.2078561 0.7684555 0.1646163 0.7406808 0.1646163 0.7732955 0.1597769 0.7732955 0.2643052 0.785736 0.1259783 0.7857359 0.1259783 0.7817678 0.1456646 0.7817678 0.2839915 0.7817677 0.2839915 0.7857359 0.2674008 0.7345467 0.2674008 0.7732955 0.2625607 0.7732955 0.2839637 0.7732955 0.2791237 0.7732955 0.2791237 0.7345468 0.2468332 0.7732955 0.2419931 0.7732955 0.2419931 0.7345454 0.1404681 0.7684558 0.1404681 0.7297058 0.1453081 0.7297058 -0.08734506 0.785736 -0.2256757 0.785736 -0.2256757 0.781768 -0.2256757 0.781768 -0.08734506 0.781768 -0.08734506 0.785736 0.164615 0.7345827 0.164615 0.7732955 0.1597756 0.7732955 0.2089831 0.7732955 0.2041438 0.7732955 0.2041438 0.7345824 -0.8560144 0.7323065 -0.8560144 0.7356868 -0.978417 0.7356868 -0.8560144 0.7356868 -0.8560144 0.7390676 -0.978417 0.7390676 -0.8560144 0.7390676 -0.8560144 0.7424484 -0.978417 0.7424484 -0.8560144 0.7424484 -0.8560144 0.7458287 -0.978417 0.7458287 -0.8863099 0.7712935 -0.8926706 0.7712935 -0.8958511 0.7657846 -0.8958511 0.7657846 -0.8926706 0.7602757 -0.8863099 0.7712935 -0.8926706 0.7602757 -0.8863099 0.7602757 -0.8863099 0.7712935 -0.8560144 0.7458287 -0.8560144 0.7492095 -0.978417 0.7492095 -0.8560144 0.7492095 -0.8560144 0.7525902 -0.978417 0.7525902 -0.8739946 0.761 -0.8771751 0.7665089 -0.8739946 0.7720174 -0.8739946 0.7720174 -0.8676338 0.7720174 -0.8644533 0.7665089 -0.8644533 0.7665089 -0.8676338 0.761 -0.8739946 0.7720174 -0.8560144 0.7323065 -0.8560144 0.7356868 -0.978417 0.7356868 -0.8560144 0.7356868 -0.8560144 0.7390676 -0.978417 0.7390676 -0.8560144 0.7390676 -0.8560144 0.7424484 -0.978417 0.7424484 -0.8560144 0.7424484 -0.8560144 0.7458287 -0.978417 0.7458287 -0.8863099 0.7712935 -0.8926706 0.7712935 -0.8958511 0.7657846 -0.8958511 0.7657846 -0.8926706 0.7602757 -0.8863099 0.7712935 -0.8926706 0.7602757 -0.8863099 0.7602757 -0.8863099 0.7712935 -0.8560144 0.7458287 -0.8560144 0.7492095 -0.978417 0.7492095 -0.8560144 0.7492095 -0.8560144 0.7525902 -0.978417 0.7525902 -0.8739946 0.761 -0.8771751 0.7665089 -0.8739946 0.7720174 -0.8739946 0.7720174 -0.8676338 0.7720174 -0.8644533 0.7665089 -0.8644533 0.7665089 -0.8676338 0.761 -0.8739946 0.7720174 -0.8560144 0.7323065 -0.8560144 0.7356868 -0.978417 0.7356868 -0.8560144 0.7356868 -0.8560144 0.7390676 -0.978417 0.7390676 -0.8560144 0.7390676 -0.8560144 0.7424484 -0.978417 0.7424484 -0.8560144 0.7424484 -0.8560144 0.7458287 -0.978417 0.7458287 -0.8863099 0.7712935 -0.8926706 0.7712935 -0.8958511 0.7657846 -0.8958511 0.7657846 -0.8926706 0.7602757 -0.8863099 0.7712935 -0.8926706 0.7602757 -0.8863099 0.7602757 -0.8863099 0.7712935 -0.8560144 0.7458287 -0.8560144 0.7492095 -0.978417 0.7492095 -0.8560144 0.7492095 -0.8560144 0.7525902 -0.978417 0.7525902 -0.8739946 0.761 -0.8771751 0.7665089 -0.8739946 0.7720174 -0.8739946 0.7720174 -0.8676338 0.7720174 -0.8644533 0.7665089 -0.8644533 0.7665089 -0.8676338 0.761 -0.8739946 0.7720174 -0.8560144 0.7323065 -0.8560144 0.7356868 -0.978417 0.7356868 -0.8560144 0.7356868 -0.8560144 0.7390676 -0.978417 0.7390676 -0.8560144 0.7390676 -0.8560144 0.7424484 -0.978417 0.7424484 -0.8560144 0.7424484 -0.8560144 0.7458287 -0.978417 0.7458287 -0.8863099 0.7712935 -0.8926706 0.7712935 -0.8958511 0.7657846 -0.8958511 0.7657846 -0.8926706 0.7602757 -0.8863099 0.7712935 -0.8926706 0.7602757 -0.8863099 0.7602757 -0.8863099 0.7712935 -0.8560144 0.7458287 -0.8560144 0.7492095 -0.978417 0.7492095 -0.8560144 0.7492095 -0.8560144 0.7525902 -0.978417 0.7525902 -0.8739946 0.761 -0.8771751 0.7665089 -0.8739946 0.7720174 -0.8739946 0.7720174 -0.8676338 0.7720174 -0.8644533 0.7665089 -0.8644533 0.7665089 -0.8676338 0.761 -0.8739946 0.7720174 -0.978417 0.7323065 -0.8560144 0.7323065 -0.8560144 0.7356868 -0.8560144 0.7356868 -0.8560144 0.7390676 -0.978417 0.7390676 -0.8560144 0.7390676 -0.8560144 0.7424484 -0.978417 0.7424484 -0.8560144 0.7424484 -0.8560144 0.7458287 -0.978417 0.7458287 -0.8863099 0.7712935 -0.8926706 0.7712935 -0.8958511 0.7657846 -0.8958511 0.7657846 -0.8926706 0.7602757 -0.8863099 0.7712935 -0.8926706 0.7602757 -0.8863099 0.7602757 -0.8863099 0.7712935 -0.8560144 0.7458287 -0.8560144 0.7492095 -0.978417 0.7492095 -0.978417 0.7492095 -0.8560144 0.7492095 -0.8560144 0.7525902 -0.8739946 0.761 -0.8771751 0.7665089 -0.8739946 0.7720174 -0.8739946 0.7720174 -0.8676338 0.7720174 -0.8644533 0.7665089 -0.8644533 0.7665089 -0.8676338 0.761 -0.8739946 0.7720174 -0.978417 0.7323065 -0.8560144 0.7323065 -0.8560144 0.7356868 -0.8560144 0.7356868 -0.8560144 0.7390676 -0.978417 0.7390676 -0.8560144 0.7390676 -0.8560144 0.7424484 -0.978417 0.7424484 -0.8560144 0.7424484 -0.8560144 0.7458287 -0.978417 0.7458287 -0.8863099 0.7712935 -0.8926706 0.7712935 -0.8958511 0.7657846 -0.8958511 0.7657846 -0.8926706 0.7602757 -0.8863099 0.7712935 -0.8926706 0.7602757 -0.8863099 0.7602757 -0.8863099 0.7712935 -0.8560144 0.7458287 -0.8560144 0.7492095 -0.978417 0.7492095 -0.978417 0.7492095 -0.8560144 0.7492095 -0.8560144 0.7525902 -0.8739946 0.761 -0.8771751 0.7665089 -0.8739946 0.7720174 -0.8739946 0.7720174 -0.8676338 0.7720174 -0.8644533 0.7665089 -0.8644533 0.7665089 -0.8676338 0.761 -0.8739946 0.7720174 -0.8560144 0.7323065 -0.8560144 0.7356868 -0.978417 0.7356868 -0.8560144 0.7356868 -0.8560144 0.7390676 -0.978417 0.7390676 -0.8560144 0.7390676 -0.8560144 0.7424484 -0.978417 0.7424484 -0.8560144 0.7424484 -0.8560144 0.7458287 -0.978417 0.7458287 -0.8863099 0.7712935 -0.8926706 0.7712935 -0.8958511 0.7657846 -0.8958511 0.7657846 -0.8926706 0.7602757 -0.8863099 0.7712935 -0.8926706 0.7602757 -0.8863099 0.7602757 -0.8863099 0.7712935 -0.8560144 0.7458287 -0.8560144 0.7492095 -0.978417 0.7492095 -0.8560144 0.7492095 -0.8560144 0.7525902 -0.978417 0.7525902 -0.8739946 0.761 -0.8771751 0.7665089 -0.8739946 0.7720174 -0.8739946 0.7720174 -0.8676338 0.7720174 -0.8644533 0.7665089 -0.8644533 0.7665089 -0.8676338 0.761 -0.8739946 0.7720174 -0.8560144 0.7323065 -0.8560144 0.7356868 -0.978417 0.7356868 -0.8560144 0.7356868 -0.8560144 0.7390676 -0.978417 0.7390676 -0.8560144 0.7390676 -0.8560144 0.7424484 -0.978417 0.7424484 -0.8560144 0.7424484 -0.8560144 0.7458287 -0.978417 0.7458287 -0.8863099 0.7712935 -0.8926706 0.7712935 -0.8958511 0.7657846 -0.8958511 0.7657846 -0.8926706 0.7602757 -0.8863099 0.7712935 -0.8926706 0.7602757 -0.8863099 0.7602757 -0.8863099 0.7712935 -0.8560144 0.7458287 -0.8560144 0.7492095 -0.978417 0.7492095 -0.8560144 0.7492095 -0.8560144 0.7525902 -0.978417 0.7525902 -0.8739946 0.761 -0.8771751 0.7665089 -0.8739946 0.7720174 -0.8739946 0.7720174 -0.8676338 0.7720174 -0.8644533 0.7665089 -0.8644533 0.7665089 -0.8676338 0.761 -0.8739946 0.7720174 -0.8560144 0.7323065 -0.8560144 0.7356868 -0.978417 0.7356868 -0.8560144 0.7356868 -0.8560144 0.7390676 -0.978417 0.7390676 -0.8560144 0.7390676 -0.8560144 0.7424484 -0.978417 0.7424484 -0.8560144 0.7424484 -0.8560144 0.7458287 -0.978417 0.7458287 -0.8863099 0.7712935 -0.8926706 0.7712935 -0.8958511 0.7657846 -0.8958511 0.7657846 -0.8926706 0.7602757 -0.8863099 0.7712935 -0.8926706 0.7602757 -0.8863099 0.7602757 -0.8863099 0.7712935 -0.8560144 0.7458287 -0.8560144 0.7492095 -0.978417 0.7492095 -0.8560144 0.7492095 -0.8560144 0.7525902 -0.978417 0.7525902 -0.8739946 0.761 -0.8771751 0.7665089 -0.8739946 0.7720174 -0.8739946 0.7720174 -0.8676338 0.7720174 -0.8644533 0.7665089 -0.8644533 0.7665089 -0.8676338 0.761 -0.8739946 0.7720174 -0.8560144 0.7323065 -0.8560144 0.7356868 -0.978417 0.7356868 -0.8560144 0.7356868 -0.8560144 0.7390676 -0.978417 0.7390676 -0.8560144 0.7390676 -0.8560144 0.7424484 -0.978417 0.7424484 -0.8560144 0.7424484 -0.8560144 0.7458287 -0.978417 0.7458287 -0.8863099 0.7712935 -0.8926706 0.7712935 -0.8958511 0.7657846 -0.8958511 0.7657846 -0.8926706 0.7602757 -0.8863099 0.7712935 -0.8926706 0.7602757 -0.8863099 0.7602757 -0.8863099 0.7712935 -0.8560144 0.7458287 -0.8560144 0.7492095 -0.978417 0.7492095 -0.8560144 0.7492095 -0.8560144 0.7525902 -0.978417 0.7525902 -0.8739946 0.761 -0.8771751 0.7665089 -0.8739946 0.7720174 -0.8739946 0.7720174 -0.8676338 0.7720174 -0.8644533 0.7665089 -0.8644533 0.7665089 -0.8676338 0.761 -0.8739946 0.7720174 -0.8560144 0.7323065 -0.8560144 0.7356868 -0.978417 0.7356868 -0.8560144 0.7356868 -0.8560144 0.7390676 -0.978417 0.7390676 -0.978417 0.7390676 -0.8560144 0.7390676 -0.8560144 0.7424484 -0.978417 0.7424484 -0.8560144 0.7424484 -0.8560144 0.7458287 -0.8863099 0.7712935 -0.8926706 0.7712935 -0.8958511 0.7657846 -0.8958511 0.7657846 -0.8926706 0.7602757 -0.8863099 0.7712935 -0.8926706 0.7602757 -0.8863099 0.7602757 -0.8863099 0.7712935 -0.8560144 0.7458287 -0.8560144 0.7492095 -0.978417 0.7492095 -0.8560144 0.7492095 -0.8560144 0.7525902 -0.978417 0.7525902 -0.8739946 0.761 -0.8771751 0.7665089 -0.8739946 0.7720174 -0.8739946 0.7720174 -0.8676338 0.7720174 -0.8644533 0.7665089 -0.8644533 0.7665089 -0.8676338 0.761 -0.8739946 0.7720174 -0.8560144 0.7323065 -0.8560144 0.7356868 -0.978417 0.7356868 -0.8560144 0.7356868 -0.8560144 0.7390676 -0.978417 0.7390676 -0.978417 0.7390676 -0.8560144 0.7390676 -0.8560144 0.7424484 -0.978417 0.7424484 -0.8560144 0.7424484 -0.8560144 0.7458287 -0.8863099 0.7712935 -0.8926706 0.7712935 -0.8958511 0.7657846 -0.8958511 0.7657846 -0.8926706 0.7602757 -0.8863099 0.7712935 -0.8926706 0.7602757 -0.8863099 0.7602757 -0.8863099 0.7712935 -0.8560144 0.7458287 -0.8560144 0.7492095 -0.978417 0.7492095 -0.8560144 0.7492095 -0.8560144 0.7525902 -0.978417 0.7525902 -0.8739946 0.761 -0.8771751 0.7665089 -0.8739946 0.7720174 -0.8739946 0.7720174 -0.8676338 0.7720174 -0.8644533 0.7665089 -0.8644533 0.7665089 -0.8676338 0.761 -0.8739946 0.7720174 -0.978417 0.7323065 -0.8560144 0.7323065 -0.8560144 0.7356868 -0.8560144 0.7356868 -0.8560144 0.7390676 -0.978417 0.7390676 -0.8560144 0.7390676 -0.8560144 0.7424484 -0.978417 0.7424484 -0.8560144 0.7424484 -0.8560144 0.7458287 -0.978417 0.7458287 -0.8863099 0.7712935 -0.8926706 0.7712935 -0.8958511 0.7657846 -0.8958511 0.7657846 -0.8926706 0.7602757 -0.8863099 0.7712935 -0.8926706 0.7602757 -0.8863099 0.7602757 -0.8863099 0.7712935 -0.8560144 0.7458287 -0.8560144 0.7492095 -0.978417 0.7492095 -0.978417 0.7492095 -0.8560144 0.7492095 -0.8560144 0.7525902 -0.8739946 0.761 -0.8771751 0.7665089 -0.8739946 0.7720174 -0.8739946 0.7720174 -0.8676338 0.7720174 -0.8644533 0.7665089 -0.8644533 0.7665089 -0.8676338 0.761 -0.8739946 0.7720174 -0.978417 0.7323065 -0.8560144 0.7323065 -0.8560144 0.7356868 -0.8560144 0.7356868 -0.8560144 0.7390676 -0.978417 0.7390676 -0.8560144 0.7390676 -0.8560144 0.7424484 -0.978417 0.7424484 -0.8560144 0.7424484 -0.8560144 0.7458287 -0.978417 0.7458287 -0.8863099 0.7712935 -0.8926706 0.7712935 -0.8958511 0.7657846 -0.8958511 0.7657846 -0.8926706 0.7602757 -0.8863099 0.7712935 -0.8926706 0.7602757 -0.8863099 0.7602757 -0.8863099 0.7712935 -0.8560144 0.7458287 -0.8560144 0.7492095 -0.978417 0.7492095 -0.978417 0.7492095 -0.8560144 0.7492095 -0.8560144 0.7525902 -0.8739946 0.761 -0.8771751 0.7665089 -0.8739946 0.7720174 -0.8739946 0.7720174 -0.8676338 0.7720174 -0.8644533 0.7665089 -0.8644533 0.7665089 -0.8676338 0.761 -0.8739946 0.7720174 -0.8560144 0.7323065 -0.8560144 0.7356868 -0.978417 0.7356868 -0.8560144 0.7356868 -0.8560144 0.7390676 -0.978417 0.7390676 -0.8560144 0.7390676 -0.8560144 0.7424484 -0.978417 0.7424484 -0.8560144 0.7424484 -0.8560144 0.7458287 -0.978417 0.7458287 -0.8863099 0.7712935 -0.8926706 0.7712935 -0.8958511 0.7657846 -0.8958511 0.7657846 -0.8926706 0.7602757 -0.8863099 0.7712935 -0.8926706 0.7602757 -0.8863099 0.7602757 -0.8863099 0.7712935 -0.8560144 0.7458287 -0.8560144 0.7492095 -0.978417 0.7492095 -0.8560144 0.7492095 -0.8560144 0.7525902 -0.978417 0.7525902 -0.8739946 0.761 -0.8771751 0.7665089 -0.8739946 0.7720174 -0.8739946 0.7720174 -0.8676338 0.7720174 -0.8644533 0.7665089 -0.8644533 0.7665089 -0.8676338 0.761 -0.8739946 0.7720174 -0.8560144 0.7323065 -0.8560144 0.7356868 -0.978417 0.7356868 -0.8560144 0.7356868 -0.8560144 0.7390676 -0.978417 0.7390676 -0.8560144 0.7390676 -0.8560144 0.7424484 -0.978417 0.7424484 -0.8560144 0.7424484 -0.8560144 0.7458287 -0.978417 0.7458287 -0.8863099 0.7712935 -0.8926706 0.7712935 -0.8958511 0.7657846 -0.8958511 0.7657846 -0.8926706 0.7602757 -0.8863099 0.7712935 -0.8926706 0.7602757 -0.8863099 0.7602757 -0.8863099 0.7712935 -0.8560144 0.7458287 -0.8560144 0.7492095 -0.978417 0.7492095 -0.8560144 0.7492095 -0.8560144 0.7525902 -0.978417 0.7525902 -0.8739946 0.761 -0.8771751 0.7665089 -0.8739946 0.7720174 -0.8739946 0.7720174 -0.8676338 0.7720174 -0.8644533 0.7665089 -0.8644533 0.7665089 -0.8676338 0.761 -0.8739946 0.7720174 -0.8560144 0.7323065 -0.8560144 0.7356868 -0.978417 0.7356868 -0.8560144 0.7356868 -0.8560144 0.7390676 -0.978417 0.7390676 -0.8560144 0.7390676 -0.8560144 0.7424484 -0.978417 0.7424484 -0.8560144 0.7424484 -0.8560144 0.7458287 -0.978417 0.7458287 -0.8863099 0.7712935 -0.8926706 0.7712935 -0.8958511 0.7657846 -0.8958511 0.7657846 -0.8926706 0.7602757 -0.8863099 0.7712935 -0.8926706 0.7602757 -0.8863099 0.7602757 -0.8863099 0.7712935 -0.8560144 0.7458287 -0.8560144 0.7492095 -0.978417 0.7492095 -0.8560144 0.7492095 -0.8560144 0.7525902 -0.978417 0.7525902 -0.8739946 0.761 -0.8771751 0.7665089 -0.8739946 0.7720174 -0.8739946 0.7720174 -0.8676338 0.7720174 -0.8644533 0.7665089 -0.8644533 0.7665089 -0.8676338 0.761 -0.8739946 0.7720174 -0.8560144 0.7323065 -0.8560144 0.7356868 -0.978417 0.7356868 -0.8560144 0.7356868 -0.8560144 0.7390676 -0.978417 0.7390676 -0.8560144 0.7390676 -0.8560144 0.7424484 -0.978417 0.7424484 -0.8560144 0.7424484 -0.8560144 0.7458287 -0.978417 0.7458287 -0.8863099 0.7712935 -0.8926706 0.7712935 -0.8863099 0.7602757 -0.8926706 0.7712935 -0.8958511 0.7657846 -0.8863099 0.7602757 -0.8958511 0.7657846 -0.8926706 0.7602757 -0.8863099 0.7602757 -0.8560144 0.7458287 -0.8560144 0.7492095 -0.978417 0.7492095 -0.8560144 0.7492095 -0.8560144 0.7525902 -0.978417 0.7525902 -0.8739946 0.761 -0.8771751 0.7665089 -0.8739946 0.7720174 -0.8739946 0.7720174 -0.8676338 0.7720174 -0.8644533 0.7665089 -0.8644533 0.7665089 -0.8676338 0.761 -0.8739946 0.7720174 -0.978417 0.7356868 -0.8560144 0.7356868 -0.8560144 0.7323065 -0.978417 0.7390676 -0.8560144 0.7390676 -0.8560144 0.7356868 -0.978417 0.7424484 -0.8560144 0.7424484 -0.8560144 0.7390676 -0.978417 0.7458287 -0.8560144 0.7458287 -0.8560144 0.7424484 -0.8958511 0.7657846 -0.8926706 0.7712935 -0.8863099 0.7602757 -0.8926706 0.7712935 -0.8863099 0.7712935 -0.8863099 0.7602757 -0.8863099 0.7712935 -0.8831294 0.7657846 -0.8863099 0.7602757 -0.978417 0.7492095 -0.8560144 0.7492095 -0.8560144 0.7458287 -0.978417 0.7525902 -0.8560144 0.7525902 -0.8560144 0.7492095 -0.8739946 0.7720174 -0.8771751 0.7665089 -0.8739946 0.761 -0.8739946 0.761 -0.8676338 0.761 -0.8644533 0.7665089 -0.8644533 0.7665089 -0.8676338 0.7720174 -0.8739946 0.7720174 -0.978417 0.7356868 -0.8560144 0.7356868 -0.8560144 0.7323065 -0.978417 0.7390676 -0.8560144 0.7390676 -0.8560144 0.7356868 -0.978417 0.7424484 -0.8560144 0.7424484 -0.8560144 0.7390676 -0.978417 0.7458287 -0.8560144 0.7458287 -0.8560144 0.7424484 -0.8958511 0.7657846 -0.8926706 0.7712935 -0.8863099 0.7602757 -0.8926706 0.7712935 -0.8863099 0.7712935 -0.8863099 0.7602757 -0.8863099 0.7712935 -0.8831294 0.7657846 -0.8863099 0.7602757 -0.978417 0.7492095 -0.8560144 0.7492095 -0.8560144 0.7458287 -0.978417 0.7525902 -0.8560144 0.7525902 -0.8560144 0.7492095 -0.8739946 0.7720174 -0.8771751 0.7665089 -0.8739946 0.761 -0.8739946 0.761 -0.8676338 0.761 -0.8644533 0.7665089 -0.8644533 0.7665089 -0.8676338 0.7720174 -0.8739946 0.7720174 -0.978417 0.7356868 -0.8560144 0.7356868 -0.8560144 0.7323065 -0.978417 0.7390676 -0.8560144 0.7390676 -0.8560144 0.7356868 -0.978417 0.7424484 -0.8560144 0.7424484 -0.8560144 0.7390676 -0.978417 0.7458287 -0.8560144 0.7458287 -0.8560144 0.7424484 -0.8958511 0.7657846 -0.8926706 0.7712935 -0.8863099 0.7602757 -0.8926706 0.7712935 -0.8863099 0.7712935 -0.8863099 0.7602757 -0.8863099 0.7712935 -0.8831294 0.7657846 -0.8863099 0.7602757 -0.978417 0.7492095 -0.8560144 0.7492095 -0.8560144 0.7458287 -0.978417 0.7525902 -0.8560144 0.7525902 -0.8560144 0.7492095 -0.8739946 0.7720174 -0.8771751 0.7665089 -0.8739946 0.761 -0.8739946 0.761 -0.8676338 0.761 -0.8644533 0.7665089 -0.8644533 0.7665089 -0.8676338 0.7720174 -0.8739946 0.7720174 -0.978417 0.7356868 -0.8560144 0.7356868 -0.8560144 0.7323065 -0.978417 0.7390676 -0.8560144 0.7390676 -0.8560144 0.7356868 -0.978417 0.7390676 -0.978417 0.7424484 -0.8560144 0.7424484 -0.978417 0.7424484 -0.978417 0.7458287 -0.8560144 0.7458287 -0.8958511 0.7657846 -0.8926706 0.7712935 -0.8863099 0.7602757 -0.8926706 0.7712935 -0.8863099 0.7712935 -0.8863099 0.7602757 -0.8863099 0.7712935 -0.8831294 0.7657846 -0.8863099 0.7602757 -0.978417 0.7492095 -0.8560144 0.7492095 -0.8560144 0.7458287 -0.978417 0.7525902 -0.8560144 0.7525902 -0.8560144 0.7492095 -0.8739946 0.7720174 -0.8771751 0.7665089 -0.8739946 0.761 -0.8739946 0.761 -0.8676338 0.761 -0.8644533 0.7665089 -0.8644533 0.7665089 -0.8676338 0.7720174 -0.8739946 0.7720174 -0.978417 0.7356868 -0.8560144 0.7356868 -0.8560144 0.7323065 -0.978417 0.7390676 -0.8560144 0.7390676 -0.8560144 0.7356868 -0.978417 0.7424484 -0.8560144 0.7424484 -0.8560144 0.7390676 -0.978417 0.7458287 -0.8560144 0.7458287 -0.8560144 0.7424484 -0.8958511 0.7657846 -0.8926706 0.7712935 -0.8863099 0.7602757 -0.8926706 0.7712935 -0.8863099 0.7712935 -0.8863099 0.7602757 -0.8863099 0.7712935 -0.8831294 0.7657846 -0.8863099 0.7602757 -0.978417 0.7492095 -0.8560144 0.7492095 -0.8560144 0.7458287 -0.978417 0.7492095 -0.978417 0.7525902 -0.8560144 0.7525902 -0.8739946 0.7720174 -0.8771751 0.7665089 -0.8739946 0.761 -0.8739946 0.761 -0.8676338 0.761 -0.8739946 0.7720174 -0.8676338 0.761 -0.8644533 0.7665089 -0.8739946 0.7720174 -0.978417 0.7356868 -0.8560144 0.7356868 -0.8560144 0.7323065 -0.978417 0.7390676 -0.8560144 0.7390676 -0.8560144 0.7356868 -0.978417 0.7390676 -0.978417 0.7424484 -0.8560144 0.7424484 -0.978417 0.7424484 -0.978417 0.7458287 -0.8560144 0.7458287 -0.8958511 0.7657846 -0.8926706 0.7712935 -0.8863099 0.7712935 -0.8863099 0.7712935 -0.8831294 0.7657846 -0.8863099 0.7602757 -0.8863099 0.7602757 -0.8926706 0.7602757 -0.8958511 0.7657846 -0.978417 0.7492095 -0.8560144 0.7492095 -0.8560144 0.7458287 -0.978417 0.7525902 -0.8560144 0.7525902 -0.8560144 0.7492095 -0.8739946 0.7720174 -0.8771751 0.7665089 -0.8739946 0.761 -0.8739946 0.761 -0.8676338 0.761 -0.8644533 0.7665089 -0.8644533 0.7665089 -0.8676338 0.7720174 -0.8739946 0.761 -0.978417 0.7356868 -0.8560144 0.7356868 -0.8560144 0.7323065 -0.978417 0.7390676 -0.8560144 0.7390676 -0.8560144 0.7356868 -0.978417 0.7424484 -0.8560144 0.7424484 -0.8560144 0.7390676 -0.978417 0.7458287 -0.8560144 0.7458287 -0.8560144 0.7424484 -0.8958511 0.7657846 -0.8926706 0.7712935 -0.8863099 0.7712935 -0.8863099 0.7712935 -0.8831294 0.7657846 -0.8863099 0.7602757 -0.8863099 0.7602757 -0.8926706 0.7602757 -0.8958511 0.7657846 -0.978417 0.7492095 -0.8560144 0.7492095 -0.8560144 0.7458287 -0.978417 0.7492095 -0.978417 0.7525902 -0.8560144 0.7525902 -0.8739946 0.7720174 -0.8771751 0.7665089 -0.8739946 0.761 -0.8739946 0.761 -0.8676338 0.761 -0.8644533 0.7665089 -0.8644533 0.7665089 -0.8676338 0.7720174 -0.8739946 0.761 -0.978417 0.7356868 -0.8560144 0.7356868 -0.8560144 0.7323065 -0.978417 0.7390676 -0.8560144 0.7390676 -0.8560144 0.7356868 -0.978417 0.7390676 -0.978417 0.7424484 -0.8560144 0.7424484 -0.978417 0.7424484 -0.978417 0.7458287 -0.8560144 0.7458287 -0.8958511 0.7657846 -0.8926706 0.7712935 -0.8863099 0.7602757 -0.8926706 0.7712935 -0.8863099 0.7712935 -0.8863099 0.7602757 -0.8863099 0.7712935 -0.8831294 0.7657846 -0.8863099 0.7602757 -0.978417 0.7492095 -0.8560144 0.7492095 -0.8560144 0.7458287 -0.978417 0.7525902 -0.8560144 0.7525902 -0.8560144 0.7492095 -0.8739946 0.7720174 -0.8771751 0.7665089 -0.8739946 0.761 -0.8739946 0.761 -0.8676338 0.761 -0.8644533 0.7665089 -0.8644533 0.7665089 -0.8676338 0.7720174 -0.8739946 0.7720174 -0.978417 0.7356868 -0.8560144 0.7356868 -0.8560144 0.7323065 -0.978417 0.7390676 -0.8560144 0.7390676 -0.8560144 0.7356868 -0.978417 0.7424484 -0.8560144 0.7424484 -0.8560144 0.7390676 -0.978417 0.7458287 -0.8560144 0.7458287 -0.8560144 0.7424484 -0.8958511 0.7657846 -0.8926706 0.7712935 -0.8863099 0.7602757 -0.8926706 0.7712935 -0.8863099 0.7712935 -0.8863099 0.7602757 -0.8863099 0.7712935 -0.8831294 0.7657846 -0.8863099 0.7602757 -0.978417 0.7492095 -0.8560144 0.7492095 -0.8560144 0.7458287 -0.978417 0.7492095 -0.978417 0.7525902 -0.8560144 0.7525902 -0.8739946 0.7720174 -0.8771751 0.7665089 -0.8739946 0.761 -0.8739946 0.761 -0.8676338 0.761 -0.8739946 0.7720174 -0.8676338 0.761 -0.8644533 0.7665089 -0.8739946 0.7720174 -0.978417 0.7356868 -0.8560144 0.7356868 -0.8560144 0.7323065 -0.978417 0.7390676 -0.8560144 0.7390676 -0.8560144 0.7356868 -0.978417 0.7424484 -0.8560144 0.7424484 -0.8560144 0.7390676 -0.978417 0.7458287 -0.8560144 0.7458287 -0.8560144 0.7424484 -0.8958511 0.7657846 -0.8926706 0.7712935 -0.8863099 0.7602757 -0.8926706 0.7712935 -0.8863099 0.7712935 -0.8863099 0.7602757 -0.8863099 0.7712935 -0.8831294 0.7657846 -0.8863099 0.7602757 -0.978417 0.7492095 -0.8560144 0.7492095 -0.8560144 0.7458287 -0.978417 0.7525902 -0.8560144 0.7525902 -0.8560144 0.7492095 -0.8739946 0.7720174 -0.8771751 0.7665089 -0.8739946 0.761 -0.8739946 0.761 -0.8676338 0.761 -0.8644533 0.7665089 -0.8644533 0.7665089 -0.8676338 0.7720174 -0.8739946 0.7720174 -0.978417 0.7356868 -0.8560144 0.7356868 -0.8560144 0.7323065 -0.978417 0.7390676 -0.8560144 0.7390676 -0.8560144 0.7356868 -0.978417 0.7424484 -0.8560144 0.7424484 -0.8560144 0.7390676 -0.978417 0.7458287 -0.8560144 0.7458287 -0.8560144 0.7424484 -0.8958511 0.7657846 -0.8926706 0.7712935 -0.8863099 0.7602757 -0.8926706 0.7712935 -0.8863099 0.7712935 -0.8863099 0.7602757 -0.8863099 0.7712935 -0.8831294 0.7657846 -0.8863099 0.7602757 -0.978417 0.7492095 -0.8560144 0.7492095 -0.8560144 0.7458287 -0.978417 0.7525902 -0.8560144 0.7525902 -0.8560144 0.7492095 -0.8739946 0.7720174 -0.8771751 0.7665089 -0.8739946 0.761 -0.8739946 0.761 -0.8676338 0.761 -0.8644533 0.7665089 -0.8644533 0.7665089 -0.8676338 0.7720174 -0.8739946 0.7720174 -0.978417 0.7356868 -0.8560144 0.7356868 -0.8560144 0.7323065 -0.978417 0.7390676 -0.8560144 0.7390676 -0.8560144 0.7356868 -0.978417 0.7424484 -0.8560144 0.7424484 -0.8560144 0.7390676 -0.978417 0.7458287 -0.8560144 0.7458287 -0.8560144 0.7424484 -0.8958511 0.7657846 -0.8926706 0.7712935 -0.8863099 0.7602757 -0.8926706 0.7712935 -0.8863099 0.7712935 -0.8863099 0.7602757 -0.8863099 0.7712935 -0.8831294 0.7657846 -0.8863099 0.7602757 -0.978417 0.7492095 -0.8560144 0.7492095 -0.8560144 0.7458287 -0.978417 0.7525902 -0.8560144 0.7525902 -0.8560144 0.7492095 -0.8739946 0.7720174 -0.8771751 0.7665089 -0.8739946 0.761 -0.8739946 0.761 -0.8676338 0.761 -0.8644533 0.7665089 -0.8644533 0.7665089 -0.8676338 0.7720174 -0.8739946 0.7720174 -0.978417 0.7356868 -0.8560144 0.7356868 -0.8560144 0.7323065 -0.978417 0.7390676 -0.8560144 0.7390676 -0.8560144 0.7356868 -0.978417 0.7424484 -0.8560144 0.7424484 -0.8560144 0.7390676 -0.978417 0.7458287 -0.8560144 0.7458287 -0.8560144 0.7424484 -0.8958511 0.7657846 -0.8926706 0.7712935 -0.8863099 0.7602757 -0.8926706 0.7712935 -0.8863099 0.7712935 -0.8863099 0.7602757 -0.8863099 0.7712935 -0.8831294 0.7657846 -0.8863099 0.7602757 -0.978417 0.7492095 -0.8560144 0.7492095 -0.8560144 0.7458287 -0.978417 0.7525902 -0.8560144 0.7525902 -0.8560144 0.7492095 -0.8739946 0.7720174 -0.8771751 0.7665089 -0.8739946 0.761 -0.8739946 0.761 -0.8676338 0.761 -0.8644533 0.7665089 -0.8644533 0.7665089 -0.8676338 0.7720174 -0.8739946 0.7720174 -0.978417 0.7356868 -0.8560144 0.7356868 -0.8560144 0.7323065 -0.978417 0.7390676 -0.8560144 0.7390676 -0.8560144 0.7356868 -0.978417 0.7424484 -0.8560144 0.7424484 -0.8560144 0.7390676 -0.978417 0.7458287 -0.8560144 0.7458287 -0.8560144 0.7424484 -0.8958511 0.7657846 -0.8926706 0.7712935 -0.8863099 0.7602757 -0.8926706 0.7712935 -0.8863099 0.7712935 -0.8863099 0.7602757 -0.8863099 0.7712935 -0.8831294 0.7657846 -0.8863099 0.7602757 -0.978417 0.7492095 -0.8560144 0.7492095 -0.8560144 0.7458287 -0.978417 0.7525902 -0.8560144 0.7525902 -0.8560144 0.7492095 -0.8739946 0.7720174 -0.8771751 0.7665089 -0.8739946 0.761 -0.8739946 0.761 -0.8676338 0.761 -0.8644533 0.7665089 -0.8644533 0.7665089 -0.8676338 0.7720174 -0.8739946 0.7720174 -0.978417 0.7356868 -0.8560144 0.7356868 -0.8560144 0.7323065 -0.978417 0.7390676 -0.8560144 0.7390676 -0.8560144 0.7356868 -0.978417 0.7424484 -0.8560144 0.7424484 -0.8560144 0.7390676 -0.978417 0.7458287 -0.8560144 0.7458287 -0.8560144 0.7424484 -0.8958511 0.7657846 -0.8926706 0.7712935 -0.8863099 0.7602757 -0.8926706 0.7712935 -0.8863099 0.7712935 -0.8863099 0.7602757 -0.8863099 0.7712935 -0.8831294 0.7657846 -0.8863099 0.7602757 -0.978417 0.7492095 -0.8560144 0.7492095 -0.8560144 0.7458287 -0.978417 0.7525902 -0.8560144 0.7525902 -0.8560144 0.7492095 -0.8739946 0.7720174 -0.8771751 0.7665089 -0.8739946 0.761 -0.8739946 0.761 -0.8676338 0.761 -0.8644533 0.7665089 -0.8644533 0.7665089 -0.8676338 0.7720174 -0.8739946 0.7720174 -0.978417 0.7356868 -0.8560144 0.7356868 -0.8560144 0.7323065 -0.978417 0.7390676 -0.8560144 0.7390676 -0.8560144 0.7356868 -0.978417 0.7424484 -0.8560144 0.7424484 -0.8560144 0.7390676 -0.978417 0.7458287 -0.8560144 0.7458287 -0.8560144 0.7424484 -0.8958511 0.7657846 -0.8926706 0.7712935 -0.8863099 0.7602757 -0.8926706 0.7712935 -0.8863099 0.7712935 -0.8863099 0.7602757 -0.8863099 0.7712935 -0.8831294 0.7657846 -0.8863099 0.7602757 -0.978417 0.7492095 -0.8560144 0.7492095 -0.8560144 0.7458287 -0.978417 0.7525902 -0.8560144 0.7525902 -0.8560144 0.7492095 -0.8739946 0.7720174 -0.8771751 0.7665089 -0.8739946 0.761 -0.8739946 0.761 -0.8676338 0.761 -0.8644533 0.7665089 -0.8644533 0.7665089 -0.8676338 0.7720174 -0.8739946 0.7720174 -0.978417 0.7356868 -0.8560144 0.7356868 -0.8560144 0.7323065 -0.978417 0.7390676 -0.8560144 0.7390676 -0.8560144 0.7356868 -0.978417 0.7390676 -0.978417 0.7424484 -0.8560144 0.7424484 -0.978417 0.7424484 -0.978417 0.7458287 -0.8560144 0.7458287 -0.8958511 0.7657846 -0.8926706 0.7712935 -0.8863099 0.7602757 -0.8926706 0.7712935 -0.8863099 0.7712935 -0.8863099 0.7602757 -0.8863099 0.7712935 -0.8831294 0.7657846 -0.8863099 0.7602757 -0.978417 0.7492095 -0.8560144 0.7492095 -0.8560144 0.7458287 -0.978417 0.7525902 -0.8560144 0.7525902 -0.8560144 0.7492095 -0.8739946 0.7720174 -0.8771751 0.7665089 -0.8739946 0.761 -0.8739946 0.761 -0.8676338 0.761 -0.8644533 0.7665089 -0.8644533 0.7665089 -0.8676338 0.7720174 -0.8739946 0.7720174 -0.978417 0.7356868 -0.8560144 0.7356868 -0.8560144 0.7323065 -0.978417 0.7390676 -0.8560144 0.7390676 -0.8560144 0.7356868 -0.978417 0.7424484 -0.8560144 0.7424484 -0.8560144 0.7390676 -0.978417 0.7458287 -0.8560144 0.7458287 -0.8560144 0.7424484 -0.8958511 0.7657846 -0.8926706 0.7712935 -0.8863099 0.7602757 -0.8926706 0.7712935 -0.8863099 0.7712935 -0.8863099 0.7602757 -0.8863099 0.7712935 -0.8831294 0.7657846 -0.8863099 0.7602757 -0.978417 0.7492095 -0.8560144 0.7492095 -0.8560144 0.7458287 -0.978417 0.7492095 -0.978417 0.7525902 -0.8560144 0.7525902 -0.8739946 0.7720174 -0.8771751 0.7665089 -0.8739946 0.761 -0.8739946 0.761 -0.8676338 0.761 -0.8739946 0.7720174 -0.8676338 0.761 -0.8644533 0.7665089 -0.8739946 0.7720174 -0.978417 0.7356868 -0.8560144 0.7356868 -0.8560144 0.7323065 -0.978417 0.7390676 -0.8560144 0.7390676 -0.8560144 0.7356868 -0.978417 0.7424484 -0.8560144 0.7424484 -0.8560144 0.7390676 -0.978417 0.7458287 -0.8560144 0.7458287 -0.8560144 0.7424484 -0.8958511 0.7657846 -0.8926706 0.7712935 -0.8863099 0.7602757 -0.8926706 0.7712935 -0.8863099 0.7712935 -0.8863099 0.7602757 -0.8863099 0.7712935 -0.8831294 0.7657846 -0.8863099 0.7602757 -0.978417 0.7492095 -0.8560144 0.7492095 -0.8560144 0.7458287 -0.978417 0.7525902 -0.8560144 0.7525902 -0.8560144 0.7492095 -0.8739946 0.7720174 -0.8771751 0.7665089 -0.8739946 0.761 -0.8739946 0.761 -0.8676338 0.761 -0.8644533 0.7665089 -0.8644533 0.7665089 -0.8676338 0.7720174 -0.8739946 0.7720174 -0.978417 0.7356868 -0.8560144 0.7356868 -0.8560144 0.7323065 -0.978417 0.7390676 -0.8560144 0.7390676 -0.8560144 0.7356868 -0.978417 0.7424484 -0.8560144 0.7424484 -0.8560144 0.7390676 -0.978417 0.7458287 -0.8560144 0.7458287 -0.8560144 0.7424484 -0.8958511 0.7657846 -0.8926706 0.7712935 -0.8863099 0.7602757 -0.8926706 0.7712935 -0.8863099 0.7712935 -0.8863099 0.7602757 -0.8863099 0.7712935 -0.8831294 0.7657846 -0.8863099 0.7602757 -0.978417 0.7492095 -0.8560144 0.7492095 -0.8560144 0.7458287 -0.978417 0.7525902 -0.8560144 0.7525902 -0.8560144 0.7492095 -0.8739946 0.7720174 -0.8771751 0.7665089 -0.8739946 0.761 -0.8739946 0.761 -0.8676338 0.761 -0.8644533 0.7665089 -0.8644533 0.7665089 -0.8676338 0.7720174 -0.8739946 0.7720174 -0.978417 0.7356868 -0.8560144 0.7356868 -0.8560144 0.7323065 -0.978417 0.7390676 -0.8560144 0.7390676 -0.8560144 0.7356868 -0.978417 0.7424484 -0.8560144 0.7424484 -0.8560144 0.7390676 -0.978417 0.7458287 -0.8560144 0.7458287 -0.8560144 0.7424484 -0.8958511 0.7657846 -0.8926706 0.7712935 -0.8863099 0.7602757 -0.8926706 0.7712935 -0.8863099 0.7712935 -0.8863099 0.7602757 -0.8863099 0.7712935 -0.8831294 0.7657846 -0.8863099 0.7602757 -0.978417 0.7492095 -0.8560144 0.7492095 -0.8560144 0.7458287 -0.978417 0.7525902 -0.8560144 0.7525902 -0.8560144 0.7492095 -0.8739946 0.7720174 -0.8771751 0.7665089 -0.8739946 0.761 -0.8739946 0.761 -0.8676338 0.761 -0.8644533 0.7665089 -0.8644533 0.7665089 -0.8676338 0.7720174 -0.8739946 0.7720174 -0.978417 0.7356868 -0.8560144 0.7356868 -0.8560144 0.7323065 -0.978417 0.7390676 -0.8560144 0.7390676 -0.8560144 0.7356868 -0.978417 0.7390676 -0.978417 0.7424484 -0.8560144 0.7424484 -0.978417 0.7424484 -0.978417 0.7458287 -0.8560144 0.7458287 -0.8958511 0.7657846 -0.8926706 0.7712935 -0.8863099 0.7602757 -0.8926706 0.7712935 -0.8863099 0.7712935 -0.8863099 0.7602757 -0.8863099 0.7712935 -0.8831294 0.7657846 -0.8863099 0.7602757 -0.978417 0.7492095 -0.8560144 0.7492095 -0.8560144 0.7458287 -0.978417 0.7525902 -0.8560144 0.7525902 -0.8560144 0.7492095 -0.8739946 0.7720174 -0.8771751 0.7665089 -0.8739946 0.761 -0.8739946 0.761 -0.8676338 0.761 -0.8644533 0.7665089 -0.8644533 0.7665089 -0.8676338 0.7720174 -0.8739946 0.7720174 -0.978417 0.7356868 -0.8560144 0.7356868 -0.8560144 0.7323065 -0.978417 0.7390676 -0.8560144 0.7390676 -0.8560144 0.7356868 -0.978417 0.7424484 -0.8560144 0.7424484 -0.8560144 0.7390676 -0.978417 0.7458287 -0.8560144 0.7458287 -0.8560144 0.7424484 -0.8958511 0.7657846 -0.8926706 0.7712935 -0.8863099 0.7602757 -0.8926706 0.7712935 -0.8863099 0.7712935 -0.8863099 0.7602757 -0.8863099 0.7712935 -0.8831294 0.7657846 -0.8863099 0.7602757 -0.978417 0.7492095 -0.8560144 0.7492095 -0.8560144 0.7458287 -0.978417 0.7492095 -0.978417 0.7525902 -0.8560144 0.7525902 -0.8739946 0.7720174 -0.8771751 0.7665089 -0.8739946 0.761 -0.8739946 0.761 -0.8676338 0.761 -0.8739946 0.7720174 -0.8676338 0.761 -0.8644533 0.7665089 -0.8739946 0.7720174 -0.978417 0.7356868 -0.8560144 0.7356868 -0.8560144 0.7323065 -0.978417 0.7390676 -0.8560144 0.7390676 -0.8560144 0.7356868 -0.978417 0.7424484 -0.8560144 0.7424484 -0.8560144 0.7390676 -0.978417 0.7458287 -0.8560144 0.7458287 -0.8560144 0.7424484 -0.8958511 0.7657846 -0.8926706 0.7712935 -0.8863099 0.7602757 -0.8926706 0.7712935 -0.8863099 0.7712935 -0.8863099 0.7602757 -0.8863099 0.7712935 -0.8831294 0.7657846 -0.8863099 0.7602757 -0.978417 0.7492095 -0.8560144 0.7492095 -0.8560144 0.7458287 -0.978417 0.7525902 -0.8560144 0.7525902 -0.8560144 0.7492095 -0.8739946 0.7720174 -0.8771751 0.7665089 -0.8739946 0.761 -0.8739946 0.761 -0.8676338 0.761 -0.8644533 0.7665089 -0.8644533 0.7665089 -0.8676338 0.7720174 -0.8739946 0.7720174 -0.978417 0.7356868 -0.8560144 0.7356868 -0.8560144 0.7323065 -0.978417 0.7390676 -0.8560144 0.7390676 -0.8560144 0.7356868 -0.978417 0.7424484 -0.8560144 0.7424484 -0.8560144 0.7390676 -0.978417 0.7458287 -0.8560144 0.7458287 -0.8560144 0.7424484 -0.8958511 0.7657846 -0.8926706 0.7712935 -0.8863099 0.7602757 -0.8926706 0.7712935 -0.8863099 0.7712935 -0.8863099 0.7602757 -0.8863099 0.7712935 -0.8831294 0.7657846 -0.8863099 0.7602757 -0.978417 0.7492095 -0.8560144 0.7492095 -0.8560144 0.7458287 -0.978417 0.7525902 -0.8560144 0.7525902 -0.8560144 0.7492095 -0.8739946 0.7720174 -0.8771751 0.7665089 -0.8739946 0.761 -0.8739946 0.761 -0.8676338 0.761 -0.8644533 0.7665089 -0.8644533 0.7665089 -0.8676338 0.7720174 -0.8739946 0.7720174 0.5434448 0.6447688 0.07612067 0.6447689 0.07612067 0.586693 0.07612085 0.5286169 0.5434442 0.5286169 0.5434442 0.5866929 0.5434442 0.4418491 0.07612085 0.4418491 0.07612085 0.3985403 0.07612085 0.3552311 0.5434442 0.3552311 0.5434442 0.39854 0.9996297 1.002949 0.00015881 1.002949 0.000158817 -0.004180669 0.9996297 1.002949 0.00015881 1.002949 0.000158817 -0.00418055 0.03145205 0.2481995 0.001559257 0.2481995 0.001559257 0.1893185 0.3834093 0.2481995 0.3506423 0.2481995 0.3506423 0.1893185 0.4818928 0.2481995 0.455999 0.2481995 0.455999 0.1893185 0.0735802 0.6391562 0.07358032 0.6819927 -0.06618607 0.6819927 0.1859757 0.8309744 0.203109 0.8484789 -0.06232261 0.8484789 -0.05822587 0.8309744 -0.05822587 0.8485549 -0.07595461 0.8309744 -0.05822587 0.8485549 -0.2844523 0.8485549 -0.07595461 0.8309744 1.239737 0.8309744 1.470902 0.8309744 1.488035 0.8485847 0.2015387 0.5132573 0.1402221 0.5132573 0.1402221 0.4369515 1.030274 0.8485845 1.030274 0.8309744 1.048002 0.8309744 1.048002 0.8309744 1.239074 0.8309744 1.2565 0.8485845 -0.02662736 0.8484454 -0.2528538 0.8484454 -0.2351251 0.8309744 -0.2528538 0.8484454 -0.2528539 0.8309744 -0.2351251 0.8309744 0.1890581 0.6391562 0.1890581 0.6819927 0.07358032 0.6819927 0.1402221 0.5132573 0.1402221 0.4369514 0.2015387 0.4369515 0.3288246 0.6819927 0.3288246 0.6391562 0.4443024 0.6391561 0.2404391 0.8484666 0.2404381 0.8310353 0.471603 0.8310353 1.237628 0.8484666 1.237628 0.8310353 1.468793 0.8310353 0.1980801 0.6391562 0.3198031 0.6391562 0.3198023 0.6819927 0.9062748 0.6819379 0.6861445 0.6819379 0.6861445 0.639215 0.5737422 0.6392151 0.5737422 0.6819379 0.3446139 0.6819379 0.5737422 0.6392151 0.7131378 0.639215 0.7131378 0.6819379 0.7131378 0.6819379 0.7131378 0.639215 0.9422661 0.639215 -0.6791753 0.8309744 -0.6617095 0.8484787 -0.9322955 0.8484789 0.3446139 0.6392151 0.5647444 0.6392151 0.5647444 0.6819379 0.6037114 0.8309744 0.6211772 0.8485845 0.350591 0.8485847 0.5647444 0.6392151 0.6861445 0.639215 0.6861445 0.6819379 -0.6791684 0.8309744 -0.2528539 0.8309744 -0.2528538 0.8484454 -0.9148359 0.8309744 -0.8974104 0.8483846 -1.34115 0.8483846 0.3680887 0.8309744 0.385514 0.8485546 -0.05822587 0.8485549 0.6039587 0.8309744 1.030274 0.8309744 1.030274 0.8485845 -1.358879 0.8309744 -1.34115 0.8309744 -1.34115 0.8483846 -1.34115 0.8483846 -1.567377 0.8483846 -1.358879 0.8309744 0.03145205 0.2481995 0.001559257 0.2481995 0.001559257 0.1893185 0.3834093 0.2481995 0.3506423 0.2481995 0.3506423 0.1893185 0.4818928 0.2481995 0.455999 0.2481995 0.455999 0.1893185 1.204452 0.850379 1.133689 0.850379 1.133689 0.8295594 1.133689 0.850379 1.102174 0.850379 1.102174 0.8295594 1.102174 0.850379 1.03141 0.850379 1.03141 0.8295594 1.03141 0.850379 0.9998954 0.850379 0.9998954 0.8295594 0.6783821 0.7298661 0.6974105 0.7298661 0.6974105 0.7720897 0.8949403 0.850379 0.8261137 0.850379 0.8261137 0.8295594 0.8261137 0.850379 0.7563672 0.850379 0.7563672 0.8295594 0.7563672 0.850379 0.6875404 0.850379 0.6875404 0.8295594 0.6875404 0.850379 0.617794 0.850379 0.617794 0.8295594 0.6275262 0.729877 0.6703457 0.729877 0.6703457 0.7722083 0.6668595 -0.7723739 0.77735 -0.7723739 0.77735 -0.3154747 0.4187632 -0.7723739 0.6668595 -0.7723739 0.6668595 -0.3154747 0.3082725 -0.7723739 0.4187632 -0.7723739 0.4187632 -0.3154747 0.06017625 -0.7723739 0.3082725 -0.7723739 0.3082725 -0.3154747 0.7469213 0.8996426 0.9983325 0.8996426 0.9983325 1.356542 0.4988253 0.8996426 0.7469213 0.8996426 0.7469213 1.356542 0.247414 0.8996426 0.4988253 0.8996426 0.4988253 1.356542 -0.000681877 0.8996426 0.247414 0.8996426 0.247414 1.356542 0.4164468 0.2481995 0.3904322 0.2481995 0.3904322 0.1893185 0.2649143 0.2481995 0.2490535 0.2481995 0.2490535 0.1893185 0.1813737 0.2481995 0.1575789 0.2481995 0.1575788 0.1893185 0.4501761 0.2481995 0.4224194 0.2481995 0.4224193 0.1893185 0.4164468 0.2481995 0.3904322 0.2481995 0.3904322 0.1893185 0.2649143 0.2481995 0.2490535 0.2481995 0.2490535 0.1893185 0.1813737 0.2481995 0.1575789 0.2481995 0.1575788 0.1893185 0.4501761 0.2481995 0.4224194 0.2481995 0.4224193 0.1893185 0.9605767 0.268594 0.642653 0.2685478 0.6426692 0.02627187 0.9605767 0.268176 0.642653 0.2681303 0.6426684 0.02714782 0.3505599 0.2481995 0.3505599 0.1893185 0.3833269 0.1893185 0.3833269 0.2481995 0.001438766 0.2481995 0.001438766 0.1893185 0.03127608 0.1893185 0.03127608 0.2481995 0.4555403 0.2481995 0.4555403 0.1893185 0.4814714 0.1893185 0.4814714 0.2481995 0.001438766 0.2481995 0.001438766 0.1893185 0.03127608 0.1893185 0.03127608 0.2481995 0.3505599 0.2481995 0.3505599 0.1893185 0.3833269 0.1893185 0.3833269 0.2481995 0.001438766 0.2481995 0.001438766 0.1893185 0.03127608 0.1893185 0.03127608 0.2481995 0.4555403 0.2481995 0.4555403 0.1893185 0.4814714 0.1893185 0.4814714 0.2481995 0.001438766 0.2481995 0.001438766 0.1893185 0.03127608 0.1893185 0.03127608 0.2481995</float_array>
          <technique_common>
            <accessor source="#Cube_002-mesh-map-0-array" count="3686" stride="2">
              <param name="S" type="float"/>
              <param name="T" type="float"/>
            </accessor>
          </technique_common>
        </source>
        <source id="Cube_002-mesh-map-1">
          <float_array id="Cube_002-mesh-map-1-array" count="7372">0 0 0 0 0 0 0 0 0 0 0 0 0 0 0 0 0 0 0 0 0 0 0 0 0 0 0 0 0 0 0 0 0 0 0 0 0 0 0 0 0 0 0 0 0 0 0 0 0 0 0 0 0 0 0 0 0 0 0 0 0 0 0 0 0 0 0 0 0 0 0 0 0 0 0 0 0 0 0 0 0 0 0 0 0 0 0 0 0 0 0 0 0 0 0 0 0 0 0 0 0 0 0 0 0 0 0 0 0 0 0 0 0 0 0 0 0 0 0 0 0 0 0 0 0 0 0 0 0 0 0 0 0 0 0 0 0 0 0 0 0 0 0 0 0 0 0 0 0 0 0 0 0 0 0 0 0 0 0 0 0 0 0 0 0 0 0 0 0 0 0 0 0 0 0 0 0 0 0 0 0 0 0 0 0 0 0 0 0 0 0 0 0 0 0 0 0 0 0 0 0 0 0 0 0 0 0 0 0 0 0 0 0 0 0 0 0 0 0 0 0 0 0 0 0 0 0 0 0 0 0 0 0 0 0 0 0 0 0 0 0 0 0 0 0 0 0 0 0 0 0 0 0 0 0 0 0 0 0 0 0 0 0 0 0 0 0 0 0 0 0 0 0 0 0 0 0 0 0 0 0 0 0 0 0 0 0 0 0 0 0 0 0 0 0 0 0 0 0 0 0 0 0 0 0 0 0 0 0 0 0 0 0 0 0 0 0 0 0 0 0 0 0 0 0 0 0 0 0 0 0 0 0 0 0 0 0 0 0 0 0 0 0 0 0 0 0 0 0 0 0 0 0 0 0 0 0 0 0 0 0 0 0 0 0 0 0 0 0 0 0 0 0 0 0 0 0 0 0 0 0 0 0 0 0 0 0 0 0 0 0 0 0 0 0 0 0 0 0 0 0 0 0 0 0 0 0 0 0 0 0 0 0 0 0 0 0 0 0 0 0 0 0 0 0 0 0 0 0 0 0 0 0 0 0 0 0 0 0 0 0 0 0 0 0 0 0 0 0 0 0 0 0 0 0 0 0 0 0 0 0 0 0 0 0 0 0 0 0 0 0 0 0 0 0 0 0 0 0 0 0 0 0 0 0 0 0 0 0 0 0 0 0 0 0 0 0 0 0 0 0 0 0 0 0 0 0 0 0 0 0 0 0 0 0 0 0 0 0 0 0 0 0 0 0 0 0 0 0 0 0 0 0 0 0 0 0 0 0 0 0 0 0 0 0 0 0 0 0 0 0 0 0 0 0 0 0 0 0 0 0 0 0 0 0 0 0 0 0 0 0 0 0 0 0 0 0 0 0 0 0 0 0 0 0 0 0 0 0 0 0 0 0 0 0 0 0 0 0 0 0 0 0 0 0 0 0 0 0 0 0 0 0 0 0 0 0 0 0 0 0 0 0 0 0 0 0 0 0 0 0 0 0 0 0 0 0 0 0 0 0 0 0 0 0 0 0 0 0 0 0 0 0 0 0 0 0 0 0 0 0 0 0 0 0 0 0 0 0 0 0 0 0 0 0 0 0 0 0 0 0 0 0 0 0 0 0 0 0 0 0 0 0 0 0 0 0 0 0 0 0 0 0 0 0 0 0 0 0 0 0 0 0 0 0 0 0 0 0 0 0 0 0 0 0 0 0 0 0 0 0 0 0 0 0 0 0 0 0 0 0 0 0 0 0 0 0 0 0 0 0 0 0 0 0 0 0 0 0 0 0 0 0 0 0 0 0 0 0 0 0 0 0 0 0 0 0 0 0 0 0 0 0 0 0 0 0 0 0 0 0 0 0 0 0 0 0 0 0 0 0 0 0 0 0 0 0 0 0 0 0 0 0 0 0 0 0 0 0 0 0 0 0 0 0 0 0 0 0 0 0 0 0 0 0 0 0 0 0 0 0 0 0 0 0 0 0 0 0 0 0 0 0 0 0 0 0 0 0 0 0 0 0 0 0 0 0 0 0 0 0 0 0 0 0 0 0 0 0 0 0 0 0 0 0 0 0 0 0 0 0 0 0 0 0 0 0 0 0 0 0 0 0 0 0 0 0 0 0 0 0 0 0 0 0 0 0 0 0 0 0 0 0 0 0 0 0 0 0 0 0 0 0 0 0 0 0 0 0 0 0 0 0 0 0 0 0 0 0 0 0 0 0 0 0 0 0 0 0 0 0 0 0 0 0 0 0 0 0 0 0 0 0 0 0 0 0 0 0 0 0 0 0 0 0 0 0 0 0 0 0 0 0 0 0 0 0 0 0 0 0 0 0 0 0 0 0 0 0 0 0 0 0 0 0 0 0 0 0 0 0 0 0 0 0 0 0 0 0 0 0 0 0 0 0 0 0 0 0 0 0 0 0 0 0 0 0 0 0 0 0 0 0 0 0 0 0 0 0 0 0 0 0 0 0 0 0 0 0 0 0 0 0 0 0 0 0 0 0 0 0 0 0 0 0 0 0 0 0 0 0 0 0 0 0 0 0 0 0 0 0 0 0 0 0 0 0 0 0 0 0 0 0 0 0 0 0 0 0 0 0 0 0 0 0 0 0 0 0 0 0 0 0 0 0 0 0 0 0 0 0 0 0 0 0 0 0 0 0 0 0 0 0 0 0 0 0 0 0 0 0 0 0 0 0 0 0 0 0 0 0 0 0 0 0 0 0 0 0 0 0 0 0 0 0 0 0 0 0 0 0 0 0 0 0 0 0 0 0 0 0 0 0 0 0 0 0 0 0 0 0 0 0 0 0 0 0 0 0 0 0 0 0 0 0 0 0 0 0 0 0 0 0 0 0 0 0 0 0 0 0 0 0 0 0 0 0 0 0 0 0 0 0 0 0 0 0 0 0 0 0 0 0 0 0 0 0 0 0 0 0 0 0 0 0 0 0 0 0 0 0 0 0 0 0 0 0 0 0 0 0 0 0 0 0 0 0 0 0 0 0 0 0 0 0 0 0 0 0 0 0 0 0 0 0 0 0 0 0 0 0 0 0 0 0 0 0 0 0 0 0 0 0 0 0 0 0 0 0 0 0 0 0 0 0 0 0 0 0 0 0 0 0 0 0 0 0 0 0 0 0 0 0 0 0 0 0 0 0 0 0 0 0 0 0 0 0 0 0 0 0 0 0 0 0 0 0 0 0 0 0 0 0 0 0 0 0 0 0 0 0 0 0 0 0 0 0 0 0 0 0 0 0 0 0 0 0 0 0 0 0 0 0 0 0 0 0 0 0 0 0 0 0 0 0 0 0 0 0 0 0 0 0 0 0 0 0 0 0 0 0 0 0 0 0 0 0 0 0 0 0 0 0 0 0 0 0 0 0 0 0 0 0 0 0 0 0 0 0 0 0 0 0 0 0 0 0 0 0 0 0 0 0 0 0 0 0 0 0 0 0 0 0 0 0 0 0 0 0 0 0 0 0 0 0 0 0 0 0 0 0 0 0 0 0 0 0 0 0 0 0 0 0 0 0 0 0 0 0 0 0 0 0 0 0 0 0 0 0 0 0 0 0 0 0 0 0 0 0 0 0 0 0 0 0 0 0 0 0 0 0 0 0 0 0 0 0 0 0 0 0 0 0 0 0 0 0 0 0 0 0 0 0 0 0 0 0 0 0 0 0 0 0 0 0 0 0 0 0 0 0 0 0 0 0 0 0 0 0 0 0 0 0 0 0 0 0 0 0 0 0 0 0 0 0 0 0 0 0 0 0 0 0 0 0 0 0 0 0 0 0 0 0 0 0 0 0 0 0 0 0 0 0 0 0 0 0 0 0 0 0 0 0 0 0 0 0 0 0 0 0 0 0 0 0 0 0 0 0 0 0 0 0 0 0 0 0 0 0 0 0 0 0 0 0 0 0 0 0 0 0 0 0 0 0 0 0 0 0 0 0 0 0 0 0 0 0 0 0 0 0 0 0 0 0 0 0 0 0 0 0 0 0 0 0 0 0 0 0 0 0 0 0 0 0 0 0 0 0 0 0 0 0 0 0 0 0 0 0 0 0 0 0 0 0 0 0 0 0 0 0 0 0 0 0 0 0 0 0 0 0 0 0 0 0 0 0 0 0 0 0 0 0 0 0 0 0 0 0 0 0 0 0 0 0 0 0 0 0 0 0 0 0 0 0 0 0 0 0 0 0 0 0 0 0 0 0 0 0 0 0 0 0 0 0 0 0 0 0 0 0 0 0 0 0 0 0 0 0 0 0 0 0 0 0 0 0 0 0 0 0 0 0 0 0 0 0 0 0 0 0 0 0 0 0 0 0 0 0 0 0 0 0 0 0 0 0 0 0 0 0 0 0 0 0 0 0 0 0 0 0 0 0 0 0 0 0 0 0 0 0 0 0 0 0 0 0 0 0 0 0 0 0 0 0 0 0 0 0 0 0 0 0 0 0 0 0 0 0 0 0 0 0 0 0 0 0 0 0 0 0 0 0 0 0 0 0 0 0 0 0 0 0 0 0 0 0 0 0 0 0 0 0 0 0 0 0 0 0 0 0 0 0 0 0 0 0 0 0 0 0 0 0 0 0 0 0 0 0 0 0 0 0 0 0 0 0 0 0 0 0 0 0 0 0 0 0 0 0 0 0 0 0 0 0 0 0 0 0 0 0 0 0 0 0 0 0 0 0 0 0 0 0 0 0 0 0 0 0 0 0 0 0 0 0 0 0 0 0 0 0 0 0 0 0 0 0 0 0 0 0 0 0 0 0 0 0 0 0 0 0 0 0 0 0 0 0 0 0 0 0 0 0 0 0 0 0 0 0 0 0 0 0 0 0 0 0 0 0 0 0 0 0 0 0 0 0 0 0 0 0 0 0 0 0 0 0 0 0 0 0 0 0 0 0 0 0 0 0 0 0 0 0 0 0 0 0 0 0 0 0 0 0 0 0 0 0 0 0 0 0 0 0 0 0 0 0 0 0 0 0 0 0 0 0 0 0 0 0 0 0 0 0 0 0 0 0 0 0 0 0 0 0 0 0 0 0 0 0 0 0 0 0 0 0 0 0 0 0 0 0 0 0 0 0 0 0 0 0 0 0 0 0 0 0 0 0 0 0 0 0 0 0 0 0 0 0 0 0 0 0 0 0 0 0 0 0 0 0 0 0 0 0 0 0 0 0 0 0 0 0 0 0 0 0 0 0 0 0 0 0 0 0 0 0 0 0 0 0 0 0 0 0 0 0 0 0 0 0 0 0 0 0 0 0 0 0 0 0 0 0 0 0 0 0 0 0 0 0 0 0 0 0 0 0 0 0 0 0 0 0 0 0 0 0 0 0 0 0 0 0 0 0 0 0 0 0 0 0 0 0 0 0 0 0 0 0 0 0 0 0 0 0 0 0 0 0 0 0 0 0 0 0 0 0 0 0 0 0 0 0 0 0 0 0 0 0 0 0 0 0 0 0 0 0 0 0 0 0 0 0 0 0 0 0 0 0 0 0 0 0 0 0 0 0 0 0 0 0 0 0 0 0 0 0 0 0 0 0 0 0 0 0 0 0 0 0 0 0 0 0 0 0 0 0 0 0 0 0 0 0 0 0 0 0 0 0 0 0 0 0 0 0 0 0 0 0 0 0 0 0 0 0 0 0 0 0 0 0 0 0 0 0 0 0 0 0 0 0 0 0 0 0 0 0 0 0 0 0 0 0 0 0 0 0 0 0 0 0 0 0 0 0 0 0 0 0 0 0 0 0 0 0 0 0 0 0 0 0 0 0 0 0 0 0 0 0 0 0 0 0 0 0 0 0 0 0 0 0 0 0 0 0 0 0 0 0 0 0 0 0 0 0 0 0 0 0 0 0 0 0 0 0 0 0 0 0 0 0 0 0 0 0 0 0 0 0 0 0 0 0 0 0 0 0 0 0 0 0 0 0 0 0 0 0 0 0 0 0 0 0 0 0 0 0 0 0 0 0 0 0 0 0 0 0 0 0 0 0 0 0 0 0 0 0 0 0 0 0 0 0 0 0 0 0 0 0 0 0 0 0 0 0 0 0 0 0 0 0 0 0 0 0 0 0 0 0 0 0 0 0 0 0 0 0 0 0 0 0 0 0 0 0 0 0 0 0 0 0 0 0 0 0 0 0 0 0 0 0 0 0 0 0 0 0 0 0 0 0 0 0 0 0 0 0 0 0 0 0 0 0 0 0 0 0 0 0 0 0 0 0 0 0 0 0 0 0 0 0 0 0 0 0 0 0 0 0 0 0 0 0 0 0 0 0 0 0 0 0 0 0 0 0 0 0 0 0 0 0 0 0 0 0 0 0 0 0 0 0 0 0 0 0 0 0 0 0 0 0 0 0 0 0 0 0 0 0 0 0 0 0 0 0 0 0 0 0 0 0 0 0 0 0 0 0 0 0 0 0 0 0 0 0 0 0 0 0 0 0 0 0 0 0 0 0 0 0 0 0 0 0 0 0 0 0 0 0 0 0 0 0 0 0 0 0 0 0 0 0 0 0 0 0 0 0 0 0 0 0 0 0 0 0 0 0 0 0 0 0 0 0 0 0 0 0 0 0 0 0 0 0 0 0 0 0 0 0 0 0 0 0 0 0 0 0 0 0 0 0 0 0 0 0 0 0 0 0 0 0 0 0 0 0 0 0 0 0 0 0 0 0 0 0 0 0 0 0 0 0 0 0 0 0 0 0 0 0 0 0 0 0 0 0 0 0 0 0 0 0 0 0 0 0 0 0 0 0 0 0 0 0 0 0 0 0 0 0 0 0 0 0 0 0 0 0 0 0 0 0 0 0 0 0 0 0 0 0 0 0 0 0 0 0 0 0 0 0 0 0 0 0 0 0 0 0 0 0 0 0 0 0 0 0 0 0 0 0 0 0 0 0 0 0 0 0 0 0 0 0 0 0 0 0 0 0 0 0 0 0 0 0 0 0 0 0 0 0 0 0 0 0 0 0 0 0 0 0 0 0 0 0 0 0 0 0 0 0 0 0 0 0 0 0 0 0 0 0 0 0 0 0 0 0 0 0 0 0 0 0 0 0 0 0 0 0 0 0 0 0 0 0 0 0 0 0 0 0 0 0 0 0 0 0 0 0 0 0 0 0 0 0 0 0 0 0 0 0 0 0 0 0 0 0 0 0 0 0 0 0 0 0 0 0 0 0 0 0 0 0 0 0 0 0 0 0 0 0 0 0 0 0 0 0 0 0 0 0 0 0 0 0 0 0 0 0 0 0 0 0 0 0 0 0 0 0 0 0 0 0 0 0 0 0 0 0 0 0 0 0 0 0 0 0 0 0 0 0 0 0 0 0 0 0 0 0 0 0 0 0 0 0 0 0 0 0 0 0 0 0 0 0 0 0 0 0 0 0 0 0 0 0 0 0 0 0 0 0 0 0 0 0 0 0 0 0 0 0 0 0 0 0 0 0 0 0 0 0 0 0 0 0 0 0 0 0 0 0 0 0 0 0 0 0 0 0 0 0 0 0 0 0 0 0 0 0 0 0 0 0 0 0 0 0 0 0 0 0 0 0 0 0 0 0 0 0 0 0 0 0 0 0 0 0 0 0 0 0 0 0 0 0 0 0 0 0 0 0 0 0 0 0 0 0 0 0 0 0 0 0 0 0 0 0 0 0 0 0 0 0 0 0 0 0 0 0 0 0 0 0 0 0 0 0 0 0 0 0 0 0 0 0 0 0 0 0 0 0 0 0 0 0 0 0 0 0 0 0 0 0 0 0 0 0 0 0 0 0 0 0 0 0 0 0 0 0 0 0 0 0 0 0 0 0 0 0 0 0 0 0 0 0 0 0 0 0 0 0 0 0 0 0 0 0 0 0 0 0 0 0 0 0 0 0 0 0 0 0 0 0 0 0 0 0 0 0 0 0 0 0 0 0 0 0 0 0 0 0 0 0 0 0 0 0 0 0 0 0 0 0 0 0 0 0 0 0 0 0 0 0 0 0 0 0 0 0 0 0 0 0 0 0 0 0 0 0 0 0 0 0 0 0 0 0 0 0 0 0 0 0 0 0 0 0 0 0 0 0 0 0 0 0 0 0 0 0 0 0 0 0 0 0 0 0 0 0 0 0 0 0 0 0 0 0 0 0 0 0 0 0 0 0 0 0 0 0 0 0 0 0 0 0 0 0 0 0 0 0 0 0 0 0 0 0 0 0 0 0 0 0 0 0 0 0 0 0 0 0 0 0 0 0 0 0 0 0 0 0 0 0 0 0 0 0 0 0 0 0 0 0 0 0 0 0 0 0 0 0 0 0 0 0 0 0 0 0 0 0 0 0 0 0 0 0 0 0 0 0 0 0 0 0 0 0 0 0 0 0 0 0 0 0 0 0 0 0 0 0 0 0 0 0 0 0 0 0 0 0 0 0 0 0 0 0 0 0 0 0 0 0 0 0 0 0 0 0 0 0 0 0 0 0 0 0 0 0 0 0 0 0 0 0 0 0 0 0 0 0 0 0 0 0 0 0 0 0 0 0 0 0 0 0 0 0 0 0 0 0 0 0 0 0 0 0 0 0 0 0 0 0 0 0 0 0 0 0 0 0 0 0 0 0 0 0 0 0 0 0 0 0 0 0 0 0 0 0 0 0 0 0 0 0 0 0 0 0 0 0 0 0 0 0 0 0 0 0 0 0 0 0 0 0 0 0 0 0 0 0 0 0 0 0 0 0 0 0 0 0 0 0 0 0 0 0 0 0 0 0 0 0 0 0 0 0 0 0 0 0 0 0 0 0 0 0 0 0 0 0 0 0 0 0 0 0 0 0 0 0 0 0 0 0 0 0 0 0 0 0 0 0 0 0 0 0 0 0 0 0 0 0 0 0 0 0 0 0 0 0 0 0 0 0 0 0 0 0 0 0 0 0 0 0 0 0 0 0 0 0 0 0 0 0 0 0 0 0 0 0 0 0 0 0 0 0 0 0 0 0 0 0 0 0 0 0 0 0 0 0 0 0 0 0 0 0 0 0 0 0 0 0 0 0 0 0 0 0 0 0 0 0 0 0 0 0 0 0 0 0 0 0 0 0 0 0 0 0 0 0 0 0 0 0 0 0 0 0 0 0 0 0 0 0 0 0 0 0 0 0 0 0 0 0 0 0 0 0 0 0 0 0 0 0 0 0 0 0 0 0 0 0 0 0 0 0 0 0 0 0 0 0 0 0 0 0 0 0 0 0 0 0 0 0 0 0 0 0 0 0 0 0 0 0 0 0 0 0 0 0 0 0 0 0 0 0 0 0 0 0 0 0 0 0 0 0 0 0 0 0 0 0 0 0 0 0 0 0 0 0 0 0 0 0 0 0 0 0 0 0 0 0 0 0 0 0 0 0 0 0 0 0 0 0 0 0 0 0 0 0 0 0 0 0 0 0 0 0 0 0 0 0 0 0 0 0 0 0 0 0 0 0 0 0 0 0 0 0 0 0 0 0 0 0 0 0 0 0 0 0 0 0 0 0 0 0 0 0 0 0 0 0 0 0 0 0 0 0 0 0 0 0 0 0 0 0 0 0 0 0 0 0 0 0 0 0 0 0 0 0 0 0 0 0 0 0 0 0 0 0 0 0 0 0 0 0 0 0 0 0 0 0 0 0 0 0 0 0 0 0 0 0 0 0 0 0 0 0 0 0 0 0 0 0 0 0 0 0 0 0 0 0 0 0 0 0 0 0 0 0 0 0 0 0 0 0 0 0 0 0 0 0 0 0 0 0 0 0 0 0 0 0 0 0 0 0 0 0 0 0 0 0 0 0 0 0 0 0 0 0 0 0 0 0 0 0 0 0 0 0 0 0 0 0 0 0 0 0 0 0 0 0 0 0 0 0 0 0 0 0 0 0 0 0 0 0 0 0 0 0 0 0 0 0 0 0 0 0 0 0 0 0 0 0 0 0 0 0 0 0 0 0 0 0 0 0 0 0 0 0 0 0 0 0 0 0 0 0 0 0 0 0 0 0 0 0 0 0 0 0 0 0 0 0 0 0 0 0 0 0 0 0 0 0 0 0 0 0 0 0 0 0 0 0 0 0 0 0 0 0 0 0 0 0 0 0 0 0 0 0 0 0 0 0 0 0 0 0 0 0 0 0 0 0 0 0 0 0 0 0 0 0 0 0 0 0 0 0 0 0 0 0 0 0 0 0 0 0 0 0 0 0 0 0 0 0 0 0 0 0 0 0 0 0 0 0 0 0 0 0 0 0 0 0 0 0 0 0 0 0 0 0 0 0 0 0 0 0 0 0 0 0 0 0 0 0 0 0 0 0 0 0 0 0 0 0 0 0 0 0 0 0 0 0 0 0 0 0 0 0 0 0 0 0 0 0 0 0 0 0 0 0 0 0 0 0 0 0 0 0 0 0 0 0 0 0 0 0 0 0 0 0 0 0 0 0 0 0 0 0 0 0 0 0 0 0 0 0 0 0 0 0 0 0 0 0 0 0 0 0 0 0 0 0 0 0 0 0 0 0 0 0 0 0 0 0 0 0 0 0 0 0 0 0 0 0 0 0 0 0 0 0 0 0 0 0 0 0 0 0 0 0 0 0 0 0 0 0 0 0 0 0 0 0 0 0 0 0 0 0 0 0 0 0 0 0 0 0 0 0 0 0 0 0 0 0 0 0 0 0 0 0 0 0 0 0 0 0 0 0 0 0 0 0 0 0 0 0 0 0 0 0 0 0 0 0 0 0 0 0 0 0 0 0 0 0 0 0 0 0 0 0 0 0 0 0 0 0 0 0 0 0 0 0 0 0 0 0 0 0 0 0 0 0 0 0 0 0 0 0 0 0 0 0 0 0 0 0 0 0 0 0 0 0 0 0 0 0 0 0 0 0 0 0 0 0 0 0 0 0 0 0 0 0 0 0 0 0 0 0 0 0 0 0 0 0 0 0 0 0 0 0 0 0 0 0 0 0 0 0 0 0 0 0 0 0 0 0 0 0 0 0 0 0 0 0 0 0 0 0 0 0 0 0 0 0 0 0 0 0 0 0 0 0 0 0 0 0 0 0 0 0 0 0 0 0 0 0 0 0 0 0 0 0 0 0 0 0 0 0 0 0 0 0 0 0 0 0 0 0 0 0 0 0 0 0 0 0 0 0 0 0 0 0 0 0 0 0 0 0 0 0 0 0 0 0 0 0 0 0 0 0 0 0 0 0 0 0 0 0 0 0 0 0 0 0 0 0 0 0 0 0 0 0 0 0 0 0 0 0 0 0 0 0 0 0 0 0 0 0 0 0 0 0 0 0 0 0 0 0 0 0 0 0 0 0 0 0 0 0 0 0 0 0 0 0 0 0 0 0 0 0 0 0 0 0 0 0 0 0 0 0 0 0 0 0 0 0 0 0 0 0 0 0 0 0 0 0 0 0 0 0 0 0 0 0 0 0 0 0 0 0 0 0 0 0 0 0 0 0 0 0 0 0 0 0 0 0 0 0 0 0 0 0 0 0 0 0 0 0 0 0 0 0 0 0 0 0 0 0 0 0 0 0 0 0 0 0 0 0 0 0 0 0 0 0 0 0 0 0 0 0 0 0 0 0 0 0 0 0 0 0 0 0 0 0 0 0 0 0 0 0 0 0 0 0 0 0 0 0 0 0 0 0 0 0 0 0 0 0 0 0 0 0 0 0 0 0 0 0 0 0 0 0 0 0 0 0 0 0 0 0 0 0 0 0 0 0 0 0 0 0 0 0 0 0 0 0 0 0 0 0 0 0 0 0 0 0 0 0 0 0 0 0 0 0 0 0 0 0 0 0 0 0 0 0 0 0 0 0 0 0 0 0 0 0 0 0 0 0 0 0 0 0 0 0 0 0 0 0 0 0 0 0 0 0 0 0 0 0 0 0 0 0 0 0 0 0 0 0 0 0 0 0 0 0 0 0 0 0 0 0 0 0 0 0 0 0 0 0 0 0 0 0 0 0 0 0 0 0 0 0 0 0 0 0 0 0 0 0 0 0 0 0 0 0 0 0 0 0 0 0 0 0 0 0 0 0 0 0 0 0 0 0 0 0 0 0 0 0 0 0 0 0 0 0 0 0 0 0 0 0 0 0 0 0 0 0 0 0 0 0 0 0 0 0 0 0 0 0 0 0 0 0 0 0 0 0 0 0 0 0 0 0 0 0 0 0 0 0 0 0 0 0 0 0 0 0 0 0 0 0 0 0 0 0 0 0 0 0 0 0 0 0 0 0 0 0 0 0 0 0 0 0 0 0 0 0 0 0 0 0 0 0 0 0 0 0 0 0 0 0 0 0 0 0 0 0 0 0 0 0 0 0 0 0 0 0 0 0 0 0 0 0 0 0 0 0 0 0 0 0 0 0 0 0 0 0 0 0 0 0 0 0 0 0 0 0 0 0 0 0 0 0 0 0 0 0 0 0 0 0 0 0 0 0 0 0 0 0 0 0 0 0 0 0 0 0 0 0 0 0 0 0 0 0 0 0 0 0 0 0 0 0 0 0 0 0 0 0 0 0 0 0 0 0 0 0 0 0 0 0 0 0 0 0 0 0 0 0 0 0 0 0 0 0 0 0 0 0 0 0 0 0 0 0 0 0 0 0 0 0 0 0 0 0 0 0 0 0 0 0 0 0 0 0 0 0 0 0 0 0 0 0 0 0 0 0 0 0 0 0 0 0 0 0 0 0 0 0 0 0 0 0 0 0 0 0 0 0 0 0 0 0 0 0 0 0 0 0 0 0 0 0 0 0 0 0 0 0 0 0 0 0 0 0 0 0 0 0 0 0 0 0 0 0 0 0 0 0 0 0 0 0 0 0 0 0 0 0 0 0 0 0 0 0 0 0 0 0 0 0 0 0 0 0 0 0 0 0 0 0 0 0 0 0 0 0 0 0 0 0 0 0 0 0 0 0 0 0 0 0 0 0 0 0 0 0 0 0 0 0 0 0 0 0 0 0 0 0 0 0 0 0 0 0 0 0 0 0 0 0 0 0 0 0 0 0 0 0 0 0 0 0 0 0 0 0 0 0 0 0 0 0 0 0 0 0 0 0 0 0 0 0 0 0 0 0 0 0 0 0 0 0 0 0 0 0 0 0 0 0 0 0 0 0 0 0 0 0 0 0 0 0 0 0 0 0 0 0 0 0 0 0 0 0 0 0 0 0 0 0 0 0 0 0 0 0 0 0 0 0 0 0 0 0 0 0 0 0 0 0 0 0 0 0 0 0 0 0 0 0 0 0 0 0 0 0 0 0 0 0 0 0 0 0 0 0 0 0 0 0 0 0 0 0 0 0 0 0 0 0 0 0 0 0 0 0 0 0 0 0 0 0 0 0 0 0 0 0 0 0 0 0 0 0 0 0 0 0 0 0 0 0 0 0 0 0 0 0 0 0 0 0 0 0 0 0 0 0 0 0 0 0 0 0 0 0 0 0 0 0 0 0 0 0 0 0 0 0 0 0 0 0 0 0 0 0 0 0 0 0 0 0 0 0 0 0 0 0 0 0 0 0 0 0 0 0 0 0 0 0 0 0 0 0 0 0 0 0 0 0 0 0 0 0 0 0 0 0 0 0 0 0 0 0 0 0 0 0 0 0 0 0 0 0 0 0 0 0 0 0 0 0 0 0 0 0 0 0 0 0 0 0 0 0 0 0 0 0 0 0 0 0 0 0 0 0 0 0 0 0 0 0 0 0 0 0 0 0 0 0 0 0 0 0 0 0 0 0 0 0 0 0 0 0 0 0 0 0 0 0 0 0 0 0 0 0 0 0 0 0 0 0 0 0 0 0 0 0 0 0 0 0 0 0 0 0 0 0 0 0 0 0 0 0 0 0 0 0 0 0 0 0 0 0 0 0 0 0 0 0 0 0 0 0 0 0 0 0 0 0 0 0 0 0 0 0 0 0 0 0 0 0 0 0 0 0 0 0 0 0 0 0 0 0 0 0 0 0 0 0 0 0 0 0 0 0 0 0 0 0 0 0 0 0 0 0 0 0 0 0 0 0 0 0 0 0 0 0 0 0 0 0 0 0 0 0 0 0 0 0 0 0 0 0 0 0 0 0 0 0 0 0 0 0 0 0 0 0 0 0 0 0 0 0 0 0 0 0 0 0 0 0 0 0 0 0 0 0 0 0 0 0 0 0 0 0 0 0 0 0 0 0 0 0 0 0 0 0 0 0 0 0 0 0 0 0 0 0 0 0 0 0 0 0 0 0 0 0 0 0 0 0 0 0 0 0 0 0 0 0 0 0 0 0 0 0 0 0 0 0 0 0 0 0 0 0 0 0 0 0 0 0 0 0 0 0 0 0 0 0 0 0 0 0 0 0 0 0 0 0 0 0 0 0 0 0 0 0 0 0 0 0 0 0 0 0 0 0 0 0 0 0 0 0 0 0 0 0 0 0 0 0 0 0 0 0 0 0 0 0 0 0 0 0 0 0 0 0 0 0 0 0 0 0 0 0 0 0 0 0 0 0 0 0 0 0 0 0 0 0 0 0 0 0 0 0 0 0 0 0 0 0 0 0 0 0 0 0 0 0 0 0 0 0 0 0 0 0 0 0 0 0 0 0 0 0 0 0 0 0 0 0 0 0 0 0 0 0 0 0 0 0 0 0 0 0 0 0 0 0 0 0 0 0 0 0 0 0 0 0 0 0 0 0 0 0 0 0 0 0 0 0 0 0 0 0 0 0 0 0 0 0 0 0 0 0 0 0 0 0 0 0 0 0 0 0 0 0 0 0 0 0 0 0 0 0 0 0 0 0 0 0 0 0 0 0 0 0 0 0 0 0 0 0 0 0 0 0 0 0 0 0 0 0 0 0 0 0 0 0 0 0 0 0 0 0 0 0 0 0 0 0 0 0 0 0 0 0 0 0 0 0 0 0 0 0 0 0 0 0 0 0 0 0 0 0 0 0 0 0 0 0 0 0 0 0 0 0 0 0 0 0 0 0 0 0 0 0 0 0 0 0 0 0 0 0 0 0 0 0 0 0 0 0 0 0 0 0 0 0 0 0 0 0 0 0 0 0 0 0 0 0 0 0 0 0 0 0 0 0 0 0 0 0 0 0 0 0 0 0 0 0 0 0 0 0 0 0 0 0 0 0 0 0 0 0 0 0 0 0 0 0 0 0 0 0 0 0 0 0 0 0 0 0 0 0 0 0 0 0 0 0 0 0 0 0 0 0 0 0 0 0 0 0 0 0 0 0 0 0 0 0 0 0 0 0 0 0 0 0 0 0 0 0 0 0 0 0 0 0 0 0 0 0 0 0 0 0 0 0 0 0 0 0 0 0 0 0 0 0 0 0 0 0 0 0 0 0 0 0 0 0 0 0 0 0 0 0 0 0 0 0 0 0 0 0 0 0 0 0 0 0 0 0 0 0 0 0 0 0 0 0 0 0 0 0 0 0 0 0 0 0 0 0 0 0 0 0 0 0 0 0 0 0 0 0 0 0 0 0 0 0 0 0 0 0 0 0 0 0 0 0 0 0 0 0 0 0 0 0 0 0 0 0 0 0 0 0 0 0 0 0 0 0 0 0 0 0 0 0 0 0 0 0 0 0 0 0 0 0 0 0 0 0 0 0 0 0 0 0 0 0 0 0 0 0 0 0 0 0 0 0 0 0 0 0 0 0 0 0 0 0 0 0 0 0 0 0 0 0 0 0 0 0 0 0 0 0 0 0 0 0 0 0 0 0 0 0 0 0 0 0 0 0 0 0 0 0 0 0 0 0 0 0 0 0 0 0 0 0 0 0 0 0 0 0 0 0 0 0 0 0 0 0 0 0 0 0 0 0 0 0 0 0 0 0 0 0 0 0 0 0 0 0 0 0 0 0 0 0 0 0 0 0 0 0 0 0 0 0 0 0 0 0 0 0 0 0 0 0 0 0 0 0 0 0 0 0 0 0 0 0 0 0 0 0 0 0 0 0 0 0 0 0 0 0 0 0 0 0 0 0 0 0 0 0 0 0 0 0 0 0 0 0 0 0 0 0 0 0 0 0 0 0 0 0 0 0 0 0 0 0 0 0 0 0 0 0 0 0 0 0 0 0 0 0 0 0 0 0 0 0 0 0 0 0 0 0 0 0 0 0 0 0 0 0 0 0 0 0 0 0 0 0 0 0 0 0 0 0 0 0 0 0 0 0 0 0 0 0 0 0 0 0 0 0 0 0 0 0 0 0 0 0 0 0 0 0 0 0 0 0 0 0 0 0 0 0 0 0 0 0 0 0 0 0 0 0 0 0 0 0 0 0 0 0 0 0 0 0 0 0 0 0 0 0 0 0 0 0 0 0 0 0 0 0 0 0 0 0 0 0 0 0 0 0 0 0 0 0 0 0 0 0 0 0 0 0 0 0 0 0 0 0 0 0 0 0 0 0 0 0 0 0 0 0 0 0 0 0 0 0 0 0 0 0 0 0 0 0 0 0 0 0 0 0 0 0 0 0 0 0 0 0 0 0 0 0 0 0 0 0 0 0 0 0 0 0 0 0 0 0 0 0 0 0 0 0 0 0 0 0 0 0 0 0 0 0 0 0 0 0 0 0 0 0 0 0 0 0 0 0 0 0 0 0 0 0 0 0 0 0 0 0 0 0 0 0 0 0 0 0 0 0 0 0 0 0 0 0 0 0 0 0 0 0 0 0 0 0 0 0 0 0 0 0 0 0 0 0 0 0 0</float_array>
          <technique_common>
            <accessor source="#Cube_002-mesh-map-1-array" count="3686" stride="2">
              <param name="S" type="float"/>
              <param name="T" type="float"/>
            </accessor>
          </technique_common>
        </source>
        <source id="Cube_002-mesh-colors-Attribute" name="Attribute">
          <float_array id="Cube_002-mesh-colors-Attribute-array" count="14616">1 1 1 1 1 1 1 1 1 1 1 1 1 1 1 1 1 1 1 1 1 1 1 1 1 1 1 1 1 1 1 1 1 1 1 1 1 1 1 1 1 1 1 1 1 1 1 1 1 1 1 1 1 1 1 1 1 1 1 1 1 1 1 1 1 1 1 1 1 1 1 1 1 1 1 1 1 1 1 1 1 1 1 1 1 1 1 1 1 1 1 1 1 1 1 1 1 1 1 1 1 1 1 1 1 1 1 1 1 1 1 1 1 1 1 1 1 1 1 1 1 1 1 1 1 1 1 1 1 1 1 1 1 1 1 1 1 1 1 1 1 1 1 1 1 1 1 1 1 1 1 1 1 1 1 1 1 1 1 1 1 1 1 1 1 1 1 1 1 1 1 1 1 1 1 1 1 1 1 1 1 1 1 1 1 1 1 1 1 1 1 1 1 1 1 1 1 1 1 1 1 1 1 1 1 1 1 1 1 1 1 1 1 1 1 1 1 1 1 1 1 1 1 1 1 1 1 1 1 1 1 1 1 1 1 1 1 1 1 1 1 1 1 1 1 1 1 1 1 1 1 1 1 1 1 1 1 1 1 1 1 1 1 1 1 1 1 1 1 1 1 1 1 1 1 1 1 1 1 1 1 1 1 1 1 1 1 1 1 1 1 1 1 1 1 1 1 1 1 1 1 1 1 1 1 1 1 1 1 1 1 1 1 1 1 1 1 1 1 1 1 1 1 1 1 1 1 1 1 1 1 1 1 1 1 1 1 1 1 1 1 1 1 1 1 1 1 1 1 1 1 1 1 1 1 1 1 1 1 1 1 1 1 1 1 1 1 1 1 1 1 1 1 1 1 1 1 1 1 1 1 1 1 1 1 1 1 1 1 1 1 1 1 1 1 1 1 1 1 1 1 1 1 1 1 1 1 1 1 1 1 1 1 1 1 1 1 1 1 1 1 1 1 1 1 1 1 1 1 1 1 1 1 1 1 1 1 1 1 1 1 1 1 1 1 1 1 1 1 1 1 1 1 1 1 1 1 1 1 1 1 1 1 1 1 1 1 1 1 1 1 1 1 1 1 1 1 1 1 1 1 1 1 1 1 1 1 1 1 1 1 1 1 1 1 1 1 1 1 1 1 1 1 1 1 1 1 1 1 1 1 1 1 1 1 1 1 1 1 1 1 1 1 1 1 1 1 1 1 1 1 1 1 1 1 1 1 1 1 1 1 1 1 1 1 1 1 1 1 1 1 1 1 1 1 1 1 1 1 1 1 1 1 1 1 1 1 1 1 1 1 1 1 1 1 1 1 1 1 1 1 1 1 1 1 1 1 1 1 1 1 1 1 1 1 1 1 1 1 1 1 1 1 1 1 1 1 1 1 1 1 1 1 1 1 1 1 1 1 1 1 1 1 1 1 1 1 1 1 1 1 1 1 1 1 1 1 1 1 1 1 1 1 1 1 1 1 1 1 1 1 1 1 1 1 1 1 1 1 1 1 1 1 1 1 1 1 1 1 1 1 1 1 1 1 1 1 1 1 1 1 1 1 1 1 1 1 1 1 1 1 1 1 1 1 1 1 1 1 1 1 1 1 1 1 1 1 1 1 1 1 1 1 1 1 1 1 1 1 1 1 1 1 1 1 1 1 1 1 1 1 1 1 1 1 1 1 1 1 1 1 1 1 1 1 1 1 1 1 1 1 1 1 1 1 1 1 1 1 1 1 1 1 1 1 1 1 1 1 1 1 1 1 1 1 1 1 1 1 1 1 1 1 1 1 1 1 1 1 1 1 1 1 1 1 1 1 1 1 1 1 1 1 1 1 1 1 1 1 1 1 1 1 1 1 1 1 1 1 1 1 1 1 1 1 1 1 1 1 1 1 1 1 1 1 1 1 1 1 1 1 1 1 1 1 1 1 1 1 1 1 1 1 1 1 1 1 1 1 1 1 1 1 1 1 1 1 1 1 1 1 1 1 1 1 1 1 1 1 1 1 1 1 1 1 1 1 1 1 1 1 1 1 1 1 1 1 1 1 1 1 1 1 1 1 1 1 1 1 1 1 1 1 1 1 1 1 1 1 1 1 1 1 1 1 1 1 1 1 1 1 1 1 1 1 1 1 1 1 1 1 1 1 1 1 1 1 1 1 1 1 1 1 1 1 1 1 1 1 1 1 1 1 1 1 1 1 1 1 1 1 1 1 1 1 1 1 1 1 1 1 1 1 1 1 1 1 1 1 1 1 1 1 1 1 1 1 1 1 1 1 1 1 1 1 1 1 1 1 1 1 1 1 1 1 1 1 1 1 1 1 1 1 1 1 1 1 1 1 1 1 1 1 1 1 1 1 1 1 1 1 1 1 1 1 1 1 1 1 1 1 1 1 1 1 1 1 1 1 1 1 1 1 1 1 1 1 1 1 1 1 1 1 1 1 1 1 1 1 1 1 1 1 1 1 1 1 1 1 1 1 1 1 1 1 1 1 1 1 1 1 1 1 1 1 1 1 1 1 1 1 1 1 1 1 1 1 1 1 1 1 1 1 1 1 1 1 1 1 1 1 1 1 1 1 1 1 1 1 1 1 1 1 1 1 1 1 1 1 1 1 1 1 1 1 1 1 1 1 1 1 1 1 1 1 1 1 1 1 1 1 1 1 1 1 1 1 1 1 1 1 1 1 1 1 1 1 1 1 1 1 1 1 1 1 1 1 1 1 1 1 1 1 1 1 1 1 1 1 1 1 1 1 1 1 1 1 1 1 1 1 1 1 1 1 1 1 1 1 1 1 1 1 1 1 1 1 1 1 1 1 1 1 1 1 1 1 1 1 1 1 1 1 1 1 1 1 1 1 1 1 1 1 1 1 1 1 1 1 1 1 1 1 1 1 1 1 1 1 1 1 1 1 1 1 1 1 1 1 1 1 1 1 1 1 1 1 1 1 1 1 1 1 1 1 1 1 1 1 1 1 1 1 1 1 1 1 1 1 1 1 1 1 1 1 1 1 1 1 1 1 1 0.6980392 0.7019608 0.6980392 1 0.6980392 0.7019608 0.6980392 1 0.6980392 0.7019608 0.6980392 1 0.6980392 0.7019608 0.6980392 1 0.6980392 0.7019608 0.6980392 1 0.6980392 0.7019608 0.6980392 1 0.6980392 0.7019608 0.6980392 1 0.6980392 0.7019608 0.6980392 1 0.6980392 0.7019608 0.6980392 1 0.6980392 0.7019608 0.6980392 1 0.6980392 0.7019608 0.6980392 1 0.6980392 0.7019608 0.6980392 1 0.6980392 0.7019608 0.6980392 1 0.6980392 0.7019608 0.6980392 1 0.6980392 0.7019608 0.6980392 1 0.6980392 0.7019608 0.6980392 1 0.6980392 0.7019608 0.6980392 1 0.6980392 0.7019608 0.6980392 1 0.6980392 0.7019608 0.6980392 1 0.6980392 0.7019608 0.6980392 1 0.6980392 0.7019608 0.6980392 1 0.6980392 0.7019608 0.6980392 1 0.6980392 0.7019608 0.6980392 1 0.6980392 0.7019608 0.6980392 1 0.6980392 0.7019608 0.6980392 1 0.6980392 0.7019608 0.6980392 1 0.6980392 0.7019608 0.6980392 1 0.6980392 0.7019608 0.6980392 1 0.6980392 0.7019608 0.6980392 1 0.6980392 0.7019608 0.6980392 1 0.6980392 0.7019608 0.6980392 1 0.6980392 0.7019608 0.6980392 1 0.6980392 0.7019608 0.6980392 1 0.6980392 0.7019608 0.6980392 1 0.6980392 0.7019608 0.6980392 1 0.6980392 0.7019608 0.6980392 1 0.6980392 0.7019608 0.6980392 1 0.6980392 0.7019608 0.6980392 1 0.6980392 0.7019608 0.6980392 1 0.6980392 0.7019608 0.6980392 1 0.6980392 0.7019608 0.6980392 1 0.6980392 0.7019608 0.6980392 1 0.6980392 0.7019608 0.6980392 1 0.6980392 0.7019608 0.6980392 1 0.6980392 0.7019608 0.6980392 1 0.6980392 0.7019608 0.6980392 1 0.6980392 0.7019608 0.6980392 1 0.6980392 0.7019608 0.6980392 1 0.6980392 0.7019608 0.6980392 1 0.6980392 0.7019608 0.6980392 1 0.6980392 0.7019608 0.6980392 1 0.6980392 0.7019608 0.6980392 1 0.6980392 0.7019608 0.6980392 1 0.6980392 0.7019608 0.6980392 1 0.6980392 0.7019608 0.6980392 1 0.6980392 0.7019608 0.6980392 1 0.6980392 0.7019608 0.6980392 1 0.6980392 0.7019608 0.6980392 1 0.6980392 0.7019608 0.6980392 1 0.6980392 0.7019608 0.6980392 1 0.6980392 0.7019608 0.6980392 1 0.6980392 0.7019608 0.6980392 1 0.6980392 0.7019608 0.6980392 1 0.6980392 0.7019608 0.6980392 1 0.6980392 0.7019608 0.6980392 1 0.6980392 0.7019608 0.6980392 1 0.6980392 0.7019608 0.6980392 1 0.6980392 0.7019608 0.6980392 1 0.6980392 0.7019608 0.6980392 1 0.6980392 0.7019608 0.6980392 1 0.6980392 0.7019608 0.6980392 1 0.6980392 0.7019608 0.6980392 1 0.6980392 0.7019608 0.6980392 1 0.6980392 0.7019608 0.6980392 1 0.6980392 0.7019608 0.6980392 1 0.6980392 0.7019608 0.6980392 1 0.6980392 0.7019608 0.6980392 1 0.6980392 0.7019608 0.6980392 1 0.6980392 0.7019608 0.6980392 1 0.6980392 0.7019608 0.6980392 1 0.6980392 0.7019608 0.6980392 1 0.6980392 0.7019608 0.6980392 1 0.6980392 0.7019608 0.6980392 1 0.6980392 0.7019608 0.6980392 1 0.6980392 0.7019608 0.6980392 1 0.6980392 0.7019608 0.6980392 1 0.6980392 0.7019608 0.6980392 1 0.6980392 0.7019608 0.6980392 1 0.6980392 0.7019608 0.6980392 1 0.6980392 0.7019608 0.6980392 1 0.6980392 0.7019608 0.6980392 1 0.6980392 0.7019608 0.6980392 1 0.6980392 0.7019608 0.6980392 1 0.6980392 0.7019608 0.6980392 1 0.6980392 0.7019608 0.6980392 1 0.6980392 0.7019608 0.6980392 1 0.6980392 0.7019608 0.6980392 1 0.6980392 0.7019608 0.6980392 1 0.6980392 0.7019608 0.6980392 1 0.6980392 0.7019608 0.6980392 1 0.6980392 0.7019608 0.6980392 1 0.6980392 0.7019608 0.6980392 1 0.6980392 0.7019608 0.6980392 1 0.6980392 0.7019608 0.6980392 1 0.6980392 0.7019608 0.6980392 1 0.6980392 0.7019608 0.6980392 1 0.6980392 0.7019608 0.6980392 1 0.6980392 0.7019608 0.6980392 1 0.6980392 0.7019608 0.6980392 1 0.6980392 0.7019608 0.6980392 1 0.6980392 0.7019608 0.6980392 1 0.6980392 0.7019608 0.6980392 1 0.6980392 0.7019608 0.6980392 1 0.6980392 0.7019608 0.6980392 1 0.6980392 0.7019608 0.6980392 1 0.6980392 0.7019608 0.6980392 1 0.6980392 0.7019608 0.6980392 1 0.6980392 0.7019608 0.6980392 1 0.6980392 0.7019608 0.6980392 1 0.6980392 0.7019608 0.6980392 1 0.6980392 0.7019608 0.6980392 1 0.6980392 0.7019608 0.6980392 1 0.6980392 0.7019608 0.6980392 1 0.6980392 0.7019608 0.6980392 1 0.6980392 0.7019608 0.6980392 1 0.6980392 0.7019608 0.6980392 1 0.6980392 0.7019608 0.6980392 1 0.6980392 0.7019608 0.6980392 1 0.6980392 0.7019608 0.6980392 1 0.6980392 0.7019608 0.6980392 1 0.6980392 0.7019608 0.6980392 1 0.6980392 0.7019608 0.6980392 1 0.6980392 0.7019608 0.6980392 1 0.6980392 0.7019608 0.6980392 1 0.6980392 0.7019608 0.6980392 1 0.6980392 0.7019608 0.6980392 1 0.6980392 0.7019608 0.6980392 1 0.6980392 0.7019608 0.6980392 1 0.6980392 0.7019608 0.6980392 1 0.6980392 0.7019608 0.6980392 1 0.6980392 0.7019608 0.6980392 1 0.6980392 0.7019608 0.6980392 1 0.6980392 0.7019608 0.6980392 1 0.6980392 0.7019608 0.6980392 1 0.6980392 0.7019608 0.6980392 1 0.6980392 0.7019608 0.6980392 1 0.6980392 0.7019608 0.6980392 1 0.6980392 0.7019608 0.6980392 1 0.6980392 0.7019608 0.6980392 1 0.6980392 0.7019608 0.6980392 1 0.6980392 0.7019608 0.6980392 1 0.6980392 0.7019608 0.6980392 1 0.6980392 0.7019608 0.6980392 1 0.6980392 0.7019608 0.6980392 1 0.6980392 0.7019608 0.6980392 1 0.6980392 0.7019608 0.6980392 1 0.6980392 0.7019608 0.6980392 1 0.6980392 0.7019608 0.6980392 1 0.6980392 0.7019608 0.6980392 1 0.6980392 0.7019608 0.6980392 1 0.6980392 0.7019608 0.6980392 1 0.6980392 0.7019608 0.6980392 1 0.6980392 0.7019608 0.6980392 1 0.6980392 0.7019608 0.6980392 1 0.6980392 0.7019608 0.6980392 1 0.6980392 0.7019608 0.6980392 1 0.6980392 0.7019608 0.6980392 1 0.6980392 0.7019608 0.6980392 1 0.6980392 0.7019608 0.6980392 1 0.6980392 0.7019608 0.6980392 1 0.6980392 0.7019608 0.6980392 1 0.6980392 0.7019608 0.6980392 1 0.6980392 0.7019608 0.6980392 1 0.6980392 0.7019608 0.6980392 1 0.6980392 0.7019608 0.6980392 1 0.6980392 0.7019608 0.6980392 1 0.6980392 0.7019608 0.6980392 1 0.6980392 0.7019608 0.6980392 1 0.6980392 0.7019608 0.6980392 1 0.6980392 0.7019608 0.6980392 1 0.6980392 0.7019608 0.6980392 1 0.6980392 0.7019608 0.6980392 1 0.6980392 0.7019608 0.6980392 1 0.6980392 0.7019608 0.6980392 1 0.6980392 0.7019608 0.6980392 1 0.6980392 0.7019608 0.6980392 1 0.6980392 0.7019608 0.6980392 1 0.6980392 0.7019608 0.6980392 1 0.6980392 0.7019608 0.6980392 1 0.6980392 0.7019608 0.6980392 1 0.6980392 0.7019608 0.6980392 1 0.6980392 0.7019608 0.6980392 1 0.6980392 0.7019608 0.6980392 1 0.6980392 0.7019608 0.6980392 1 0.6980392 0.7019608 0.6980392 1 0.6980392 0.7019608 0.6980392 1 0.6980392 0.7019608 0.6980392 1 0.6980392 0.7019608 0.6980392 1 0.6980392 0.7019608 0.6980392 1 0.6980392 0.7019608 0.6980392 1 0.6980392 0.7019608 0.6980392 1 0.6980392 0.7019608 0.6980392 1 0.6980392 0.7019608 0.6980392 1 0.6980392 0.7019608 0.6980392 1 0.6980392 0.7019608 0.6980392 1 0.6980392 0.7019608 0.6980392 1 0.6980392 0.7019608 0.6980392 1 0.6980392 0.7019608 0.6980392 1 0.6980392 0.7019608 0.6980392 1 0.6980392 0.7019608 0.6980392 1 0.6980392 0.7019608 0.6980392 1 0.6980392 0.7019608 0.6980392 1 0.6980392 0.7019608 0.6980392 1 0.6980392 0.7019608 0.6980392 1 0.6980392 0.7019608 0.6980392 1 0.6980392 0.7019608 0.6980392 1 0.6980392 0.7019608 0.6980392 1 0.6980392 0.7019608 0.6980392 1 0.6980392 0.7019608 0.6980392 1 0.6980392 0.7019608 0.6980392 1 0.6980392 0.7019608 0.6980392 1 0.6980392 0.7019608 0.6980392 1 0.6980392 0.7019608 0.6980392 1 0.6980392 0.7019608 0.6980392 1 0.6980392 0.7019608 0.6980392 1 0.6980392 0.7019608 0.6980392 1 0.6980392 0.7019608 0.6980392 1 0.6980392 0.7019608 0.6980392 1 0.6980392 0.7019608 0.6980392 1 0.6980392 0.7019608 0.6980392 1 0.6980392 0.7019608 0.6980392 1 0.6980392 0.7019608 0.6980392 1 0.6980392 0.7019608 0.6980392 1 0.6980392 0.7019608 0.6980392 1 0.6980392 0.7019608 0.6980392 1 0.6980392 0.7019608 0.6980392 1 0.6980392 0.7019608 0.6980392 1 0.6980392 0.7019608 0.6980392 1 0.6980392 0.7019608 0.6980392 1 0.6980392 0.7019608 0.6980392 1 0.6980392 0.7019608 0.6980392 1 0.6980392 0.7019608 0.6980392 1 0.6980392 0.7019608 0.6980392 1 0.6980392 0.7019608 0.6980392 1 0.6980392 0.7019608 0.6980392 1 0.6980392 0.7019608 0.6980392 1 0.6980392 0.7019608 0.6980392 1 0.6980392 0.7019608 0.6980392 1 0.6980392 0.7019608 0.6980392 1 0.6980392 0.7019608 0.6980392 1 0.6980392 0.7019608 0.6980392 1 0.6980392 0.7019608 0.6980392 1 0.6980392 0.7019608 0.6980392 1 0.6980392 0.7019608 0.6980392 1 0.6980392 0.7019608 0.6980392 1 0.6980392 0.7019608 0.6980392 1 0.6980392 0.7019608 0.6980392 1 0.6980392 0.7019608 0.6980392 1 0.6980392 0.7019608 0.6980392 1 0.6980392 0.7019608 0.6980392 1 0.6980392 0.7019608 0.6980392 1 0.6980392 0.7019608 0.6980392 1 0.6980392 0.7019608 0.6980392 1 0.6980392 0.7019608 0.6980392 1 0.6980392 0.7019608 0.6980392 1 0.6980392 0.7019608 0.6980392 1 0.6980392 0.7019608 0.6980392 1 0.6980392 0.7019608 0.6980392 1 0.6980392 0.7019608 0.6980392 1 0.6980392 0.7019608 0.6980392 1 0.6980392 0.7019608 0.6980392 1 0.6980392 0.7019608 0.6980392 1 0.6980392 0.7019608 0.6980392 1 0.6980392 0.7019608 0.6980392 1 0.6980392 0.7019608 0.6980392 1 0.6980392 0.7019608 0.6980392 1 0.6980392 0.7019608 0.6980392 1 0.6980392 0.7019608 0.6980392 1 0.6980392 0.7019608 0.6980392 1 0.6980392 0.7019608 0.6980392 1 0.6980392 0.7019608 0.6980392 1 0.6980392 0.7019608 0.6980392 1 0.6980392 0.7019608 0.6980392 1 0.6980392 0.7019608 0.6980392 1 0.6980392 0.7019608 0.6980392 1 0.6980392 0.7019608 0.6980392 1 0.6980392 0.7019608 0.6980392 1 0.6980392 0.7019608 0.6980392 1 0.6980392 0.7019608 0.6980392 1 0.6980392 0.7019608 0.6980392 1 0.6980392 0.7019608 0.6980392 1 0.6980392 0.7019608 0.6980392 1 0.6980392 0.7019608 0.6980392 1 0.6980392 0.7019608 0.6980392 1 0.6980392 0.7019608 0.6980392 1 0.6980392 0.7019608 0.6980392 1 0.6980392 0.7019608 0.6980392 1 0.6980392 0.7019608 0.6980392 1 0.6980392 0.7019608 0.6980392 1 0.6980392 0.7019608 0.6980392 1 0.6980392 0.7019608 0.6980392 1 0.6980392 0.7019608 0.6980392 1 0.6980392 0.7019608 0.6980392 1 0.6980392 0.7019608 0.6980392 1 0.6980392 0.7019608 0.6980392 1 0.6980392 0.7019608 0.6980392 1 0.6980392 0.7019608 0.6980392 1 0.6980392 0.7019608 0.6980392 1 0.6980392 0.7019608 0.6980392 1 0.6980392 0.7019608 0.6980392 1 0.6980392 0.7019608 0.6980392 1 0.6980392 0.7019608 0.6980392 1 0.6980392 0.7019608 0.6980392 1 0.6980392 0.7019608 0.6980392 1 0.6980392 0.7019608 0.6980392 1 0.6980392 0.7019608 0.6980392 1 0.6980392 0.7019608 0.6980392 1 0.6980392 0.7019608 0.6980392 1 0.6980392 0.7019608 0.6980392 1 0.6980392 0.7019608 0.6980392 1 0.6980392 0.7019608 0.6980392 1 0.6980392 0.7019608 0.6980392 1 0.6980392 0.7019608 0.6980392 1 0.6980392 0.7019608 0.6980392 1 0.6980392 0.7019608 0.6980392 1 0.6980392 0.7019608 0.6980392 1 0.6980392 0.7019608 0.6980392 1 0.6980392 0.7019608 0.6980392 1 0.6980392 0.7019608 0.6980392 1 0.6980392 0.7019608 0.6980392 1 0.6980392 0.7019608 0.6980392 1 0.6980392 0.7019608 0.6980392 1 0.6980392 0.7019608 0.6980392 1 0.6980392 0.7019608 0.6980392 1 0.6980392 0.7019608 0.6980392 1 0.6980392 0.7019608 0.6980392 1 0.6980392 0.7019608 0.6980392 1 0.6980392 0.7019608 0.6980392 1 0.6980392 0.7019608 0.6980392 1 0.6980392 0.7019608 0.6980392 1 0.6980392 0.7019608 0.6980392 1 0.6980392 0.7019608 0.6980392 1 0.6980392 0.7019608 0.6980392 1 0.6980392 0.7019608 0.6980392 1 0.6980392 0.7019608 0.6980392 1 0.6980392 0.7019608 0.6980392 1 0.6980392 0.7019608 0.6980392 1 0.6980392 0.7019608 0.6980392 1 0.6980392 0.7019608 0.6980392 1 0.6980392 0.7019608 0.6980392 1 0.6980392 0.7019608 0.6980392 1 0.6980392 0.7019608 0.6980392 1 0.6980392 0.7019608 0.6980392 1 0.6980392 0.7019608 0.6980392 1 0.6980392 0.7019608 0.6980392 1 0.6980392 0.7019608 0.6980392 1 0.6980392 0.7019608 0.6980392 1 0.6980392 0.7019608 0.6980392 1 0.6980392 0.7019608 0.6980392 1 0.6980392 0.7019608 0.6980392 1 0.6980392 0.7019608 0.6980392 1 0.6980392 0.7019608 0.6980392 1 0.6980392 0.7019608 0.6980392 1 0.6980392 0.7019608 0.6980392 1 0.6980392 0.7019608 0.6980392 1 0.6980392 0.7019608 0.6980392 1 0.6980392 0.7019608 0.6980392 1 0.6980392 0.7019608 0.6980392 1 0.6980392 0.7019608 0.6980392 1 0.6980392 0.7019608 0.6980392 1 0.6980392 0.7019608 0.6980392 1 0.6980392 0.7019608 0.6980392 1 0.6980392 0.7019608 0.6980392 1 0.6980392 0.7019608 0.6980392 1 0.6980392 0.7019608 0.6980392 1 0.6980392 0.7019608 0.6980392 1 0.6980392 0.7019608 0.6980392 1 0.6980392 0.7019608 0.6980392 1 0.6980392 0.7019608 0.6980392 1 0.6980392 0.7019608 0.6980392 1 0.6980392 0.7019608 0.6980392 1 0.6980392 0.7019608 0.6980392 1 0.6980392 0.7019608 0.6980392 1 0.6980392 0.7019608 0.6980392 1 0.6980392 0.7019608 0.6980392 1 0.6980392 0.7019608 0.6980392 1 0.6980392 0.7019608 0.6980392 1 0.6980392 0.7019608 0.6980392 1 0.6980392 0.7019608 0.6980392 1 0.6980392 0.7019608 0.6980392 1 0.6980392 0.7019608 0.6980392 1 0.6980392 0.7019608 0.6980392 1 0.6980392 0.7019608 0.6980392 1 0.6980392 0.7019608 0.6980392 1 0.6980392 0.7019608 0.6980392 1 0.6980392 0.7019608 0.6980392 1 0.6980392 0.7019608 0.6980392 1 0.6980392 0.7019608 0.6980392 1 0.6980392 0.7019608 0.6980392 1 0.6980392 0.7019608 0.6980392 1 0.6980392 0.7019608 0.6980392 1 0.6980392 0.7019608 0.6980392 1 0.6980392 0.7019608 0.6980392 1 0.6980392 0.7019608 0.6980392 1 0.6980392 0.7019608 0.6980392 1 0.6980392 0.7019608 0.6980392 1 0.6980392 0.7019608 0.6980392 1 0.6980392 0.7019608 0.6980392 1 0.6980392 0.7019608 0.6980392 1 0.6980392 0.7019608 0.6980392 1 0.6980392 0.7019608 0.6980392 1 0.6980392 0.7019608 0.6980392 1 0.6980392 0.7019608 0.6980392 1 0.6980392 0.7019608 0.6980392 1 0.6980392 0.7019608 0.6980392 1 0.6980392 0.7019608 0.6980392 1 0.6980392 0.7019608 0.6980392 1 0.6980392 0.7019608 0.6980392 1 0.6980392 0.7019608 0.6980392 1 0.6980392 0.7019608 0.6980392 1 0.6980392 0.7019608 0.6980392 1 0.6980392 0.7019608 0.6980392 1 0.6980392 0.7019608 0.6980392 1 0.6980392 0.7019608 0.6980392 1 0.6980392 0.7019608 0.6980392 1 0.6980392 0.7019608 0.6980392 1 0.6980392 0.7019608 0.6980392 1 0.6980392 0.7019608 0.6980392 1 0.6980392 0.7019608 0.6980392 1 0.6980392 0.7019608 0.6980392 1 0.6980392 0.7019608 0.6980392 1 0.6980392 0.7019608 0.6980392 1 0.6980392 0.7019608 0.6980392 1 0.6980392 0.7019608 0.6980392 1 0.6980392 0.7019608 0.6980392 1 0.6980392 0.7019608 0.6980392 1 0.6980392 0.7019608 0.6980392 1 0.6980392 0.7019608 0.6980392 1 0.6980392 0.7019608 0.6980392 1 0.6980392 0.7019608 0.6980392 1 0.6980392 0.7019608 0.6980392 1 0.6980392 0.7019608 0.6980392 1 0.6980392 0.7019608 0.6980392 1 0.6980392 0.7019608 0.6980392 1 0.6980392 0.7019608 0.6980392 1 0.6980392 0.7019608 0.6980392 1 0.6980392 0.7019608 0.6980392 1 0.6980392 0.7019608 0.6980392 1 0.6980392 0.7019608 0.6980392 1 0.6980392 0.7019608 0.6980392 1 0.6980392 0.7019608 0.6980392 1 0.6980392 0.7019608 0.6980392 1 0.6980392 0.7019608 0.6980392 1 0.6980392 0.7019608 0.6980392 1 0.6980392 0.7019608 0.6980392 1 0.6980392 0.7019608 0.6980392 1 0.6980392 0.7019608 0.6980392 1 0.6980392 0.7019608 0.6980392 1 0.6980392 0.7019608 0.6980392 1 0.6980392 0.7019608 0.6980392 1 0.6980392 0.7019608 0.6980392 1 0.6980392 0.7019608 0.6980392 1 0.6980392 0.7019608 0.6980392 1 0.6980392 0.7019608 0.6980392 1 0.6980392 0.7019608 0.6980392 1 0.6980392 0.7019608 0.6980392 1 0.6980392 0.7019608 0.6980392 1 0.6980392 0.7019608 0.6980392 1 0.6980392 0.7019608 0.6980392 1 0.6980392 0.7019608 0.6980392 1 0.6980392 0.7019608 0.6980392 1 0.6980392 0.7019608 0.6980392 1 0.6980392 0.7019608 0.6980392 1 0.6980392 0.7019608 0.6980392 1 0.6980392 0.7019608 0.6980392 1 0.6980392 0.7019608 0.6980392 1 0.6980392 0.7019608 0.6980392 1 0.6980392 0.7019608 0.6980392 1 0.6980392 0.7019608 0.6980392 1 0.6980392 0.7019608 0.6980392 1 0.6980392 0.7019608 0.6980392 1 0.6980392 0.7019608 0.6980392 1 0.6980392 0.7019608 0.6980392 1 0.6980392 0.7019608 0.6980392 1 0.6980392 0.7019608 0.6980392 1 0.6980392 0.7019608 0.6980392 1 0.6980392 0.7019608 0.6980392 1 0.6980392 0.7019608 0.6980392 1 0.6980392 0.7019608 0.6980392 1 0.6980392 0.7019608 0.6980392 1 0.6980392 0.7019608 0.6980392 1 0.6980392 0.7019608 0.6980392 1 0.6980392 0.7019608 0.6980392 1 0.6980392 0.7019608 0.6980392 1 0.6980392 0.7019608 0.6980392 1 0.6980392 0.7019608 0.6980392 1 0.6980392 0.7019608 0.6980392 1 0.6980392 0.7019608 0.6980392 1 0.6980392 0.7019608 0.6980392 1 0.6980392 0.7019608 0.6980392 1 0.6980392 0.7019608 0.6980392 1 0.6980392 0.7019608 0.6980392 1 0.6980392 0.7019608 0.6980392 1 0.6980392 0.7019608 0.6980392 1 0.6980392 0.7019608 0.6980392 1 0.6980392 0.7019608 0.6980392 1 0.6980392 0.7019608 0.6980392 1 0.6980392 0.7019608 0.6980392 1 0.6980392 0.7019608 0.6980392 1 0.6980392 0.7019608 0.6980392 1 0.6980392 0.7019608 0.6980392 1 0.6980392 0.7019608 0.6980392 1 0.6980392 0.7019608 0.6980392 1 0.6980392 0.7019608 0.6980392 1 0.6980392 0.7019608 0.6980392 1 0.6980392 0.7019608 0.6980392 1 0.6980392 0.7019608 0.6980392 1 0.6980392 0.7019608 0.6980392 1 0.6980392 0.7019608 0.6980392 1 0.6980392 0.7019608 0.6980392 1 0.6980392 0.7019608 0.6980392 1 0.6980392 0.7019608 0.6980392 1 0.6980392 0.7019608 0.6980392 1 0.6980392 0.7019608 0.6980392 1 0.6980392 0.7019608 0.6980392 1 0.6980392 0.7019608 0.6980392 1 0.6980392 0.7019608 0.6980392 1 0.6980392 0.7019608 0.6980392 1 0.6980392 0.7019608 0.6980392 1 0.6980392 0.7019608 0.6980392 1 0.6980392 0.7019608 0.6980392 1 0.6980392 0.7019608 0.6980392 1 0.6980392 0.7019608 0.6980392 1 0.6980392 0.7019608 0.6980392 1 0.6980392 0.7019608 0.6980392 1 0.6980392 0.7019608 0.6980392 1 0.6980392 0.7019608 0.6980392 1 0.6980392 0.7019608 0.6980392 1 0.6980392 0.7019608 0.6980392 1 0.6980392 0.7019608 0.6980392 1 0.6980392 0.7019608 0.6980392 1 0.6980392 0.7019608 0.6980392 1 0.6980392 0.7019608 0.6980392 1 0.6980392 0.7019608 0.6980392 1 0.6980392 0.7019608 0.6980392 1 0.6980392 0.7019608 0.6980392 1 0.6980392 0.7019608 0.6980392 1 0.6980392 0.7019608 0.6980392 1 0.6980392 0.7019608 0.6980392 1 0.6980392 0.7019608 0.6980392 1 0.6980392 0.7019608 0.6980392 1 0.6980392 0.7019608 0.6980392 1 0.6980392 0.7019608 0.6980392 1 0.6980392 0.7019608 0.6980392 1 0.6980392 0.7019608 0.6980392 1 0.6980392 0.7019608 0.6980392 1 0.6980392 0.7019608 0.6980392 1 0.6980392 0.7019608 0.6980392 1 0.6980392 0.7019608 0.6980392 1 0.6980392 0.7019608 0.6980392 1 0.6980392 0.7019608 0.6980392 1 0.6980392 0.7019608 0.6980392 1 0.6980392 0.7019608 0.6980392 1 0.6980392 0.7019608 0.6980392 1 0.6980392 0.7019608 0.6980392 1 0.6980392 0.7019608 0.6980392 1 0.6980392 0.7019608 0.6980392 1 0.6980392 0.7019608 0.6980392 1 0.6980392 0.7019608 0.6980392 1 0.6980392 0.7019608 0.6980392 1 0.6980392 0.7019608 0.6980392 1 0.6980392 0.7019608 0.6980392 1 0.6980392 0.7019608 0.6980392 1 0.6980392 0.7019608 0.6980392 1 0.6980392 0.7019608 0.6980392 1 0.6980392 0.7019608 0.6980392 1 0.6980392 0.7019608 0.6980392 1 0.6980392 0.7019608 0.6980392 1 0.6980392 0.7019608 0.6980392 1 0.6980392 0.7019608 0.6980392 1 0.6980392 0.7019608 0.6980392 1 0.6980392 0.7019608 0.6980392 1 0.6980392 0.7019608 0.6980392 1 0.6980392 0.7019608 0.6980392 1 0.6980392 0.7019608 0.6980392 1 0.6980392 0.7019608 0.6980392 1 0.6980392 0.7019608 0.6980392 1 0.6980392 0.7019608 0.6980392 1 0.6980392 0.7019608 0.6980392 1 0.6980392 0.7019608 0.6980392 1 0.6980392 0.7019608 0.6980392 1 0.6980392 0.7019608 0.6980392 1 0.6980392 0.7019608 0.6980392 1 0.6980392 0.7019608 0.6980392 1 0.6980392 0.7019608 0.6980392 1 0.6980392 0.7019608 0.6980392 1 0.6980392 0.7019608 0.6980392 1 0.6980392 0.7019608 0.6980392 1 0.6980392 0.7019608 0.6980392 1 0.6980392 0.7019608 0.6980392 1 0.6980392 0.7019608 0.6980392 1 0.6980392 0.7019608 0.6980392 1 0.6980392 0.7019608 0.6980392 1 0.6980392 0.7019608 0.6980392 1 0.6980392 0.7019608 0.6980392 1 0.6980392 0.7019608 0.6980392 1 0.6980392 0.7019608 0.6980392 1 0.6980392 0.7019608 0.6980392 1 0.6980392 0.7019608 0.6980392 1 0.6980392 0.7019608 0.6980392 1 0.6980392 0.7019608 0.6980392 1 0.6980392 0.7019608 0.6980392 1 0.6980392 0.7019608 0.6980392 1 0.6980392 0.7019608 0.6980392 1 0.6980392 0.7019608 0.6980392 1 0.6980392 0.7019608 0.6980392 1 0.6980392 0.7019608 0.6980392 1 0.6980392 0.7019608 0.6980392 1 0.6980392 0.7019608 0.6980392 1 0.6980392 0.7019608 0.6980392 1 0.6980392 0.7019608 0.6980392 1 0.6980392 0.7019608 0.6980392 1 0.6980392 0.7019608 0.6980392 1 0.6980392 0.7019608 0.6980392 1 0.6980392 0.7019608 0.6980392 1 0.6980392 0.7019608 0.6980392 1 0.6980392 0.7019608 0.6980392 1 0.6980392 0.7019608 0.6980392 1 0.6980392 0.7019608 0.6980392 1 0.6980392 0.7019608 0.6980392 1 0.6980392 0.7019608 0.6980392 1 0.6980392 0.7019608 0.6980392 1 0.6980392 0.7019608 0.6980392 1 0.6980392 0.7019608 0.6980392 1 0.6980392 0.7019608 0.6980392 1 0.6980392 0.7019608 0.6980392 1 0.6980392 0.7019608 0.6980392 1 0.6980392 0.7019608 0.6980392 1 0.6980392 0.7019608 0.6980392 1 0.6980392 0.7019608 0.6980392 1 0.6980392 0.7019608 0.6980392 1 0.6980392 0.7019608 0.6980392 1 0.6980392 0.7019608 0.6980392 1 0.6980392 0.7019608 0.6980392 1 0.6980392 0.7019608 0.6980392 1 0.6980392 0.7019608 0.6980392 1 0.6980392 0.7019608 0.6980392 1 0.6980392 0.7019608 0.6980392 1 0.6980392 0.7019608 0.6980392 1 0.6980392 0.7019608 0.6980392 1 0.6980392 0.7019608 0.6980392 1 0.6980392 0.7019608 0.6980392 1 0.6980392 0.7019608 0.6980392 1 0.6980392 0.7019608 0.6980392 1 0.6980392 0.7019608 0.6980392 1 0.6980392 0.7019608 0.6980392 1 0.6980392 0.7019608 0.6980392 1 0.6980392 0.7019608 0.6980392 1 0.6980392 0.7019608 0.6980392 1 0.6980392 0.7019608 0.6980392 1 0.6980392 0.7019608 0.6980392 1 0.6980392 0.7019608 0.6980392 1 0.6980392 0.7019608 0.6980392 1 0.6980392 0.7019608 0.6980392 1 0.6980392 0.7019608 0.6980392 1 0.6980392 0.7019608 0.6980392 1 0.6980392 0.7019608 0.6980392 1 0.6980392 0.7019608 0.6980392 1 0.6980392 0.7019608 0.6980392 1 0.6980392 0.7019608 0.6980392 1 0.6980392 0.7019608 0.6980392 1 0.6980392 0.7019608 0.6980392 1 0.6980392 0.7019608 0.6980392 1 0.6980392 0.7019608 0.6980392 1 0.6980392 0.7019608 0.6980392 1 0.6980392 0.7019608 0.6980392 1 0.6980392 0.7019608 0.6980392 1 0.6980392 0.7019608 0.6980392 1 0.6980392 0.7019608 0.6980392 1 0.6980392 0.7019608 0.6980392 1 0.6980392 0.7019608 0.6980392 1 0.6980392 0.7019608 0.6980392 1 0.6980392 0.7019608 0.6980392 1 0.6980392 0.7019608 0.6980392 1 0.6980392 0.7019608 0.6980392 1 0.6980392 0.7019608 0.6980392 1 0.6980392 0.7019608 0.6980392 1 0.6980392 0.7019608 0.6980392 1 0.6980392 0.7019608 0.6980392 1 0.6980392 0.7019608 0.6980392 1 0.6980392 0.7019608 0.6980392 1 0.6980392 0.7019608 0.6980392 1 0.6980392 0.7019608 0.6980392 1 0.6980392 0.7019608 0.6980392 1 0.6980392 0.7019608 0.6980392 1 0.6980392 0.7019608 0.6980392 1 0.6980392 0.7019608 0.6980392 1 0.6980392 0.7019608 0.6980392 1 0.6980392 0.7019608 0.6980392 1 0.6980392 0.7019608 0.6980392 1 0.6980392 0.7019608 0.6980392 1 0.6980392 0.7019608 0.6980392 1 0.6980392 0.7019608 0.6980392 1 0.6980392 0.7019608 0.6980392 1 0.6980392 0.7019608 0.6980392 1 0.6980392 0.7019608 0.6980392 1 0.6980392 0.7019608 0.6980392 1 0.6980392 0.7019608 0.6980392 1 0.6980392 0.7019608 0.6980392 1 0.6980392 0.7019608 0.6980392 1 0.6980392 0.7019608 0.6980392 1 0.6980392 0.7019608 0.6980392 1 0.6980392 0.7019608 0.6980392 1 0.6980392 0.7019608 0.6980392 1 0.6980392 0.7019608 0.6980392 1 0.6980392 0.7019608 0.6980392 1 0.6980392 0.7019608 0.6980392 1 0.6980392 0.7019608 0.6980392 1 0.6980392 0.7019608 0.6980392 1 0.6980392 0.7019608 0.6980392 1 0.6980392 0.7019608 0.6980392 1 0.6980392 0.7019608 0.6980392 1 0.6980392 0.7019608 0.6980392 1 0.6980392 0.7019608 0.6980392 1 0.6980392 0.7019608 0.6980392 1 0.6980392 0.7019608 0.6980392 1 0.6980392 0.7019608 0.6980392 1 0.6980392 0.7019608 0.6980392 1 0.6980392 0.7019608 0.6980392 1 0.6980392 0.7019608 0.6980392 1 0.6980392 0.7019608 0.6980392 1 0.6980392 0.7019608 0.6980392 1 0.6980392 0.7019608 0.6980392 1 0.6980392 0.7019608 0.6980392 1 0.6980392 0.7019608 0.6980392 1 0.6980392 0.7019608 0.6980392 1 0.6980392 0.7019608 0.6980392 1 0.6980392 0.7019608 0.6980392 1 0.6980392 0.7019608 0.6980392 1 0.6980392 0.7019608 0.6980392 1 0.6980392 0.7019608 0.6980392 1 0.6980392 0.7019608 0.6980392 1 0.6980392 0.7019608 0.6980392 1 0.6980392 0.7019608 0.6980392 1 0.6980392 0.7019608 0.6980392 1 0.6980392 0.7019608 0.6980392 1 0.6980392 0.7019608 0.6980392 1 0.6980392 0.7019608 0.6980392 1 0.6980392 0.7019608 0.6980392 1 0.6980392 0.7019608 0.6980392 1 0.6980392 0.7019608 0.6980392 1 0.6980392 0.7019608 0.6980392 1 0.6980392 0.7019608 0.6980392 1 0.6980392 0.7019608 0.6980392 1 0.6980392 0.7019608 0.6980392 1 0.6980392 0.7019608 0.6980392 1 0.6980392 0.7019608 0.6980392 1 0.6980392 0.7019608 0.6980392 1 0.6980392 0.7019608 0.6980392 1 0.6980392 0.7019608 0.6980392 1 0.6980392 0.7019608 0.6980392 1 0.6980392 0.7019608 0.6980392 1 0.6980392 0.7019608 0.6980392 1 0.6980392 0.7019608 0.6980392 1 0.6980392 0.7019608 0.6980392 1 0.6980392 0.7019608 0.6980392 1 0.6980392 0.7019608 0.6980392 1 0.6980392 0.7019608 0.6980392 1 0.6980392 0.7019608 0.6980392 1 0.6980392 0.7019608 0.6980392 1 0.6980392 0.7019608 0.6980392 1 0.6980392 0.7019608 0.6980392 1 0.6980392 0.7019608 0.6980392 1 0.6980392 0.7019608 0.6980392 1 0.6980392 0.7019608 0.6980392 1 0.6980392 0.7019608 0.6980392 1 0.6980392 0.7019608 0.6980392 1 0.6980392 0.7019608 0.6980392 1 0.6980392 0.7019608 0.6980392 1 0.6980392 0.7019608 0.6980392 1 0.6980392 0.7019608 0.6980392 1 0.6980392 0.7019608 0.6980392 1 0.6980392 0.7019608 0.6980392 1 0.6980392 0.7019608 0.6980392 1 0.6980392 0.7019608 0.6980392 1 0.6980392 0.7019608 0.6980392 1 0.6980392 0.7019608 0.6980392 1 0.6980392 0.7019608 0.6980392 1 0.6980392 0.7019608 0.6980392 1 0.6980392 0.7019608 0.6980392 1 0.6980392 0.7019608 0.6980392 1 0.6980392 0.7019608 0.6980392 1 0.6980392 0.7019608 0.6980392 1 0.6980392 0.7019608 0.6980392 1 0.6980392 0.7019608 0.6980392 1 0.6980392 0.7019608 0.6980392 1 0.6980392 0.7019608 0.6980392 1 0.6980392 0.7019608 0.6980392 1 0.6980392 0.7019608 0.6980392 1 0.6980392 0.7019608 0.6980392 1 0.6980392 0.7019608 0.6980392 1 0.6980392 0.7019608 0.6980392 1 0.6980392 0.7019608 0.6980392 1 0.6980392 0.7019608 0.6980392 1 0.6980392 0.7019608 0.6980392 1 0.6980392 0.7019608 0.6980392 1 0.6980392 0.7019608 0.6980392 1 0.6980392 0.7019608 0.6980392 1 0.6980392 0.7019608 0.6980392 1 0.6980392 0.7019608 0.6980392 1 0.6980392 0.7019608 0.6980392 1 0.6980392 0.7019608 0.6980392 1 0.6980392 0.7019608 0.6980392 1 0.6980392 0.7019608 0.6980392 1 0.6980392 0.7019608 0.6980392 1 0.6980392 0.7019608 0.6980392 1 0.6980392 0.7019608 0.6980392 1 0.6980392 0.7019608 0.6980392 1 0.6980392 0.7019608 0.6980392 1 0.6980392 0.7019608 0.6980392 1 0.6980392 0.7019608 0.6980392 1 0.6980392 0.7019608 0.6980392 1 0.6980392 0.7019608 0.6980392 1 0.6980392 0.7019608 0.6980392 1 0.6980392 0.7019608 0.6980392 1 0.6980392 0.7019608 0.6980392 1 0.6980392 0.7019608 0.6980392 1 0.6980392 0.7019608 0.6980392 1 0.6980392 0.7019608 0.6980392 1 0.6980392 0.7019608 0.6980392 1 0.6980392 0.7019608 0.6980392 1 0.6980392 0.7019608 0.6980392 1 0.6980392 0.7019608 0.6980392 1 0.6980392 0.7019608 0.6980392 1 0.6980392 0.7019608 0.6980392 1 0.6980392 0.7019608 0.6980392 1 0.6980392 0.7019608 0.6980392 1 0.6980392 0.7019608 0.6980392 1 0.6980392 0.7019608 0.6980392 1 0.6980392 0.7019608 0.6980392 1 0.6980392 0.7019608 0.6980392 1 0.6980392 0.7019608 0.6980392 1 0.6980392 0.7019608 0.6980392 1 0.6980392 0.7019608 0.6980392 1 0.6980392 0.7019608 0.6980392 1 0.6980392 0.7019608 0.6980392 1 0.6980392 0.7019608 0.6980392 1 0.6980392 0.7019608 0.6980392 1 0.6980392 0.7019608 0.6980392 1 0.6980392 0.7019608 0.6980392 1 0.6980392 0.7019608 0.6980392 1 0.6980392 0.7019608 0.6980392 1 0.6980392 0.7019608 0.6980392 1 0.6980392 0.7019608 0.6980392 1 0.6980392 0.7019608 0.6980392 1 0.6980392 0.7019608 0.6980392 1 0.6980392 0.7019608 0.6980392 1 0.6980392 0.7019608 0.6980392 1 0.6980392 0.7019608 0.6980392 1 0.6980392 0.7019608 0.6980392 1 0.6980392 0.7019608 0.6980392 1 0.6980392 0.7019608 0.6980392 1 0.6980392 0.7019608 0.6980392 1 0.6980392 0.7019608 0.6980392 1 0.6980392 0.7019608 0.6980392 1 0.6980392 0.7019608 0.6980392 1 0.6980392 0.7019608 0.6980392 1 0.6980392 0.7019608 0.6980392 1 0.6980392 0.7019608 0.6980392 1 0.6980392 0.7019608 0.6980392 1 0.6980392 0.7019608 0.6980392 1 0.6980392 0.7019608 0.6980392 1 0.6980392 0.7019608 0.6980392 1 0.6980392 0.7019608 0.6980392 1 0.6980392 0.7019608 0.6980392 1 0.6980392 0.7019608 0.6980392 1 0.6980392 0.7019608 0.6980392 1 0.6980392 0.7019608 0.6980392 1 0.6980392 0.7019608 0.6980392 1 0.6980392 0.7019608 0.6980392 1 0.6980392 0.7019608 0.6980392 1 0.6980392 0.7019608 0.6980392 1 0.6980392 0.7019608 0.6980392 1 0.6980392 0.7019608 0.6980392 1 0.6980392 0.7019608 0.6980392 1 0.6980392 0.7019608 0.6980392 1 0.6980392 0.7019608 0.6980392 1 0.6980392 0.7019608 0.6980392 1 0.6980392 0.7019608 0.6980392 1 0.6980392 0.7019608 0.6980392 1 0.6980392 0.7019608 0.6980392 1 0.6980392 0.7019608 0.6980392 1 0.6980392 0.7019608 0.6980392 1 0.6980392 0.7019608 0.6980392 1 0.6980392 0.7019608 0.6980392 1 0.6980392 0.7019608 0.6980392 1 0.6980392 0.7019608 0.6980392 1 0.6980392 0.7019608 0.6980392 1 0.6980392 0.7019608 0.6980392 1 0.6980392 0.7019608 0.6980392 1 0.6980392 0.7019608 0.6980392 1 0.6980392 0.7019608 0.6980392 1 0.6980392 0.7019608 0.6980392 1 0.6980392 0.7019608 0.6980392 1 0.6980392 0.7019608 0.6980392 1 0.6980392 0.7019608 0.6980392 1 0.6980392 0.7019608 0.6980392 1 0.6980392 0.7019608 0.6980392 1 0.6980392 0.7019608 0.6980392 1 0.6980392 0.7019608 0.6980392 1 0.6980392 0.7019608 0.6980392 1 0.6980392 0.7019608 0.6980392 1 0.6980392 0.7019608 0.6980392 1 0.6980392 0.7019608 0.6980392 1 0.6980392 0.7019608 0.6980392 1 0.6980392 0.7019608 0.6980392 1 0.6980392 0.7019608 0.6980392 1 0.6980392 0.7019608 0.6980392 1 0.6980392 0.7019608 0.6980392 1 0.6980392 0.7019608 0.6980392 1 0.6980392 0.7019608 0.6980392 1 0.6980392 0.7019608 0.6980392 1 0.6980392 0.7019608 0.6980392 1 0.6980392 0.7019608 0.6980392 1 0.6980392 0.7019608 0.6980392 1 0.6980392 0.7019608 0.6980392 1 0.6980392 0.7019608 0.6980392 1 0.6980392 0.7019608 0.6980392 1 0.6980392 0.7019608 0.6980392 1 0.6980392 0.7019608 0.6980392 1 0.6980392 0.7019608 0.6980392 1 0.6980392 0.7019608 0.6980392 1 0.6980392 0.7019608 0.6980392 1 0.6980392 0.7019608 0.6980392 1 0.6980392 0.7019608 0.6980392 1 0.6980392 0.7019608 0.6980392 1 0.6980392 0.7019608 0.6980392 1 0.6980392 0.7019608 0.6980392 1 0.6980392 0.7019608 0.6980392 1 0.6980392 0.7019608 0.6980392 1 0.6980392 0.7019608 0.6980392 1 0.6980392 0.7019608 0.6980392 1 0.6980392 0.7019608 0.6980392 1 0.6980392 0.7019608 0.6980392 1 0.6980392 0.7019608 0.6980392 1 0.6980392 0.7019608 0.6980392 1 0.6980392 0.7019608 0.6980392 1 0.6980392 0.7019608 0.6980392 1 0.6980392 0.7019608 0.6980392 1 0.6980392 0.7019608 0.6980392 1 0.6980392 0.7019608 0.6980392 1 0.6980392 0.7019608 0.6980392 1 0.6980392 0.7019608 0.6980392 1 0.6980392 0.7019608 0.6980392 1 0.6980392 0.7019608 0.6980392 1 0.6980392 0.7019608 0.6980392 1 0.6980392 0.7019608 0.6980392 1 0.6980392 0.7019608 0.6980392 1 0.6980392 0.7019608 0.6980392 1 0.6980392 0.7019608 0.6980392 1 0.6980392 0.7019608 0.6980392 1 0.6980392 0.7019608 0.6980392 1 0.6980392 0.7019608 0.6980392 1 0.6980392 0.7019608 0.6980392 1 0.6980392 0.7019608 0.6980392 1 0.6980392 0.7019608 0.6980392 1 0.6980392 0.7019608 0.6980392 1 0.6980392 0.7019608 0.6980392 1 0.6980392 0.7019608 0.6980392 1 0.6980392 0.7019608 0.6980392 1 0.6980392 0.7019608 0.6980392 1 0.6980392 0.7019608 0.6980392 1 0.6980392 0.7019608 0.6980392 1 0.6980392 0.7019608 0.6980392 1 0.6980392 0.7019608 0.6980392 1 0.6980392 0.7019608 0.6980392 1 0.6980392 0.7019608 0.6980392 1 0.6980392 0.7019608 0.6980392 1 0.6980392 0.7019608 0.6980392 1 0.6980392 0.7019608 0.6980392 1 0.6980392 0.7019608 0.6980392 1 0.6980392 0.7019608 0.6980392 1 0.6980392 0.7019608 0.6980392 1 0.6980392 0.7019608 0.6980392 1 0.6980392 0.7019608 0.6980392 1 0.6980392 0.7019608 0.6980392 1 0.6980392 0.7019608 0.6980392 1 0.6980392 0.7019608 0.6980392 1 0.6980392 0.7019608 0.6980392 1 0.6980392 0.7019608 0.6980392 1 0.6980392 0.7019608 0.6980392 1 0.6980392 0.7019608 0.6980392 1 0.6980392 0.7019608 0.6980392 1 0.6980392 0.7019608 0.6980392 1 0.6980392 0.7019608 0.6980392 1 0.6980392 0.7019608 0.6980392 1 0.6980392 0.7019608 0.6980392 1 0.6980392 0.7019608 0.6980392 1 0.6980392 0.7019608 0.6980392 1 0.6980392 0.7019608 0.6980392 1 0.6980392 0.7019608 0.6980392 1 0.6980392 0.7019608 0.6980392 1 0.6980392 0.7019608 0.6980392 1 0.6980392 0.7019608 0.6980392 1 0.6980392 0.7019608 0.6980392 1 0.6980392 0.7019608 0.6980392 1 0.6980392 0.7019608 0.6980392 1 0.6980392 0.7019608 0.6980392 1 0.6980392 0.7019608 0.6980392 1 0.6980392 0.7019608 0.6980392 1 0.6980392 0.7019608 0.6980392 1 0.6980392 0.7019608 0.6980392 1 0.6980392 0.7019608 0.6980392 1 0.6980392 0.7019608 0.6980392 1 0.6980392 0.7019608 0.6980392 1 0.6980392 0.7019608 0.6980392 1 0.6980392 0.7019608 0.6980392 1 0.6980392 0.7019608 0.6980392 1 0.6980392 0.7019608 0.6980392 1 0.6980392 0.7019608 0.6980392 1 0.6980392 0.7019608 0.6980392 1 0.6980392 0.7019608 0.6980392 1 0.6980392 0.7019608 0.6980392 1 0.6980392 0.7019608 0.6980392 1 0.6980392 0.7019608 0.6980392 1 0.6980392 0.7019608 0.6980392 1 0.6980392 0.7019608 0.6980392 1 0.6980392 0.7019608 0.6980392 1 0.6980392 0.7019608 0.6980392 1 0.6980392 0.7019608 0.6980392 1 0.6980392 0.7019608 0.6980392 1 0.6980392 0.7019608 0.6980392 1 1 0.3019608 0.2862745 1 1 0.3019608 0.2862745 1 1 0.3019608 0.2862745 1 1 0.3019608 0.2862745 1 1 0.3019608 0.2862745 1 1 0.3019608 0.2862745 1 1 0.3019608 0.2862745 1 1 0.3019608 0.2862745 1 1 0.3019608 0.2862745 1 1 0.3019608 0.2862745 1 1 0.3019608 0.2862745 1 1 0.3019608 0.2862745 1 1 1 1 1 1 1 1 1 1 1 1 1 1 1 1 1 1 1 1 1 1 1 1 1 1 1 1 1 1 1 1 1 1 1 1 1 1 1 1 1 1 1 1 1 1 1 1 1 1 1 1 1 1 1 1 1 1 1 1 1 0.5490196 0.5490196 0.5490196 1 0.5490196 0.5490196 0.5490196 1 0.5490196 0.5490196 0.5490196 1 0.5490196 0.5490196 0.5490196 1 0.5490196 0.5490196 0.5490196 1 0.5490196 0.5490196 0.5490196 1 0.5490196 0.5490196 0.5490196 1 0.5490196 0.5490196 0.5490196 1 0.5490196 0.5490196 0.5490196 1 0.5490196 0.5490196 0.5490196 1 0.5490196 0.5490196 0.5490196 1 0.5490196 0.5490196 0.5490196 1 0.5490196 0.5490196 0.5490196 1 0.5490196 0.5490196 0.5490196 1 0.5490196 0.5490196 0.5490196 1 0.5490196 0.5490196 0.5490196 1 0.5490196 0.5490196 0.5490196 1 0.5490196 0.5490196 0.5490196 1 0.5490196 0.5490196 0.5490196 1 0.5490196 0.5490196 0.5490196 1 0.5490196 0.5490196 0.5490196 1 0.5490196 0.5490196 0.5490196 1 0.5490196 0.5490196 0.5490196 1 0.5490196 0.5490196 0.5490196 1 0.5490196 0.5490196 0.5490196 1 0.5490196 0.5490196 0.5490196 1 0.5490196 0.5490196 0.5490196 1 0.5490196 0.5490196 0.5490196 1 0.5490196 0.5490196 0.5490196 1 0.5490196 0.5490196 0.5490196 1 0.5490196 0.5490196 0.5490196 1 0.5490196 0.5490196 0.5490196 1 0.5490196 0.5490196 0.5490196 1 0.5490196 0.5490196 0.5490196 1 0.5490196 0.5490196 0.5490196 1 0.5490196 0.5490196 0.5490196 1 0.5490196 0.5490196 0.5490196 1 0.5490196 0.5490196 0.5490196 1 0.5490196 0.5490196 0.5490196 1 0.5490196 0.5490196 0.5490196 1 0.5490196 0.5490196 0.5490196 1 0.5490196 0.5490196 0.5490196 1 0.5490196 0.5490196 0.5490196 1 0.5490196 0.5490196 0.5490196 1 0.5490196 0.5490196 0.5490196 1 0.5490196 0.5490196 0.5490196 1 0.5490196 0.5490196 0.5490196 1 0.5490196 0.5490196 0.5490196 1 0.5490196 0.5490196 0.5490196 1 0.5490196 0.5490196 0.5490196 1 0.5490196 0.5490196 0.5490196 1 0.5490196 0.5490196 0.5490196 1 0.5490196 0.5490196 0.5490196 1 0.5490196 0.5490196 0.5490196 1 0.5490196 0.5490196 0.5490196 1 0.5490196 0.5490196 0.5490196 1 0.5490196 0.5490196 0.5490196 1 0.5490196 0.5490196 0.5490196 1 0.5490196 0.5490196 0.5490196 1 0.5490196 0.5490196 0.5490196 1 0.5490196 0.5490196 0.5490196 1 0.5490196 0.5490196 0.5490196 1 0.5490196 0.5490196 0.5490196 1 0.5490196 0.5490196 0.5490196 1 0.5490196 0.5490196 0.5490196 1 0.5490196 0.5490196 0.5490196 1 0.5490196 0.5490196 0.5490196 1 0.5490196 0.5490196 0.5490196 1 0.5490196 0.5490196 0.5490196 1 0.5490196 0.5490196 0.5490196 1 0.5490196 0.5490196 0.5490196 1 0.5490196 0.5490196 0.5490196 1 0.5490196 0.5490196 0.5490196 1 0.5490196 0.5490196 0.5490196 1 0.5490196 0.5490196 0.5490196 1 0.5490196 0.5490196 0.5490196 1 0.5490196 0.5490196 0.5490196 1 0.5490196 0.5490196 0.5490196 1 1 1 1 1 1 1 1 1 1 1 1 1 1 1 1 1 1 1 1 1 1 1 1 1 1 1 1 1 1 1 1 1 1 1 1 1 0.5490196 0.5490196 0.5490196 1 0.5490196 0.5490196 0.5490196 1 0.5490196 0.5490196 0.5490196 1 0.5490196 0.5490196 0.5490196 1 0.5490196 0.5490196 0.5490196 1 0.5490196 0.5490196 0.5490196 1 0.5490196 0.5490196 0.5490196 1 0.5490196 0.5490196 0.5490196 1 0.5490196 0.5490196 0.5490196 1 0.5490196 0.5490196 0.5490196 1 0.5490196 0.5490196 0.5490196 1 0.5490196 0.5490196 0.5490196 1 0.5490196 0.5490196 0.5490196 1 0.5490196 0.5490196 0.5490196 1 0.5490196 0.5490196 0.5490196 1 0.5490196 0.5490196 0.5490196 1 0.5490196 0.5490196 0.5490196 1 0.5490196 0.5490196 0.5490196 1 0.5490196 0.5490196 0.5490196 1 0.5490196 0.5490196 0.5490196 1 0.5490196 0.5490196 0.5490196 1 0.5490196 0.5490196 0.5490196 1 0.5490196 0.5490196 0.5490196 1 0.5490196 0.5490196 0.5490196 1 0.5490196 0.5490196 0.5490196 1 0.5490196 0.5490196 0.5490196 1 0.5490196 0.5490196 0.5490196 1 0.5490196 0.5490196 0.5490196 1 0.5490196 0.5490196 0.5490196 1 0.5490196 0.5490196 0.5490196 1 0.8509804 0.8509804 0.8509804 1 0.7490196 0.7490196 0.7490196 1 0.7490196 0.7490196 0.7490196 1 0.8509804 0.8509804 0.8509804 1 0.7490196 0.7490196 0.7490196 1 0.7490196 0.7490196 0.7490196 1 0.8509804 0.8509804 0.8509804 1 0.7490196 0.7490196 0.7490196 1 0.7490196 0.7490196 0.7490196 1 0.8509804 0.8509804 0.8509804 1 0.7490196 0.7490196 0.7490196 1 0.7490196 0.7490196 0.7490196 1 0.8509804 0.8509804 0.8509804 1 0.7490196 0.7490196 0.7490196 1 0.7490196 0.7490196 0.7490196 1 0.8509804 0.8509804 0.8509804 1 0.7490196 0.7490196 0.7490196 1 0.7490196 0.7490196 0.7490196 1 0.8509804 0.8509804 0.8509804 1 0.7490196 0.7490196 0.7490196 1 0.7490196 0.7490196 0.7490196 1 0.8509804 0.8509804 0.8509804 1 0.7490196 0.7490196 0.7490196 1 0.7490196 0.7490196 0.7490196 1 1 1 1 1 1 1 1 1 1 1 1 1 1 1 1 1 1 1 1 1 1 1 1 1 1 1 1 1 1 1 1 1 1 1 1 1 1 1 1 1 1 1 1 1 1 1 1 1 1 1 1 1 1 1 1 1 1 1 1 1 1 1 1 1 1 1 1 1 1 1 1 1 1 1 1 1 1 1 1 1 1 1 1 1 1 1 1 1 1 1 1 1 1 1 1 1 1 1 1 1 1 1 1 1 1 1 1 1 1 1 1 1 1 1 1 1 1 1 1 1 1 1 1 1 1 1 1 1 1 1 1 1 1 1 1 1 1 1 1 1 1 1 1 1 1 1 1 1 1 1 1 1 1 1 1 1 1 1 1 1 1 1 1 1 1 1 1 1 1 1 1 1 1 1 1 1 1 1 1 1 1 1 1 1 1 1 1 1 1 1 1 1 1 1 1 1 1 1 1 1 1 1 1 1 1 1 1 1 1 1 1 1 1 1 1 1 1 1 1 1 1 1 1 1 1 1 1 1 1 1 1 1 1 1 1 1 1 1 1 1 1 1 1 1 1 1 1 1 1 1 1 1 1 1 1 1 1 1 1 1 1 1 1 1 1 1 1 1 1 1 1 1 1 1 1 1 1 1 1 1 1 1 1 1 1 1 1 1 1 1 1 1 1 1 1 1 1 1 1 1 1 1 1 1 1 1 1 1 1 1 1 1 1 1 1 1 1 1 1 1 1 1 1 1 1 1 1 1 1 1 1 1 1 1 1 1 1 1 1 1 1 1 1 1 1 1 1 1 1 1 1 1 1 1 1 1 1 1 1 1 1 1 1 1 1 1 1 1 1 1 1 1 1 1 1 1 1 1 1 1 1 1 1 1 1 1 1 1 1 1 1 1 1 1 1 1 1 1 1 1 1 1 1 1 1 1 1 1 1 1 1 1 1 1 1 1 1 1 1 1 1 1 1 1 1 1 1 1 1 1 1 1 1 1 1 1 1 1 1 1 1 1 1 1 1 1 1 1 1 1 1 1 1 1 1 1 1 1 1 1 1 1 1 1 1 1 1 1 1 1 1 1 1 1 1 1 1 1 1 1 1 1 1 1 1 1 1 1 1 1 1 1 1 1 1 1 1 1 1 1 1 1 1 1 1 1 1 1 1 1 1 1 1 1 1 1 1 1 1 1 1 1 1 1 1 1 1 1 1 1 1 1 1 1 1 1 1 1 1 1 1 1 1 1 1 1 1 1 1 1 1 1 1 1 1 1 1 1 1 1 1 1 1 1 1 1 1 1 1 1 1 1 1 1 1 1 1 1 1 1 1 1 1 1 1 1 1 1 1 1 1 1 1 1 1 1 1 1 1 1 1 1 1 1 1 1 1 1 1 1 1 1 1 1 1 1 1 1 1 1 1 1 1 1 1 1 1 1 1 1 1 1 1 1 1 1 1 1 1 1 1 1 1 1 1 1 1 1 1 1 1 1 1 1 1 1 1 1 1 1 1 1 1 1 1 1 1 1 1 1 1 1 1 1 1 1 1 1 1 1 1 1 1 1 1 1 1 1 1 1 1 1 1 1 1 1 1 1 1 1 1 1 1 1 1 1 1 1 1 1 1 1 1 1 1 1 1 1 1 1 1 1 1 1 1 1 1 1 1 1 1 1 1 1 1 1 1 1 1 1 1 1 1 1 1 1 1 1 1 1 1 1 1 1 1 1 1 1 1 1 1 1 1 1 1 1 1 1 1 1 1 1 1 1 1 1 1 1 1 1 1 1 1 1 1 1 1 1 1 1 1 1 1 1 1 1 1 1 1 1 1 1 1 1 1 1 1 1 1 1 1 1 1 1 1 1 1 1 1 1 1 1 1 1 1 1 1 1 1 1 1 1 1 1 1 1 1 1 1 1 1 1 1 1 1 1 1 1 1 1 1 1 1 1 1 1 1 1 1 1 1 1 1 1 1 1 1 1 1 1 1 1 1 1 1 1 1 1 1 1 1 1 1 1 1 1 1 1 1 1 1 1 1 1 1 1 1 1 1 1 1 1 1 1 1 1 1 1 1 1 1 1 1 1 1 1 1 1 1 1 1 1 1 1 1 1 1 1 1 1 1 1 1 1 1 1 1 1 1 1 1 1 1 1 1 1 1 1 1 1 1 1 1 1 1 1 1 1 1 1 1 1 1 1 1 1 1 1 1 1 1 1 1 1 1 1 1 1 1 1 1 1 1 1 1 1 1 1 1 1 1 1 1 1 1 1 1 1 1 1 1 1 1 1 1 1 1 1 1 1 1 1 1 1 1 1 1 1 1 1 1 1 1 1 1 1 1 1 1 1 1 1 1 1 1 1 1 1 1 1 1 1 1 1 1 1 1 1 1 1 1 1 1 1 1 1 1 1 1 1 1 1 1 1 1 1 1 1 1 1 1 1 1 1 1 1 1 1 1 1 1 1 1 1 1 1 1 1 1 1 1 1 1 1 1 1 1 1 1 1 1 1 1 1 1 1 1 1 1 1 1 1 1 1 1 1 1 1 1 1 1 1 1 1 1 1 1 1 1 1 1 1 1 1 1 1 1 1 1 1 1 1 1 1 1 1 1 1 1 1 1 1 1 1 1 1 1 1 1 1 1 1 1 1 1 1 1 1 1 1 1 1 1 1 1 1 1 1 1 1 1 1 1 1 1 1 1 1 1 1 1 1 1 1 1 1 1 1 1 1 1 1 1 1 1 1 1 1 1 1 1 1 1 1 1 1 1 1 1 1 1 1 1 1 1 1 1 1 1 1 1 1 1 1 1 1 1 1 1 1 1 1 1 1 1 1 1 1 1 1 1 1 1 1 1 1 1 1 1 1 1 1 1 1 1 1 1 1 1 1 1 1 1 1 1 1 1 1 1 1 1 1 1 1 1 1 1 1 1 1 1 1 1 1 1 1 1 1 1 1 1 1 1 1 1 1 1 1 1 1 1 1 1 1 1 1 1 1 1 1 1 1 1 1 1 1 1 1 1 1 1 1 1 1 1 1 1 1 1 1 1 1 1 1 1 1 1 1 1 1 1 1 1 1 1 1 1 1 1 1 1 1 1 1 1 1 1 1 1 1 1 1 1 1 1 1 1 1 1 1 1 1 1 1 1 1 1 1 1 1 1 1 1 1 1 1 1 1 1 1 1 1 1 1 1 1 1 1 1 1 1 1 1 1 1 1 1 1 1 1 1 1 1 1 1 1 1 1 1 1 1 1 1 1 1 1 1 1 1 1 1 1 1 1 1 1 1 1 1 1 1 1 0.6980392 0.7019608 0.6980392 1 0.6980392 0.7019608 0.6980392 1 0.6980392 0.7019608 0.6980392 1 0.6980392 0.7019608 0.6980392 1 0.6980392 0.7019608 0.6980392 1 0.6980392 0.7019608 0.6980392 1 0.6980392 0.7019608 0.6980392 1 0.6980392 0.7019608 0.6980392 1 0.6980392 0.7019608 0.6980392 1 0.6980392 0.7019608 0.6980392 1 0.6980392 0.7019608 0.6980392 1 0.6980392 0.7019608 0.6980392 1 0.6980392 0.7019608 0.6980392 1 0.6980392 0.7019608 0.6980392 1 0.6980392 0.7019608 0.6980392 1 0.6980392 0.7019608 0.6980392 1 0.6980392 0.7019608 0.6980392 1 0.6980392 0.7019608 0.6980392 1 0.6980392 0.7019608 0.6980392 1 0.6980392 0.7019608 0.6980392 1 0.6980392 0.7019608 0.6980392 1 0.6980392 0.7019608 0.6980392 1 0.6980392 0.7019608 0.6980392 1 0.6980392 0.7019608 0.6980392 1 0.6980392 0.7019608 0.6980392 1 0.6980392 0.7019608 0.6980392 1 0.6980392 0.7019608 0.6980392 1 0.6980392 0.7019608 0.6980392 1 0.6980392 0.7019608 0.6980392 1 0.6980392 0.7019608 0.6980392 1 0.6980392 0.7019608 0.6980392 1 0.6980392 0.7019608 0.6980392 1 0.6980392 0.7019608 0.6980392 1 0.6980392 0.7019608 0.6980392 1 0.6980392 0.7019608 0.6980392 1 0.6980392 0.7019608 0.6980392 1 0.6980392 0.7019608 0.6980392 1 0.6980392 0.7019608 0.6980392 1 0.6980392 0.7019608 0.6980392 1 0.6980392 0.7019608 0.6980392 1 0.6980392 0.7019608 0.6980392 1 0.6980392 0.7019608 0.6980392 1 0.6980392 0.7019608 0.6980392 1 0.6980392 0.7019608 0.6980392 1 0.6980392 0.7019608 0.6980392 1 0.6980392 0.7019608 0.6980392 1 0.6980392 0.7019608 0.6980392 1 0.6980392 0.7019608 0.6980392 1 0.6980392 0.7019608 0.6980392 1 0.6980392 0.7019608 0.6980392 1 0.6980392 0.7019608 0.6980392 1 0.6980392 0.7019608 0.6980392 1 0.6980392 0.7019608 0.6980392 1 0.6980392 0.7019608 0.6980392 1 0.6980392 0.7019608 0.6980392 1 0.6980392 0.7019608 0.6980392 1 0.6980392 0.7019608 0.6980392 1 0.6980392 0.7019608 0.6980392 1 0.6980392 0.7019608 0.6980392 1 0.6980392 0.7019608 0.6980392 1 0.6980392 0.7019608 0.6980392 1 0.6980392 0.7019608 0.6980392 1 0.6980392 0.7019608 0.6980392 1 0.6980392 0.7019608 0.6980392 1 0.6980392 0.7019608 0.6980392 1 0.6980392 0.7019608 0.6980392 1 0.6980392 0.7019608 0.6980392 1 0.6980392 0.7019608 0.6980392 1 0.6980392 0.7019608 0.6980392 1 0.6980392 0.7019608 0.6980392 1 0.6980392 0.7019608 0.6980392 1 0.6980392 0.7019608 0.6980392 1 0.6980392 0.7019608 0.6980392 1 0.6980392 0.7019608 0.6980392 1 0.6980392 0.7019608 0.6980392 1 0.6980392 0.7019608 0.6980392 1 0.6980392 0.7019608 0.6980392 1 0.6980392 0.7019608 0.6980392 1 0.6980392 0.7019608 0.6980392 1 0.6980392 0.7019608 0.6980392 1 0.6980392 0.7019608 0.6980392 1 0.6980392 0.7019608 0.6980392 1 0.6980392 0.7019608 0.6980392 1 0.6980392 0.7019608 0.6980392 1 0.6980392 0.7019608 0.6980392 1 0.6980392 0.7019608 0.6980392 1 0.6980392 0.7019608 0.6980392 1 0.6980392 0.7019608 0.6980392 1 0.6980392 0.7019608 0.6980392 1 0.6980392 0.7019608 0.6980392 1 0.6980392 0.7019608 0.6980392 1 0.6980392 0.7019608 0.6980392 1 0.6980392 0.7019608 0.6980392 1 0.6980392 0.7019608 0.6980392 1 0.6980392 0.7019608 0.6980392 1 0.6980392 0.7019608 0.6980392 1 0.6980392 0.7019608 0.6980392 1 0.6980392 0.7019608 0.6980392 1 0.6980392 0.7019608 0.6980392 1 0.6980392 0.7019608 0.6980392 1 0.6980392 0.7019608 0.6980392 1 0.6980392 0.7019608 0.6980392 1 0.6980392 0.7019608 0.6980392 1 0.6980392 0.7019608 0.6980392 1 0.6980392 0.7019608 0.6980392 1 0.6980392 0.7019608 0.6980392 1 0.6980392 0.7019608 0.6980392 1 0.6980392 0.7019608 0.6980392 1 0.6980392 0.7019608 0.6980392 1 0.6980392 0.7019608 0.6980392 1 0.6980392 0.7019608 0.6980392 1 0.6980392 0.7019608 0.6980392 1 0.6980392 0.7019608 0.6980392 1 0.6980392 0.7019608 0.6980392 1 0.6980392 0.7019608 0.6980392 1 0.6980392 0.7019608 0.6980392 1 0.6980392 0.7019608 0.6980392 1 0.6980392 0.7019608 0.6980392 1 0.6980392 0.7019608 0.6980392 1 0.6980392 0.7019608 0.6980392 1 0.6980392 0.7019608 0.6980392 1 0.6980392 0.7019608 0.6980392 1 0.6980392 0.7019608 0.6980392 1 0.6980392 0.7019608 0.6980392 1 0.6980392 0.7019608 0.6980392 1 0.6980392 0.7019608 0.6980392 1 0.6980392 0.7019608 0.6980392 1 0.6980392 0.7019608 0.6980392 1 0.6980392 0.7019608 0.6980392 1 0.6980392 0.7019608 0.6980392 1 0.6980392 0.7019608 0.6980392 1 0.6980392 0.7019608 0.6980392 1 0.6980392 0.7019608 0.6980392 1 0.6980392 0.7019608 0.6980392 1 0.6980392 0.7019608 0.6980392 1 0.6980392 0.7019608 0.6980392 1 0.6980392 0.7019608 0.6980392 1 0.6980392 0.7019608 0.6980392 1 0.6980392 0.7019608 0.6980392 1 0.6980392 0.7019608 0.6980392 1 0.6980392 0.7019608 0.6980392 1 0.6980392 0.7019608 0.6980392 1 0.6980392 0.7019608 0.6980392 1 0.6980392 0.7019608 0.6980392 1 0.6980392 0.7019608 0.6980392 1 0.6980392 0.7019608 0.6980392 1 0.6980392 0.7019608 0.6980392 1 0.6980392 0.7019608 0.6980392 1 0.6980392 0.7019608 0.6980392 1 0.6980392 0.7019608 0.6980392 1 0.6980392 0.7019608 0.6980392 1 0.6980392 0.7019608 0.6980392 1 0.6980392 0.7019608 0.6980392 1 0.6980392 0.7019608 0.6980392 1 0.6980392 0.7019608 0.6980392 1 0.6980392 0.7019608 0.6980392 1 0.6980392 0.7019608 0.6980392 1 0.6980392 0.7019608 0.6980392 1 0.6980392 0.7019608 0.6980392 1 0.6980392 0.7019608 0.6980392 1 0.6980392 0.7019608 0.6980392 1 0.6980392 0.7019608 0.6980392 1 0.6980392 0.7019608 0.6980392 1 0.6980392 0.7019608 0.6980392 1 0.6980392 0.7019608 0.6980392 1 0.6980392 0.7019608 0.6980392 1 0.6980392 0.7019608 0.6980392 1 0.6980392 0.7019608 0.6980392 1 0.6980392 0.7019608 0.6980392 1 0.6980392 0.7019608 0.6980392 1 0.6980392 0.7019608 0.6980392 1 0.6980392 0.7019608 0.6980392 1 0.6980392 0.7019608 0.6980392 1 0.6980392 0.7019608 0.6980392 1 0.6980392 0.7019608 0.6980392 1 0.6980392 0.7019608 0.6980392 1 0.6980392 0.7019608 0.6980392 1 0.6980392 0.7019608 0.6980392 1 0.6980392 0.7019608 0.6980392 1 0.6980392 0.7019608 0.6980392 1 0.6980392 0.7019608 0.6980392 1 0.6980392 0.7019608 0.6980392 1 0.6980392 0.7019608 0.6980392 1 0.6980392 0.7019608 0.6980392 1 0.6980392 0.7019608 0.6980392 1 0.6980392 0.7019608 0.6980392 1 0.6980392 0.7019608 0.6980392 1 0.6980392 0.7019608 0.6980392 1 0.6980392 0.7019608 0.6980392 1 0.6980392 0.7019608 0.6980392 1 0.6980392 0.7019608 0.6980392 1 0.6980392 0.7019608 0.6980392 1 0.6980392 0.7019608 0.6980392 1 0.6980392 0.7019608 0.6980392 1 0.6980392 0.7019608 0.6980392 1 0.6980392 0.7019608 0.6980392 1 0.6980392 0.7019608 0.6980392 1 0.6980392 0.7019608 0.6980392 1 0.6980392 0.7019608 0.6980392 1 0.6980392 0.7019608 0.6980392 1 0.6980392 0.7019608 0.6980392 1 0.6980392 0.7019608 0.6980392 1 0.6980392 0.7019608 0.6980392 1 0.6980392 0.7019608 0.6980392 1 0.6980392 0.7019608 0.6980392 1 0.6980392 0.7019608 0.6980392 1 0.6980392 0.7019608 0.6980392 1 0.6980392 0.7019608 0.6980392 1 0.6980392 0.7019608 0.6980392 1 0.6980392 0.7019608 0.6980392 1 0.6980392 0.7019608 0.6980392 1 0.6980392 0.7019608 0.6980392 1 0.6980392 0.7019608 0.6980392 1 0.6980392 0.7019608 0.6980392 1 0.6980392 0.7019608 0.6980392 1 0.6980392 0.7019608 0.6980392 1 0.6980392 0.7019608 0.6980392 1 0.6980392 0.7019608 0.6980392 1 0.6980392 0.7019608 0.6980392 1 0.6980392 0.7019608 0.6980392 1 0.6980392 0.7019608 0.6980392 1 0.6980392 0.7019608 0.6980392 1 0.6980392 0.7019608 0.6980392 1 0.6980392 0.7019608 0.6980392 1 0.6980392 0.7019608 0.6980392 1 0.6980392 0.7019608 0.6980392 1 0.6980392 0.7019608 0.6980392 1 0.6980392 0.7019608 0.6980392 1 0.6980392 0.7019608 0.6980392 1 0.6980392 0.7019608 0.6980392 1 0.6980392 0.7019608 0.6980392 1 0.6980392 0.7019608 0.6980392 1 0.6980392 0.7019608 0.6980392 1 0.6980392 0.7019608 0.6980392 1 0.6980392 0.7019608 0.6980392 1 0.6980392 0.7019608 0.6980392 1 0.6980392 0.7019608 0.6980392 1 0.6980392 0.7019608 0.6980392 1 0.6980392 0.7019608 0.6980392 1 0.6980392 0.7019608 0.6980392 1 0.6980392 0.7019608 0.6980392 1 0.6980392 0.7019608 0.6980392 1 0.6980392 0.7019608 0.6980392 1 0.6980392 0.7019608 0.6980392 1 0.6980392 0.7019608 0.6980392 1 0.6980392 0.7019608 0.6980392 1 0.6980392 0.7019608 0.6980392 1 0.6980392 0.7019608 0.6980392 1 0.6980392 0.7019608 0.6980392 1 0.6980392 0.7019608 0.6980392 1 0.6980392 0.7019608 0.6980392 1 0.6980392 0.7019608 0.6980392 1 0.6980392 0.7019608 0.6980392 1 0.6980392 0.7019608 0.6980392 1 0.6980392 0.7019608 0.6980392 1 0.6980392 0.7019608 0.6980392 1 0.6980392 0.7019608 0.6980392 1 0.6980392 0.7019608 0.6980392 1 0.6980392 0.7019608 0.6980392 1 0.6980392 0.7019608 0.6980392 1 0.6980392 0.7019608 0.6980392 1 0.6980392 0.7019608 0.6980392 1 0.6980392 0.7019608 0.6980392 1 0.6980392 0.7019608 0.6980392 1 0.6980392 0.7019608 0.6980392 1 0.6980392 0.7019608 0.6980392 1 0.6980392 0.7019608 0.6980392 1 0.6980392 0.7019608 0.6980392 1 0.6980392 0.7019608 0.6980392 1 0.6980392 0.7019608 0.6980392 1 0.6980392 0.7019608 0.6980392 1 0.6980392 0.7019608 0.6980392 1 0.6980392 0.7019608 0.6980392 1 0.6980392 0.7019608 0.6980392 1 0.6980392 0.7019608 0.6980392 1 0.6980392 0.7019608 0.6980392 1 0.6980392 0.7019608 0.6980392 1 0.6980392 0.7019608 0.6980392 1 0.6980392 0.7019608 0.6980392 1 0.6980392 0.7019608 0.6980392 1 0.6980392 0.7019608 0.6980392 1 0.6980392 0.7019608 0.6980392 1 0.6980392 0.7019608 0.6980392 1 0.6980392 0.7019608 0.6980392 1 0.6980392 0.7019608 0.6980392 1 0.6980392 0.7019608 0.6980392 1 0.6980392 0.7019608 0.6980392 1 0.6980392 0.7019608 0.6980392 1 0.6980392 0.7019608 0.6980392 1 0.6980392 0.7019608 0.6980392 1 0.6980392 0.7019608 0.6980392 1 0.6980392 0.7019608 0.6980392 1 0.6980392 0.7019608 0.6980392 1 0.6980392 0.7019608 0.6980392 1 0.6980392 0.7019608 0.6980392 1 0.6980392 0.7019608 0.6980392 1 0.6980392 0.7019608 0.6980392 1 0.6980392 0.7019608 0.6980392 1 0.6980392 0.7019608 0.6980392 1 0.6980392 0.7019608 0.6980392 1 0.6980392 0.7019608 0.6980392 1 0.6980392 0.7019608 0.6980392 1 0.6980392 0.7019608 0.6980392 1 0.6980392 0.7019608 0.6980392 1 0.6980392 0.7019608 0.6980392 1 0.6980392 0.7019608 0.6980392 1 0.6980392 0.7019608 0.6980392 1 0.6980392 0.7019608 0.6980392 1 0.6980392 0.7019608 0.6980392 1 0.6980392 0.7019608 0.6980392 1 0.6980392 0.7019608 0.6980392 1 0.6980392 0.7019608 0.6980392 1 0.6980392 0.7019608 0.6980392 1 0.6980392 0.7019608 0.6980392 1 0.6980392 0.7019608 0.6980392 1 0.6980392 0.7019608 0.6980392 1 0.6980392 0.7019608 0.6980392 1 0.6980392 0.7019608 0.6980392 1 0.6980392 0.7019608 0.6980392 1 0.6980392 0.7019608 0.6980392 1 0.6980392 0.7019608 0.6980392 1 0.6980392 0.7019608 0.6980392 1 0.6980392 0.7019608 0.6980392 1 0.6980392 0.7019608 0.6980392 1 0.6980392 0.7019608 0.6980392 1 0.6980392 0.7019608 0.6980392 1 0.6980392 0.7019608 0.6980392 1 0.6980392 0.7019608 0.6980392 1 0.6980392 0.7019608 0.6980392 1 0.6980392 0.7019608 0.6980392 1 0.6980392 0.7019608 0.6980392 1 0.6980392 0.7019608 0.6980392 1 0.6980392 0.7019608 0.6980392 1 0.6980392 0.7019608 0.6980392 1 0.6980392 0.7019608 0.6980392 1 0.6980392 0.7019608 0.6980392 1 0.6980392 0.7019608 0.6980392 1 0.6980392 0.7019608 0.6980392 1 0.6980392 0.7019608 0.6980392 1 0.6980392 0.7019608 0.6980392 1 0.6980392 0.7019608 0.6980392 1 0.6980392 0.7019608 0.6980392 1 0.6980392 0.7019608 0.6980392 1 0.6980392 0.7019608 0.6980392 1 0.6980392 0.7019608 0.6980392 1 0.6980392 0.7019608 0.6980392 1 0.6980392 0.7019608 0.6980392 1 0.6980392 0.7019608 0.6980392 1 0.6980392 0.7019608 0.6980392 1 0.6980392 0.7019608 0.6980392 1 0.6980392 0.7019608 0.6980392 1 0.6980392 0.7019608 0.6980392 1 0.6980392 0.7019608 0.6980392 1 0.6980392 0.7019608 0.6980392 1 0.6980392 0.7019608 0.6980392 1 0.6980392 0.7019608 0.6980392 1 0.6980392 0.7019608 0.6980392 1 0.6980392 0.7019608 0.6980392 1 0.6980392 0.7019608 0.6980392 1 0.6980392 0.7019608 0.6980392 1 0.6980392 0.7019608 0.6980392 1 0.6980392 0.7019608 0.6980392 1 0.6980392 0.7019608 0.6980392 1 0.6980392 0.7019608 0.6980392 1 0.6980392 0.7019608 0.6980392 1 0.6980392 0.7019608 0.6980392 1 0.6980392 0.7019608 0.6980392 1 0.6980392 0.7019608 0.6980392 1 0.6980392 0.7019608 0.6980392 1 0.6980392 0.7019608 0.6980392 1 0.6980392 0.7019608 0.6980392 1 0.6980392 0.7019608 0.6980392 1 0.6980392 0.7019608 0.6980392 1 0.6980392 0.7019608 0.6980392 1 0.6980392 0.7019608 0.6980392 1 0.6980392 0.7019608 0.6980392 1 0.6980392 0.7019608 0.6980392 1 0.6980392 0.7019608 0.6980392 1 0.6980392 0.7019608 0.6980392 1 0.6980392 0.7019608 0.6980392 1 0.6980392 0.7019608 0.6980392 1 0.6980392 0.7019608 0.6980392 1 0.6980392 0.7019608 0.6980392 1 0.6980392 0.7019608 0.6980392 1 0.6980392 0.7019608 0.6980392 1 0.6980392 0.7019608 0.6980392 1 0.6980392 0.7019608 0.6980392 1 0.6980392 0.7019608 0.6980392 1 0.6980392 0.7019608 0.6980392 1 0.6980392 0.7019608 0.6980392 1 0.6980392 0.7019608 0.6980392 1 0.6980392 0.7019608 0.6980392 1 0.6980392 0.7019608 0.6980392 1 0.6980392 0.7019608 0.6980392 1 0.6980392 0.7019608 0.6980392 1 0.6980392 0.7019608 0.6980392 1 0.6980392 0.7019608 0.6980392 1 0.6980392 0.7019608 0.6980392 1 0.6980392 0.7019608 0.6980392 1 0.6980392 0.7019608 0.6980392 1 0.6980392 0.7019608 0.6980392 1 0.6980392 0.7019608 0.6980392 1 0.6980392 0.7019608 0.6980392 1 0.6980392 0.7019608 0.6980392 1 0.6980392 0.7019608 0.6980392 1 0.6980392 0.7019608 0.6980392 1 0.6980392 0.7019608 0.6980392 1 0.6980392 0.7019608 0.6980392 1 0.6980392 0.7019608 0.6980392 1 0.6980392 0.7019608 0.6980392 1 0.6980392 0.7019608 0.6980392 1 0.6980392 0.7019608 0.6980392 1 0.6980392 0.7019608 0.6980392 1 0.6980392 0.7019608 0.6980392 1 0.6980392 0.7019608 0.6980392 1 0.6980392 0.7019608 0.6980392 1 0.6980392 0.7019608 0.6980392 1 0.6980392 0.7019608 0.6980392 1 0.6980392 0.7019608 0.6980392 1 0.6980392 0.7019608 0.6980392 1 0.6980392 0.7019608 0.6980392 1 0.6980392 0.7019608 0.6980392 1 0.6980392 0.7019608 0.6980392 1 0.6980392 0.7019608 0.6980392 1 0.6980392 0.7019608 0.6980392 1 0.6980392 0.7019608 0.6980392 1 0.6980392 0.7019608 0.6980392 1 0.6980392 0.7019608 0.6980392 1 0.6980392 0.7019608 0.6980392 1 0.6980392 0.7019608 0.6980392 1 0.6980392 0.7019608 0.6980392 1 0.6980392 0.7019608 0.6980392 1 0.6980392 0.7019608 0.6980392 1 0.6980392 0.7019608 0.6980392 1 0.6980392 0.7019608 0.6980392 1 0.6980392 0.7019608 0.6980392 1 0.6980392 0.7019608 0.6980392 1 0.6980392 0.7019608 0.6980392 1 0.6980392 0.7019608 0.6980392 1 0.6980392 0.7019608 0.6980392 1 0.6980392 0.7019608 0.6980392 1 0.6980392 0.7019608 0.6980392 1 0.6980392 0.7019608 0.6980392 1 0.6980392 0.7019608 0.6980392 1 0.6980392 0.7019608 0.6980392 1 0.6980392 0.7019608 0.6980392 1 0.6980392 0.7019608 0.6980392 1 0.6980392 0.7019608 0.6980392 1 0.6980392 0.7019608 0.6980392 1 0.6980392 0.7019608 0.6980392 1 0.6980392 0.7019608 0.6980392 1 0.6980392 0.7019608 0.6980392 1 0.6980392 0.7019608 0.6980392 1 0.6980392 0.7019608 0.6980392 1 0.6980392 0.7019608 0.6980392 1 0.6980392 0.7019608 0.6980392 1 0.6980392 0.7019608 0.6980392 1 0.6980392 0.7019608 0.6980392 1 0.6980392 0.7019608 0.6980392 1 0.6980392 0.7019608 0.6980392 1 0.6980392 0.7019608 0.6980392 1 0.6980392 0.7019608 0.6980392 1 0.6980392 0.7019608 0.6980392 1 0.6980392 0.7019608 0.6980392 1 0.6980392 0.7019608 0.6980392 1 0.6980392 0.7019608 0.6980392 1 0.6980392 0.7019608 0.6980392 1 0.6980392 0.7019608 0.6980392 1 0.6980392 0.7019608 0.6980392 1 0.6980392 0.7019608 0.6980392 1 0.6980392 0.7019608 0.6980392 1 0.6980392 0.7019608 0.6980392 1 0.6980392 0.7019608 0.6980392 1 0.6980392 0.7019608 0.6980392 1 0.6980392 0.7019608 0.6980392 1 0.6980392 0.7019608 0.6980392 1 0.6980392 0.7019608 0.6980392 1 0.6980392 0.7019608 0.6980392 1 0.6980392 0.7019608 0.6980392 1 0.6980392 0.7019608 0.6980392 1 0.6980392 0.7019608 0.6980392 1 0.6980392 0.7019608 0.6980392 1 0.6980392 0.7019608 0.6980392 1 0.6980392 0.7019608 0.6980392 1 0.6980392 0.7019608 0.6980392 1 0.6980392 0.7019608 0.6980392 1 0.6980392 0.7019608 0.6980392 1 0.6980392 0.7019608 0.6980392 1 0.6980392 0.7019608 0.6980392 1 0.6980392 0.7019608 0.6980392 1 0.6980392 0.7019608 0.6980392 1 0.6980392 0.7019608 0.6980392 1 0.6980392 0.7019608 0.6980392 1 0.6980392 0.7019608 0.6980392 1 0.6980392 0.7019608 0.6980392 1 0.6980392 0.7019608 0.6980392 1 0.6980392 0.7019608 0.6980392 1 0.6980392 0.7019608 0.6980392 1 0.6980392 0.7019608 0.6980392 1 0.6980392 0.7019608 0.6980392 1 0.6980392 0.7019608 0.6980392 1 0.6980392 0.7019608 0.6980392 1 0.6980392 0.7019608 0.6980392 1 0.6980392 0.7019608 0.6980392 1 0.6980392 0.7019608 0.6980392 1 0.6980392 0.7019608 0.6980392 1 0.6980392 0.7019608 0.6980392 1 0.6980392 0.7019608 0.6980392 1 0.6980392 0.7019608 0.6980392 1 0.6980392 0.7019608 0.6980392 1 0.6980392 0.7019608 0.6980392 1 0.6980392 0.7019608 0.6980392 1 0.6980392 0.7019608 0.6980392 1 0.6980392 0.7019608 0.6980392 1 0.6980392 0.7019608 0.6980392 1 0.6980392 0.7019608 0.6980392 1 0.6980392 0.7019608 0.6980392 1 0.6980392 0.7019608 0.6980392 1 0.6980392 0.7019608 0.6980392 1 0.6980392 0.7019608 0.6980392 1 0.6980392 0.7019608 0.6980392 1 0.6980392 0.7019608 0.6980392 1 0.6980392 0.7019608 0.6980392 1 0.6980392 0.7019608 0.6980392 1 0.6980392 0.7019608 0.6980392 1 0.6980392 0.7019608 0.6980392 1 0.6980392 0.7019608 0.6980392 1 0.6980392 0.7019608 0.6980392 1 0.6980392 0.7019608 0.6980392 1 0.6980392 0.7019608 0.6980392 1 0.6980392 0.7019608 0.6980392 1 0.6980392 0.7019608 0.6980392 1 0.6980392 0.7019608 0.6980392 1 0.6980392 0.7019608 0.6980392 1 0.6980392 0.7019608 0.6980392 1 0.6980392 0.7019608 0.6980392 1 0.6980392 0.7019608 0.6980392 1 0.6980392 0.7019608 0.6980392 1 0.6980392 0.7019608 0.6980392 1 0.6980392 0.7019608 0.6980392 1 0.6980392 0.7019608 0.6980392 1 0.6980392 0.7019608 0.6980392 1 0.6980392 0.7019608 0.6980392 1 0.6980392 0.7019608 0.6980392 1 0.6980392 0.7019608 0.6980392 1 0.6980392 0.7019608 0.6980392 1 0.6980392 0.7019608 0.6980392 1 0.6980392 0.7019608 0.6980392 1 0.6980392 0.7019608 0.6980392 1 0.6980392 0.7019608 0.6980392 1 0.6980392 0.7019608 0.6980392 1 0.6980392 0.7019608 0.6980392 1 0.6980392 0.7019608 0.6980392 1 0.6980392 0.7019608 0.6980392 1 0.6980392 0.7019608 0.6980392 1 0.6980392 0.7019608 0.6980392 1 0.6980392 0.7019608 0.6980392 1 0.6980392 0.7019608 0.6980392 1 0.6980392 0.7019608 0.6980392 1 0.6980392 0.7019608 0.6980392 1 0.6980392 0.7019608 0.6980392 1 0.6980392 0.7019608 0.6980392 1 0.6980392 0.7019608 0.6980392 1 0.6980392 0.7019608 0.6980392 1 0.6980392 0.7019608 0.6980392 1 0.6980392 0.7019608 0.6980392 1 0.6980392 0.7019608 0.6980392 1 0.6980392 0.7019608 0.6980392 1 0.6980392 0.7019608 0.6980392 1 0.6980392 0.7019608 0.6980392 1 0.6980392 0.7019608 0.6980392 1 0.6980392 0.7019608 0.6980392 1 0.6980392 0.7019608 0.6980392 1 0.6980392 0.7019608 0.6980392 1 0.6980392 0.7019608 0.6980392 1 0.6980392 0.7019608 0.6980392 1 0.6980392 0.7019608 0.6980392 1 0.6980392 0.7019608 0.6980392 1 0.6980392 0.7019608 0.6980392 1 0.6980392 0.7019608 0.6980392 1 0.6980392 0.7019608 0.6980392 1 0.6980392 0.7019608 0.6980392 1 0.6980392 0.7019608 0.6980392 1 0.6980392 0.7019608 0.6980392 1 0.6980392 0.7019608 0.6980392 1 0.6980392 0.7019608 0.6980392 1 0.6980392 0.7019608 0.6980392 1 0.6980392 0.7019608 0.6980392 1 0.6980392 0.7019608 0.6980392 1 0.6980392 0.7019608 0.6980392 1 0.6980392 0.7019608 0.6980392 1 0.6980392 0.7019608 0.6980392 1 0.6980392 0.7019608 0.6980392 1 0.6980392 0.7019608 0.6980392 1 0.6980392 0.7019608 0.6980392 1 0.6980392 0.7019608 0.6980392 1 0.6980392 0.7019608 0.6980392 1 0.6980392 0.7019608 0.6980392 1 0.6980392 0.7019608 0.6980392 1 0.6980392 0.7019608 0.6980392 1 0.6980392 0.7019608 0.6980392 1 0.6980392 0.7019608 0.6980392 1 0.6980392 0.7019608 0.6980392 1 0.6980392 0.7019608 0.6980392 1 0.6980392 0.7019608 0.6980392 1 0.6980392 0.7019608 0.6980392 1 0.6980392 0.7019608 0.6980392 1 0.6980392 0.7019608 0.6980392 1 0.6980392 0.7019608 0.6980392 1 0.6980392 0.7019608 0.6980392 1 0.6980392 0.7019608 0.6980392 1 0.6980392 0.7019608 0.6980392 1 0.6980392 0.7019608 0.6980392 1 0.6980392 0.7019608 0.6980392 1 0.6980392 0.7019608 0.6980392 1 0.6980392 0.7019608 0.6980392 1 0.6980392 0.7019608 0.6980392 1 0.6980392 0.7019608 0.6980392 1 0.6980392 0.7019608 0.6980392 1 0.6980392 0.7019608 0.6980392 1 0.6980392 0.7019608 0.6980392 1 0.6980392 0.7019608 0.6980392 1 0.6980392 0.7019608 0.6980392 1 0.6980392 0.7019608 0.6980392 1 0.6980392 0.7019608 0.6980392 1 0.6980392 0.7019608 0.6980392 1 0.6980392 0.7019608 0.6980392 1 0.6980392 0.7019608 0.6980392 1 0.6980392 0.7019608 0.6980392 1 0.6980392 0.7019608 0.6980392 1 0.6980392 0.7019608 0.6980392 1 0.6980392 0.7019608 0.6980392 1 0.6980392 0.7019608 0.6980392 1 0.6980392 0.7019608 0.6980392 1 0.6980392 0.7019608 0.6980392 1 0.6980392 0.7019608 0.6980392 1 0.6980392 0.7019608 0.6980392 1 0.6980392 0.7019608 0.6980392 1 0.6980392 0.7019608 0.6980392 1 0.6980392 0.7019608 0.6980392 1 0.6980392 0.7019608 0.6980392 1 0.6980392 0.7019608 0.6980392 1 0.6980392 0.7019608 0.6980392 1 0.6980392 0.7019608 0.6980392 1 0.6980392 0.7019608 0.6980392 1 0.6980392 0.7019608 0.6980392 1 0.6980392 0.7019608 0.6980392 1 0.6980392 0.7019608 0.6980392 1 0.6980392 0.7019608 0.6980392 1 0.6980392 0.7019608 0.6980392 1 0.6980392 0.7019608 0.6980392 1 0.6980392 0.7019608 0.6980392 1 0.6980392 0.7019608 0.6980392 1 0.6980392 0.7019608 0.6980392 1 0.6980392 0.7019608 0.6980392 1 0.6980392 0.7019608 0.6980392 1 0.6980392 0.7019608 0.6980392 1 0.6980392 0.7019608 0.6980392 1 0.6980392 0.7019608 0.6980392 1 0.6980392 0.7019608 0.6980392 1 0.6980392 0.7019608 0.6980392 1 0.6980392 0.7019608 0.6980392 1 0.6980392 0.7019608 0.6980392 1 0.6980392 0.7019608 0.6980392 1 0.6980392 0.7019608 0.6980392 1 0.6980392 0.7019608 0.6980392 1 0.6980392 0.7019608 0.6980392 1 0.6980392 0.7019608 0.6980392 1 0.6980392 0.7019608 0.6980392 1 0.6980392 0.7019608 0.6980392 1 0.6980392 0.7019608 0.6980392 1 0.6980392 0.7019608 0.6980392 1 0.6980392 0.7019608 0.6980392 1 0.6980392 0.7019608 0.6980392 1 0.6980392 0.7019608 0.6980392 1 0.6980392 0.7019608 0.6980392 1 0.6980392 0.7019608 0.6980392 1 0.6980392 0.7019608 0.6980392 1 0.6980392 0.7019608 0.6980392 1 0.6980392 0.7019608 0.6980392 1 0.6980392 0.7019608 0.6980392 1 0.6980392 0.7019608 0.6980392 1 0.6980392 0.7019608 0.6980392 1 0.6980392 0.7019608 0.6980392 1 0.6980392 0.7019608 0.6980392 1 0.6980392 0.7019608 0.6980392 1 0.6980392 0.7019608 0.6980392 1 0.6980392 0.7019608 0.6980392 1 0.6980392 0.7019608 0.6980392 1 0.6980392 0.7019608 0.6980392 1 0.6980392 0.7019608 0.6980392 1 0.6980392 0.7019608 0.6980392 1 0.6980392 0.7019608 0.6980392 1 0.6980392 0.7019608 0.6980392 1 0.6980392 0.7019608 0.6980392 1 0.6980392 0.7019608 0.6980392 1 0.6980392 0.7019608 0.6980392 1 0.6980392 0.7019608 0.6980392 1 0.6980392 0.7019608 0.6980392 1 0.6980392 0.7019608 0.6980392 1 0.6980392 0.7019608 0.6980392 1 0.6980392 0.7019608 0.6980392 1 0.6980392 0.7019608 0.6980392 1 0.6980392 0.7019608 0.6980392 1 0.6980392 0.7019608 0.6980392 1 0.6980392 0.7019608 0.6980392 1 0.6980392 0.7019608 0.6980392 1 0.6980392 0.7019608 0.6980392 1 0.6980392 0.7019608 0.6980392 1 0.6980392 0.7019608 0.6980392 1 0.6980392 0.7019608 0.6980392 1 0.6980392 0.7019608 0.6980392 1 0.6980392 0.7019608 0.6980392 1 0.6980392 0.7019608 0.6980392 1 0.6980392 0.7019608 0.6980392 1 0.6980392 0.7019608 0.6980392 1 0.6980392 0.7019608 0.6980392 1 0.6980392 0.7019608 0.6980392 1 0.6980392 0.7019608 0.6980392 1 0.6980392 0.7019608 0.6980392 1 0.6980392 0.7019608 0.6980392 1 0.6980392 0.7019608 0.6980392 1 0.6980392 0.7019608 0.6980392 1 0.6980392 0.7019608 0.6980392 1 0.6980392 0.7019608 0.6980392 1 0.6980392 0.7019608 0.6980392 1 0.6980392 0.7019608 0.6980392 1 0.6980392 0.7019608 0.6980392 1 0.6980392 0.7019608 0.6980392 1 0.6980392 0.7019608 0.6980392 1 0.6980392 0.7019608 0.6980392 1 0.6980392 0.7019608 0.6980392 1 0.6980392 0.7019608 0.6980392 1 0.6980392 0.7019608 0.6980392 1 0.6980392 0.7019608 0.6980392 1 0.6980392 0.7019608 0.6980392 1 0.6980392 0.7019608 0.6980392 1 0.6980392 0.7019608 0.6980392 1 0.6980392 0.7019608 0.6980392 1 0.6980392 0.7019608 0.6980392 1 0.6980392 0.7019608 0.6980392 1 0.6980392 0.7019608 0.6980392 1 0.6980392 0.7019608 0.6980392 1 0.6980392 0.7019608 0.6980392 1 0.6980392 0.7019608 0.6980392 1 0.6980392 0.7019608 0.6980392 1 0.6980392 0.7019608 0.6980392 1 0.6980392 0.7019608 0.6980392 1 0.6980392 0.7019608 0.6980392 1 0.6980392 0.7019608 0.6980392 1 0.6980392 0.7019608 0.6980392 1 0.6980392 0.7019608 0.6980392 1 0.6980392 0.7019608 0.6980392 1 0.6980392 0.7019608 0.6980392 1 0.6980392 0.7019608 0.6980392 1 0.6980392 0.7019608 0.6980392 1 0.6980392 0.7019608 0.6980392 1 0.6980392 0.7019608 0.6980392 1 0.6980392 0.7019608 0.6980392 1 0.6980392 0.7019608 0.6980392 1 0.6980392 0.7019608 0.6980392 1 0.6980392 0.7019608 0.6980392 1 0.6980392 0.7019608 0.6980392 1 0.6980392 0.7019608 0.6980392 1 0.6980392 0.7019608 0.6980392 1 0.6980392 0.7019608 0.6980392 1 0.6980392 0.7019608 0.6980392 1 0.6980392 0.7019608 0.6980392 1 0.6980392 0.7019608 0.6980392 1 0.6980392 0.7019608 0.6980392 1 0.6980392 0.7019608 0.6980392 1 0.6980392 0.7019608 0.6980392 1 0.6980392 0.7019608 0.6980392 1 0.6980392 0.7019608 0.6980392 1 0.6980392 0.7019608 0.6980392 1 0.6980392 0.7019608 0.6980392 1 0.6980392 0.7019608 0.6980392 1 0.6980392 0.7019608 0.6980392 1 0.6980392 0.7019608 0.6980392 1 0.6980392 0.7019608 0.6980392 1 0.6980392 0.7019608 0.6980392 1 0.6980392 0.7019608 0.6980392 1 0.6980392 0.7019608 0.6980392 1 0.6980392 0.7019608 0.6980392 1 0.6980392 0.7019608 0.6980392 1 0.6980392 0.7019608 0.6980392 1 0.6980392 0.7019608 0.6980392 1 0.6980392 0.7019608 0.6980392 1 0.6980392 0.7019608 0.6980392 1 0.6980392 0.7019608 0.6980392 1 0.6980392 0.7019608 0.6980392 1 0.6980392 0.7019608 0.6980392 1 0.6980392 0.7019608 0.6980392 1 0.6980392 0.7019608 0.6980392 1 0.6980392 0.7019608 0.6980392 1 0.6980392 0.7019608 0.6980392 1 0.6980392 0.7019608 0.6980392 1 0.6980392 0.7019608 0.6980392 1 0.6980392 0.7019608 0.6980392 1 0.6980392 0.7019608 0.6980392 1 0.6980392 0.7019608 0.6980392 1 0.6980392 0.7019608 0.6980392 1 0.6980392 0.7019608 0.6980392 1 0.6980392 0.7019608 0.6980392 1 0.6980392 0.7019608 0.6980392 1 0.6980392 0.7019608 0.6980392 1 0.6980392 0.7019608 0.6980392 1 0.6980392 0.7019608 0.6980392 1 0.6980392 0.7019608 0.6980392 1 0.6980392 0.7019608 0.6980392 1 0.6980392 0.7019608 0.6980392 1 0.6980392 0.7019608 0.6980392 1 0.6980392 0.7019608 0.6980392 1 0.6980392 0.7019608 0.6980392 1 0.6980392 0.7019608 0.6980392 1 0.6980392 0.7019608 0.6980392 1 0.6980392 0.7019608 0.6980392 1 0.6980392 0.7019608 0.6980392 1 0.6980392 0.7019608 0.6980392 1 0.6980392 0.7019608 0.6980392 1 0.6980392 0.7019608 0.6980392 1 0.6980392 0.7019608 0.6980392 1 0.6980392 0.7019608 0.6980392 1 0.6980392 0.7019608 0.6980392 1 0.6980392 0.7019608 0.6980392 1 0.6980392 0.7019608 0.6980392 1 0.6980392 0.7019608 0.6980392 1 0.6980392 0.7019608 0.6980392 1 0.6980392 0.7019608 0.6980392 1 0.6980392 0.7019608 0.6980392 1 0.6980392 0.7019608 0.6980392 1 0.6980392 0.7019608 0.6980392 1 0.6980392 0.7019608 0.6980392 1 0.6980392 0.7019608 0.6980392 1 0.6980392 0.7019608 0.6980392 1 0.6980392 0.7019608 0.6980392 1 0.6980392 0.7019608 0.6980392 1 0.6980392 0.7019608 0.6980392 1 0.6980392 0.7019608 0.6980392 1 0.6980392 0.7019608 0.6980392 1 0.6980392 0.7019608 0.6980392 1 0.6980392 0.7019608 0.6980392 1 0.6980392 0.7019608 0.6980392 1 0.6980392 0.7019608 0.6980392 1 0.6980392 0.7019608 0.6980392 1 0.6980392 0.7019608 0.6980392 1 0.6980392 0.7019608 0.6980392 1 0.6980392 0.7019608 0.6980392 1 0.6980392 0.7019608 0.6980392 1 0.6980392 0.7019608 0.6980392 1 0.6980392 0.7019608 0.6980392 1 0.6980392 0.7019608 0.6980392 1 0.6980392 0.7019608 0.6980392 1 0.6980392 0.7019608 0.6980392 1 0.6980392 0.7019608 0.6980392 1 0.6980392 0.7019608 0.6980392 1 0.6980392 0.7019608 0.6980392 1 0.6980392 0.7019608 0.6980392 1 0.6980392 0.7019608 0.6980392 1 0.6980392 0.7019608 0.6980392 1 0.6980392 0.7019608 0.6980392 1 0.6980392 0.7019608 0.6980392 1 0.6980392 0.7019608 0.6980392 1 0.6980392 0.7019608 0.6980392 1 0.6980392 0.7019608 0.6980392 1 0.6980392 0.7019608 0.6980392 1 0.6980392 0.7019608 0.6980392 1 0.6980392 0.7019608 0.6980392 1 0.6980392 0.7019608 0.6980392 1 0.6980392 0.7019608 0.6980392 1 0.6980392 0.7019608 0.6980392 1 0.6980392 0.7019608 0.6980392 1 0.6980392 0.7019608 0.6980392 1 0.6980392 0.7019608 0.6980392 1 0.6980392 0.7019608 0.6980392 1 0.6980392 0.7019608 0.6980392 1 0.6980392 0.7019608 0.6980392 1 0.6980392 0.7019608 0.6980392 1 0.6980392 0.7019608 0.6980392 1 0.6980392 0.7019608 0.6980392 1 0.6980392 0.7019608 0.6980392 1 0.6980392 0.7019608 0.6980392 1 0.6980392 0.7019608 0.6980392 1 0.6980392 0.7019608 0.6980392 1 0.6980392 0.7019608 0.6980392 1 0.6980392 0.7019608 0.6980392 1 0.6980392 0.7019608 0.6980392 1 0.6980392 0.7019608 0.6980392 1 0.6980392 0.7019608 0.6980392 1 0.6980392 0.7019608 0.6980392 1 0.6980392 0.7019608 0.6980392 1 0.6980392 0.7019608 0.6980392 1 0.6980392 0.7019608 0.6980392 1 0.6980392 0.7019608 0.6980392 1 0.6980392 0.7019608 0.6980392 1 0.6980392 0.7019608 0.6980392 1 0.6980392 0.7019608 0.6980392 1 0.6980392 0.7019608 0.6980392 1 0.6980392 0.7019608 0.6980392 1 0.6980392 0.7019608 0.6980392 1 0.6980392 0.7019608 0.6980392 1 0.6980392 0.7019608 0.6980392 1 0.6980392 0.7019608 0.6980392 1 0.6980392 0.7019608 0.6980392 1 0.6980392 0.7019608 0.6980392 1 0.6980392 0.7019608 0.6980392 1 0.6980392 0.7019608 0.6980392 1 0.6980392 0.7019608 0.6980392 1 0.6980392 0.7019608 0.6980392 1 0.6980392 0.7019608 0.6980392 1 0.6980392 0.7019608 0.6980392 1 0.6980392 0.7019608 0.6980392 1 0.6980392 0.7019608 0.6980392 1 0.6980392 0.7019608 0.6980392 1 0.6980392 0.7019608 0.6980392 1 0.6980392 0.7019608 0.6980392 1 0.6980392 0.7019608 0.6980392 1 0.6980392 0.7019608 0.6980392 1 0.6980392 0.7019608 0.6980392 1 0.6980392 0.7019608 0.6980392 1 0.6980392 0.7019608 0.6980392 1 0.6980392 0.7019608 0.6980392 1 0.6980392 0.7019608 0.6980392 1 0.6980392 0.7019608 0.6980392 1 0.6980392 0.7019608 0.6980392 1 0.6980392 0.7019608 0.6980392 1 0.6980392 0.7019608 0.6980392 1 0.6980392 0.7019608 0.6980392 1 0.6980392 0.7019608 0.6980392 1 0.6980392 0.7019608 0.6980392 1 0.6980392 0.7019608 0.6980392 1 0.6980392 0.7019608 0.6980392 1 0.6980392 0.7019608 0.6980392 1 0.6980392 0.7019608 0.6980392 1 0.6980392 0.7019608 0.6980392 1 0.6980392 0.7019608 0.6980392 1 0.6980392 0.7019608 0.6980392 1 0.6980392 0.7019608 0.6980392 1 0.6980392 0.7019608 0.6980392 1 0.6980392 0.7019608 0.6980392 1 0.6980392 0.7019608 0.6980392 1 0.6980392 0.7019608 0.6980392 1 0.6980392 0.7019608 0.6980392 1 0.6980392 0.7019608 0.6980392 1 0.6980392 0.7019608 0.6980392 1 0.6980392 0.7019608 0.6980392 1 0.6980392 0.7019608 0.6980392 1 0.6980392 0.7019608 0.6980392 1 0.6980392 0.7019608 0.6980392 1 0.6980392 0.7019608 0.6980392 1 0.6980392 0.7019608 0.6980392 1 0.6980392 0.7019608 0.6980392 1 0.6980392 0.7019608 0.6980392 1 0.6980392 0.7019608 0.6980392 1 0.6980392 0.7019608 0.6980392 1 0.6980392 0.7019608 0.6980392 1 0.6980392 0.7019608 0.6980392 1 0.6980392 0.7019608 0.6980392 1 0.6980392 0.7019608 0.6980392 1 0.6980392 0.7019608 0.6980392 1 0.6980392 0.7019608 0.6980392 1 0.6980392 0.7019608 0.6980392 1 0.6980392 0.7019608 0.6980392 1 0.6980392 0.7019608 0.6980392 1 0.6980392 0.7019608 0.6980392 1 0.6980392 0.7019608 0.6980392 1 0.6980392 0.7019608 0.6980392 1 0.6980392 0.7019608 0.6980392 1 0.6980392 0.7019608 0.6980392 1 0.6980392 0.7019608 0.6980392 1 0.6980392 0.7019608 0.6980392 1 0.6980392 0.7019608 0.6980392 1 0.6980392 0.7019608 0.6980392 1 0.6980392 0.7019608 0.6980392 1 0.6980392 0.7019608 0.6980392 1 0.6980392 0.7019608 0.6980392 1 0.6980392 0.7019608 0.6980392 1 0.6980392 0.7019608 0.6980392 1 0.6980392 0.7019608 0.6980392 1 0.6980392 0.7019608 0.6980392 1 0.6980392 0.7019608 0.6980392 1 0.6980392 0.7019608 0.6980392 1 0.6980392 0.7019608 0.6980392 1 0.6980392 0.7019608 0.6980392 1 0.6980392 0.7019608 0.6980392 1 0.6980392 0.7019608 0.6980392 1 0.6980392 0.7019608 0.6980392 1 0.6980392 0.7019608 0.6980392 1 0.6980392 0.7019608 0.6980392 1 0.6980392 0.7019608 0.6980392 1 0.6980392 0.7019608 0.6980392 1 0.6980392 0.7019608 0.6980392 1 0.6980392 0.7019608 0.6980392 1 0.6980392 0.7019608 0.6980392 1 0.6980392 0.7019608 0.6980392 1 0.6980392 0.7019608 0.6980392 1 0.6980392 0.7019608 0.6980392 1 0.6980392 0.7019608 0.6980392 1 0.6980392 0.7019608 0.6980392 1 0.6980392 0.7019608 0.6980392 1 0.6980392 0.7019608 0.6980392 1 0.6980392 0.7019608 0.6980392 1 0.6980392 0.7019608 0.6980392 1 0.6980392 0.7019608 0.6980392 1 0.6980392 0.7019608 0.6980392 1 0.6980392 0.7019608 0.6980392 1 0.6980392 0.7019608 0.6980392 1 0.6980392 0.7019608 0.6980392 1 0.6980392 0.7019608 0.6980392 1 0.6980392 0.7019608 0.6980392 1 0.6980392 0.7019608 0.6980392 1 0.6980392 0.7019608 0.6980392 1 0.6980392 0.7019608 0.6980392 1 0.6980392 0.7019608 0.6980392 1 0.6980392 0.7019608 0.6980392 1 0.6980392 0.7019608 0.6980392 1 0.6980392 0.7019608 0.6980392 1 0.6980392 0.7019608 0.6980392 1 0.6980392 0.7019608 0.6980392 1 0.6980392 0.7019608 0.6980392 1 0.6980392 0.7019608 0.6980392 1 0.6980392 0.7019608 0.6980392 1 0.6980392 0.7019608 0.6980392 1 0.6980392 0.7019608 0.6980392 1 0.6980392 0.7019608 0.6980392 1 0.6980392 0.7019608 0.6980392 1 0.6980392 0.7019608 0.6980392 1 0.6980392 0.7019608 0.6980392 1 0.6980392 0.7019608 0.6980392 1 0.6980392 0.7019608 0.6980392 1 0.6980392 0.7019608 0.6980392 1 0.6980392 0.7019608 0.6980392 1 0.6980392 0.7019608 0.6980392 1 0.6980392 0.7019608 0.6980392 1 0.6980392 0.7019608 0.6980392 1 0.6980392 0.7019608 0.6980392 1 0.6980392 0.7019608 0.6980392 1 0.6980392 0.7019608 0.6980392 1 0.6980392 0.7019608 0.6980392 1 0.6980392 0.7019608 0.6980392 1 0.6980392 0.7019608 0.6980392 1 0.6980392 0.7019608 0.6980392 1 0.6980392 0.7019608 0.6980392 1 0.6980392 0.7019608 0.6980392 1 0.6980392 0.7019608 0.6980392 1 0.6980392 0.7019608 0.6980392 1 0.6980392 0.7019608 0.6980392 1 0.6980392 0.7019608 0.6980392 1 0.6980392 0.7019608 0.6980392 1 0.6980392 0.7019608 0.6980392 1 0.6980392 0.7019608 0.6980392 1 0.6980392 0.7019608 0.6980392 1 0.6980392 0.7019608 0.6980392 1 0.6980392 0.7019608 0.6980392 1 0.6980392 0.7019608 0.6980392 1 0.6980392 0.7019608 0.6980392 1 0.6980392 0.7019608 0.6980392 1 0.6980392 0.7019608 0.6980392 1 0.6980392 0.7019608 0.6980392 1 0.6980392 0.7019608 0.6980392 1 0.6980392 0.7019608 0.6980392 1 0.6980392 0.7019608 0.6980392 1 0.6980392 0.7019608 0.6980392 1 0.6980392 0.7019608 0.6980392 1 0.6980392 0.7019608 0.6980392 1 0.6980392 0.7019608 0.6980392 1 0.6980392 0.7019608 0.6980392 1 0.6980392 0.7019608 0.6980392 1 0.6980392 0.7019608 0.6980392 1 0.6980392 0.7019608 0.6980392 1 0.6980392 0.7019608 0.6980392 1 0.6980392 0.7019608 0.6980392 1 0.6980392 0.7019608 0.6980392 1 0.6980392 0.7019608 0.6980392 1 0.6980392 0.7019608 0.6980392 1 0.6980392 0.7019608 0.6980392 1 0.6980392 0.7019608 0.6980392 1 0.6980392 0.7019608 0.6980392 1 0.6980392 0.7019608 0.6980392 1 0.6980392 0.7019608 0.6980392 1 0.6980392 0.7019608 0.6980392 1 0.6980392 0.7019608 0.6980392 1 0.6980392 0.7019608 0.6980392 1 0.6980392 0.7019608 0.6980392 1 0.6980392 0.7019608 0.6980392 1 0.6980392 0.7019608 0.6980392 1 0.6980392 0.7019608 0.6980392 1 0.6980392 0.7019608 0.6980392 1 0.6980392 0.7019608 0.6980392 1 0.6980392 0.7019608 0.6980392 1 0.6980392 0.7019608 0.6980392 1 0.6980392 0.7019608 0.6980392 1 0.6980392 0.7019608 0.6980392 1 0.6980392 0.7019608 0.6980392 1 0.6980392 0.7019608 0.6980392 1 0.6980392 0.7019608 0.6980392 1 0.6980392 0.7019608 0.6980392 1 0.6980392 0.7019608 0.6980392 1 0.6980392 0.7019608 0.6980392 1 0.6980392 0.7019608 0.6980392 1 0.6980392 0.7019608 0.6980392 1 0.6980392 0.7019608 0.6980392 1 0.6980392 0.7019608 0.6980392 1 0.6980392 0.7019608 0.6980392 1 0.6980392 0.7019608 0.6980392 1 0.6980392 0.7019608 0.6980392 1 0.6980392 0.7019608 0.6980392 1 0.6980392 0.7019608 0.6980392 1 0.6980392 0.7019608 0.6980392 1 0.6980392 0.7019608 0.6980392 1 0.6980392 0.7019608 0.6980392 1 0.6980392 0.7019608 0.6980392 1 0.6980392 0.7019608 0.6980392 1 0.6980392 0.7019608 0.6980392 1 0.6980392 0.7019608 0.6980392 1 0.6980392 0.7019608 0.6980392 1 0.6980392 0.7019608 0.6980392 1 0.6980392 0.7019608 0.6980392 1 0.6980392 0.7019608 0.6980392 1 0.6980392 0.7019608 0.6980392 1 0.6980392 0.7019608 0.6980392 1 0.6980392 0.7019608 0.6980392 1 0.6980392 0.7019608 0.6980392 1 0.6980392 0.7019608 0.6980392 1 0.6980392 0.7019608 0.6980392 1 0.6980392 0.7019608 0.6980392 1 0.6980392 0.7019608 0.6980392 1 0.6980392 0.7019608 0.6980392 1 0.6980392 0.7019608 0.6980392 1 0.6980392 0.7019608 0.6980392 1 0.6980392 0.7019608 0.6980392 1 0.6980392 0.7019608 0.6980392 1 0.6980392 0.7019608 0.6980392 1 0.6980392 0.7019608 0.6980392 1 0.6980392 0.7019608 0.6980392 1 0.6980392 0.7019608 0.6980392 1 0.6980392 0.7019608 0.6980392 1 0.6980392 0.7019608 0.6980392 1 0.6980392 0.7019608 0.6980392 1 0.6980392 0.7019608 0.6980392 1 0.6980392 0.7019608 0.6980392 1 0.6980392 0.7019608 0.6980392 1 0.6980392 0.7019608 0.6980392 1 0.6980392 0.7019608 0.6980392 1 0.6980392 0.7019608 0.6980392 1 0.6980392 0.7019608 0.6980392 1 0.6980392 0.7019608 0.6980392 1 0.6980392 0.7019608 0.6980392 1 0.6980392 0.7019608 0.6980392 1 0.6980392 0.7019608 0.6980392 1 0.6980392 0.7019608 0.6980392 1 0.6980392 0.7019608 0.6980392 1 0.6980392 0.7019608 0.6980392 1 0.6980392 0.7019608 0.6980392 1 0.6980392 0.7019608 0.6980392 1 0.6980392 0.7019608 0.6980392 1 0.6980392 0.7019608 0.6980392 1 0.6980392 0.7019608 0.6980392 1 0.6980392 0.7019608 0.6980392 1 0.6980392 0.7019608 0.6980392 1 0.6980392 0.7019608 0.6980392 1 0.6980392 0.7019608 0.6980392 1 0.6980392 0.7019608 0.6980392 1 0.6980392 0.7019608 0.6980392 1 0.6980392 0.7019608 0.6980392 1 0.6980392 0.7019608 0.6980392 1 0.6980392 0.7019608 0.6980392 1 0.6980392 0.7019608 0.6980392 1 0.6980392 0.7019608 0.6980392 1 0.6980392 0.7019608 0.6980392 1 0.6980392 0.7019608 0.6980392 1 0.6980392 0.7019608 0.6980392 1 0.6980392 0.7019608 0.6980392 1 0.6980392 0.7019608 0.6980392 1 0.6980392 0.7019608 0.6980392 1 0.6980392 0.7019608 0.6980392 1 0.6980392 0.7019608 0.6980392 1 0.6980392 0.7019608 0.6980392 1 0.6980392 0.7019608 0.6980392 1 0.6980392 0.7019608 0.6980392 1 0.6980392 0.7019608 0.6980392 1 0.6980392 0.7019608 0.6980392 1 0.6980392 0.7019608 0.6980392 1 0.6980392 0.7019608 0.6980392 1 0.6980392 0.7019608 0.6980392 1 0.6980392 0.7019608 0.6980392 1 0.6980392 0.7019608 0.6980392 1 0.6980392 0.7019608 0.6980392 1 0.6980392 0.7019608 0.6980392 1 0.6980392 0.7019608 0.6980392 1 0.6980392 0.7019608 0.6980392 1 0.6980392 0.7019608 0.6980392 1 0.6980392 0.7019608 0.6980392 1 0.6980392 0.7019608 0.6980392 1 0.6980392 0.7019608 0.6980392 1 0.6980392 0.7019608 0.6980392 1 0.6980392 0.7019608 0.6980392 1 0.6980392 0.7019608 0.6980392 1 0.6980392 0.7019608 0.6980392 1 0.6980392 0.7019608 0.6980392 1 0.6980392 0.7019608 0.6980392 1 0.6980392 0.7019608 0.6980392 1 0.6980392 0.7019608 0.6980392 1 0.6980392 0.7019608 0.6980392 1 0.6980392 0.7019608 0.6980392 1 0.6980392 0.7019608 0.6980392 1 0.6980392 0.7019608 0.6980392 1 0.6980392 0.7019608 0.6980392 1 0.6980392 0.7019608 0.6980392 1 0.6980392 0.7019608 0.6980392 1 0.6980392 0.7019608 0.6980392 1 0.6980392 0.7019608 0.6980392 1 0.6980392 0.7019608 0.6980392 1 0.6980392 0.7019608 0.6980392 1 0.6980392 0.7019608 0.6980392 1 0.6980392 0.7019608 0.6980392 1 0.6980392 0.7019608 0.6980392 1 0.6980392 0.7019608 0.6980392 1 0.6980392 0.7019608 0.6980392 1 0.6980392 0.7019608 0.6980392 1 0.6980392 0.7019608 0.6980392 1 0.6980392 0.7019608 0.6980392 1 0.6980392 0.7019608 0.6980392 1 0.6980392 0.7019608 0.6980392 1 0.6980392 0.7019608 0.6980392 1 0.6980392 0.7019608 0.6980392 1 0.6980392 0.7019608 0.6980392 1 0.6980392 0.7019608 0.6980392 1 0.6980392 0.7019608 0.6980392 1 0.6980392 0.7019608 0.6980392 1 0.6980392 0.7019608 0.6980392 1 0.6980392 0.7019608 0.6980392 1 0.6980392 0.7019608 0.6980392 1 0.6980392 0.7019608 0.6980392 1 0.6980392 0.7019608 0.6980392 1 0.6980392 0.7019608 0.6980392 1 0.6980392 0.7019608 0.6980392 1 0.6980392 0.7019608 0.6980392 1 0.6980392 0.7019608 0.6980392 1 0.6980392 0.7019608 0.6980392 1 0.6980392 0.7019608 0.6980392 1 0.6980392 0.7019608 0.6980392 1 0.6980392 0.7019608 0.6980392 1 0.6980392 0.7019608 0.6980392 1 0.6980392 0.7019608 0.6980392 1 0.6980392 0.7019608 0.6980392 1 0.6980392 0.7019608 0.6980392 1 0.6980392 0.7019608 0.6980392 1 0.6980392 0.7019608 0.6980392 1 0.6980392 0.7019608 0.6980392 1 0.6980392 0.7019608 0.6980392 1 0.6980392 0.7019608 0.6980392 1 0.6980392 0.7019608 0.6980392 1 0.6980392 0.7019608 0.6980392 1 0.6980392 0.7019608 0.6980392 1 0.6980392 0.7019608 0.6980392 1 0.6980392 0.7019608 0.6980392 1 0.6980392 0.7019608 0.6980392 1 0.6980392 0.7019608 0.6980392 1 0.6980392 0.7019608 0.6980392 1 0.6980392 0.7019608 0.6980392 1 0.6980392 0.7019608 0.6980392 1 0.6980392 0.7019608 0.6980392 1 0.6980392 0.7019608 0.6980392 1 0.6980392 0.7019608 0.6980392 1 0.6980392 0.7019608 0.6980392 1 0.6980392 0.7019608 0.6980392 1 0.6980392 0.7019608 0.6980392 1 0.6980392 0.7019608 0.6980392 1 0.6980392 0.7019608 0.6980392 1 0.6980392 0.7019608 0.6980392 1 0.6980392 0.7019608 0.6980392 1 0.6980392 0.7019608 0.6980392 1 0.6980392 0.7019608 0.6980392 1 0.6980392 0.7019608 0.6980392 1 0.6980392 0.7019608 0.6980392 1 0.6980392 0.7019608 0.6980392 1 0.6980392 0.7019608 0.6980392 1 0.6980392 0.7019608 0.6980392 1 0.6980392 0.7019608 0.6980392 1 0.6980392 0.7019608 0.6980392 1 0.6980392 0.7019608 0.6980392 1 0.6980392 0.7019608 0.6980392 1 0.6980392 0.7019608 0.6980392 1 0.6980392 0.7019608 0.6980392 1 0.6980392 0.7019608 0.6980392 1 0.6980392 0.7019608 0.6980392 1 0.6980392 0.7019608 0.6980392 1 0.6980392 0.7019608 0.6980392 1 0.6980392 0.7019608 0.6980392 1 0.6980392 0.7019608 0.6980392 1 0.6980392 0.7019608 0.6980392 1 0.6980392 0.7019608 0.6980392 1 0.6980392 0.7019608 0.6980392 1 0.6980392 0.7019608 0.6980392 1 0.6980392 0.7019608 0.6980392 1 0.6980392 0.7019608 0.6980392 1 0.6980392 0.7019608 0.6980392 1 0.6980392 0.7019608 0.6980392 1 0.6980392 0.7019608 0.6980392 1 0.6980392 0.7019608 0.6980392 1 0.6980392 0.7019608 0.6980392 1 0.6980392 0.7019608 0.6980392 1 0.6980392 0.7019608 0.6980392 1 0.6980392 0.7019608 0.6980392 1 0.6980392 0.7019608 0.6980392 1 0.6980392 0.7019608 0.6980392 1 0.6980392 0.7019608 0.6980392 1 0.6980392 0.7019608 0.6980392 1 0.6980392 0.7019608 0.6980392 1 0.6980392 0.7019608 0.6980392 1 0.6980392 0.7019608 0.6980392 1 0.6980392 0.7019608 0.6980392 1 0.6980392 0.7019608 0.6980392 1 0.6980392 0.7019608 0.6980392 1 0.6980392 0.7019608 0.6980392 1 0.6980392 0.7019608 0.6980392 1 0.6980392 0.7019608 0.6980392 1 0.6980392 0.7019608 0.6980392 1 0.6980392 0.7019608 0.6980392 1 0.6980392 0.7019608 0.6980392 1 0.6980392 0.7019608 0.6980392 1 0.6980392 0.7019608 0.6980392 1 0.6980392 0.7019608 0.6980392 1 0.6980392 0.7019608 0.6980392 1 0.6980392 0.7019608 0.6980392 1 0.6980392 0.7019608 0.6980392 1 0.6980392 0.7019608 0.6980392 1 0.6980392 0.7019608 0.6980392 1 0.6980392 0.7019608 0.6980392 1 0.6980392 0.7019608 0.6980392 1 0.6980392 0.7019608 0.6980392 1 0.6980392 0.7019608 0.6980392 1 0.6980392 0.7019608 0.6980392 1 0.6980392 0.7019608 0.6980392 1 0.6980392 0.7019608 0.6980392 1 0.6980392 0.7019608 0.6980392 1 0.6980392 0.7019608 0.6980392 1 0.6980392 0.7019608 0.6980392 1 0.6980392 0.7019608 0.6980392 1 0.6980392 0.7019608 0.6980392 1 0.6980392 0.7019608 0.6980392 1 0.6980392 0.7019608 0.6980392 1 0.6980392 0.7019608 0.6980392 1 0.6980392 0.7019608 0.6980392 1 0.6980392 0.7019608 0.6980392 1 0.6980392 0.7019608 0.6980392 1 0.6980392 0.7019608 0.6980392 1 0.6980392 0.7019608 0.6980392 1 0.6980392 0.7019608 0.6980392 1 0.6980392 0.7019608 0.6980392 1 0.6980392 0.7019608 0.6980392 1 0.6980392 0.7019608 0.6980392 1 0.6980392 0.7019608 0.6980392 1 0.6980392 0.7019608 0.6980392 1 0.6980392 0.7019608 0.6980392 1 0.6980392 0.7019608 0.6980392 1 0.6980392 0.7019608 0.6980392 1 0.6980392 0.7019608 0.6980392 1 0.6980392 0.7019608 0.6980392 1 0.6980392 0.7019608 0.6980392 1 0.6980392 0.7019608 0.6980392 1 0.6980392 0.7019608 0.6980392 1 0.6980392 0.7019608 0.6980392 1 0.6980392 0.7019608 0.6980392 1 0.6980392 0.7019608 0.6980392 1 0.6980392 0.7019608 0.6980392 1 0.6980392 0.7019608 0.6980392 1 0.6980392 0.7019608 0.6980392 1 0.6980392 0.7019608 0.6980392 1 0.6980392 0.7019608 0.6980392 1 0.6980392 0.7019608 0.6980392 1 0.6980392 0.7019608 0.6980392 1 0.6980392 0.7019608 0.6980392 1 0.6980392 0.7019608 0.6980392 1 0.6980392 0.7019608 0.6980392 1 0.6980392 0.7019608 0.6980392 1 0.6980392 0.7019608 0.6980392 1 0.6980392 0.7019608 0.6980392 1 0.6980392 0.7019608 0.6980392 1 0.6980392 0.7019608 0.6980392 1 0.6980392 0.7019608 0.6980392 1 0.6980392 0.7019608 0.6980392 1 0.6980392 0.7019608 0.6980392 1 0.6980392 0.7019608 0.6980392 1 0.6980392 0.7019608 0.6980392 1 0.6980392 0.7019608 0.6980392 1 0.6980392 0.7019608 0.6980392 1 0.6980392 0.7019608 0.6980392 1 0.6980392 0.7019608 0.6980392 1 0.6980392 0.7019608 0.6980392 1 0.6980392 0.7019608 0.6980392 1 0.6980392 0.7019608 0.6980392 1 0.6980392 0.7019608 0.6980392 1 0.6980392 0.7019608 0.6980392 1 0.6980392 0.7019608 0.6980392 1 0.6980392 0.7019608 0.6980392 1 0.6980392 0.7019608 0.6980392 1 0.6980392 0.7019608 0.6980392 1 0.6980392 0.7019608 0.6980392 1 0.6980392 0.7019608 0.6980392 1 0.6980392 0.7019608 0.6980392 1 0.6980392 0.7019608 0.6980392 1 0.6980392 0.7019608 0.6980392 1 0.6980392 0.7019608 0.6980392 1 0.6980392 0.7019608 0.6980392 1 0.6980392 0.7019608 0.6980392 1 0.6980392 0.7019608 0.6980392 1 0.6980392 0.7019608 0.6980392 1 0.6980392 0.7019608 0.6980392 1 0.6980392 0.7019608 0.6980392 1 0.6980392 0.7019608 0.6980392 1 0.6980392 0.7019608 0.6980392 1 0.6980392 0.7019608 0.6980392 1 0.6980392 0.7019608 0.6980392 1 0.6980392 0.7019608 0.6980392 1 0.6980392 0.7019608 0.6980392 1 0.6980392 0.7019608 0.6980392 1 0.6980392 0.7019608 0.6980392 1 0.6980392 0.7019608 0.6980392 1 0.6980392 0.7019608 0.6980392 1 0.6980392 0.7019608 0.6980392 1 0.6980392 0.7019608 0.6980392 1 0.6980392 0.7019608 0.6980392 1 0.6980392 0.7019608 0.6980392 1 0.6980392 0.7019608 0.6980392 1 0.6980392 0.7019608 0.6980392 1 0.6980392 0.7019608 0.6980392 1 0.6980392 0.7019608 0.6980392 1 0.6980392 0.7019608 0.6980392 1 0.6980392 0.7019608 0.6980392 1 0.6980392 0.7019608 0.6980392 1 0.6980392 0.7019608 0.6980392 1 0.6980392 0.7019608 0.6980392 1 0.6980392 0.7019608 0.6980392 1 0.6980392 0.7019608 0.6980392 1 0.6980392 0.7019608 0.6980392 1 0.6980392 0.7019608 0.6980392 1 0.6980392 0.7019608 0.6980392 1 0.6980392 0.7019608 0.6980392 1 0.6980392 0.7019608 0.6980392 1 0.6980392 0.7019608 0.6980392 1 0.6980392 0.7019608 0.6980392 1 0.6980392 0.7019608 0.6980392 1 0.6980392 0.7019608 0.6980392 1 0.6980392 0.7019608 0.6980392 1 0.6980392 0.7019608 0.6980392 1 0.6980392 0.7019608 0.6980392 1 0.6980392 0.7019608 0.6980392 1 0.6980392 0.7019608 0.6980392 1 0.6980392 0.7019608 0.6980392 1 0.6980392 0.7019608 0.6980392 1 0.6980392 0.7019608 0.6980392 1 0.6980392 0.7019608 0.6980392 1 0.6980392 0.7019608 0.6980392 1 0.6980392 0.7019608 0.6980392 1 0.6980392 0.7019608 0.6980392 1 0.6980392 0.7019608 0.6980392 1 0.6980392 0.7019608 0.6980392 1 0.6980392 0.7019608 0.6980392 1 0.6980392 0.7019608 0.6980392 1 0.6980392 0.7019608 0.6980392 1 0.6980392 0.7019608 0.6980392 1 0.6980392 0.7019608 0.6980392 1 0.6980392 0.7019608 0.6980392 1 0.6980392 0.7019608 0.6980392 1 0.6980392 0.7019608 0.6980392 1 0.6980392 0.7019608 0.6980392 1 0.6980392 0.7019608 0.6980392 1 0.6980392 0.7019608 0.6980392 1 0.6980392 0.7019608 0.6980392 1 0.6980392 0.7019608 0.6980392 1 0.6980392 0.7019608 0.6980392 1 0.6980392 0.7019608 0.6980392 1 0.6980392 0.7019608 0.6980392 1 0.6980392 0.7019608 0.6980392 1 0.6980392 0.7019608 0.6980392 1 0.6980392 0.7019608 0.6980392 1 0.6980392 0.7019608 0.6980392 1 0.6980392 0.7019608 0.6980392 1 0.6980392 0.7019608 0.6980392 1 0.6980392 0.7019608 0.6980392 1 0.6980392 0.7019608 0.6980392 1 0.6980392 0.7019608 0.6980392 1 0.6980392 0.7019608 0.6980392 1 0.6980392 0.7019608 0.6980392 1 0.6980392 0.7019608 0.6980392 1 0.6980392 0.7019608 0.6980392 1 0.6980392 0.7019608 0.6980392 1 0.6980392 0.7019608 0.6980392 1 0.6980392 0.7019608 0.6980392 1 0.6980392 0.7019608 0.6980392 1 0.6980392 0.7019608 0.6980392 1 0.6980392 0.7019608 0.6980392 1 0.6980392 0.7019608 0.6980392 1 0.6980392 0.7019608 0.6980392 1 0.6980392 0.7019608 0.6980392 1 0.6980392 0.7019608 0.6980392 1 0.6980392 0.7019608 0.6980392 1 0.6980392 0.7019608 0.6980392 1 0.6980392 0.7019608 0.6980392 1 0.6980392 0.7019608 0.6980392 1 0.6980392 0.7019608 0.6980392 1 0.6980392 0.7019608 0.6980392 1 0.6980392 0.7019608 0.6980392 1 0.6980392 0.7019608 0.6980392 1 0.6980392 0.7019608 0.6980392 1 0.6980392 0.7019608 0.6980392 1 0.6980392 0.7019608 0.6980392 1 0.6980392 0.7019608 0.6980392 1 0.6980392 0.7019608 0.6980392 1 0.6980392 0.7019608 0.6980392 1 0.6980392 0.7019608 0.6980392 1 0.6980392 0.7019608 0.6980392 1 0.6980392 0.7019608 0.6980392 1 0.6980392 0.7019608 0.6980392 1 0.6980392 0.7019608 0.6980392 1 0.6980392 0.7019608 0.6980392 1 0.6980392 0.7019608 0.6980392 1 0.6980392 0.7019608 0.6980392 1 0.6980392 0.7019608 0.6980392 1 0.6980392 0.7019608 0.6980392 1 0.6980392 0.7019608 0.6980392 1 0.6980392 0.7019608 0.6980392 1 0.6980392 0.7019608 0.6980392 1 0.6980392 0.7019608 0.6980392 1 0.6980392 0.7019608 0.6980392 1 0.6980392 0.7019608 0.6980392 1 0.6980392 0.7019608 0.6980392 1 0.6980392 0.7019608 0.6980392 1 0.6980392 0.7019608 0.6980392 1 0.6980392 0.7019608 0.6980392 1 0.6980392 0.7019608 0.6980392 1 0.6980392 0.7019608 0.6980392 1 0.6980392 0.7019608 0.6980392 1 0.6980392 0.7019608 0.6980392 1 0.6980392 0.7019608 0.6980392 1 0.6980392 0.7019608 0.6980392 1 0.6980392 0.7019608 0.6980392 1 0.6980392 0.7019608 0.6980392 1 0.6980392 0.7019608 0.6980392 1 0.6980392 0.7019608 0.6980392 1 0.6980392 0.7019608 0.6980392 1 0.6980392 0.7019608 0.6980392 1 0.6980392 0.7019608 0.6980392 1 0.6980392 0.7019608 0.6980392 1 0.6980392 0.7019608 0.6980392 1 0.6980392 0.7019608 0.6980392 1 1 0.3019608 0.2862745 1 1 0.3019608 0.2862745 1 1 0.3019608 0.2862745 1 1 0.3019608 0.2862745 1 1 0.3019608 0.2862745 1 1 0.3019608 0.2862745 1 1 0.3019608 0.2862745 1 1 0.3019608 0.2862745 1 1 0.3019608 0.2862745 1 1 0.3019608 0.2862745 1 1 0.3019608 0.2862745 1 1 0.3019608 0.2862745 1 1 1 1 1 1 1 1 1 1 1 1 1 1 1 1 1 1 1 1 1 1 1 1 1 1 1 1 1 1 1 1 1 1 1 1 1 1 1 1 1 1 1 1 1 1 1 1 1 1 1 1 1 1 1 1 1 1 1 1 1 0.5490196 0.5490196 0.5490196 1 0.5490196 0.5490196 0.5490196 1 0.5490196 0.5490196 0.5490196 1 0.5490196 0.5490196 0.5490196 1 0.5490196 0.5490196 0.5490196 1 0.5490196 0.5490196 0.5490196 1 0.5490196 0.5490196 0.5490196 1 0.5490196 0.5490196 0.5490196 1 0.5490196 0.5490196 0.5490196 1 0.5490196 0.5490196 0.5490196 1 0.5490196 0.5490196 0.5490196 1 0.5490196 0.5490196 0.5490196 1 0.5490196 0.5490196 0.5490196 1 0.5490196 0.5490196 0.5490196 1 0.5490196 0.5490196 0.5490196 1 0.5490196 0.5490196 0.5490196 1 0.5490196 0.5490196 0.5490196 1 0.5490196 0.5490196 0.5490196 1 0.5490196 0.5490196 0.5490196 1 0.5490196 0.5490196 0.5490196 1 0.5490196 0.5490196 0.5490196 1 0.5490196 0.5490196 0.5490196 1 0.5490196 0.5490196 0.5490196 1 0.5490196 0.5490196 0.5490196 1 0.5490196 0.5490196 0.5490196 1 0.5490196 0.5490196 0.5490196 1 0.5490196 0.5490196 0.5490196 1 0.5490196 0.5490196 0.5490196 1 0.5490196 0.5490196 0.5490196 1 0.5490196 0.5490196 0.5490196 1 0.5490196 0.5490196 0.5490196 1 0.5490196 0.5490196 0.5490196 1 0.5490196 0.5490196 0.5490196 1 0.5490196 0.5490196 0.5490196 1 0.5490196 0.5490196 0.5490196 1 0.5490196 0.5490196 0.5490196 1 0.5490196 0.5490196 0.5490196 1 0.5490196 0.5490196 0.5490196 1 0.5490196 0.5490196 0.5490196 1 0.5490196 0.5490196 0.5490196 1 0.5490196 0.5490196 0.5490196 1 0.5490196 0.5490196 0.5490196 1 0.5490196 0.5490196 0.5490196 1 0.5490196 0.5490196 0.5490196 1 0.5490196 0.5490196 0.5490196 1 0.5490196 0.5490196 0.5490196 1 0.5490196 0.5490196 0.5490196 1 0.5490196 0.5490196 0.5490196 1 0.5490196 0.5490196 0.5490196 1 0.5490196 0.5490196 0.5490196 1 0.5490196 0.5490196 0.5490196 1 0.5490196 0.5490196 0.5490196 1 0.5490196 0.5490196 0.5490196 1 0.5490196 0.5490196 0.5490196 1 0.5490196 0.5490196 0.5490196 1 0.5490196 0.5490196 0.5490196 1 0.5490196 0.5490196 0.5490196 1 0.5490196 0.5490196 0.5490196 1 0.5490196 0.5490196 0.5490196 1 0.5490196 0.5490196 0.5490196 1 0.5490196 0.5490196 0.5490196 1 0.5490196 0.5490196 0.5490196 1 0.5490196 0.5490196 0.5490196 1 0.5490196 0.5490196 0.5490196 1 0.5490196 0.5490196 0.5490196 1 0.5490196 0.5490196 0.5490196 1 0.5490196 0.5490196 0.5490196 1 0.5490196 0.5490196 0.5490196 1 0.5490196 0.5490196 0.5490196 1 0.5490196 0.5490196 0.5490196 1 0.5490196 0.5490196 0.5490196 1 0.5490196 0.5490196 0.5490196 1 0.5490196 0.5490196 0.5490196 1 0.5490196 0.5490196 0.5490196 1 0.5490196 0.5490196 0.5490196 1 0.5490196 0.5490196 0.5490196 1 0.5490196 0.5490196 0.5490196 1 0.5490196 0.5490196 0.5490196 1 0.5490196 0.5490196 0.5490196 1 0.5490196 0.5490196 0.5490196 1 0.5490196 0.5490196 0.5490196 1 0.5490196 0.5490196 0.5490196 1 0.5490196 0.5490196 0.5490196 1 0.5490196 0.5490196 0.5490196 1 0.5490196 0.5490196 0.5490196 1 0.5490196 0.5490196 0.5490196 1 0.5490196 0.5490196 0.5490196 1 0.5490196 0.5490196 0.5490196 1 0.5490196 0.5490196 0.5490196 1 0.5490196 0.5490196 0.5490196 1 1 1 1 1 1 1 1 1 1 1 1 1 1 1 1 1 1 1 1 1 1 1 1 1 1 1 1 1 1 1 1 1 1 1 1 1 0.5490196 0.5490196 0.5490196 1 0.5490196 0.5490196 0.5490196 1 0.5490196 0.5490196 0.5490196 1 0.5490196 0.5490196 0.5490196 1 0.5490196 0.5490196 0.5490196 1 0.5490196 0.5490196 0.5490196 1 0.5490196 0.5490196 0.5490196 1 0.5490196 0.5490196 0.5490196 1 0.5490196 0.5490196 0.5490196 1 0.5490196 0.5490196 0.5490196 1 0.5490196 0.5490196 0.5490196 1 0.5490196 0.5490196 0.5490196 1 0.5490196 0.5490196 0.5490196 1 0.5490196 0.5490196 0.5490196 1 0.5490196 0.5490196 0.5490196 1 0.5490196 0.5490196 0.5490196 1 0.5490196 0.5490196 0.5490196 1 0.5490196 0.5490196 0.5490196 1 0.5490196 0.5490196 0.5490196 1 0.5490196 0.5490196 0.5490196 1 0.5490196 0.5490196 0.5490196 1 0.5490196 0.5490196 0.5490196 1 0.5490196 0.5490196 0.5490196 1 0.5490196 0.5490196 0.5490196 1 0.5490196 0.5490196 0.5490196 1 0.5490196 0.5490196 0.5490196 1 0.5490196 0.5490196 0.5490196 1 0.5490196 0.5490196 0.5490196 1 0.5490196 0.5490196 0.5490196 1 0.5490196 0.5490196 0.5490196 1 0.8509804 0.8509804 0.8509804 1 0.8509804 0.8509804 0.8509804 1 0.7490196 0.7490196 0.7490196 1 0.8509804 0.8509804 0.8509804 1 0.8509804 0.8509804 0.8509804 1 0.7490196 0.7490196 0.7490196 1 0.8509804 0.8509804 0.8509804 1 0.8509804 0.8509804 0.8509804 1 0.7490196 0.7490196 0.7490196 1 0.8509804 0.8509804 0.8509804 1 0.8509804 0.8509804 0.8509804 1 0.7490196 0.7490196 0.7490196 1 0.8509804 0.8509804 0.8509804 1 0.8509804 0.8509804 0.8509804 1 0.7490196 0.7490196 0.7490196 1 0.8509804 0.8509804 0.8509804 1 0.8509804 0.8509804 0.8509804 1 0.7490196 0.7490196 0.7490196 1 0.8509804 0.8509804 0.8509804 1 0.8509804 0.8509804 0.8509804 1 0.7490196 0.7490196 0.7490196 1 0.8509804 0.8509804 0.8509804 1 0.8509804 0.8509804 0.8509804 1 0.7490196 0.7490196 0.7490196 1 1 1 1 1 1 1 1 1 1 1 1 1 1 1 1 1 1 1 1 1 1 1 1 1 1 1 1 1 1 1 1 1 1 1 1 1 1 1 1 1 1 1 1 1 1 1 1 1 1 1 1 1 1 1 1 1 1 1 1 1 1 1 1 1 1 1 1 1 1 1 1 1 1 1 1 1 1 1 1 1 1 1 1 1 1 1 1 1 1 1 1 1 1 1 1 1 1 1 1 1 1 1 1 1 1 1 1 1 1 1 1 1 1 1 1 1 1 1 1 1</float_array>
          <technique_common>
            <accessor source="#Cube_002-mesh-colors-Attribute-array" count="3654" stride="4">
              <param name="R" type="float"/>
              <param name="G" type="float"/>
              <param name="B" type="float"/>
              <param name="A" type="float"/>
            </accessor>
          </technique_common>
        </source>
        <vertices id="Cube_002-mesh-vertices">
          <input semantic="POSITION" source="#Cube_002-mesh-positions"/>
        </vertices>
        <triangles material="industrial_trim-material" count="1158">
          <input semantic="VERTEX" source="#Cube_002-mesh-vertices" offset="0"/>
          <input semantic="NORMAL" source="#Cube_002-mesh-normals" offset="1"/>
          <input semantic="TEXCOORD" source="#Cube_002-mesh-map-0" offset="2" set="0"/>
          <input semantic="TEXCOORD" source="#Cube_002-mesh-map-1" offset="2" set="1"/>
          <input semantic="COLOR" source="#Cube_002-mesh-colors-Attribute" offset="3" set="0"/>
          <p>1 0 0 0 3 0 1 1 0 0 2 2 6 1 3 3 4 1 4 4 7 1 5 5 6 2 6 6 2 2 7 7 1 2 8 8 12 3 9 9 9 4 10 10 8 5 11 11 13 6 12 12 8 7 13 13 9 8 14 14 15 9 15 15 18 10 16 16 14 11 17 17 14 12 18 18 19 13 19 19 15 14 20 20 11 2 21 21 15 15 22 22 9 16 23 23 14 17 24 24 12 18 25 25 8 19 26 26 18 20 27 27 11 20 28 28 12 21 29 29 19 22 30 30 10 23 31 31 13 24 32 32 15 15 33 33 13 25 34 34 9 16 35 35 10 26 36 36 14 17 37 37 8 19 38 38 1 11 39 39 5 11 40 40 6 11 41 41 4 27 42 42 2 27 43 43 7 27 44 44 24 1 45 45 21 1 46 46 20 1 47 47 25 28 48 48 20 29 49 49 21 30 50 50 27 0 51 51 30 0 52 52 26 0 53 53 26 31 54 54 31 32 55 55 27 27 56 56 23 33 57 57 27 34 58 58 21 35 59 59 26 18 60 60 24 18 61 61 20 18 62 62 30 27 63 63 23 27 64 64 24 27 65 65 31 36 66 66 22 37 67 67 25 38 68 68 27 34 69 69 25 2 70 70 21 35 71 71 22 18 72 72 26 18 73 73 20 18 74 74 38 1 75 75 32 1 76 76 36 1 77 77 33 2 78 78 43 2 79 79 42 2 80 80 35 0 81 81 39 0 82 82 34 0 83 83 42 2 84 84 47 2 85 85 46 2 86 86 41 2 87 87 46 2 88 88 44 2 89 89 43 27 90 90 45 27 91 91 47 27 92 92 46 2 93 93 37 2 94 94 35 2 95 95 41 11 96 96 48 11 97 97 40 11 98 98 51 27 99 99 54 27 100 100 50 27 101 101 50 39 102 102 55 40 103 103 51 41 104 104 60 42 105 105 57 43 106 106 56 44 107 107 61 45 108 108 56 46 109 109 57 45 110 110 53 2 111 111 57 2 112 112 59 2 113 113 53 1 114 114 60 1 115 115 54 1 116 116 52 47 117 117 61 48 118 118 55 11 119 119 55 2 120 120 57 2 121 121 51 2 122 122 66 49 123 123 63 50 124 124 62 51 125 125 67 52 126 126 62 53 127 127 63 52 128 128 69 11 129 129 72 11 130 130 68 11 131 131 68 0 132 132 73 0 133 133 69 0 134 134 65 2 135 135 69 2 136 136 63 2 137 137 72 0 138 138 65 0 139 139 66 0 140 140 73 54 141 141 64 55 142 142 67 56 143 143 69 2 144 144 67 2 145 145 63 2 146 146 78 1 147 147 75 1 148 148 74 1 149 149 79 57 150 150 74 58 151 151 75 59 152 152 81 0 153 153 84 0 154 154 80 0 155 155 80 60 156 156 85 61 157 157 81 27 158 158 77 2 159 159 81 2 160 160 75 2 161 161 84 27 162 162 77 27 163 163 78 27 164 164 85 62 165 165 76 63 166 166 79 64 167 167 81 2 168 168 79 2 169 169 75 2 170 170 87 0 171 171 90 0 172 172 86 0 173 173 86 65 174 174 91 66 175 175 87 67 176 176 96 1 177 177 93 1 178 178 92 1 179 179 97 27 180 180 92 27 181 181 93 27 182 182 89 2 183 183 93 2 184 184 95 2 185 185 89 27 186 186 96 27 187 187 90 27 188 188 88 52 189 189 97 52 190 190 91 52 191 191 91 2 192 192 93 2 193 193 87 2 194 194 101 68 195 195 98 68 196 196 100 69 197 197 101 0 198 198 104 0 199 199 99 0 200 200 98 1 201 201 102 1 202 202 100 1 203 203 103 70 204 204 105 70 205 205 102 71 206 206 100 72 207 207 105 73 208 208 101 74 209 209 99 75 210 210 103 76 211 211 98 2 212 212 106 1 213 213 109 1 214 214 110 1 215 215 107 77 216 216 108 78 217 217 111 79 218 218 112 11 219 219 115 11 220 220 116 11 221 221 112 80 222 222 117 81 223 223 113 82 224 224 122 0 225 225 119 0 226 226 118 0 227 227 119 83 228 228 120 84 229 229 118 11 230 230 124 27 231 231 127 27 232 232 125 27 233 233 129 85 234 234 124 86 235 235 125 87 236 236 109 2 237 237 119 2 238 238 121 2 239 239 110 88 240 240 118 89 241 241 106 90 242 242 109 11 243 243 122 11 244 244 110 11 245 245 108 91 246 246 123 91 247 247 111 92 248 248 111 2 249 249 119 2 250 250 107 2 251 251 108 18 252 252 118 89 253 253 120 18 254 254 115 2 255 255 125 2 256 256 127 2 257 257 116 18 258 258 124 93 259 259 112 94 260 260 115 0 261 261 128 0 262 262 116 0 263 263 114 95 264 264 129 96 265 265 117 27 266 266 117 2 267 267 125 2 268 268 113 2 269 269 114 97 270 270 124 93 271 271 126 18 272 272 130 0 273 273 133 0 274 274 131 0 275 275 131 98 276 276 132 99 277 277 130 100 278 278 136 101 279 279 139 102 280 280 137 11 281 281 141 103 282 282 136 104 283 283 137 105 284 284 143 1 285 285 146 1 286 286 142 1 287 287 143 106 288 288 144 107 289 289 147 108 290 290 148 109 291 291 151 110 292 292 152 111 293 293 148 112 294 294 153 113 295 295 149 114 296 296 133 2 297 297 143 2 298 298 131 2 299 299 142 18 300 300 134 18 301 301 130 18 302 302 146 11 303 303 133 11 304 304 134 11 305 305 147 115 306 306 132 115 307 307 135 116 308 308 143 2 309 309 135 2 310 310 131 2 311 311 132 18 312 312 142 18 313 313 130 18 314 314 139 2 315 315 149 2 316 316 137 2 317 317 148 117 318 318 140 18 319 319 136 118 320 320 152 119 321 321 139 119 322 322 140 120 323 323 153 121 324 324 138 122 325 325 141 123 326 326 149 2 327 327 141 2 328 328 137 2 329 329 138 124 330 330 148 117 331 331 136 118 332 332 155 125 333 333 156 126 334 334 154 127 335 335 157 128 336 336 158 129 337 337 156 126 338 338 159 130 339 339 160 131 340 340 158 129 341 341 161 132 342 342 162 133 343 343 160 131 344 344 163 0 345 345 161 0 346 346 159 0 347 347 163 134 348 348 164 135 349 349 162 133 350 350 165 136 351 351 154 127 352 352 164 135 353 353 162 1 354 354 164 1 355 355 156 1 356 356 167 125 357 357 168 126 358 358 166 127 359 359 169 128 360 360 170 129 361 361 168 126 362 362 171 130 363 363 172 131 364 364 170 129 365 365 173 132 366 366 174 133 367 367 172 131 368 368 175 0 369 369 173 0 370 370 171 0 371 371 175 134 372 372 176 135 373 373 174 133 374 374 177 136 375 375 166 127 376 376 176 135 377 377 174 1 378 378 176 1 379 379 168 1 380 380 179 137 381 381 180 138 382 382 178 139 383 383 181 140 384 384 182 141 385 385 180 138 386 386 183 142 387 387 184 143 388 388 182 141 389 389 185 144 390 390 186 145 391 391 184 143 392 392 187 27 393 393 185 27 394 394 183 27 395 395 187 146 396 396 188 147 397 397 186 145 398 398 189 148 399 399 178 139 400 400 188 147 401 401 186 11 402 402 188 149 403 403 180 150 404 404 191 137 405 405 192 138 406 406 190 139 407 407 193 151 408 408 194 141 409 409 192 138 410 410 195 152 411 411 196 153 412 412 194 141 413 413 197 154 414 414 198 155 415 415 196 153 416 416 199 27 417 417 197 27 418 418 195 27 419 419 199 146 420 420 200 147 421 421 198 155 422 422 201 148 423 423 190 139 424 424 200 147 425 425 198 11 426 426 200 149 427 427 192 150 428 428 202 156 429 429 205 157 430 430 204 158 431 431 205 157 432 432 206 159 433 433 204 158 434 434 207 160 435 435 208 161 436 436 206 159 437 437 209 162 438 438 210 163 439 439 208 161 440 440 211 1 441 441 209 1 442 442 207 164 443 443 211 165 444 444 212 166 445 445 210 163 446 446 212 166 447 447 203 167 448 448 202 156 449 449 210 0 450 450 212 0 451 451 204 0 452 452 214 168 453 453 217 169 454 454 216 170 455 455 217 169 456 456 218 159 457 457 216 170 458 458 219 171 459 459 220 172 460 460 218 159 461 461 221 173 462 462 222 163 463 463 220 172 464 464 223 1 465 465 221 1 466 466 219 164 467 467 223 165 468 468 224 174 469 469 222 163 470 470 224 174 471 471 215 175 472 472 214 168 473 473 222 0 474 474 224 0 475 475 216 0 476 476 227 176 477 477 228 177 478 478 226 178 479 479 229 179 480 480 230 180 481 481 228 177 482 482 231 181 483 483 232 182 484 484 230 180 485 485 233 183 486 486 234 184 487 487 232 182 488 488 235 185 489 489 233 186 490 490 231 187 491 491 235 188 492 492 236 189 493 493 234 184 494 494 237 190 495 495 226 178 496 496 236 189 497 497 234 27 498 498 236 191 499 499 228 192 500 500 239 176 501 501 240 177 502 502 238 178 503 503 241 193 504 504 242 180 505 505 240 177 506 506 243 194 507 507 244 195 508 508 242 180 509 509 245 196 510 510 246 197 511 511 244 195 512 512 247 185 513 513 245 186 514 514 243 187 515 515 247 188 516 516 248 189 517 517 246 197 518 518 249 190 519 519 238 178 520 520 248 189 521 521 246 27 522 522 248 191 523 523 240 192 524 524 251 198 525 525 252 199 526 526 250 200 527 527 253 128 528 528 254 201 529 529 252 199 530 530 255 202 531 531 256 203 532 532 254 201 533 533 257 204 534 534 258 133 535 535 256 203 536 536 259 0 537 537 257 0 538 538 255 205 539 539 259 206 540 540 260 207 541 541 258 133 542 542 261 208 543 543 250 200 544 544 260 207 545 545 258 209 546 546 260 1 547 547 252 210 548 548 263 198 549 549 264 199 550 550 262 200 551 551 265 128 552 552 266 201 553 553 264 199 554 554 267 202 555 555 268 203 556 556 266 201 557 557 269 204 558 558 270 133 559 559 268 203 560 560 271 0 561 561 269 0 562 562 267 205 563 563 271 206 564 564 272 207 565 565 270 133 566 566 273 208 567 567 262 200 568 568 272 207 569 569 270 211 570 570 272 1 571 571 264 212 572 572 275 213 573 573 276 214 574 574 274 215 575 575 277 216 576 576 278 217 577 577 276 214 578 578 278 217 579 579 281 218 580 580 280 219 581 581 280 219 582 582 283 220 583 583 282 221 584 584 283 27 585 585 281 27 586 586 279 27 587 587 283 220 588 588 284 222 589 589 282 221 590 590 285 223 591 591 274 215 592 592 284 222 593 593 282 11 594 594 284 11 595 595 276 11 596 596 287 224 597 597 288 225 598 598 286 226 599 599 289 227 600 600 290 228 601 601 288 225 602 602 290 228 603 603 293 218 604 604 292 219 605 605 292 219 606 606 295 220 607 607 294 221 608 608 295 27 609 609 293 27 610 610 291 27 611 611 295 220 612 612 296 229 613 613 294 221 614 614 297 230 615 615 286 226 616 616 296 229 617 617 294 11 618 618 296 11 619 619 288 11 620 620 298 231 621 621 301 232 622 622 300 233 623 623 301 232 624 624 302 234 625 625 300 233 626 626 303 235 627 627 304 236 628 628 302 234 629 629 305 237 630 630 306 238 631 631 304 236 632 632 307 1 633 633 305 1 634 634 303 1 635 635 307 239 636 636 308 240 637 637 306 238 638 638 308 240 639 639 299 241 640 640 298 231 641 641 306 0 642 642 308 0 643 643 300 205 644 644 310 242 645 645 313 243 646 646 312 244 647 647 313 243 648 648 314 234 649 649 312 244 650 650 315 245 651 651 316 246 652 652 314 234 653 653 317 247 654 654 318 248 655 655 316 246 656 656 319 1 657 657 317 1 658 658 315 1 659 659 319 249 660 660 320 250 661 661 318 248 662 662 320 250 663 663 311 251 664 664 310 242 665 665 318 0 666 666 320 0 667 667 312 205 668 668 323 252 669 669 324 253 670 670 322 254 671 671 325 255 672 672 326 256 673 673 324 253 674 674 327 257 675 675 328 258 676 676 326 256 677 677 329 259 678 678 330 260 679 679 328 258 680 680 331 11 681 681 329 11 682 682 327 11 683 683 331 261 684 684 332 262 685 685 330 260 686 686 333 263 687 687 322 254 688 688 332 262 689 689 330 27 690 690 332 27 691 691 324 27 692 692 335 264 693 693 336 265 694 694 334 266 695 695 337 267 696 696 338 268 697 697 336 265 698 698 339 257 699 699 340 258 700 700 338 268 701 701 341 259 702 702 342 260 703 703 340 258 704 704 343 11 705 705 341 11 706 706 339 11 707 707 343 261 708 708 344 269 709 709 342 260 710 710 345 270 711 711 334 266 712 712 344 269 713 713 342 27 714 714 344 27 715 715 336 27 716 716 347 271 717 717 348 272 718 718 346 273 719 719 349 274 720 720 350 275 721 721 348 272 722 722 351 276 723 723 352 277 724 724 350 275 725 725 353 278 726 726 354 279 727 727 352 277 728 728 355 27 729 729 353 27 730 730 351 27 731 731 355 280 732 732 356 281 733 733 354 279 734 734 357 282 735 735 346 273 736 736 356 281 737 737 354 11 738 738 356 283 739 739 348 284 740 740 359 285 741 741 360 286 742 742 358 287 743 743 361 288 744 744 362 289 745 745 360 286 746 746 363 290 747 747 364 291 748 748 362 289 749 749 365 292 750 750 366 293 751 751 364 291 752 752 367 27 753 753 365 27 754 754 363 27 755 755 367 294 756 756 368 295 757 757 366 293 758 758 369 296 759 759 358 287 760 760 368 295 761 761 366 11 762 762 368 297 763 763 360 298 764 764 372 299 765 765 371 300 766 766 370 301 767 767 374 302 768 768 373 303 769 769 372 299 770 770 376 304 771 771 375 305 772 772 374 302 773 773 378 306 774 774 377 307 775 775 376 304 776 776 379 308 777 777 381 11 778 778 371 11 779 779 380 309 780 780 379 310 781 781 378 306 782 782 370 301 783 783 381 311 784 784 380 309 785 785 380 312 786 786 376 313 787 787 372 314 788 788 384 315 789 789 383 316 790 790 382 317 791 791 386 302 792 792 385 318 793 793 384 315 794 794 388 304 795 795 387 305 796 796 386 302 797 797 390 306 798 798 389 307 799 799 388 304 800 800 391 308 801 801 393 11 802 802 383 11 803 803 392 319 804 804 391 310 805 805 390 306 806 806 382 317 807 807 393 320 808 808 392 319 809 809 392 321 810 810 388 313 811 811 384 322 812 812 396 323 813 813 395 324 814 814 394 325 815 815 398 302 816 816 397 303 817 817 396 323 818 818 400 326 819 819 399 327 820 820 398 302 821 821 402 328 822 822 401 329 823 823 400 326 824 824 403 308 825 825 405 11 826 826 395 11 827 827 404 330 828 828 403 310 829 829 402 328 830 830 394 325 831 831 405 331 832 832 404 330 833 833 404 321 834 834 400 313 835 835 396 322 836 836 408 332 837 837 407 333 838 838 406 334 839 839 410 335 840 840 409 336 841 841 408 332 842 842 410 335 843 843 413 337 844 844 411 338 845 845 412 339 846 846 415 340 847 847 413 337 848 848 415 341 849 849 417 342 850 850 407 343 851 851 416 344 852 852 415 340 853 853 414 345 854 854 406 334 855 855 417 346 856 856 416 344 857 857 416 347 858 858 412 348 859 859 408 349 860 860 420 350 861 861 419 351 862 862 418 352 863 863 422 353 864 864 421 354 865 865 420 350 866 866 424 355 867 867 423 356 868 868 422 353 869 869 426 357 870 870 425 358 871 871 424 355 872 872 427 27 873 873 429 27 874 874 419 27 875 875 428 359 876 876 427 360 877 877 426 357 878 878 428 359 879 879 419 351 880 880 429 361 881 881 424 11 882 882 422 11 883 883 420 11 884 884 432 362 885 885 431 363 886 886 430 364 887 887 434 365 888 888 433 366 889 889 432 362 890 890 434 365 891 891 437 367 892 892 435 368 893 893 436 369 894 894 439 370 895 895 437 367 896 896 435 1 897 897 439 1 898 898 431 1 899 899 440 371 900 900 439 370 901 901 438 372 902 902 430 364 903 903 441 373 904 904 440 371 905 905 434 374 906 906 432 0 907 907 440 375 908 908 444 376 909 909 443 377 910 910 442 378 911 911 446 379 912 912 445 380 913 913 444 376 914 914 448 381 915 915 447 382 916 916 446 379 917 917 450 383 918 918 449 384 919 919 448 381 920 920 447 27 921 921 451 27 922 922 443 27 923 923 452 385 924 924 451 386 925 925 450 383 926 926 452 385 927 927 443 377 928 928 453 387 929 929 446 11 930 930 444 11 931 931 452 11 932 932 456 388 933 933 455 389 934 934 454 390 935 935 458 391 936 936 457 392 937 937 456 388 938 938 458 391 939 939 461 393 940 940 459 394 941 941 460 395 942 942 463 396 943 943 461 393 944 944 463 397 945 945 465 398 946 946 455 399 947 947 464 400 948 948 463 396 949 949 462 401 950 950 454 390 951 951 465 402 952 952 464 400 953 953 464 403 954 954 460 404 955 955 456 405 956 956 468 406 957 957 467 407 958 958 466 408 959 959 470 353 960 960 469 354 961 961 468 406 962 962 472 409 963 963 471 410 964 964 470 353 965 965 474 411 966 966 473 412 967 967 472 409 968 968 475 27 969 969 477 27 970 970 467 27 971 971 476 413 972 972 475 414 973 973 474 411 974 974 476 413 975 975 467 407 976 976 477 361 977 977 472 11 978 978 470 11 979 979 468 11 980 980 480 415 981 981 479 416 982 982 478 417 983 983 482 418 984 984 481 419 985 985 480 415 986 986 484 420 987 987 483 421 988 988 482 418 989 989 486 422 990 990 485 423 991 991 484 420 992 992 487 0 993 993 489 0 994 994 479 0 995 995 488 424 996 996 487 425 997 997 486 422 998 998 478 417 999 999 489 426 1000 1000 488 424 1001 1001 488 427 1002 1002 484 428 1003 1003 480 1 1004 1004 492 299 1005 1005 491 300 1006 1006 490 301 1007 1007 494 302 1008 1008 493 303 1009 1009 492 299 1010 1010 496 304 1011 1011 495 305 1012 1012 494 302 1013 1013 498 306 1014 1014 497 307 1015 1015 496 304 1016 1016 499 429 1017 1017 501 11 1018 1018 491 11 1019 1019 500 309 1020 1020 499 310 1021 1021 498 306 1022 1022 490 301 1023 1023 501 311 1024 1024 500 309 1025 1025 500 430 1026 1026 496 431 1027 1027 492 432 1028 1028 504 433 1029 1029 503 434 1030 1030 502 435 1031 1031 506 418 1032 1032 505 436 1033 1033 504 433 1034 1034 508 420 1035 1035 507 421 1036 1036 506 418 1037 1037 510 422 1038 1038 509 423 1039 1039 508 420 1040 1040 511 437 1041 1041 513 438 1042 1042 503 405 1043 1043 512 439 1044 1044 511 425 1045 1045 510 422 1046 1046 502 435 1047 1047 513 440 1048 1048 512 439 1049 1049 512 441 1050 1050 508 442 1051 1051 504 1 1052 1052 516 315 1053 1053 515 316 1054 1054 514 317 1055 1055 518 302 1056 1056 517 318 1057 1057 516 315 1058 1058 520 304 1059 1059 519 305 1060 1060 518 302 1061 1061 522 306 1062 1062 521 307 1063 1063 520 304 1064 1064 523 429 1065 1065 525 11 1066 1066 515 11 1067 1067 524 319 1068 1068 523 310 1069 1069 522 306 1070 1070 514 317 1071 1071 525 320 1072 1072 524 319 1073 1073 524 443 1074 1074 520 431 1075 1075 516 444 1076 1076 528 433 1077 1077 527 434 1078 1078 526 435 1079 1079 530 418 1080 1080 529 436 1081 1081 528 433 1082 1082 532 420 1083 1083 531 421 1084 1084 530 418 1085 1085 534 422 1086 1086 533 423 1087 1087 532 420 1088 1088 535 445 1089 1089 537 446 1090 1090 527 447 1091 1091 536 439 1092 1092 535 425 1093 1093 534 422 1094 1094 526 435 1095 1095 537 440 1096 1096 536 439 1097 1097 536 441 1098 1098 532 442 1099 1099 528 1 1100 1100 540 323 1101 1101 539 324 1102 1102 538 325 1103 1103 542 302 1104 1104 541 303 1105 1105 540 323 1106 1106 544 326 1107 1107 543 327 1108 1108 542 302 1109 1109 546 328 1110 1110 545 329 1111 1111 544 326 1112 1112 547 429 1113 1113 549 11 1114 1114 539 11 1115 1115 548 330 1116 1116 547 310 1117 1117 546 328 1118 1118 538 325 1119 1119 549 331 1120 1120 548 330 1121 1121 548 443 1122 1122 544 431 1123 1123 540 444 1124 1124 552 448 1125 1125 551 449 1126 1126 550 450 1127 1127 554 451 1128 1128 553 452 1129 1129 552 448 1130 1130 556 453 1131 1131 555 454 1132 1132 554 451 1133 1133 558 455 1134 1134 557 456 1135 1135 556 453 1136 1136 559 308 1137 1137 561 11 1138 1138 551 11 1139 1139 560 457 1140 1140 559 458 1141 1141 558 455 1142 1142 550 450 1143 1143 561 459 1144 1144 560 457 1145 1145 560 312 1146 1146 556 313 1147 1147 552 314 1148 1148 564 460 1149 1149 563 461 1150 1150 562 462 1151 1151 566 463 1152 1152 565 464 1153 1153 564 460 1154 1154 566 463 1155 1155 569 465 1156 1156 567 466 1157 1157 568 467 1158 1158 571 468 1159 1159 569 465 1160 1160 571 469 1161 1161 573 470 1162 1162 563 471 1163 1163 572 472 1164 1164 571 468 1165 1165 570 473 1166 1166 562 462 1167 1167 573 474 1168 1168 572 472 1169 1169 572 475 1170 1170 568 476 1171 1171 564 477 1172 1172 576 478 1173 1173 575 479 1174 1174 574 480 1175 1175 578 481 1176 1176 577 482 1177 1177 576 478 1178 1178 580 483 1179 1179 579 484 1180 1180 578 481 1181 1181 582 485 1182 1182 581 486 1183 1183 580 483 1184 1184 583 27 1185 1185 585 27 1186 1186 575 27 1187 1187 584 487 1188 1188 583 488 1189 1189 582 485 1190 1190 584 487 1191 1191 575 479 1192 1192 585 489 1193 1193 580 11 1194 1194 578 11 1195 1195 576 11 1196 1196 588 415 1197 1197 587 416 1198 1198 586 417 1199 1199 590 418 1200 1200 589 419 1201 1201 588 415 1202 1202 592 420 1203 1203 591 421 1204 1204 590 418 1205 1205 594 422 1206 1206 593 423 1207 1207 592 420 1208 1208 595 0 1209 1209 597 0 1210 1210 587 0 1211 1211 596 424 1212 1212 595 425 1213 1213 594 422 1214 1214 586 417 1215 1215 597 426 1216 1216 596 424 1217 1217 596 490 1218 1218 592 491 1219 1219 588 1 1220 1220 600 448 1221 1221 599 449 1222 1222 598 450 1223 1223 602 451 1224 1224 601 452 1225 1225 600 448 1226 1226 604 453 1227 1227 603 454 1228 1228 602 451 1229 1229 606 455 1230 1230 605 456 1231 1231 604 453 1232 1232 607 429 1233 1233 609 11 1234 1234 599 11 1235 1235 608 457 1236 1236 607 458 1237 1237 606 455 1238 1238 598 450 1239 1239 609 459 1240 1240 608 457 1241 1241 608 430 1242 1242 604 431 1243 1243 600 432 1244 1244 612 448 1245 1245 611 449 1246 1246 610 450 1247 1247 614 492 1248 1248 613 452 1249 1249 612 448 1250 1250 616 493 1251 1251 615 494 1252 1252 614 492 1253 1253 618 495 1254 1254 617 496 1255 1255 616 493 1256 1256 619 308 1257 1257 621 11 1258 1258 611 11 1259 1259 620 497 1260 1260 619 498 1261 1261 618 495 1262 1262 610 450 1263 1263 621 459 1264 1264 620 497 1265 1265 620 312 1266 1266 616 313 1267 1267 612 314 1268 1268 624 499 1269 1269 623 500 1270 1270 622 501 1271 1271 626 502 1272 1272 625 503 1273 1273 624 499 1274 1274 626 502 1275 1275 629 504 1276 1276 627 505 1277 1277 628 506 1278 1278 631 507 1279 1279 629 504 1280 1280 631 508 1281 1281 633 509 1282 1282 623 510 1283 1283 632 511 1284 1284 631 507 1285 1285 630 512 1286 1286 622 501 1287 1287 633 513 1288 1288 632 511 1289 1289 632 475 1290 1290 628 514 1291 1291 624 515 1292 1292 636 478 1293 1293 635 479 1294 1294 634 480 1295 1295 638 516 1296 1296 637 482 1297 1297 636 478 1298 1298 640 517 1299 1299 639 518 1300 1300 638 516 1301 1301 642 519 1302 1302 641 520 1303 1303 640 517 1304 1304 643 27 1305 1305 645 27 1306 1306 635 27 1307 1307 644 521 1308 1308 643 522 1309 1309 642 519 1310 1310 644 521 1311 1311 635 479 1312 1312 645 489 1313 1313 640 11 1314 1314 638 11 1315 1315 636 11 1316 1316 648 415 1317 1317 647 416 1318 1318 646 417 1319 1319 650 418 1320 1320 649 419 1321 1321 648 415 1322 1322 652 420 1323 1323 651 421 1324 1324 650 418 1325 1325 654 422 1326 1326 653 423 1327 1327 652 420 1328 1328 655 0 1329 1329 657 0 1330 1330 647 0 1331 1331 656 424 1332 1332 655 425 1333 1333 654 422 1334 1334 646 417 1335 1335 657 426 1336 1336 656 424 1337 1337 656 490 1338 1338 652 491 1339 1339 648 1 1340 1340 660 448 1341 1341 659 449 1342 1342 658 450 1343 1343 662 492 1344 1344 661 452 1345 1345 660 448 1346 1346 664 493 1347 1347 663 494 1348 1348 662 492 1349 1349 666 495 1350 1350 665 496 1351 1351 664 493 1352 1352 667 429 1353 1353 669 11 1354 1354 659 11 1355 1355 668 497 1356 1356 667 498 1357 1357 666 495 1358 1358 658 450 1359 1359 669 459 1360 1360 668 497 1361 1361 668 430 1362 1362 664 431 1363 1363 660 432 1364 1364 704 18 1392 1392 702 18 1393 1393 703 18 1394 1394 701 523 1395 1395 703 524 1396 1396 699 525 1397 1397 702 526 1398 1398 698 527 1399 1399 709 11 1400 1400 700 528 1401 1401 702 526 1402 1402 705 529 1403 1403 709 11 1404 1404 700 528 1405 1405 708 530 1406 1406 708 530 1407 1407 705 529 1408 1408 721 531 1409 1409 706 27 1410 1410 699 525 1411 1411 703 524 1412 1412 722 532 1413 1413 705 533 1414 1414 704 534 1415 1415 706 27 1416 1416 701 523 1417 1417 699 525 1418 1418 723 0 1419 1419 703 0 1420 1420 702 0 1421 1421 711 535 1422 1422 708 530 1423 1423 710 536 1424 1424 712 27 1425 1425 706 27 1426 1426 725 27 1427 1427 712 2 1428 1428 711 2 1429 1429 710 2 1430 1430 725 537 1431 1431 713 538 1432 1432 711 539 1433 1433 719 540 1434 1434 721 541 1435 1435 722 532 1436 1436 719 2 1437 1437 717 2 1438 1438 720 2 1439 1439 717 0 1440 1440 724 0 1441 1441 723 0 1442 1442 714 542 1443 1443 719 543 1444 1444 716 544 1445 1445 710 545 1446 1446 716 546 1447 1447 712 547 1448 1448 715 548 1449 1449 717 549 1450 1450 713 550 1451 1451 715 18 1452 1452 714 18 1453 1453 716 18 1454 1454 714 542 1455 1455 724 27 1456 1456 718 551 1457 1457 716 544 1458 1458 722 27 1459 1459 712 27 1460 1460 713 550 1461 1461 723 11 1462 1462 711 535 1463 1463 715 548 1464 1464 721 531 1465 1465 720 552 1466 1466 704 553 1467 1467 701 523 1468 1468 707 27 1469 1469 739 1 1479 1479 755 1 1480 1480 754 1 1481 1481 741 11 1482 1482 756 11 1483 1483 755 11 1484 1484 745 554 1485 1485 757 555 1486 1486 756 556 1487 1487 743 27 1488 1488 754 27 1489 1489 757 27 1490 1490 745 2 1491 1491 739 2 1492 1492 743 2 1493 1493 747 557 1494 1494 759 558 1495 1495 758 559 1496 1496 749 11 1497 1497 760 11 1498 1498 759 11 1499 1499 753 560 1500 1500 761 561 1501 1501 760 562 1502 1502 751 27 1503 1503 758 27 1504 1504 761 27 1505 1505 753 2 1506 1506 747 2 1507 1507 751 2 1508 1508 1 0 1563 1563 2 0 1564 1564 3 0 1565 1565 6 1 1566 1566 5 1 1567 1567 4 1 1568 1568 6 2 1569 1569 7 2 1570 1570 2 2 1571 1571 12 3 1572 1572 11 27 1573 1573 9 4 1574 1574 13 6 1575 1575 10 567 1576 1576 8 7 1577 1577 15 9 1578 1578 17 568 1579 1579 18 10 1580 1580 14 12 1581 1581 16 569 1582 1582 19 13 1583 1583 11 2 1584 1584 17 2 1585 1585 15 15 1586 1586 14 17 1587 1587 18 18 1588 1588 12 18 1589 1589 18 20 1590 1590 17 21 1591 1591 11 20 1592 1592 19 22 1593 1593 16 11 1594 1594 10 23 1595 1595 15 15 1596 1596 19 2 1597 1597 13 25 1598 1598 10 26 1599 1599 16 18 1600 1600 14 17 1601 1601 1 11 1602 1602 0 11 1603 1603 5 11 1604 1604 4 27 1605 1605 3 27 1606 1606 2 27 1607 1607 24 1 1608 1608 23 1 1609 1609 21 1 1610 1610 25 28 1611 1611 22 570 1612 1612 20 29 1613 1613 27 0 1614 1614 29 0 1615 1615 30 0 1616 1616 26 31 1617 1617 28 571 1618 1618 31 32 1619 1619 23 33 1620 1620 29 2 1621 1621 27 34 1622 1622 26 18 1623 1623 30 18 1624 1624 24 18 1625 1625 30 27 1626 1626 29 27 1627 1627 23 27 1628 1628 31 36 1629 1629 28 572 1630 1630 22 37 1631 1631 27 34 1632 1632 31 2 1633 1633 25 2 1634 1634 22 18 1635 1635 28 18 1636 1636 26 18 1637 1637 38 1 1638 1638 33 1 1639 1639 32 1 1640 1640 33 2 1641 1641 38 2 1642 1642 43 2 1643 1643 35 0 1644 1644 37 0 1645 1645 39 0 1646 1646 42 2 1647 1647 43 2 1648 1648 47 2 1649 1649 41 2 1650 1650 42 2 1651 1651 46 2 1652 1652 43 27 1653 1653 49 27 1654 1654 45 27 1655 1655 46 2 1656 1656 47 2 1657 1657 37 2 1658 1658 41 11 1659 1659 44 11 1660 1660 48 11 1661 1661 51 27 1662 1662 53 27 1663 1663 54 27 1664 1664 50 39 1665 1665 52 0 1666 1666 55 40 1667 1667 60 42 1668 1668 59 11 1669 1669 57 43 1670 1670 61 45 1671 1671 58 573 1672 1672 56 46 1673 1673 53 2 1674 1674 51 2 1675 1675 57 2 1676 1676 53 1 1677 1677 59 1 1678 1678 60 1 1679 1679 52 47 1680 1680 58 574 1681 1681 61 48 1682 1682 55 2 1683 1683 61 2 1684 1684 57 2 1685 1685 66 49 1686 1686 65 27 1687 1687 63 50 1688 1688 67 52 1689 1689 64 575 1690 1690 62 53 1691 1691 69 11 1692 1692 71 11 1693 1693 72 11 1694 1694 68 0 1695 1695 70 0 1696 1696 73 0 1697 1697 65 2 1698 1698 71 2 1699 1699 69 2 1700 1700 72 0 1701 1701 71 0 1702 1702 65 0 1703 1703 73 54 1704 1704 70 11 1705 1705 64 55 1706 1706 69 2 1707 1707 73 2 1708 1708 67 2 1709 1709 78 1 1710 1710 77 1 1711 1711 75 1 1712 1712 79 57 1713 1713 76 576 1714 1714 74 58 1715 1715 81 0 1716 1716 83 0 1717 1717 84 0 1718 1718 80 60 1719 1719 82 577 1720 1720 85 61 1721 1721 77 2 1722 1722 83 2 1723 1723 81 2 1724 1724 84 27 1725 1725 83 27 1726 1726 77 27 1727 1727 85 62 1728 1728 82 578 1729 1729 76 63 1730 1730 81 2 1731 1731 85 2 1732 1732 79 2 1733 1733 87 0 1734 1734 89 0 1735 1735 90 0 1736 1736 86 65 1737 1737 88 579 1738 1738 91 66 1739 1739 96 1 1740 1740 95 1 1741 1741 93 1 1742 1742 97 27 1743 1743 94 27 1744 1744 92 27 1745 1745 89 2 1746 1746 87 2 1747 1747 93 2 1748 1748 89 27 1749 1749 95 27 1750 1750 96 27 1751 1751 88 52 1752 1752 94 575 1753 1753 97 52 1754 1754 91 2 1755 1755 97 2 1756 1756 93 2 1757 1757 101 68 1758 1758 99 69 1759 1759 98 68 1760 1760 101 0 1761 1761 105 0 1762 1762 104 0 1763 1763 98 1 1764 1764 103 1 1765 1765 102 1 1766 1766 103 70 1767 1767 104 71 1768 1768 105 70 1769 1769 100 72 1770 1770 102 580 1771 1771 105 73 1772 1772 99 75 1773 1773 104 581 1774 1774 103 76 1775 1775 106 1 1776 1776 107 1 1777 1777 109 1 1778 1778 107 77 1779 1779 106 582 1780 1780 108 78 1781 1781 112 11 1782 1782 113 11 1783 1783 115 11 1784 1784 112 80 1785 1785 114 1 1786 1786 117 81 1787 1787 122 0 1788 1788 121 0 1789 1789 119 0 1790 1790 119 83 1791 1791 123 583 1792 1792 120 84 1793 1793 124 27 1794 1794 128 27 1795 1795 127 27 1796 1796 129 85 1797 1797 126 584 1798 1798 124 86 1799 1799 109 2 1800 1800 107 2 1801 1801 119 2 1802 1802 110 88 1803 1803 122 18 1804 1804 118 89 1805 1805 109 11 1806 1806 121 11 1807 1807 122 11 1808 1808 108 91 1809 1809 120 585 1810 1810 123 91 1811 1811 111 2 1812 1812 123 2 1813 1813 119 2 1814 1814 108 18 1815 1815 106 90 1816 1816 118 89 1817 1817 115 2 1818 1818 113 2 1819 1819 125 2 1820 1820 116 18 1821 1821 128 18 1822 1822 124 93 1823 1823 115 0 1824 1824 127 0 1825 1825 128 0 1826 1826 114 95 1827 1827 126 586 1828 1828 129 96 1829 1829 117 2 1830 1830 129 2 1831 1831 125 2 1832 1832 114 97 1833 1833 112 94 1834 1834 124 93 1835 1835 130 0 1836 1836 134 0 1837 1837 133 0 1838 1838 131 98 1839 1839 135 587 1840 1840 132 99 1841 1841 136 101 1842 1842 140 588 1843 1843 139 102 1844 1844 141 103 1845 1845 138 589 1846 1846 136 104 1847 1847 143 1 1848 1848 145 1 1849 1849 146 1 1850 1850 143 106 1851 1851 142 11 1852 1852 144 107 1853 1853 148 109 1854 1854 149 27 1855 1855 151 110 1856 1856 148 112 1857 1857 150 590 1858 1858 153 113 1859 1859 133 2 1860 1860 145 2 1861 1861 143 2 1862 1862 142 18 1863 1863 146 18 1864 1864 134 18 1865 1865 146 11 1866 1866 145 11 1867 1867 133 11 1868 1868 147 115 1869 1869 144 591 1870 1870 132 115 1871 1871 143 2 1872 1872 147 2 1873 1873 135 2 1874 1874 132 18 1875 1875 144 18 1876 1876 142 18 1877 1877 139 2 1878 1878 151 2 1879 1879 149 2 1880 1880 148 117 1881 1881 152 18 1882 1882 140 18 1883 1883 152 119 1884 1884 151 120 1885 1885 139 119 1886 1886 153 121 1887 1887 150 592 1888 1888 138 122 1889 1889 149 2 1890 1890 153 2 1891 1891 141 2 1892 1892 138 124 1893 1893 150 18 1894 1894 148 117 1895 1895 155 125 1896 1896 157 128 1897 1897 156 126 1898 1898 157 128 1899 1899 159 130 1900 1900 158 129 1901 1901 159 130 1902 1902 161 132 1903 1903 160 131 1904 1904 161 132 1905 1905 163 134 1906 1906 162 133 1907 1907 159 0 1908 1908 157 0 1909 1909 155 0 1910 1910 155 0 1911 1911 165 0 1912 1912 159 0 1913 1913 165 0 1914 1914 163 0 1915 1915 159 0 1916 1916 163 134 1917 1917 165 136 1918 1918 164 135 1919 1919 165 136 1920 1920 155 125 1921 1921 154 127 1922 1922 164 1 1923 1923 154 1 1924 1924 156 1 1925 1925 156 1 1926 1926 158 1 1927 1927 160 1 1928 1928 160 1 1929 1929 162 1 1930 1930 156 1 1931 1931 167 125 1932 1932 169 128 1933 1933 168 126 1934 1934 169 128 1935 1935 171 130 1936 1936 170 129 1937 1937 171 130 1938 1938 173 132 1939 1939 172 131 1940 1940 173 132 1941 1941 175 134 1942 1942 174 133 1943 1943 171 0 1944 1944 169 0 1945 1945 167 0 1946 1946 167 0 1947 1947 177 0 1948 1948 171 0 1949 1949 177 0 1950 1950 175 0 1951 1951 171 0 1952 1952 175 134 1953 1953 177 136 1954 1954 176 135 1955 1955 177 136 1956 1956 167 125 1957 1957 166 127 1958 1958 176 1 1959 1959 166 1 1960 1960 168 1 1961 1961 168 1 1962 1962 170 1 1963 1963 172 1 1964 1964 172 1 1965 1965 174 1 1966 1966 168 1 1967 1967 179 137 1968 1968 181 140 1969 1969 180 138 1970 1970 181 140 1971 1971 183 142 1972 1972 182 141 1973 1973 183 142 1974 1974 185 144 1975 1975 184 143 1976 1976 185 144 1977 1977 187 146 1978 1978 186 145 1979 1979 183 27 1980 1980 181 27 1981 1981 179 27 1982 1982 179 27 1983 1983 189 27 1984 1984 183 27 1985 1985 189 27 1986 1986 187 27 1987 1987 183 27 1988 1988 187 146 1989 1989 189 148 1990 1990 188 147 1991 1991 189 148 1992 1992 179 137 1993 1993 178 139 1994 1994 188 149 1995 1995 178 593 1996 1996 180 150 1997 1997 180 150 1998 1998 182 11 1999 1999 184 11 2000 2000 184 11 2001 2001 186 11 2002 2002 180 150 2003 2003 191 137 2004 2004 193 151 2005 2005 192 138 2006 2006 193 151 2007 2007 195 152 2008 2008 194 141 2009 2009 195 152 2010 2010 197 154 2011 2011 196 153 2012 2012 197 154 2013 2013 199 146 2014 2014 198 155 2015 2015 195 27 2016 2016 193 27 2017 2017 191 27 2018 2018 191 27 2019 2019 201 27 2020 2020 195 27 2021 2021 201 27 2022 2022 199 27 2023 2023 195 27 2024 2024 199 146 2025 2025 201 148 2026 2026 200 147 2027 2027 201 148 2028 2028 191 137 2029 2029 190 139 2030 2030 200 149 2031 2031 190 593 2032 2032 192 150 2033 2033 192 150 2034 2034 194 11 2035 2035 196 11 2036 2036 196 11 2037 2037 198 11 2038 2038 192 150 2039 2039 202 156 2040 2040 203 167 2041 2041 205 157 2042 2042 205 157 2043 2043 207 160 2044 2044 206 159 2045 2045 207 160 2046 2046 209 162 2047 2047 208 161 2048 2048 209 162 2049 2049 211 165 2050 2050 210 163 2051 2051 207 164 2052 2052 205 594 2053 2053 203 595 2054 2054 203 595 2055 2055 213 1 2056 2056 207 164 2057 2057 213 1 2058 2058 211 1 2059 2059 207 164 2060 2060 211 165 2061 2061 213 596 2062 2062 212 166 2063 2063 212 166 2064 2064 213 596 2065 2065 203 167 2066 2066 212 0 2067 2067 202 0 2068 2068 204 0 2069 2069 204 0 2070 2070 206 0 2071 2071 208 0 2072 2072 208 0 2073 2073 210 0 2074 2074 204 0 2075 2075 214 168 2076 2076 215 175 2077 2077 217 169 2078 2078 217 169 2079 2079 219 171 2080 2080 218 159 2081 2081 219 171 2082 2082 221 173 2083 2083 220 172 2084 2084 221 173 2085 2085 223 165 2086 2086 222 163 2087 2087 219 164 2088 2088 217 594 2089 2089 215 595 2090 2090 215 595 2091 2091 225 1 2092 2092 219 164 2093 2093 225 1 2094 2094 223 1 2095 2095 219 164 2096 2096 223 165 2097 2097 225 596 2098 2098 224 174 2099 2099 224 174 2100 2100 225 596 2101 2101 215 175 2102 2102 224 0 2103 2103 214 0 2104 2104 216 0 2105 2105 216 0 2106 2106 218 0 2107 2107 220 0 2108 2108 220 0 2109 2109 222 0 2110 2110 216 0 2111 2111 227 176 2112 2112 229 179 2113 2113 228 177 2114 2114 229 179 2115 2115 231 181 2116 2116 230 180 2117 2117 231 181 2118 2118 233 183 2119 2119 232 182 2120 2120 233 183 2121 2121 235 188 2122 2122 234 184 2123 2123 231 187 2124 2124 229 11 2125 2125 227 11 2126 2126 227 11 2127 2127 237 11 2128 2128 231 187 2129 2129 237 11 2130 2130 235 185 2131 2131 231 187 2132 2132 235 188 2133 2133 237 190 2134 2134 236 189 2135 2135 237 190 2136 2136 227 176 2137 2137 226 178 2138 2138 236 191 2139 2139 226 597 2140 2140 228 192 2141 2141 228 192 2142 2142 230 27 2143 2143 232 27 2144 2144 232 27 2145 2145 234 27 2146 2146 228 192 2147 2147 239 176 2148 2148 241 193 2149 2149 240 177 2150 2150 241 193 2151 2151 243 194 2152 2152 242 180 2153 2153 243 194 2154 2154 245 196 2155 2155 244 195 2156 2156 245 196 2157 2157 247 188 2158 2158 246 197 2159 2159 243 187 2160 2160 241 11 2161 2161 239 11 2162 2162 239 11 2163 2163 249 11 2164 2164 243 187 2165 2165 249 11 2166 2166 247 185 2167 2167 243 187 2168 2168 247 188 2169 2169 249 190 2170 2170 248 189 2171 2171 249 190 2172 2172 239 176 2173 2173 238 178 2174 2174 248 191 2175 2175 238 597 2176 2176 240 192 2177 2177 240 192 2178 2178 242 27 2179 2179 244 27 2180 2180 244 27 2181 2181 246 27 2182 2182 240 192 2183 2183 251 198 2184 2184 253 128 2185 2185 252 199 2186 2186 253 128 2187 2187 255 202 2188 2188 254 201 2189 2189 255 202 2190 2190 257 204 2191 2191 256 203 2192 2192 257 204 2193 2193 259 206 2194 2194 258 133 2195 2195 255 205 2196 2196 253 598 2197 2197 251 599 2198 2198 251 599 2199 2199 261 0 2200 2200 255 205 2201 2201 261 0 2202 2202 259 0 2203 2203 255 205 2204 2204 259 206 2205 2205 261 208 2206 2206 260 207 2207 2207 261 208 2208 2208 251 198 2209 2209 250 200 2210 2210 260 1 2211 2211 250 1 2212 2212 252 210 2213 2213 252 210 2214 2214 254 600 2215 2215 256 601 2216 2216 256 601 2217 2217 258 209 2218 2218 252 210 2219 2219 263 198 2220 2220 265 128 2221 2221 264 199 2222 2222 265 128 2223 2223 267 202 2224 2224 266 201 2225 2225 267 202 2226 2226 269 204 2227 2227 268 203 2228 2228 269 204 2229 2229 271 206 2230 2230 270 133 2231 2231 267 205 2232 2232 265 598 2233 2233 263 599 2234 2234 263 599 2235 2235 273 0 2236 2236 267 205 2237 2237 273 0 2238 2238 271 0 2239 2239 267 205 2240 2240 271 206 2241 2241 273 208 2242 2242 272 207 2243 2243 273 208 2244 2244 263 198 2245 2245 262 200 2246 2246 272 1 2247 2247 262 1 2248 2248 264 212 2249 2249 264 212 2250 2250 266 600 2251 2251 268 602 2252 2252 268 602 2253 2253 270 211 2254 2254 264 212 2255 2255 275 213 2256 2256 277 216 2257 2257 276 214 2258 2258 277 216 2259 2259 279 603 2260 2260 278 217 2261 2261 278 217 2262 2262 279 603 2263 2263 281 218 2264 2264 280 219 2265 2265 281 218 2266 2266 283 220 2267 2267 279 27 2268 2268 277 27 2269 2269 275 27 2270 2270 275 27 2271 2271 285 27 2272 2272 279 27 2273 2273 285 27 2274 2274 283 27 2275 2275 279 27 2276 2276 283 220 2277 2277 285 223 2278 2278 284 222 2279 2279 285 223 2280 2280 275 213 2281 2281 274 215 2282 2282 284 11 2283 2283 274 11 2284 2284 276 11 2285 2285 276 11 2286 2286 278 11 2287 2287 280 11 2288 2288 280 11 2289 2289 282 11 2290 2290 276 11 2291 2291 287 224 2292 2292 289 227 2293 2293 288 225 2294 2294 289 227 2295 2295 291 603 2296 2296 290 228 2297 2297 290 228 2298 2298 291 603 2299 2299 293 218 2300 2300 292 219 2301 2301 293 218 2302 2302 295 220 2303 2303 291 27 2304 2304 289 27 2305 2305 287 27 2306 2306 287 27 2307 2307 297 27 2308 2308 291 27 2309 2309 297 27 2310 2310 295 27 2311 2311 291 27 2312 2312 295 220 2313 2313 297 230 2314 2314 296 229 2315 2315 297 230 2316 2316 287 224 2317 2317 286 226 2318 2318 296 11 2319 2319 286 11 2320 2320 288 11 2321 2321 288 11 2322 2322 290 11 2323 2323 292 11 2324 2324 292 11 2325 2325 294 11 2326 2326 288 11 2327 2327 298 231 2328 2328 299 241 2329 2329 301 232 2330 2330 301 232 2331 2331 303 235 2332 2332 302 234 2333 2333 303 235 2334 2334 305 237 2335 2335 304 236 2336 2336 305 237 2337 2337 307 239 2338 2338 306 238 2339 2339 303 1 2340 2340 301 1 2341 2341 299 1 2342 2342 299 1 2343 2343 309 1 2344 2344 303 1 2345 2345 309 1 2346 2346 307 1 2347 2347 303 1 2348 2348 307 239 2349 2349 309 604 2350 2350 308 240 2351 2351 308 240 2352 2352 309 604 2353 2353 299 241 2354 2354 308 0 2355 2355 298 0 2356 2356 300 205 2357 2357 300 205 2358 2358 302 598 2359 2359 304 599 2360 2360 304 599 2361 2361 306 0 2362 2362 300 205 2363 2363 310 242 2364 2364 311 251 2365 2365 313 243 2366 2366 313 243 2367 2367 315 245 2368 2368 314 234 2369 2369 315 245 2370 2370 317 247 2371 2371 316 246 2372 2372 317 247 2373 2373 319 249 2374 2374 318 248 2375 2375 315 1 2376 2376 313 1 2377 2377 311 1 2378 2378 311 1 2379 2379 321 1 2380 2380 315 1 2381 2381 321 1 2382 2382 319 1 2383 2383 315 1 2384 2384 319 249 2385 2385 321 605 2386 2386 320 250 2387 2387 320 250 2388 2388 321 605 2389 2389 311 251 2390 2390 320 0 2391 2391 310 0 2392 2392 312 205 2393 2393 312 205 2394 2394 314 598 2395 2395 316 599 2396 2396 316 599 2397 2397 318 0 2398 2398 312 205 2399 2399 323 252 2400 2400 325 255 2401 2401 324 253 2402 2402 325 255 2403 2403 327 257 2404 2404 326 256 2405 2405 327 257 2406 2406 329 259 2407 2407 328 258 2408 2408 329 259 2409 2409 331 261 2410 2410 330 260 2411 2411 327 11 2412 2412 325 11 2413 2413 323 11 2414 2414 323 11 2415 2415 333 11 2416 2416 327 11 2417 2417 333 11 2418 2418 331 11 2419 2419 327 11 2420 2420 331 261 2421 2421 333 263 2422 2422 332 262 2423 2423 333 263 2424 2424 323 252 2425 2425 322 254 2426 2426 332 27 2427 2427 322 27 2428 2428 324 27 2429 2429 324 27 2430 2430 326 27 2431 2431 328 27 2432 2432 328 27 2433 2433 330 27 2434 2434 324 27 2435 2435 335 264 2436 2436 337 267 2437 2437 336 265 2438 2438 337 267 2439 2439 339 257 2440 2440 338 268 2441 2441 339 257 2442 2442 341 259 2443 2443 340 258 2444 2444 341 259 2445 2445 343 261 2446 2446 342 260 2447 2447 339 11 2448 2448 337 11 2449 2449 335 11 2450 2450 335 11 2451 2451 345 11 2452 2452 339 11 2453 2453 345 11 2454 2454 343 11 2455 2455 339 11 2456 2456 343 261 2457 2457 345 270 2458 2458 344 269 2459 2459 345 270 2460 2460 335 264 2461 2461 334 266 2462 2462 344 27 2463 2463 334 27 2464 2464 336 27 2465 2465 336 27 2466 2466 338 27 2467 2467 340 27 2468 2468 340 27 2469 2469 342 27 2470 2470 336 27 2471 2471 347 271 2472 2472 349 274 2473 2473 348 272 2474 2474 349 274 2475 2475 351 276 2476 2476 350 275 2477 2477 351 276 2478 2478 353 278 2479 2479 352 277 2480 2480 353 278 2481 2481 355 280 2482 2482 354 279 2483 2483 351 27 2484 2484 349 27 2485 2485 347 27 2486 2486 347 27 2487 2487 357 27 2488 2488 351 27 2489 2489 357 27 2490 2490 355 27 2491 2491 351 27 2492 2492 355 280 2493 2493 357 282 2494 2494 356 281 2495 2495 357 282 2496 2496 347 271 2497 2497 346 273 2498 2498 356 283 2499 2499 346 606 2500 2500 348 284 2501 2501 348 284 2502 2502 350 11 2503 2503 352 11 2504 2504 352 11 2505 2505 354 11 2506 2506 348 284 2507 2507 359 285 2508 2508 361 288 2509 2509 360 286 2510 2510 361 288 2511 2511 363 290 2512 2512 362 289 2513 2513 363 290 2514 2514 365 292 2515 2515 364 291 2516 2516 365 292 2517 2517 367 294 2518 2518 366 293 2519 2519 363 27 2520 2520 361 27 2521 2521 367 27 2522 2522 361 27 2523 2523 359 27 2524 2524 367 27 2525 2525 359 27 2526 2526 369 27 2527 2527 367 27 2528 2528 367 294 2529 2529 369 296 2530 2530 368 295 2531 2531 369 296 2532 2532 359 285 2533 2533 358 287 2534 2534 368 297 2535 2535 358 607 2536 2536 360 298 2537 2537 360 298 2538 2538 362 11 2539 2539 364 11 2540 2540 364 11 2541 2541 366 11 2542 2542 360 298 2543 2543 372 299 2544 2544 373 303 2545 2545 371 300 2546 2546 374 302 2547 2547 375 305 2548 2548 373 303 2549 2549 376 304 2550 2550 377 307 2551 2551 375 305 2552 2552 378 306 2553 2553 379 310 2554 2554 377 307 2555 2555 371 11 2556 2556 373 11 2557 2557 379 308 2558 2558 373 11 2559 2559 375 608 2560 2560 379 308 2561 2561 375 608 2562 2562 377 609 2563 2563 379 308 2564 2564 380 309 2565 2565 381 311 2566 2566 379 310 2567 2567 370 301 2568 2568 371 300 2569 2569 381 311 2570 2570 372 314 2571 2571 370 610 2572 2572 380 312 2573 2573 380 312 2574 2574 378 27 2575 2575 376 313 2576 2576 376 313 2577 2577 374 27 2578 2578 372 314 2579 2579 384 315 2580 2580 385 318 2581 2581 383 316 2582 2582 386 302 2583 2583 387 305 2584 2584 385 318 2585 2585 388 304 2586 2586 389 307 2587 2587 387 305 2588 2588 390 306 2589 2589 391 310 2590 2590 389 307 2591 2591 383 11 2592 2592 385 11 2593 2593 391 308 2594 2594 385 11 2595 2595 387 608 2596 2596 391 308 2597 2597 387 608 2598 2598 389 609 2599 2599 391 308 2600 2600 392 319 2601 2601 393 320 2602 2602 391 310 2603 2603 382 317 2604 2604 383 316 2605 2605 393 320 2606 2606 384 322 2607 2607 382 611 2608 2608 392 321 2609 2609 392 321 2610 2610 390 27 2611 2611 388 313 2612 2612 388 313 2613 2613 386 27 2614 2614 384 322 2615 2615 396 323 2616 2616 397 303 2617 2617 395 324 2618 2618 398 302 2619 2619 399 327 2620 2620 397 303 2621 2621 400 326 2622 2622 401 329 2623 2623 399 327 2624 2624 402 328 2625 2625 403 310 2626 2626 401 329 2627 2627 395 11 2628 2628 397 11 2629 2629 403 308 2630 2630 397 11 2631 2631 399 608 2632 2632 403 308 2633 2633 399 608 2634 2634 401 609 2635 2635 403 308 2636 2636 404 330 2637 2637 405 331 2638 2638 403 310 2639 2639 394 325 2640 2640 395 324 2641 2641 405 331 2642 2642 396 322 2643 2643 394 611 2644 2644 404 321 2645 2645 404 321 2646 2646 402 27 2647 2647 400 313 2648 2648 400 313 2649 2649 398 27 2650 2650 396 322 2651 2651 408 332 2652 2652 409 336 2653 2653 407 333 2654 2654 410 335 2655 2655 411 338 2656 2656 409 336 2657 2657 410 335 2658 2658 412 339 2659 2659 413 337 2660 2660 412 339 2661 2661 414 345 2662 2662 415 340 2663 2663 407 343 2664 2664 409 1 2665 2665 415 341 2666 2666 409 1 2667 2667 411 1 2668 2668 415 341 2669 2669 411 1 2670 2670 413 1 2671 2671 415 341 2672 2672 416 344 2673 2673 417 346 2674 2674 415 340 2675 2675 406 334 2676 2676 407 333 2677 2677 417 346 2678 2678 408 349 2679 2679 406 0 2680 2680 416 347 2681 2681 416 347 2682 2682 414 438 2683 2683 412 348 2684 2684 412 348 2685 2685 410 612 2686 2686 408 349 2687 2687 420 350 2688 2688 421 354 2689 2689 419 351 2690 2690 422 353 2691 2691 423 356 2692 2692 421 354 2693 2693 424 355 2694 2694 425 358 2695 2695 423 356 2696 2696 426 357 2697 2697 427 360 2698 2698 425 358 2699 2699 419 27 2700 2700 421 27 2701 2701 427 27 2702 2702 421 27 2703 2703 423 27 2704 2704 427 27 2705 2705 423 27 2706 2706 425 27 2707 2707 427 27 2708 2708 428 359 2709 2709 429 361 2710 2710 427 360 2711 2711 428 359 2712 2712 418 352 2713 2713 419 351 2714 2714 420 11 2715 2715 418 11 2716 2716 428 11 2717 2717 428 11 2718 2718 426 11 2719 2719 420 11 2720 2720 426 11 2721 2721 424 11 2722 2722 420 11 2723 2723 432 362 2724 2724 433 366 2725 2725 431 363 2726 2726 434 365 2727 2727 435 368 2728 2728 433 366 2729 2729 434 365 2730 2730 436 369 2731 2731 437 367 2732 2732 436 369 2733 2733 438 372 2734 2734 439 370 2735 2735 431 1 2736 2736 433 1 2737 2737 435 1 2738 2738 435 1 2739 2739 437 1 2740 2740 439 1 2741 2741 439 1 2742 2742 441 1 2743 2743 431 1 2744 2744 440 371 2745 2745 441 373 2746 2746 439 370 2747 2747 430 364 2748 2748 431 363 2749 2749 441 373 2750 2750 432 0 2751 2751 430 0 2752 2752 440 375 2753 2753 440 375 2754 2754 438 613 2755 2755 436 614 2756 2756 436 614 2757 2757 434 374 2758 2758 440 375 2759 2759 444 376 2760 2760 445 380 2761 2761 443 377 2762 2762 446 379 2763 2763 447 382 2764 2764 445 380 2765 2765 448 381 2766 2766 449 384 2767 2767 447 382 2768 2768 450 383 2769 2769 451 386 2770 2770 449 384 2771 2771 443 27 2772 2772 445 27 2773 2773 447 27 2774 2774 447 27 2775 2775 449 27 2776 2776 451 27 2777 2777 451 27 2778 2778 453 27 2779 2779 443 27 2780 2780 452 385 2781 2781 453 387 2782 2782 451 386 2783 2783 452 385 2784 2784 442 378 2785 2785 443 377 2786 2786 444 11 2787 2787 442 11 2788 2788 452 11 2789 2789 452 11 2790 2790 450 11 2791 2791 448 11 2792 2792 448 11 2793 2793 446 11 2794 2794 452 11 2795 2795 456 388 2796 2796 457 392 2797 2797 455 389 2798 2798 458 391 2799 2799 459 394 2800 2800 457 392 2801 2801 458 391 2802 2802 460 395 2803 2803 461 393 2804 2804 460 395 2805 2805 462 401 2806 2806 463 396 2807 2807 455 399 2808 2808 457 615 2809 2809 463 397 2810 2810 457 615 2811 2811 459 1 2812 2812 463 397 2813 2813 459 1 2814 2814 461 1 2815 2815 463 397 2816 2816 464 400 2817 2817 465 402 2818 2818 463 396 2819 2819 454 390 2820 2820 455 389 2821 2821 465 402 2822 2822 456 405 2823 2823 454 0 2824 2824 464 403 2825 2825 464 403 2826 2826 462 446 2827 2827 460 404 2828 2828 460 404 2829 2829 458 616 2830 2830 456 405 2831 2831 468 406 2832 2832 469 354 2833 2833 467 407 2834 2834 470 353 2835 2835 471 410 2836 2836 469 354 2837 2837 472 409 2838 2838 473 412 2839 2839 471 410 2840 2840 474 411 2841 2841 475 414 2842 2842 473 412 2843 2843 467 27 2844 2844 469 27 2845 2845 475 27 2846 2846 469 27 2847 2847 471 27 2848 2848 475 27 2849 2849 471 27 2850 2850 473 27 2851 2851 475 27 2852 2852 476 413 2853 2853 477 361 2854 2854 475 414 2855 2855 476 413 2856 2856 466 408 2857 2857 467 407 2858 2858 468 11 2859 2859 466 11 2860 2860 476 11 2861 2861 476 11 2862 2862 474 11 2863 2863 468 11 2864 2864 474 11 2865 2865 472 11 2866 2866 468 11 2867 2867 480 415 2868 2868 481 419 2869 2869 479 416 2870 2870 482 418 2871 2871 483 421 2872 2872 481 419 2873 2873 484 420 2874 2874 485 423 2875 2875 483 421 2876 2876 486 422 2877 2877 487 425 2878 2878 485 423 2879 2879 479 0 2880 2880 481 0 2881 2881 487 0 2882 2882 481 0 2883 2883 483 0 2884 2884 487 0 2885 2885 483 0 2886 2886 485 0 2887 2887 487 0 2888 2888 488 424 2889 2889 489 426 2890 2890 487 425 2891 2891 478 417 2892 2892 479 416 2893 2893 489 426 2894 2894 480 1 2895 2895 478 1 2896 2896 488 427 2897 2897 488 427 2898 2898 486 617 2899 2899 484 428 2900 2900 484 428 2901 2901 482 1 2902 2902 480 1 2903 2903 492 299 2904 2904 493 303 2905 2905 491 300 2906 2906 494 302 2907 2907 495 305 2908 2908 493 303 2909 2909 496 304 2910 2910 497 307 2911 2911 495 305 2912 2912 498 306 2913 2913 499 310 2914 2914 497 307 2915 2915 491 11 2916 2916 493 11 2917 2917 499 429 2918 2918 493 11 2919 2919 495 618 2920 2920 499 429 2921 2921 495 618 2922 2922 497 619 2923 2923 499 429 2924 2924 500 309 2925 2925 501 311 2926 2926 499 310 2927 2927 490 301 2928 2928 491 300 2929 2929 501 311 2930 2930 492 432 2931 2931 490 620 2932 2932 500 430 2933 2933 500 430 2934 2934 498 27 2935 2935 496 431 2936 2936 496 431 2937 2937 494 27 2938 2938 492 432 2939 2939 504 433 2940 2940 505 436 2941 2941 503 434 2942 2942 506 418 2943 2943 507 421 2944 2944 505 436 2945 2945 508 420 2946 2946 509 423 2947 2947 507 421 2948 2948 510 422 2949 2949 511 425 2950 2950 509 423 2951 2951 503 405 2952 2952 505 621 2953 2953 511 437 2954 2954 505 621 2955 2955 507 0 2956 2956 511 437 2957 2957 507 0 2958 2958 509 0 2959 2959 511 437 2960 2960 512 439 2961 2961 513 440 2962 2962 511 425 2963 2963 502 435 2964 2964 503 434 2965 2965 513 440 2966 2966 504 1 2967 2967 502 1 2968 2968 512 441 2969 2969 512 441 2970 2970 510 622 2971 2971 508 442 2972 2972 508 442 2973 2973 506 1 2974 2974 504 1 2975 2975 516 315 2976 2976 517 318 2977 2977 515 316 2978 2978 518 302 2979 2979 519 305 2980 2980 517 318 2981 2981 520 304 2982 2982 521 307 2983 2983 519 305 2984 2984 522 306 2985 2985 523 310 2986 2986 521 307 2987 2987 515 11 2988 2988 517 11 2989 2989 523 429 2990 2990 517 11 2991 2991 519 618 2992 2992 523 429 2993 2993 519 618 2994 2994 521 619 2995 2995 523 429 2996 2996 524 319 2997 2997 525 320 2998 2998 523 310 2999 2999 514 317 3000 3000 515 316 3001 3001 525 320 3002 3002 516 444 3003 3003 514 623 3004 3004 524 443 3005 3005 524 443 3006 3006 522 27 3007 3007 520 431 3008 3008 520 431 3009 3009 518 27 3010 3010 516 444 3011 3011 528 433 3012 3012 529 436 3013 3013 527 434 3014 3014 530 418 3015 3015 531 421 3016 3016 529 436 3017 3017 532 420 3018 3018 533 423 3019 3019 531 421 3020 3020 534 422 3021 3021 535 425 3022 3022 533 423 3023 3023 527 447 3024 3024 529 621 3025 3025 535 445 3026 3026 529 621 3027 3027 531 0 3028 3028 535 445 3029 3029 531 0 3030 3030 533 0 3031 3031 535 445 3032 3032 536 439 3033 3033 537 440 3034 3034 535 425 3035 3035 526 435 3036 3036 527 434 3037 3037 537 440 3038 3038 528 1 3039 3039 526 1 3040 3040 536 441 3041 3041 536 441 3042 3042 534 622 3043 3043 532 442 3044 3044 532 442 3045 3045 530 1 3046 3046 528 1 3047 3047 540 323 3048 3048 541 303 3049 3049 539 324 3050 3050 542 302 3051 3051 543 327 3052 3052 541 303 3053 3053 544 326 3054 3054 545 329 3055 3055 543 327 3056 3056 546 328 3057 3057 547 310 3058 3058 545 329 3059 3059 539 11 3060 3060 541 11 3061 3061 547 429 3062 3062 541 11 3063 3063 543 618 3064 3064 547 429 3065 3065 543 618 3066 3066 545 619 3067 3067 547 429 3068 3068 548 330 3069 3069 549 331 3070 3070 547 310 3071 3071 538 325 3072 3072 539 324 3073 3073 549 331 3074 3074 540 444 3075 3075 538 623 3076 3076 548 443 3077 3077 548 443 3078 3078 546 27 3079 3079 544 431 3080 3080 544 431 3081 3081 542 27 3082 3082 540 444 3083 3083 552 448 3084 3084 553 452 3085 3085 551 449 3086 3086 554 451 3087 3087 555 454 3088 3088 553 452 3089 3089 556 453 3090 3090 557 456 3091 3091 555 454 3092 3092 558 455 3093 3093 559 458 3094 3094 557 456 3095 3095 551 11 3096 3096 553 11 3097 3097 559 308 3098 3098 553 11 3099 3099 555 608 3100 3100 559 308 3101 3101 555 608 3102 3102 557 609 3103 3103 559 308 3104 3104 560 457 3105 3105 561 459 3106 3106 559 458 3107 3107 550 450 3108 3108 551 449 3109 3109 561 459 3110 3110 552 314 3111 3111 550 610 3112 3112 560 312 3113 3113 560 312 3114 3114 558 27 3115 3115 556 313 3116 3116 556 313 3117 3117 554 27 3118 3118 552 314 3119 3119 564 460 3120 3120 565 464 3121 3121 563 461 3122 3122 566 463 3123 3123 567 466 3124 3124 565 464 3125 3125 566 463 3126 3126 568 467 3127 3127 569 465 3128 3128 568 467 3129 3129 570 473 3130 3130 571 468 3131 3131 563 471 3132 3132 565 1 3133 3133 571 469 3134 3134 565 1 3135 3135 567 1 3136 3136 571 469 3137 3137 567 1 3138 3138 569 1 3139 3139 571 469 3140 3140 572 472 3141 3141 573 474 3142 3142 571 468 3143 3143 562 462 3144 3144 563 461 3145 3145 573 474 3146 3146 564 477 3147 3147 562 0 3148 3148 572 475 3149 3149 572 475 3150 3150 570 624 3151 3151 568 476 3152 3152 568 476 3153 3153 566 625 3154 3154 564 477 3155 3155 576 478 3156 3156 577 482 3157 3157 575 479 3158 3158 578 481 3159 3159 579 484 3160 3160 577 482 3161 3161 580 483 3162 3162 581 486 3163 3163 579 484 3164 3164 582 485 3165 3165 583 488 3166 3166 581 486 3167 3167 575 27 3168 3168 577 27 3169 3169 583 27 3170 3170 577 27 3171 3171 579 27 3172 3172 583 27 3173 3173 579 27 3174 3174 581 27 3175 3175 583 27 3176 3176 584 487 3177 3177 585 489 3178 3178 583 488 3179 3179 584 487 3180 3180 574 480 3181 3181 575 479 3182 3182 576 11 3183 3183 574 11 3184 3184 584 11 3185 3185 584 11 3186 3186 582 11 3187 3187 576 11 3188 3188 582 11 3189 3189 580 11 3190 3190 576 11 3191 3191 588 415 3192 3192 589 419 3193 3193 587 416 3194 3194 590 418 3195 3195 591 421 3196 3196 589 419 3197 3197 592 420 3198 3198 593 423 3199 3199 591 421 3200 3200 594 422 3201 3201 595 425 3202 3202 593 423 3203 3203 587 0 3204 3204 589 0 3205 3205 595 0 3206 3206 589 0 3207 3207 591 0 3208 3208 595 0 3209 3209 591 0 3210 3210 593 0 3211 3211 595 0 3212 3212 596 424 3213 3213 597 426 3214 3214 595 425 3215 3215 586 417 3216 3216 587 416 3217 3217 597 426 3218 3218 588 1 3219 3219 586 1 3220 3220 596 490 3221 3221 596 490 3222 3222 594 626 3223 3223 592 491 3224 3224 592 491 3225 3225 590 1 3226 3226 588 1 3227 3227 600 448 3228 3228 601 452 3229 3229 599 449 3230 3230 602 451 3231 3231 603 454 3232 3232 601 452 3233 3233 604 453 3234 3234 605 456 3235 3235 603 454 3236 3236 606 455 3237 3237 607 458 3238 3238 605 456 3239 3239 599 11 3240 3240 601 11 3241 3241 607 429 3242 3242 601 11 3243 3243 603 618 3244 3244 607 429 3245 3245 603 618 3246 3246 605 619 3247 3247 607 429 3248 3248 608 457 3249 3249 609 459 3250 3250 607 458 3251 3251 598 450 3252 3252 599 449 3253 3253 609 459 3254 3254 600 432 3255 3255 598 620 3256 3256 608 430 3257 3257 608 430 3258 3258 606 27 3259 3259 604 431 3260 3260 604 431 3261 3261 602 27 3262 3262 600 432 3263 3263 612 448 3264 3264 613 452 3265 3265 611 449 3266 3266 614 492 3267 3267 615 494 3268 3268 613 452 3269 3269 616 493 3270 3270 617 496 3271 3271 615 494 3272 3272 618 495 3273 3273 619 498 3274 3274 617 496 3275 3275 611 11 3276 3276 613 11 3277 3277 619 308 3278 3278 613 11 3279 3279 615 608 3280 3280 619 308 3281 3281 615 608 3282 3282 617 609 3283 3283 619 308 3284 3284 620 497 3285 3285 621 459 3286 3286 619 498 3287 3287 610 450 3288 3288 611 449 3289 3289 621 459 3290 3290 612 314 3291 3291 610 610 3292 3292 620 312 3293 3293 620 312 3294 3294 618 27 3295 3295 616 313 3296 3296 616 313 3297 3297 614 27 3298 3298 612 314 3299 3299 624 499 3300 3300 625 503 3301 3301 623 500 3302 3302 626 502 3303 3303 627 505 3304 3304 625 503 3305 3305 626 502 3306 3306 628 506 3307 3307 629 504 3308 3308 628 506 3309 3309 630 512 3310 3310 631 507 3311 3311 623 510 3312 3312 625 1 3313 3313 631 508 3314 3314 625 1 3315 3315 627 1 3316 3316 631 508 3317 3317 627 1 3318 3318 629 1 3319 3319 631 508 3320 3320 632 511 3321 3321 633 513 3322 3322 631 507 3323 3323 622 501 3324 3324 623 500 3325 3325 633 513 3326 3326 624 515 3327 3327 622 0 3328 3328 632 475 3329 3329 632 475 3330 3330 630 624 3331 3331 628 514 3332 3332 628 514 3333 3333 626 616 3334 3334 624 515 3335 3335 636 478 3336 3336 637 482 3337 3337 635 479 3338 3338 638 516 3339 3339 639 518 3340 3340 637 482 3341 3341 640 517 3342 3342 641 520 3343 3343 639 518 3344 3344 642 519 3345 3345 643 522 3346 3346 641 520 3347 3347 635 27 3348 3348 637 27 3349 3349 643 27 3350 3350 637 27 3351 3351 639 27 3352 3352 643 27 3353 3353 639 27 3354 3354 641 27 3355 3355 643 27 3356 3356 644 521 3357 3357 645 489 3358 3358 643 522 3359 3359 644 521 3360 3360 634 480 3361 3361 635 479 3362 3362 636 11 3363 3363 634 11 3364 3364 644 11 3365 3365 644 11 3366 3366 642 11 3367 3367 636 11 3368 3368 642 11 3369 3369 640 11 3370 3370 636 11 3371 3371 648 415 3372 3372 649 419 3373 3373 647 416 3374 3374 650 418 3375 3375 651 421 3376 3376 649 419 3377 3377 652 420 3378 3378 653 423 3379 3379 651 421 3380 3380 654 422 3381 3381 655 425 3382 3382 653 423 3383 3383 647 0 3384 3384 649 0 3385 3385 655 0 3386 3386 649 0 3387 3387 651 0 3388 3388 655 0 3389 3389 651 0 3390 3390 653 0 3391 3391 655 0 3392 3392 656 424 3393 3393 657 426 3394 3394 655 425 3395 3395 646 417 3396 3396 647 416 3397 3397 657 426 3398 3398 648 1 3399 3399 646 1 3400 3400 656 490 3401 3401 656 490 3402 3402 654 626 3403 3403 652 491 3404 3404 652 491 3405 3405 650 1 3406 3406 648 1 3407 3407 660 448 3408 3408 661 452 3409 3409 659 449 3410 3410 662 492 3411 3411 663 494 3412 3412 661 452 3413 3413 664 493 3414 3414 665 496 3415 3415 663 494 3416 3416 666 495 3417 3417 667 498 3418 3418 665 496 3419 3419 659 11 3420 3420 661 11 3421 3421 667 429 3422 3422 661 11 3423 3423 663 618 3424 3424 667 429 3425 3425 663 618 3426 3426 665 619 3427 3427 667 429 3428 3428 668 497 3429 3429 669 459 3430 3430 667 498 3431 3431 658 450 3432 3432 659 449 3433 3433 669 459 3434 3434 660 432 3435 3435 658 620 3436 3436 668 430 3437 3437 668 430 3438 3438 666 27 3439 3439 664 431 3440 3440 664 431 3441 3441 662 27 3442 3442 660 432 3443 3443 704 18 3471 3471 705 18 3472 3472 702 18 3473 3473 701 523 3474 3474 704 553 3475 3475 703 524 3476 3476 711 535 3477 3477 723 11 3478 3478 709 11 3479 3479 723 11 3480 3480 702 526 3481 3481 709 11 3482 3482 700 528 3483 3483 698 527 3484 3484 702 526 3485 3485 709 11 3486 3486 698 527 3487 3487 700 528 3488 3488 721 531 3489 3489 710 536 3490 3490 708 530 3491 3491 708 530 3492 3492 700 528 3493 3493 705 529 3494 3494 703 524 3495 3495 724 27 3496 3496 706 27 3497 3497 724 27 3498 3498 725 27 3499 3499 706 27 3500 3500 722 532 3501 3501 721 541 3502 3502 705 533 3503 3503 706 27 3504 3504 707 27 3505 3505 701 523 3506 3506 723 0 3507 3507 724 0 3508 3508 703 0 3509 3509 711 535 3510 3510 709 11 3511 3511 708 530 3512 3512 712 27 3513 3513 707 27 3514 3514 706 27 3515 3515 712 2 3516 3516 725 2 3517 3517 711 2 3518 3518 725 537 3519 3519 714 1 3520 3520 713 538 3521 3521 719 540 3522 3522 720 1 3523 3523 721 541 3524 3524 719 2 3525 3525 718 2 3526 3526 717 2 3527 3527 717 0 3528 3528 718 0 3529 3529 724 0 3530 3530 714 542 3531 3531 718 551 3532 3532 719 543 3533 3533 710 545 3534 3534 715 627 3535 3535 716 546 3536 3536 715 548 3537 3537 720 552 3538 3538 717 549 3539 3539 715 18 3540 3540 713 18 3541 3541 714 18 3542 3542 714 542 3543 3543 725 27 3544 3544 724 27 3545 3545 716 544 3546 3546 719 543 3547 3547 722 27 3548 3548 713 550 3549 3549 717 549 3550 3550 723 11 3551 3551 715 548 3552 3552 710 536 3553 3553 721 531 3554 3554 707 27 3555 3555 712 27 3556 3556 722 27 3557 3557 722 27 3558 3558 704 553 3559 3559 707 27 3560 3560 739 1 3570 3570 741 1 3571 3571 755 1 3572 3572 741 11 3573 3573 745 11 3574 3574 756 11 3575 3575 745 554 3576 3576 743 628 3577 3577 757 555 3578 3578 743 27 3579 3579 739 27 3580 3580 754 27 3581 3581 745 2 3582 3582 741 2 3583 3583 739 2 3584 3584 747 557 3585 3585 749 1 3586 3586 759 558 3587 3587 749 11 3588 3588 753 11 3589 3589 760 11 3590 3590 753 560 3591 3591 751 629 3592 3592 761 561 3593 3593 751 27 3594 3594 747 27 3595 3595 758 27 3596 3596 753 2 3597 3597 749 2 3598 3598 747 2 3599 3599</p>
        </triangles>
        <triangles material="m_plastic_01-material" count="8">
          <input semantic="VERTEX" source="#Cube_002-mesh-vertices" offset="0"/>
          <input semantic="NORMAL" source="#Cube_002-mesh-normals" offset="1"/>
          <input semantic="TEXCOORD" source="#Cube_002-mesh-map-0" offset="2" set="0"/>
          <input semantic="TEXCOORD" source="#Cube_002-mesh-map-1" offset="2" set="1"/>
          <input semantic="COLOR" source="#Cube_002-mesh-colors-Attribute" offset="3" set="0"/>
          <p>671 27 1365 1365 679 27 1366 1366 678 27 1367 1367 673 11 1368 1368 680 11 1369 1369 681 11 1370 1370 676 27 1371 1371 697 27 1372 1372 696 27 1373 1373 675 11 1374 1374 694 11 1375 1375 695 11 1376 1376 671 27 3444 3444 672 27 3445 3445 679 27 3446 3446 673 11 3447 3447 670 11 3448 3448 680 11 3449 3449 676 27 3450 3450 677 27 3451 3451 697 27 3452 3452 675 11 3453 3453 674 11 3454 3454 694 11 3455 3455</p>
        </triangles>
        <triangles material="m_bus_routes_wca-material" count="4">
          <input semantic="VERTEX" source="#Cube_002-mesh-vertices" offset="0"/>
          <input semantic="NORMAL" source="#Cube_002-mesh-normals" offset="1"/>
          <input semantic="TEXCOORD" source="#Cube_002-mesh-map-0" offset="2" set="0"/>
          <input semantic="TEXCOORD" source="#Cube_002-mesh-map-1" offset="2" set="1"/>
          <input semantic="COLOR" source="#Cube_002-mesh-colors-Attribute" offset="3" set="0"/>
          <p>678 27 1377 1377 677 27 1378 1378 676 27 1379 1379 681 11 1380 1380 674 11 1381 1381 675 11 1382 1382 678 27 3456 3456 679 27 3457 3457 677 27 3458 3458 681 11 3459 3459 680 11 3460 3460 674 11 3461 3461</p>
        </triangles>
        <triangles material="m_billboardsigns_dealers-material" count="32">
          <input semantic="VERTEX" source="#Cube_002-mesh-vertices" offset="0"/>
          <input semantic="NORMAL" source="#Cube_002-mesh-normals" offset="1"/>
          <input semantic="TEXCOORD" source="#Cube_002-mesh-map-0" offset="2" set="0"/>
          <input semantic="TEXCOORD" source="#Cube_002-mesh-map-1" offset="2" set="1"/>
          <input semantic="COLOR" source="#Cube_002-mesh-colors-Attribute" offset="3" set="0"/>
          <p>766 11 1533 1533 764 11 1534 1534 763 11 1535 1535 765 11 1536 1536 768 11 1537 1537 769 11 1538 1538 772 11 1539 1539 771 11 1540 1540 770 11 1541 1541 776 11 1542 1542 775 11 1543 1543 774 11 1544 1544 782 27 1545 1545 780 27 1546 1546 779 27 1547 1547 781 27 1548 1548 784 27 1549 1549 785 27 1550 1550 788 27 1551 1551 787 27 1552 1552 786 27 1553 1553 792 27 1554 1554 791 27 1555 1555 790 27 1556 1556 766 11 3624 3624 767 11 3625 3625 764 11 3626 3626 765 11 3627 3627 762 11 3628 3628 768 11 3629 3629 772 11 3630 3630 773 11 3631 3631 771 11 3632 3632 776 11 3633 3633 777 11 3634 3634 775 11 3635 3635 782 27 3636 3636 783 27 3637 3637 780 27 3638 3638 781 27 3639 3639 778 27 3640 3640 784 27 3641 3641 788 27 3642 3642 789 27 3643 3643 787 27 3644 3644 792 27 3645 3645 793 27 3646 3646 791 27 3647 3647 802 27 3654 1386 803 27 3655 1386 804 27 3656 1386 802 27 3654 1386 804 27 3656 1386 805 27 3657 1386 806 27 3658 1386 807 27 3659 1386 808 27 3660 1386 806 27 3658 1386 808 27 3660 1386 809 27 3661 1386 810 27 3662 1386 811 27 3663 1386 812 27 3664 1386 810 27 3662 1386 812 27 3664 1386 813 27 3665 1386 814 27 3666 1386 815 27 3667 1386 816 27 3668 1386 814 27 3666 1386 816 27 3668 1386 817 27 3669 1386 818 11 3670 1473 819 11 3671 1473 820 11 3672 1473 818 11 3670 1473 820 11 3672 1473 821 11 3673 1473 822 11 3674 1473 823 11 3675 1473 824 11 3676 1473 822 11 3674 1473 824 11 3676 1473 825 11 3677 1473 826 11 3678 1473 827 11 3679 1473 828 11 3680 1473 826 11 3678 1473 828 11 3680 1473 829 11 3681 1473 830 11 3682 1473 831 11 3683 1473 832 11 3684 1473 830 11 3682 1473 832 11 3684 1473 833 11 3685 1473</p>
        </triangles>
        <triangles material="m_sign_busstop-material" count="4">
          <input semantic="VERTEX" source="#Cube_002-mesh-vertices" offset="0"/>
          <input semantic="NORMAL" source="#Cube_002-mesh-normals" offset="1"/>
          <input semantic="TEXCOORD" source="#Cube_002-mesh-map-0" offset="2" set="0"/>
          <input semantic="TEXCOORD" source="#Cube_002-mesh-map-1" offset="2" set="1"/>
          <input semantic="COLOR" source="#Cube_002-mesh-colors-Attribute" offset="3" set="0"/>
          <p>800 27 1557 1557 795 27 1558 1558 794 27 1559 1559 799 11 1560 1560 796 11 1561 1561 797 11 1562 1562 800 27 3648 3648 801 27 3649 3649 795 27 3650 3650 799 11 3651 3651 798 11 3652 3652 796 11 3653 3653</p>
        </triangles>
        <triangles material="ind_concrete-material" count="16">
          <input semantic="VERTEX" source="#Cube_002-mesh-vertices" offset="0"/>
          <input semantic="NORMAL" source="#Cube_002-mesh-normals" offset="1"/>
          <input semantic="TEXCOORD" source="#Cube_002-mesh-map-0" offset="2" set="0"/>
          <input semantic="TEXCOORD" source="#Cube_002-mesh-map-1" offset="2" set="1"/>
          <input semantic="COLOR" source="#Cube_002-mesh-colors-Attribute" offset="3" set="0"/>
          <p>757 27 1509 1509 738 27 1510 1510 742 27 1511 1511 756 556 1512 1512 742 563 1513 1513 744 563 1514 1514 755 11 1515 1515 744 11 1516 1516 740 11 1517 1517 754 1 1518 1518 740 1 1519 1519 738 1 1520 1520 761 27 1521 1521 746 27 1522 1522 750 27 1523 1523 760 562 1524 1524 750 564 1525 1525 752 0 1526 1526 759 11 1527 1527 752 11 1528 1528 748 11 1529 1529 758 559 1530 1530 748 565 1531 1531 746 566 1532 1532 757 27 3600 3600 754 27 3601 3601 738 27 3602 3602 756 556 3603 3603 757 555 3604 3604 742 563 3605 3605 755 11 3606 3606 756 11 3607 3607 744 11 3608 3608 754 1 3609 3609 755 1 3610 3610 740 1 3611 3611 761 27 3612 3612 758 27 3613 3613 746 27 3614 3614 760 562 3615 3615 761 561 3616 3616 750 564 3617 3617 759 11 3618 3618 760 11 3619 3619 752 11 3620 3620 758 559 3621 3621 759 558 3622 3622 748 565 3623 3623</p>
        </triangles>
      </mesh>
    </geometry>
    <geometry id="Cube_006-mesh" name="Cube.006">
      <mesh>
        <source id="Cube_006-mesh-positions">
          <float_array id="Cube_006-mesh-positions-array" count="738">-0.0560165 -0.01949083 0.02308297 -0.0560165 -0.01949083 0.2407827 -0.0560165 0.02011072 0.2407827 -0.0560165 0.02011072 0.02308297 -0.01917326 0.02011072 0.02308297 -0.01917326 -0.01949083 0.02308297 -0.01917326 -0.01949083 0.2407827 -0.01917326 0.02011072 0.2407827 -0.01831293 -0.01931607 0.05225765 -0.01831281 -0.01931607 2.434262 -0.01831293 -0.06433737 0.05225765 -0.06333959 -0.01931607 2.434262 -0.06333965 -0.01931607 0.05225765 -0.01831287 -0.06433737 2.434262 -0.02331292 -0.02431619 0.05225765 -0.02331286 -0.02431619 2.434262 -0.02331292 -0.06433737 0.05225765 -0.06333959 -0.02431619 2.434262 -0.06333965 -0.02431619 0.05225765 -0.02331286 -0.06433737 2.434262 -0.01831316 0.01986587 0.05225765 -0.01831316 0.01986563 2.434262 -0.06333857 0.01986587 0.05225765 -0.01831316 0.05856049 2.434262 -0.01831316 0.05856049 0.05225765 -0.06333869 0.01986563 2.434262 -0.02331322 0.02486574 0.05225765 -0.02331322 0.02486574 2.434262 -0.06333857 0.02486574 0.05225765 -0.02331322 0.05856049 2.434262 -0.02331322 0.05856049 0.05225765 -0.06333869 0.02486574 2.434262 0.6391139 -0.02080702 0.02484917 0.6391139 -0.02080702 0.2407827 0.5255026 -0.02080702 0.02484917 0.5255026 -0.02080702 0.2407827 0.6391139 0.02165102 0.02484917 0.5255026 0.02165102 0.2407827 0.6391139 0.02165102 0.2407827 0.5255026 0.02165102 0.02484917 0.6027012 -0.05640554 0.02484917 0.6027012 -0.05640554 0.2407827 0.6027012 -0.02080702 0.2407827 0.6027012 0.02165102 0.2407827 0.5601641 -0.05640554 0.2407827 0.5601641 0.02165102 0.02538269 0.5601641 -0.02080702 0.2407827 0.5601641 0.02165102 0.2407827 0.5601641 -0.05640554 0.02484917 0.6027012 0.02165102 0.02538269 0.6016508 -0.01931715 0.02579736 0.6016507 -0.01931715 2.527003 0.6016508 -0.06433844 0.02579736 0.6466871 -0.01931715 2.527003 0.6466871 -0.01931715 0.02579736 0.6016508 -0.06433844 2.527003 0.6066508 -0.02431726 0.02579736 0.6066507 -0.02431726 2.527003 0.6066508 -0.06433844 0.02579736 0.6466871 -0.02431726 2.527003 0.6466871 -0.02431726 0.02579736 0.6066507 -0.06433844 2.527003 0.5632062 -0.01931715 0.02579736 0.5632063 -0.01931715 2.527003 0.5632062 -0.06433844 0.02579736 0.5181797 -0.01931715 2.527003 0.5181797 -0.01931715 0.02579736 0.5632063 -0.06433844 2.527003 0.5582063 -0.02431726 0.02579736 0.5582063 -0.02431726 2.527003 0.5582063 -0.06433844 0.02579736 0.5181797 -0.02431726 2.527003 0.5181797 -0.02431726 0.02579736 0.5582063 -0.06433844 2.527003 0.562869 0.01986479 0.02579736 0.562869 0.01986455 2.527003 0.517834 0.01986479 0.02579736 0.562869 0.06489372 2.527003 0.562869 0.06489372 0.02579736 0.5178338 0.01986455 2.527003 0.557869 0.02486467 0.02579736 0.557869 0.02486467 2.527003 0.5178339 0.02486467 0.02579736 0.557869 0.06489372 2.527003 0.557869 0.06489372 0.02579736 0.5178338 0.02486467 2.527003 0.6013141 0.01986479 0.02579736 0.6013141 0.01986455 2.527003 0.6463395 0.01986479 0.02579736 0.6013141 0.06489372 2.527003 0.6013141 0.06489372 0.02579736 0.6463396 0.01986455 2.527003 0.6063141 0.02486467 0.02579736 0.6063141 0.02486467 2.527003 0.6463395 0.02486467 0.02579736 0.6063141 0.06489372 2.527003 0.6063141 0.06489372 0.02579736 0.6463396 0.02486467 2.527003 0.7075024 0.01960039 2.434995 -0.7126248 0.01960027 2.434995 0.7075024 0.01960039 2.340362 -0.7126248 0.01960027 2.340362 0.7075024 -0.01909303 2.340362 0.7075024 -0.01909303 2.434995 -0.7126248 -0.01909315 2.434995 -0.7126248 -0.01909315 2.340362 -0.6005479 -0.01936459 2.340299 -0.6005479 -0.01936435 2.527003 -0.6455734 -0.01936459 2.340299 -0.6005479 -0.06440305 2.527003 -0.6005479 -0.06440305 2.340299 -0.6455735 -0.01936435 2.527003 -0.6005477 0.01981735 2.340299 -0.6005476 0.01981735 2.527003 -0.6005477 0.06481218 2.340299 -0.6455743 0.01981735 2.527003 -0.6455743 0.01981735 2.340299 -0.6005477 0.06481218 2.527003 -0.6055479 -0.02436447 2.340299 -0.6055479 -0.02436447 2.527003 -0.6455734 -0.02436447 2.340299 -0.6055479 -0.06440305 2.527003 -0.6055479 -0.06440305 2.340299 -0.6455735 -0.02436447 2.527003 -0.6055477 0.02481746 2.340299 -0.6055476 0.02481746 2.527003 -0.6055477 0.06481218 2.340299 -0.6455743 0.02481746 2.527003 -0.6455743 0.02481746 2.340299 -0.6055476 0.06481218 2.527003 -0.5621028 -0.01936459 2.340299 -0.5621028 -0.01936435 2.527003 -0.517071 -0.01936459 2.340299 -0.5621028 -0.06440305 2.527003 -0.5621028 -0.06440305 2.340299 -0.5170709 -0.01936435 2.527003 -0.562103 0.01981735 2.340299 -0.5621032 0.01981735 2.527003 -0.562103 0.06481218 2.340299 -0.5170701 0.01981735 2.527003 -0.5170699 0.01981735 2.340299 -0.5621032 0.06481218 2.527003 -0.5571028 -0.02436447 2.340299 -0.5571028 -0.02436447 2.527003 -0.517071 -0.02436447 2.340299 -0.5571028 -0.06440305 2.527003 -0.5571028 -0.06440305 2.340299 -0.5170709 -0.02436447 2.527003 -0.557103 0.02481746 2.340299 -0.5571032 0.02481746 2.527003 -0.557103 0.06481218 2.340299 -0.5170701 0.02481746 2.527003 -0.5170699 0.02481746 2.340299 -0.5571032 0.06481218 2.527003 0.01642251 -0.07720685 1.969048 0.01642251 0.07199764 1.969048 0.4837483 0.07199764 1.969048 0.4837483 -0.07720685 1.969048 0.01642251 -0.07720685 1.41034 0.4837483 -0.07720685 1.41034 0.01642251 0.07199764 1.41034 0.4837483 0.07199764 1.41034 0.01642251 0.07199764 1.910971 0.4837483 0.07199764 1.910971 0.01642251 -0.07720685 1.910971 0.4837483 -0.07720685 1.910971 0.4367986 0.07252085 1.953245 0.4367986 0.07252085 1.925355 0.350912 0.07252085 1.925355 0.350912 0.07252085 1.953245 0.01642251 -0.07720685 1.352249 0.4837483 -0.07720685 1.352249 0.01642251 0.07199764 1.352249 0.4837483 0.07199764 1.352249 0.01642251 -0.08483469 0.7066307 0.01642251 0.07962548 0.7066307 0.4837483 -0.08483469 0.7066307 0.4837483 0.07962548 0.7066307 -0.01821416 -0.08483469 0.671994 -0.01821416 0.07962548 0.671994 0.518385 0.07962548 0.671994 0.5183851 -0.08483469 0.671994 0.01642251 0.07962548 1.086424 0.4837483 0.07962548 1.086424 0.4837483 -0.08483469 1.086424 0.01642251 -0.08483469 1.086424 0.4837523 -0.08483469 1.121663 0.01642465 -0.08483469 1.121663 0.4837473 0.07962548 1.121663 0.01642251 -0.08483469 1.969048 0.01642251 0.07962548 1.969048 0.4837483 -0.08483469 1.969048 0.4837483 0.07962548 1.969048 -0.01821416 -0.08483469 2.003684 -0.01821416 0.07962548 2.003684 0.518385 0.07962548 2.003684 0.5183851 -0.08483469 2.003684 0.5183851 -0.08483469 1.121663 0.518385 0.07962548 1.121663 -0.01821416 -0.08483469 1.121663 -0.01821416 0.07962548 1.121663 0.01642251 0.07962548 1.121663 0.06465184 -0.07748472 1.95329 0.06465184 -0.07748472 1.925399 0.1505385 -0.07748472 1.925399 0.1505385 -0.07748472 1.95329 -0.007464826 0.0669918 -0.2619171 -0.007464826 0.0669918 0.02548146 -0.007464826 -0.0695585 -0.2619171 -0.007464826 -0.0695585 0.02548146 -0.06827807 0.0669918 -0.2619171 -0.06827807 0.0669918 0.02548146 -0.06827801 -0.0695585 -0.2619171 -0.06827801 -0.0695585 0.02548146 0.6516159 0.06699061 -0.2619171 0.6516159 0.06699061 0.02548146 0.651616 -0.06955957 -0.2619171 0.651616 -0.06955957 0.02548146 0.5132411 0.06699061 -0.2619171 0.5132411 0.06699061 0.02548146 0.5132412 -0.06955957 -0.2619171 0.5132412 -0.06955957 0.02548146 -0.007464826 0.0669918 -0.01044332 -0.007464826 -0.0695585 -0.01044332 -0.06827801 -0.0695585 -0.01044332 -0.06827807 0.0669918 -0.01044332 0.6516159 0.06699061 -0.01044332 0.651616 -0.06955957 -0.01044332 0.5132412 -0.06955957 -0.01044332 0.5132411 0.06699061 -0.01044332 0.06461912 -0.07748162 1.395472 0.06461912 -0.07748162 1.367581 0.155645 -0.07748162 1.367581 0.155645 -0.07748162 1.395472 0.4367531 0.07210481 1.395472 0.4367531 0.07210481 1.367581 0.3457272 0.07210481 1.367581 0.3457272 0.07210481 1.395472 0.01642251 0.07199764 1.11414 0.4837483 0.07199764 1.11414 0.01642251 -0.07720685 1.120216 0.4837483 -0.07720685 1.120216 0.01642251 -0.07720685 1.352249 0.4837483 -0.07720685 1.352249 0.01642251 0.07199764 1.352249 0.4837483 0.07199764 1.352249</float_array>
          <technique_common>
            <accessor source="#Cube_006-mesh-positions-array" count="246" stride="3">
              <param name="X" type="float"/>
              <param name="Y" type="float"/>
              <param name="Z" type="float"/>
            </accessor>
          </technique_common>
        </source>
        <source id="Cube_006-mesh-normals">
          <float_array id="Cube_006-mesh-normals-array" count="438">-1 0 0 1 0 0 0 0 1 0 1 0 0 1 0 0 1 0 1 -1.30415e-6 0 1 0 0 1 -1.32003e-6 0 0 -1 0 0 -1 0 0 -1 0 -1 -7.80716e-7 0 -1 -7.04232e-7 0 -1 -7.03396e-7 0 0 1 0 0 -1 0 0 -1 0 0 -1 0 0 1 0 0 1 0 -1 0 0 -1 -2.093e-6 0 -1 -2.11725e-6 0 0 -1 0 0 -1 0 0 -1 0 1 0 0 1 0 0 0 1 0 0 1 0 0 1 0 1 0 0 1 0 0 0 -1 0 0 -1 0 0 -1 0 0 1 0 0 1 0 0 -1 0 0 -1 0 0 -1 0 0 1 0 0 1 0 0 -1 0 0 -1 0 -1.42983e-7 0 -1 2.63872e-7 0 -1 2.71179e-7 0 -1 0 0 1 0 0 1 0 1 -1.27003e-6 0 1 -1.27333e-6 0 1 -1.26931e-6 1 2.67006e-7 0 1 1.50678e-6 -5.4238e-7 1 1.77379e-6 -6.38491e-7 0 -1 0 0 -1 0 -1 0 6.3849e-7 -1 0 6.38491e-7 -1 0 6.3849e-7 0 1 -1.26985e-6 0 1 -1.27315e-6 0 1 -1.27387e-6 0 -1 0 0 -1 0 -1 0 -6.38491e-7 -1 0 -6.38492e-7 -1 0 -6.38491e-7 0 -1 0 0 -1 0 0 -1 0 0 1 0 0 1 0 0 1 0 1 0 6.38491e-7 1 0 6.3849e-7 1 0 6.3849e-7 0 0 -1 0 1 1.40253e-7 0 1 -2.18634e-7 0 1 -1.94185e-7 0 -1 0 0 -1 0 0 -1 1.46244e-7 0 -1 2.00438e-7 0 -1 0 0 -1 0 1 5.00861e-7 0 1 6.26086e-7 0 1 8.05983e-7 0 0 -1 0 0 -1 0 1 1.14532e-5 2.22326e-6 1 1.59166e-6 3.08968e-7 1 1.30448e-5 2.53222e-6 1 0 0 1 3.62688e-7 0 0 1 -1.87006e-7 0 1 2.1863e-7 0 1 2.58914e-7 -1 -2.66615e-5 3.77921e-7 -1 -3.70517e-6 -4.03558e-6 -1 -3.03667e-5 1.09026e-6 0 -1 -1.94995e-7 0 -1 0 0 -1 0 0 1 -2.00435e-7 0 -1 -2.00434e-7 0 1 2.00438e-7 -1 -2.05395e-7 0 -1 -2.43102e-7 0 -1 -2.03412e-7 0 1 6.35048e-7 0 1 0 0 1 5.17131e-7 0 -1 -1.24356e-7 0 -1 -7.51472e-7 0 -1 -2.96516e-7 0 -1 -2.16972e-7 0 -1 -2.74853e-7 0 1 5.93038e-7 0 1 8.67891e-7 0 1 0 0 0 -1 0 -1 -7.81552e-7 0 0 -1 0 0 1 0 1 0 0 1 0 0 0 -1 0 0 1 0 0 -1 0 -1.5029e-7 0 -1 0 0 1 0 1 -1.27404e-6 0 -1 0 -1 0 6.38492e-7 0 1 -1.26913e-6 0 -1 0 -1 0 -6.38492e-7 1 0 6.38492e-7 -1 0 -4.74792e-6 -1 -2.84776e-7 0 -1 -7.59404e-7 0</float_array>
          <technique_common>
            <accessor source="#Cube_006-mesh-normals-array" count="146" stride="3">
              <param name="X" type="float"/>
              <param name="Y" type="float"/>
              <param name="Z" type="float"/>
            </accessor>
          </technique_common>
        </source>
        <source id="Cube_006-mesh-map-0">
          <float_array id="Cube_006-mesh-map-0-array" count="1404">0.4730457 0.8503506 0.5946005 0.8287587 0.5946005 0.8503506 0.4730457 0.8287587 0.5946005 0.8503506 0.4730457 0.8503506 0.531303 0.8499678 0.509975 0.8291415 0.531303 0.8291415 1.71082 0.6825035 -0.6711094 0.638591 1.71082 0.638591 -0.6707222 0.638591 1.711208 0.6825035 -0.6707223 0.6825036 -0.6757596 0.6825036 1.70617 0.638591 1.70617 0.6825035 1.70617 0.638591 -0.6757605 0.6825036 -0.6757605 0.638591 0.4752005 0.8291415 0.5924458 0.8499678 0.4752005 0.8499678 0.5924458 0.8291415 0.4752005 0.8499678 0.4752005 0.8291415 1.71082 0.6825035 -0.6709969 0.638591 1.71082 0.638591 -0.6709969 0.638591 1.71082 0.6825035 -0.6709969 0.6825036 -0.6656258 0.6825036 1.716191 0.638591 1.716191 0.6825035 1.70617 0.638591 -0.675647 0.6825036 -0.675647 0.638591 0.4432032 0.8502507 0.5747034 0.8290257 0.5747034 0.8502507 0.2035107 0.7254107 0.2276725 0.7424209 0.2035107 0.7424209 0.4432035 0.8502506 0.574703 0.8290254 0.574703 0.8502506 0.2035107 0.7424209 0.2276725 0.7622919 0.2035107 0.7622919 0.1832525 0.7424209 0.2035107 0.7622919 0.1832525 0.7622919 0.2276725 0.7424209 0.2276725 0.7622919 0.2276725 0.7622919 0.2035107 0.7622919 0.2276725 0.7784838 0.2035107 0.7784838 0.4432032 0.8502511 0.5747033 0.8289865 0.5747033 0.8502511 -0.6282001 0.6832968 1.872679 0.6382662 1.872679 0.6832963 1.872679 0.6382815 -0.6282003 0.6832968 -0.6282003 0.6382815 2.198393 0.6834121 -0.302487 0.6384279 2.198393 0.6384279 -0.302487 0.6384451 2.198393 0.6834121 -0.302487 0.6834121 1.872679 0.6832968 -0.6282003 0.6382762 1.872679 0.6382762 -0.6282001 0.638281 1.872678 0.6832968 -0.6282001 0.6832968 -0.302487 0.6834121 2.198393 0.6384387 2.198393 0.6834121 2.198393 0.6384451 -0.3024872 0.6834121 -0.3024872 0.6384451 1.590288 0.6383907 -0.910589 0.6834141 1.590288 0.6834136 -0.6281993 0.6832968 1.872678 0.6382672 -0.6281993 0.6382676 -0.302487 0.638436 2.198393 0.6834121 2.198393 0.638436 2.198393 0.6834121 -0.302487 0.638429 -0.302487 0.6834121 -0.6282003 0.6382734 1.872679 0.6832968 1.872679 0.6382738 1.872679 0.6832968 -0.6282003 0.6382772 -0.6282003 0.6832968 2.198392 0.6384354 -0.3024867 0.6834121 2.198392 0.6834121 -0.302487 0.6834121 2.198393 0.6384397 -0.302487 0.6384397 0.9969646 0.717451 -0.03162473 0.785694 -0.03162473 0.717451 0.3258912 0.7174374 0.3538554 0.7858296 0.3258912 0.7858296 0.3881525 0.7858296 0.3601883 0.7174373 0.3881525 0.7174373 0.9969645 0.785694 -0.03162473 0.717451 0.9969645 0.717451 0.04815971 0.1391502 1.076748 0.1112472 1.076748 0.1391502 1.074794 0.1112472 0.04620671 0.1391502 0.04620671 0.1112472 0.3852422 0.1415526 0.2311685 0.108512 0.3852421 0.1085124 -0.190136 0.1085222 -0.03606235 0.1415526 -0.190136 0.1415523 0.4144063 0.1416789 0.2603336 0.108648 0.4144063 0.108648 0.1350931 0.1085464 -0.01898026 0.1415526 -0.01898026 0.1085464 -0.03606241 0.1415526 -0.190136 0.1085124 -0.0360623 0.1085124 0.2311685 0.1415526 0.3852421 0.1085225 0.3852422 0.1415526 0.1350931 0.1085215 -0.01898032 0.1415526 -0.01898032 0.1085215 0.4023242 0.1085463 0.5563976 0.1415526 0.4023242 0.1415526 0.3082748 0.1085122 0.1542018 0.1415525 0.1542018 0.108512 0.1542018 0.1415526 0.3082748 0.1085172 0.3082748 0.1415525 -0.005088269 0.1085174 -0.1591653 0.1415526 -0.1591653 0.1085174 -0.1591653 0.1085472 -0.005088269 0.1415526 -0.1591653 0.1415526 0.5755063 0.1415526 0.7295792 0.1085122 0.7295792 0.1415526 0.1542018 0.1085173 0.3082748 0.1415525 0.1542018 0.1415526 0.4162162 0.1415526 0.2621392 0.1085173 0.4162162 0.1085173 -0.005088269 0.1085472 -0.1591653 0.1415526 -0.1591653 0.1085472 0.5434448 0.6447688 0.07612067 0.586693 0.5434448 0.5866929 0.07612085 0.5286169 0.5434442 0.5866929 0.07612085 0.5866929 0.5434442 0.4418491 0.07612085 0.3985403 0.5434442 0.3985402 0.07612085 0.3552311 0.5434442 0.39854 0.07612085 0.39854 0.9996297 1.002949 1.58817e-4 -0.004180669 0.9996297 -0.004180669 0.9996297 1.002949 1.58817e-4 -0.00418055 0.9996297 -0.004180669 0.4818928 0.2481995 0.3506423 0.1893185 0.4818927 0.1893185 0.0735802 0.6391562 -0.06618607 0.6819927 -0.06618618 0.6391562 0.1859757 0.8309744 -0.06232261 0.8484789 -0.04518914 0.8309744 -0.2844523 0.8485549 -0.2670267 0.8309744 -0.07595461 0.8309744 1.239737 0.8309744 1.488035 0.8485847 1.222604 0.8485847 0.2015387 0.5132573 0.1402221 0.4369515 0.2015387 0.4369513 1.048002 0.8309744 1.2565 0.8485845 1.030274 0.8485845 -0.2351251 0.8309744 -0.04405295 0.8309744 -0.02662736 0.8484454 0.1890581 0.6391562 0.07358032 0.6819927 0.0735802 0.6391562 0.1402221 0.5132573 0.2015387 0.4369515 0.2015387 0.5132573 0.3288246 0.6819927 0.4443024 0.6391561 0.4443024 0.6819927 0.2404391 0.8484666 0.471603 0.8310353 0.4716051 0.8484666 1.237628 0.8484666 1.468793 0.8310353 1.468793 0.8484666 0.1980801 0.6391562 0.3198023 0.6819927 0.1980788 0.6819927 0.9062748 0.6819379 0.6861445 0.639215 0.9062748 0.639215 0.5737422 0.6392151 0.3446139 0.6819379 0.3446139 0.6392151 0.5737422 0.6392151 0.7131378 0.6819379 0.5737422 0.6819379 0.7131378 0.6819379 0.9422661 0.639215 0.9422661 0.6819379 -0.6791753 0.8309744 -0.9322955 0.8484789 -0.9148298 0.8309744 0.3446139 0.6392151 0.5647444 0.6819379 0.3446139 0.6819379 0.6037114 0.8309744 0.350591 0.8485847 0.3680568 0.8309744 0.5647444 0.6392151 0.6861445 0.6819379 0.5647444 0.6819379 -0.6791684 0.8309744 -0.2528538 0.8484454 -0.6965938 0.8484454 -0.9148359 0.8309744 -1.34115 0.8483846 -1.34115 0.8309744 0.3680887 0.8309744 -0.05822587 0.8485549 -0.05822587 0.8309744 0.6039587 0.8309744 1.030274 0.8485845 0.5865333 0.8485847 -1.567377 0.8483846 -1.549951 0.8309744 -1.358879 0.8309744 0.4501761 0.2481995 0.2490535 0.1893185 0.4501761 0.1893186 1.204452 0.850379 1.133689 0.8295594 1.204452 0.8295594 1.133689 0.850379 1.102174 0.8295594 1.133689 0.8295594 1.102174 0.850379 1.03141 0.8295594 1.102174 0.8295594 1.03141 0.850379 0.9998954 0.8295594 1.03141 0.8295594 0.6783821 0.7298661 0.6974105 0.7720897 0.6783822 0.7720897 0.8949403 0.850379 0.8261137 0.8295594 0.8949403 0.8295594 0.8261137 0.850379 0.7563672 0.8295594 0.8261137 0.8295594 0.7563672 0.850379 0.6875404 0.8295594 0.7563672 0.8295594 0.6875404 0.850379 0.617794 0.8295594 0.6875404 0.8295594 0.6275262 0.729877 0.6703457 0.7722083 0.6275262 0.7722083 0.5493955 -0.02692371 0.9057241 -0.07710212 0.9057241 -0.02692371 0.6022763 0.9725176 0.9586051 0.8628963 0.9586051 0.9725176 0.5493955 -0.02692371 0.9057241 -0.07710158 0.905724 -0.02692371 0.6022763 0.9725176 0.9586051 0.8628966 0.9586051 0.9725176 -0.1278282 0.9602499 0.2285199 0.8741397 0.2285199 0.9602499 0.137723 0.972741 0.4940716 0.8631135 0.4940716 0.972741 -0.1278282 0.9602499 0.2285199 0.87414 0.2285199 0.9602499 0.137723 0.972741 0.4940716 0.8631135 0.4940716 0.972741 0.4501761 0.2481995 0.2490535 0.1893185 0.4501761 0.1893186 0.4818928 0.2481995 0.3506423 0.1893185 0.4818927 0.1893185 0.9605767 0.268594 0.6426692 0.02627187 0.9605929 0.02631807 0.9605767 0.268176 0.6426684 0.02714782 0.960592 0.02719354 0.4730457 0.8503506 0.4730457 0.8287587 0.5946005 0.8287587 0.4730457 0.8287587 0.5946005 0.8287587 0.5946005 0.8503506 0.531303 0.8499678 0.509975 0.8499678 0.509975 0.8291415 1.71082 0.6825035 -0.6711094 0.6825036 -0.6711094 0.638591 -0.6707222 0.638591 1.711208 0.638591 1.711208 0.6825035 -0.6757596 0.6825036 -0.6757595 0.638591 1.70617 0.638591 1.70617 0.638591 1.70617 0.6825035 -0.6757605 0.6825036 0.4752005 0.8291415 0.5924458 0.8291415 0.5924458 0.8499678 0.5924458 0.8291415 0.5924458 0.8499678 0.4752005 0.8499678 1.71082 0.6825035 -0.6709969 0.6825036 -0.6709969 0.638591 -0.6709969 0.638591 1.71082 0.638591 1.71082 0.6825035 -0.6656258 0.6825036 -0.6656258 0.638591 1.716191 0.638591 1.70617 0.638591 1.70617 0.6825035 -0.675647 0.6825036 0.4432032 0.8502507 0.4432032 0.8290257 0.5747034 0.8290257 0.2035107 0.7254107 0.2276725 0.7254107 0.2276725 0.7424209 0.4432035 0.8502506 0.4432035 0.8290254 0.574703 0.8290254 0.2035107 0.7424209 0.2276725 0.7424209 0.2276725 0.7622919 0.1832525 0.7424209 0.2035107 0.7424209 0.2035107 0.7622919 0.2276725 0.7424209 0.2276725 0.7424209 0.2276725 0.7622919 0.2035107 0.7622919 0.2276725 0.7622919 0.2276725 0.7784838 0.4432032 0.8502511 0.4432032 0.8289865 0.5747033 0.8289865 -0.6282001 0.6832968 -0.6282001 0.6382662 1.872679 0.6382662 1.872679 0.6382815 1.872679 0.6832968 -0.6282003 0.6832968 2.198393 0.6834121 -0.302487 0.6834121 -0.302487 0.6384279 -0.302487 0.6384451 2.198393 0.6384451 2.198393 0.6834121 1.872679 0.6832968 -0.6282003 0.6832968 -0.6282003 0.6382762 -0.6282001 0.638281 1.872678 0.638281 1.872678 0.6832968 -0.302487 0.6834121 -0.302487 0.6384387 2.198393 0.6384387 2.198393 0.6384451 2.198393 0.6834121 -0.3024872 0.6834121 1.590288 0.6383907 -0.910589 0.6383907 -0.910589 0.6834141 -0.6281993 0.6832968 1.872678 0.6832968 1.872678 0.6382672 -0.302487 0.638436 -0.302487 0.6834121 2.198393 0.6834121 2.198393 0.6834121 2.198393 0.638429 -0.302487 0.638429 -0.6282003 0.6382734 -0.6282003 0.6832968 1.872679 0.6832968 1.872679 0.6832968 1.872679 0.6382772 -0.6282003 0.6382772 2.198392 0.6384354 -0.3024867 0.6384354 -0.3024867 0.6834121 -0.302487 0.6834121 2.198393 0.6834121 2.198393 0.6384397 0.9969646 0.717451 0.9969646 0.7856938 -0.03162473 0.785694 0.3258912 0.7174374 0.3538554 0.7174374 0.3538554 0.7858296 0.3881525 0.7858296 0.3601883 0.7858296 0.3601883 0.7174373 0.9969645 0.785694 -0.03162473 0.785694 -0.03162473 0.717451 0.04815971 0.1391502 0.04815971 0.1112472 1.076748 0.1112472 1.074794 0.1112472 1.074794 0.1391502 0.04620671 0.1391502 0.3852422 0.1415526 0.2311685 0.1415523 0.2311685 0.108512 -0.190136 0.1085222 -0.0360623 0.1085225 -0.03606235 0.1415526 0.4144063 0.1416789 0.2603336 0.1416789 0.2603336 0.108648 0.1350931 0.1085464 0.1350931 0.1415526 -0.01898026 0.1415526 -0.03606241 0.1415526 -0.190136 0.1415526 -0.190136 0.1085124 0.2311685 0.1415526 0.2311685 0.1085225 0.3852421 0.1085225 0.1350931 0.1085215 0.1350931 0.1415526 -0.01898032 0.1415526 0.4023242 0.1085463 0.5563976 0.1085463 0.5563976 0.1415526 0.3082748 0.1085122 0.3082748 0.1415526 0.1542018 0.1415525 0.1542018 0.1415526 0.1542018 0.1085174 0.3082748 0.1085172 -0.005088269 0.1085174 -0.005088269 0.1415526 -0.1591653 0.1415526 -0.1591653 0.1085472 -0.005088269 0.1085472 -0.005088269 0.1415526 0.5755063 0.1415526 0.5755063 0.1085121 0.7295792 0.1085122 0.1542018 0.1085173 0.3082748 0.1085173 0.3082748 0.1415525 0.4162162 0.1415526 0.2621392 0.1415526 0.2621392 0.1085173 -0.005088269 0.1085472 -0.005088269 0.1415526 -0.1591653 0.1415526 0.5434448 0.6447688 0.07612067 0.6447689 0.07612067 0.586693 0.07612085 0.5286169 0.5434442 0.5286169 0.5434442 0.5866929 0.5434442 0.4418491 0.07612085 0.4418491 0.07612085 0.3985403 0.07612085 0.3552311 0.5434442 0.3552311 0.5434442 0.39854 0.9996297 1.002949 1.5881e-4 1.002949 1.58817e-4 -0.004180669 0.9996297 1.002949 1.5881e-4 1.002949 1.58817e-4 -0.00418055 0.4818928 0.2481995 0.3506423 0.2481995 0.3506423 0.1893185 0.0735802 0.6391562 0.07358032 0.6819927 -0.06618607 0.6819927 0.1859757 0.8309744 0.203109 0.8484789 -0.06232261 0.8484789 -0.05822587 0.8309744 -0.05822587 0.8485549 -0.07595461 0.8309744 -0.05822587 0.8485549 -0.2844523 0.8485549 -0.07595461 0.8309744 1.239737 0.8309744 1.470902 0.8309744 1.488035 0.8485847 0.2015387 0.5132573 0.1402221 0.5132573 0.1402221 0.4369515 1.030274 0.8485845 1.030274 0.8309744 1.048002 0.8309744 1.048002 0.8309744 1.239074 0.8309744 1.2565 0.8485845 -0.02662736 0.8484454 -0.2528538 0.8484454 -0.2351251 0.8309744 -0.2528538 0.8484454 -0.2528539 0.8309744 -0.2351251 0.8309744 0.1890581 0.6391562 0.1890581 0.6819927 0.07358032 0.6819927 0.1402221 0.5132573 0.1402221 0.4369514 0.2015387 0.4369515 0.3288246 0.6819927 0.3288246 0.6391562 0.4443024 0.6391561 0.2404391 0.8484666 0.2404381 0.8310353 0.471603 0.8310353 1.237628 0.8484666 1.237628 0.8310353 1.468793 0.8310353 0.1980801 0.6391562 0.3198031 0.6391562 0.3198023 0.6819927 0.9062748 0.6819379 0.6861445 0.6819379 0.6861445 0.639215 0.5737422 0.6392151 0.5737422 0.6819379 0.3446139 0.6819379 0.5737422 0.6392151 0.7131378 0.639215 0.7131378 0.6819379 0.7131378 0.6819379 0.7131378 0.639215 0.9422661 0.639215 -0.6791753 0.8309744 -0.6617095 0.8484787 -0.9322955 0.8484789 0.3446139 0.6392151 0.5647444 0.6392151 0.5647444 0.6819379 0.6037114 0.8309744 0.6211772 0.8485845 0.350591 0.8485847 0.5647444 0.6392151 0.6861445 0.639215 0.6861445 0.6819379 -0.6791684 0.8309744 -0.2528539 0.8309744 -0.2528538 0.8484454 -0.9148359 0.8309744 -0.8974104 0.8483846 -1.34115 0.8483846 0.3680887 0.8309744 0.385514 0.8485546 -0.05822587 0.8485549 0.6039587 0.8309744 1.030274 0.8309744 1.030274 0.8485845 -1.358879 0.8309744 -1.34115 0.8309744 -1.34115 0.8483846 -1.34115 0.8483846 -1.567377 0.8483846 -1.358879 0.8309744 0.4501761 0.2481995 0.2490535 0.2481995 0.2490535 0.1893185 1.204452 0.850379 1.133689 0.850379 1.133689 0.8295594 1.133689 0.850379 1.102174 0.850379 1.102174 0.8295594 1.102174 0.850379 1.03141 0.850379 1.03141 0.8295594 1.03141 0.850379 0.9998954 0.850379 0.9998954 0.8295594 0.6783821 0.7298661 0.6974105 0.7298661 0.6974105 0.7720897 0.8949403 0.850379 0.8261137 0.850379 0.8261137 0.8295594 0.8261137 0.850379 0.7563672 0.850379 0.7563672 0.8295594 0.7563672 0.850379 0.6875404 0.850379 0.6875404 0.8295594 0.6875404 0.850379 0.617794 0.850379 0.617794 0.8295594 0.6275262 0.729877 0.6703457 0.729877 0.6703457 0.7722083 0.5493955 -0.02692371 0.5493955 -0.07710212 0.9057241 -0.07710212 0.6022763 0.9725176 0.6022763 0.8628962 0.9586051 0.8628963 0.5493955 -0.02692371 0.5493955 -0.07710158 0.9057241 -0.07710158 0.6022763 0.9725176 0.6022763 0.8628966 0.9586051 0.8628966 -0.1278282 0.9602499 -0.1278282 0.8741398 0.2285199 0.8741397 0.137723 0.972741 0.137723 0.8631135 0.4940716 0.8631135 -0.1278282 0.9602499 -0.1278282 0.87414 0.2285199 0.87414 0.137723 0.972741 0.137723 0.8631135 0.4940716 0.8631135 0.4501761 0.2481995 0.2490535 0.2481995 0.2490535 0.1893185 0.4818928 0.2481995 0.3506423 0.2481995 0.3506423 0.1893185 0.9605767 0.268594 0.642653 0.2685478 0.6426692 0.02627187 0.9605767 0.268176 0.642653 0.2681303 0.6426684 0.02714782</float_array>
          <technique_common>
            <accessor source="#Cube_006-mesh-map-0-array" count="702" stride="2">
              <param name="S" type="float"/>
              <param name="T" type="float"/>
            </accessor>
          </technique_common>
        </source>
        <source id="Cube_006-mesh-map-1">
          <float_array id="Cube_006-mesh-map-1-array" count="1404">0 0 0 0 0 0 0 0 0 0 0 0 0 0 0 0 0 0 0 0 0 0 0 0 0 0 0 0 0 0 0 0 0 0 0 0 0 0 0 0 0 0 0 0 0 0 0 0 0 0 0 0 0 0 0 0 0 0 0 0 0 0 0 0 0 0 0 0 0 0 0 0 0 0 0 0 0 0 0 0 0 0 0 0 0 0 0 0 0 0 0 0 0 0 0 0 0 0 0 0 0 0 0 0 0 0 0 0 0 0 0 0 0 0 0 0 0 0 0 0 0 0 0 0 0 0 0 0 0 0 0 0 0 0 0 0 0 0 0 0 0 0 0 0 0 0 0 0 0 0 0 0 0 0 0 0 0 0 0 0 0 0 0 0 0 0 0 0 0 0 0 0 0 0 0 0 0 0 0 0 0 0 0 0 0 0 0 0 0 0 0 0 0 0 0 0 0 0 0 0 0 0 0 0 0 0 0 0 0 0 0 0 0 0 0 0 0 0 0 0 0 0 0 0 0 0 0 0 0 0 0 0 0 0 0 0 0 0 0 0 0 0 0 0 0 0 0 0 0 0 0 0 0 0 0 0 0 0 0 0 0 0 0 0 0 0 0 0 0 0 0 0 0 0 0 0 0 0 0 0 0 0 0 0 0 0 0 0 0 0 0 0 0 0 0 0 0 0 0 0 0 0 0 0 0 0 0 0 0 0 0 0 0 0 0 0 0 0 0 0 0 0 0 0 0 0 0 0 0 0 0 0 0 0 0 0 0 0 0 0 0 0 0 0 0 0 0 0 0 0 0 0 0 0 0 0 0 0 0 0 0 0 0 0 0 0 0 0 0 0 0 0 0 0 0 0 0 0 0 0 0 0 0 0 0 0 0 0 0 0 0 0 0 0 0 0 0 0 0 0 0 0 0 0 0 0 0 0 0 0 0 0 0 0 0 0 0 0 0 0 0 0 0 0 0 0 0 0 0 0 0 0 0 0 0 0 0 0 0 0 0 0 0 0 0 0 0 0 0 0 0 0 0 0 0 0 0 0 0 0 0 0 0 0 0 0 0 0 0 0 0 0 0 0 0 0 0 0 0 0 0 0 0 0 0 0 0 0 0 0 0 0 0 0 0 0 0 0 0 0 0 0 0 0 0 0 0 0 0 0 0 0 0 0 0 0 0 0 0 0 0 0 0 0 0 0 0 0 0 0 0 0 0 0 0 0 0 0 0 0 0 0 0 0 0 0 0 0 0 0 0 0 0 0 0 0 0 0 0 0 0 0 0 0 0 0 0 0 0 0 0 0 0 0 0 0 0 0 0 0 0 0 0 0 0 0 0 0 0 0 0 0 0 0 0 0 0 0 0 0 0 0 0 0 0 0 0 0 0 0 0 0 0 0 0 0 0 0 0 0 0 0 0 0 0 0 0 0 0 0 0 0 0 0 0 0 0 0 0 0 0 0 0 0 0 0 0 0 0 0 0 0 0 0 0 0 0 0 0 0 0 0 0 0 0 0 0 0 0 0 0 0 0 0 0 0 0 0 0 0 0 0 0 0 0 0 0 0 0 0 0 0 0 0 0 0 0 0 0 0 0 0 0 0 0 0 0 0 0 0 0 0 0 0 0 0 0 0 0 0 0 0 0 0 0 0 0 0 0 0 0 0 0 0 0 0 0 0 0 0 0 0 0 0 0 0 0 0 0 0 0 0 0 0 0 0 0 0 0 0 0 0 0 0 0 0 0 0 0 0 0 0 0 0 0 0 0 0 0 0 0 0 0 0 0 0 0 0 0 0 0 0 0 0 0 0 0 0 0 0 0 0 0 0 0 0 0 0 0 0 0 0 0 0 0 0 0 0 0 0 0 0 0 0 0 0 0 0 0 0 0 0 0 0 0 0 0 0 0 0 0 0 0 0 0 0 0 0 0 0 0 0 0 0 0 0 0 0 0 0 0 0 0 0 0 0 0 0 0 0 0 0 0 0 0 0 0 0 0 0 0 0 0 0 0 0 0 0 0 0 0 0 0 0 0 0 0 0 0 0 0 0 0 0 0 0 0 0 0 0 0 0 0 0 0 0 0 0 0 0 0 0 0 0 0 0 0 0 0 0 0 0 0 0 0 0 0 0 0 0 0 0 0 0 0 0 0 0 0 0 0 0 0 0 0 0 0 0 0 0 0 0 0 0 0 0 0 0 0 0 0 0 0 0 0 0 0 0 0 0 0 0 0 0 0 0 0 0 0 0 0 0 0 0 0 0 0 0 0 0 0 0 0 0 0 0 0 0 0 0 0 0 0 0 0 0 0 0 0 0 0 0 0 0 0 0 0 0 0 0 0 0 0 0 0 0 0 0 0 0 0 0 0 0 0 0 0 0 0 0 0 0 0 0 0 0 0 0 0 0 0 0 0 0 0 0 0 0 0 0 0 0 0 0 0 0 0 0 0 0 0 0 0 0 0 0 0 0 0 0 0 0 0 0 0 0 0 0 0 0 0 0 0 0 0 0 0 0 0 0 0 0 0 0 0 0 0 0 0 0 0 0 0 0 0 0 0 0 0 0 0 0 0 0 0 0 0 0 0 0 0 0 0 0 0 0 0 0 0 0 0 0 0 0 0 0 0 0 0 0 0 0 0 0 0 0 0 0 0 0 0 0 0 0 0 0 0 0 0 0 0 0 0 0 0 0 0 0 0 0 0 0 0 0 0 0 0 0 0 0 0 0 0 0 0 0 0 0 0 0 0 0 0 0 0 0 0 0 0 0 0 0 0 0 0 0 0 0 0 0 0 0 0 0 0 0 0 0 0 0 0 0 0 0 0 0 0 0 0 0 0 0 0 0 0 0 0 0 0 0 0 0 0 0 0 0 0 0 0 0 0 0 0 0 0 0 0 0 0 0 0 0 0 0 0 0 0 0 0 0 0 0 0 0 0 0 0 0 0 0 0 0 0 0 0 0 0 0 0 0 0 0 0 0 0 0 0 0 0 0 0 0 0 0 0 0 0 0 0 0 0 0 0 0 0 0 0 0 0 0 0 0 0 0 0 0 0 0 0 0 0 0 0 0 0 0 0 0 0 0 0 0 0 0 0 0 0 0 0 0 0 0 0 0 0 0 0 0 0 0 0 0 0 0 0 0 0 0 0 0 0 0 0 0 0 0 0 0 0 0 0 0 0 0</float_array>
          <technique_common>
            <accessor source="#Cube_006-mesh-map-1-array" count="702" stride="2">
              <param name="S" type="float"/>
              <param name="T" type="float"/>
            </accessor>
          </technique_common>
        </source>
        <source id="Cube_006-mesh-colors-Attribute" name="Attribute">
          <float_array id="Cube_006-mesh-colors-Attribute-array" count="2808">0.7490196 0.7490196 0.7490196 1 0.7490196 0.7490196 0.7490196 1 0.7490196 0.7490196 0.7490196 1 0.7490196 0.7490196 0.7490196 1 0.7490196 0.7490196 0.7490196 1 0.7490196 0.7490196 0.7490196 1 0.7490196 0.7490196 0.7490196 1 0.7490196 0.7490196 0.7490196 1 0.7490196 0.7490196 0.7490196 1 0.7490196 0.7490196 0.7490196 1 0.7490196 0.7490196 0.7490196 1 0.7490196 0.7490196 0.7490196 1 0.7490196 0.7490196 0.7490196 1 0.7490196 0.7490196 0.7490196 1 0.7490196 0.7490196 0.7490196 1 0.7490196 0.7490196 0.7490196 1 0.7490196 0.7490196 0.7490196 1 0.7490196 0.7490196 0.7490196 1 0.7490196 0.7490196 0.7490196 1 0.7490196 0.7490196 0.7490196 1 0.7490196 0.7490196 0.7490196 1 0.7490196 0.7490196 0.7490196 1 0.7490196 0.7490196 0.7490196 1 0.7490196 0.7490196 0.7490196 1 0.7490196 0.7490196 0.7490196 1 0.7490196 0.7490196 0.7490196 1 0.7490196 0.7490196 0.7490196 1 0.7490196 0.7490196 0.7490196 1 0.7490196 0.7490196 0.7490196 1 0.7490196 0.7490196 0.7490196 1 0.7490196 0.7490196 0.7490196 1 0.7490196 0.7490196 0.7490196 1 0.7490196 0.7490196 0.7490196 1 0.7490196 0.7490196 0.7490196 1 0.7490196 0.7490196 0.7490196 1 0.7490196 0.7490196 0.7490196 1 0.7490196 0.7490196 0.7490196 1 0.7490196 0.7490196 0.7490196 1 0.7490196 0.7490196 0.7490196 1 0.7490196 0.7490196 0.7490196 1 0.7490196 0.7490196 0.7490196 1 0.7490196 0.7490196 0.7490196 1 0.7490196 0.7490196 0.7490196 1 0.7490196 0.7490196 0.7490196 1 0.7490196 0.7490196 0.7490196 1 0.7490196 0.7490196 0.7490196 1 0.7490196 0.7490196 0.7490196 1 0.7490196 0.7490196 0.7490196 1 0.7490196 0.7490196 0.7490196 1 0.7490196 0.7490196 0.7490196 1 0.7490196 0.7490196 0.7490196 1 0.7490196 0.7490196 0.7490196 1 0.7490196 0.7490196 0.7490196 1 0.7490196 0.7490196 0.7490196 1 0.7490196 0.7490196 0.7490196 1 0.7490196 0.7490196 0.7490196 1 0.7490196 0.7490196 0.7490196 1 0.7490196 0.7490196 0.7490196 1 0.7490196 0.7490196 0.7490196 1 0.7490196 0.7490196 0.7490196 1 0.7490196 0.7490196 0.7490196 1 0.7490196 0.7490196 0.7490196 1 0.7490196 0.7490196 0.7490196 1 0.7490196 0.7490196 0.7490196 1 0.7490196 0.7490196 0.7490196 1 0.7490196 0.7490196 0.7490196 1 0.7490196 0.7490196 0.7490196 1 0.7490196 0.7490196 0.7490196 1 0.7490196 0.7490196 0.7490196 1 0.7490196 0.7490196 0.7490196 1 0.7490196 0.7490196 0.7490196 1 0.7490196 0.7490196 0.7490196 1 0.7490196 0.7490196 0.7490196 1 0.7490196 0.7490196 0.7490196 1 0.7490196 0.7490196 0.7490196 1 0.7490196 0.7490196 0.7490196 1 0.7490196 0.7490196 0.7490196 1 0.7490196 0.7490196 0.7490196 1 0.7490196 0.7490196 0.7490196 1 0.7490196 0.7490196 0.7490196 1 0.7490196 0.7490196 0.7490196 1 0.7490196 0.7490196 0.7490196 1 0.7490196 0.7490196 0.7490196 1 0.7490196 0.7490196 0.7490196 1 0.7490196 0.7490196 0.7490196 1 0.7490196 0.7490196 0.7490196 1 0.7490196 0.7490196 0.7490196 1 0.7490196 0.7490196 0.7490196 1 0.7490196 0.7490196 0.7490196 1 0.7490196 0.7490196 0.7490196 1 0.7490196 0.7490196 0.7490196 1 0.7490196 0.7490196 0.7490196 1 0.7490196 0.7490196 0.7490196 1 0.7490196 0.7490196 0.7490196 1 0.7490196 0.7490196 0.7490196 1 0.7490196 0.7490196 0.7490196 1 0.7490196 0.7490196 0.7490196 1 0.7490196 0.7490196 0.7490196 1 0.7490196 0.7490196 0.7490196 1 0.7490196 0.7490196 0.7490196 1 0.7490196 0.7490196 0.7490196 1 0.7490196 0.7490196 0.7490196 1 0.7490196 0.7490196 0.7490196 1 0.7490196 0.7490196 0.7490196 1 0.7490196 0.7490196 0.7490196 1 0.7490196 0.7490196 0.7490196 1 0.7490196 0.7490196 0.7490196 1 0.7490196 0.7490196 0.7490196 1 0.7490196 0.7490196 0.7490196 1 0.7490196 0.7490196 0.7490196 1 0.7490196 0.7490196 0.7490196 1 0.7490196 0.7490196 0.7490196 1 0.7490196 0.7490196 0.7490196 1 0.7490196 0.7490196 0.7490196 1 0.7490196 0.7490196 0.7490196 1 0.7490196 0.7490196 0.7490196 1 0.7490196 0.7490196 0.7490196 1 0.7490196 0.7490196 0.7490196 1 0.7490196 0.7490196 0.7490196 1 0.7490196 0.7490196 0.7490196 1 0.7490196 0.7490196 0.7490196 1 0.7490196 0.7490196 0.7490196 1 0.7490196 0.7490196 0.7490196 1 0.7490196 0.7490196 0.7490196 1 0.7490196 0.7490196 0.7490196 1 0.7490196 0.7490196 0.7490196 1 0.7490196 0.7490196 0.7490196 1 0.7490196 0.7490196 0.7490196 1 0.7490196 0.7490196 0.7490196 1 0.7490196 0.7490196 0.7490196 1 0.7490196 0.7490196 0.7490196 1 0.7490196 0.7490196 0.7490196 1 0.7490196 0.7490196 0.7490196 1 0.7490196 0.7490196 0.7490196 1 0.7490196 0.7490196 0.7490196 1 0.7490196 0.7490196 0.7490196 1 0.7490196 0.7490196 0.7490196 1 0.7490196 0.7490196 0.7490196 1 0.7490196 0.7490196 0.7490196 1 0.7490196 0.7490196 0.7490196 1 0.7490196 0.7490196 0.7490196 1 0.7490196 0.7490196 0.7490196 1 0.7490196 0.7490196 0.7490196 1 0.7490196 0.7490196 0.7490196 1 0.7490196 0.7490196 0.7490196 1 0.7490196 0.7490196 0.7490196 1 0.7490196 0.7490196 0.7490196 1 0.7490196 0.7490196 0.7490196 1 0.7490196 0.7490196 0.7490196 1 0.7490196 0.7490196 0.7490196 1 0.7490196 0.7490196 0.7490196 1 0.7490196 0.7490196 0.7490196 1 0.7490196 0.7490196 0.7490196 1 0.7490196 0.7490196 0.7490196 1 0.7490196 0.7490196 0.7490196 1 0.7490196 0.7490196 0.7490196 1 0.7490196 0.7490196 0.7490196 1 0.7490196 0.7490196 0.7490196 1 0.7490196 0.7490196 0.7490196 1 0.7490196 0.7490196 0.7490196 1 0.7490196 0.7490196 0.7490196 1 0.7490196 0.7490196 0.7490196 1 0.7490196 0.7490196 0.7490196 1 0.7490196 0.7490196 0.7490196 1 0.7490196 0.7490196 0.7490196 1 0.7490196 0.7490196 0.7490196 1 0.7490196 0.7490196 0.7490196 1 0.7490196 0.7490196 0.7490196 1 0.7490196 0.7490196 0.7490196 1 0.7490196 0.7490196 0.7490196 1 0.7490196 0.7490196 0.7490196 1 0.7490196 0.7490196 0.7490196 1 0.7490196 0.7490196 0.7490196 1 0.7490196 0.7490196 0.7490196 1 0.7490196 0.7490196 0.7490196 1 0.7490196 0.7490196 0.7490196 1 0.7490196 0.7490196 0.7490196 1 0.7490196 0.2431373 0.2117647 1 0.7490196 0.2431373 0.2117647 1 0.7490196 0.2431373 0.2117647 1 0.7490196 0.2431373 0.2117647 1 0.7490196 0.2431373 0.2117647 1 0.7490196 0.2431373 0.2117647 1 0.7490196 0.2431373 0.2117647 1 0.7490196 0.2431373 0.2117647 1 0.7490196 0.2431373 0.2117647 1 0.7490196 0.2431373 0.2117647 1 0.7490196 0.2431373 0.2117647 1 0.7490196 0.2431373 0.2117647 1 1 1 1 1 1 1 1 1 1 1 1 1 1 1 1 1 1 1 1 1 1 1 1 1 1 1 1 1 1 1 1 1 1 1 1 1 0.4313725 0.4313725 0.4313725 1 0.4313725 0.4313725 0.4313725 1 0.4313725 0.4313725 0.4313725 1 0.4313725 0.4313725 0.4313725 1 0.4313725 0.4313725 0.4313725 1 0.4313725 0.4313725 0.4313725 1 0.4313725 0.4313725 0.4313725 1 0.4313725 0.4313725 0.4313725 1 0.4313725 0.4313725 0.4313725 1 0.4313725 0.4313725 0.4313725 1 0.4313725 0.4313725 0.4313725 1 0.4313725 0.4313725 0.4313725 1 0.4313725 0.4313725 0.4313725 1 0.4313725 0.4313725 0.4313725 1 0.4313725 0.4313725 0.4313725 1 0.4313725 0.4313725 0.4313725 1 0.4313725 0.4313725 0.4313725 1 0.4313725 0.4313725 0.4313725 1 0.4313725 0.4313725 0.4313725 1 0.4313725 0.4313725 0.4313725 1 0.4313725 0.4313725 0.4313725 1 0.4313725 0.4313725 0.4313725 1 0.4313725 0.4313725 0.4313725 1 0.4313725 0.4313725 0.4313725 1 0.4313725 0.4313725 0.4313725 1 0.4313725 0.4313725 0.4313725 1 0.4313725 0.4313725 0.4313725 1 0.4313725 0.4313725 0.4313725 1 0.4313725 0.4313725 0.4313725 1 0.4313725 0.4313725 0.4313725 1 0.4313725 0.4313725 0.4313725 1 0.4313725 0.4313725 0.4313725 1 0.4313725 0.4313725 0.4313725 1 0.4313725 0.4313725 0.4313725 1 0.4313725 0.4313725 0.4313725 1 0.4313725 0.4313725 0.4313725 1 0.4313725 0.4313725 0.4313725 1 0.4313725 0.4313725 0.4313725 1 0.4313725 0.4313725 0.4313725 1 0.4313725 0.4313725 0.4313725 1 0.4313725 0.4313725 0.4313725 1 0.4313725 0.4313725 0.4313725 1 0.4313725 0.4313725 0.4313725 1 0.4313725 0.4313725 0.4313725 1 0.4313725 0.4313725 0.4313725 1 0.4313725 0.4313725 0.4313725 1 0.4313725 0.4313725 0.4313725 1 0.4313725 0.4313725 0.4313725 1 0.4313725 0.4313725 0.4313725 1 0.4313725 0.4313725 0.4313725 1 0.4313725 0.4313725 0.4313725 1 0.4313725 0.4313725 0.4313725 1 0.4313725 0.4313725 0.4313725 1 0.4313725 0.4313725 0.4313725 1 0.4313725 0.4313725 0.4313725 1 0.4313725 0.4313725 0.4313725 1 0.4313725 0.4313725 0.4313725 1 0.4313725 0.4313725 0.4313725 1 0.4313725 0.4313725 0.4313725 1 0.4313725 0.4313725 0.4313725 1 0.4313725 0.4313725 0.4313725 1 0.4313725 0.4313725 0.4313725 1 0.4313725 0.4313725 0.4313725 1 0.4313725 0.4313725 0.4313725 1 0.4313725 0.4313725 0.4313725 1 0.4313725 0.4313725 0.4313725 1 0.4313725 0.4313725 0.4313725 1 0.4313725 0.4313725 0.4313725 1 0.4313725 0.4313725 0.4313725 1 0.4313725 0.4313725 0.4313725 1 0.4313725 0.4313725 0.4313725 1 0.4313725 0.4313725 0.4313725 1 0.4313725 0.4313725 0.4313725 1 0.4313725 0.4313725 0.4313725 1 0.4313725 0.4313725 0.4313725 1 0.4313725 0.4313725 0.4313725 1 0.4313725 0.4313725 0.4313725 1 0.4313725 0.4313725 0.4313725 1 1 1 1 1 1 1 1 1 1 1 1 1 0.4509804 0.4509804 0.4509804 1 0.4509804 0.4509804 0.4509804 1 0.4509804 0.4509804 0.4509804 1 0.4509804 0.4509804 0.4509804 1 0.4509804 0.4509804 0.4509804 1 0.4509804 0.4509804 0.4509804 1 0.4509804 0.4509804 0.4509804 1 0.4509804 0.4509804 0.4509804 1 0.4509804 0.4509804 0.4509804 1 0.4509804 0.4509804 0.4509804 1 0.4509804 0.4509804 0.4509804 1 0.4509804 0.4509804 0.4509804 1 0.4509804 0.4509804 0.4509804 1 0.4509804 0.4509804 0.4509804 1 0.4509804 0.4509804 0.4509804 1 0.4509804 0.4509804 0.4509804 1 0.4509804 0.4509804 0.4509804 1 0.4509804 0.4509804 0.4509804 1 0.4509804 0.4509804 0.4509804 1 0.4509804 0.4509804 0.4509804 1 0.4509804 0.4509804 0.4509804 1 0.4509804 0.4509804 0.4509804 1 0.4509804 0.4509804 0.4509804 1 0.4509804 0.4509804 0.4509804 1 0.4509804 0.4509804 0.4509804 1 0.4509804 0.4509804 0.4509804 1 0.4509804 0.4509804 0.4509804 1 0.4509804 0.4509804 0.4509804 1 0.4509804 0.4509804 0.4509804 1 0.4509804 0.4509804 0.4509804 1 0.4313725 0.4313725 0.4313725 1 0.4313725 0.4313725 0.4313725 1 0.4313725 0.4313725 0.4313725 1 0.4313725 0.4313725 0.4313725 1 0.4313725 0.4313725 0.4313725 1 0.4313725 0.4313725 0.4313725 1 0.4313725 0.4313725 0.4313725 1 0.4313725 0.4313725 0.4313725 1 0.4313725 0.4313725 0.4313725 1 0.4313725 0.4313725 0.4313725 1 0.4313725 0.4313725 0.4313725 1 0.4313725 0.4313725 0.4313725 1 0.4313725 0.4313725 0.4313725 1 0.4313725 0.4313725 0.4313725 1 0.4313725 0.4313725 0.4313725 1 0.4313725 0.4313725 0.4313725 1 0.4313725 0.4313725 0.4313725 1 0.4313725 0.4313725 0.4313725 1 0.4313725 0.4313725 0.4313725 1 0.4313725 0.4313725 0.4313725 1 0.4313725 0.4313725 0.4313725 1 0.4313725 0.4313725 0.4313725 1 0.4313725 0.4313725 0.4313725 1 0.4313725 0.4313725 0.4313725 1 1 1 1 1 1 1 1 1 1 1 1 1 1 1 1 1 1 1 1 1 1 1 1 1 1 1 1 1 1 1 1 1 1 1 1 1 1 1 1 1 1 1 1 1 1 1 1 1 0.7490196 0.7490196 0.7490196 1 0.7490196 0.7490196 0.7490196 1 0.7490196 0.7490196 0.7490196 1 0.7490196 0.7490196 0.7490196 1 0.7490196 0.7490196 0.7490196 1 0.7490196 0.7490196 0.7490196 1 0.7490196 0.7490196 0.7490196 1 0.7490196 0.7490196 0.7490196 1 0.7490196 0.7490196 0.7490196 1 0.7490196 0.7490196 0.7490196 1 0.7490196 0.7490196 0.7490196 1 0.7490196 0.7490196 0.7490196 1 0.7490196 0.7490196 0.7490196 1 0.7490196 0.7490196 0.7490196 1 0.7490196 0.7490196 0.7490196 1 0.7490196 0.7490196 0.7490196 1 0.7490196 0.7490196 0.7490196 1 0.7490196 0.7490196 0.7490196 1 0.7490196 0.7490196 0.7490196 1 0.7490196 0.7490196 0.7490196 1 0.7490196 0.7490196 0.7490196 1 0.7490196 0.7490196 0.7490196 1 0.7490196 0.7490196 0.7490196 1 0.7490196 0.7490196 0.7490196 1 0.7490196 0.7490196 0.7490196 1 0.7490196 0.7490196 0.7490196 1 0.7490196 0.7490196 0.7490196 1 0.7490196 0.7490196 0.7490196 1 0.7490196 0.7490196 0.7490196 1 0.7490196 0.7490196 0.7490196 1 0.7490196 0.7490196 0.7490196 1 0.7490196 0.7490196 0.7490196 1 0.7490196 0.7490196 0.7490196 1 0.7490196 0.7490196 0.7490196 1 0.7490196 0.7490196 0.7490196 1 0.7490196 0.7490196 0.7490196 1 0.7490196 0.7490196 0.7490196 1 0.7490196 0.7490196 0.7490196 1 0.7490196 0.7490196 0.7490196 1 0.7490196 0.7490196 0.7490196 1 0.7490196 0.7490196 0.7490196 1 0.7490196 0.7490196 0.7490196 1 0.7490196 0.7490196 0.7490196 1 0.7490196 0.7490196 0.7490196 1 0.7490196 0.7490196 0.7490196 1 0.7490196 0.7490196 0.7490196 1 0.7490196 0.7490196 0.7490196 1 0.7490196 0.7490196 0.7490196 1 0.7490196 0.7490196 0.7490196 1 0.7490196 0.7490196 0.7490196 1 0.7490196 0.7490196 0.7490196 1 0.7490196 0.7490196 0.7490196 1 0.7490196 0.7490196 0.7490196 1 0.7490196 0.7490196 0.7490196 1 0.7490196 0.7490196 0.7490196 1 0.7490196 0.7490196 0.7490196 1 0.7490196 0.7490196 0.7490196 1 0.7490196 0.7490196 0.7490196 1 0.7490196 0.7490196 0.7490196 1 0.7490196 0.7490196 0.7490196 1 0.7490196 0.7490196 0.7490196 1 0.7490196 0.7490196 0.7490196 1 0.7490196 0.7490196 0.7490196 1 0.7490196 0.7490196 0.7490196 1 0.7490196 0.7490196 0.7490196 1 0.7490196 0.7490196 0.7490196 1 0.7490196 0.7490196 0.7490196 1 0.7490196 0.7490196 0.7490196 1 0.7490196 0.7490196 0.7490196 1 0.7490196 0.7490196 0.7490196 1 0.7490196 0.7490196 0.7490196 1 0.7490196 0.7490196 0.7490196 1 0.7490196 0.7490196 0.7490196 1 0.7490196 0.7490196 0.7490196 1 0.7490196 0.7490196 0.7490196 1 0.7490196 0.7490196 0.7490196 1 0.7490196 0.7490196 0.7490196 1 0.7490196 0.7490196 0.7490196 1 0.7490196 0.7490196 0.7490196 1 0.7490196 0.7490196 0.7490196 1 0.7490196 0.7490196 0.7490196 1 0.7490196 0.7490196 0.7490196 1 0.7490196 0.7490196 0.7490196 1 0.7490196 0.7490196 0.7490196 1 0.7490196 0.7490196 0.7490196 1 0.7490196 0.7490196 0.7490196 1 0.7490196 0.7490196 0.7490196 1 0.7490196 0.7490196 0.7490196 1 0.7490196 0.7490196 0.7490196 1 0.7490196 0.7490196 0.7490196 1 0.7490196 0.7490196 0.7490196 1 0.7490196 0.7490196 0.7490196 1 0.7490196 0.7490196 0.7490196 1 0.7490196 0.7490196 0.7490196 1 0.7490196 0.7490196 0.7490196 1 0.7490196 0.7490196 0.7490196 1 0.7490196 0.7490196 0.7490196 1 0.7490196 0.7490196 0.7490196 1 0.7490196 0.7490196 0.7490196 1 0.7490196 0.7490196 0.7490196 1 0.7490196 0.7490196 0.7490196 1 0.7490196 0.7490196 0.7490196 1 0.7490196 0.7490196 0.7490196 1 0.7490196 0.7490196 0.7490196 1 0.7490196 0.7490196 0.7490196 1 0.7490196 0.7490196 0.7490196 1 0.7490196 0.7490196 0.7490196 1 0.7490196 0.7490196 0.7490196 1 0.7490196 0.7490196 0.7490196 1 0.7490196 0.7490196 0.7490196 1 0.7490196 0.7490196 0.7490196 1 0.7490196 0.7490196 0.7490196 1 0.7490196 0.7490196 0.7490196 1 0.7490196 0.7490196 0.7490196 1 0.7490196 0.7490196 0.7490196 1 0.7490196 0.7490196 0.7490196 1 0.7490196 0.7490196 0.7490196 1 0.7490196 0.7490196 0.7490196 1 0.7490196 0.7490196 0.7490196 1 0.7490196 0.7490196 0.7490196 1 0.7490196 0.7490196 0.7490196 1 0.7490196 0.7490196 0.7490196 1 0.7490196 0.7490196 0.7490196 1 0.7490196 0.7490196 0.7490196 1 0.7490196 0.7490196 0.7490196 1 0.7490196 0.7490196 0.7490196 1 0.7490196 0.7490196 0.7490196 1 0.7490196 0.7490196 0.7490196 1 0.7490196 0.7490196 0.7490196 1 0.7490196 0.7490196 0.7490196 1 0.7490196 0.7490196 0.7490196 1 0.7490196 0.7490196 0.7490196 1 0.7490196 0.7490196 0.7490196 1 0.7490196 0.7490196 0.7490196 1 0.7490196 0.7490196 0.7490196 1 0.7490196 0.7490196 0.7490196 1 0.7490196 0.7490196 0.7490196 1 0.7490196 0.7490196 0.7490196 1 0.7490196 0.7490196 0.7490196 1 0.7490196 0.7490196 0.7490196 1 0.7490196 0.7490196 0.7490196 1 0.7490196 0.7490196 0.7490196 1 0.7490196 0.7490196 0.7490196 1 0.7490196 0.7490196 0.7490196 1 0.7490196 0.7490196 0.7490196 1 0.7490196 0.7490196 0.7490196 1 0.7490196 0.7490196 0.7490196 1 0.7490196 0.7490196 0.7490196 1 0.7490196 0.7490196 0.7490196 1 0.7490196 0.7490196 0.7490196 1 0.7490196 0.7490196 0.7490196 1 0.7490196 0.7490196 0.7490196 1 0.7490196 0.7490196 0.7490196 1 0.7490196 0.7490196 0.7490196 1 0.7490196 0.7490196 0.7490196 1 0.7490196 0.7490196 0.7490196 1 0.7490196 0.7490196 0.7490196 1 0.7490196 0.7490196 0.7490196 1 0.7490196 0.7490196 0.7490196 1 0.7490196 0.7490196 0.7490196 1 0.7490196 0.7490196 0.7490196 1 0.7490196 0.7490196 0.7490196 1 0.7490196 0.7490196 0.7490196 1 0.7490196 0.7490196 0.7490196 1 0.7490196 0.7490196 0.7490196 1 0.7490196 0.7490196 0.7490196 1 0.7490196 0.7490196 0.7490196 1 0.7490196 0.7490196 0.7490196 1 0.7490196 0.7490196 0.7490196 1 0.7490196 0.7490196 0.7490196 1 0.7490196 0.7490196 0.7490196 1 0.7490196 0.7490196 0.7490196 1 0.7490196 0.7490196 0.7490196 1 0.7490196 0.7490196 0.7490196 1 0.7490196 0.7490196 0.7490196 1 0.7490196 0.7490196 0.7490196 1 0.7490196 0.7490196 0.7490196 1 0.7490196 0.2431373 0.2117647 1 0.7490196 0.2431373 0.2117647 1 0.7490196 0.2431373 0.2117647 1 0.7490196 0.2431373 0.2117647 1 0.7490196 0.2431373 0.2117647 1 0.7490196 0.2431373 0.2117647 1 0.7490196 0.2431373 0.2117647 1 0.7490196 0.2431373 0.2117647 1 0.7490196 0.2431373 0.2117647 1 0.7490196 0.2431373 0.2117647 1 0.7490196 0.2431373 0.2117647 1 0.7490196 0.2431373 0.2117647 1 1 1 1 1 1 1 1 1 1 1 1 1 1 1 1 1 1 1 1 1 1 1 1 1 1 1 1 1 1 1 1 1 1 1 1 1 0.4313725 0.4313725 0.4313725 1 0.4313725 0.4313725 0.4313725 1 0.4313725 0.4313725 0.4313725 1 0.4313725 0.4313725 0.4313725 1 0.4313725 0.4313725 0.4313725 1 0.4313725 0.4313725 0.4313725 1 0.4313725 0.4313725 0.4313725 1 0.4313725 0.4313725 0.4313725 1 0.4313725 0.4313725 0.4313725 1 0.4313725 0.4313725 0.4313725 1 0.4313725 0.4313725 0.4313725 1 0.4313725 0.4313725 0.4313725 1 0.4313725 0.4313725 0.4313725 1 0.4313725 0.4313725 0.4313725 1 0.4313725 0.4313725 0.4313725 1 0.4313725 0.4313725 0.4313725 1 0.4313725 0.4313725 0.4313725 1 0.4313725 0.4313725 0.4313725 1 0.4313725 0.4313725 0.4313725 1 0.4313725 0.4313725 0.4313725 1 0.4313725 0.4313725 0.4313725 1 0.4313725 0.4313725 0.4313725 1 0.4313725 0.4313725 0.4313725 1 0.4313725 0.4313725 0.4313725 1 0.4313725 0.4313725 0.4313725 1 0.4313725 0.4313725 0.4313725 1 0.4313725 0.4313725 0.4313725 1 0.4313725 0.4313725 0.4313725 1 0.4313725 0.4313725 0.4313725 1 0.4313725 0.4313725 0.4313725 1 0.4313725 0.4313725 0.4313725 1 0.4313725 0.4313725 0.4313725 1 0.4313725 0.4313725 0.4313725 1 0.4313725 0.4313725 0.4313725 1 0.4313725 0.4313725 0.4313725 1 0.4313725 0.4313725 0.4313725 1 0.4313725 0.4313725 0.4313725 1 0.4313725 0.4313725 0.4313725 1 0.4313725 0.4313725 0.4313725 1 0.4313725 0.4313725 0.4313725 1 0.4313725 0.4313725 0.4313725 1 0.4313725 0.4313725 0.4313725 1 0.4313725 0.4313725 0.4313725 1 0.4313725 0.4313725 0.4313725 1 0.4313725 0.4313725 0.4313725 1 0.4313725 0.4313725 0.4313725 1 0.4313725 0.4313725 0.4313725 1 0.4313725 0.4313725 0.4313725 1 0.4313725 0.4313725 0.4313725 1 0.4313725 0.4313725 0.4313725 1 0.4313725 0.4313725 0.4313725 1 0.4313725 0.4313725 0.4313725 1 0.4313725 0.4313725 0.4313725 1 0.4313725 0.4313725 0.4313725 1 0.4313725 0.4313725 0.4313725 1 0.4313725 0.4313725 0.4313725 1 0.4313725 0.4313725 0.4313725 1 0.4313725 0.4313725 0.4313725 1 0.4313725 0.4313725 0.4313725 1 0.4313725 0.4313725 0.4313725 1 0.4313725 0.4313725 0.4313725 1 0.4313725 0.4313725 0.4313725 1 0.4313725 0.4313725 0.4313725 1 0.4313725 0.4313725 0.4313725 1 0.4313725 0.4313725 0.4313725 1 0.4313725 0.4313725 0.4313725 1 0.4313725 0.4313725 0.4313725 1 0.4313725 0.4313725 0.4313725 1 0.4313725 0.4313725 0.4313725 1 0.4313725 0.4313725 0.4313725 1 0.4313725 0.4313725 0.4313725 1 0.4313725 0.4313725 0.4313725 1 0.4313725 0.4313725 0.4313725 1 0.4313725 0.4313725 0.4313725 1 0.4313725 0.4313725 0.4313725 1 0.4313725 0.4313725 0.4313725 1 0.4313725 0.4313725 0.4313725 1 0.4313725 0.4313725 0.4313725 1 0.4313725 0.4313725 0.4313725 1 0.4313725 0.4313725 0.4313725 1 0.4313725 0.4313725 0.4313725 1 0.4313725 0.4313725 0.4313725 1 0.4313725 0.4313725 0.4313725 1 0.4313725 0.4313725 0.4313725 1 0.4313725 0.4313725 0.4313725 1 0.4313725 0.4313725 0.4313725 1 0.4313725 0.4313725 0.4313725 1 0.4313725 0.4313725 0.4313725 1 0.4313725 0.4313725 0.4313725 1 0.4313725 0.4313725 0.4313725 1 1 1 1 1 1 1 1 1 1 1 1 1 0.4509804 0.4509804 0.4509804 1 0.4509804 0.4509804 0.4509804 1 0.4509804 0.4509804 0.4509804 1 0.4509804 0.4509804 0.4509804 1 0.4509804 0.4509804 0.4509804 1 0.4509804 0.4509804 0.4509804 1 0.4509804 0.4509804 0.4509804 1 0.4509804 0.4509804 0.4509804 1 0.4509804 0.4509804 0.4509804 1 0.4509804 0.4509804 0.4509804 1 0.4509804 0.4509804 0.4509804 1 0.4509804 0.4509804 0.4509804 1 0.4509804 0.4509804 0.4509804 1 0.4509804 0.4509804 0.4509804 1 0.4509804 0.4509804 0.4509804 1 0.4509804 0.4509804 0.4509804 1 0.4509804 0.4509804 0.4509804 1 0.4509804 0.4509804 0.4509804 1 0.4509804 0.4509804 0.4509804 1 0.4509804 0.4509804 0.4509804 1 0.4509804 0.4509804 0.4509804 1 0.4509804 0.4509804 0.4509804 1 0.4509804 0.4509804 0.4509804 1 0.4509804 0.4509804 0.4509804 1 0.4509804 0.4509804 0.4509804 1 0.4509804 0.4509804 0.4509804 1 0.4509804 0.4509804 0.4509804 1 0.4509804 0.4509804 0.4509804 1 0.4509804 0.4509804 0.4509804 1 0.4509804 0.4509804 0.4509804 1 0.4313725 0.4313725 0.4313725 1 0.4313725 0.4313725 0.4313725 1 0.4313725 0.4313725 0.4313725 1 0.4313725 0.4313725 0.4313725 1 0.4313725 0.4313725 0.4313725 1 0.4313725 0.4313725 0.4313725 1 0.4313725 0.4313725 0.4313725 1 0.4313725 0.4313725 0.4313725 1 0.4313725 0.4313725 0.4313725 1 0.4313725 0.4313725 0.4313725 1 0.4313725 0.4313725 0.4313725 1 0.4313725 0.4313725 0.4313725 1 0.4313725 0.4313725 0.4313725 1 0.4313725 0.4313725 0.4313725 1 0.4313725 0.4313725 0.4313725 1 0.4313725 0.4313725 0.4313725 1 0.4313725 0.4313725 0.4313725 1 0.4313725 0.4313725 0.4313725 1 0.4313725 0.4313725 0.4313725 1 0.4313725 0.4313725 0.4313725 1 0.4313725 0.4313725 0.4313725 1 0.4313725 0.4313725 0.4313725 1 0.4313725 0.4313725 0.4313725 1 0.4313725 0.4313725 0.4313725 1 1 1 1 1 1 1 1 1 1 1 1 1 1 1 1 1 1 1 1 1 1 1 1 1 1 1 1 1 1 1 1 1 1 1 1 1 1 1 1 1 1 1 1 1 1 1 1 1</float_array>
          <technique_common>
            <accessor source="#Cube_006-mesh-colors-Attribute-array" count="702" stride="4">
              <param name="R" type="float"/>
              <param name="G" type="float"/>
              <param name="B" type="float"/>
              <param name="A" type="float"/>
            </accessor>
          </technique_common>
        </source>
        <vertices id="Cube_006-mesh-vertices">
          <input semantic="POSITION" source="#Cube_006-mesh-positions"/>
        </vertices>
        <triangles material="m_bus_routes_wca-material" count="4">
          <input semantic="VERTEX" source="#Cube_006-mesh-vertices" offset="0"/>
          <input semantic="NORMAL" source="#Cube_006-mesh-normals" offset="1"/>
          <input semantic="TEXCOORD" source="#Cube_006-mesh-map-0" offset="2" set="0"/>
          <input semantic="TEXCOORD" source="#Cube_006-mesh-map-1" offset="2" set="1"/>
          <input semantic="COLOR" source="#Cube_006-mesh-colors-Attribute" offset="3" set="0"/>
          <p>162 15 189 189 161 15 190 190 160 15 191 191 165 11 192 192 158 11 193 193 159 11 194 194 162 15 534 534 163 15 535 535 161 15 536 536 165 11 537 537 164 11 538 538 158 11 539 539</p>
        </triangles>
        <triangles material="m_sign_busstop-material" count="4">
          <input semantic="VERTEX" source="#Cube_006-mesh-vertices" offset="0"/>
          <input semantic="NORMAL" source="#Cube_006-mesh-normals" offset="1"/>
          <input semantic="TEXCOORD" source="#Cube_006-mesh-map-0" offset="2" set="0"/>
          <input semantic="TEXCOORD" source="#Cube_006-mesh-map-1" offset="2" set="1"/>
          <input semantic="COLOR" source="#Cube_006-mesh-colors-Attribute" offset="3" set="0"/>
          <p>244 15 339 339 239 15 340 340 238 15 341 341 243 11 342 342 240 11 343 343 241 11 344 344 244 15 696 696 245 15 697 697 239 15 698 698 243 11 699 699 242 11 700 700 240 11 701 701</p>
        </triangles>
        <triangles material="lod_vertcol-material" count="226">
          <input semantic="VERTEX" source="#Cube_006-mesh-vertices" offset="0"/>
          <input semantic="NORMAL" source="#Cube_006-mesh-normals" offset="1"/>
          <input semantic="TEXCOORD" source="#Cube_006-mesh-map-0" offset="2" set="0"/>
          <input semantic="TEXCOORD" source="#Cube_006-mesh-map-1" offset="2" set="1"/>
          <input semantic="COLOR" source="#Cube_006-mesh-colors-Attribute" offset="3" set="0"/>
          <p>1 0 0 0 3 0 1 1 0 0 2 2 6 1 3 3 4 1 4 4 7 1 5 5 6 2 6 6 2 2 7 7 1 2 8 8 12 3 9 9 9 4 10 10 8 5 11 11 13 6 12 12 8 7 13 13 9 8 14 14 15 9 15 15 18 10 16 16 14 11 17 17 14 12 18 18 19 13 19 19 15 14 20 20 1 11 21 21 5 11 22 22 6 11 23 23 4 15 24 24 2 15 25 25 7 15 26 26 24 1 27 27 21 1 28 28 20 1 29 29 25 16 30 30 20 17 31 31 21 18 32 32 27 0 33 33 30 0 34 34 26 0 35 35 26 19 36 36 31 20 37 37 27 15 38 38 38 1 39 39 32 1 40 40 36 1 41 41 33 2 42 42 43 2 43 43 42 2 44 44 35 0 45 45 39 0 46 46 34 0 47 47 42 2 48 48 47 2 49 49 46 2 50 50 41 2 51 51 46 2 52 52 44 2 53 53 43 15 54 54 45 15 55 55 47 15 56 56 46 2 57 57 37 2 58 58 35 2 59 59 41 11 60 60 48 11 61 61 40 11 62 62 51 15 63 63 54 15 64 64 50 15 65 65 50 21 66 66 55 22 67 67 51 23 68 68 60 24 69 69 57 25 70 70 56 26 71 71 61 27 72 72 56 28 73 73 57 27 74 74 66 29 75 75 63 30 76 76 62 31 77 77 67 32 78 78 62 33 79 79 63 32 80 80 69 11 81 81 72 11 82 82 68 11 83 83 68 0 84 84 73 0 85 85 69 0 86 86 78 1 87 87 75 1 88 88 74 1 89 89 79 34 90 90 74 35 91 91 75 36 92 92 81 0 93 93 84 0 94 94 80 0 95 95 80 37 96 96 85 38 97 97 81 15 98 98 87 0 99 99 90 0 100 100 86 0 101 101 86 39 102 102 91 40 103 103 87 41 104 104 96 1 105 105 93 1 106 106 92 1 107 107 97 15 108 108 92 15 109 109 93 15 110 110 101 42 111 111 98 42 112 112 100 43 113 113 101 0 114 114 104 0 115 115 99 0 116 116 98 1 117 117 102 1 118 118 100 1 119 119 103 44 120 120 105 44 121 121 102 45 122 122 100 46 123 123 105 47 124 124 101 48 125 125 99 49 126 126 103 50 127 127 98 2 128 128 106 1 129 129 109 1 130 130 110 1 131 131 107 51 132 132 108 52 133 133 111 53 134 134 112 11 135 135 115 11 136 136 116 11 137 137 112 54 138 138 117 55 139 139 113 56 140 140 122 0 141 141 119 0 142 142 118 0 143 143 119 57 144 144 120 58 145 145 118 11 146 146 124 15 147 147 127 15 148 148 125 15 149 149 129 59 150 150 124 60 151 151 125 61 152 152 130 0 153 153 133 0 154 154 131 0 155 155 131 62 156 156 132 63 157 157 130 64 158 158 136 65 159 159 139 66 160 160 137 11 161 161 141 67 162 162 136 68 163 163 137 69 164 164 143 1 165 165 146 1 166 166 142 1 167 167 143 70 168 168 144 71 169 169 147 72 170 170 148 73 171 171 151 74 172 172 152 75 173 173 148 76 174 174 153 77 175 175 149 78 176 176 155 15 177 177 163 15 178 178 162 15 179 179 157 11 180 180 164 11 181 181 165 11 182 182 160 15 183 183 173 15 184 184 172 15 185 185 159 11 186 186 170 11 187 187 171 11 188 188 205 11 195 195 203 11 196 196 204 11 197 197 180 79 198 198 178 79 199 199 179 79 200 200 177 80 201 201 179 81 202 202 175 82 203 203 178 83 204 204 174 84 205 205 185 11 206 206 176 85 207 207 178 83 208 208 181 86 209 209 185 11 210 210 176 85 211 211 184 87 212 212 184 87 213 213 181 86 214 214 197 88 215 215 182 15 216 216 175 82 217 217 179 81 218 218 198 89 219 219 181 90 220 220 180 91 221 221 182 15 222 222 177 80 223 223 175 82 224 224 199 0 225 225 179 0 226 226 178 0 227 227 187 92 228 228 184 87 229 229 186 93 230 230 188 15 231 231 182 15 232 232 201 15 233 233 188 2 234 234 187 2 235 235 186 2 236 236 201 94 237 237 189 95 238 238 187 96 239 239 195 97 240 240 197 98 241 241 198 89 242 242 195 2 243 243 193 2 244 244 196 2 245 245 193 0 246 246 200 0 247 247 199 0 248 248 190 99 249 249 195 100 250 250 192 101 251 251 186 102 252 252 192 103 253 253 188 104 254 254 191 105 255 255 193 106 256 256 189 107 257 257 191 79 258 258 190 79 259 259 192 79 260 260 190 99 261 261 200 15 262 262 194 108 263 263 192 101 264 264 198 15 265 265 188 15 266 266 189 107 267 267 199 11 268 268 187 92 269 269 191 105 270 270 197 88 271 271 196 109 272 272 180 110 273 273 177 80 274 274 183 15 275 275 233 11 276 276 231 11 277 277 232 11 278 278 207 1 279 279 223 1 280 280 222 1 281 281 209 11 282 282 224 11 283 283 223 11 284 284 213 111 285 285 225 112 286 286 224 113 287 287 211 15 288 288 222 15 289 289 225 15 290 290 213 2 291 291 207 2 292 292 211 2 293 293 215 114 294 294 227 115 295 295 226 116 296 296 217 11 297 297 228 11 298 298 227 11 299 299 221 117 300 300 229 118 301 301 228 119 302 302 219 15 303 303 226 15 304 304 229 15 305 305 221 2 306 306 215 2 307 307 219 2 308 308 225 15 309 309 206 15 310 310 210 15 311 311 224 113 312 312 210 120 313 313 212 120 314 314 223 11 315 315 212 11 316 316 208 11 317 317 222 1 318 318 208 1 319 319 206 1 320 320 229 15 321 321 214 15 322 322 218 15 323 323 228 119 324 324 218 121 325 325 220 0 326 326 227 11 327 327 220 11 328 328 216 11 329 329 226 116 330 330 216 122 331 331 214 123 332 332 237 15 333 333 235 15 334 334 236 15 335 335 169 15 336 336 167 15 337 337 168 15 338 338 1 0 345 345 2 0 346 346 3 0 347 347 6 1 348 348 5 1 349 349 4 1 350 350 6 2 351 351 7 2 352 352 2 2 353 353 12 3 354 354 11 15 355 355 9 4 356 356 13 6 357 357 10 124 358 358 8 7 359 359 15 9 360 360 17 125 361 361 18 10 362 362 14 12 363 363 16 126 364 364 19 13 365 365 1 11 366 366 0 11 367 367 5 11 368 368 4 15 369 369 3 15 370 370 2 15 371 371 24 1 372 372 23 1 373 373 21 1 374 374 25 16 375 375 22 127 376 376 20 17 377 377 27 0 378 378 29 0 379 379 30 0 380 380 26 19 381 381 28 128 382 382 31 20 383 383 38 1 384 384 33 1 385 385 32 1 386 386 33 2 387 387 38 2 388 388 43 2 389 389 35 0 390 390 37 0 391 391 39 0 392 392 42 2 393 393 43 2 394 394 47 2 395 395 41 2 396 396 42 2 397 397 46 2 398 398 43 15 399 399 49 15 400 400 45 15 401 401 46 2 402 402 47 2 403 403 37 2 404 404 41 11 405 405 44 11 406 406 48 11 407 407 51 15 408 408 53 15 409 409 54 15 410 410 50 21 411 411 52 0 412 412 55 22 413 413 60 24 414 414 59 11 415 415 57 25 416 416 61 27 417 417 58 129 418 418 56 28 419 419 66 29 420 420 65 15 421 421 63 30 422 422 67 32 423 423 64 130 424 424 62 33 425 425 69 11 426 426 71 11 427 427 72 11 428 428 68 0 429 429 70 0 430 430 73 0 431 431 78 1 432 432 77 1 433 433 75 1 434 434 79 34 435 435 76 131 436 436 74 35 437 437 81 0 438 438 83 0 439 439 84 0 440 440 80 37 441 441 82 132 442 442 85 38 443 443 87 0 444 444 89 0 445 445 90 0 446 446 86 39 447 447 88 133 448 448 91 40 449 449 96 1 450 450 95 1 451 451 93 1 452 452 97 15 453 453 94 15 454 454 92 15 455 455 101 42 456 456 99 43 457 457 98 42 458 458 101 0 459 459 105 0 460 460 104 0 461 461 98 1 462 462 103 1 463 463 102 1 464 464 103 44 465 465 104 45 466 466 105 44 467 467 100 46 468 468 102 134 469 469 105 47 470 470 99 49 471 471 104 135 472 472 103 50 473 473 106 1 474 474 107 1 475 475 109 1 476 476 107 51 477 477 106 136 478 478 108 52 479 479 112 11 480 480 113 11 481 481 115 11 482 482 112 54 483 483 114 1 484 484 117 55 485 485 122 0 486 486 121 0 487 487 119 0 488 488 119 57 489 489 123 137 490 490 120 58 491 491 124 15 492 492 128 15 493 493 127 15 494 494 129 59 495 495 126 138 496 496 124 60 497 497 130 0 498 498 134 0 499 499 133 0 500 500 131 62 501 501 135 139 502 502 132 63 503 503 136 65 504 504 140 140 505 505 139 66 506 506 141 67 507 507 138 141 508 508 136 68 509 509 143 1 510 510 145 1 511 511 146 1 512 512 143 70 513 513 142 11 514 514 144 71 515 515 148 73 516 516 149 15 517 517 151 74 518 518 148 76 519 519 150 142 520 520 153 77 521 521 155 15 522 522 156 15 523 523 163 15 524 524 157 11 525 525 154 11 526 526 164 11 527 527 160 15 528 528 161 15 529 529 173 15 530 530 159 11 531 531 158 11 532 532 170 11 533 533 205 11 540 540 202 11 541 541 203 11 542 542 180 79 543 543 181 79 544 544 178 79 545 545 177 80 546 546 180 110 547 547 179 81 548 548 187 92 549 549 199 11 550 550 185 11 551 551 199 11 552 552 178 83 553 553 185 11 554 554 176 85 555 555 174 84 556 556 178 83 557 557 185 11 558 558 174 84 559 559 176 85 560 560 197 88 561 561 186 93 562 562 184 87 563 563 184 87 564 564 176 85 565 565 181 86 566 566 179 81 567 567 200 15 568 568 182 15 569 569 200 15 570 570 201 15 571 571 182 15 572 572 198 89 573 573 197 98 574 574 181 90 575 575 182 15 576 576 183 15 577 577 177 80 578 578 199 0 579 579 200 0 580 580 179 0 581 581 187 92 582 582 185 11 583 583 184 87 584 584 188 15 585 585 183 15 586 586 182 15 587 587 188 2 588 588 201 2 589 589 187 2 590 590 201 94 591 591 190 1 592 592 189 95 593 593 195 97 594 594 196 1 595 595 197 98 596 596 195 2 597 597 194 2 598 598 193 2 599 599 193 0 600 600 194 0 601 601 200 0 602 602 190 99 603 603 194 108 604 604 195 100 605 605 186 102 606 606 191 143 607 607 192 103 608 608 191 105 609 609 196 109 610 610 193 106 611 611 191 79 612 612 189 79 613 613 190 79 614 614 190 99 615 615 201 15 616 616 200 15 617 617 192 101 618 618 195 100 619 619 198 15 620 620 189 107 621 621 193 106 622 622 199 11 623 623 191 105 624 624 186 93 625 625 197 88 626 626 183 15 627 627 188 15 628 628 198 15 629 629 198 15 630 630 180 110 631 631 183 15 632 632 233 11 633 633 230 11 634 634 231 11 635 635 207 1 636 636 209 1 637 637 223 1 638 638 209 11 639 639 213 11 640 640 224 11 641 641 213 111 642 642 211 144 643 643 225 112 644 644 211 15 645 645 207 15 646 646 222 15 647 647 213 2 648 648 209 2 649 649 207 2 650 650 215 114 651 651 217 1 652 652 227 115 653 653 217 11 654 654 221 11 655 655 228 11 656 656 221 117 657 657 219 145 658 658 229 118 659 659 219 15 660 660 215 15 661 661 226 15 662 662 221 2 663 663 217 2 664 664 215 2 665 665 225 15 666 666 222 15 667 667 206 15 668 668 224 113 669 669 225 112 670 670 210 120 671 671 223 11 672 672 224 11 673 673 212 11 674 674 222 1 675 675 223 1 676 676 208 1 677 677 229 15 678 678 226 15 679 679 214 15 680 680 228 119 681 681 229 118 682 682 218 121 683 683 227 11 684 684 228 11 685 685 220 11 686 686 226 116 687 687 227 115 688 688 216 122 689 689 237 15 690 690 234 15 691 691 235 15 692 692 169 15 693 693 166 15 694 694 167 15 695 695</p>
        </triangles>
      </mesh>
    </geometry>
    <geometry id="Cube_018-mesh" name="Cube.018">
      <mesh>
        <source id="Cube_018-mesh-positions">
          <float_array id="Cube_018-mesh-positions-array" count="192">0.7075024 0.01960039 2.434995 -0.7126248 0.01960027 2.434995 0.7075024 0.01960039 2.340362 -0.7126248 0.01960027 2.340362 0.7075024 -0.01909303 2.340362 0.7075024 -0.01909303 2.434995 -0.7126248 -0.01909315 2.434995 -0.7126248 -0.01909315 2.340362 0.01642251 -0.07720685 1.969048 0.4837483 -0.07720685 1.969048 0.01642251 -0.07720685 1.41034 0.4837483 -0.07720685 1.41034 0.01642251 0.07199764 1.41034 0.4837483 0.07199764 1.41034 0.01642251 0.07199764 1.910971 0.4837483 0.07199764 1.910971 0.01642251 -0.07720685 1.910971 0.4837483 -0.07720685 1.910971 0.01642251 -0.07720685 1.352249 0.4837483 -0.07720685 1.352249 0.01642251 0.07199764 1.11414 0.4837483 0.07199764 1.11414 0.01642251 -0.07720685 1.120216 0.4837483 -0.07720685 1.120216 0.01642251 -0.07720685 1.352249 0.4837483 -0.07720685 1.352249 0.01642251 0.07199764 1.352249 0.4837483 0.07199764 1.352249 -0.01821416 -0.08483469 0.671994 -0.01821416 0.07962548 0.671994 0.518385 0.07962548 0.671994 0.5183851 -0.08483469 0.671994 0.4837523 -0.08483469 1.121663 0.01642465 -0.08483469 1.121663 0.4837473 0.07962548 1.121663 0.5183851 -0.08483469 1.121663 0.518385 0.07962548 1.121663 -0.01821416 -0.08483469 1.121663 -0.01821416 0.07962548 1.121663 0.01642251 0.07962548 1.121663 -0.007464826 0.0669918 -0.2619171 -0.007464826 0.0669918 0.02548146 -0.007464826 -0.0695585 -0.2619171 -0.007464826 -0.0695585 0.02548146 -0.06827807 0.0669918 -0.2619171 -0.06827807 0.0669918 0.02548146 -0.06827801 -0.0695585 -0.2619171 -0.06827801 -0.0695585 0.02548146 0.6516159 0.06699061 -0.2619171 0.6516159 0.06699061 0.02548146 0.651616 -0.06955957 -0.2619171 0.651616 -0.06955957 0.02548146 0.5132411 0.06699061 -0.2619171 0.5132411 0.06699061 0.02548146 0.5132412 -0.06955957 -0.2619171 0.5132412 -0.06955957 0.02548146 -0.007464826 0.0669918 2.435159 -0.007464826 -0.0695585 2.435159 -0.06827801 -0.0695585 2.435159 -0.06827807 0.0669918 2.435159 0.6516159 0.06699061 2.527278 0.651616 -0.06955957 2.527278 0.5132412 -0.06955957 2.527278 0.5132411 0.06699061 2.527278</float_array>
          <technique_common>
            <accessor source="#Cube_018-mesh-positions-array" count="64" stride="3">
              <param name="X" type="float"/>
              <param name="Y" type="float"/>
              <param name="Z" type="float"/>
            </accessor>
          </technique_common>
        </source>
        <source id="Cube_018-mesh-normals">
          <float_array id="Cube_018-mesh-normals-array" count="96">0 1 0 0 1 0 0 -1 0 0 -1 0 0 -1 0 0 1 0 0 1 0 0 1 0 0 1 0 1 0 0 -1 -2.57972e-7 0 -1 -2.16655e-7 0 -1 -1.89851e-7 0 1 2.14433e-7 0 1 5.44971e-7 0 1 7.59404e-7 0 -1 -5.44971e-7 0 -1 -2.14433e-7 0 -1 0 0 1 0 0 1 6.73685e-7 0 -1 -2.68456e-7 0 -1 -1.84409e-7 0 -1 -2.71719e-7 0 -1 -6.73685e-7 0 -1 0 0 -1 -6.97904e-7 0 0 1 0 -1 -2.84776e-7 0 -1 -7.59404e-7 0 1 6.97904e-7 0 -1 -1.81146e-7 0</float_array>
          <technique_common>
            <accessor source="#Cube_018-mesh-normals-array" count="32" stride="3">
              <param name="X" type="float"/>
              <param name="Y" type="float"/>
              <param name="Z" type="float"/>
            </accessor>
          </technique_common>
        </source>
        <source id="Cube_018-mesh-map-0">
          <float_array id="Cube_018-mesh-map-0-array" count="336">0.9969646 0.717451 -0.03162473 0.785694 -0.03162473 0.717451 0.9969645 0.785694 -0.03162473 0.717451 0.9969645 0.717451 0.07612085 0.5286169 0.5434442 0.5866929 0.07612085 0.5866929 0.07612085 0.3552311 0.5434442 0.39854 0.07612085 0.39854 0.9996297 1.002949 1.58817e-4 -0.004180669 0.9996297 -0.004180669 0.9996297 1.002949 1.58817e-4 -0.00418055 0.9996297 -0.004180669 0.9777926 0.7654002 0.8995883 0.7050845 0.9777965 0.705096 0.9777926 0.7652962 0.8995881 0.7053025 0.9777963 0.7053139 1.2565 0.8485845 0.4716051 0.8484666 -0.05822587 0.8309744 1.468793 0.8484666 -1.34115 0.8309744 0.203109 0.8484789 0.6875404 0.850379 0.2285199 0.8741397 0.2285199 0.9602499 1.204452 0.850379 0.9586051 0.8628966 0.9586051 0.9725176 1.133689 0.850379 0.9057241 -0.07710158 0.905724 -0.02692371 1.102174 0.850379 0.9586051 0.8628963 0.9586051 0.9725176 1.133689 0.850379 1.102174 0.850379 1.102174 0.850379 0.8949403 0.850379 0.4940716 0.8631135 0.4940716 0.972741 0.8261137 0.850379 0.2285199 0.87414 0.2285199 0.9602499 0.7563672 0.850379 0.4940716 0.8631135 0.4940716 0.972741 0.8949403 0.850379 0.8261137 0.850379 0.8261137 0.850379 1.03141 0.850379 0.9057241 -0.07710212 0.9057241 -0.02692371 0.8261137 0.850379 0.7563672 0.850379 0.7563672 0.850379 1.102174 0.850379 1.03141 0.850379 1.03141 0.850379 0.7563672 0.850379 0.6875404 0.850379 0.6875404 0.850379 1.03141 0.850379 0.9998954 0.850379 0.9998954 0.850379 0.6875404 0.850379 0.617794 0.850379 0.617794 0.850379 1.204452 0.850379 1.133689 0.850379 1.133689 0.850379 0.9969646 0.717451 0.9969646 0.7856938 -0.03162473 0.785694 0.9969645 0.785694 -0.03162473 0.785694 -0.03162473 0.717451 0.07612085 0.5286169 0.5434442 0.5286169 0.5434442 0.5866929 0.07612085 0.3552311 0.5434442 0.3552311 0.5434442 0.39854 0.9996297 1.002949 1.5881e-4 1.002949 1.58817e-4 -0.004180669 0.9996297 1.002949 1.5881e-4 1.002949 1.58817e-4 -0.00418055 0.9777926 0.7654002 0.8995844 0.7653887 0.8995883 0.7050845 0.9777926 0.7652962 0.8995844 0.7652848 0.8995881 0.7053025 -0.05822587 0.8485549 1.488035 0.8485847 -0.05822587 0.8309744 1.488035 0.8485847 1.2565 0.8485845 -0.05822587 0.8309744 1.2565 0.8485845 1.030274 0.8485845 0.4716051 0.8484666 -1.34115 0.8309744 -1.34115 0.8483846 0.203109 0.8484789 0.203109 0.8484789 -0.02662736 0.8484454 1.468793 0.8484666 -0.02662736 0.8484454 -0.2528538 0.8484454 1.468793 0.8484666 0.6875404 0.850379 0.617794 0.850379 0.2285199 0.8741397 1.204452 0.850379 1.133689 0.850379 0.9586051 0.8628966 1.133689 0.850379 1.102174 0.850379 0.9057241 -0.07710158 1.102174 0.850379 1.03141 0.850379 0.9586051 0.8628963 1.133689 0.850379 1.133689 0.850379 1.102174 0.850379 0.8949403 0.850379 0.8261137 0.850379 0.4940716 0.8631135 0.8261137 0.850379 0.7563672 0.850379 0.2285199 0.87414 0.7563672 0.850379 0.6875404 0.850379 0.4940716 0.8631135 0.8949403 0.850379 0.8949403 0.850379 0.8261137 0.850379 1.03141 0.850379 0.9998954 0.850379 0.9057241 -0.07710212 0.8261137 0.850379 0.8261137 0.850379 0.7563672 0.850379 1.102174 0.850379 1.102174 0.850379 1.03141 0.850379 0.7563672 0.850379 0.7563672 0.850379 0.6875404 0.850379 1.03141 0.850379 1.03141 0.850379 0.9998954 0.850379 0.6875404 0.850379 0.6875404 0.850379 0.617794 0.850379 1.204452 0.850379 1.204452 0.850379 1.133689 0.850379</float_array>
          <technique_common>
            <accessor source="#Cube_018-mesh-map-0-array" count="168" stride="2">
              <param name="S" type="float"/>
              <param name="T" type="float"/>
            </accessor>
          </technique_common>
        </source>
        <source id="Cube_018-mesh-map-1">
          <float_array id="Cube_018-mesh-map-1-array" count="336">0 0 0 0 0 0 0 0 0 0 0 0 0 0 0 0 0 0 0 0 0 0 0 0 0 0 0 0 0 0 0 0 0 0 0 0 0 0 0 0 0 0 0 0 0 0 0 0 0 0 0 0 0 0 0 0 0 0 0 0 0 0 0 0 0 0 0 0 0 0 0 0 0 0 0 0 0 0 0 0 0 0 0 0 0 0 0 0 0 0 0 0 0 0 0 0 0 0 0 0 0 0 0 0 0 0 0 0 0 0 0 0 0 0 0 0 0 0 0 0 0 0 0 0 0 0 0 0 0 0 0 0 0 0 0 0 0 0 0 0 0 0 0 0 0 0 0 0 0 0 0 0 0 0 0 0 0 0 0 0 0 0 0 0 0 0 0 0 0 0 0 0 0 0 0 0 0 0 0 0 0 0 0 0 0 0 0 0 0 0 0 0 0 0 0 0 0 0 0 0 0 0 0 0 0 0 0 0 0 0 0 0 0 0 0 0 0 0 0 0 0 0 0 0 0 0 0 0 0 0 0 0 0 0 0 0 0 0 0 0 0 0 0 0 0 0 0 0 0 0 0 0 0 0 0 0 0 0 0 0 0 0 0 0 0 0 0 0 0 0 0 0 0 0 0 0 0 0 0 0 0 0 0 0 0 0 0 0 0 0 0 0 0 0 0 0 0 0 0 0 0 0 0 0 0 0 0 0 0 0 0 0 0 0 0 0 0 0 0 0 0 0 0 0 0 0 0 0 0 0 0 0 0 0 0 0</float_array>
          <technique_common>
            <accessor source="#Cube_018-mesh-map-1-array" count="168" stride="2">
              <param name="S" type="float"/>
              <param name="T" type="float"/>
            </accessor>
          </technique_common>
        </source>
        <source id="Cube_018-mesh-colors-Attribute" name="Attribute">
          <float_array id="Cube_018-mesh-colors-Attribute-array" count="672">0.7490196 0.7490196 0.7490196 1 0.7490196 0.7490196 0.7490196 1 0.7490196 0.7490196 0.7490196 1 0.7490196 0.7490196 0.7490196 1 0.7490196 0.7490196 0.7490196 1 0.7490196 0.7490196 0.7490196 1 0.7490196 0.2431373 0.2117647 1 0.7490196 0.2431373 0.2117647 1 0.7490196 0.2431373 0.2117647 1 0.7490196 0.2431373 0.2117647 1 0.7490196 0.2431373 0.2117647 1 0.7490196 0.2431373 0.2117647 1 0.8980392 0.8980392 0.8980392 1 0.8980392 0.8980392 0.8980392 1 0.8980392 0.8980392 0.8980392 1 0.8980392 0.8980392 0.8980392 1 0.8980392 0.8980392 0.8980392 1 0.8980392 0.8980392 0.8980392 1 0.6980392 0.7019608 0.6980392 1 0.6980392 0.7019608 0.6980392 1 0.6980392 0.7019608 0.6980392 1 0.6980392 0.7019608 0.6980392 1 0.6980392 0.7019608 0.6980392 1 0.6980392 0.7019608 0.6980392 1 0.4313725 0.4313725 0.4313725 1 0.4313725 0.4313725 0.4313725 1 0.4313725 0.4313725 0.4313725 1 0.4313725 0.4313725 0.4313725 1 0.4313725 0.4313725 0.4313725 1 0.4313725 0.4313725 0.4313725 1 0.4509804 0.4509804 0.4509804 1 0.4313725 0.4313725 0.4313725 1 0.4313725 0.4313725 0.4313725 1 0.4509804 0.4509804 0.4509804 1 0.4313725 0.4313725 0.4313725 1 0.4313725 0.4313725 0.4313725 1 0.4509804 0.4509804 0.4509804 1 0.4313725 0.4313725 0.4313725 1 0.4313725 0.4313725 0.4313725 1 0.4509804 0.4509804 0.4509804 1 0.4313725 0.4313725 0.4313725 1 0.4313725 0.4313725 0.4313725 1 0.7490196 0.7490196 0.7490196 1 0.7490196 0.7490196 0.7490196 1 0.7490196 0.7490196 0.7490196 1 0.4509804 0.4509804 0.4509804 1 0.4313725 0.4313725 0.4313725 1 0.4313725 0.4313725 0.4313725 1 0.4509804 0.4509804 0.4509804 1 0.4313725 0.4313725 0.4313725 1 0.4313725 0.4313725 0.4313725 1 0.4509804 0.4509804 0.4509804 1 0.4313725 0.4313725 0.4313725 1 0.4313725 0.4313725 0.4313725 1 0.7490196 0.7490196 0.7490196 1 0.7490196 0.7490196 0.7490196 1 0.7490196 0.7490196 0.7490196 1 0.4509804 0.4509804 0.4509804 1 0.4313725 0.4313725 0.4313725 1 0.4313725 0.4313725 0.4313725 1 0.7490196 0.7490196 0.7490196 1 0.7490196 0.7490196 0.7490196 1 0.7490196 0.7490196 0.7490196 1 0.7490196 0.7490196 0.7490196 1 0.7490196 0.7490196 0.7490196 1 0.7490196 0.7490196 0.7490196 1 0.7490196 0.7490196 0.7490196 1 0.7490196 0.7490196 0.7490196 1 0.7490196 0.7490196 0.7490196 1 0.7490196 0.7490196 0.7490196 1 0.7490196 0.7490196 0.7490196 1 0.7490196 0.7490196 0.7490196 1 0.7490196 0.7490196 0.7490196 1 0.7490196 0.7490196 0.7490196 1 0.7490196 0.7490196 0.7490196 1 0.7490196 0.7490196 0.7490196 1 0.7490196 0.7490196 0.7490196 1 0.7490196 0.7490196 0.7490196 1 0.7490196 0.7490196 0.7490196 1 0.7490196 0.7490196 0.7490196 1 0.7490196 0.7490196 0.7490196 1 0.7490196 0.7490196 0.7490196 1 0.7490196 0.7490196 0.7490196 1 0.7490196 0.7490196 0.7490196 1 0.7490196 0.2431373 0.2117647 1 0.7490196 0.2431373 0.2117647 1 0.7490196 0.2431373 0.2117647 1 0.7490196 0.2431373 0.2117647 1 0.7490196 0.2431373 0.2117647 1 0.7490196 0.2431373 0.2117647 1 0.8980392 0.8980392 0.8980392 1 0.8980392 0.8980392 0.8980392 1 0.8980392 0.8980392 0.8980392 1 0.8980392 0.8980392 0.8980392 1 0.8980392 0.8980392 0.8980392 1 0.8980392 0.8980392 0.8980392 1 0.6980392 0.7019608 0.6980392 1 0.6980392 0.7019608 0.6980392 1 0.6980392 0.7019608 0.6980392 1 0.6980392 0.7019608 0.6980392 1 0.6980392 0.7019608 0.6980392 1 0.6980392 0.7019608 0.6980392 1 0.4313725 0.4313725 0.4313725 1 0.4313725 0.4313725 0.4313725 1 0.4313725 0.4313725 0.4313725 1 0.4313725 0.4313725 0.4313725 1 0.4313725 0.4313725 0.4313725 1 0.4313725 0.4313725 0.4313725 1 0.4313725 0.4313725 0.4313725 1 0.4313725 0.4313725 0.4313725 1 0.4313725 0.4313725 0.4313725 1 0.4313725 0.4313725 0.4313725 1 0.4313725 0.4313725 0.4313725 1 0.4313725 0.4313725 0.4313725 1 0.4313725 0.4313725 0.4313725 1 0.4313725 0.4313725 0.4313725 1 0.4313725 0.4313725 0.4313725 1 0.4313725 0.4313725 0.4313725 1 0.4313725 0.4313725 0.4313725 1 0.4313725 0.4313725 0.4313725 1 0.4509804 0.4509804 0.4509804 1 0.4509804 0.4509804 0.4509804 1 0.4313725 0.4313725 0.4313725 1 0.4509804 0.4509804 0.4509804 1 0.4509804 0.4509804 0.4509804 1 0.4313725 0.4313725 0.4313725 1 0.4509804 0.4509804 0.4509804 1 0.4509804 0.4509804 0.4509804 1 0.4313725 0.4313725 0.4313725 1 0.4509804 0.4509804 0.4509804 1 0.4509804 0.4509804 0.4509804 1 0.4313725 0.4313725 0.4313725 1 0.7490196 0.7490196 0.7490196 1 0.7490196 0.7490196 0.7490196 1 0.7490196 0.7490196 0.7490196 1 0.4509804 0.4509804 0.4509804 1 0.4509804 0.4509804 0.4509804 1 0.4313725 0.4313725 0.4313725 1 0.4509804 0.4509804 0.4509804 1 0.4509804 0.4509804 0.4509804 1 0.4313725 0.4313725 0.4313725 1 0.4509804 0.4509804 0.4509804 1 0.4509804 0.4509804 0.4509804 1 0.4313725 0.4313725 0.4313725 1 0.7490196 0.7490196 0.7490196 1 0.7490196 0.7490196 0.7490196 1 0.7490196 0.7490196 0.7490196 1 0.4509804 0.4509804 0.4509804 1 0.4509804 0.4509804 0.4509804 1 0.4313725 0.4313725 0.4313725 1 0.7490196 0.7490196 0.7490196 1 0.7490196 0.7490196 0.7490196 1 0.7490196 0.7490196 0.7490196 1 0.7490196 0.7490196 0.7490196 1 0.7490196 0.7490196 0.7490196 1 0.7490196 0.7490196 0.7490196 1 0.7490196 0.7490196 0.7490196 1 0.7490196 0.7490196 0.7490196 1 0.7490196 0.7490196 0.7490196 1 0.7490196 0.7490196 0.7490196 1 0.7490196 0.7490196 0.7490196 1 0.7490196 0.7490196 0.7490196 1 0.7490196 0.7490196 0.7490196 1 0.7490196 0.7490196 0.7490196 1 0.7490196 0.7490196 0.7490196 1 0.7490196 0.7490196 0.7490196 1 0.7490196 0.7490196 0.7490196 1 0.7490196 0.7490196 0.7490196 1</float_array>
          <technique_common>
            <accessor source="#Cube_018-mesh-colors-Attribute-array" count="168" stride="4">
              <param name="R" type="float"/>
              <param name="G" type="float"/>
              <param name="B" type="float"/>
              <param name="A" type="float"/>
            </accessor>
          </technique_common>
        </source>
        <vertices id="Cube_018-mesh-vertices">
          <input semantic="POSITION" source="#Cube_018-mesh-positions"/>
        </vertices>
        <triangles material="lod_vertcol-material" count="56">
          <input semantic="VERTEX" source="#Cube_018-mesh-vertices" offset="0"/>
          <input semantic="NORMAL" source="#Cube_018-mesh-normals" offset="1"/>
          <input semantic="TEXCOORD" source="#Cube_018-mesh-map-0" offset="2" set="0"/>
          <input semantic="TEXCOORD" source="#Cube_018-mesh-map-1" offset="2" set="1"/>
          <input semantic="COLOR" source="#Cube_018-mesh-colors-Attribute" offset="3" set="0"/>
          <p>3 0 0 0 0 0 1 1 2 1 2 2 5 2 3 3 7 2 4 4 4 3 5 5 9 4 6 6 16 4 7 7 17 4 8 8 11 4 9 9 18 4 10 10 19 4 11 11 14 5 12 12 13 5 13 13 12 5 14 14 17 4 15 15 10 4 16 16 11 4 17 17 26 5 18 18 21 5 19 19 20 5 20 20 25 4 21 21 22 4 22 22 23 4 23 23 31 4 24 24 32 4 25 25 33 4 26 26 39 6 27 27 34 7 28 28 30 8 29 29 53 5 30 30 48 5 31 31 52 5 32 32 41 9 33 33 42 9 34 34 40 9 35 35 43 4 36 36 46 4 37 37 42 4 38 38 47 10 39 39 44 11 40 40 46 12 41 41 43 4 42 42 58 4 43 43 47 4 44 44 49 13 45 45 50 14 46 46 48 15 47 47 51 4 48 48 54 4 49 49 50 4 50 50 55 16 51 51 52 17 52 52 54 18 53 53 49 19 54 54 61 20 55 55 51 9 56 56 45 5 57 57 40 5 58 58 44 5 59 59 51 4 60 60 62 4 61 61 55 4 62 62 47 21 63 63 59 22 64 64 45 23 65 65 55 24 66 66 63 25 67 67 53 26 68 68 45 5 69 69 56 5 70 70 41 5 71 71 53 5 72 72 60 5 73 73 49 5 74 74 41 9 75 75 57 9 76 76 43 9 77 77 3 0 78 78 1 1 79 79 0 0 80 80 5 2 81 81 6 3 82 82 7 2 83 83 9 4 84 84 8 4 85 85 16 4 86 86 11 4 87 87 10 4 88 88 18 4 89 89 14 5 90 90 15 5 91 91 13 5 92 92 17 4 93 93 16 4 94 94 10 4 95 95 26 5 96 96 27 5 97 97 21 5 98 98 25 4 99 99 24 4 100 100 22 4 101 101 37 4 102 102 28 4 103 103 33 4 104 104 28 4 105 105 31 4 106 106 33 4 107 107 31 4 108 108 35 4 109 109 32 4 110 110 34 7 111 111 36 5 112 112 30 8 113 113 30 8 114 114 29 27 115 115 39 6 116 116 29 27 117 117 38 5 118 118 39 6 119 119 53 5 120 120 49 5 121 121 48 5 122 122 41 9 123 123 43 9 124 124 42 9 125 125 43 4 126 126 47 4 127 127 46 4 128 128 47 10 129 129 45 28 130 130 44 11 131 131 43 4 132 132 57 4 133 133 58 4 134 134 49 13 135 135 51 9 136 136 50 14 137 137 51 4 138 138 55 4 139 139 54 4 140 140 55 16 141 141 53 29 142 142 52 17 143 143 49 19 144 144 60 30 145 145 61 20 146 146 45 5 147 147 41 5 148 148 40 5 149 149 51 4 150 150 61 4 151 151 62 4 152 152 47 21 153 153 58 31 154 154 59 22 155 155 55 24 156 156 62 18 157 157 63 25 158 158 45 5 159 159 59 5 160 160 56 5 161 161 53 5 162 162 63 5 163 163 60 5 164 164 41 9 165 165 56 9 166 166 57 9 167 167</p>
        </triangles>
      </mesh>
    </geometry>
  </library_geometries>
  <library_visual_scenes>
    <visual_scene id="Scene" name="Scene">
      <node id="base00" name="base00" type="NODE">
        <matrix sid="transform">1 0 0 0 0 1 0 0 0 0 1 0 0 0 0 1</matrix>
        <node id="start01" name="start01" type="NODE">
          <matrix sid="transform">1 0 0 0 0 1 0 0 0 0 1 0 0 0 0 1</matrix>
          <node id="s_busstop_wcu_04_L30" name="s_busstop_wcu_04_L30" type="NODE">
            <matrix sid="transform">0.9999999 0 0 0 0 1 0 0 0 0 1 0 0 0 0 1</matrix>
            <instance_geometry url="#Cube_018-mesh" name="s_busstop_wcu_04_L30">
              <bind_material>
                <technique_common>
                  <instance_material symbol="lod_vertcol-material" target="#lod_vertcol-material">
                    <bind_vertex_input semantic="UVMap" input_semantic="TEXCOORD" input_set="0"/>
                    <bind_vertex_input semantic="UVMap.001" input_semantic="TEXCOORD" input_set="1"/>
                  </instance_material>
                </technique_common>
              </bind_material>
            </instance_geometry>
          </node>
          <node id="s_busstop_wcu_04_L70" name="s_busstop_wcu_04_L70" type="NODE">
            <matrix sid="transform">0.9999999 0 0 0 0 1 0 0 0 0 1 0 0 0 0 1</matrix>
            <instance_geometry url="#Cube_006-mesh" name="s_busstop_wcu_04_L70">
              <bind_material>
                <technique_common>
                  <instance_material symbol="m_bus_routes_wca-material" target="#m_bus_routes_wca-material">
                    <bind_vertex_input semantic="UVMap" input_semantic="TEXCOORD" input_set="0"/>
                    <bind_vertex_input semantic="UVMap.001" input_semantic="TEXCOORD" input_set="1"/>
                  </instance_material>
                  <instance_material symbol="m_sign_busstop-material" target="#m_sign_busstop-material">
                    <bind_vertex_input semantic="UVMap" input_semantic="TEXCOORD" input_set="0"/>
                    <bind_vertex_input semantic="UVMap.001" input_semantic="TEXCOORD" input_set="1"/>
                  </instance_material>
                  <instance_material symbol="lod_vertcol-material" target="#lod_vertcol-material">
                    <bind_vertex_input semantic="UVMap" input_semantic="TEXCOORD" input_set="0"/>
                    <bind_vertex_input semantic="UVMap.001" input_semantic="TEXCOORD" input_set="1"/>
                  </instance_material>
                </technique_common>
              </bind_material>
            </instance_geometry>
          </node>
          <node id="s_busstop_wcu_04_L300" name="s_busstop_wcu_04_L300" type="NODE">
            <matrix sid="transform">0.9999999 0 0 0 0 1 0 0 0 0 1 0 0 0 0 1</matrix>
            <instance_geometry url="#Cube_002-mesh" name="s_busstop_wcu_04_L300">
              <bind_material>
                <technique_common>
                  <instance_material symbol="industrial_trim-material" target="#industrial_trim-material">
                    <bind_vertex_input semantic="UVMap" input_semantic="TEXCOORD" input_set="0"/>
                    <bind_vertex_input semantic="UVMap.001" input_semantic="TEXCOORD" input_set="1"/>
                  </instance_material>
                  <instance_material symbol="m_plastic_01-material" target="#m_plastic_01-material">
                    <bind_vertex_input semantic="UVMap" input_semantic="TEXCOORD" input_set="0"/>
                    <bind_vertex_input semantic="UVMap.001" input_semantic="TEXCOORD" input_set="1"/>
                  </instance_material>
                  <instance_material symbol="m_bus_routes_wca-material" target="#m_bus_routes_wca-material">
                    <bind_vertex_input semantic="UVMap" input_semantic="TEXCOORD" input_set="0"/>
                    <bind_vertex_input semantic="UVMap.001" input_semantic="TEXCOORD" input_set="1"/>
                  </instance_material>
                  <instance_material symbol="m_billboardsigns_dealers-material" target="#m_billboardsigns_dealers-material">
                    <bind_vertex_input semantic="UVMap" input_semantic="TEXCOORD" input_set="0"/>
                    <bind_vertex_input semantic="UVMap.001" input_semantic="TEXCOORD" input_set="1"/>
                  </instance_material>
                  <instance_material symbol="m_sign_busstop-material" target="#m_sign_busstop-material">
                    <bind_vertex_input semantic="UVMap" input_semantic="TEXCOORD" input_set="0"/>
                    <bind_vertex_input semantic="UVMap.001" input_semantic="TEXCOORD" input_set="1"/>
                  </instance_material>
                  <instance_material symbol="ind_concrete-material" target="#ind_concrete-material">
                    <bind_vertex_input semantic="UVMap" input_semantic="TEXCOORD" input_set="0"/>
                    <bind_vertex_input semantic="UVMap.001" input_semantic="TEXCOORD" input_set="1"/>
                  </instance_material>
                </technique_common>
              </bind_material>
            </instance_geometry>
          </node>
        </node>
        <node id="nulldetail10" name="nulldetail10" type="NODE">
          <matrix sid="transform">1 0 0 0 0 1 0 0 0 0 1 0 0 0 0 1</matrix>
        </node>
      </node>
    </visual_scene>
  </library_visual_scenes>
  <scene>
    <instance_visual_scene url="#Scene"/>
  </scene>
</COLLADA>