id,category,family,texture,original_text,original_unit,original_value,ptbr_text,ptbr_unit,ptbr_value,localization_type,functional_dependency,status,scope,wcusa_usage,notes
roadsigns_stop,traffic,t_roadsigns,t_roadsigns_b.color,STOP,,,PARE,,,regulatory_br,,qa_passed,global,confirmed,"R-1 (MBST Vol I): octógono vermelho, orla branca, letras brancas. Reconstruir a partir do original sem deslocar o octógono (UV 1164-1290 x 231-358 px, compartilhada por sign_stop.dae e roadsigns.dae). | Fase 5: implementado e verificado no jogo (tests/screenshots/phase5)."
roadsigns_yield,traffic,t_roadsigns,t_roadsigns_b.color,YIELD,,,(sem legenda) — triângulo R-2 branco com orla vermelha,,,regulatory_br,,qa_passed,global,confirmed,"MBST Vol I: R-2 tem só fundo branco + orla vermelha, sem letras; informação complementar é proibida. 'DÊ A PREFERÊNCIA' é o NOME do sinal e pode ir como legenda no pavimento (Vol I p.44). UV 1282-1456 x 236-384 px. | Fase 5: implementado e verificado no jogo (tests/screenshots/phase5)."
roadsigns_do_not_enter,traffic,t_roadsigns,t_roadsigns_b.color,DO NOT ENTER,,,(sem legenda) — R-3 Sentido proibido,,,regulatory_br,,qa_passed,global,confirmed,"R-3 brasileiro: círculo vermelho com barra branca, sem texto. Remover 'DO NOT'/'ENTER' mantendo círculo e barra. | Fase 5: implementado e verificado no jogo (tests/screenshots/phase5)."
roadsigns_wrong_way,traffic,t_roadsigns,t_roadsigns_b.color,WRONG WAY,,,CONTRAMÃO,,,contextual,,qa_passed,global,confirmed,Sem equivalente regulamentar direto; mantém placa retangular vermelha. | Fase 5: implementado e verificado no jogo (tests/screenshots/phase5).
roadsigns_one_way,traffic,t_roadsigns,t_roadsigns_b.color,ONE WAY,,,MÃO ÚNICA,,,contextual,,approved_rule,global,confirmed,Equivalente regulamentar é R-24a (circular); geometria existente é retangular com seta — manter formato com texto 'MÃO ÚNICA'. | Fase 5: not_used_wcusa (nenhum mesh instanciado amostra a região) — não editado.
roadsigns_no_parking_any_time,traffic,t_roadsigns,t_roadsigns_b.color,NO PARKING ANY TIME (+ seta),,,PROIBIDO ESTACIONAR (+ seta),,,regulatory_br,,qa_passed,global,confirmed,Base R-6a. 'ANY TIME' é omitido: sem informação complementar a proibição é permanente (MBST Vol I §4.3.1). | Fase 5: implementado e verificado no jogo (tests/screenshots/phase5).
roadsigns_no_parking_bus_stop,traffic,t_roadsigns,t_roadsigns_b.color,NO PARKING BUS STOP (+ seta),,,PROIBIDO ESTACIONAR — PONTO DE ÔNIBUS (+ seta),,,regulatory_br,,qa_passed,global,confirmed,R-6a + informação complementar retangular nas mesmas cores. | Fase 5: implementado e verificado no jogo (tests/screenshots/phase5).
roadsigns_no_u_turn_text,traffic,t_roadsigns,t_roadsigns_b.color,NO U TURN,,,PROIBIDO RETORNAR,,,contextual,,rule_defined,global,confirmed,Tile de texto (placas de pórtico). O pictograma R-5a vizinho é mantido. | Fase 5: not_used_wcusa (nenhum mesh instanciado amostra a região) — não editado.
roadsigns_red_light_violation,traffic,t_roadsigns,t_roadsigns_b.color,RED LIGHT VIOLATION $400 FINE,USD,400,AVANÇO DE SINAL VERMELHO — MULTA R$ 400,BRL,400,contextual,,qa_passed,global,confirmed,Moeda: R$ sem conversão cambial. | Fase 5: implementado e verificado no jogo (tests/screenshots/phase5).
roadsigns_road_closed_board,traffic,t_roadsigns,t_roadsigns_b.color,ROAD CLOSED (placa branca),,,VIA INTERDITADA,,,contextual,,rule_defined,global,confirmed,Fase 5: not_used_wcusa (nenhum mesh instanciado amostra a região) — não editado.
roadsigns_road_closed_stencil,traffic,t_roadsigns,t_roadsigns_b.color,ROAD CLOSED (letreiro estêncil),,,VIA INTERDITADA,,,contextual,,qa_passed,global,confirmed,Usado em cavaletes/obras. | Fase 5: implementado e verificado no jogo (tests/screenshots/phase5).
roadsigns_do_not_block,traffic,t_roadsigns,t_roadsigns_b.color,DO NOT BLOCK INTERSECTION,,,NÃO BLOQUEIE O CRUZAMENTO,,,contextual,,qa_passed,global,confirmed,Fase 5: implementado e verificado no jogo (tests/screenshots/phase5).
roadsigns_parking_2h_green,traffic,t_roadsigns,t_roadsigns_b.color,2 HOUR PARKING 8 A.M. TO 9 P.M. MON THRU SAT EXCEPT VEHICLES WITH AREA C PERMITS,h,2,ESTACIONAMENTO 2 h · 8h ÀS 21h · SEG A SÁB · EXCETO VEÍCULOS COM PERMISSÃO ZONA C,h,2,regulatory_br,,qa_passed,global,confirmed,Base R-6b + informação complementar; horário 24 h. | Fase 5: implementado e verificado no jogo (tests/screenshots/phase5).
roadsigns_parking_2h_7_6,traffic,t_roadsigns,t_roadsigns_b.color,2 HOUR PARKING 7AM TO 6PM EXCEPT SUNDAY,,,ESTACIONAMENTO 2 h · 7h ÀS 18h · EXCETO DOMINGOS,,,regulatory_br,,qa_passed,global,confirmed,Fase 5: implementado e verificado no jogo (tests/screenshots/phase5).
roadsigns_left_turn_green,traffic,t_roadsigns,t_roadsigns_b.color,LEFT TURN ON GREEN ARROW ONLY,,,CONVERSÃO À ESQUERDA SOMENTE COM SETA VERDE,,,contextual,,qa_passed,global,confirmed,Fase 5: implementado e verificado no jogo (tests/screenshots/phase5).
roadsigns_tunnel,traffic,t_roadsigns,t_roadsigns_b.color,TUNNEL,,,TÚNEL,,,literal,,rule_defined,global,confirmed,Fase 5: not_used_wcusa (nenhum mesh instanciado amostra a região) — não editado.
roadsigns_road_work,traffic,t_roadsigns,t_roadsigns_b.color,ROAD WORK,,,OBRAS NA VIA,,,contextual,,qa_passed,global,confirmed,Fase 5: implementado e verificado no jogo (tests/screenshots/phase5).
roadsigns_toll_plaza,traffic,t_roadsigns,t_roadsigns_b.color,CAUTION TOLL PLAZA AHEAD,,,ATENÇÃO — PEDÁGIO À FRENTE,,,contextual,,qa_passed,global,confirmed,Fase 5: implementado e verificado no jogo (tests/screenshots/phase5).
roadsigns_toll,traffic,t_roadsigns,t_roadsigns_b.color,TOLL,,,PEDÁGIO,,,literal,,qa_passed,global,confirmed,Fase 5: implementado e verificado no jogo (tests/screenshots/phase5).
roadsigns_only,traffic,t_roadsigns,t_roadsigns_b.color,ONLY (placas de pórtico),,,SOMENTE,,,contextual,,rule_defined,global,confirmed,"Ordem das palavras depende da composição da placa de pórtico; conferir no QA. | Fase 5: preservado — letras O/N reutilizadas pela cabine de pedágio (s_toll_booth_center ""DO NOT STOP""); exige asset/mesh dedicado."
roadsigns_per_vehicle,traffic,t_roadsigns,t_roadsigns_b.color,PER VEHICLE,,,POR VEÍCULO,,,literal,,rule_defined,global,confirmed,Fase 5: preservado junto com a placa CARPOOLS (mesmo painel).
roadsigns_carpools,traffic,t_roadsigns,t_roadsigns_b.color,CARPOOLS ONLY 2 OR MORE PERSONS,,,SOMENTE VEÍCULOS COM 2 OU MAIS OCUPANTES,,,contextual,,rule_defined,global,confirmed,"Evita 'carona' (sentido diferente em PT-BR). | Fase 5: preservado — o ""P"" de CARPOOLS é o pictograma da placa ""proibido estacionar (P)""; exige asset dedicado."
roadsigns_caution_construction,traffic,t_roadsigns,t_roadsigns_b.color,CAUTION UNDER CONSTRUCTION,,,ATENÇÃO — EM OBRAS,,,contextual,,qa_passed,global,confirmed,Fase 5: implementado e verificado no jogo (tests/screenshots/phase5).
roadsigns_danger_high_voltage,traffic,t_roadsigns,t_roadsigns_b.color,DANGER HIGH VOLTAGE,,,PERIGO — ALTA TENSÃO,,,literal,,qa_passed,global,confirmed,Fase 5: implementado e verificado no jogo (tests/screenshots/phase5).
roadsigns_cam_speed_red,traffic,t_roadsigns,t_roadsigns_b.color,SPEED & RED LIGHT (câmera),,,FISCALIZAÇÃO ELETRÔNICA — VELOCIDADE E AVANÇO DE SINAL,,,contextual,,rule_defined,global,confirmed,Placa s_sign_speedlightcam (UV 1473-1640 x 786-1021). | Fase 5: not_used_wcusa (nenhum mesh instanciado amostra a região) — não editado.
roadsigns_cam_municipal,traffic,t_roadsigns,t_roadsigns_b.color,MUNICIPAL SPEED CAMERA IN USE,,,FISCALIZAÇÃO ELETRÔNICA DE VELOCIDADE,,,contextual,,qa_passed,global,confirmed,Placa s_sign_speedcam. | Fase 5: implementado e verificado no jogo (tests/screenshots/phase5).
roadsigns_cam_red_light,traffic,t_roadsigns,t_roadsigns_b.color,RED LIGHT PHOTO ENFORCED,,,FISCALIZAÇÃO ELETRÔNICA — AVANÇO DE SINAL,,,contextual,,qa_passed,global,confirmed,Placa s_sign_lightcam. | Fase 5: implementado e verificado no jogo (tests/screenshots/phase5).
roadsigns_exit,traffic,t_roadsigns,t_roadsigns_b.color,EXIT,,,SAÍDA,,,literal,,qa_passed,global,confirmed,Fase 5: implementado e verificado no jogo (tests/screenshots/phase5).
roadsigns_next,traffic,t_roadsigns,t_roadsigns_b.color,NEXT,,,PRÓXIMA,,,contextual,,qa_passed,global,confirmed,'NEXT EXIT' → 'PRÓXIMA SAÍDA'. | Fase 5: implementado e verificado no jogo (tests/screenshots/phase5).
roadsigns_dir_north,traffic,t_roadsigns,t_roadsigns_b.color,NORTH,,,NORTE,,,literal,,qa_passed,global,confirmed,Fase 5: implementado e verificado no jogo (tests/screenshots/phase5).
roadsigns_dir_south,traffic,t_roadsigns,t_roadsigns_b.color,SOUTH,,,SUL,,,literal,,qa_passed,global,confirmed,Fase 5: implementado e verificado no jogo (tests/screenshots/phase5).
roadsigns_dir_east,traffic,t_roadsigns,t_roadsigns_b.color,EAST,,,LESTE,,,literal,,qa_passed,global,confirmed,Fase 5: implementado e verificado no jogo (tests/screenshots/phase5).
roadsigns_dir_west,traffic,t_roadsigns,t_roadsigns_b.color,WEST,,,OESTE,,,literal,,qa_passed,global,confirmed,Fase 5: implementado e verificado no jogo (tests/screenshots/phase5).
roadsigns_mph_tile,speed,t_roadsigns,t_roadsigns_b.color,MPH,mph,,km/h,km/h,,unit_conversion,,approved_rule,global,confirmed,"Tile usado com as placas de velocidade. Ver speed_limits.md: a troca exige R-19 com material/mesh próprios. | Fase 5: preservado — compõe as placas de advertência 15/20/25/30 MPH do roadsigns.dae; trocar só a unidade daria ""25 km/h"" falso -> pendente com aquelas placas."
roadsigns_speed_limit_tile,speed,t_roadsigns,t_roadsigns_b.color,SPEED LIMIT,,,(sem legenda) — R-19 circular,,,regulatory_br,,needs_implementation,global,confirmed,R-19 não tem texto além do número e 'km/h'. Tile UV 229-363 x 289-381 usado só por sign_speed5/25. | Fase 5: R-19 próprio implementado para sign_speed5/25; o tile continua usado pelas placas SPEED LIMIT 30/40/70 do roadsigns.dae e por letras avulsas da cabine de pedágio -> pendente.
roadsigns_digits,traffic,t_roadsigns,t_roadsigns_b.color,0 1 2 3 4 5 6 7 8 9 (linha de algarismos),,,(inalterado),,,preserve_original,,preserve_original,global,confirmed,"Glifos COMPARTILHADOS por sign_speed5/25, docas de armazém, pedágios, túnel. Não podem virar '40'/'10' sem quebrar outros objetos."
roadsigns_fractions_miles,unit,t_roadsigns,t_roadsigns_b.color,1/4 1/2 3/4 + MILES,mi,0.25/0.5/0.75,"0,4 · 0,8 · 1,2 + km",km,"0,4/0,8/1,2",unit_conversion,,needs_implementation,global,confirmed,"Distâncias de pórtico em milhas; glifos de fração compostos por UV com o tile MILES. Conversão: 1/4 mi = 0,40 km; 1/2 mi = 0,80 km; 3/4 mi = 1,21 km. Exige recomposição (mesh roadsigns.dae) — ver LOCALIZATION_RULES §Distância. | Fase 5: preservado (½ MILE continua na placa de pedágio) — recomposição pendente."
roadsigns_miles,unit,t_roadsigns,t_roadsigns_b.color,MILES,mi,,km,km,,unit_conversion,,needs_implementation,global,confirmed,Fase 5: preservado — recomposição pendente.
roadsigns_place_brittlebush_st,place_name,t_roadsigns,t_roadsigns_b.color,Brittlebush St,,,Rua Brittlebush,,,contextual,,qa_passed,global,confirmed,Fase 5: implementado e verificado no jogo (tests/screenshots/phase5).
roadsigns_place_belasco_city,place_name,t_roadsigns,t_roadsigns_b.color,Belasco City,,,Belasco,,,contextual,,qa_passed,global,confirmed,Destino em placa de pórtico: nome curto. 'Cidade de Belasco' só quando houver espaço e o contexto for institucional. | Fase 5: implementado e verificado no jogo (tests/screenshots/phase5).
roadsigns_place_creosote_st,place_name,t_roadsigns,t_roadsigns_b.color,Creosote St,,,Rua Creosote,,,contextual,,rule_defined,global,confirmed,Fase 5: not_used_wcusa (nenhum mesh instanciado amostra a região) — não editado.
roadsigns_place_fog_hill,place_name,t_roadsigns,t_roadsigns_b.color,Fog Hill,,,Fog Hill,,,proper_name,,preserve_original,global,confirmed,Nome próprio de bairro. | Fase 5: not_used_wcusa (nenhum mesh instanciado amostra a região) — não editado.
roadsigns_place_rush_rd,place_name,t_roadsigns,t_roadsigns_b.color,Rush Rd,,,Estrada Rush,,,contextual,,rule_defined,global,confirmed,"needs_context resolvido na Fase 5: nenhum mesh instanciado do West Coast amostra o tile (not_used_wcusa) -> sem contexto físico; tile preservado; se vier a ser usado vale o padrão ""Estrada Rush"" (Rd fora do centro)."
roadsigns_place_mariposa_st,place_name,t_roadsigns,t_roadsigns_b.color,Mariposa St,,,Rua Mariposa,,,contextual,,rule_defined,global,confirmed,Fase 5: not_used_wcusa (nenhum mesh instanciado amostra a região) — não editado.
roadsigns_place_sierra_vista,place_name,t_roadsigns,t_roadsigns_b.color,Sierra Vista,,,Sierra Vista,,,proper_name,,preserve_original,global,confirmed,
roadsigns_place_mojave_rd,place_name,t_roadsigns,t_roadsigns_b.color,Mojave Rd,,,Estrada Mojave,,,contextual,,qa_passed,global,confirmed,Via de deserto/fora do centro → Estrada. | Fase 5: implementado e verificado no jogo (tests/screenshots/phase5).
roadsigns_place_outcrop_rd,place_name,t_roadsigns,t_roadsigns_b.color,Outcrop Rd,,,Estrada Outcrop,,,contextual,,rule_defined,global,confirmed,Fase 5: not_used_wcusa (nenhum mesh instanciado amostra a região) — não editado.
roadsigns_place_agave_trail_rd,place_name,t_roadsigns,t_roadsigns_b.color,Agave Trail Rd,,,Estrada Agave Trail,,,contextual,,qa_passed,global,confirmed,'Trail' faz parte do nome próprio. | Fase 5: implementado e verificado no jogo (tests/screenshots/phase5).
roadsigns_place_promenade,place_name,t_roadsigns,t_roadsigns_b.color,Promenade,,,Calçadão,,,contextual,,qa_passed,global,confirmed,Substantivo comum (orla de praia). | Fase 5: implementado e verificado no jogo (tests/screenshots/phase5).
roadsigns_place_sorrel_st,place_name,t_roadsigns,t_roadsigns_b.color,Sorrel St,,,Rua Sorrel,,,contextual,,rule_defined,global,confirmed,Fase 5: not_used_wcusa (nenhum mesh instanciado amostra a região) — não editado.
roadsigns_place_motorsports_park,place_name,t_roadsigns,t_roadsigns_b.color,Motorsports Park,,,Autódromo,,,contextual,,qa_passed,global,confirmed,Termo brasileiro natural; o nome completo 'Burnside International Motorsports Park' é marca e fica preservado. | Fase 5: implementado e verificado no jogo (tests/screenshots/phase5).
roadsigns_place_san_amaro,place_name,t_roadsigns,t_roadsigns_b.color,San Amaro,,,San Amaro,,,proper_name,,preserve_original,global,confirmed,
roadsigns_place_casilda_beach,place_name,t_roadsigns,t_roadsigns_b.color,Casilda Beach,,,Praia Casilda,,,contextual,,qa_passed,global,confirmed,Fase 5: implementado e verificado no jogo (tests/screenshots/phase5).
roadsigns_place_mount_wallis,place_name,t_roadsigns,t_roadsigns_b.color,Mount Wallis,,,Monte Wallis,,,contextual,,qa_passed,global,confirmed,Fase 5: implementado e verificado no jogo (tests/screenshots/phase5).
roadsigns_place_canal_st,place_name,t_roadsigns,t_roadsigns_b.color,Canal St,,,Rua do Canal,,,contextual,,qa_passed,global,confirmed,'Canal' é substantivo comum. | Fase 5: implementado e verificado no jogo (tests/screenshots/phase5).
roadsigns_place_dockyards,place_name,t_roadsigns,t_roadsigns_b.color,Dockyards,,,Docas,,,contextual,,qa_passed,global,confirmed,Fase 5: implementado e verificado no jogo (tests/screenshots/phase5).
roadsigns_place_financial_district,place_name,t_roadsigns,t_roadsigns_b.color,Financial District,,,Centro Financeiro,,,contextual,,qa_passed,global,confirmed,Fase 5: implementado e verificado no jogo (tests/screenshots/phase5).
roadsigns_place_downtown_belasco,place_name,t_roadsigns,t_roadsigns_b.color,Downtown Belasco,,,Centro de Belasco,,,contextual,,qa_passed,global,confirmed,Fase 5: implementado e verificado no jogo (tests/screenshots/phase5).
roadsigns_place_spearleaf_island,place_name,t_roadsigns,t_roadsigns_b.color,Spearleaf Island,,,Ilha Spearleaf,,,contextual,,qa_passed,global,confirmed,Fase 5: implementado e verificado no jogo (tests/screenshots/phase5).
roadsigns_picto_01,traffic,t_roadsigns,t_roadsigns_b.color,pictograma reboque,,,(inalterado),,,preserve_original,,preserve_original,global,confirmed,Sem texto.
roadsigns_picto_02,traffic,t_roadsigns,t_roadsigns_b.color,pictograma proibido caminhões,,,(inalterado),,,preserve_original,,preserve_original,global,confirmed,Sem texto.
roadsigns_picto_03,traffic,t_roadsigns,t_roadsigns_b.color,pictograma proibido retornar,,,(inalterado),,,preserve_original,,preserve_original,global,confirmed,Sem texto.
roadsigns_picto_04,traffic,t_roadsigns,t_roadsigns_b.color,semáforo,,,(inalterado),,,preserve_original,,preserve_original,global,confirmed,Sem texto.
roadsigns_picto_05,traffic,t_roadsigns,t_roadsigns_b.color,chevrons/setas pretas,,,(inalterado),,,preserve_original,,preserve_original,global,confirmed,Sem texto.
roadsigns_picto_06,traffic,t_roadsigns,t_roadsigns_b.color,diamante (faixa preferencial),,,(inalterado),,,preserve_original,,preserve_original,global,confirmed,Sem texto.
roadsigns_picto_07,traffic,t_roadsigns,t_roadsigns_b.color,trabalhador em obra,,,(inalterado),,,preserve_original,,preserve_original,global,confirmed,Sem texto.
roadsigns_picto_08,traffic,t_roadsigns,t_roadsigns_b.color,placas amarelas em branco,,,(inalterado),,,preserve_original,,preserve_original,global,confirmed,Sem texto.
roadsigns_picto_09,traffic,t_roadsigns,t_roadsigns_b.color,escudo US highway,,,(inalterado),,,preserve_original,,preserve_original,global,confirmed,Sem texto.
speed_sign_speed25,speed,t_roadsigns,t_roadsigns_b.color,"SPEED LIMIT 25 (sign_speed25.dae, 11 instâncias)",mph,25,R-19 40 km/h,km/h,40,regulatory_br,"placa + speedLimit explícito nas DecalRoads adjacentes (11,1111 m/s) + slotTraffic.json",qa_passed,global,confirmed,Composição por UV: painel branco + tile SPEED LIMIT + glifos '2' e '5' compartilhados → exige material/mesh R-19 próprios (ver speed_limits.md). Hoje as vias ao lado têm limite AUTOMÁTICO de 60 km/h (8) e 30 km/h (2). | Fase 5: implementado e verificado no jogo (tests/screenshots/phase5).
speed_sign_speed5,speed,t_roadsigns,t_roadsigns_b.color,"SPEED LIMIT 5 (sign_speed5.dae, 37 instâncias)",mph,5,R-19 10 km/h,km/h,10,regulatory_br,placa + speedLimit explícito nas vias de estacionamento + slotTraffic.json,qa_passed,global,confirmed,"Estacionamentos/pátios. 5 mph = 8,05 km/h → 10 km/h. Hoje as vias têm limite AUTOMÁTICO 30 km/h (mínimo da lista métrica do motor) → exige speedLimit explícito 2,7778 m/s. | Fase 5: implementado e verificado no jogo (tests/screenshots/phase5)."
eca_stop,traffic,eca_roadsigns,eca_roadsigns_d,STOP,,,PARE,,,regulatory_br,,approved_rule,global,not_found,"Fase 6 (6G): material signs_usa: 33 meshes, 0 instâncias no West Coast (asset_usage, 06/10/2026) -> fora do escopo do West Coast; regra mantida só como referência (docs/production/phase6/GLOBAL_SIGNS.md). Atlas do East Coast; uso no West Coast não encontrado."
eca_yield,traffic,eca_roadsigns,eca_roadsigns_d,YIELD,,,(sem legenda) — R-2,,,regulatory_br,,rule_defined,global,not_found,"Fase 6 (6G): material signs_usa: 33 meshes, 0 instâncias no West Coast (asset_usage, 06/10/2026) -> fora do escopo do West Coast; regra mantida só como referência (docs/production/phase6/GLOBAL_SIGNS.md). Atlas do East Coast; uso no West Coast não encontrado."
eca_do_not_enter,traffic,eca_roadsigns,eca_roadsigns_d,DO NOT ENTER,,,(sem legenda) — R-3,,,regulatory_br,,rule_defined,global,not_found,"Fase 6 (6G): material signs_usa: 33 meshes, 0 instâncias no West Coast (asset_usage, 06/10/2026) -> fora do escopo do West Coast; regra mantida só como referência (docs/production/phase6/GLOBAL_SIGNS.md). Atlas do East Coast; uso no West Coast não encontrado."
eca_one_way,traffic,eca_roadsigns,eca_roadsigns_d,ONE WAY,,,MÃO ÚNICA,,,contextual,,approved_rule,global,not_found,"Fase 6 (6G): material signs_usa: 33 meshes, 0 instâncias no West Coast (asset_usage, 06/10/2026) -> fora do escopo do West Coast; regra mantida só como referência (docs/production/phase6/GLOBAL_SIGNS.md). Atlas do East Coast; uso no West Coast não encontrado."
eca_no_parking,traffic,eca_roadsigns,eca_roadsigns_d,NO PARKING ANY TIME,,,PROIBIDO ESTACIONAR,,,regulatory_br,,approved_rule,global,not_found,"Fase 6 (6G): material signs_usa: 33 meshes, 0 instâncias no West Coast (asset_usage, 06/10/2026) -> fora do escopo do West Coast; regra mantida só como referência (docs/production/phase6/GLOBAL_SIGNS.md). Atlas do East Coast; uso no West Coast não encontrado."
eca_parking_2h,traffic,eca_roadsigns,eca_roadsigns_d,2 HR PARKING 8:30 AM TO 5:30 PM,,,ESTACIONAMENTO 2 h · 8h30 ÀS 17h30,,,regulatory_br,,rule_defined,global,not_found,"Fase 6 (6G): material signs_usa: 33 meshes, 0 instâncias no West Coast (asset_usage, 06/10/2026) -> fora do escopo do West Coast; regra mantida só como referência (docs/production/phase6/GLOBAL_SIGNS.md). Atlas do East Coast; uso no West Coast não encontrado."
eca_speed_limit_50,speed,eca_roadsigns,eca_roadsigns_d,SPEED LIMIT 50,mph,50,R-19 80 km/h,km/h,80,regulatory_br,,rule_defined,global,not_found,"Fase 6 (6G): material signs_usa: 33 meshes, 0 instâncias no West Coast (asset_usage, 06/10/2026) -> fora do escopo do West Coast; regra mantida só como referência (docs/production/phase6/GLOBAL_SIGNS.md). Atlas do East Coast; uso no West Coast não encontrado. 50 mph = 80,47 km/h."
eca_advisory_25,speed,eca_roadsigns,eca_roadsigns_d,"25 (curva, advertência)",mph,25,40 km/h,km/h,40,unit_conversion,,rule_defined,global,not_found,"Fase 6 (6G): material signs_usa: 33 meshes, 0 instâncias no West Coast (asset_usage, 06/10/2026) -> fora do escopo do West Coast; regra mantida só como referência (docs/production/phase6/GLOBAL_SIGNS.md). Atlas do East Coast; uso no West Coast não encontrado. Velocidade de advertência."
eca_advisory_35,speed,eca_roadsigns,eca_roadsigns_d,"35 (curva, advertência)",mph,35,60 km/h,km/h,60,unit_conversion,,rule_defined,global,not_found,"Fase 6 (6G): material signs_usa: 33 meshes, 0 instâncias no West Coast (asset_usage, 06/10/2026) -> fora do escopo do West Coast; regra mantida só como referência (docs/production/phase6/GLOBAL_SIGNS.md). Atlas do East Coast; uso no West Coast não encontrado. 35 mph = 56,33 km/h."
eca_plate_40_30_35,speed,eca_roadsigns,eca_roadsigns_d,40 30 35 / 15 / 2 (placas numéricas),,,a definir por uso,,,unit_conversion,,needs_context,global,not_found,"Fase 6 (6G): material signs_usa: 33 meshes, 0 instâncias no West Coast (asset_usage, 06/10/2026) -> fora do escopo do West Coast; regra mantida só como referência (docs/production/phase6/GLOBAL_SIGNS.md). Atlas do East Coast; uso no West Coast não encontrado. Números soltos: 40 mph→60, 30→50, 35→60, 15→20 km/h; uso real desconhecido."
eca_weight_limit,unit,eca_roadsigns,eca_roadsigns_d,WEIGHT LIMIT 10 TONS,short ton,10,PESO MÁXIMO 9 t (R-14),t,9,unit_conversion,,rule_defined,global,not_found,"Fase 6 (6G): material signs_usa: 33 meshes, 0 instâncias no West Coast (asset_usage, 06/10/2026) -> fora do escopo do West Coast; regra mantida só como referência (docs/production/phase6/GLOBAL_SIGNS.md). Atlas do East Coast; uso no West Coast não encontrado. 10 short tons = 9,07 t; limite de peso arredonda para baixo."
eca_north,traffic,eca_roadsigns,eca_roadsigns_d,NORTH,,,NORTE,,,literal,,rule_defined,global,not_found,"Fase 6 (6G): material signs_usa: 33 meshes, 0 instâncias no West Coast (asset_usage, 06/10/2026) -> fora do escopo do West Coast; regra mantida só como referência (docs/production/phase6/GLOBAL_SIGNS.md). Atlas do East Coast; uso no West Coast não encontrado."
eca_east,traffic,eca_roadsigns,eca_roadsigns_d,EAST,,,LESTE,,,literal,,rule_defined,global,not_found,"Fase 6 (6G): material signs_usa: 33 meshes, 0 instâncias no West Coast (asset_usage, 06/10/2026) -> fora do escopo do West Coast; regra mantida só como referência (docs/production/phase6/GLOBAL_SIGNS.md). Atlas do East Coast; uso no West Coast não encontrado."
eca_south,traffic,eca_roadsigns,eca_roadsigns_d,SOUTH,,,SUL,,,literal,,rule_defined,global,not_found,"Fase 6 (6G): material signs_usa: 33 meshes, 0 instâncias no West Coast (asset_usage, 06/10/2026) -> fora do escopo do West Coast; regra mantida só como referência (docs/production/phase6/GLOBAL_SIGNS.md). Atlas do East Coast; uso no West Coast não encontrado."
eca_west,traffic,eca_roadsigns,eca_roadsigns_d,WEST,,,OESTE,,,literal,,rule_defined,global,not_found,"Fase 6 (6G): material signs_usa: 33 meshes, 0 instâncias no West Coast (asset_usage, 06/10/2026) -> fora do escopo do West Coast; regra mantida só como referência (docs/production/phase6/GLOBAL_SIGNS.md). Atlas do East Coast; uso no West Coast não encontrado."
eca_dead_end,traffic,eca_roadsigns,eca_roadsigns_d,DEAD END,,,SEM SAÍDA,,,contextual,,approved_rule,global,not_found,"Fase 6 (6G): material signs_usa: 33 meshes, 0 instâncias no West Coast (asset_usage, 06/10/2026) -> fora do escopo do West Coast; regra mantida só como referência (docs/production/phase6/GLOBAL_SIGNS.md). Atlas do East Coast; uso no West Coast não encontrado."
eca_narrow_bridge,traffic,eca_roadsigns,eca_roadsigns_d,NARROW BRIDGE,,,PONTE ESTREITA,,,literal,,rule_defined,global,not_found,"Fase 6 (6G): material signs_usa: 33 meshes, 0 instâncias no West Coast (asset_usage, 06/10/2026) -> fora do escopo do West Coast; regra mantida só como referência (docs/production/phase6/GLOBAL_SIGNS.md). Atlas do East Coast; uso no West Coast não encontrado."
eca_bump,traffic,eca_roadsigns,eca_roadsigns_d,BUMP,,,LOMBADA,,,literal,,rule_defined,global,not_found,"Fase 6 (6G): material signs_usa: 33 meshes, 0 instâncias no West Coast (asset_usage, 06/10/2026) -> fora do escopo do West Coast; regra mantida só como referência (docs/production/phase6/GLOBAL_SIGNS.md). Atlas do East Coast; uso no West Coast não encontrado."
eca_dip,traffic,eca_roadsigns,eca_roadsigns_d,DIP,,,DEPRESSÃO,,,literal,,rule_defined,global,not_found,"Fase 6 (6G): material signs_usa: 33 meshes, 0 instâncias no West Coast (asset_usage, 06/10/2026) -> fora do escopo do West Coast; regra mantida só como referência (docs/production/phase6/GLOBAL_SIGNS.md). Atlas do East Coast; uso no West Coast não encontrado."
eca_road_narrows,traffic,eca_roadsigns,eca_roadsigns_d,ROAD NARROWS,,,PISTA ESTREITA,,,literal,,rule_defined,global,not_found,"Fase 6 (6G): material signs_usa: 33 meshes, 0 instâncias no West Coast (asset_usage, 06/10/2026) -> fora do escopo do West Coast; regra mantida só como referência (docs/production/phase6/GLOBAL_SIGNS.md). Atlas do East Coast; uso no West Coast não encontrado."
eca_gravel,traffic,eca_roadsigns,eca_roadsigns_d,GRAVEL,,,CASCALHO,,,literal,,rule_defined,global,not_found,"Fase 6 (6G): material signs_usa: 33 meshes, 0 instâncias no West Coast (asset_usage, 06/10/2026) -> fora do escopo do West Coast; regra mantida só como referência (docs/production/phase6/GLOBAL_SIGNS.md). Atlas do East Coast; uso no West Coast não encontrado."
ut_stop_4,traffic,ut_roadsigns,ut_roadsigns_d,STOP,,,PARE,,,regulatory_br,,approved_rule,global,not_found,"Fase 6 (6G): nenhum material do jogo referencia ut_roadsigns_d (asset_usage, 06/10/2026) -> fora do escopo do West Coast; regra mantida só como referência (docs/production/phase6/GLOBAL_SIGNS.md). Atlas de Utah; uso no West Coast não encontrado."
ut_yield_5,traffic,ut_roadsigns,ut_roadsigns_d,YIELD,,,(sem legenda) — R-2,,,regulatory_br,,rule_defined,global,not_found,"Fase 6 (6G): nenhum material do jogo referencia ut_roadsigns_d (asset_usage, 06/10/2026) -> fora do escopo do West Coast; regra mantida só como referência (docs/production/phase6/GLOBAL_SIGNS.md). Atlas de Utah; uso no West Coast não encontrado."
ut_do_12,traffic,ut_roadsigns,ut_roadsigns_d,DO NOT ENTER,,,(sem legenda) — R-3,,,regulatory_br,,rule_defined,global,not_found,"Fase 6 (6G): nenhum material do jogo referencia ut_roadsigns_d (asset_usage, 06/10/2026) -> fora do escopo do West Coast; regra mantida só como referência (docs/production/phase6/GLOBAL_SIGNS.md). Atlas de Utah; uso no West Coast não encontrado."
ut_dead_8,traffic,ut_roadsigns,ut_roadsigns_d,DEAD END,,,SEM SAÍDA,,,contextual,,approved_rule,global,not_found,"Fase 6 (6G): nenhum material do jogo referencia ut_roadsigns_d (asset_usage, 06/10/2026) -> fora do escopo do West Coast; regra mantida só como referência (docs/production/phase6/GLOBAL_SIGNS.md). Atlas de Utah; uso no West Coast não encontrado."
ut_narrow_13,traffic,ut_roadsigns,ut_roadsigns_d,NARROW BRIDGE,,,PONTE ESTREITA,,,literal,,rule_defined,global,not_found,"Fase 6 (6G): nenhum material do jogo referencia ut_roadsigns_d (asset_usage, 06/10/2026) -> fora do escopo do West Coast; regra mantida só como referência (docs/production/phase6/GLOBAL_SIGNS.md). Atlas de Utah; uso no West Coast não encontrado."
ut_dip_3,traffic,ut_roadsigns,ut_roadsigns_d,DIP,,,DEPRESSÃO,,,literal,,rule_defined,global,not_found,"Fase 6 (6G): nenhum material do jogo referencia ut_roadsigns_d (asset_usage, 06/10/2026) -> fora do escopo do West Coast; regra mantida só como referência (docs/production/phase6/GLOBAL_SIGNS.md). Atlas de Utah; uso no West Coast não encontrado."
ut_road_12,traffic,ut_roadsigns,ut_roadsigns_d,ROAD NARROWS,,,PISTA ESTREITA,,,literal,,rule_defined,global,not_found,"Fase 6 (6G): nenhum material do jogo referencia ut_roadsigns_d (asset_usage, 06/10/2026) -> fora do escopo do West Coast; regra mantida só como referência (docs/production/phase6/GLOBAL_SIGNS.md). Atlas de Utah; uso no West Coast não encontrado."
ut_gravel_6,traffic,ut_roadsigns,ut_roadsigns_d,GRAVEL,,,CASCALHO,,,literal,,rule_defined,global,not_found,"Fase 6 (6G): nenhum material do jogo referencia ut_roadsigns_d (asset_usage, 06/10/2026) -> fora do escopo do West Coast; regra mantida só como referência (docs/production/phase6/GLOBAL_SIGNS.md). Atlas de Utah; uso no West Coast não encontrado."
ut_no_18,traffic,ut_roadsigns,ut_roadsigns_d,NO DUMPING ALLOWED,,,PROIBIDO JOGAR LIXO,,,contextual,,rule_defined,global,not_found,"Fase 6 (6G): nenhum material do jogo referencia ut_roadsigns_d (asset_usage, 06/10/2026) -> fora do escopo do West Coast; regra mantida só como referência (docs/production/phase6/GLOBAL_SIGNS.md). Atlas de Utah; uso no West Coast não encontrado."
ut_north_27,traffic,ut_roadsigns,ut_roadsigns_d,NORTH / EAST / SOUTH / WEST,,,NORTE / LESTE / SUL / OESTE,,,literal,,rule_defined,global,not_found,"Fase 6 (6G): nenhum material do jogo referencia ut_roadsigns_d (asset_usage, 06/10/2026) -> fora do escopo do West Coast; regra mantida só como referência (docs/production/phase6/GLOBAL_SIGNS.md). Atlas de Utah; uso no West Coast não encontrado."
ut_speed_limit,speed,ut_roadsigns,ut_roadsigns_d,SPEED LIMIT (painel em branco),,,(sem legenda) — R-19,,,regulatory_br,,needs_implementation,global,not_found,"Fase 6 (6G): nenhum material do jogo referencia ut_roadsigns_d (asset_usage, 06/10/2026) -> fora do escopo do West Coast; regra mantida só como referência (docs/production/phase6/GLOBAL_SIGNS.md). Atlas de Utah; uso no West Coast não encontrado."
ut_ramp_30,speed,ut_roadsigns,ut_roadsigns_d,RAMP 30 MPH,mph,30,ALÇA 50 km/h,km/h,50,unit_conversion,,rule_defined,global,not_found,"Fase 6 (6G): nenhum material do jogo referencia ut_roadsigns_d (asset_usage, 06/10/2026) -> fora do escopo do West Coast; regra mantida só como referência (docs/production/phase6/GLOBAL_SIGNS.md). Atlas de Utah; uso no West Coast não encontrado. 30 mph = 48,28 km/h → 50."
ut_font,traffic,ut_roadsigns,ut_roadsigns_d,Alfabeto/algarismos (fonte),,,(inalterado),,,preserve_original,,preserve_original,global,not_found,"Fase 6 (6G): nenhum material do jogo referencia ut_roadsigns_d (asset_usage, 06/10/2026) -> fora do escopo do West Coast; regra mantida só como referência (docs/production/phase6/GLOBAL_SIGNS.md). Atlas de Utah; uso no West Coast não encontrado. Sem acentos — limitação para textos compostos por glifos."
speed_sign_mph,speed,speed_sign,speed_sign,Algarismos laranja + MPH,mph,,usar a variante azul km/h existente,km/h,,unit_conversion,,rule_defined,global,not_found,"Fase 6 (6G): material speed_sign_mat sem meshes (asset_usage, 06/10/2026) -> fora do escopo do West Coast; regra mantida só como referência (docs/production/phase6/GLOBAL_SIGNS.md). A própria textura já tem variante km/h. Uso no West Coast não encontrado."
usa_text_font,font,usa_roadsigns_text,usa_roadsigns_text,"Fonte A–Z, 0–9, sinais",,,(inalterado),,,preserve_original,,preserve_original,global,not_found,"Fase 6 (6G): materiais intro_text/usa_roadsigns_text: 58 meshes, 0 instâncias (asset_usage, 06/10/2026) -> fora do escopo do West Coast; regra mantida só como referência (docs/production/phase6/GLOBAL_SIGNS.md). Atlas de fonte sem letras acentuadas (Á Â Ã Ç É Ê Í Ó Ô Õ Ú). Qualquer placa composta por esses glifos não consegue grafar PT-BR correto sem novo glifo."
usa_text_turn_warning,traffic,usa_roadsigns_turn_warning,usa_roadsigns_turn_warning,"(chevron, sem texto)",,,(inalterado),,,preserve_original,,preserve_original,global,not_found,"Fase 6 (6G): material usa_roadsigns_turn_warn: 1 mesh, 0 instâncias (asset_usage, 06/10/2026) -> fora do escopo do West Coast; regra mantida só como referência (docs/production/phase6/GLOBAL_SIGNS.md)."
roadmark_slot3_stop,roadmarking,t_decal_roadmarkings,t_decal_roadmarkings_b.color,STOP (slot 3; 112 decais),,,PARE,,,regulatory_br,,qa_passed,global,confirmed,"Fase 6 (6A): slot 3 refeito em cor, opacidade, normal e AO (duas cópias do atlas); QA dia/noite rm_pare_chinatown_*. MBST Vol IV §8.3: legenda 'PARE' ≥ 1,60 m antes da linha de retenção, reforço do R-1. Toda palavra nova exige refazer _o.data, _nm.normal e _ao.data (auditoria §4.1)."
roadmark_slot6_bus,roadmarking,t_decal_roadmarkings,t_decal_roadmarkings_b.color,BUS (slot 6; 4 decais),,,ÔNIBUS,,,regulatory_br,,qa_passed,global,confirmed,"Fase 6: BUS ONLY e BUS STOP viram só ÔNIBUS (ONLY/STOP removidos dessas frases no main.decals.json). QA rm_onibus_*. Combinações no mapa: BUS+ONLY (2) e BUS+STOP (2); BUS é a palavra mais próxima do condutor. Toda palavra nova exige refazer _o.data, _nm.normal e _ao.data (auditoria §4.1)."
roadmark_slot5_only,roadmarking,t_decal_roadmarkings,t_decal_roadmarkings_b.color,ONLY (slot 5; 10 decais),,,SÓ,,,contextual,,qa_passed,global,confirmed,"Fase 6 (decisão): slot 5 = SÓ. BUS ONLY -> ÔNIBUS (ONLY apagado), ONLY isolado + seta -> só a seta, ONLY isolados nas barreiras das docas apagados, EXIT ONLY (3 pares nas barreiras das docas) -> SÓ SAÍDA trocando rectIdx por instância (esquerda=SÓ, direita=SAÍDA). QA rm_so_saida_dock_gate. Usado em BUS ONLY e em EXIT ONLY (docas, x≈432 y≈1603–1642). Um único slot não concorda em gênero ('EXCLUSIVO'/'EXCLUSIVA'). Proposta: BUS ONLY → só 'ÔNIBUS' (legenda brasileira de faixa exclusiva) e EXIT ONLY → 'SÓ SAÍDA' via reatribuição de rectIdx para slots livres (10/11) num override de main.decals.json. Toda palavra nova exige refazer _o.data, _nm.normal e _ao.data (auditoria §4.1)."
roadmark_slot7_keep,roadmarking,t_decal_roadmarkings,t_decal_roadmarkings_b.color,KEEP (slot 7; 57 decais),,,NÃO,,,contextual,,qa_passed,global,confirmed,"Fase 6: KEEP CLEAR -> NÃO BLOQUEIE (56 pares lado a lado + 1 empilhado). QA rm_nao_bloqueie_*. KEEP CLEAR (44 pares, lado a lado na mesma linha) → 'NÃO BLOQUEIE'. Toda palavra nova exige refazer _o.data, _nm.normal e _ao.data (auditoria §4.1)."
roadmark_slot8_clear,roadmarking,t_decal_roadmarkings,t_decal_roadmarkings_b.color,CLEAR (slot 8; 57 decais),,,BLOQUEIE,,,contextual,,qa_passed,global,confirmed,"Fase 6: 8 letras na largura do slot (condensado). QA rm_nao_bloqueie_*. Par com KEEP → 'NÃO BLOQUEIE'. Fonte condensada: 8 letras no espaço de 5. Toda palavra nova exige refazer _o.data, _nm.normal e _ao.data (auditoria §4.1)."
roadmark_slot9_no,roadmarking,t_decal_roadmarkings,t_decal_roadmarkings_b.color,NO (slot 9; 2 decais),,,SEM,,,contextual,,qa_passed,global,confirmed,"Fase 6: SEM termina onde terminava NO (x 418) para manter o vão do par NO EXIT. QA rm_sem_saida_top. Usado só em NO EXIT (x≈419–423 y≈1749–1820) → 'SEM SAÍDA'. Toda palavra nova exige refazer _o.data, _nm.normal e _ao.data (auditoria §4.1)."
roadmark_slot14_exit,roadmarking,t_decal_roadmarkings,t_decal_roadmarkings_b.color,EXIT (slot 14; 15 decais),,,SAÍDA,,,literal,,qa_passed,global,confirmed,"Fase 6: EXIT isolado, NO EXIT e (por troca de rectIdx) parte direita de SÓ SAÍDA. QA rm_saida_top, rm_sem_saida_top. Sozinho, em NO EXIT e em EXIT ONLY. Toda palavra nova exige refazer _o.data, _nm.normal e _ao.data (auditoria §4.1)."
roadmark_slot10_left,roadmarking,t_decal_roadmarkings,t_decal_roadmarkings_b.color,LEFT (slot 10; 0 decais),,,(slot livre),,,contextual,,rule_defined,global,confirmed,"Fase 6: continua sem instâncias no West Coast (main.decals.json) -> não produzido. Não usado no West Coast → disponível para 'SÓ' ou outra palavra nova. Toda palavra nova exige refazer _o.data, _nm.normal e _ao.data (auditoria §4.1)."
roadmark_slot11_turn,roadmarking,t_decal_roadmarkings,t_decal_roadmarkings_b.color,TURN (slot 11; 0 decais),,,(slot livre),,,contextual,,rule_defined,global,confirmed,"Fase 6: continua sem instâncias no West Coast -> não produzido. Não usado no West Coast → disponível. Toda palavra nova exige refazer _o.data, _nm.normal e _ao.data (auditoria §4.1)."
roadmark_arrows,roadmarking,t_decal_roadmarkings,t_decal_roadmarkings_b.color,"Setas (slots 0,1,2), diamante (4), caixa preta (12), moldura (13), grelha (15)",,,(inalterado),,,preserve_original,,preserve_original,global,confirmed,"Sem texto. Toda palavra nova exige refazer _o.data, _nm.normal e _ao.data (auditoria §4.1)."
fuel_no_smoking,safety,eca_genericsigns,eca_genericsigns_d (+ t_eca_genericsigns_b.color),NO SMOKING,,,PROIBIDO FUMAR,,,literal,,implemented,global (arquivo no caminho do East Coast),confirmed,"Fase 6: PROIBIDO FUMAR produzido (evidência UV em s_fuel_pump_2000/2015 e estruturas 05/07), mas a face não foi localizada com a câmera no QA -> implemented, não qa_passed. O mesmo texto aparece verificado na legenda do painel DESLIGUE O MOTOR. West Coast carrega levels/east_coast_usa/art/shapes/buildings/eca_genericsigns_d.dds (material eca_genericsigns de /art/shapes/garage_and_dealership/Clutter). Mesmo conteúdo de t_eca_genericsigns_b.color."
fuel_danger_flammable,safety,eca_genericsigns,eca_genericsigns_d (+ t_eca_genericsigns_b.color),DANGER Highly Flammable,,,PERIGO — ALTAMENTE INFLAMÁVEL,,,literal,,qa_passed,global (arquivo no caminho do East Coast),confirmed,Fase 6 (6B): PERIGO / ALTAMENTE INFLAMÁVEL; QA gs_danger_structure. West Coast carrega levels/east_coast_usa/art/shapes/buildings/eca_genericsigns_d.dds (material eca_genericsigns de /art/shapes/garage_and_dealership/Clutter). Mesmo conteúdo de t_eca_genericsigns_b.color.
fuel_flammable_gas,safety,eca_genericsigns,eca_genericsigns_d (+ t_eca_genericsigns_b.color),FLAMMABLE GAS 2,,,GÁS INFLAMÁVEL 2,,,literal,,qa_passed,global (arquivo no caminho do East Coast),confirmed,Fase 6: GÁS INFLAMÁVEL 2 (texto girado 45° como o original); QA gs_flammable_gas_structure. '2' é a classe de risco; preservar. West Coast carrega levels/east_coast_usa/art/shapes/buildings/eca_genericsigns_d.dds (material eca_genericsigns de /art/shapes/garage_and_dealership/Clutter). Mesmo conteúdo de t_eca_genericsigns_b.color.
fuel_stop_engine,safety,eca_genericsigns,eca_genericsigns_d (+ t_eca_genericsigns_b.color),STOP ENGINE AVOID FIRE (+ letras miúdas),,,DESLIGUE O MOTOR — EVITE INCÊNDIO,,,contextual,,qa_passed,global (arquivo no caminho do East Coast),confirmed,Fase 6: DESLIGUE O MOTOR / EVITE INCÊNDIO; QA gs_stop_engine_structure (dia/noite). West Coast carrega levels/east_coast_usa/art/shapes/buildings/eca_genericsigns_d.dds (material eca_genericsigns de /art/shapes/garage_and_dealership/Clutter). Mesmo conteúdo de t_eca_genericsigns_b.color.
fuel_danger_containers,safety,eca_genericsigns,eca_genericsigns_d (+ t_eca_genericsigns_b.color),DANGER FIRE RISK FILLING CONTAINERS,,,PERIGO — RISCO DE INCÊNDIO AO ENCHER RECIPIENTES,,,contextual,,qa_passed,global (arquivo no caminho do East Coast),confirmed,Fase 6: PERIGO / RISCO DE INCÊNDIO / AO ENCHER RECIPIENTES (bloco à direita do painel). West Coast carrega levels/east_coast_usa/art/shapes/buildings/eca_genericsigns_d.dds (material eca_genericsigns de /art/shapes/garage_and_dealership/Clutter). Mesmo conteúdo de t_eca_genericsigns_b.color.
fuel_no_parking,traffic,eca_genericsigns,eca_genericsigns_d (+ t_eca_genericsigns_b.color),NO PARKING ANY TIME,,,PROIBIDO / ESTACIONAR,,,regulatory_br,,qa_passed,global (arquivo no caminho do East Coast),confirmed,Fase 6: PROIBIDO (branco/vermelho) + ESTACIONAR (vermelho/branco) + seta; ANY TIME omitido (R-6a). QA gs_no_parking_structure. West Coast carrega levels/east_coast_usa/art/shapes/buildings/eca_genericsigns_d.dds (material eca_genericsigns de /art/shapes/garage_and_dealership/Clutter). Mesmo conteúdo de t_eca_genericsigns_b.color.
fuel_warning_pump,fuel,eca_genericsigns,eca_genericsigns_d (+ t_eca_genericsigns_b.color),WARNING DO NOT LEAVE PUMP UNATTENDED. You are responsible for spills,,,ATENÇÃO — NÃO DEIXE A BOMBA SEM SUPERVISÃO. Você é responsável por derramamentos,,,contextual,,rule_defined,global (arquivo no caminho do East Coast),not_found,Fase 6: região não amostrada por nenhum mesh instanciado do West Coast (pegada UV) -> não editada. West Coast carrega levels/east_coast_usa/art/shapes/buildings/eca_genericsigns_d.dds (material eca_genericsigns de /art/shapes/garage_and_dealership/Clutter). Mesmo conteúdo de t_eca_genericsigns_b.color.
fuel_notice_authorized,safety,eca_genericsigns,eca_genericsigns_d (+ t_eca_genericsigns_b.color),NOTICE AUTHORIZED PERSONNEL ONLY,,,AVISO — SOMENTE PESSOAL AUTORIZADO,,,literal,,qa_passed,global (arquivo no caminho do East Coast),confirmed,Fase 6: AVISO / SOMENTE PESSOAL AUTORIZADO; QA gs_notice_charger. West Coast carrega levels/east_coast_usa/art/shapes/buildings/eca_genericsigns_d.dds (material eca_genericsigns de /art/shapes/garage_and_dealership/Clutter). Mesmo conteúdo de t_eca_genericsigns_b.color.
fuel_diesel,fuel,eca_genericsigns,eca_genericsigns_d (+ t_eca_genericsigns_b.color),DIESEL PUSH HERE,,,DIESEL · APERTE AQUI,,,contextual,,qa_passed,global (arquivo no caminho do East Coast),confirmed,"Fase 6: DIESEL preservado, APERTE AQUI; QA gs_diesel_pump. West Coast carrega levels/east_coast_usa/art/shapes/buildings/eca_genericsigns_d.dds (material eca_genericsigns de /art/shapes/garage_and_dealership/Clutter). Mesmo conteúdo de t_eca_genericsigns_b.color."
fuel_octane_87,fuel,eca_genericsigns,eca_genericsigns_d (+ t_eca_genericsigns_b.color),MINIMUM OCTANE RATING (R+M)/2 METHOD 87 PUSH HERE,AKI (R+M)/2,87,GASOLINA COMUM · OCTANAGEM (R+M)/2 · 87 · APERTE AQUI,,,contextual,,qa_passed,global (arquivo no caminho do East Coast),confirmed,"Fase 6: cabeçalho GASOLINA COMUM / OCTANAGEM (R+M)/2, número 87 preservado (AKI, nunca RON), APERTE AQUI; QA gs_octane_pump (dia/noite). Não chamar de RON. 87 AKI ≈ gasolina comum. West Coast carrega levels/east_coast_usa/art/shapes/buildings/eca_genericsigns_d.dds (material eca_genericsigns de /art/shapes/garage_and_dealership/Clutter). Mesmo conteúdo de t_eca_genericsigns_b.color."
fuel_octane_89,fuel,eca_genericsigns,eca_genericsigns_d (+ t_eca_genericsigns_b.color),MINIMUM OCTANE RATING (R+M)/2 METHOD 89 PUSH HERE,AKI (R+M)/2,89,GASOLINA ADITIVADA · OCTANAGEM (R+M)/2 · 89 · APERTE AQUI,,,contextual,,qa_passed,global (arquivo no caminho do East Coast),confirmed,"Fase 6: cabeçalho GASOLINA ADITIVADA / OCTANAGEM (R+M)/2, número 89 preservado (AKI, nunca RON), APERTE AQUI; QA gs_octane_pump (dia/noite). Categoria comercial, não índice. West Coast carrega levels/east_coast_usa/art/shapes/buildings/eca_genericsigns_d.dds (material eca_genericsigns de /art/shapes/garage_and_dealership/Clutter). Mesmo conteúdo de t_eca_genericsigns_b.color."
fuel_octane_93,fuel,eca_genericsigns,eca_genericsigns_d (+ t_eca_genericsigns_b.color),MINIMUM OCTANE RATING (R+M)/2 METHOD 93 PUSH HERE,AKI (R+M)/2,93,GASOLINA PREMIUM · OCTANAGEM (R+M)/2 · 93 · APERTE AQUI,,,contextual,,qa_passed,global (arquivo no caminho do East Coast),confirmed,"Fase 6: cabeçalho GASOLINA PREMIUM / OCTANAGEM (R+M)/2, número 93 preservado (AKI, nunca RON), APERTE AQUI; QA gs_octane_pump (dia/noite). West Coast carrega levels/east_coast_usa/art/shapes/buildings/eca_genericsigns_d.dds (material eca_genericsigns de /art/shapes/garage_and_dealership/Clutter). Mesmo conteúdo de t_eca_genericsigns_b.color."
fuel_pump_number,fuel,eca_genericsigns,eca_genericsigns_d (+ t_eca_genericsigns_b.color),YOU ARE USING PUMP NUMBER 1/2/3,,,VOCÊ ESTÁ USANDO A BOMBA Nº 1/2/3,,,contextual,,rule_defined,global (arquivo no caminho do East Coast),not_found,Fase 6: região não amostrada por nenhum mesh instanciado do West Coast (pegada UV) -> não editada. West Coast carrega levels/east_coast_usa/art/shapes/buildings/eca_genericsigns_d.dds (material eca_genericsigns de /art/shapes/garage_and_dealership/Clutter). Mesmo conteúdo de t_eca_genericsigns_b.color.
fuel_fire_badge,institution,eca_genericsigns,eca_genericsigns_d (+ t_eca_genericsigns_b.color),FIRE · FIRWOOD · DEPARTMENT · POLICE (distintivo com folha de bordo),,,(inalterado),,,proper_name,,preserve_original,global (arquivo no caminho do East Coast),confirmed,"DECISÃO (Fase 4): preservar o emblema original. Nunca 'BOMBEIROS FIRWOOD POLÍCIA'. Emblema institucional fictício (Firwood, canadense). West Coast carrega levels/east_coast_usa/art/shapes/buildings/eca_genericsigns_d.dds (material eca_genericsigns de /art/shapes/garage_and_dealership/Clutter). Mesmo conteúdo de t_eca_genericsigns_b.color."
fuel_firwood_inn,commerce,eca_genericsigns,eca_genericsigns_d (+ t_eca_genericsigns_b.color),FIRWOOD INN,,,POUSADA FIRWOOD,,,contextual,,rule_defined,global (arquivo no caminho do East Coast),not_found,Fase 6: região não amostrada por nenhum mesh instanciado do West Coast (pegada UV) -> não editada. 'Inn' = pousada (adaptação cultural). West Coast carrega levels/east_coast_usa/art/shapes/buildings/eca_genericsigns_d.dds (material eca_genericsigns de /art/shapes/garage_and_dealership/Clutter). Mesmo conteúdo de t_eca_genericsigns_b.color.
fuel_nodeoline,brand,eca_genericsigns,eca_genericsigns_d (+ t_eca_genericsigns_b.color),NODEOLINE,,,NODEOLINE,,,proper_name,,preserve_original,global (arquivo no caminho do East Coast),confirmed,West Coast carrega levels/east_coast_usa/art/shapes/buildings/eca_genericsigns_d.dds (material eca_genericsigns de /art/shapes/garage_and_dealership/Clutter). Mesmo conteúdo de t_eca_genericsigns_b.color.
fuel_font,fuel,eca_genericsigns,eca_genericsigns_d (+ t_eca_genericsigns_b.color),"Alfabeto, algarismos e display de 7 segmentos",,,(inalterado),,,preserve_original,,preserve_original,global (arquivo no caminho do East Coast),confirmed,Sem acentos; preços nos totens são compostos por glifos — separador decimal exige recomposição (ver LOCALIZATION_RULES §Preços). West Coast carrega levels/east_coast_usa/art/shapes/buildings/eca_genericsigns_d.dds (material eca_genericsigns de /art/shapes/garage_and_dealership/Clutter). Mesmo conteúdo de t_eca_genericsigns_b.color.
fuel_emissive,fuel,eca_genericsigns,eca_genericsigns_emissive,(mapa emissivo),,,acompanhar o layout da cor,,,preserve_original,,rule_defined,global (arquivo no caminho do East Coast),not_found,"Fase 6 (verificado no jogo 05/10/2026): o material eca_genericsigns carregado no West Coast é o PBR de art_shapes (t_eca_genericsigns_b + _o/_nm/_ao/_r), SEM emissivo; eca_genericsigns_d + emissivo pertencem aos materiais de East Coast/Utah/Hirochi. Nada alterado. Se qualquer texto mudar de lugar/forma, refazer o emissivo e _o/_nm/_ao/_r."
fuel_tyrannos,brand,t_gasstation_tyrannos,t_gasstation_tyrannos_b.color,TYRANNOS (logo),,,TYRANNOS,,,proper_name,,preserve_original,global,confirmed,
fuel_local_units,fuel,(dados do mapa),levels/west_coast_usa/info.json,localUnits gasoline/diesel = gallonUS,gal (US),,litro,L,,unit_conversion,info.json localUnits,needs_implementation,west_coast_only,confirmed,Preço de combustível na interface usa a unidade local do mapa. Não é textura; registrado como dependência funcional.
ind_texas_waste,brand,industrial_signs,ind_industrial_signs_d.color / t_industrial_signs_b.color,Texas Waste Management Landfill,,,Texas Waste — Aterro Sanitário,,,proper_name,,rule_defined,global,not_found,Fase 6 (6D): região do atlas industrial_signs não amostrada por nenhum mesh instanciado do West Coast (pegada UV) -> não editada. Mesmo conteúdo nas duas texturas. 'Texas Waste' é marca; 'Management Landfill' é descritor.
ind_waste_facility,safety,industrial_signs,ind_industrial_signs_d.color / t_industrial_signs_b.color,LIQUID & SOLID WASTE DISPOSAL FACILITY,,,INSTALAÇÃO DE DESCARTE DE RESÍDUOS LÍQUIDOS E SÓLIDOS,,,contextual,,rule_defined,global,not_found,Fase 6 (6D): região do atlas industrial_signs não amostrada por nenhum mesh instanciado do West Coast (pegada UV) -> não editada. Mesmo conteúdo nas duas texturas.
ind_operating_hours,time,industrial_signs,ind_industrial_signs_d.color / t_industrial_signs_b.color,OPERATING HOURS: MON-FRI 8AM-5PM SAT 8:30 AM-5PM SUN CLOSED,,,HORÁRIO: SEG–SEX 8h–17h · SÁB 8h30–17h · DOM FECHADO,,,contextual,,rule_defined,global,not_found,Fase 6 (6D): região do atlas industrial_signs não amostrada por nenhum mesh instanciado do West Coast (pegada UV) -> não editada. Mesmo conteúdo nas duas texturas. Horário 24 h.
ind_danger_gases,safety,industrial_signs,ind_industrial_signs_d.color / t_industrial_signs_b.color,Danger Explosive gases,,,PERIGO — GASES EXPLOSIVOS,,,literal,,rule_defined,global,not_found,Fase 6 (6D): região do atlas industrial_signs não amostrada por nenhum mesh instanciado do West Coast (pegada UV) -> não editada. Mesmo conteúdo nas duas texturas.
ind_no_smoking,safety,industrial_signs,ind_industrial_signs_d.color / t_industrial_signs_b.color,No smoking / NO SMOKING,,,PROIBIDO FUMAR,,,literal,,rule_defined,global,not_found,Fase 6 (6D): região do atlas industrial_signs não amostrada por nenhum mesh instanciado do West Coast (pegada UV) -> não editada. Mesmo conteúdo nas duas texturas.
ind_no_naked_lights,safety,industrial_signs,ind_industrial_signs_d.color / t_industrial_signs_b.color,No naked lights,,,PROIBIDO CHAMA ABERTA,,,contextual,,rule_defined,global,not_found,Fase 6 (6D): região do atlas industrial_signs não amostrada por nenhum mesh instanciado do West Coast (pegada UV) -> não editada. Mesmo conteúdo nas duas texturas.
ind_flammable_no_smoking,safety,industrial_signs,ind_industrial_signs_d.color / t_industrial_signs_b.color,FLAMMABLE NO SMOKING,,,INFLAMÁVEL — PROIBIDO FUMAR,,,literal,,qa_passed,global,confirmed,"Fase 6 (6D): PROIBIDO / FUMAR (+ cabeçalho INFLAMÁVEL produzido, fora do enquadramento das instâncias); QA ind_in_flam_no / ind_in_flam_smoking. Mesmo conteúdo nas duas texturas."
ind_max_headroom,unit,industrial_signs,ind_industrial_signs_d.color / t_industrial_signs_b.color,MAX HEADROOM 14 FT 6 IN,ft/in,"14'6""","ALTURA MÁXIMA 4,42 m",m,"4,42",unit_conversion,,rule_defined,global,not_found,"Fase 6 (6D): região do atlas industrial_signs não amostrada por nenhum mesh instanciado do West Coast (pegada UV) -> não editada. Mesmo conteúdo nas duas texturas. 14 ft 6 in = 174 in = 4,4196 m → 4,42 m (vírgula decimal)."
ind_warning_gas,safety,industrial_signs,ind_industrial_signs_d.color / t_industrial_signs_b.color,WARNING GAS HAZARD,,,ATENÇÃO — RISCO DE GÁS,,,contextual,,rule_defined,global,not_found,Fase 6 (6D): região do atlas industrial_signs não amostrada por nenhum mesh instanciado do West Coast (pegada UV) -> não editada. Mesmo conteúdo nas duas texturas.
ind_check_in,safety,industrial_signs,ind_industrial_signs_d.color / t_industrial_signs_b.color,ALL NON-EMPLOYEES MUST CHECK IN AT OFFICE,,,VISITANTES DEVEM SE APRESENTAR AO ESCRITÓRIO,,,contextual,,rule_defined,global,not_found,Fase 6 (6D): região do atlas industrial_signs não amostrada por nenhum mesh instanciado do West Coast (pegada UV) -> não editada. Mesmo conteúdo nas duas texturas.
ind_exit,safety,industrial_signs,ind_industrial_signs_d.color / t_industrial_signs_b.color,EXIT,,,SAÍDA,,,literal,,qa_passed,global,confirmed,Fase 6 (6D): SAÍDA; QA ind_in_exit. Mesmo conteúdo nas duas texturas.
ind_fire_extinguisher,safety,industrial_signs,ind_industrial_signs_d.color / t_industrial_signs_b.color,Fire Extinguisher / CARBON DIOXIDE,,,Extintor / DIÓXIDO DE CARBONO,,,literal,,qa_passed,global,confirmed,"Fase 6 (6D): Extintor / DIÓXIDO DE CARBONO; tabela de classes (2–3 px) ilegível, como no original; QA ind_in_ext_hdr / ind_in_ext_co2. Mesmo conteúdo nas duas texturas."
ind_think_safe,safety,industrial_signs,ind_industrial_signs_d.color / t_industrial_signs_b.color,THINK SAFE,,,PENSE EM SEGURANÇA,,,contextual,,qa_passed,global,confirmed,Fase 6 (6D): QA ind_in_think. Mesmo conteúdo nas duas texturas.
ind_foot_protection,safety,industrial_signs,ind_industrial_signs_d.color / t_industrial_signs_b.color,Wear foot protection,,,USE CALÇADO DE SEGURANÇA,,,contextual,,rule_defined,global,not_found,Fase 6 (6D): região do atlas industrial_signs não amostrada por nenhum mesh instanciado do West Coast (pegada UV) -> não editada. Mesmo conteúdo nas duas texturas.
ind_ear_protection,safety,industrial_signs,ind_industrial_signs_d.color / t_industrial_signs_b.color,Wear ear protection,,,USE PROTETOR AURICULAR,,,contextual,,rule_defined,global,not_found,Fase 6 (6D): região do atlas industrial_signs não amostrada por nenhum mesh instanciado do West Coast (pegada UV) -> não editada. Mesmo conteúdo nas duas texturas.
ind_scale_bump,safety,industrial_signs,ind_industrial_signs_d.color / t_industrial_signs_b.color,STOP AT SPEED BUMP · PROCEED ONLY WHEN SCALE IS COMPLETELY CLEAR OF OTHER VEHICLES,,,PARE NA LOMBADA · PROSSIGA SOMENTE COM A BALANÇA LIVRE DE OUTROS VEÍCULOS,,,contextual,,rule_defined,global,not_found,Fase 6 (6D): região do atlas industrial_signs não amostrada por nenhum mesh instanciado do West Coast (pegada UV) -> não editada. Mesmo conteúdo nas duas texturas.
ind_speed_limit_15,speed,industrial_signs,ind_industrial_signs_d.color / t_industrial_signs_b.color,SPEED LIMIT 15,mph,15,R-19 20 km/h,km/h,20,regulatory_br,,rule_defined,global,not_found,"Fase 6 (6D): região do atlas industrial_signs não amostrada por nenhum mesh instanciado do West Coast (pegada UV) -> não editada. Mesmo conteúdo nas duas texturas. 15 mph = 24,14 km/h → 20 (pátio industrial, abaixo do matemático para manter segurança). Placa desenhada na textura (não composta)."
ind_extinguish,safety,industrial_signs,ind_industrial_signs_d.color / t_industrial_signs_b.color,NO SMOKING · Extinguish all cigarettes before entering,,,PROIBIDO FUMAR · Apague o cigarro antes de entrar.,,,contextual,,qa_passed,global,confirmed,Fase 6 (6D): PROIBIDO FUMAR / Apague o cigarro antes de entrar.; QA ind_in_nosmoke_hdr / body. Mesmo conteúdo nas duas texturas.
ind_public_entrance,time,industrial_signs,ind_industrial_signs_d.color / t_industrial_signs_b.color,PUBLIC ENTRANCE · HOURS 8:00 AM - 4:00 PM · CLOSED SUNDAY,,,ENTRADA DO PÚBLICO · HORÁRIO 8h–16h · FECHADO AOS DOMINGOS,,,contextual,,rule_defined,global,not_found,Fase 6 (6D): região do atlas industrial_signs não amostrada por nenhum mesh instanciado do West Coast (pegada UV) -> não editada. Mesmo conteúdo nas duas texturas.
ind_dust_mask,safety,industrial_signs,ind_industrial_signs_d.color / t_industrial_signs_b.color,Wear dust mask,,,USE MÁSCARA CONTRA PÓ,,,contextual,,rule_defined,global,not_found,Fase 6 (6D): região do atlas industrial_signs não amostrada por nenhum mesh instanciado do West Coast (pegada UV) -> não editada. Mesmo conteúdo nas duas texturas.
ind_hard_hat,safety,industrial_signs,ind_industrial_signs_d.color / t_industrial_signs_b.color,CAUTION HARD HAT REQUIRED BEYOND THIS POINT,,,ATENÇÃO — USO OBRIGATÓRIO DE CAPACETE A PARTIR DESTE PONTO,,,contextual,,rule_defined,global,not_found,Fase 6 (6D): região do atlas industrial_signs não amostrada por nenhum mesh instanciado do West Coast (pegada UV) -> não editada. Mesmo conteúdo nas duas texturas.
ind_toxic,safety,industrial_signs,ind_industrial_signs_d.color / t_industrial_signs_b.color,TOXIC HAZARDOUS CHEMICALS ARE USED IN THIS WORK PLACE · SDS SHEETS ARE AVAILABLE,,,PRODUTOS QUÍMICOS TÓXICOS EM USO NESTE LOCAL · FDS DISPONÍVEIS,,,contextual,,qa_passed,global,confirmed,Fase 6 (6D): QA ind_in_toxic. Mesmo conteúdo nas duas texturas. SDS → FDS (Ficha com Dados de Segurança; antiga FISPQ).
ind_flammable_gas,safety,industrial_signs,ind_industrial_signs_d.color / t_industrial_signs_b.color,WARNING FLAMMABLE GAS,,,ATENÇÃO — GÁS INFLAMÁVEL,,,contextual,,rule_defined,global,not_found,Fase 6 (6D): região do atlas industrial_signs não amostrada por nenhum mesh instanciado do West Coast (pegada UV) -> não editada. Mesmo conteúdo nas duas texturas.
ind_polite_notice,safety,industrial_signs,ind_industrial_signs_d.color / t_industrial_signs_b.color,Polite Notice (texto miúdo) · Thank you,,,AVISO (texto miúdo) · OBRIGADO,,,contextual,,rule_defined,global,not_found,Fase 6 (6D): região do atlas industrial_signs não amostrada por nenhum mesh instanciado do West Coast (pegada UV) -> não editada. Mesmo conteúdo nas duas texturas.
ind_caution_generic,safety,industrial_signs,ind_industrial_signs_d.color / t_industrial_signs_b.color,CAUTION / WARNING / Danger,,,Perigo,,,literal,,qa_passed,global,confirmed,Fase 6 (6D): só 'Danger' -> Perigo é amostrado (QA ind_in_danger_small); CAUTION/WARNING não amostrados. Mesmo conteúdo nas duas texturas.
ind_danger_zone,safety,industrial_signs,ind_industrial_signs_d.color / t_industrial_signs_b.color,DANGER ZONE,,,ZONA DE PERIGO,,,contextual,,rule_defined,global,not_found,Fase 6 (6D): região do atlas industrial_signs não amostrada por nenhum mesh instanciado do West Coast (pegada UV) -> não editada. Mesmo conteúdo nas duas texturas.
ind_security_alert,safety,industrial_signs,ind_industrial_signs_d.color / t_industrial_signs_b.color,SECURITY ALERT · 24 HOUR SURVEILLANCE · NO TRESPASSING,,,ALERTA DE SEGURANÇA · VIGILÂNCIA 24 h · ENTRADA PROIBIDA,,,contextual,,rule_defined,global,not_found,Fase 6 (6D): região do atlas industrial_signs não amostrada por nenhum mesh instanciado do West Coast (pegada UV) -> não editada. Mesmo conteúdo nas duas texturas.
ind_keep_locked,safety,industrial_signs,ind_industrial_signs_d.color / t_industrial_signs_b.color,Keep locked shut,,,MANTENHA TRANCADO,,,contextual,,rule_defined,global,not_found,Fase 6 (6D): região do atlas industrial_signs não amostrada por nenhum mesh instanciado do West Coast (pegada UV) -> não editada. Mesmo conteúdo nas duas texturas.
ind_forklifts,safety,industrial_signs,ind_industrial_signs_d.color / t_industrial_signs_b.color,CAUTION FORKLIFTS IN USE,,,ATENÇÃO — EMPILHADEIRAS EM OPERAÇÃO,,,contextual,,rule_defined,global,not_found,Fase 6 (6D): região do atlas industrial_signs não amostrada por nenhum mesh instanciado do West Coast (pegada UV) -> não editada. Mesmo conteúdo nas duas texturas.
ind_high_voltage,safety,industrial_signs,ind_industrial_signs_d.color / t_industrial_signs_b.color,DANGER HIGH VOLTAGE KEEP OUT,,,PERIGO — ALTA TENSÃO · NÃO ENTRE,,,contextual,,rule_defined,global,not_found,Fase 6 (6D): região do atlas industrial_signs não amostrada por nenhum mesh instanciado do West Coast (pegada UV) -> não editada. Mesmo conteúdo nas duas texturas.
ind_hard_hat_area,safety,industrial_signs,ind_industrial_signs_d.color / t_industrial_signs_b.color,DANGER HARD HAT AREA,,,PERIGO — ÁREA DE USO OBRIGATÓRIO DE CAPACETE,,,contextual,,rule_defined,global,not_found,Fase 6 (6D): região do atlas industrial_signs não amostrada por nenhum mesh instanciado do West Coast (pegada UV) -> não editada. Mesmo conteúdo nas duas texturas.
ind_must_weigh,safety,industrial_signs,ind_industrial_signs_d.color / t_industrial_signs_b.color,ALL VEHICLES MUST WEIGH,,,TODOS OS VEÍCULOS DEVEM SER PESADOS,,,contextual,,rule_defined,global,not_found,Fase 6 (6D): região do atlas industrial_signs não amostrada por nenhum mesh instanciado do West Coast (pegada UV) -> não editada. Mesmo conteúdo nas duas texturas.
ind_emergency_exit,safety,industrial_signs,ind_industrial_signs_d.color / t_industrial_signs_b.color,Emergency exit,,,SAÍDA DE EMERGÊNCIA,,,contextual,,qa_passed,global,confirmed,Fase 6 (6D): Saída de emergência; QA ind_in_emergency. Mesmo conteúdo nas duas texturas.
ind_keep_clear,safety,industrial_signs,ind_industrial_signs_d.color / t_industrial_signs_b.color,Keep clear,,,MANTENHA LIVRE,,,contextual,,rule_defined,global,not_found,Fase 6 (6D): região do atlas industrial_signs não amostrada por nenhum mesh instanciado do West Coast (pegada UV) -> não editada. Mesmo conteúdo nas duas texturas.
ind_use_bins,safety,industrial_signs,ind_industrial_signs_d.color / t_industrial_signs_b.color,USE BINS PROVIDED,,,USE AS LIXEIRAS,,,contextual,,rule_defined,global,not_found,Fase 6 (6D): região do atlas industrial_signs não amostrada por nenhum mesh instanciado do West Coast (pegada UV) -> não editada. Mesmo conteúdo nas duas texturas.
ind_garbage_overboard,safety,industrial_signs,ind_industrial_signs_d.color / t_industrial_signs_b.color,DO NOT THROW GARBAGE OVERBOARD,,,NÃO JOGUE LIXO NA ÁGUA,,,contextual,,rule_defined,global,not_found,Fase 6 (6D): região do atlas industrial_signs não amostrada por nenhum mesh instanciado do West Coast (pegada UV) -> não editada. Mesmo conteúdo nas duas texturas.
ind_dangerous_cargo,safety,industrial_signs,ind_industrial_signs_d.color / t_industrial_signs_b.color,WARNING DANGEROUS CARGO,,,ATENÇÃO — CARGA PERIGOSA,,,contextual,,rule_defined,global,not_found,Fase 6 (6D): região do atlas industrial_signs não amostrada por nenhum mesh instanciado do West Coast (pegada UV) -> não editada. Mesmo conteúdo nas duas texturas.
ind_no_visitors,safety,industrial_signs,ind_industrial_signs_d.color / t_industrial_signs_b.color,NO SMOKING · NO NAKED LIGHTS · NO VISITORS,,,PROIBIDO FUMAR · PROIBIDO CHAMA ABERTA · PROIBIDA A ENTRADA DE VISITANTES,,,contextual,,rule_defined,global,not_found,Fase 6 (6D): região do atlas industrial_signs não amostrada por nenhum mesh instanciado do West Coast (pegada UV) -> não editada. Mesmo conteúdo nas duas texturas.
ind_no_trespassing,safety,industrial_signs,ind_industrial_signs_d.color / t_industrial_signs_b.color,NO TRESPASSING,,,ENTRADA PROIBIDA,,,contextual,,qa_passed,global,confirmed,Fase 6 (6D): ENTRADA PROIBIDA na placa enferrujada da cerca; QA ind_in_trespass (dia/noite). Mesmo conteúdo nas duas texturas.
ind_forklift_safety,safety,industrial_signs,ind_industrial_signs_d.color / t_industrial_signs_b.color,FORKLIFT SAFETY / FORKLIFT PARKING (texto miúdo),,,SEGURANÇA DE EMPILHADEIRAS / ESTACIONAMENTO DE EMPILHADEIRAS,,,contextual,,rule_defined,global,not_found,Fase 6 (6D): região do atlas industrial_signs não amostrada por nenhum mesh instanciado do West Coast (pegada UV) -> não editada. Mesmo conteúdo nas duas texturas.
ind_bay_digits,safety,industrial_signs,ind_industrial_signs_d.color / t_industrial_signs_b.color,"Algarismos 1–9, 0 (baias)",,,(inalterado),,,preserve_original,,preserve_original,global,confirmed,Mesmo conteúdo nas duas texturas.
brand_sealbrik,brand,t_sealbrik_logo,t_sealbrik_logo_b.color,SEALBRIK,,,SEALBRIK,,,proper_name,,preserve_original,global,confirmed,
brand_spearleaf,brand,t_spearleaf_refinery_logo,t_spearleaf_refinery_logo_b.color (+ _o.data),SPEARLEAF REFINERY,,,SPEARLEAF / REFINARIA,,,contextual,,qa_passed,global,confirmed,Fase 6 (6D): SPEARLEAF (marca) preservado; REFINERY -> REFINARIA na mesma linha (Georgia); QA t_spea_refinery (dia/noite). Marca preservada; descritor traduzido. _o.data deve acompanhar (já acompanhou na referência antiga).
brand_hot_rolled,brand,t_steel_factory_brand,t_steel_factory_brand_b.color,HOT ROLLED INC.,,,HOT ROLLED INC.,,,proper_name,,preserve_original,global,confirmed,Referência antiga traduziu a marca ('LAMINADOS A QUENTE LTDA.') — corrigir.
steel_descriptor,industry,t_steel_factory_brand,t_steel_factory_brand_b.color,STEEL MANUFACTURING,,,FABRICAÇÃO DE AÇO,,,contextual,,qa_passed,global,confirmed,Fase 6 (6D): FABRICAÇÃO DE AÇO na cor e posição originais; relevo refeito em _nm/_ao/_r; QA t_stee_steel_descriptor. Revisar _nm/_ao/_r da família se o texto mudar de lugar.
studio_lens_flare,brand,t_movie_studio_signage,t_movie_studio_signage_b.color,LENS FLARE / LENS FLARE STUDIOS (logos),,,LENS FLARE / LENS FLARE STUDIOS,,,proper_name,,preserve_original,global,confirmed,
studio_dne_one_way,private_signage,t_movie_studio_signage,t_movie_studio_signage_b.color,DO NOT ENTER · ONE WAY (placa interna do estúdio),,,PROIBIDO ENTRAR · MÃO ÚNICA,,,contextual,,rule_defined,global,not_found,"Fase 6 (6D): região não amostrada por nenhum mesh instanciado do West Coast (pegada UV, compose.py regions) -> não editada. Sinalização privada, não regulamentar: texto permitido."
studio_notice_search,private_signage,t_movie_studio_signage,t_movie_studio_signage_b.color,NOTICE · All vehicles and persons entering or leaving the premises are subject to search and inspection. Thank You!,,,AVISO · Todos os veículos e pessoas que entram ou saem estão sujeitos a revista e inspeção. Obrigado!,,,contextual,,rule_defined,global,not_found,"Fase 6 (6D): região não amostrada por nenhum mesh instanciado do West Coast (pegada UV, compose.py regions) -> não editada."
studio_no_trucks,private_signage,t_movie_studio_signage,t_movie_studio_signage_b.color,NO TRUCKS NO DELIVERIES · ALL VEHICLES & PERSONAL BELONGINGS SUBJECT TO INSPECTION · VALID EMPLOYEE I.D. OR PASS REQUIRED,,,"SEM CAMINHÕES, SEM ENTREGAS · VEÍCULOS E PERTENCES SUJEITOS A INSPEÇÃO · CRACHÁ OU AUTORIZAÇÃO OBRIGATÓRIOS",,,contextual,,qa_passed,global,confirmed,Fase 6 (6D): caixa 'ALL VEHICLES & PERSONAL BELONGINGS…' -> VEÍCULOS E PERTENCES SUJEITOS A INSPEÇÃO (QA st_security). Cabeçalho NO TRUCKS e linha de ID não amostrados no West Coast -> não editados.
studio_no_taxi,private_signage,t_movie_studio_signage,t_movie_studio_signage_b.color,NO TAXI DROP OFF · USE GATE 3,,,PROIBIDO DESEMBARQUE DE TÁXI · USE O PORTÃO 3,,,contextual,,qa_passed,global,confirmed,Fase 6 (6D): QA st_no_taxi.
studio_no_idling,private_signage,t_movie_studio_signage,t_movie_studio_signage_b.color,NO TRUCK IDLING PAST THIS POINT,,,CAMINHÕES: DESLIGUE O MOTOR APÓS ESTE PONTO,,,contextual,,rule_defined,global,not_found,"Fase 6 (6D): região não amostrada por nenhum mesh instanciado do West Coast (pegada UV, compose.py regions) -> não editada."
studio_closed_set,private_signage,t_movie_studio_signage,t_movie_studio_signage_b.color,NO ONE IS PERMITTED TO ENTER WHEN RED LIGHTS ARE ON · CLOSED SET · ANY AUDIO OR VIDEO RECORDING MUST BE PRE-APPROVED BY PRODUCTION · NO SMOKING,,,PROIBIDA A ENTRADA COM LUZ VERMELHA ACESA · SET FECHADO · GRAVAÇÕES SOMENTE COM AUTORIZAÇÃO DA PRODUÇÃO · PROIBIDO FUMAR,,,contextual,,qa_passed,global,confirmed,Fase 6 (6D): PROIBIDA A ENTRADA… / SET FECHADO / PROIBIDO FUMAR; QA st_closed_set (dia/noite).
studio_private_property,private_signage,t_movie_studio_signage,t_movie_studio_signage_b.color,PRIVATE PROPERTY NO TRESPASSING · LENS FLARE STUDIO FACILITIES · VIOLATORS SUBJECT TO ARREST AND PROSECUTION,,,PROPRIEDADE PRIVADA — ENTRADA PROIBIDA · INSTALAÇÕES LENS FLARE · INFRATORES SERÃO PROCESSADOS,,,contextual,,rule_defined,global,not_found,"Fase 6 (6D): região não amostrada por nenhum mesh instanciado do West Coast (pegada UV, compose.py regions) -> não editada."
studio_studio_tour,private_signage,t_movie_studio_signage,t_movie_studio_signage_b.color,STUDIO TOUR,,,VISITA AO ESTÚDIO,,,contextual,,qa_passed,global,confirmed,Fase 6 (6D): VISITA AO ESTÚDIO (logo LENS FLARE preservado); QA st_studio_tour.
studio_gates,private_signage,t_movie_studio_signage,t_movie_studio_signage_b.color,GATE 1 / GATE 2 / GATE 3,,,PORTÃO 1 / PORTÃO 3,,,contextual,,qa_passed,global,confirmed,Fase 6 (6D): PORTÃO 1 / PORTÃO 3 + legenda de visitantes; QA st_gates. GATE 2 não amostrado -> não editado.
studio_stop,private_signage,t_movie_studio_signage,t_movie_studio_signage_b.color,STOP (placa interna),,,PARE,,,regulatory_br,,qa_passed,global,confirmed,Fase 6 (6D): PARE (R-1) nas placas internas; QA st_stop_ped.
studio_trucks_only,private_signage,t_movie_studio_signage,t_movie_studio_signage_b.color,NO PEDESTRIAN TRAFFIC · TRUCKS ONLY,,,PROIBIDO PEDESTRES · SOMENTE CAMINHÕES,,,contextual,,qa_passed,global,confirmed,Fase 6 (6D): PROIBIDO PEDESTRES / SOMENTE CAMINHÕES; QA st_stop_ped.
studio_tour_parking_entrance,private_signage,t_movie_studio_signage,t_movie_studio_signage_b.color,STUDIO TOUR PARKING ENTRANCE · VISITOR ONLY,,,ENTRADA DO ESTACIONAMENTO DA VISITA · SOMENTE VISITANTES,,,contextual,,qa_passed,global,confirmed,Fase 6 (6D): QA st_tour_parking_entrance.
studio_soon_to_rise,private_signage,t_movie_studio_signage,t_movie_studio_signage_b.color,SOON TO RISE,,,EM BREVE,,,contextual,,rule_defined,global,not_found,"Fase 6 (6D): região não amostrada por nenhum mesh instanciado do West Coast (pegada UV, compose.py regions) -> não editada."
studio_restricted,private_signage,t_movie_studio_signage,t_movie_studio_signage_b.color,RESTRICTED AREA · Keep Out · All visitors and delivery drivers must report to the site office,,,ÁREA RESTRITA · NÃO ENTRE · Visitantes e entregadores devem se apresentar ao escritório,,,contextual,,qa_passed,global,confirmed,Fase 6 (6D): só a linha 'visitantes ao escritório' é amostrada (QA st_visitors_office); RESTRICTED AREA / Keep Out não amostrados -> não editados.
studio_violators,private_signage,t_movie_studio_signage,t_movie_studio_signage_b.color,NO TRESPASSING · VIOLATORS WILL BE PROSECUTED,,,ENTRADA PROIBIDA · INFRATORES SERÃO PROCESSADOS,,,contextual,,qa_passed,global,confirmed,Fase 6 (6D): ENTRADA PROIBIDA / INFRATORES SERÃO PROCESSADOS; QA st_trespassing.
studio_stages,private_signage,t_movie_studio_signage,t_movie_studio_signage_b.color,STAGE 1 / 2 / 3 / 4,,,ESTÚDIO 1 / 2 / 3,,,contextual,,qa_passed,global,confirmed,Fase 6 (6D): ESTÚDIO 1/2/3; QA st_stage1. STAGE 4 não amostrado. 'Sound stage' = estúdio.
studio_surveillance,private_signage,t_movie_studio_signage,t_movie_studio_signage_b.color,NOTICE · THIS BUILDING IS UNDER VIDEO SURVEILLANCE,,,AVISO · PRÉDIO SOB VIDEOMONITORAMENTO,,,contextual,,qa_passed,global,confirmed,Fase 6 (6D): AVISO / PRÉDIO SOB VIDEOMONITORAMENTO; QA st_surveillance.
studio_trucks_entrance,private_signage,t_movie_studio_signage,t_movie_studio_signage_b.color,ENTRANCE FOR TRUCKS ONLY · VISITORS USE MAIN GATE,,,ENTRADA SÓ PARA CAMINHÕES · VISITANTES USEM O PORTÃO PRINCIPAL,,,contextual,,qa_passed,global,confirmed,Fase 6 (6D): QA st_trucks_entrance.
studio_visitor_passes,private_signage,t_movie_studio_signage,t_movie_studio_signage_b.color,VISITORS PASSES & INFORMATION / DECALS ONLY / GUEST ENTRANCE,,,CREDENCIAIS E INFORMAÇÕES / SOMENTE ADESIVADOS / ENTRADA DE CONVIDADOS,,,contextual,,rule_defined,global,not_found,"Fase 6 (6D): região não amostrada por nenhum mesh instanciado do West Coast (pegada UV, compose.py regions) -> não editada."
studio_departments,private_signage,t_movie_studio_signage,t_movie_studio_signage_b.color,DRAPERY · PROPERTY · UPHOLSTERY,,,CORTINARIA · CONTRARREGRAGEM · ESTOFARIA,,,contextual,,rule_defined,global,not_found,"Fase 6 (6D): needs_context encerrado: não usado no West Coast. Fase 6 (6D): região não amostrada por nenhum mesh instanciado do West Coast (pegada UV, compose.py regions) -> não editada. Departamentos de produção; referência antiga usou 'CENOGRAFIA/FIGURINO/ESTOFARIA' (sentidos diferentes). Confirmar no QA."
studio_security_check,private_signage,t_movie_studio_signage,t_movie_studio_signage_b.color,SECURITY CHECK · VEHICLE CHECK IN PROGRESS,,,INSPEÇÃO DE SEGURANÇA · VEÍCULO EM INSPEÇÃO,,,contextual,,qa_passed,global,confirmed,Fase 6 (6D): QA st_security.
studio_exit_entrance_only,private_signage,t_movie_studio_signage,t_movie_studio_signage_b.color,EXIT ONLY / ENTRANCE ONLY,,,SOMENTE SAÍDA / SOMENTE ENTRADA,,,contextual,,qa_passed,global,confirmed,Fase 6 (6D): SOMENTE SAÍDA / SOMENTE ENTRADA; QA st_exit_entrance.
studio_loading,private_signage,t_movie_studio_signage,t_movie_studio_signage_b.color,NO PARKING · LOADING AREA,,,PROIBIDO ESTACIONAR · CARGA E DESCARGA,,,contextual,,qa_passed,global,confirmed,Fase 6 (6D): PROIBIDO ESTACIONAR / CARGA E DESCARGA; QA st_loading.
studio_stage_requirements,private_signage,t_movie_studio_signage,t_movie_studio_signage_b.color,STAGE ENTRANCE REQUIREMENTS (texto miúdo),,,REQUISITOS PARA ENTRADA NO ESTÚDIO (texto miúdo),,,contextual,,qa_passed,global,confirmed,"Fase 6 (6D): título, SET FECHADO, contato e telefones traduzidos; QA st_requirements."
studio_excavation,safety,t_movie_studio_signage,t_movie_studio_signage_b.color,DANGER DEEP EXCAVATION,,,PERIGO — ESCAVAÇÃO PROFUNDA,,,contextual,,rule_defined,global,not_found,"Fase 6 (6D): região não amostrada por nenhum mesh instanciado do West Coast (pegada UV, compose.py regions) -> não editada."
studio_site_safety,safety,t_movie_studio_signage,t_movie_studio_signage_b.color,SITE SAFETY (lista),,,SEGURANÇA DO CANTEIRO (lista),,,contextual,,rule_defined,global,not_found,"Fase 6 (6D): região não amostrada por nenhum mesh instanciado do West Coast (pegada UV, compose.py regions) -> não editada."
studio_ppe,safety,t_movie_studio_signage,t_movie_studio_signage_b.color,HARD HAT ZONE / PPE REQUIRED,,,ÁREA DE CAPACETE OBRIGATÓRIO / EPI OBRIGATÓRIO,,,contextual,,rule_defined,global,not_found,"Fase 6 (6D): região não amostrada por nenhum mesh instanciado do West Coast (pegada UV, compose.py regions) -> não editada."
studio_courier,private_signage,t_movie_studio_signage,t_movie_studio_signage_b.color,COURIER DELIVERY ZONE,,,ÁREA DE ENTREGAS,,,contextual,,qa_passed,global,confirmed,Fase 6 (6D): QA st_courier.
studio_tour_parking,private_signage,t_movie_studio_signage,t_movie_studio_signage_b.color,TOUR PARKING,,,ESTACIONAMENTO DA VISITA,,,contextual,,qa_passed,global,confirmed,Fase 6 (6D): QA st_tour_parking.
studio_map_labels,private_signage,t_movie_studio_signage,t_movie_studio_signage_b.color,"Mapa: Stage 1/2/3, Delivery Entry, legenda",,,"Mapa: Estúdio 1/2/3, Entrada de Entregas, legenda",,,contextual,,rule_defined,global,not_found,"Fase 6 (6D): região não amostrada por nenhum mesh instanciado do West Coast (pegada UV, compose.py regions) -> não editada."
billboard_blastr,advertising,t_billboards,t_billboards_b.color (mesmo conteúdo em billboards_d),BLASTR ENERGY · FEEL THE RAGE!!,,,BLASTR ENERGY · SINTA A FÚRIA!!,,,contextual,,qa_passed,global,confirmed,"Fase 6 (6C): QA bb_blastr (dia, 06/10/2026). Fase 6 (6C): produzido e validado; QA no jogo no ciclo seguinte. Material 'billboards' do West Coast usa t_billboards_b. Logo preservado."
billboard_brightsmile,advertising,t_billboards,t_billboards_b.color (mesmo conteúdo em billboards_d),"BRIGHTSMILE · ""Recommended by 4 out of 5 dentists""",,,"BRIGHTSMILE · ""Recomendado por 4 em cada 5 dentistas""",,,contextual,,qa_passed,global,confirmed,"Fase 6 (6C): QA bb_brightsmile (dia, 06/10/2026). Fase 6 (6C): produzido e validado; QA no jogo no ciclo seguinte. Material 'billboards' do West Coast usa t_billboards_b."
billboard_queenz,advertising,t_billboards,t_billboards_b.color (mesmo conteúdo em billboards_d),"QUEENZ · ""BE THE BEST VERSION OF YOU""",,,"QUEENZ · ""SEJA A MELHOR VERSÃO DE VOCÊ""",,,contextual,,rule_defined,global,not_found,Fase 6: painel QUEENZ não amostrado por nenhum mesh instanciado do West Coast (pegada UV) -> não editado. Material 'billboards' do West Coast usa t_billboards_b.
billboard_feline_racerz,advertising,t_billboards,t_billboards_b.color (mesmo conteúdo em billboards_d),"FELINE RACERZ · OUT NOW · ""It's freaking cats on cars! 9/10"" SeriousGamingJournalism · AVAILABLE ON GAMEMASTER720 AND PC",,,"FELINE RACERZ · JÁ DISPONÍVEL · ""São gatos em carros, gente! 9/10"" SeriousGamingJournalism · DISPONÍVEL PARA GAMEMASTER720 E PC",,,contextual,,qa_passed,global,confirmed,"Fase 6: JÁ / DISPONÍVEL, citação girada como o original, DISPONÍVEL PARA GAMEMASTER720 E PC; QA bb_feline_racerz. Material 'billboards' do West Coast usa t_billboards_b. Título do jogo e veículo de imprensa preservados."
billboard_mente,advertising,t_billboards,t_billboards_b.color (mesmo conteúdo em billboards_d),Mente · EXPRESS YOURSELF,,,Mente · EXPRESSE-SE,,,contextual,,qa_passed,global,confirmed,"Fase 6 (6C): QA bb_mente (dia, 06/10/2026). Fase 6 (6C): produzido e validado; QA no jogo no ciclo seguinte. Material 'billboards' do West Coast usa t_billboards_b."
billboard_rally_rental,currency,t_billboards,t_billboards_b.color (mesmo conteúdo em billboards_d),ROCKING RALLY RENTAL · SAVE UP TO $200 · Visit us at our nearest outlets or contact us on our friendbook page!,USD,200,ROCKING RALLY RENTAL · ECONOMIZE ATÉ R$ 200 · Visite a loja mais próxima ou fale conosco no Friendbook!,BRL,200,contextual,,qa_passed,global,confirmed,Fase 6: marca preservada; ECONOMIZE ATÉ / R$ 200; linha Friendbook; QA bb_rally_rental. Material 'billboards' do West Coast usa t_billboards_b. Marca preservada.
billboard_eshock,advertising,t_billboards,t_billboards_b.color (mesmo conteúdo em billboards_d),SHOCKING PERFORMANCE (eShock),,,DESEMPENHO CHOCANTE,,,contextual,,qa_passed,global,confirmed,"Fase 6 (6C): QA bb_eshock (dia, 06/10/2026). Fase 6 (6C): produzido e validado; QA no jogo no ciclo seguinte. Material 'billboards' do West Coast usa t_billboards_b. Mantém o trocadilho com 'choque' (eShock)."
billboard_gripall,advertising,t_billboards,t_billboards_b.color (mesmo conteúdo em billboards_d),AMERICA'S TRUSTED TIRE BRAND (GripAll),,,A MARCA DE PNEUS DE CONFIANÇA DOS EUA,,,contextual,,qa_passed,global,confirmed,Fase 6: A MARCA DE PNEUS / DE CONFIANÇA / DOS EUA; QA bb_gripall. Material 'billboards' do West Coast usa t_billboards_b. Não trocar 'America' por 'Brasil' (o universo continua americano).
billboard_turbo_burger,currency,t_billboards,t_billboards_b.color (mesmo conteúdo em billboards_d),NEW TURBO MENU · 4.99- (Turbo Burger),USD,4.99,"NOVO MENU TURBO · R$ 4,99",BRL,"4,99",contextual,,qa_passed,global,confirmed,"Fase 6 (6C): NOVO MENU TURBO / R$ 4,99; QA bb_turbo_burger (dia/noite). Material 'billboards' do West Coast usa t_billboards_b. Moeda com símbolo, espaço e vírgula; marca preservada."
billboard_driftgear,advertising,t_billboards,t_billboards_b.color (mesmo conteúdo em billboards_d),PUSHING THE LIMITS OF INNOVATION (DriftGear),,,SUPERANDO OS LIMITES DA INOVAÇÃO,,,contextual,,qa_passed,global,confirmed,Fase 6: QA bb_driftgear_diner. Material 'billboards' do West Coast usa t_billboards_b.
billboard_wcusa_racetrack,advertising,t_billboards,t_billboards_b.color (mesmo conteúdo em billboards_d),WCUSA RACETRACK,,,WCUSA / AUTÓDROMO,,,contextual,,qa_passed,global,confirmed,Fase 6: WCUSA (nome) mantido e RACETRACK -> AUTÓDROMO na mesma linha (9 letras); QA bb_wcusa_warehouse. Material 'billboards' do West Coast usa t_billboards_b.
billboard_tasticola,advertising,t_billboards,t_billboards_b.color (mesmo conteúdo em billboards_d),TastiCola · NEW FLAVOR! BLUE IS THE NEW RED,,,TastiCola · NOVO SABOR! AZUL É O NOVO VERMELHO,,,contextual,,qa_passed,global,confirmed,Fase 6: NOVO SABOR! / AZUL / É O NOVO / VERMELHO; QA bb_tasticola. Material 'billboards' do West Coast usa t_billboards_b.
billboard_clockwise,advertising,t_billboards,t_billboards_b.color (mesmo conteúdo em billboards_d),CLOCKWISE RACING EXPERT,,,CLOCKWISE RACING EXPERT,,,proper_name,,preserve_original,global,confirmed,Material 'billboards' do West Coast usa t_billboards_b. Texto integrado ao logo.
billboard_alder,advertising,t_billboards,t_billboards_b.color (mesmo conteúdo em billboards_d),Classic American Performance (Alder),,,PERFORMANCE AMERICANA CLÁSSICA,,,contextual,,qa_passed,global,confirmed,"Fase 6 (6C): QA bb_alder (dia, 06/10/2026). Fase 6 (6C): produzido e validado; QA no jogo no ciclo seguinte. Material 'billboards' do West Coast usa t_billboards_b. 'Performance' é de uso corrente no Brasil em contexto automotivo."
billboard_oj,advertising,t_billboards,t_billboards_b.color (mesmo conteúdo em billboards_d),OJ · STAY HEALTHY LIVE FAST,,,"OJ · VIVA SAUDÁVEL, VIVA RÁPIDO",,,contextual,,qa_passed,global,confirmed,"Fase 6 (6C): QA bb_oj (dia, 06/10/2026). Fase 6 (6C): produzido e validado; QA no jogo no ciclo seguinte. Material 'billboards' do West Coast usa t_billboards_b."
billboard_nodeoline_oil,advertising,t_billboards,t_billboards_b.color (mesmo conteúdo em billboards_d),Tried and Tested Endurance (Nodeoline),,,Resistência testada e comprovada,,,contextual,,qa_passed,global,confirmed,Fase 6: 3 caixas vermelhas originais: Resistência / testada e / comprovada (mais fiel a Tried and Tested Endurance); QA bb_nodeoline. Material 'billboards' do West Coast usa t_billboards_b.
dealer_big_sale,commerce,t_billboardsigns_dealers,t_billboardsigns_dealers_b.color,BIG SALE!,,,MEGA OFERTA!,,,contextual,,rule_defined,global,not_found,"Fase 6: no West Coast o material m_billboardsigns_dealers só aparece por glifos soltos (MAP/INFO nos abrigos s_busstop_wcu e na bandeira de chão); nenhum painel é amostrado por mesh instanciado -> não produzido (asset global, prioridade baixa). Usado nos abrigos de ônibus e bandeiras do West Coast."
dealer_great_deals,commerce,t_billboardsigns_dealers,t_billboardsigns_dealers_b.color,GREAT DEALS · FRESH CARS,,,ÓTIMAS OFERTAS · CARROS NOVOS,,,contextual,,rule_defined,global,not_found,"Fase 6: no West Coast o material m_billboardsigns_dealers só aparece por glifos soltos (MAP/INFO nos abrigos s_busstop_wcu e na bandeira de chão); nenhum painel é amostrado por mesh instanciado -> não produzido (asset global, prioridade baixa). Usado nos abrigos de ônibus e bandeiras do West Coast."
dealer_auto_sales,commerce,t_billboardsigns_dealers,t_billboardsigns_dealers_b.color,AUTO SALES and SERVICE,,,VENDAS E SERVIÇOS AUTOMOTIVOS,,,contextual,,rule_defined,global,not_found,"Fase 6: no West Coast o material m_billboardsigns_dealers só aparece por glifos soltos (MAP/INFO nos abrigos s_busstop_wcu e na bandeira de chão); nenhum painel é amostrado por mesh instanciado -> não produzido (asset global, prioridade baixa). Usado nos abrigos de ônibus e bandeiras do West Coast."
dealer_drive_away,commerce,t_billboardsigns_dealers,t_billboardsigns_dealers_b.color,DRIVE AWAY TODAY,,,SAIA DIRIGINDO HOJE,,,contextual,,rule_defined,global,not_found,"Fase 6: no West Coast o material m_billboardsigns_dealers só aparece por glifos soltos (MAP/INFO nos abrigos s_busstop_wcu e na bandeira de chão); nenhum painel é amostrado por mesh instanciado -> não produzido (asset global, prioridade baixa). Usado nos abrigos de ônibus e bandeiras do West Coast."
dealer_no_deposit,commerce,t_billboardsigns_dealers,t_billboardsigns_dealers_b.color,NO DEPOSIT REQUIRED,,,SEM ENTRADA,,,contextual,,rule_defined,global,not_found,"Fase 6: no West Coast o material m_billboardsigns_dealers só aparece por glifos soltos (MAP/INFO nos abrigos s_busstop_wcu e na bandeira de chão); nenhum painel é amostrado por mesh instanciado -> não produzido (asset global, prioridade baixa). Usado nos abrigos de ônibus e bandeiras do West Coast."
dealer_warranty,commerce,t_billboardsigns_dealers,t_billboardsigns_dealers_b.color,3 YEAR WARRANTY AVAILABLE,,,GARANTIA DE 3 ANOS,,,contextual,,rule_defined,global,not_found,"Fase 6: no West Coast o material m_billboardsigns_dealers só aparece por glifos soltos (MAP/INFO nos abrigos s_busstop_wcu e na bandeira de chão); nenhum painel é amostrado por mesh instanciado -> não produzido (asset global, prioridade baixa). Usado nos abrigos de ônibus e bandeiras do West Coast."
dealer_used_cars,commerce,t_billboardsigns_dealers,t_billboardsigns_dealers_b.color,QUALITY USED CARS / AVAILABLE USED CARS / USED CARS,,,SEMINOVOS DE QUALIDADE / SEMINOVOS DISPONÍVEIS / SEMINOVOS,,,contextual,,rule_defined,global,not_found,"Fase 6: no West Coast o material m_billboardsigns_dealers só aparece por glifos soltos (MAP/INFO nos abrigos s_busstop_wcu e na bandeira de chão); nenhum painel é amostrado por mesh instanciado -> não produzido (asset global, prioridade baixa). Usado nos abrigos de ônibus e bandeiras do West Coast."
dealer_tires,commerce,t_billboardsigns_dealers,t_billboardsigns_dealers_b.color,NEW & USED TIRES / TIRES,,,PNEUS NOVOS E USADOS / PNEUS,,,contextual,,rule_defined,global,not_found,"Fase 6: no West Coast o material m_billboardsigns_dealers só aparece por glifos soltos (MAP/INFO nos abrigos s_busstop_wcu e na bandeira de chão); nenhum painel é amostrado por mesh instanciado -> não produzido (asset global, prioridade baixa). Usado nos abrigos de ônibus e bandeiras do West Coast."
dealer_financing,commerce,t_billboardsigns_dealers,t_billboardsigns_dealers_b.color,FINANCING AVAILABLE / 0% FINANCING / QUALITY,,,FINANCIAMENTO / TAXA 0% / QUALIDADE,,,contextual,,rule_defined,global,not_found,"Fase 6: no West Coast o material m_billboardsigns_dealers só aparece por glifos soltos (MAP/INFO nos abrigos s_busstop_wcu e na bandeira de chão); nenhum painel é amostrado por mesh instanciado -> não produzido (asset global, prioridade baixa). Usado nos abrigos de ônibus e bandeiras do West Coast."
dealer_best_deals,commerce,t_billboardsigns_dealers,t_billboardsigns_dealers_b.color,BEST DEALS GUARANTEED,,,MELHORES OFERTAS GARANTIDAS,,,contextual,,rule_defined,global,not_found,"Fase 6: no West Coast o material m_billboardsigns_dealers só aparece por glifos soltos (MAP/INFO nos abrigos s_busstop_wcu e na bandeira de chão); nenhum painel é amostrado por mesh instanciado -> não produzido (asset global, prioridade baixa). Usado nos abrigos de ônibus e bandeiras do West Coast."
dealer_services_list,commerce,t_billboardsigns_dealers,t_billboardsigns_dealers_b.color,TIRE REPLACEMENT · HEADLIGHT RESTORATION · LED LIGHTS · STEERING & SUSPENSION · SMASH REPAIR · WINDSCREEN CHIP REPAIR · AFTERMARKET PARTS · BRAKE & CLUTCH,,,TROCA DE PNEUS · RESTAURAÇÃO DE FARÓIS · LUZES DE LED · DIREÇÃO E SUSPENSÃO · FUNILARIA · REPARO DE PARA-BRISA · PEÇAS E ACESSÓRIOS · FREIOS E EMBREAGEM,,,contextual,,rule_defined,global,not_found,"Fase 6: no West Coast o material m_billboardsigns_dealers só aparece por glifos soltos (MAP/INFO nos abrigos s_busstop_wcu e na bandeira de chão); nenhum painel é amostrado por mesh instanciado -> não produzido (asset global, prioridade baixa). Usado nos abrigos de ônibus e bandeiras do West Coast."
dealer_testing_station,commerce,t_billboardsigns_dealers,t_billboardsigns_dealers_b.color,Vehicle Testing Station Approved by the Department of Transport,,,Posto de Inspeção Veicular aprovado pelo Departamento de Transportes,,,contextual,,rule_defined,global,not_found,"Fase 6: no West Coast o material m_billboardsigns_dealers só aparece por glifos soltos (MAP/INFO nos abrigos s_busstop_wcu e na bandeira de chão); nenhum painel é amostrado por mesh instanciado -> não produzido (asset global, prioridade baixa). Usado nos abrigos de ônibus e bandeiras do West Coast. Órgão fictício; não transformar em órgão brasileiro real."
dealer_recycle,commerce,t_billboardsigns_dealers,t_billboardsigns_dealers_b.color,WE ACCEPT USED MOTOR OIL & BATTERIES AT NO CHARGE,,,RECEBEMOS ÓLEO USADO E BATERIAS GRATUITAMENTE,,,contextual,,rule_defined,global,not_found,"Fase 6: no West Coast o material m_billboardsigns_dealers só aparece por glifos soltos (MAP/INFO nos abrigos s_busstop_wcu e na bandeira de chão); nenhum painel é amostrado por mesh instanciado -> não produzido (asset global, prioridade baixa). Usado nos abrigos de ônibus e bandeiras do West Coast."
dealer_rotopad,commerce,t_billboardsigns_dealers,t_billboardsigns_dealers_b.color,ROTOPAD · The right brake pads for your vehicle,,,ROTOPAD · As pastilhas certas para o seu veículo,,,contextual,,rule_defined,global,not_found,"Fase 6: no West Coast o material m_billboardsigns_dealers só aparece por glifos soltos (MAP/INFO nos abrigos s_busstop_wcu e na bandeira de chão); nenhum painel é amostrado por mesh instanciado -> não produzido (asset global, prioridade baixa). Usado nos abrigos de ônibus e bandeiras do West Coast."
dealer_tire_offer,commerce,t_billboardsigns_dealers,t_billboardsigns_dealers_b.color,TIRE REPLACEMENT ALIGNMENT 15% OFF (+ letras miúdas),,,TROCA DE PNEUS E ALINHAMENTO · 15% DE DESCONTO,,,contextual,,rule_defined,global,not_found,"Fase 6: no West Coast o material m_billboardsigns_dealers só aparece por glifos soltos (MAP/INFO nos abrigos s_busstop_wcu e na bandeira de chão); nenhum painel é amostrado por mesh instanciado -> não produzido (asset global, prioridade baixa). Usado nos abrigos de ônibus e bandeiras do West Coast."
dealer_facility,commerce,t_billboardsigns_dealers,t_billboardsigns_dealers_b.color,ENTRANCE · EXIT · NO SMOKING · SERVICE · NOTICE · NO PARKING · BEYOND THIS POINT NO ENTRY · OFFICE,,,ENTRADA · SAÍDA · PROIBIDO FUMAR · SERVIÇOS · AVISO · PROIBIDO ESTACIONAR · PROIBIDA A ENTRADA ALÉM DESTE PONTO · ESCRITÓRIO,,,contextual,,rule_defined,global,not_found,"Fase 6: no West Coast o material m_billboardsigns_dealers só aparece por glifos soltos (MAP/INFO nos abrigos s_busstop_wcu e na bandeira de chão); nenhum painel é amostrado por mesh instanciado -> não produzido (asset global, prioridade baixa). Usado nos abrigos de ônibus e bandeiras do West Coast."
dealer_tested,commerce,t_billboardsigns_dealers,t_billboardsigns_dealers_b.color,CATALYSTS TESTED / DIESELS TESTED,,,CATALISADORES TESTADOS / DIESEL TESTADO,,,contextual,,rule_defined,global,not_found,"Fase 6: no West Coast o material m_billboardsigns_dealers só aparece por glifos soltos (MAP/INFO nos abrigos s_busstop_wcu e na bandeira de chão); nenhum painel é amostrado por mesh instanciado -> não produzido (asset global, prioridade baixa). Usado nos abrigos de ônibus e bandeiras do West Coast."
dealer_brands,brand,t_billboardsigns_dealers,t_billboardsigns_dealers_b.color,BURNSIDE · GAVRIL · HIROCHI · IBISHU · eShock · GripAll,,,(inalterado),,,proper_name,,preserve_original,global,confirmed,Usado nos abrigos de ônibus e bandeiras do West Coast.
dealer_font,font,t_billboardsigns_dealers,t_billboardsigns_dealers_b.color,Alfabetos e algarismos,,,(inalterado),,,preserve_original,,preserve_original,global,confirmed,Usado nos abrigos de ônibus e bandeiras do West Coast. Sem acentos.
sponsors_logos,brand,t_sponsors,t_sponsors_b.color,EK · GRIPALL · DriftGear · BLASTR ENERGY · CLOCKWISE RACING EXPERTS · nomi · OILEX · FOLK · DREID · ARNIDA · HIROCHI · Alder · NODEOLINE · GAVRIL · TastiCola,,,(inalterado),,,proper_name,,preserve_original,global,confirmed,"Todos são logotipos; textos integrados ao logo ('ENERGY', 'RACING EXPERTS') também são preservados."
commerce_nails,commerce,clutter_commercial,clutter_commercial_b.color,NAILS & WAXING · BEAUTY SALON · OPEN · DRY CLEANING · Spa Pedicure · Facial WAXING (neons),,,UNHAS E DEPILAÇÃO · SALÃO DE BELEZA · ABERTO · LAVANDERIA · Spa Pedicure · DEPILAÇÃO FACIAL,,,contextual,,rule_defined,global,confirmed,
commerce_hours,time,clutter_commercial,clutter_commercial_b.color,Business Hours Monday - Friday,,,Horário: segunda a sexta,,,contextual,,rule_defined,global,confirmed,
commerce_walkins,commerce,clutter_commercial,clutter_commercial_b.color,NO WALK-INS · APPOINTMENT ONLY,,,SOMENTE COM HORA MARCADA,,,contextual,,rule_defined,global,confirmed,
commerce_nail_menu,commerce,clutter_commercial,clutter_commercial_b.color,3D Design · PEDICURE · Gel Set · Air Brush · MANICURE · Acrylic set · Natalie's Nail 4 · 444-999-2222,,,Design 3D · PEDICURE · Unha em Gel · Aerografia · MANICURE · Unha Acrílica · Natalie's Nail 4 · 444-999-2222,,,contextual,,rule_defined,global,confirmed,"Telefone fictício preservado (formato fictício, não é número real brasileiro)."
commerce_sales,commerce,clutter_commercial,clutter_commercial_b.color,ENTIRE STORE 60% OFF · SALE% · ON SPECIAL ITEMS 50% off · 50% OFF · ENTIRE STORE · SALE% 50% 70% · 20% · BIG SALE,,,LOJA TODA 60% OFF · LIQUIDAÇÃO · ITENS SELECIONADOS 50% OFF · 50% OFF · LOJA TODA · LIQUIDAÇÃO · 20% · SUPER PROMOÇÃO,,,contextual,,rule_defined,global,confirmed,'% OFF' é uso corrente no varejo brasileiro.
commerce_store_closing,commerce,clutter_commercial,clutter_commercial_b.color,STORE CLOSING,,,QUEIMA TOTAL,,,contextual,,rule_defined,global,confirmed,
commerce_menus,commerce,clutter_commercial,clutter_commercial_b.color,Cardápios (lorem ipsum),,,(inalterado),,,preserve_original,,preserve_original,global,confirmed,Texto ilegível/placeholder.
commerce_chinese,commerce,clutter_commercial,clutter_commercial_b.color,"Letreiros em chinês (此路不通 NO ENTRY, 礼品店, 超市, 咖啡店, 古董店, 茶, 龙, 彩虹精品…)",,,chinês preservado; 'NO ENTRY' → 'ENTRADA PROIBIDA',,,preserve_original,,rule_defined,global,confirmed,"Ambientação de Chinatown: o chinês é parte do cenário, não é inglês."
commerce_logos,brand,clutter_commercial,clutter_commercial_b.color,APEX · TRILOBITE · TastiCola · BeamNG.drive · Riverway · L-RVAG · Shuffleboard · Rent-A-Box · Swamp Gas · Burnside · Jefferson Motors · Fast Automotive · Rich's Motor Company · Belasco Auto · Ibishu · Bruckell · R-APER · Jerry Riggs',,,(inalterado),,,proper_name,,preserve_original,global,confirmed,
commerce_logistics,commerce,clutter_commercial,clutter_commercial_b.color,SHUFFLEBOARD LOGISTICS & DISTRIBUTION,,,SHUFFLEBOARD LOGÍSTICA E DISTRIBUIÇÃO,,,contextual,,rule_defined,global,confirmed,
commerce_rentabox,commerce,clutter_commercial,clutter_commercial_b.color,RENT-A-BOX SECURE STORAGE,,,RENT-A-BOX GUARDA-VOLUMES SEGURO,,,contextual,,rule_defined,global,confirmed,
commerce_swamp_gas,commerce,clutter_commercial,clutter_commercial_b.color,SWAMP GAS PIPELINE CO.,,,SWAMP GAS PIPELINE CO.,,,proper_name,,preserve_original,global,confirmed,
commerce_shop_parking,commerce,clutter_commercial,clutter_commercial_b.color,SHOP PERSONNEL PARKING ONLY · EMPLOYEE PARKING ONLY,,,ESTACIONAMENTO EXCLUSIVO DE FUNCIONÁRIOS,,,contextual,,rule_defined,global,confirmed,
commerce_visitors_report,commerce,clutter_commercial,clutter_commercial_b.color,ALL VISITORS MUST REPORT TO SITE OFFICE,,,VISITANTES DEVEM SE APRESENTAR AO ESCRITÓRIO,,,contextual,,rule_defined,global,confirmed,
commerce_own_risk,commerce,clutter_commercial,clutter_commercial_b.color,ATTENTION · PARK AT YOUR OWN RISK,,,ATENÇÃO · ESTACIONE POR SUA CONTA E RISCO,,,contextual,,rule_defined,global,confirmed,
commerce_no_dumping,commerce,clutter_commercial,clutter_commercial_b.color,NO DUMPING ALLOWED · B.C.M.C.,,,PROIBIDO JOGAR LIXO · B.C.M.C.,,,contextual,,rule_defined,global,confirmed,
commerce_private_property,commerce,clutter_commercial,clutter_commercial_b.color,PRIVATE PROPERTY -- NO -- TRESPASSING,,,PROPRIEDADE PRIVADA · ENTRADA PROIBIDA,,,contextual,,rule_defined,global,confirmed,
commerce_caution_smoking,safety,clutter_commercial,clutter_commercial_b.color,CAUTION NO SMOKING,,,ATENÇÃO · PROIBIDO FUMAR,,,contextual,,rule_defined,global,confirmed,
commerce_towed,commerce,clutter_commercial,clutter_commercial_b.color,NO PARKING · CARS BLOCKING GATE WILL BE TOWED AWAY,,,PROIBIDO ESTACIONAR · VEÍCULOS BLOQUEANDO O PORTÃO SERÃO GUINCHADOS,,,contextual,,rule_defined,global,confirmed,
commerce_tennis,commerce,clutter_commercial,clutter_commercial_b.color,EAST BELASCO TENNIS CLUB,,,CLUBE DE TÊNIS DE EAST BELASCO,,,contextual,,rule_defined,global,confirmed,
commerce_lemon,commerce,clutter_commercial,clutter_commercial_b.color,GOT A LEMON? · We pay top dollar for scrap-ready cars of any make!,,,TEM UMA BOMBA? · Pagamos o melhor preço por carros para sucata de qualquer marca!,,,contextual,,rule_defined,global,confirmed,'Lemon' (carro problemático) → 'bomba' (gíria brasileira equivalente).
commerce_motorsports_park,commerce,clutter_commercial,clutter_commercial_b.color,BURNSIDE INTERNATIONAL MOTORSPORTS PARK,,,BURNSIDE INTERNATIONAL MOTORSPORTS PARK,,,proper_name,,preserve_original,global,confirmed,
commerce_easy_repair,brand,clutter_commercial,clutter_commercial_b.color,EASY AUTO REPAIR (logo),,,(inalterado),,,proper_name,,preserve_original,global,confirmed,
commerce_rapid_repair,commerce,clutter_commercial,clutter_commercial_b.color,Jerry Riggs' · Rapid Repair & Parts Fitting,,,Jerry Riggs' · Conserto Rápido e Instalação de Peças,,,contextual,,rule_defined,global,confirmed,
commerce_all_brands,commerce,clutter_commercial,clutter_commercial_b.color,All Brands Serviced!,,,Atendemos Todas as Marcas!,,,contextual,,rule_defined,global,confirmed,
commerce_glyph_fonts,font,clutter_commercial,clutter_commercial_b.color,"Atlas de fontes (vários estilos), $ ! & # : , setas, algarismos",,,(inalterado — ver notas),,,preserve_original,,needs_context,global,confirmed,"Letreiros de fachada (MOTEL, FOOD MART, TORRES TIRES, SMASH AUTO, EXHAUST, FIX, SOUND, STEREO, FULL SERVICE, CAR PARTS, BELASCO AUTO) são COMPOSTOS por esses glifos via UV: trocar a palavra exige mesh. Nenhum glifo acentuado; '$' sem 'R'."
commerce_us_flag,commerce,clutter_commercial,clutter_commercial_b.color,Bandeira dos EUA,,,(inalterado),,,preserve_original,,preserve_original,global,confirmed,Universo continua americano.
commerce_storefront_motel,commerce,clutter_commercial,clutter_commercial_b.color,MOTEL (s_motel_sign),,,POUSADA,,,contextual,,needs_implementation,global,confirmed,Hospedagem de beira de estrada → 'POUSADA' (ver cultural_adaptations.md). Palavra composta por glifos: exige mesh/textura dedicada.
commerce_storefront_food,commerce,clutter_commercial,clutter_commercial_b.color,FOOD MART (s_food_mart_sign),,,MERCADINHO,,,contextual,,needs_context,global,confirmed,Texto exato a confirmar no QA; composto por glifos.
commerce_storefront_full,commerce,clutter_commercial,clutter_commercial_b.color,FULL SERVICE (s_full_service_sign),,,SERVIÇO COMPLETO,,,contextual,,needs_context,global,confirmed,Composto por glifos.
commerce_storefront_exhaust,commerce,clutter_commercial,clutter_commercial_b.color,EXHAUST / FIX / SOUND / STEREO / CAR PARTS (letreiros de oficina),,,ESCAPAMENTOS / CONSERTOS / SOM / SOM AUTOMOTIVO / AUTOPEÇAS,,,contextual,,needs_context,global,confirmed,Compostos por glifos; conferir palavras no QA.
commerce_storefront_torres,commerce,clutter_commercial,clutter_commercial_b.color,TORRES TIRES / SMASH AUTO / BELASCO AUTO / TURBO BURGER (nomes),,,(inalterado),,,proper_name,,preserve_original,global,confirmed,Nomes próprios.
brand_dealership_logos,brand,logos_dealership_garage_wca,logos_dealership_garage_wca_d.color,TRUSTED AUTO SALES · EASY AUTO REPAIR · JEFFERSON MOTORS · FAST AUTOMOTIVE · RICH'S MOTOR COMPANY · BELASCO AUTO · BELASCO AUTO GARAGE · QUARRYSIDE,,,(inalterado),,,proper_name,,preserve_original,global,confirmed,Logotipos de concessionárias: descritores integrados ao logo também preservados.
brand_career_garage,brand,t_west_coast_garage_sign,t_west_coast_garage_sign_b.color,Belasco City GARAGE (logo),,,(inalterado),,,proper_name,,preserve_original,global,confirmed,
plaza_lod,commerce,t_riverside_plaza_sign_LOD,t_riverside_plaza_sign_LOD_b.color,(LOD sem texto legível),,,(inalterado),,,preserve_original,,preserve_original,west_coast_only,confirmed,
lod_motel_burger,commerce,(LOD de prédios — fora do inventário),t_bld_motel_LOD_b.color / t_bld_turbo_burger_LOD_b.color,(sem texto legível),,,(inalterado),,,preserve_original,,preserve_original,west_coast_only,confirmed,Descobertos na Fase 3; texturas de LOD sem texto.
bus_title,transit,t_bus_routes_wca,t_bus_routes_wca_b.color,BELASCO CITY - TRANSPORT NETWORK,,,BELASCO — REDE DE TRANSPORTE,,,contextual,,qa_passed,global,confirmed,Fase 6 (6E): QA bus_map_shelter (dia/noite).
bus_legend,transit,t_bus_routes_wca,t_bus_routes_wca_b.color,BUS LINES,,,LINHAS DE ÔNIBUS,,,contextual,,qa_passed,global,confirmed,Fase 6 (6E): QA bus_map_shelter.
bus_line_names,transit,t_bus_routes_wca,t_bus_routes_wca_b.color,1 Star Diner · 2 Riverway Plaza/Belasco Boulevard · 3 Riverway Plaza/Convention Street · 4 Central Hospital/Convention Center · 5 Little China/Fjord Street,,,1 Star Diner · 2 Riverway Plaza/Avenida Belasco · 3 Riverway Plaza/Rua da Convenção · 4 Hospital Central/Centro de Convenções · 5 Little China/Rua Fjord,,,contextual,,qa_passed,global,confirmed,"Fase 6 (6E): nomes das linhas na legenda; QA bus_map_shelter. Estabelecimentos (Star Diner, Riverway Plaza) = nomes próprios. Boulevard → Avenida; Street → Rua."
bus_stops,transit,t_bus_routes_wca,t_bus_routes_wca_b.color,"Paradas: Belasco Boulevard, Fjord Street, Logan Park, Station, Convention Center, Belasco Pier, Platin Gate Bridge, Dockyards, Canal St, Central Hospital, Little China, Church St, Winchester Rd, Riverway Plaza, Tennis/Basketball Club, Harlem St, Motorsports Park, Lens Flare Studios, N/E Horizon Estates, Redwood Motel, Single Pine Motel, Agave Lookout…",,,"Avenida Belasco, Rua Fjord, Parque Logan, Estação, Centro de Convenções, Píer Belasco, Ponte Platin Gate, Docas, Rua do Canal, Hospital Central, Little China, Rua da Igreja, Estrada Winchester, Riverway Plaza, Clube de Tênis/Basquete, Rua Harlem, Autódromo, Lens Flare Studios, Horizon Estates Norte/Leste, Pousada Redwood, Pousada Single Pine, Mirante Agave…",,,contextual,,qa_passed,global,confirmed,"Fase 6 (6E): needs_context resolvido — 23 paradas: tipo de logradouro antes do nome próprio, negócios/lugares preservados (Little China, Royal Bank, Snoots News…); rótulos girados medidos por PCA; relevo do normal map refeito. QA bus_map_shelter. Letras muito pequenas: confirmar leitura exata na reconstrução. 'Motel' em nome de lugar → 'Pousada'."
bus_utah_title,transit,t_bus_routes_utah (fora do inventário),t_bus_routes_utah_d.color,CANYONLANDS NATIONAL PARK,,,PARQUE NACIONAL CANYONLANDS,,,contextual,,rule_defined,global,not_found,Fase 6 (6E): t_bus_routes_utah com cobertura UV 0 no West Coast -> não produzido. Descoberto na Fase 3: material m_bus_routes_utah usado nos abrigos s_busstop_wcu do West Coast.
bus_utah_stops,transit,t_bus_routes_utah (fora do inventário),t_bus_routes_utah_d.color,Building Site · Industrial Area · Tourist Information · Utah Airport · Green Peak · AJ Auto Repairs · Utah Viewpoint · 66 AJ Auto Repair/Green Peak,,,Canteiro de Obras · Área Industrial · Informações Turísticas · Aeroporto de Utah · Green Peak · AJ Auto Repairs · Mirante de Utah · 66 AJ Auto Repair/Green Peak,,,contextual,,rule_defined,global,not_found,Fase 6 (6E): não usado no West Coast (cobertura UV 0); needs_context encerrado. Letras pequenas; confirmar.
bus_busstop_atlas,transit,busstop,busstop_d,"(abrigo: pictograma de ônibus, jornal lorem ipsum)",,,(inalterado),,,preserve_original,,preserve_original,global,likely,"Fase 6 (6E): pictograma e lorem ipsum, sem inglês -> preservado."
bus_sign_busstop,transit,t_sign_busstop,t_sign_busstop_b.color,(pictograma de ônibus + colunas lorem ipsum),,,(inalterado),,,preserve_original,,preserve_original,global,confirmed,"Fase 6 (6E): pictograma e lorem ipsum, sem inglês -> preservado."
race_checkpoint_sign,race,checkpoint_sign,checkpoint_sign,"(relógio, proibição, xadrez — sem texto)",,,(inalterado),,,preserve_original,,preserve_original,global,not_found,"Fase 6 (6G): material checkpoint_sign: 8 meshes, 0 instâncias (asset_usage, 06/10/2026) -> fora do escopo do West Coast; regra mantida só como referência (docs/production/phase6/GLOBAL_SIGNS.md)."
race_arrows_sign,race,arrows_sign,arrows_sign_d,(chevrons — sem texto),,,(inalterado),,,preserve_original,,preserve_original,global,not_found,"Fase 6 (6G): material sign_arrows: 3 meshes, 0 instâncias (asset_usage, 06/10/2026) -> fora do escopo do West Coast; regra mantida só como referência (docs/production/phase6/GLOBAL_SIGNS.md)."
race_t_sign_drift,race,t_sign_drift,t_sign_drift.color,(pictograma drift — sem texto),,,(inalterado),,,preserve_original,,preserve_original,global,confirmed,Fase 6 (6G): s_sign_drift.dae com 14 instâncias no West Coast; DRIFT é o nome da modalidade (usado assim no Brasil) -> preservado.
speedfn_decalroads_25mph,speed_functional,(dados do mapa/missões),main/MissionGroup/DecalRoads/items.level.json (35 vias),"speedLimit 11.18 m/s (25 mph = 40,2 km/h)",m/s,11.18,40 km/h,km/h,40,unit_conversion,DecalRoad.speedLimit → navgraph → IA/tráfego/polícia; slotTraffic.json,needs_implementation,west_coast_only,confirmed,Novo valor: 11.1111 m/s.
speedfn_decalroads_misc,speed_functional,(dados do mapa/missões),main/MissionGroup/DecalRoads/items.level.json (2 vias),"speedLimit 11.5 e 12 m/s (41,4 / 43,2 km/h)",m/s,11.5/12,40 km/h,km/h,40,unit_conversion,idem,needs_implementation,west_coast_only,confirmed,Novo valor: 11.1111 m/s.
speedfn_aiwaypoints_25,speed_functional,(dados do mapa/missões),main/MissionGroup/AIWaypointsGroup (30 vias),speedLimit 11.18 m/s,m/s,11.18,40 km/h,km/h,40,unit_conversion,idem,needs_implementation,west_coast_only,confirmed,
speedfn_aiwaypoints_35,speed_functional,(dados do mapa/missões),main/MissionGroup/AIWaypointsGroup (6 vias),"speedLimit 15.6464 m/s (35 mph = 56,3 km/h)",m/s,15.6464,60 km/h,km/h,60,unit_conversion,idem,needs_implementation,west_coast_only,confirmed,Novo valor: 16.6667 m/s.
speedfn_island_ai,speed_functional,(dados do mapa/missões),island/island_ai_roads (10 vias),speedLimit 12 m/s (7) e 15.6464 m/s (3),m/s,12/15.6464,40/60 km/h,km/h,40/60,unit_conversion,idem,needs_implementation,west_coast_only,confirmed,
speedfn_dock_ai,speed_functional,(dados do mapa/missões),island_shippingYard/dock_aiRoads (2 vias),speedLimit 15.6464 m/s,m/s,15.6464,60 km/h,km/h,60,unit_conversion,idem,needs_implementation,west_coast_only,confirmed,
speedfn_speed_cameras,speed_functional,(dados do mapa/missões),trafficCameras_wip/speedCamera_002…007 (6 radares),speedLimit 15.6464 m/s (35 mph),m/s,15.6464,60 km/h,km/h,60,unit_conversion,gameplay/speedTraps → multa/mensagem,needs_context,west_coast_only,confirmed,O radar junction1_wp25 fica numa via de 100 km/h — igualar ao limite da via exige decisão caso a caso.
speedfn_zones_city,speed_functional,(dados do mapa/missões),city.sites.json zonas horizon_estates / the_dockyards / mount_wallis,13.4 / 15.6 / 22.4 m/s (30 / 35 / 50 mph),m/s,13.4/15.6/22.4,50/60/80 km/h,km/h,50/60/80,unit_conversion,zonas de tráfego (trafficType),needs_implementation,west_coast_only,confirmed,Novos: 13.8889 / 16.6667 / 22.2222 m/s.
speedfn_zones_g2g,speed_functional,(dados do mapa/missões),gameplay/missions/west_coast_usa/garageToGarage/globalinfo/garages.sites.json,downtownBelasco 13.4 · residential 13.4 · dockyard 15.6 · mountWallis 22.4 m/s,m/s,13.4/13.4/15.6/22.4,50/50/60/80 km/h,km/h,50/50/60/80,unit_conversion,missões garageToGarage (penalidade por excesso),needs_implementation,west_coast_only,confirmed,Arquivo do jogo base (não do mapa): override em gameplay/ no mod.
speedfn_slottraffic,speed_functional,(dados do mapa/missões),slotTraffic.json (cópia pré-calculada),roads.*.properties.speedLimit (m/s) + roadCategories speedKph 50/80/120,m/s,vários,igual ao navgraph km/h,km/h,igual ao navgraph,unit_conversion,novo sistema de tráfego,needs_implementation,west_coast_only,confirmed,Arquivo derivado: regenerar/atualizar junto com as DecalRoads.
speedfn_auto_limits,speed_functional,(dados do mapa/missões),lua/ge/map.lua createSpeedLimits(true),limites automáticos 30/50/60/80/100/120 km/h (lista métrica),m/s,8.33…33.33,(inalterado) km/h,km/h,(inalterado),unit_conversion,navgraph,preserve_original,west_coast_only,confirmed,Já métrico; nada a mudar.
speedfn_arrive_missions,speed_functional,(dados do mapa/missões),gameplay/missions/west_coast_usa/arrive/*/info.json,speedLimit 60 m/s com maxSpeedActive=false,m/s,60,(inativo) km/h,km/h,(inativo),unit_conversion,missões arrive,preserve_original,west_coast_only,confirmed,Desativado nas 6 missões.
fuel_stop_engine_captions,fuel,eca_genericsigns,t_eca_genericsigns_b.color,NO NAKED FLAMES / TURN OFF GAS PILOT LIGHTS · NO SMOKING · OVER 16 ONLY · DON'T OVERFILL TANK · WHEN FILLING DO NOT RETURN TO VEHICLE - KEEP FOOT ON GROUND · TURN OFF ALL ELECTRICAL DEVICES - PHONES - CB RADIOS - PAGERS · PLACE CONTAINERS ON GROUND WHEN FILLING · KEEP NOZZLE IN CONTACT WITH CONTAINER · FILL ONLY METAL AND ASSOC. APPROVED PLASTIC CONTAINERS,,,"PROIBIDO CHAMA ABERTA / DESLIGUE A CHAMA-PILOTO · PROIBIDO FUMAR · SÓ MAIORES DE 16 ANOS · NÃO ENCHA DEMAIS · AO ABASTECER, NÃO VOLTE AO VEÍCULO · MANTENHA OS PÉS NO CHÃO · DESLIGUE TODOS OS APARELHOS ELÉTRICOS - CELULARES - RÁDIOS PX - BIPES · COLOQUE O RECIPIENTE NO CHÃO AO ENCHER · MANTENHA O BICO EM CONTATO COM O RECIPIENTE · USE SÓ RECIPIENTES DE METAL OU DE PLÁSTICO APROVADOS",,,contextual,,qa_passed,global,confirmed,Fase 6: legendas do painel STOP ENGINE (letras de 3–8 px). Os parágrafos de 2–3 px da coluna direita são ilegíveis e ficaram como no original (docs/production/phase6/GENERICSIGNS.md).
