<?xml version="1.0" encoding="utf-8"?>
<COLLADA xmlns="http://www.collada.org/2005/11/COLLADASchema" version="1.4.1" xmlns:xsi="http://www.w3.org/2001/XMLSchema-instance">
  <asset>
    <contributor>
      <author>Blender User</author>
      <authoring_tool>Blender 4.5.5 LTS commit date:2025-11-17, commit time:16:03, hash:836beaaf597a</authoring_tool>
    </contributor>
    <created>2026-06-12T12:01:08</created>
    <modified>2026-06-12T12:01:08</modified>
    <unit name="meter" meter="1"/>
    <up_axis>Z_UP</up_axis>
  </asset>
  <library_effects>
    <effect id="lod_vertcol-effect">
      <profile_COMMON>
        <technique sid="common">
          <lambert>
            <emission>
              <color sid="emission">0 0 0 1</color>
            </emission>
            <diffuse>
              <color sid="diffuse">0 0 0 1</color>
            </diffuse>
            <index_of_refraction>
              <float sid="ior">1.45</float>
            </index_of_refraction>
          </lambert>
        </technique>
      </profile_COMMON>
    </effect>
    <effect id="industrial-effect">
      <profile_COMMON>
        <technique sid="common">
          <lambert>
            <emission>
              <color sid="emission">0 0 0 1</color>
            </emission>
            <diffuse>
              <color sid="diffuse">0.8 0.8 0.8 1</color>
            </diffuse>
            <reflectivity>
              <float sid="specular">0.5</float>
            </reflectivity>
          </lambert>
        </technique>
      </profile_COMMON>
    </effect>
    <effect id="slabs_large-effect">
      <profile_COMMON>
        <technique sid="common">
          <lambert>
            <emission>
              <color sid="emission">0 0 0 1</color>
            </emission>
            <diffuse>
              <color sid="diffuse">0.8 0.8 0.8 1</color>
            </diffuse>
            <reflectivity>
              <float sid="specular">0.5</float>
            </reflectivity>
          </lambert>
        </technique>
      </profile_COMMON>
    </effect>
    <effect id="concrete_plain-effect">
      <profile_COMMON>
        <technique sid="common">
          <lambert>
            <emission>
              <color sid="emission">0 0 0 1</color>
            </emission>
            <diffuse>
              <color sid="diffuse">0.8 0.8 0.8 1</color>
            </diffuse>
            <reflectivity>
              <float sid="specular">0.5</float>
            </reflectivity>
          </lambert>
        </technique>
      </profile_COMMON>
    </effect>
    <effect id="street_lines1-effect">
      <profile_COMMON>
        <technique sid="common">
          <lambert>
            <emission>
              <color sid="emission">0 0 0 1</color>
            </emission>
            <diffuse>
              <color sid="diffuse">0.8 0.8 0.8 1</color>
            </diffuse>
            <reflectivity>
              <float sid="specular">0.5</float>
            </reflectivity>
          </lambert>
        </technique>
      </profile_COMMON>
    </effect>
    <effect id="clutter_commercial-effect">
      <profile_COMMON>
        <technique sid="common">
          <lambert>
            <emission>
              <color sid="emission">0 0 0 1</color>
            </emission>
            <diffuse>
              <color sid="diffuse">0.8 0.8 0.8 1</color>
            </diffuse>
            <reflectivity>
              <float sid="specular">0.5</float>
            </reflectivity>
          </lambert>
        </technique>
      </profile_COMMON>
    </effect>
    <effect id="brick_plain-effect">
      <profile_COMMON>
        <technique sid="common">
          <lambert>
            <emission>
              <color sid="emission">0 0 0 1</color>
            </emission>
            <diffuse>
              <color sid="diffuse">0.8 0.8 0.8 1</color>
            </diffuse>
            <reflectivity>
              <float sid="specular">0.5</float>
            </reflectivity>
          </lambert>
        </technique>
      </profile_COMMON>
    </effect>
    <effect id="curbs-effect">
      <profile_COMMON>
        <technique sid="common">
          <lambert>
            <emission>
              <color sid="emission">0 0 0 1</color>
            </emission>
            <diffuse>
              <color sid="diffuse">0.8 0.8 0.8 1</color>
            </diffuse>
            <reflectivity>
              <float sid="specular">0.5</float>
            </reflectivity>
          </lambert>
        </technique>
      </profile_COMMON>
    </effect>
    <effect id="groundmesh_grass2-effect">
      <profile_COMMON>
        <technique sid="common">
          <lambert>
            <emission>
              <color sid="emission">0 0 0 1</color>
            </emission>
            <diffuse>
              <color sid="diffuse">0.8 0.8 0.8 1</color>
            </diffuse>
            <reflectivity>
              <float sid="specular">0.5</float>
            </reflectivity>
          </lambert>
        </technique>
      </profile_COMMON>
    </effect>
    <effect id="corrugation-effect">
      <profile_COMMON>
        <technique sid="common">
          <lambert>
            <emission>
              <color sid="emission">0 0 0 1</color>
            </emission>
            <diffuse>
              <color sid="diffuse">0.8 0.8 0.8 1</color>
            </diffuse>
            <reflectivity>
              <float sid="specular">0.5</float>
            </reflectivity>
          </lambert>
        </technique>
      </profile_COMMON>
    </effect>
  </library_effects>
  <library_images/>
  <library_materials>
    <material id="lod_vertcol-material" name="lod_vertcol">
      <instance_effect url="#lod_vertcol-effect"/>
    </material>
    <material id="industrial-material" name="industrial">
      <instance_effect url="#industrial-effect"/>
    </material>
    <material id="slabs_large-material" name="slabs_large">
      <instance_effect url="#slabs_large-effect"/>
    </material>
    <material id="concrete_plain-material" name="concrete_plain">
      <instance_effect url="#concrete_plain-effect"/>
    </material>
    <material id="street_lines1-material" name="street_lines1">
      <instance_effect url="#street_lines1-effect"/>
    </material>
    <material id="clutter_commercial-material" name="clutter_commercial">
      <instance_effect url="#clutter_commercial-effect"/>
    </material>
    <material id="brick_plain-material" name="brick_plain">
      <instance_effect url="#brick_plain-effect"/>
    </material>
    <material id="curbs-material" name="curbs">
      <instance_effect url="#curbs-effect"/>
    </material>
    <material id="groundmesh_grass2-material" name="groundmesh_grass2">
      <instance_effect url="#groundmesh_grass2-effect"/>
    </material>
    <material id="corrugation-material" name="corrugation">
      <instance_effect url="#corrugation-effect"/>
    </material>
  </library_materials>
  <library_geometries>
    <geometry id="Cube_002-mesh" name="Cube.002">
      <mesh>
        <source id="Cube_002-mesh-positions">
          <float_array id="Cube_002-mesh-positions-array" count="330">1.824585 -0.1313475 -2.698021 1.874145 -0.01176446 -2.698021 1.824585 0.107872 -2.698021 1.585327 0.1078643 -2.698021 1.585388 -0.13134 -2.698021 1.874145 -0.01176446 11.54725 1.824585 0.107872 11.54725 1.535828 -0.01173394 11.54725 1.39801 -1.782516 12.54031 1.937256 2.033058 12.03918 1.937256 1.759117 11.53805 1.937195 1.010651 11.1712 1.937256 -1.034088 12.90716 1.39801 1.759155 11.53805 1.937195 -0.01171112 13.04144 1.937195 1.010651 12.90716 1.39801 1.010689 11.1712 1.937256 1.759117 12.54031 1.937195 -0.01171112 11.03693 1.39801 -1.034058 11.1712 1.937256 -1.034088 11.1712 1.39801 1.010689 12.90716 1.482788 3.362503 8.395638 1.482788 3.362503 9.827553 1.91217 3.362503 8.395638 1.91217 3.362503 9.827553 1.482788 -3.385902 8.395638 1.482788 -3.385902 9.827553 1.912231 -3.385864 8.395638 1.912231 -3.385864 9.827553 1.705017 0.1574707 -2.698021 1.705017 0.1574707 11.54725 1.824585 -0.1313475 11.54725 1.705017 -0.1808929 11.54725 1.705017 -0.1808929 -2.698021 1.535828 -0.01173394 -2.698021 1.585388 -0.13134 11.54725 1.585327 0.1078643 11.54725 1.937195 -1.782555 12.54031 1.39801 -1.034058 12.90716 1.39801 -0.01167297 13.04144 1.39801 1.759155 12.54031 1.39801 2.033089 12.03918 1.39801 -0.01167297 11.03693 1.937195 -1.782555 11.53805 1.39801 -1.782516 11.53805 1.39801 -2.056457 12.03918 1.937195 -2.056496 12.03918 1.91217 3.362503 8.395638 1.91217 3.362503 8.395638 1.482788 3.362503 8.395638 1.482788 3.362503 8.395638 1.482788 3.362503 9.827553 1.482788 3.362503 9.827553 1.91217 3.362503 9.827553 1.91217 3.362503 9.827553 1.912231 -3.385864 8.395638 1.912231 -3.385864 8.395638 1.912231 -3.385864 9.827553 1.912231 -3.385864 9.827553 1.482788 -3.385902 8.395638 1.482788 -3.385902 8.395638 1.482788 -3.385902 9.827553 1.482788 -3.385902 9.827553 13.69989 5.33197 -3.392273 13.14148 5.332039 -3.392273 12.85059 5.622902 -3.392273 12.85059 6.181221 -3.392273 20.83203 13.02261 -3.392273 20.83203 12.46432 -3.392273 19.98291 13.31354 -3.392273 20.54114 13.31354 -3.392273 20.54114 13.31354 -1.238319 19.98291 13.31354 -1.238319 20.83203 13.02261 -1.238319 20.83203 12.46432 -1.238319 13.69989 5.33197 -1.238319 13.14148 5.332039 -1.238319 12.85059 5.622902 -1.238319 12.85059 6.181221 -1.238319 8.430176 -1.121429 -3.38694 8.459534 -0.592453 -3.38694 8.750429 -0.3015518 -3.38694 9.279358 -0.2721939 -3.38694 15.34113 -7.474022 -3.38694 14.81219 -7.503387 -3.38694 15.6615 -6.654198 -3.38694 15.63208 -7.183128 -3.38694 15.63208 -7.183128 -1.232986 15.6615 -6.654198 -1.232986 15.34113 -7.474022 -1.232986 14.81219 -7.503387 -1.232986 8.430176 -1.121429 -1.232986 8.459534 -0.592453 -1.232986 8.750429 -0.3015518 -1.232986 9.279358 -0.2721939 -1.232986 55.19348 10.07055 -3.38694 56.04272 9.221315 -3.38694 48.08417 2.402817 -3.38694 48.05481 2.931747 -3.38694 48.90399 2.082527 -3.38694 48.37506 2.111893 -3.38694 48.37506 2.111893 -1.232986 48.90399 2.082527 -1.232986 48.08417 2.402817 -1.232986 48.05481 2.931747 -1.232986 55.19348 10.07055 -1.232986 55.72247 10.04112 -1.232986 56.01337 9.750267 -1.232986 56.04272 9.221315 -1.232986</float_array>
          <technique_common>
            <accessor source="#Cube_002-mesh-positions-array" count="110" stride="3">
              <param name="X" type="float"/>
              <param name="Y" type="float"/>
              <param name="Z" type="float"/>
            </accessor>
          </technique_common>
        </source>
        <source id="Cube_002-mesh-normals">
          <float_array id="Cube_002-mesh-normals-array" count="369">-0.3826912 0.9238764 0 0.3827229 0.9238633 0 0.3827111 0.9238681 0 -0.9238818 0.3826782 0 -0.382678 0.9238818 0 0.9128743 -0.4082407 0 0.4081047 -0.9129353 0 0.4081145 -0.9129308 0 0.3830676 0.9237204 0 0.5325094 0.7742707 0.3419634 0.3830661 0.923721 0 0.7071171 -0.7070965 0 0.9238209 -0.3828251 0 0.8445433 -0.4621542 0.2704815 0.9238222 -0.382822 0 -0.912921 0.4081363 0 -0.4081488 0.9129155 0 -0.4081576 0.9129116 0 -0.9129171 0.4081453 0 -0.9984635 0.05541479 0 -0.9984635 0.05541479 0 -1 0 0 -1.46299e-5 -0.288977 0.9573361 1.42588e-6 -5.34839e-6 1 7.00234e-7 5.64032e-6 1 -1.78365e-5 -0.2889798 -0.9573352 -4.81333e-5 -0.6911778 -0.7226849 -1.53022e-5 -0.2889721 -0.9573376 6.35125e-5 1 0 4.74551e-5 0.691201 -0.7226625 5.6383e-5 1 0 -4.80057e-5 -0.6911778 0.7226849 -1.48464e-5 -0.2889847 0.9573338 0 0 1 -7.22186e-5 -1 0 -4.90336e-5 -0.6911936 0.7226697 2.21642e-5 0.2889865 0.9573333 4.88227e-5 0.6911828 0.72268 4.48061e-5 0.691201 0.7226625 4.96702e-5 0.6911829 -0.72268 1.86985e-5 0.2889816 -0.9573346 3.74545e-7 -5.35317e-6 -1 5.88561e-7 5.62118e-6 -1 2.28113e-5 0.288978 0.9573358 -0.3827153 -0.9238665 0 -0.9238722 -0.3827012 0 -0.9238674 -0.3827129 0 0.5326271 0.7741533 -0.3420454 -0.6535189 0.6530675 -0.3826434 -0.6535207 0.6530658 0.3826432 0.7070991 0.7071145 0 0 0 1 0 0 -1 8.82738e-5 -1 0 8.82738e-5 -1 0 8.82738e-5 -1 0 1 9.03693e-6 0 1 9.07314e-6 0 1 9.07971e-6 0 0 1 0 -0.8445532 -0.4620906 -0.2705591 -0.9238844 -0.1802055 0.337585 -0.8445695 -0.4620761 0.2705332 0.7071101 -0.7071036 0 -0.382727 -0.9238615 0 -1.23818e-4 -1 0 -1.23818e-4 -1 0 -0.9238762 0.3826915 0 3.772e-7 0 1 1 0 0 0.9238893 0.3826599 0 0.9238942 0.3826481 0 -0.05541914 0.9984632 0 -0.9341359 0.3569175 0 -0.7071136 0.7071 0 -0.7071136 0.7071 0 -0.9238852 -0.1802217 -0.337574 0.3827536 -0.9238505 0 0.3827556 -0.9238497 0 0.8444872 -0.4622111 -0.2705593 0 0 1 -0.05543392 -0.9984624 0 -0.4081893 -0.9128973 0 -0.4081743 -0.912904 0 0 0 1 0.05543172 -0.9984626 0 0.9984567 -0.05553627 0 0.9128698 -0.4082509 0 -0.7071037 -0.7071099 0 -0.9129315 -0.4081131 0 -0.9129248 -0.408128 0 -2.81005e-7 0 1 1 5.96447e-5 0 1 2.01505e-7 0 1 -8.14726e-5 0 1 -8.1363e-5 0 -5.05227e-6 0 1 -2.12959e-7 0 1 -5.26518e-6 0 1 -3.67003e-7 0 1 8.20239e-7 0 1 1.7819e-5 0.2889732 -0.9573372 -4.10144e-7 0 1 1.40489e-7 0 1 -5.00253e-5 -0.6911936 -0.7226697 4.10121e-7 0 1 -0.9341307 0.3569313 0 0.7071171 -0.7070965 0 -7.18131e-5 -1 0 0.7070993 0.7071144 0 0 0 1 8.82737e-5 -1 0 1 9.03036e-6 0 0.7071096 -0.707104 0 -0.05541884 0.9984633 0 -0.05543398 -0.9984624 0 0.05543124 -0.9984625 0 -0.7071038 -0.7071099 0 1 5.97104e-5 0 1 -2.32679e-7 0 -1 -1.34337e-7 0 1 -8.16808e-5 0 1 -8.18394e-5 0</float_array>
          <technique_common>
            <accessor source="#Cube_002-mesh-normals-array" count="123" stride="3">
              <param name="X" type="float"/>
              <param name="Y" type="float"/>
              <param name="Z" type="float"/>
            </accessor>
          </technique_common>
        </source>
        <source id="Cube_002-mesh-map-0">
          <float_array id="Cube_002-mesh-map-0-array" count="792">0.2687386 -0.3452757 0.3399625 0.1932134 0.3854675 -0.3452759 -1.785618 -0.3452759 0.736023 0.1932134 0.736023 -0.3452759 0.3854675 -0.3452759 0.488327 0.1932134 0.488327 -0.3452759 0.8886307 0.9613283 -0.458085 0.973078 -0.4578884 0.9613283 2.736019 -0.3452759 0.2143821 0.1932134 0.2143821 -0.3452759 0.8882375 0.9848276 -0.458478 0.9965773 -0.4582815 0.9848276 0.488327 -0.3452759 0.3854828 0.1932134 0.3854828 -0.3452759 0.488327 1.193213 0.6050913 0.6547242 0.2143821 1.193213 0.7315266 0.3559183 0.739809 0.3833522 0.732734 0.4121063 0.7121958 0.4344756 0.6837005 0.4444665 0.6836999 0.4444668 0.7101052 0.3371554 0.7315266 0.3559183 0.7101046 0.3371554 0.6251775 0.3932053 0.6322522 0.3644513 0.6251768 0.3932053 0.732734 0.4121063 0.7121962 0.4344755 0.7121958 0.4344756 1.985947 0.5682494 -0.9638866 0.5932104 0.2143821 1.193213 0.739809 0.3833522 0.7327345 0.4121063 0.732734 0.4121063 0.6812852 0.3320915 0.7121958 0.4344756 0.6836999 0.4444668 0.6548811 0.4394022 0.6334605 0.4206395 0.6334598 0.4206395 0.6322528 0.3644513 0.6527897 0.342082 0.6322522 0.3644513 0.6334598 0.4206395 0.6251775 0.3932053 0.6251768 0.3932053 0.6812858 0.3320916 0.7101046 0.3371554 0.6812852 0.3320915 0.6836999 0.4444668 0.6548816 0.4394023 0.6548811 0.4394022 0.6527897 0.342082 0.6334598 0.4206395 0.6322522 0.3644513 0.488327 -0.3452759 0.3854828 0.1932134 0.3854828 -0.3452759 0.8884341 0.973078 -0.4582815 0.9848276 -0.458085 0.973078 0.8888272 0.9495787 -0.4578884 0.9613283 -0.4576919 0.9495787 -1.785618 -0.3452759 0.736023 0.1932134 0.736023 -0.3452759 1.985947 0.5682494 -0.9638866 0.5932104 0.2143821 1.193213 0.1737062 0.8282681 0.462912 0.8098661 0.462912 0.8282681 0.3592548 0.7780209 0.6067554 0.7255042 0.6067554 0.7780209 0.8134818 0.8098661 0.8748469 0.8282679 0.8134818 0.8282679 0.6067554 0.7780209 0.3592548 0.7255046 0.3592548 0.7780209 0.5242773 0.8282681 0.462912 0.8098661 0.5242773 0.8098661 0.8892203 0.9260793 -0.4574953 0.937829 -0.4572987 0.9260793 -1.785618 -0.3452759 0.736023 0.1932134 0.736023 -0.3452759 0.488327 1.193213 0.6050913 0.6547242 0.2143821 1.193213 -0.9638866 0.5932104 0.3854828 0.6547241 0.3854828 1.193213 1.985947 0.5682494 0.488327 1.193213 0.736023 0.1932134 0.6050791 1.193213 0.488327 0.6547241 0.488327 1.193213 -0.9638866 0.5932104 0.3854828 0.6547241 0.3854828 1.193213 2.736019 -0.3452759 0.2143821 0.1932134 0.2143821 -0.3452759 0.8890236 0.937829 -0.4576919 0.9495787 -0.4574953 0.937829 0.8894166 0.9143297 -0.4572987 0.9260793 -0.4571021 0.9143297 0.8896133 0.90258 -0.4571021 0.9143297 -0.4569057 0.90258 1.985947 0.5682494 -0.9638866 0.5932104 0.2143821 1.193213 0.2687386 -0.3452757 0.3399625 0.1932134 0.3854675 -0.3452759 1.985947 0.5682494 0.488327 1.193213 0.736023 0.1932134 0.6050791 1.193213 0.488327 0.6547241 0.488327 1.193213 0.2687386 -0.3452757 0.3399625 0.1932134 0.3854675 -0.3452759 2.736019 -0.3452759 0.2143821 0.1932134 0.2143821 -0.3452759 0.3854675 -0.3452759 0.488327 0.1932134 0.488327 -0.3452759 0.3854675 -0.3452759 0.488327 0.1932134 0.488327 -0.3452759 1.985947 0.5682494 0.488327 1.193213 0.736023 0.1932134 0.6812858 0.3320916 0.7121962 0.4344755 0.7101052 0.3371554 0.6548816 0.4394023 0.6812858 0.3320916 0.6527903 0.3420817 0.7315266 0.3559183 0.7121958 0.4344756 0.7101046 0.3371554 0.6334598 0.4206395 0.6251768 0.3932053 0.6322522 0.3644513 0.6548811 0.4394022 0.6812852 0.3320915 0.6836999 0.4444668 0.6322528 0.3644513 0.6548816 0.4394023 0.6527903 0.3420817 0.7327345 0.4121063 0.7398096 0.3833522 0.7315273 0.3559183 0.7101052 0.3371554 0.7327345 0.4121063 0.7315273 0.3559183 0.6322528 0.3644513 0.6251775 0.3932053 0.6334605 0.4206395 0.488327 1.193213 0.3399625 0.1932134 0.736023 0.1932134 0.8134818 0.8282679 0.5242773 0.8098661 0.8134818 0.8098661 -0.9638866 0.5932104 0.3854828 1.193213 0.488327 0.1932134 0.2143821 1.193213 -0.9638866 0.5932104 0.488327 0.1932134 0.488327 1.193213 0.3399625 0.1932134 0.736023 0.1932134 0.6527903 0.3420817 0.6812852 0.3320915 0.6527897 0.342082 -0.9638866 0.5932104 0.3854828 1.193213 0.488327 0.1932134 0.2143821 1.193213 -0.9638866 0.5932104 0.488327 0.1932134 0.488327 1.193213 0.3399625 0.1932134 0.736023 0.1932134 0.7315273 0.3559183 0.739809 0.3833522 0.7315266 0.3559183 -0.9638866 0.5932104 0.3854828 1.193213 0.488327 0.1932134 0.2143821 1.193213 -0.9638866 0.5932104 0.488327 0.1932134 0.6050791 1.193213 0.488327 0.6547241 0.488327 1.193213 0.2687386 -0.3452757 0.736023 0.1932134 0.3399625 0.1932134 -1.785618 -0.3452759 -1.785618 0.1932134 0.736023 0.1932134 0.3854675 -0.3452759 0.3854675 0.1932134 0.488327 0.1932134 0.8886307 0.9613283 0.8884341 0.973078 -0.458085 0.973078 2.736019 -0.3452759 2.736019 0.1932134 0.2143821 0.1932134 0.8882375 0.9848276 0.8880409 0.9965772 -0.458478 0.9965773 0.488327 -0.3452759 0.488327 0.1932134 0.3854828 0.1932134 0.488327 1.193213 0.488327 0.6547241 0.6050913 0.6547242 0.7121958 0.4344756 0.7121962 0.4344755 0.6837005 0.4444665 0.7101052 0.3371554 0.7315273 0.3559183 0.7315266 0.3559183 0.6251775 0.3932053 0.6322528 0.3644513 0.6322522 0.3644513 0.732734 0.4121063 0.7327345 0.4121063 0.7121962 0.4344755 1.985947 0.5682494 0.736023 0.1932134 -0.9638866 0.5932104 0.739809 0.3833522 0.7398096 0.3833522 0.7327345 0.4121063 0.6812852 0.3320915 0.7101046 0.3371554 0.7121958 0.4344756 0.6548811 0.4394022 0.6548816 0.4394023 0.6334605 0.4206395 0.6322528 0.3644513 0.6527903 0.3420817 0.6527897 0.342082 0.6334598 0.4206395 0.6334605 0.4206395 0.6251775 0.3932053 0.6812858 0.3320916 0.7101052 0.3371554 0.7101046 0.3371554 0.6836999 0.4444668 0.6837005 0.4444665 0.6548816 0.4394023 0.6527897 0.342082 0.6548811 0.4394022 0.6334598 0.4206395 0.488327 -0.3452759 0.488327 0.1932134 0.3854828 0.1932134 0.8884341 0.973078 0.8882375 0.9848276 -0.4582815 0.9848276 0.8888272 0.9495787 0.8886307 0.9613283 -0.4578884 0.9613283 -1.785618 -0.3452759 -1.785618 0.1932134 0.736023 0.1932134 1.985947 0.5682494 0.736023 0.1932134 -0.9638866 0.5932104 0.1737062 0.8282681 0.1737062 0.8098661 0.462912 0.8098661 0.3592548 0.7780209 0.3592548 0.7255046 0.6067554 0.7255042 0.8134818 0.8098661 0.8748469 0.8098661 0.8748469 0.8282679 0.6067554 0.7780209 0.6067554 0.7255042 0.3592548 0.7255046 0.5242773 0.8282681 0.462912 0.8282681 0.462912 0.8098661 0.8892203 0.9260793 0.8890236 0.937829 -0.4574953 0.937829 -1.785618 -0.3452759 -1.785618 0.1932134 0.736023 0.1932134 0.488327 1.193213 0.488327 0.6547241 0.6050913 0.6547242 -0.9638866 0.5932104 0.2687254 0.6547242 0.3854828 0.6547241 0.6050791 1.193213 0.6050791 0.6547241 0.488327 0.6547241 -0.9638866 0.5932104 0.2687254 0.6547242 0.3854828 0.6547241 2.736019 -0.3452759 2.736019 0.1932134 0.2143821 0.1932134 0.8890236 0.937829 0.8888272 0.9495787 -0.4576919 0.9495787 0.8894166 0.9143297 0.8892203 0.9260793 -0.4572987 0.9260793 0.8896133 0.90258 0.8894166 0.9143297 -0.4571021 0.9143297 1.985947 0.5682494 0.736023 0.1932134 -0.9638866 0.5932104 0.2687386 -0.3452757 0.736023 0.1932134 0.3399625 0.1932134 0.6050791 1.193213 0.6050791 0.6547241 0.488327 0.6547241 0.2687386 -0.3452757 0.736023 0.1932134 0.3399625 0.1932134 2.736019 -0.3452759 2.736019 0.1932134 0.2143821 0.1932134 0.3854675 -0.3452759 0.3854675 0.1932134 0.488327 0.1932134 0.3854675 -0.3452759 0.3854675 0.1932134 0.488327 0.1932134 0.6812858 0.3320916 0.6837005 0.4444665 0.7121962 0.4344755 0.6548816 0.4394023 0.6837005 0.4444665 0.6812858 0.3320916 0.7315266 0.3559183 0.732734 0.4121063 0.7121958 0.4344756 0.6548811 0.4394022 0.6527897 0.342082 0.6812852 0.3320915 0.6322528 0.3644513 0.6334605 0.4206395 0.6548816 0.4394023 0.7101052 0.3371554 0.7121962 0.4344755 0.7327345 0.4121063 0.8134818 0.8282679 0.5242773 0.8282681 0.5242773 0.8098661 0.6527903 0.3420817 0.6812858 0.3320916 0.6812852 0.3320915 0.7315273 0.3559183 0.7398096 0.3833522 0.739809 0.3833522 0.6050791 1.193213 0.6050791 0.6547241 0.488327 0.6547241</float_array>
          <technique_common>
            <accessor source="#Cube_002-mesh-map-0-array" count="396" stride="2">
              <param name="S" type="float"/>
              <param name="T" type="float"/>
            </accessor>
          </technique_common>
        </source>
        <source id="Cube_002-mesh-colors-Col" name="Col">
          <float_array id="Cube_002-mesh-colors-Col-array" count="1584">0.509804 0.2 0.1607843 1 0.509804 0.2 0.1607843 1 0.509804 0.2 0.1607843 1 0.509804 0.2 0.1607843 1 0.509804 0.2 0.1607843 1 0.509804 0.2 0.1607843 1 0.509804 0.2 0.1607843 1 0.509804 0.2 0.1607843 1 0.509804 0.2 0.1607843 1 0.8901961 0.3882353 0.4549019 1 0.8901961 0.3882353 0.4549019 1 0.8901961 0.3882353 0.4549019 1 0.509804 0.2 0.1607843 1 0.509804 0.2 0.1607843 1 0.509804 0.2 0.1607843 1 0.8901961 0.3882353 0.4549019 1 0.8901961 0.3882353 0.4549019 1 0.8901961 0.3882353 0.4549019 1 0.509804 0.2 0.1607843 1 0.509804 0.2 0.1607843 1 0.509804 0.2 0.1607843 1 0.509804 0.2 0.1607843 1 0.509804 0.2 0.1607843 1 0.509804 0.2 0.1607843 1 0.6784314 0.6941177 0.6666667 1 0.6784314 0.6941177 0.6666667 1 0.6784314 0.6941177 0.6666667 1 0.7607843 0.4666666 0.4666666 1 0.7607843 0.4666666 0.4666666 1 0.7607843 0.4666666 0.4666666 1 0.7607843 0.4666666 0.4666666 1 0.7607843 0.4666666 0.4666666 1 0.7607843 0.4666666 0.4666666 1 0.7607843 0.4666666 0.4666666 1 0.7607843 0.4666666 0.4666666 1 0.7607843 0.4666666 0.4666666 1 0.7607843 0.4666666 0.4666666 1 0.7607843 0.4666666 0.4666666 1 0.7607843 0.4666666 0.4666666 1 0.4745098 0.4745098 0.4745098 1 0.4745098 0.4745098 0.4745098 1 0.4745098 0.4745098 0.4745098 1 0.7607843 0.4666666 0.4666666 1 0.7607843 0.4666666 0.4666666 1 0.7607843 0.4666666 0.4666666 1 0.6784314 0.6941177 0.6666667 1 0.6784314 0.6941177 0.6666667 1 0.6784314 0.6941177 0.6666667 1 0.7607843 0.4666666 0.4666666 1 0.7607843 0.4666666 0.4666666 1 0.7607843 0.4666666 0.4666666 1 0.7607843 0.4666666 0.4666666 1 0.7607843 0.4666666 0.4666666 1 0.7607843 0.4666666 0.4666666 1 0.7607843 0.4666666 0.4666666 1 0.7607843 0.4666666 0.4666666 1 0.7607843 0.4666666 0.4666666 1 0.7607843 0.4666666 0.4666666 1 0.7607843 0.4666666 0.4666666 1 0.7607843 0.4666666 0.4666666 1 0.7607843 0.4666666 0.4666666 1 0.7607843 0.4666666 0.4666666 1 0.7607843 0.4666666 0.4666666 1 0.6784314 0.6941177 0.6666667 1 0.6784314 0.6941177 0.6666667 1 0.6784314 0.6941177 0.6666667 1 0.509804 0.2 0.1607843 1 0.509804 0.2 0.1607843 1 0.509804 0.2 0.1607843 1 0.8901961 0.3882353 0.4549019 1 0.8901961 0.3882353 0.4549019 1 0.8901961 0.3882353 0.4549019 1 0.8901961 0.3882353 0.4549019 1 0.8901961 0.3882353 0.4549019 1 0.8901961 0.3882353 0.4549019 1 0.509804 0.2 0.1607843 1 0.509804 0.2 0.1607843 1 0.509804 0.2 0.1607843 1 0.4745098 0.4745098 0.4745098 1 0.4745098 0.4745098 0.4745098 1 0.4745098 0.4745098 0.4745098 1 0.6509804 0.3921568 0.3843137 1 0.6509804 0.3921568 0.3843137 1 0.6509804 0.3921568 0.3843137 1 0.6196079 0.3882353 0.3803921 1 0.6196079 0.3882353 0.3803921 1 0.6196079 0.3882353 0.3803921 1 0.6509804 0.3921568 0.3843137 1 0.6509804 0.3921568 0.3843137 1 0.6509804 0.3921568 0.3843137 1 0.6196079 0.3882353 0.3803921 1 0.6196079 0.3882353 0.3803921 1 0.6196079 0.3882353 0.3803921 1 0.6509804 0.3921568 0.3843137 1 0.6509804 0.3921568 0.3843137 1 0.6509804 0.3921568 0.3843137 1 0.8901961 0.3882353 0.4549019 1 0.8901961 0.3882353 0.4549019 1 0.8901961 0.3882353 0.4549019 1 0.509804 0.2 0.1607843 1 0.509804 0.2 0.1607843 1 0.509804 0.2 0.1607843 1 0.509804 0.2 0.1607843 1 0.509804 0.2 0.1607843 1 0.509804 0.2 0.1607843 1 0.509804 0.2 0.1607843 1 0.509804 0.2 0.1607843 1 0.509804 0.2 0.1607843 1 0.4745098 0.4745098 0.4745098 1 0.4745098 0.4745098 0.4745098 1 0.4745098 0.4745098 0.4745098 1 0.509804 0.2 0.1607843 1 0.509804 0.2 0.1607843 1 0.509804 0.2 0.1607843 1 0.509804 0.2 0.1607843 1 0.509804 0.2 0.1607843 1 0.509804 0.2 0.1607843 1 0.509804 0.2 0.1607843 1 0.509804 0.2 0.1607843 1 0.509804 0.2 0.1607843 1 0.8901961 0.3882353 0.4549019 1 0.8901961 0.3882353 0.4549019 1 0.8901961 0.3882353 0.4549019 1 0.8901961 0.3882353 0.4549019 1 0.8901961 0.3882353 0.4549019 1 0.8901961 0.3882353 0.4549019 1 0.8901961 0.3882353 0.4549019 1 0.8901961 0.3882353 0.4549019 1 0.8901961 0.3882353 0.4549019 1 0.4745098 0.4745098 0.4745098 1 0.4745098 0.4745098 0.4745098 1 0.4745098 0.4745098 0.4745098 1 0.509804 0.2 0.1607843 1 0.509804 0.2 0.1607843 1 0.509804 0.2 0.1607843 1 0.4745098 0.4745098 0.4745098 1 0.4745098 0.4745098 0.4745098 1 0.4745098 0.4745098 0.4745098 1 0.509804 0.2 0.1607843 1 0.509804 0.2 0.1607843 1 0.509804 0.2 0.1607843 1 0.509804 0.2 0.1607843 1 0.509804 0.2 0.1607843 1 0.509804 0.2 0.1607843 1 0.509804 0.2 0.1607843 1 0.509804 0.2 0.1607843 1 0.509804 0.2 0.1607843 1 0.509804 0.2 0.1607843 1 0.509804 0.2 0.1607843 1 0.509804 0.2 0.1607843 1 0.509804 0.2 0.1607843 1 0.509804 0.2 0.1607843 1 0.509804 0.2 0.1607843 1 0.4745098 0.4745098 0.4745098 1 0.4745098 0.4745098 0.4745098 1 0.4745098 0.4745098 0.4745098 1 0.6784314 0.6941177 0.6666667 1 0.6784314 0.6941177 0.6666667 1 0.6784314 0.6941177 0.6666667 1 0.6784314 0.6941177 0.6666667 1 0.6784314 0.6941177 0.6666667 1 0.6784314 0.6941177 0.6666667 1 0.6784314 0.6941177 0.6666667 1 0.6784314 0.6941177 0.6666667 1 0.6784314 0.6941177 0.6666667 1 0.6784314 0.6941177 0.6666667 1 0.6784314 0.6941177 0.6666667 1 0.6784314 0.6941177 0.6666667 1 0.6784314 0.6941177 0.6666667 1 0.6784314 0.6941177 0.6666667 1 0.6784314 0.6941177 0.6666667 1 0.6784314 0.6941177 0.6666667 1 0.6784314 0.6941177 0.6666667 1 0.6784314 0.6941177 0.6666667 1 0.6784314 0.6941177 0.6666667 1 0.6784314 0.6941177 0.6666667 1 0.6784314 0.6941177 0.6666667 1 0.6784314 0.6941177 0.6666667 1 0.6784314 0.6941177 0.6666667 1 0.6784314 0.6941177 0.6666667 1 0.6784314 0.6941177 0.6666667 1 0.6784314 0.6941177 0.6666667 1 0.6784314 0.6941177 0.6666667 1 0.4745098 0.4745098 0.4745098 1 0.4745098 0.4745098 0.4745098 1 0.4745098 0.4745098 0.4745098 1 0.6509804 0.3921568 0.3843137 1 0.6509804 0.3921568 0.3843137 1 0.6509804 0.3921568 0.3843137 1 0.4745098 0.4745098 0.4745098 1 0.4745098 0.4745098 0.4745098 1 0.4745098 0.4745098 0.4745098 1 0.4745098 0.4745098 0.4745098 1 0.4745098 0.4745098 0.4745098 1 0.4745098 0.4745098 0.4745098 1 0.4745098 0.4745098 0.4745098 1 0.4745098 0.4745098 0.4745098 1 0.4745098 0.4745098 0.4745098 1 0.7607843 0.4666666 0.4666666 1 0.7607843 0.4666666 0.4666666 1 0.7607843 0.4666666 0.4666666 1 0.4745098 0.4745098 0.4745098 1 0.4745098 0.4745098 0.4745098 1 0.4745098 0.4745098 0.4745098 1 0.4745098 0.4745098 0.4745098 1 0.4745098 0.4745098 0.4745098 1 0.4745098 0.4745098 0.4745098 1 0.4745098 0.4745098 0.4745098 1 0.4745098 0.4745098 0.4745098 1 0.4745098 0.4745098 0.4745098 1 0.7607843 0.4666666 0.4666666 1 0.7607843 0.4666666 0.4666666 1 0.7607843 0.4666666 0.4666666 1 0.509804 0.2 0.1607843 1 0.509804 0.2 0.1607843 1 0.509804 0.2 0.1607843 1 0.509804 0.2 0.1607843 1 0.509804 0.2 0.1607843 1 0.509804 0.2 0.1607843 1 0.509804 0.2 0.1607843 1 0.509804 0.2 0.1607843 1 0.509804 0.2 0.1607843 1 0.509804 0.2 0.1607843 1 0.509804 0.2 0.1607843 1 0.509804 0.2 0.1607843 1 0.509804 0.2 0.1607843 1 0.509804 0.2 0.1607843 1 0.509804 0.2 0.1607843 1 0.509804 0.2 0.1607843 1 0.509804 0.2 0.1607843 1 0.509804 0.2 0.1607843 1 0.8901961 0.3882353 0.4549019 1 0.8901961 0.3882353 0.4549019 1 0.8901961 0.3882353 0.4549019 1 0.509804 0.2 0.1607843 1 0.509804 0.2 0.1607843 1 0.509804 0.2 0.1607843 1 0.8901961 0.3882353 0.4549019 1 0.8901961 0.3882353 0.4549019 1 0.8901961 0.3882353 0.4549019 1 0.509804 0.2 0.1607843 1 0.509804 0.2 0.1607843 1 0.509804 0.2 0.1607843 1 0.509804 0.2 0.1607843 1 0.509804 0.2 0.1607843 1 0.509804 0.2 0.1607843 1 0.7607843 0.4666666 0.4666666 1 0.7607843 0.4666666 0.4666666 1 0.7607843 0.4666666 0.4666666 1 0.7607843 0.4666666 0.4666666 1 0.7607843 0.4666666 0.4666666 1 0.7607843 0.4666666 0.4666666 1 0.7607843 0.4666666 0.4666666 1 0.7607843 0.4666666 0.4666666 1 0.7607843 0.4666666 0.4666666 1 0.7607843 0.4666666 0.4666666 1 0.7607843 0.4666666 0.4666666 1 0.7607843 0.4666666 0.4666666 1 0.4745098 0.4745098 0.4745098 1 0.4745098 0.4745098 0.4745098 1 0.4745098 0.4745098 0.4745098 1 0.7607843 0.4666666 0.4666666 1 0.7607843 0.4666666 0.4666666 1 0.7607843 0.4666666 0.4666666 1 0.6784314 0.6941177 0.6666667 1 0.6784314 0.6941177 0.6666667 1 0.6784314 0.6941177 0.6666667 1 0.7607843 0.4666666 0.4666666 1 0.7607843 0.4666666 0.4666666 1 0.7607843 0.4666666 0.4666666 1 0.7607843 0.4666666 0.4666666 1 0.7607843 0.4666666 0.4666666 1 0.7607843 0.4666666 0.4666666 1 0.7607843 0.4666666 0.4666666 1 0.7607843 0.4666666 0.4666666 1 0.7607843 0.4666666 0.4666666 1 0.7607843 0.4666666 0.4666666 1 0.7607843 0.4666666 0.4666666 1 0.7607843 0.4666666 0.4666666 1 0.7607843 0.4666666 0.4666666 1 0.7607843 0.4666666 0.4666666 1 0.7607843 0.4666666 0.4666666 1 0.6784314 0.6941177 0.6666667 1 0.6784314 0.6941177 0.6666667 1 0.6784314 0.6941177 0.6666667 1 0.509804 0.2 0.1607843 1 0.509804 0.2 0.1607843 1 0.509804 0.2 0.1607843 1 0.8901961 0.3882353 0.4549019 1 0.8901961 0.3882353 0.4549019 1 0.8901961 0.3882353 0.4549019 1 0.8901961 0.3882353 0.4549019 1 0.8901961 0.3882353 0.4549019 1 0.8901961 0.3882353 0.4549019 1 0.509804 0.2 0.1607843 1 0.509804 0.2 0.1607843 1 0.509804 0.2 0.1607843 1 0.4745098 0.4745098 0.4745098 1 0.4745098 0.4745098 0.4745098 1 0.4745098 0.4745098 0.4745098 1 0.6509804 0.3921568 0.3843137 1 0.6509804 0.3921568 0.3843137 1 0.6509804 0.3921568 0.3843137 1 0.6196079 0.3882353 0.3803921 1 0.6196079 0.3882353 0.3803921 1 0.6196079 0.3882353 0.3803921 1 0.6509804 0.3921568 0.3843137 1 0.6509804 0.3921568 0.3843137 1 0.6509804 0.3921568 0.3843137 1 0.6196079 0.3882353 0.3803921 1 0.6196079 0.3882353 0.3803921 1 0.6196079 0.3882353 0.3803921 1 0.6509804 0.3921568 0.3843137 1 0.6509804 0.3921568 0.3843137 1 0.6509804 0.3921568 0.3843137 1 0.8901961 0.3882353 0.4549019 1 0.8901961 0.3882353 0.4549019 1 0.8901961 0.3882353 0.4549019 1 0.509804 0.2 0.1607843 1 0.509804 0.2 0.1607843 1 0.509804 0.2 0.1607843 1 0.509804 0.2 0.1607843 1 0.509804 0.2 0.1607843 1 0.509804 0.2 0.1607843 1 0.509804 0.2 0.1607843 1 0.509804 0.2 0.1607843 1 0.509804 0.2 0.1607843 1 0.509804 0.2 0.1607843 1 0.509804 0.2 0.1607843 1 0.509804 0.2 0.1607843 1 0.509804 0.2 0.1607843 1 0.509804 0.2 0.1607843 1 0.509804 0.2 0.1607843 1 0.509804 0.2 0.1607843 1 0.509804 0.2 0.1607843 1 0.509804 0.2 0.1607843 1 0.8901961 0.3882353 0.4549019 1 0.8901961 0.3882353 0.4549019 1 0.8901961 0.3882353 0.4549019 1 0.8901961 0.3882353 0.4549019 1 0.8901961 0.3882353 0.4549019 1 0.8901961 0.3882353 0.4549019 1 0.8901961 0.3882353 0.4549019 1 0.8901961 0.3882353 0.4549019 1 0.8901961 0.3882353 0.4549019 1 0.4745098 0.4745098 0.4745098 1 0.4745098 0.4745098 0.4745098 1 0.4745098 0.4745098 0.4745098 1 0.509804 0.2 0.1607843 1 0.509804 0.2 0.1607843 1 0.509804 0.2 0.1607843 1 0.509804 0.2 0.1607843 1 0.509804 0.2 0.1607843 1 0.509804 0.2 0.1607843 1 0.509804 0.2 0.1607843 1 0.509804 0.2 0.1607843 1 0.509804 0.2 0.1607843 1 0.509804 0.2 0.1607843 1 0.509804 0.2 0.1607843 1 0.509804 0.2 0.1607843 1 0.509804 0.2 0.1607843 1 0.509804 0.2 0.1607843 1 0.509804 0.2 0.1607843 1 0.509804 0.2 0.1607843 1 0.509804 0.2 0.1607843 1 0.509804 0.2 0.1607843 1 0.6784314 0.6941177 0.6666667 1 0.6784314 0.6941177 0.6666667 1 0.6784314 0.6941177 0.6666667 1 0.6784314 0.6941177 0.6666667 1 0.6784314 0.6941177 0.6666667 1 0.6784314 0.6941177 0.6666667 1 0.6784314 0.6941177 0.6666667 1 0.6784314 0.6941177 0.6666667 1 0.6784314 0.6941177 0.6666667 1 0.6784314 0.6941177 0.6666667 1 0.6784314 0.6941177 0.6666667 1 0.6784314 0.6941177 0.6666667 1 0.6784314 0.6941177 0.6666667 1 0.6784314 0.6941177 0.6666667 1 0.6784314 0.6941177 0.6666667 1 0.6784314 0.6941177 0.6666667 1 0.6784314 0.6941177 0.6666667 1 0.6784314 0.6941177 0.6666667 1 0.6509804 0.3921568 0.3843137 1 0.6509804 0.3921568 0.3843137 1 0.6509804 0.3921568 0.3843137 1 0.7607843 0.4666666 0.4666666 1 0.7607843 0.4666666 0.4666666 1 0.7607843 0.4666666 0.4666666 1 0.7607843 0.4666666 0.4666666 1 0.7607843 0.4666666 0.4666666 1 0.7607843 0.4666666 0.4666666 1 0.509804 0.2 0.1607843 1 0.509804 0.2 0.1607843 1 0.509804 0.2 0.1607843 1</float_array>
          <technique_common>
            <accessor source="#Cube_002-mesh-colors-Col-array" count="396" stride="4">
              <param name="R" type="float"/>
              <param name="G" type="float"/>
              <param name="B" type="float"/>
              <param name="A" type="float"/>
            </accessor>
          </technique_common>
        </source>
        <vertices id="Cube_002-mesh-vertices">
          <input semantic="POSITION" source="#Cube_002-mesh-positions"/>
        </vertices>
        <triangles material="lod_vertcol-material" count="132">
          <input semantic="VERTEX" source="#Cube_002-mesh-vertices" offset="0"/>
          <input semantic="NORMAL" source="#Cube_002-mesh-normals" offset="1"/>
          <input semantic="TEXCOORD" source="#Cube_002-mesh-map-0" offset="2" set="0"/>
          <input semantic="COLOR" source="#Cube_002-mesh-colors-Col" offset="3" set="0"/>
          <p>70 0 0 0 72 1 1 1 71 2 2 2 67 3 3 3 73 4 4 4 70 0 5 5 87 5 6 6 90 6 7 7 84 7 8 8 31 8 9 9 2 9 10 10 30 10 11 11 69 11 12 12 76 11 13 13 64 11 14 14 5 12 15 15 0 13 16 16 1 14 17 17 81 15 18 18 94 16 19 19 82 17 20 20 93 18 21 21 80 19 22 22 92 20 23 23 45 21 24 24 46 21 25 25 8 21 26 26 39 22 27 27 14 23 28 28 40 24 29 29 20 25 30 30 45 26 31 31 19 27 32 32 9 28 33 33 13 29 34 34 42 30 35 35 8 31 36 36 12 32 37 37 39 22 38 38 75 33 39 39 79 33 40 40 76 33 41 41 46 34 42 42 38 35 43 43 8 31 44 44 43 21 45 45 39 21 46 46 40 21 47 47 21 36 48 48 17 37 49 49 41 38 50 50 10 39 51 51 16 40 52 52 13 29 53 53 41 38 54 54 9 28 55 55 42 30 56 56 18 41 57 57 19 27 58 58 43 42 59 59 40 24 60 60 15 43 61 61 21 36 62 62 16 21 63 63 41 21 64 64 13 21 65 65 65 44 66 66 78 45 67 67 66 46 68 68 6 47 69 69 1 14 70 70 2 9 71 71 37 48 72 72 30 10 73 73 3 49 74 74 83 50 75 75 89 50 76 76 86 50 77 77 91 51 78 78 95 51 79 79 92 51 80 80 28 52 81 81 22 52 82 82 24 52 83 83 53 21 84 84 61 21 85 85 63 21 86 86 62 53 87 87 57 54 88 88 59 55 89 89 58 56 90 90 49 57 91 91 55 58 92 92 54 59 93 93 50 59 94 94 52 59 95 95 36 60 96 96 35 61 97 97 4 62 98 98 97 63 99 99 103 63 100 100 100 63 101 101 77 64 102 102 64 65 103 103 76 66 104 104 79 67 105 105 66 46 106 106 78 45 107 107 75 68 108 108 74 68 109 109 73 68 110 110 75 69 111 111 68 70 112 112 74 71 113 113 95 72 114 114 82 17 115 115 94 16 116 116 99 73 117 117 106 74 118 118 96 75 119 119 7 76 120 120 3 49 121 121 35 61 122 122 33 77 123 123 4 62 124 124 34 78 125 125 32 79 126 126 34 78 127 127 0 13 128 128 105 80 129 129 109 80 130 130 106 80 131 131 100 81 132 132 102 82 133 133 101 83 134 134 91 84 135 135 90 84 136 136 89 84 137 137 91 85 138 138 84 7 139 139 90 6 140 140 86 86 141 141 88 87 142 142 87 5 143 143 85 88 144 144 92 88 145 145 80 88 146 146 71 2 147 147 74 71 148 148 68 70 149 149 101 83 150 150 104 89 151 151 98 90 152 152 105 91 153 153 104 91 154 154 103 91 155 155 18 92 156 156 12 92 157 157 20 92 158 158 15 93 159 159 18 93 160 160 11 93 161 161 45 21 162 162 39 21 163 163 19 21 164 164 41 21 165 165 42 21 166 166 13 21 167 167 21 21 168 168 43 21 169 169 40 21 170 170 10 94 171 171 15 94 172 172 11 94 173 173 38 69 174 174 47 69 175 175 44 69 176 176 20 95 177 177 38 95 178 178 44 95 179 179 10 69 180 180 9 69 181 181 17 69 182 182 74 84 183 183 72 84 184 184 73 84 185 185 29 96 186 186 23 97 187 187 27 98 188 188 79 99 189 189 78 99 190 190 77 99 191 191 76 84 192 192 79 84 193 193 77 84 194 194 90 100 195 195 88 100 196 196 89 100 197 197 11 101 198 198 43 42 199 199 16 40 200 200 95 102 201 201 94 102 202 202 93 102 203 203 92 103 204 204 95 103 205 205 93 103 206 206 104 84 207 207 102 84 208 208 103 84 209 209 44 104 210 210 46 34 211 211 45 26 212 212 109 105 213 213 108 105 214 214 107 105 215 215 106 84 216 216 109 84 217 217 107 84 218 218 105 106 219 219 98 90 220 220 104 89 221 221 70 0 222 222 73 4 223 223 72 1 224 224 67 3 225 225 79 67 226 226 73 4 227 227 87 5 228 228 88 87 229 229 90 6 230 230 31 8 231 231 6 47 232 232 2 9 233 233 69 107 234 234 75 107 235 235 76 107 236 236 5 12 237 237 32 79 238 238 0 13 239 239 81 15 240 240 93 18 241 241 94 16 242 242 93 18 243 243 81 15 244 244 80 19 245 245 39 22 246 246 12 32 247 247 14 23 248 248 20 25 249 249 44 104 250 250 45 26 251 251 9 28 252 252 10 39 253 253 13 29 254 254 8 31 255 255 38 35 256 256 12 32 257 257 75 84 258 258 73 84 259 259 79 84 260 260 46 34 261 261 47 108 262 262 38 35 263 263 43 21 264 264 19 21 265 265 39 21 266 266 21 36 267 267 15 43 268 268 17 37 269 269 10 39 270 270 11 101 271 271 16 40 272 272 41 38 273 273 17 37 274 274 9 28 275 275 18 41 276 276 20 25 277 277 19 27 278 278 40 24 279 279 14 23 280 280 15 43 281 281 16 21 282 282 21 21 283 283 41 21 284 284 65 44 285 285 77 64 286 286 78 45 287 287 6 47 288 288 5 12 289 289 1 14 290 290 37 48 291 291 31 8 292 292 30 10 293 293 83 109 294 294 95 109 295 295 89 109 296 296 91 110 297 297 89 110 298 298 95 110 299 299 28 52 300 300 26 52 301 301 22 52 302 302 53 21 303 303 51 21 304 304 61 21 305 305 62 53 306 306 60 111 307 307 57 54 308 308 58 56 309 309 56 112 310 310 49 57 311 311 54 59 312 312 48 59 313 313 50 59 314 314 36 60 315 315 7 76 316 316 35 61 317 317 97 113 318 318 109 113 319 319 103 113 320 320 77 64 321 321 65 44 322 322 64 65 323 323 79 67 324 324 67 3 325 325 66 46 326 326 75 69 327 327 69 69 328 328 68 70 329 329 95 72 330 330 83 114 331 331 82 17 332 332 99 73 333 333 105 106 334 334 106 74 335 335 7 76 336 336 37 48 337 337 3 49 338 338 33 77 339 339 36 60 340 340 4 62 341 341 32 79 342 342 33 77 343 343 34 78 344 344 105 84 345 345 103 84 346 346 109 84 347 347 100 81 348 348 103 115 349 349 102 82 350 350 91 85 351 351 85 116 352 352 84 7 353 353 86 86 354 354 89 86 355 355 88 87 356 356 85 117 357 357 91 117 358 358 92 117 359 359 71 2 360 360 72 1 361 361 74 71 362 362 101 83 363 363 102 82 364 364 104 89 365 365 18 118 366 366 14 118 367 367 12 118 368 368 15 119 369 369 14 119 370 370 18 119 371 371 45 21 372 372 8 21 373 373 39 21 374 374 21 120 375 375 16 120 376 376 43 120 377 377 10 121 378 378 17 121 379 379 15 121 380 380 20 122 381 381 12 122 382 382 38 122 383 383 29 96 384 384 25 84 385 385 23 97 386 386 11 101 387 387 18 41 388 388 43 42 389 389 44 104 390 390 47 108 391 391 46 34 392 392 105 106 393 393 99 73 394 394 98 90 395 395</p>
        </triangles>
      </mesh>
    </geometry>
    <geometry id="Plane_017-mesh" name="Plane.017">
      <mesh>
        <source id="Plane_017-mesh-positions">
          <float_array id="Plane_017-mesh-positions-array" count="4053">-22.45427 8.266935 -4.562439 -22.07445 8.729124 -4.562439 -22.14855 8.796277 -4.562439 -22.14855 4.374676 -4.562439 -22.5374 8.322491 -4.562439 -22.82628 7.781949 -4.562439 -23.0042 7.195431 -4.562439 -23.06432 6.585476 -4.562439 -23.0042 5.975514 -4.562439 -22.82628 5.388997 -4.562439 -22.5374 4.848462 -4.562439 0.4613043 -13.81358 -4.562439 -3.960326 -13.81358 -4.562439 -0.01251155 -14.20239 -4.562439 -0.553039 -14.49132 -4.562439 -1.139526 -14.66923 -4.562439 -1.749511 -14.72932 -4.562439 -2.359496 -14.66924 -4.562439 -2.945983 -14.49133 -4.562439 -3.48651 -14.2024 -4.562439 18.77677 4.501945 -4.562439 19.60563 4.771248 -4.562439 19.30534 4.771248 -4.562439 19.01975 4.678452 -4.562439 -3.833141 27.11187 -4.562439 -3.563854 27.94072 -4.562439 -3.563854 27.64042 -4.562439 -3.656628 27.35482 -4.562439 -22.73388 7.743687 -4.562439 -22.90612 7.175915 -4.562439 -22.96434 6.585476 -4.562439 -22.90612 5.99503 -4.562439 -22.73388 5.427266 -4.562439 -22.45427 4.904019 -4.562439 -22.07445 4.44183 -4.562439 0.3941656 -13.73948 -4.562439 -0.06805354 -14.11925 -4.562439 -0.591308 -14.39893 -4.562439 -1.159057 -14.57116 -4.562439 -1.749511 -14.62932 -4.562439 -2.339965 -14.57117 -4.562439 -2.907714 -14.39894 -4.562439 -3.430968 -14.11925 -4.562439 -3.893188 -13.73949 -4.562439 19.62125 4.870018 -4.562439 19.28971 4.870018 -4.562439 18.97434 4.767555 -4.562439 18.71183 4.577988 -4.562439 -3.465099 27.95636 -4.562439 -3.465099 27.62478 -4.562439 -3.567516 27.30941 -4.562439 -3.757091 27.04693 -4.562439 -3.757091 27.04693 -4.662437 -3.567516 27.30941 -4.662437 -3.465099 27.62478 -4.662437 -3.465099 27.95636 -4.662437 18.71183 4.577988 -4.662437 18.97434 4.767555 -4.662437 19.28971 4.870018 -4.662437 19.62125 4.870018 -4.662437 -3.893188 -13.73949 -4.662437 -3.430968 -14.11925 -4.662437 -2.907714 -14.39894 -4.662437 -2.339965 -14.57117 -4.662437 -1.749511 -14.62932 -4.662437 -1.159057 -14.57116 -4.662437 -0.591308 -14.39893 -4.662437 -0.06805354 -14.11925 -4.662437 0.3941656 -13.73948 -4.662437 -22.07445 4.44183 -4.662437 -22.45427 4.904019 -4.662437 -22.73388 5.427266 -4.662437 -22.90612 5.99503 -4.662437 -22.96434 6.585476 -4.662437 -22.90612 7.175915 -4.662437 -22.73388 7.743687 -4.662437 -22.07445 8.729124 -4.662437 -22.45427 8.266935 -4.662437 -22.14855 8.796277 -4.562439 -22.14855 4.374676 -4.562439 -22.5374 8.322491 -4.562439 -22.82628 7.781949 -4.562439 -23.0042 7.195431 -4.562439 -23.06432 6.585476 -4.562439 -23.0042 5.975514 -4.562439 -22.82628 5.388997 -4.562439 -22.5374 4.848462 -4.562439 0.4613043 -13.81358 -4.562439 -3.960326 -13.81358 -4.562439 -0.01251155 -14.20239 -4.562439 -0.553039 -14.49132 -4.562439 -1.139526 -14.66923 -4.562439 -1.749511 -14.72932 -4.562439 -2.359496 -14.66924 -4.562439 -2.945983 -14.49133 -4.562439 -3.48651 -14.2024 -4.562439 18.77677 4.501945 -4.562439 19.60563 4.771248 -4.562439 19.30534 4.771248 -4.562439 19.01975 4.678452 -4.562439 -3.833141 27.11187 -4.562439 -3.563854 27.94072 -4.562439 -3.563854 27.64042 -4.562439 -3.656628 27.35482 -4.562439 19.60566 4.771252 -4.562439 -1.964718 -16.79913 -4.562439 -25.13421 6.370361 -4.562439 -16.69009 7.766137 -4.562439 -16.52346 7.654801 -4.562439 -16.32693 7.6157 -4.562439 -16.13039 7.654801 -4.562439 -15.96377 7.766137 -4.562439 -2.285912 22.17051 -4.562439 -2.174584 22.00388 -4.562439 -2.13546 21.80732 -4.562439 -2.174584 21.61076 -4.562439 -2.285912 21.44413 -4.562439 -2.408837 22.29339 -4.562439 -2.575463 22.40473 -4.562439 -2.771996 22.44384 -4.562439 -2.968529 22.40475 -4.562439 -3.135155 22.2934 -4.562439 -16.81301 7.889039 -4.562439 -16.92434 8.055665 -4.562439 -16.96346 8.252223 -4.562439 -16.92434 8.448779 -4.562439 -16.81301 8.615405 -4.562439 -16.7535 7.688836 -4.662437 -16.56173 7.562417 -4.662437 -16.32693 7.515702 -4.662437 -16.09213 7.562417 -4.662437 -15.90035 7.688836 -4.662437 -2.208641 22.23396 -4.662437 -2.082176 22.04215 -4.662437 -2.035485 21.80732 -4.662437 -2.082176 21.57249 -4.662437 -2.20858 21.3807 -4.662437 -2.345421 22.37069 -4.662437 -2.537194 22.49712 -4.662437 -2.771996 22.54385 -4.662437 -3.006798 22.49714 -4.662437 -3.19857 22.37071 -4.662437 -16.89028 7.8256 -4.662437 -17.01675 8.017396 -4.662437 -17.06344 8.252223 -4.662437 -17.01675 8.487048 -4.662437 -16.89034 8.678842 -4.662437 -16.7535 7.688836 -4.562439 -16.56173 7.562417 -4.562439 -16.32693 7.515702 -4.562439 -16.09213 7.562417 -4.562439 -15.90035 7.688836 -4.562439 -2.208641 22.23396 -4.562439 -2.082176 22.04215 -4.562439 -2.035485 21.80732 -4.562439 -2.082176 21.57249 -4.562439 -2.20858 21.3807 -4.562439 -2.345421 22.37069 -4.562439 -2.537194 22.49712 -4.562439 -2.771996 22.54385 -4.562439 -3.006798 22.49714 -4.562439 -3.19857 22.37071 -4.562439 -16.89028 7.8256 -4.562439 -17.01675 8.017396 -4.562439 -17.06344 8.252223 -4.562439 -17.01675 8.487048 -4.562439 -16.89034 8.678842 -4.562439 -16.69009 7.766137 -4.562439 -16.52346 7.654801 -4.562439 -16.32693 7.6157 -4.562439 -16.13039 7.654801 -4.562439 -15.96377 7.766137 -4.562439 -2.285912 22.17051 -4.562439 -2.174584 22.00388 -4.562439 -2.13546 21.80732 -4.562439 -2.174584 21.61076 -4.562439 -2.285912 21.44413 -4.562439 -2.408837 22.29339 -4.562439 -2.575463 22.40473 -4.562439 -2.771996 22.44384 -4.562439 -2.968529 22.40475 -4.562439 -3.135155 22.2934 -4.562439 -16.81301 7.889039 -4.562439 -16.92434 8.055665 -4.562439 -16.96346 8.252223 -4.562439 -16.92434 8.448779 -4.562439 -16.81301 8.615405 -4.562439 -12.09268 11.63726 -6.216392 -12.65103 11.63732 -6.216392 -12.26968 11.53511 -6.216392 -12.47403 11.53511 -6.216392 -12.94192 11.92818 -6.216392 -12.94192 12.4865 -6.216392 -13.04409 12.10515 -6.216392 -13.04409 12.30956 -6.216392 -4.96047 19.32789 -6.216392 -4.960471 18.76961 -6.216392 -4.858236 19.15092 -6.216392 -4.858236 18.94652 -6.216392 -5.809652 19.61882 -6.216392 -5.251363 19.61882 -6.216392 -5.632711 19.72096 -6.216392 -5.428304 19.72099 -6.216392 -5.428304 19.72099 -4.062439 -5.251363 19.61882 -4.062439 -5.632711 19.72096 -4.062439 -5.809652 19.61882 -4.062439 -4.96047 19.32789 -4.062439 -4.858236 19.15092 -4.062439 -4.858236 18.94652 -4.062439 -4.960471 18.76961 -4.062439 -12.09268 11.63726 -4.062439 -12.26968 11.53511 -4.062439 -12.47403 11.53511 -4.062439 -12.65103 11.63732 -4.062439 -12.94192 11.92818 -4.062439 -13.04409 12.10515 -4.062439 -13.04409 12.30956 -4.062439 -12.94192 12.4865 -4.062439 -17.3623 5.182678 -6.216392 -17.33299 5.711774 -6.216392 -17.44981 5.345053 -6.216392 -17.43911 5.538691 -6.216392 -17.04212 6.002666 -6.216392 -16.51306 6.03192 -6.216392 -16.86907 6.108758 -6.216392 -16.67537 6.119468 -6.216392 -10.44834 -1.172851 -6.216392 -10.97738 -1.202103 -6.216392 -10.6214 -1.279 -6.216392 -10.81509 -1.289711 -6.216392 -10.12816 -0.3529198 -6.216392 -10.15742 -0.8819553 -6.216392 -10.04065 -0.5152375 -6.216392 -10.05133 -0.7089323 -6.216392 -10.05133 -0.7089323 -4.062439 -10.15742 -0.8819553 -4.062439 -10.04065 -0.5152375 -4.062439 -10.12816 -0.3529198 -4.062439 -10.44834 -1.172851 -4.062439 -10.6214 -1.279 -4.062439 -10.81509 -1.289711 -4.062439 -10.97738 -1.202103 -4.062439 -17.3623 5.182678 -4.062439 -17.44981 5.345053 -4.062439 -17.43911 5.538691 -4.062439 -17.33299 5.711774 -4.062439 -17.04212 6.002666 -4.062439 -16.86907 6.108758 -4.062439 -16.67537 6.119468 -4.062439 -16.51306 6.03192 -4.062439 23.13763 8.412821 -6.216392 22.57928 8.412882 -6.216392 22.96063 8.31068 -6.216392 22.75629 8.31068 -6.216392 22.28839 8.703746 -6.216392 22.28839 9.262065 -6.216392 22.18622 8.880719 -6.216392 22.18622 9.085124 -6.216392 30.26984 15.54517 -6.216392 29.42066 16.39439 -6.216392 29.42066 16.39439 -4.062439 30.26984 15.54517 -4.062439 23.13763 8.412821 -4.062439 22.96063 8.31068 -4.062439 22.75629 8.31068 -4.062439 22.57928 8.412882 -4.062439 22.28839 8.703746 -4.062439 22.18622 8.880719 -4.062439 22.18622 9.085124 -4.062439 22.28839 9.262065 -4.062439 -13.96713 10.30085 -2.988007 -13.96713 10.30085 -4.075409 -14.76817 10.30089 -4.075409 -14.76817 10.30089 -2.988007 -13.96715 10.30288 -2.988008 -13.96717 10.26289 -4.075412 -14.76824 10.27297 -4.075409 -14.7682 10.30292 -2.988008 -13.96715 10.30288 -3.531709 -14.7682 10.30292 -3.531709 -14.76822 10.26293 -4.075412 -14.76824 10.27297 -2.988007 -13.96717 10.26289 -4.125412 -14.76822 10.26293 -4.125412 -14.76821 10.31293 -4.075412 -13.96717 10.31289 -4.075412 -14.76821 10.31293 -4.125412 -13.96717 10.31289 -4.125412 -13.96717 10.26289 -4.575412 -13.96717 10.26289 -2.938007 -13.91717 10.26289 -4.575412 -13.91717 10.26289 -2.938007 -13.96715 10.31288 -4.575412 -13.96715 10.31288 -2.938007 -13.91715 10.31288 -4.575412 -13.91715 10.31288 -2.938007 -13.96717 10.26289 -2.938007 -14.76822 10.26293 -2.938007 -13.96717 10.26289 -2.988007 -14.76822 10.26293 -2.988007 -14.76821 10.31293 -2.938007 -13.96717 10.31289 -2.938007 -14.76821 10.31293 -2.988007 -13.96717 10.31289 -2.988007 -14.81826 10.26289 -4.575412 -14.81826 10.26289 -2.938007 -14.76826 10.26289 -4.575412 -14.76826 10.26289 -2.938007 -14.81824 10.31288 -4.575412 -14.81824 10.31288 -2.938007 -14.76824 10.31288 -4.575412 -14.76824 10.31288 -2.938007 -13.96719 10.27292 -4.075409 -13.96719 10.27292 -2.988007 -14.76821 10.27094 -2.988008 -13.96717 10.27089 -2.988008 -14.76821 10.27094 -3.531709 -13.96717 10.27089 -3.531709 -15.37154 8.896327 -2.988007 -15.37154 8.896327 -4.075409 -16.17259 8.896369 -4.075409 -16.17259 8.896369 -2.988007 -15.37159 8.858364 -4.075412 -16.17266 8.86844 -4.075409 -16.17263 8.858407 -4.075412 -16.17266 8.86844 -2.988007 -15.37159 8.858364 -4.125412 -16.17263 8.858407 -4.125412 -16.17263 8.908408 -4.075412 -15.37159 8.908364 -4.075412 -16.17263 8.908408 -4.125412 -15.37159 8.908364 -4.125412 -15.37159 8.858364 -4.575412 -15.37159 8.858364 -2.938007 -15.32159 8.858364 -4.575412 -15.32159 8.858364 -2.938007 -15.37157 8.908356 -4.575412 -15.37157 8.908356 -2.938007 -15.32157 8.908356 -4.575412 -15.32157 8.908356 -2.938007 -15.37159 8.858364 -2.938007 -16.17263 8.858407 -2.938007 -15.37159 8.858364 -2.988007 -16.17263 8.858407 -2.988007 -16.17263 8.908408 -2.938007 -15.37159 8.908364 -2.938007 -16.17263 8.908408 -2.988007 -15.37159 8.908364 -2.988007 -16.22268 8.858363 -4.575412 -16.22268 8.858363 -2.938007 -16.17268 8.858363 -4.575412 -16.17268 8.858363 -2.938007 -16.22266 8.908356 -4.575412 -16.22266 8.908356 -2.938007 -16.17266 8.908355 -4.575412 -16.17266 8.908355 -2.938007 -15.37161 8.868396 -4.075409 -15.37161 8.868396 -2.988007 -2.930688 21.3373 -2.988007 -2.930688 21.3373 -4.075409 -3.731734 21.33735 -4.075409 -3.731734 21.33735 -2.988007 -2.930714 21.33933 -2.988008 -2.930732 21.29934 -4.075412 -3.7318 21.30942 -4.075409 -3.731761 21.33938 -2.988008 -2.930714 21.33933 -3.531709 -3.731761 21.33938 -3.531709 -3.731778 21.29939 -4.075412 -3.7318 21.30942 -2.988007 -2.930732 21.29934 -4.125412 -3.731778 21.29939 -4.125412 -3.731775 21.34939 -4.075412 -2.930729 21.34934 -4.075412 -3.731775 21.34939 -4.125412 -2.930729 21.34934 -4.125412 -2.930732 21.29934 -4.575412 -2.930732 21.29934 -2.938007 -2.880731 21.29934 -4.575412 -2.880731 21.29934 -2.938007 -2.930715 21.34934 -4.575412 -2.930715 21.34934 -2.938007 -2.880715 21.34934 -4.575412 -2.880715 21.34934 -2.938007 -2.930732 21.29934 -2.938007 -3.731778 21.29939 -2.938007 -2.930732 21.29934 -2.988007 -3.731778 21.29939 -2.988007 -3.731775 21.34939 -2.938007 -2.930729 21.34934 -2.938007 -3.731775 21.34939 -2.988007 -2.930729 21.34934 -2.988007 -3.78182 21.29934 -4.575412 -3.78182 21.29934 -2.938007 -3.731819 21.29934 -4.575412 -3.731819 21.29934 -2.938007 -3.781803 21.34933 -4.575412 -3.781803 21.34933 -2.938007 -3.731803 21.34933 -4.575412 -3.731803 21.34933 -2.938007 -2.930753 21.30937 -4.075409 -2.930753 21.30937 -2.988007 -3.731773 21.30739 -2.988008 -2.930727 21.30735 -2.988008 -3.731773 21.30739 -3.531709 -2.930727 21.30735 -3.531709 -4.335107 19.93278 -2.988007 -4.335107 19.93278 -4.075409 -5.136153 19.93282 -4.075409 -5.136153 19.93282 -2.988007 -4.335151 19.89481 -4.075412 -5.136219 19.90489 -4.075409 -5.136197 19.89486 -4.075412 -5.136219 19.90489 -2.988007 -4.335151 19.89481 -4.125412 -5.136197 19.89486 -4.125412 -5.136195 19.94486 -4.075412 -4.335148 19.94482 -4.075412 -5.136195 19.94486 -4.125412 -4.335148 19.94482 -4.125412 -4.335151 19.89481 -4.575412 -4.335151 19.89481 -2.938007 -4.285151 19.89481 -4.575412 -4.285151 19.89481 -2.938007 -4.335134 19.94481 -4.575412 -4.335134 19.94481 -2.938007 -4.285134 19.94481 -4.575412 -4.285134 19.94481 -2.938007 -4.335151 19.89481 -2.938007 -5.136197 19.89486 -2.938007 -4.335151 19.89481 -2.988007 -5.136197 19.89486 -2.988007 -5.136195 19.94486 -2.938007 -4.335148 19.94482 -2.938007 -5.136195 19.94486 -2.988007 -4.335148 19.94482 -2.988007 -5.186239 19.89481 -4.575412 -5.186239 19.89481 -2.938007 -5.136239 19.89481 -4.575412 -5.136239 19.89481 -2.938007 -5.186223 19.94481 -4.575412 -5.186223 19.94481 -2.938007 -5.136222 19.94481 -4.575412 -5.136222 19.94481 -2.938007 -4.335173 19.90485 -4.075409 -4.335173 19.90485 -2.988007 -13.68687 11.40863 -3.364747 -13.68687 11.40863 -4.562438 -13.50976 11.58567 -4.562438 -13.50976 11.58567 -3.364747 -13.79292 11.51471 -3.364747 -13.79292 11.51471 -4.562438 -13.61581 11.69176 -4.562438 -13.61581 11.69176 -3.364747 -13.79293 11.51469 -3.364747 -13.61582 11.69173 -3.364747 -13.89898 11.62077 -3.364747 -13.72187 11.79782 -3.364747 -13.79293 11.51469 -3.514785 -13.61582 11.69173 -3.514785 -13.89898 11.62077 -3.514785 -13.72187 11.79782 -3.514785 -13.87897 11.61915 -3.372536 -13.72025 11.77781 -3.372536 -13.87897 11.61915 -3.506996 -13.72025 11.77781 -3.506996 -24.38443 9.395312 5.867633 -24.38445 8.835907 5.867632 -24.38443 9.395312 6.906531 -24.38445 8.835907 6.906531 -24.38443 8.740744 5.867632 -24.38443 8.24966 5.867632 -24.38443 8.740744 6.906531 -24.38443 8.24966 6.906531 -24.38443 7.054079 5.867632 -24.38439 6.483148 5.867632 -24.38443 7.054079 6.906531 -24.38439 6.483148 6.906531 -24.38445 5.704712 5.867632 -24.3844 5.108498 5.867632 -24.38445 5.704712 6.906531 -24.3844 5.108498 6.906531 -24.38445 8.210638 5.867632 -24.3844 7.640597 5.867632 -24.38445 8.210638 6.906531 -24.3844 7.640597 6.906531 -24.38443 7.588979 5.867632 -24.38442 7.052789 5.867632 -24.38443 7.588979 6.906531 -24.38442 7.052789 6.906531 -24.38442 6.380773 5.867632 -24.3844 5.80981 5.867632 -24.38442 6.380773 6.906531 -24.3844 5.80981 6.906531 -24.38444 5.000199 5.867632 -24.38439 4.429268 5.867632 -24.38444 5.000199 6.906531 -24.38439 4.429268 6.906531 -24.38444 4.337927 5.867632 -24.38442 3.766964 5.867632 -24.38444 4.337927 6.906531 -24.38442 3.766964 6.906531 -24.38439 3.696623 5.867632 -24.38439 3.160385 5.867632 -24.38439 3.696623 6.906531 -24.38439 3.160385 6.906531 -23.92031 3.269352 5.867632 -23.92036 3.828755 5.867632 -23.92031 3.269352 6.906531 -23.92036 3.828755 6.906531 -23.92031 3.923918 5.867632 -23.92037 4.415002 5.867632 -23.92031 3.923918 6.906531 -23.92037 4.415002 6.906531 -23.92034 5.610615 5.867632 -23.92037 6.18153 5.867632 -23.92034 5.610615 6.906531 -23.92037 6.18153 6.906531 -23.92034 6.959998 5.867632 -23.92035 7.55618 5.867632 -23.92034 6.959998 6.906531 -23.92035 7.55618 6.906531 -23.92036 4.454026 5.867632 -23.92035 5.024081 5.867632 -23.92036 4.454026 6.906531 -23.92035 5.024081 6.906531 -23.92035 5.075667 5.867632 -23.92035 5.611905 5.867632 -23.92035 5.075667 6.906531 -23.92035 5.611905 6.906531 -23.92035 6.283921 5.867632 -23.92035 6.854868 5.867632 -23.92035 6.283921 6.906531 -23.92035 6.854868 6.906531 -23.92034 7.664494 5.867632 -23.92038 8.235426 5.867632 -23.92034 7.664494 6.906531 -23.92038 8.235426 6.906531 -23.92037 8.326737 5.867632 -23.92038 8.897699 5.867632 -23.92037 8.326737 6.906531 -23.92038 8.897699 6.906531 -23.92038 8.968071 5.867632 -23.92038 9.504309 5.867632 -23.92038 8.968071 6.906531 -23.92038 9.504309 6.906531 -24.53028 7.327993 9.293051 -24.53028 6.81723 9.293051 -24.53028 7.327993 9.995025 -24.53028 6.81723 9.995025 -24.53029 6.837816 9.293051 -24.53029 6.323741 9.293051 -24.53029 6.837816 9.995025 -24.53029 6.323741 9.995025 -24.53029 6.375328 9.293051 -24.53029 5.864564 9.293051 -24.53029 6.375328 9.995025 -24.53029 5.864564 9.995025 -24.53032 5.904846 9.293051 -24.53026 5.345235 9.293051 -24.53032 5.904846 9.995025 -24.53026 5.345235 9.995025 -24.53026 7.389944 8.556089 -24.53029 6.977416 8.556089 -24.53026 7.389944 9.208952 -24.53029 6.977416 9.208952 -24.53028 6.968612 8.556089 -24.53028 6.556117 8.556089 -24.53028 6.968612 9.208952 -24.53028 6.556117 9.208952 -24.53028 6.517523 8.497344 -24.53028 6.073821 8.497344 -24.53028 6.517523 9.281367 -24.53028 6.073821 9.281367 -24.53029 6.107973 8.497344 -24.53021 5.616745 8.497344 -24.53029 6.107973 9.281367 -24.53021 5.616745 9.281367 -24.53023 5.657011 8.497344 -24.5302 5.167614 8.497344 -24.53023 5.657011 9.281367 -24.5302 5.167614 9.281367 -23.83677 5.229501 9.293051 -23.83677 5.740264 9.293051 -23.83677 5.229501 9.995025 -23.83677 5.740264 9.995025 -23.83678 5.719646 9.293051 -23.83669 6.233753 9.293051 -23.83678 5.719646 9.995025 -23.83669 6.233753 9.995025 -23.83678 6.182135 9.293051 -23.83678 6.692898 9.293051 -23.83678 6.182135 9.995025 -23.83678 6.692898 9.995025 -23.83678 6.652648 9.293051 -23.83677 7.212307 9.293051 -23.83678 6.652648 9.995025 -23.83676 7.212307 9.995025 -23.83677 5.167598 8.556089 -23.83678 5.580046 8.556089 -23.83677 5.167598 9.208952 -23.83678 5.580046 9.208952 -23.83675 5.58893 8.556089 -23.83669 6.001425 8.556089 -23.83675 5.58893 9.208952 -23.83669 6.001425 9.208952 -23.83669 6.040019 8.497344 -23.83672 6.483689 8.497344 -23.83669 6.040019 9.281367 -23.83672 6.483689 9.281367 -23.8367 6.449537 8.497344 -23.83669 6.940797 8.497344 -23.8367 6.449537 9.281367 -23.83669 6.940797 9.281367 -23.83672 6.900452 8.497344 -23.83669 7.389912 8.497344 -23.83672 6.900452 9.281367 -23.83669 7.389912 9.281367 -24.2819 6.173999 -5.479332 -24.04265 6.174015 -5.479332 -24.33143 6.29365 8.767607 -24.04265 6.174015 8.767607 -24.51152 7.739629 9.968388 -24.51154 7.316068 10.12769 -24.51152 6.822866 10.22782 -24.51152 6.29357 10.26198 -24.51154 5.76429 10.22782 -24.51152 5.271089 10.12769 -24.51151 4.847559 9.968388 -24.51154 4.522537 9.760787 -24.51154 4.318232 9.519027 -24.51154 4.248559 9.259593 -24.51154 4.318232 9.000159 -24.51154 4.522537 8.75842 -24.51151 4.847559 8.55082 -24.51152 5.271089 8.391515 -24.51154 5.76429 8.291384 -24.51152 6.29357 8.257226 -24.51152 6.822866 8.291384 -24.51154 7.316068 8.391515 -24.51152 7.739629 8.55082 -24.51152 8.06462 8.75842 -24.51152 8.268925 9.000159 -24.51152 8.338599 9.259593 -24.51152 8.268925 9.519027 -24.51152 8.06462 9.760787 -24.51152 7.28561 10.02166 -24.51152 7.690145 9.86952 -24.5115 6.80833 10.11855 -24.51152 6.29357 10.15176 -24.51152 5.778858 10.11855 -24.51154 5.301546 10.02166 -24.51154 4.897012 9.86952 -24.51154 4.595776 9.67707 -24.51152 4.418076 9.466813 -24.51154 4.36243 9.259593 -24.51152 4.418076 9.052395 -24.51154 4.595776 8.842138 -24.51154 4.897012 8.649689 -24.51154 5.301547 8.497546 -24.51152 5.778859 8.400656 -24.51152 6.29357 8.367424 -24.5115 6.80833 8.400656 -24.51152 7.28561 8.497546 -24.51152 7.690145 8.649689 -24.5115 7.991364 8.842138 -24.51152 8.169065 9.052395 -24.51152 8.224727 9.259593 -24.51152 8.169065 9.466813 -24.51152 7.99138 9.67707 -23.8553 7.28561 10.02166 -23.8553 7.690145 9.86952 -23.85528 6.80833 10.11855 -23.8553 6.29357 10.15176 -23.8553 5.778858 10.11855 -23.85531 5.301546 10.02166 -23.85531 4.897011 9.86952 -23.85531 4.595776 9.67707 -23.8553 4.418076 9.466813 -23.85531 4.36243 9.259593 -23.8553 4.418076 9.052395 -23.85531 4.595776 8.842138 -23.85531 4.897011 8.649688 -23.85531 5.301546 8.497546 -23.8553 5.778858 8.400656 -23.8553 6.29357 8.367424 -23.85528 6.80833 8.400656 -23.8553 7.28561 8.497546 -23.8553 7.690145 8.649689 -23.85528 7.991364 8.842138 -23.8553 8.169065 9.052395 -23.8553 8.224726 9.259593 -23.8553 8.169065 9.466813 -23.8553 7.99138 9.67707 -23.85531 7.316068 10.12769 -23.8553 7.739629 9.968388 -23.8553 6.822865 10.22782 -23.8553 6.29357 10.26198 -23.85531 5.76429 10.22782 -23.8553 5.271088 10.12769 -23.85528 4.847559 9.968388 -23.85531 4.522536 9.760787 -23.85531 4.318232 9.519027 -23.85531 4.248558 9.259593 -23.85531 4.318232 9.000159 -23.85531 4.522536 8.75842 -23.85528 4.847559 8.55082 -23.8553 5.271088 8.391515 -23.85531 5.76429 8.291384 -23.8553 6.29357 8.257226 -23.8553 6.822866 8.291384 -23.85531 7.316068 8.391515 -23.8553 7.739629 8.55082 -23.8553 8.06462 8.75842 -23.8553 8.268925 9.000159 -23.8553 8.338599 9.259593 -23.8553 8.268925 9.519027 -23.8553 8.06462 9.760787 -23.9401 2.918998 5.615628 -23.9401 2.918998 7.047709 -24.36953 2.918998 5.615628 -24.36953 2.918998 7.047709 -23.94008 9.66819 5.615628 -23.94008 9.66819 7.047709 -24.36955 9.668158 5.615628 -24.36955 9.668158 7.047709 -24.2819 6.173999 8.767607 -24.16231 6.124404 -5.479332 -24.16231 6.124403 8.767607 -24.28188 6.413252 8.767607 -24.28189 6.413253 -5.479332 -24.33143 6.29365 -5.479332 -24.16228 6.4628 8.767607 -24.16228 6.4628 -5.479332 -23.99312 6.293633 8.767607 -23.99312 6.293634 -5.479332 -24.04266 6.413237 -5.479332 -24.04266 6.413236 8.767607 -24.51154 7.316068 10.12769 -24.51152 7.739629 9.968388 -24.51152 6.822866 10.22782 -24.51152 6.29357 10.26198 -24.51154 5.76429 10.22782 -24.51152 5.271089 10.12769 -24.51151 4.847559 9.968388 -24.51154 4.522537 9.760787 -24.51154 4.318232 9.519027 -24.51154 4.248559 9.259593 -24.51154 4.248559 9.259593 -24.51154 4.318232 9.000159 -24.51154 4.522537 8.75842 -24.51151 4.847559 8.55082 -24.51152 5.271089 8.391515 -24.51154 5.76429 8.291384 -24.51152 6.29357 8.257226 -24.51152 6.822866 8.291384 -24.51154 7.316068 8.391515 -24.51152 7.739629 8.55082 -24.51152 8.06462 8.75842 -24.51152 8.268925 9.000159 -24.51152 8.338599 9.259593 -24.51152 8.338599 9.259593 -24.51152 8.268925 9.519027 -24.51152 8.06462 9.760787 -23.85531 7.316068 10.12769 -23.8553 7.739629 9.968388 -23.8553 6.822865 10.22782 -23.8553 6.29357 10.26198 -23.85531 5.76429 10.22782 -23.8553 5.271088 10.12769 -23.85528 4.847559 9.968388 -23.85531 4.522536 9.760787 -23.85531 4.318232 9.519027 -23.85531 4.248558 9.259593 -23.85531 4.248558 9.259593 -23.85531 4.318232 9.000159 -23.85531 4.522536 8.75842 -23.85528 4.847559 8.55082 -23.8553 5.271088 8.391515 -23.85531 5.76429 8.291384 -23.8553 6.29357 8.257226 -23.8553 6.822866 8.291384 -23.85531 7.316068 8.391515 -23.8553 7.739629 8.55082 -23.8553 8.06462 8.75842 -23.8553 8.268925 9.000159 -23.8553 8.338599 9.259593 -23.8553 8.338599 9.259593 -23.8553 8.268925 9.519027 -23.8553 8.06462 9.760787 -24.36953 2.918998 5.615628 -24.36953 2.918998 5.615628 -23.9401 2.918998 5.615628 -23.9401 2.918998 5.615628 -23.9401 2.918998 7.047709 -23.9401 2.918998 7.047709 -24.36953 2.918998 7.047709 -24.36953 2.918998 7.047709 -24.36955 9.668158 5.615628 -24.36955 9.668158 5.615628 -24.36955 9.668158 7.047709 -24.36955 9.668158 7.047709 -23.94008 9.66819 5.615628 -23.94008 9.66819 5.615628 -23.94008 9.66819 7.047709 -23.94008 9.66819 7.047709 15.70129 29.80916 -4.642433 15.55988 29.95056 -4.642433 11.88293 25.9908 -4.642433 11.74152 26.1322 -4.642433 9.498291 28.37544 -4.642433 9.63971 28.23402 -4.642433 13.31665 32.1938 -4.642433 13.45807 32.05238 -4.642433 17.9516 27.55884 -4.642433 17.81018 27.70026 -4.642433 14.13324 23.74048 -4.642433 13.99182 23.8819 -4.642433 11.22174 34.28873 -4.642433 11.08032 34.43021 -4.642433 7.40332 30.47037 -4.642433 7.261902 30.61185 -4.642433 9.100464 36.41006 -4.642433 8.958986 36.55154 -4.642433 5.282043 32.5917 -4.642433 5.140625 32.73318 -4.642433 24.56494 20.94548 -4.642433 24.42358 21.08688 -4.642433 20.74658 17.12713 -4.642433 20.60523 17.26853 -4.642433 18.36194 19.51177 -4.642433 18.50342 19.37035 -4.642433 22.1803 23.33012 -4.642433 22.32178 23.18871 -4.642433 26.81531 18.69516 -4.642433 26.67383 18.83658 -4.642433 22.99695 14.87681 -4.642433 22.85547 15.01823 -4.642433 20.08533 25.42506 -4.642433 19.94397 25.56654 -4.642433 16.26697 21.60671 -4.642433 16.12561 21.74818 -4.642433 -4.614807 18.93322 -4.642433 -4.756165 18.7918 -4.642433 -0.7964478 15.11486 -4.642433 -0.9378052 14.97344 -4.642433 -2.371521 21.17644 -4.642433 -2.512939 21.03502 -4.642433 1.446838 17.35809 -4.642433 1.30542 17.21667 -4.642433 -3.188171 12.72314 -4.642433 -3.046753 12.86456 -4.642433 -7.006531 16.5415 -4.642433 -6.865051 16.68292 -4.642433 -9.801514 6.109802 -4.642433 -9.660097 6.25116 -4.642433 -13.61987 9.928162 -4.642433 -13.47845 10.06952 -4.642433 -11.23517 12.3128 -4.642433 -11.37665 12.17133 -4.642433 -7.41687 8.49444 -4.642433 -7.558289 8.352959 -4.642433 -12.05182 3.859436 -4.642433 -11.9104 4.000916 -4.642433 -15.87018 7.677795 -4.642433 -15.72876 7.819275 -4.642433 -5.321899 10.58941 -4.642433 -5.18042 10.73077 -4.642433 -9.140259 14.40778 -4.642433 -8.99878 14.54913 -4.642433 -5.428304 19.72099 -4.062442 -5.251363 19.61882 -4.062442 -5.632711 19.72096 -4.062442 -5.809652 19.61882 -4.062442 -4.96047 19.32789 -4.062442 -4.858236 19.15092 -4.062442 -4.858236 18.94652 -4.062442 -4.960471 18.76961 -4.062442 -12.09268 11.63726 -4.062442 -12.26968 11.53511 -4.062442 -12.47403 11.53511 -4.062442 -12.65103 11.63732 -4.062442 -12.94192 11.92818 -4.062442 -13.04409 12.10515 -4.062442 -13.04409 12.30956 -4.062442 -12.94192 12.4865 -4.062442 -5.496542 19.46635 -4.062442 -5.407675 19.41502 -4.062442 -5.564474 19.46635 -4.062442 -5.653341 19.41505 -4.062442 -5.164206 19.17152 -4.062442 -5.112814 19.08266 -4.062442 -5.112936 19.01478 -4.062442 -5.164206 18.92595 -4.062442 -12.24905 11.84108 -4.062442 -12.33792 11.78978 -4.062442 -12.40579 11.78972 -4.062442 -12.49465 11.84105 -4.062442 -12.73818 12.08455 -4.062442 -12.78945 12.17342 -4.062442 -12.78945 12.24129 -4.062442 -12.73812 12.33013 -4.062442 -10.05133 -0.7089323 -4.062442 -10.15742 -0.8819553 -4.062442 -10.04065 -0.5152375 -4.062442 -10.12816 -0.3529198 -4.062442 -10.44834 -1.172851 -4.062442 -10.6214 -1.279 -4.062442 -10.81509 -1.289711 -4.062442 -10.97738 -1.202103 -4.062442 -17.3623 5.182678 -4.062442 -17.44981 5.345053 -4.062442 -17.43911 5.538691 -4.062442 -17.33299 5.711774 -4.062442 -17.04212 6.002666 -4.062442 -16.86907 6.108758 -4.062442 -16.67537 6.119468 -4.062442 -16.51306 6.03192 -4.062442 -10.28905 -0.6576128 -4.062442 -10.34235 -0.744513 -4.062442 -10.28549 -0.59324 -4.062442 -10.32944 -0.5117173 -4.062442 -10.58584 -0.9879837 -4.062442 -10.67275 -1.041339 -4.062442 -10.73706 -1.044779 -4.062442 -10.81855 -1.000851 -4.062442 -17.16096 5.341536 -4.062442 -17.20491 5.423058 -4.062442 -17.20142 5.48737 -4.062442 -17.14812 5.574271 -4.062442 -16.90462 5.817799 -4.062442 -16.81772 5.871038 -4.062442 -16.75341 5.874595 -4.062442 -16.67191 5.830609 -4.062442 23.13763 8.412821 -4.062442 22.96063 8.31068 -4.062442 22.75629 8.31068 -4.062442 22.57928 8.412882 -4.062442 22.28839 8.703746 -4.062442 22.18622 8.880719 -4.062442 22.18622 9.085124 -4.062442 22.28839 9.262065 -4.062442 30.26984 15.54517 -4.062442 29.42066 16.39439 -4.062442 22.98126 8.616648 -4.062442 22.89239 8.565348 -4.062442 22.82452 8.565287 -4.062442 22.73566 8.616619 -4.062442 22.49213 8.860117 -4.062442 22.44086 8.948986 -4.062442 22.44086 9.016857 -4.062442 22.49219 9.105692 -4.062442 30.0661 15.70151 -4.062442 29.57697 16.19062 -4.062442 -5.496542 19.46635 -4.062439 -5.407675 19.41502 -4.062439 -5.564474 19.46635 -4.062439 -5.653341 19.41505 -4.062439 -5.164206 19.17152 -4.062439 -5.112814 19.08266 -4.062439 -5.112936 19.01478 -4.062439 -5.164206 18.92595 -4.062439 -12.24905 11.84108 -4.062439 -12.33792 11.78978 -4.062439 -12.40579 11.78972 -4.062439 -12.49465 11.84105 -4.062439 -12.73818 12.08455 -4.062439 -12.78945 12.17342 -4.062439 -12.78945 12.24129 -4.062439 -12.73812 12.33013 -4.062439 -10.28905 -0.6576128 -4.062439 -10.34235 -0.744513 -4.062439 -10.28549 -0.59324 -4.062439 -10.32944 -0.5117173 -4.062439 -10.58584 -0.9879837 -4.062439 -10.67275 -1.041339 -4.062439 -10.73706 -1.044779 -4.062439 -10.81855 -1.000851 -4.062439 -17.16096 5.341536 -4.062439 -17.20491 5.423058 -4.062439 -17.20142 5.48737 -4.062439 -17.14812 5.574271 -4.062439 -16.90462 5.817799 -4.062439 -16.81772 5.871038 -4.062439 -16.75341 5.874595 -4.062439 -16.67191 5.830609 -4.062439 29.73377 16.24192 -4.062439 29.82263 16.19059 -4.062439 29.66584 16.24192 -4.062439 29.57697 16.19062 -4.062439 30.0661 15.94709 -4.062439 30.1175 15.85822 -4.062439 30.11737 15.79035 -4.062439 30.0661 15.70151 -4.062439 22.98126 8.616648 -4.062439 22.89239 8.565348 -4.062439 22.82452 8.565287 -4.062439 22.73566 8.616619 -4.062439 22.49213 8.860117 -4.062439 22.44086 8.948986 -4.062439 22.44086 9.016857 -4.062439 22.49219 9.105692 -4.062439 -18.29012 12.51347 -4.642433 -18.1487 12.65482 -4.642433 -15.67289 9.89624 -4.642433 -15.53147 10.0376 -4.642433 -12.49465 11.84105 -4.017766 -12.49793 11.83679 -4.012439 -12.24578 11.83682 -4.012439 -12.24905 11.84108 -4.017766 -12.40579 11.78972 -4.017766 -12.40721 11.78439 -4.012439 -12.33792 11.78978 -4.017766 -12.33649 11.78446 -4.012439 -12.73812 12.33013 -4.017766 -12.74239 12.3334 -4.012439 -12.74245 12.08128 -4.012439 -12.73818 12.08455 -4.017766 -12.78945 12.24129 -4.017766 -12.79478 12.24272 -4.012439 -12.78945 12.17342 -4.017766 -12.79478 12.17199 -4.012439 -5.164206 18.92595 -4.017766 -5.159945 18.92268 -4.012439 -5.159943 19.17479 -4.012439 -5.164206 19.17152 -4.017766 -5.112936 19.01478 -4.017766 -5.107613 19.01336 -4.012439 -5.112814 19.08266 -4.017766 -5.107486 19.08408 -4.012439 -5.407675 19.41502 -4.017766 -5.404405 19.41929 -4.012439 -5.656611 19.41932 -4.012439 -5.653341 19.41505 -4.017766 -5.495114 19.47168 -4.012439 -5.496542 19.46635 -4.017766 -5.565902 19.47168 -4.012439 -5.564474 19.46635 -4.017766 -5.428304 19.72099 -4.017766 -5.429732 19.71566 -4.012439 -5.254633 19.61456 -4.012439 -5.251363 19.61882 -4.017766 -5.632711 19.72096 -4.017766 -5.631283 19.71563 -4.012439 -5.809652 19.61882 -4.017766 -5.806382 19.61456 -4.012439 -4.96047 19.32789 -4.017766 -4.964732 19.32462 -4.012439 -4.863563 19.14949 -4.012439 -4.858236 19.15092 -4.017766 -4.863564 18.94795 -4.012439 -4.858236 18.94652 -4.017766 -4.964733 18.77288 -4.012439 -4.960471 18.76961 -4.017766 -12.09268 11.63726 -4.017766 -12.09595 11.64152 -4.012439 -12.27111 11.54044 -4.012439 -12.26968 11.53511 -4.017766 -12.4726 11.54044 -4.012439 -12.47403 11.53511 -4.017766 -12.64776 11.64158 -4.012439 -12.65103 11.63732 -4.017766 -12.94192 11.92818 -4.017766 -12.93766 11.93145 -4.012439 -13.03877 12.10658 -4.012439 -13.04409 12.10515 -4.017766 -13.03877 12.30813 -4.012439 -13.04409 12.30956 -4.017766 -12.93766 12.48323 -4.012439 -12.94192 12.4865 -4.017766 -17.14812 5.574271 -4.017766 -17.15223 5.577327 -4.012439 -17.16538 5.338052 -4.012439 -17.16096 5.341536 -4.017766 -17.20142 5.48737 -4.017766 -17.20668 5.488507 -4.012439 -17.20491 5.423058 -4.017766 -17.2103 5.421341 -4.012439 -16.67191 5.830609 -4.017766 -16.66843 5.835026 -4.012439 -16.90767 5.821908 -4.012439 -16.90462 5.817799 -4.017766 -16.75341 5.874595 -4.017766 -16.75169 5.879987 -4.012439 -16.81772 5.871038 -4.017766 -16.81886 5.876301 -4.012439 -10.81855 -1.000851 -4.017766 -10.82204 -1.005266 -4.012439 -10.58279 -0.9920923 -4.012439 -10.58584 -0.9879837 -4.017766 -10.73706 -1.044779 -4.017766 -10.73877 -1.050168 -4.012439 -10.67275 -1.041339 -4.017766 -10.67161 -1.046603 -4.012439 -10.34235 -0.744513 -4.017766 -10.33824 -0.7475675 -4.012439 -10.32503 -0.5082322 -4.012439 -10.32944 -0.5117173 -4.017766 -10.28378 -0.6587489 -4.012439 -10.28905 -0.6576128 -4.017766 -10.2801 -0.5915221 -4.012439 -10.28549 -0.59324 -4.017766 -10.05133 -0.7089323 -4.017766 -10.05659 -0.7077962 -4.012439 -10.16153 -0.878901 -4.012439 -10.15742 -0.8819553 -4.017766 -10.04065 -0.5152375 -4.017766 -10.04604 -0.5169552 -4.012439 -10.12816 -0.3529198 -4.017766 -10.13258 -0.3564046 -4.012439 -10.44834 -1.172851 -4.017766 -10.4514 -1.168742 -4.012439 -10.62253 -1.273738 -4.012439 -10.6214 -1.279 -4.017766 -10.81337 -1.284319 -4.012439 -10.81509 -1.289711 -4.017766 -10.97389 -1.197687 -4.012439 -10.97738 -1.202103 -4.017766 -17.3623 5.182678 -4.017766 -17.35788 5.186162 -4.012439 -17.44442 5.34677 -4.012439 -17.44981 5.345053 -4.017766 -17.43385 5.537555 -4.012439 -17.43911 5.538691 -4.017766 -17.32888 5.708718 -4.012439 -17.33299 5.711774 -4.017766 -17.04212 6.002666 -4.017766 -17.03907 5.998558 -4.012439 -16.86793 6.103496 -4.012439 -16.86907 6.108758 -4.017766 -16.67709 6.114077 -4.012439 -16.67537 6.119468 -4.017766 -16.51654 6.027504 -4.012439 -16.51306 6.03192 -4.017766 22.73566 8.616619 -4.017766 22.73238 8.612356 -4.012439 22.98453 8.612386 -4.012439 22.98126 8.616648 -4.017766 22.82452 8.565287 -4.017766 22.82309 8.55996 -4.012439 22.89239 8.565348 -4.017766 22.89382 8.560024 -4.012439 22.49219 9.105692 -4.017766 22.48792 9.108963 -4.012439 22.48786 8.856845 -4.012439 22.49213 8.860117 -4.017766 22.44086 9.016857 -4.017766 22.43553 9.018283 -4.012439 22.44086 8.948986 -4.017766 22.43553 8.947558 -4.012439 30.0661 15.70151 -4.017766 30.07036 15.69824 -4.012439 29.5737 16.19488 -4.012439 29.57697 16.19062 -4.017766 29.42066 16.39439 -4.017766 29.42393 16.39012 -4.012439 30.26558 15.54844 -4.012439 30.26984 15.54517 -4.017766 23.13763 8.412821 -4.017766 23.13436 8.417084 -4.012439 22.9592 8.316005 -4.012439 22.96063 8.31068 -4.017766 22.75771 8.316005 -4.012439 22.75629 8.31068 -4.017766 22.58255 8.417144 -4.012439 22.57928 8.412882 -4.017766 22.28839 8.703746 -4.017766 22.29265 8.707017 -4.012439 22.19154 8.882145 -4.012439 22.18622 8.880719 -4.017766 22.19154 9.083698 -4.012439 22.18622 9.085124 -4.017766 22.29265 9.258794 -4.012439 22.28839 9.262065 -4.017766 -24.53029 7.327993 9.995025 -24.53029 7.327993 9.293051 -24.53029 6.923411 9.293051 -24.53029 6.923411 9.995025 -24.53029 6.952877 9.995025 -24.53029 6.952877 9.293051 -24.53029 6.618527 9.293051 -24.53029 6.618527 9.995025 -24.53029 6.647993 9.995025 -24.53029 6.647993 9.293051 -24.53029 6.33894 9.293051 -24.53029 6.33894 9.995025 -24.53029 6.368405 9.995025 -24.53029 6.368405 9.293051 -24.53029 5.997941 9.293051 -24.53029 5.997941 9.995025 -24.53029 6.027407 9.995025 -24.53029 6.027407 9.293051 -24.53029 5.693057 9.293051 -24.53029 5.693057 9.995025 -24.53029 5.722523 9.995025 -24.53029 5.722523 9.293051 -24.53029 5.345235 9.293051 -24.53029 5.345235 9.995025 -23.83677 5.229501 9.995025 -23.83677 5.229501 9.293051 -23.83677 5.634069 9.293051 -23.83677 5.634069 9.995025 -23.83677 5.604627 9.995025 -23.83677 5.604627 9.293051 -23.83677 5.938965 9.293051 -23.83677 5.938965 9.995025 -23.83677 5.909524 9.995025 -23.83677 5.909524 9.293051 -23.83677 6.218567 9.293051 -23.83677 6.218567 9.995025 -23.83677 6.189125 9.995025 -23.83677 6.189125 9.293051 -23.83677 6.559577 9.293051 -23.83677 6.559577 9.995025 -23.83677 6.530136 9.995025 -23.83677 6.530136 9.293051 -23.83677 6.864474 9.293051 -23.83677 6.864474 9.995025 -23.83677 6.835032 9.995025 -23.83677 6.835032 9.293051 -23.83677 7.212307 9.293051 -23.83677 7.212307 9.995025 -24.53025 6.517523 9.271594 -24.53025 6.517523 8.507117 -24.53025 6.236522 8.507117 -24.53025 6.236522 9.271594 -24.53025 6.261918 9.271594 -24.53025 6.261918 8.507117 -24.53025 5.958189 8.507117 -24.53025 5.958189 9.271594 -24.53025 5.983586 9.271594 -24.53025 5.983586 8.507117 -24.53025 5.68528 8.507117 -24.53025 5.68528 9.271594 -24.53025 5.710677 9.271594 -24.53025 5.710677 8.507117 -24.53025 5.386285 8.507117 -24.53025 5.386285 9.271594 -24.53025 5.411682 9.271594 -24.53025 5.411682 8.507117 -24.53025 5.167614 8.507117 -24.53025 5.167614 9.271594 -23.83665 6.040019 9.27165 -23.83665 6.040019 8.507061 -23.83667 6.321041 8.507061 -23.83667 6.321041 9.27165 -23.83667 6.295614 9.27165 -23.83667 6.295614 8.507061 -23.83669 6.599365 8.507061 -23.83669 6.599365 9.27165 -23.83669 6.573938 9.27165 -23.83669 6.573938 8.507061 -23.83671 6.872266 8.507061 -23.83671 6.872266 9.27165 -23.83671 6.846838 9.27165 -23.83671 6.846838 8.507061 -23.83673 7.171253 8.507061 -23.83673 7.171253 9.27165 -23.83673 7.145826 9.27165 -23.83673 7.145826 8.507061 -23.83674 7.389912 8.507061 -23.83674 7.389912 9.27165 -24.3843 9.395312 6.906532 -24.3843 9.395312 5.867634 -24.38432 8.88099 5.867633 -24.38432 8.88099 6.906532 -24.38433 8.798545 6.906532 -24.38433 8.798545 5.867633 -24.38434 8.383049 5.867633 -24.38434 8.383049 6.906531 -24.38434 8.300604 6.906531 -24.38434 8.300604 5.867633 -24.38436 7.802753 5.867632 -24.38436 7.802753 6.906531 -24.38436 7.720308 6.906531 -24.38436 7.720308 5.867632 -24.38438 7.238927 5.867632 -24.38438 7.238927 6.90653 -24.38438 7.156483 6.90653 -24.38438 7.156483 5.867632 -24.3844 6.609219 5.867631 -24.3844 6.609219 6.90653 -24.38441 6.526774 6.90653 -24.38441 6.526774 5.867631 -24.38442 6.028923 5.867631 -24.38442 6.028923 6.906529 -24.38443 5.946478 6.906529 -24.38443 5.946478 5.867631 -24.38445 5.432156 5.86763 -24.38445 5.432156 6.906529 -24.38445 5.349711 6.906529 -24.38445 5.349711 5.86763 -24.38447 4.802448 5.86763 -24.38447 4.802448 6.906528 -24.38447 4.720003 6.906528 -24.38447 4.720003 5.86763 -24.38449 4.222152 5.867629 -24.38449 4.222152 6.906528 -24.38449 4.139707 6.906528 -24.38449 4.139707 5.867629 -24.38451 3.658327 5.867629 -24.38451 3.658327 6.906527 -24.38451 3.575882 6.906527 -24.38451 3.575882 5.867629 -24.38453 3.160385 5.867628 -24.38453 3.160385 6.906527 -23.92009 3.269352 6.906531 -23.92009 3.269352 5.867632 -23.92013 3.783698 5.867632 -23.92013 3.783698 6.906531 -23.92014 3.866121 6.906531 -23.92014 3.866121 5.867632 -23.92018 4.281637 5.867632 -23.92018 4.281637 6.906531 -23.92019 4.364059 6.906531 -23.92019 4.364059 5.867632 -23.92023 4.861934 5.867632 -23.92023 4.861934 6.906531 -23.92024 4.944356 6.906531 -23.92024 4.944356 5.867632 -23.92028 5.425759 5.867632 -23.92028 5.425759 6.906531 -23.92029 5.508181 6.906531 -23.92029 5.508181 5.867632 -23.92034 6.055471 5.867632 -23.92034 6.055471 6.906531 -23.92034 6.137893 6.906531 -23.92034 6.137893 5.867632 -23.92039 6.635768 5.867632 -23.92039 6.635768 6.906531 -23.9204 6.71819 6.906531 -23.9204 6.71819 5.867632 -23.92044 7.232536 5.867632 -23.92044 7.232536 6.906531 -23.92045 7.314959 6.906531 -23.92045 7.314959 5.867632 -23.9205 7.862248 5.867632 -23.9205 7.862248 6.906531 -23.92051 7.94467 6.906531 -23.92051 7.94467 5.867632 -23.92055 8.442545 5.867632 -23.92055 8.442545 6.906531 -23.92056 8.524967 6.906531 -23.92056 8.524967 5.867632 -23.9206 9.00637 5.867632 -23.9206 9.00637 6.906531 -23.92061 9.088792 6.906531 -23.92061 9.088792 5.867632 -23.92064 9.504309 5.867632 -23.92064 9.504309 6.906531</float_array>
          <technique_common>
            <accessor source="#Plane_017-mesh-positions-array" count="1351" stride="3">
              <param name="X" type="float"/>
              <param name="Y" type="float"/>
              <param name="Z" type="float"/>
            </accessor>
          </technique_common>
        </source>
        <source id="Plane_017-mesh-normals">
          <float_array id="Plane_017-mesh-normals-array" count="2883">5.00028e-5 1 0 -5.00022e-5 -1 0 0 0 -1 -2.18003e-7 0 1 0 -1 0 1 -3.72832e-4 0 0 1 0 -1 4.19436e-4 0 -4.74521e-7 0 1 0 0 1 1 -4.19436e-4 0 5.47645e-5 1 0 -5.47645e-5 -1 0 0 0 1 1 -4.19412e-4 0 -1 3.72811e-4 0 5.47653e-5 1 0 -5.47653e-5 -1 0 7.44118e-7 0 -1 -3.77846e-7 0 1 1 -4.66014e-4 0 1.90724e-5 1 0 -1 3.72804e-4 0 6.4289e-5 1 0 -6.19078e-5 -1 0 -2.80471e-7 0 1 1 -3.26166e-4 0 -1 3.37815e-4 0 -1.84559e-7 0 1 1 -3.14577e-4 0 -1 3.4953e-4 0 4.76212e-5 1 0 -6.19077e-5 -1 0 -7.43896e-7 0 -1 0 0 1 1 -3.37815e-4 0 -5.22482e-7 0 1 -1 3.26166e-4 0 0.7069723 -0.7072414 0 -0.7069868 0.7072268 0 -1.58677e-6 0 1 0.7072446 0.7069689 0 -1.58679e-6 0 1 -0.707199 -0.7070146 0 -0.7072048 -0.7070088 0 0.7072405 0.706973 0 -0.7069894 0.7072242 0 -0.7069804 0.7072332 0 0.3699374 -0.9290567 0 -0.8419157 -0.4720463 -0.261439 -0.8419709 -0.4719992 -0.2613465 -0.9291415 0.3697243 2.4084e-7 -0.6570104 0.6570447 -0.3696346 -0.4721774 0.841849 0.2614169 -0.3697218 0.9291425 1.67257e-7 -0.3697057 0.9291489 0 0.8418551 0.4722077 -0.2613427 0.9291377 0.369734 0 0.9291526 0.3696966 0 0.6572844 -0.6568011 -0.3695803 0.3699293 -0.9290599 0 -0.9291436 0.369719 0 0.4722601 0.8418226 -0.261353 0.6572587 -0.6568271 0.3695797 -1 3.83311e-5 -2.0864e-5 -1 -6.89275e-5 -1.75427e-4 -1 -1.02179e-5 -1.73066e-4 -1 -8.4052e-6 0 -1 8.90153e-5 -1.81242e-4 -1 -7.02315e-5 1.78584e-4 -1 -1.33466e-4 2.33918e-4 -1 -6.29993e-5 -5.07544e-5 -1 2.32405e-4 3.93014e-5 -1 -3.14183e-4 -1.40047e-4 -1 0 0 -1 1.64389e-4 1.23147e-4 -1 4.49691e-5 -5.26954e-5 -1 -1.15011e-4 -2.5031e-4 -1 -7.75434e-5 -1.75427e-4 -1 5.31341e-5 1.8513e-4 -1 3.36247e-5 0 -1 -7.12207e-5 1.64784e-4 -1 -7.02301e-5 1.78581e-4 -1 6.06596e-5 2.40135e-5 -1 -1.73228e-4 6.57921e-5 -1 -1.01032e-5 0 1 4.01321e-5 8.11741e-5 1 8.01253e-5 1.64789e-4 1 -4.20225e-5 0 1 -2.1013e-6 0 1 -3.56062e-5 8.23827e-5 1 1.464e-4 -4.63326e-4 1 2.00662e-5 -8.11748e-5 1 1.45599e-4 -2.19298e-4 1 3.14995e-5 2.30702e-5 1 -8.08367e-5 -1.7864e-5 1 -8.08395e-5 1.78647e-5 1 2.36247e-5 -2.30703e-5 1 1.456e-4 2.19299e-4 1 3.0099e-5 8.11738e-5 1 -2.67042e-5 -8.23813e-5 1 -8.40703e-6 0 1 -3.36247e-5 0 1 7.12213e-5 -1.64786e-4 1 4.01316e-5 -8.11732e-5 1 -4.85278e-5 -2.40136e-5 1 1.5748e-4 -6.57921e-5 1 0 0 1 -7.87526e-6 0 1 1.21314e-5 0 0 -1.62664e-6 -1 1.83216e-7 -0.1319867 -0.9912515 0 -0.1319872 -0.9912515 -4.56012e-7 -0.886074 0.463544 -5.027e-7 -0.6584711 0.7526062 -1.58335e-6 -0.6584777 0.7526004 0 0.6584889 0.7525905 0 0.8860729 0.4635462 0 0.6584911 0.7525886 0 0.2763713 0.961051 0 0.447611 0.8942285 0 0.2763705 0.9610512 0 0.1319841 -0.9912518 0 0.1319883 -0.9912513 -3.34528e-7 -0.9657787 0.2593675 -5.21493e-7 -0.8860681 0.4635552 0 0.4476133 0.8942273 -6.25646e-7 0.1319895 0.9912511 0 0.2763746 -0.96105 0 0.2763757 -0.9610498 -5.61517e-7 -0.8860578 -0.4635747 -3.60202e-7 -0.9657791 -0.2593665 -4.1982e-7 -0.8860635 -0.463564 -3.54821e-7 -1.71457e-6 1 -2.70767e-7 0.1319863 0.9912515 0 0.4476124 -0.8942278 -1.76924e-7 -0.658454 -0.7526211 -6.12594e-7 -0.6584596 -0.7526161 -8.44429e-7 -0.1319886 0.9912512 0 -0.131988 0.9912514 0 0.6584744 -0.7526032 0 0.6584714 -0.7526059 0 -0.4476076 -0.8942302 -1.0147e-6 -0.2763793 0.9610487 0 0.8860627 -0.4635656 0 0.8860583 -0.463574 3.14264e-7 -0.2763894 -0.9610458 1.309e-7 -0.2763842 -0.9610474 -8.80679e-7 -0.4476045 0.8942317 -1.60653e-6 -0.2763863 0.9610466 0 0.9657785 -0.2593681 0 0.8860692 0.4635531 0 0.9657784 0.2593691 -1 -2.36807e-6 0 -7.54998e-5 1 0 1 -3.15741e-6 0 5.0003e-5 1 0 0 0 -1 5.00033e-5 1 0 -5.00026e-5 -1 0 1.76219e-7 0 -1 7.44048e-7 0 1 -1 3.72832e-4 0 -1.58405e-7 0 -1 1 -3.72811e-4 0 -1 4.19412e-4 0 -5.15178e-7 0 -1 7.44118e-7 0 1 1.90742e-5 1 0 -1 4.19404e-4 0 3.86754e-7 0 1 6.4289e-5 1 0 -6.19078e-5 -1 0 -3.15348e-7 0 -1 1 -3.26166e-4 0 -1 3.49464e-4 0 -6.19085e-5 -1 0 -4.11261e-7 0 -1 -1 3.26228e-4 0 -6.19079e-5 -1 0 0 0 -1 1 -3.49463e-4 0 -6.19086e-5 -1 0 -2.21637e-7 0 -1 -1 3.02868e-4 0 0.7069659 -0.7072477 0 -0.706987 0.7072266 0 -0.7072097 -0.707004 0 -0.707218 -0.7069956 0 0.7072525 0.7069611 0 -0.7069705 0.7072431 0 -1 -7.02311e-5 -1.78583e-4 -1 -7.12221e-5 -1.64788e-4 -1 3.3618e-5 0 -1 -2.66762e-5 2.88558e-4 -1 4.70032e-5 -1.8513e-4 -1 -4.09438e-5 2.86116e-4 -1 -8.61608e-5 1.7543e-4 -1 -1.24595e-4 2.5031e-4 -1 4.49691e-5 5.26954e-5 -1 1.64399e-4 -1.23154e-4 -1 2.52624e-4 -3.93028e-5 -1 -6.95668e-5 5.45133e-5 -1 -6.29996e-5 5.07546e-5 -1 -1.33466e-4 -2.33918e-4 -1 -7.02302e-5 -1.78581e-4 -1 8.01129e-5 1.81239e-4 -1 -1.02179e-5 1.73066e-4 -1 -7.75434e-5 1.75427e-4 -1 3.83307e-5 2.08638e-5 -1 -8.99361e-5 1.46142e-4 -1 1.01027e-5 0 -1 1.57505e-5 0 -1 1.21314e-5 0 1 -2.87483e-5 9.48363e-6 1 3.44637e-5 7.97397e-5 1 1.02179e-5 1.73066e-4 1 -2.45235e-5 8.41501e-5 1 3.44636e-5 -7.97392e-5 1 1.53349e-4 -2.24594e-4 1 -6.18318e-5 -4.94026e-5 1 -4.10998e-5 5.5979e-5 0.9999999 -5.7526e-4 0 1 -5.47964e-5 -5.59755e-5 1 -6.74536e-5 4.94031e-5 1 1.53349e-4 2.24596e-4 1 1.72319e-5 7.97395e-5 1 -2.24794e-5 -8.41486e-5 1 8.17433e-6 -1.73066e-4 1 5.16953e-5 -7.9739e-5 1 -2.87481e-5 -9.48356e-6 1 1.01178e-4 -1.46142e-4 1 6.84878e-6 0 0 -6.98703e-7 -1 -1.35248e-6 -0.9657769 0.2593741 -1.45628e-6 -0.9657769 -0.2593741 0 -4.25401e-7 1 0 0.447616 -0.8942259 0 -0.4476069 -0.8942304 0 -0.4476042 0.8942318 0 0.9657785 0.2593681 -1 -3.15742e-6 0 -7.54999e-5 1 0 -1.66316e-7 0 1 -7.73039e-7 0 1 1.2097e-6 0 1 -1.26428e-6 0 1 -1.48887e-6 0 1 3.15947e-7 0 1 1.51751e-6 0 1 -8.51944e-7 0 1 -2.16282e-7 0 1 -8.65019e-7 0 1 4.29283e-7 0 1 -7.00966e-7 0 1 1.86924e-7 0 1 2.02215e-7 0 1 1.11229e-6 0 1 -1.23672e-6 0 1 7.46614e-7 0 1 -3.17786e-7 0 1 1.23149e-7 0 1 -5.44763e-6 0 1 0 0 1 -3.07875e-7 0 1 -7.75173e-6 0 1 5.34066e-6 0 1 0.608743 -0.7933675 0 0.2587852 -0.9659349 0 0.6087155 -0.7933858 -0.002136409 0.6088088 0.793317 0 0.2587681 0.9659395 0 0.6088074 0.7933182 0 0.2587907 -0.9659335 0 -0.2589033 -0.9659033 0 -0.6088574 -0.7932798 0 -0.793155 -0.6090112 -0.00328356 -0.6088607 -0.7932747 -0.001973986 -0.2588997 -0.9659042 0 -0.7931451 -0.6090328 0 -0.9660643 -0.2583017 0 -0.7933946 0.6087079 0 -0.6087222 0.793381 -0.002009987 -0.7934067 0.6086832 -0.003255069 0.9658855 -0.2589694 0 0.7932443 -0.6088954 -0.003171801 0.9658834 -0.2589775 0 0.608828 0.7933023 0 0.7934553 0.6086255 -0.002002358 0.6088 0.7933172 -0.003222048 0.9659707 0.2586519 0 0.9659709 0.2586512 0 -0.9657126 0.2596137 0 -0.9657116 0.2596173 0 0.7932663 -0.6088749 0 -1.20795e-6 0 1 -0.2592072 0.9658218 0 0.2584996 0.9660114 0 -0.2592038 0.9658226 0 -0.9660633 -0.2583054 0 2.41628e-6 0 1 -0.8021368 -0.5971403 0 -0.975985 -0.2178381 0 -0.8021748 -0.5970834 -0.002707421 0.7852215 -0.619215 0 0.9545787 -0.2979589 0 0.7852451 -0.6191671 -0.004723191 -0.9759853 -0.2178363 0 -0.9545297 0.2981159 0 -0.7851868 0.6192591 0 -0.619413 0.7850614 -0.002461194 -0.7852024 0.6192378 -0.001406073 -0.9545306 0.2981131 0 -0.6193978 0.7850773 0 -0.2974367 0.9547416 0 0.5971175 0.8021538 0 0.8021667 0.5970942 -0.002684891 0.5970467 0.8021957 -0.004186034 -0.2180516 -0.9759373 0 -0.5973252 -0.8019883 -0.004161536 -0.218055 -0.9759365 0 0.7852054 -0.6192355 0 0.61909 -0.7853187 -0.001455903 0.78522 -0.6192119 -0.002529263 0.2978704 -0.9546064 0 0.2978671 -0.9546074 0 0.218693 0.9757937 0 0.2186933 0.9757937 0 -0.5973097 -0.8020108 0 -2.70736e-6 0 1 0.9758691 0.2183563 0 0.9546872 -0.2976112 0 0.97587 0.2183523 0 -0.2974398 0.9547407 0 -0.7071063 0.7071073 0 -0.6087185 0.7933837 -0.002046585 -0.7071068 0.7071067 8.04663e-5 0.9658843 -0.2589742 0 0.7932771 -0.6088575 -0.002061963 0.9658846 -0.2589728 0 0.6088238 0.7933055 0 0.7934215 0.6086691 -0.002061843 0.608801 0.7933163 -0.00325483 0.9659631 0.2586799 0 0.9659658 0.2586699 0 -0.7071084 0.7071052 0 -0.7933377 0.6087821 0 -0.7071084 0.7071052 0 0.7932441 -0.6089038 0 0.7071209 -0.7070927 1.44808e-4 -0.2592141 0.96582 0 0.2584983 0.9660118 0 -0.2592089 0.9658213 0 0.8021399 0.5971362 0 0.802136 0.5971414 0 0.5972169 0.8020798 0 0.8021348 0.5971432 0 0.2587145 -0.9659539 0 0.608708 -0.7933723 -0.005940675 0.2587221 -0.9659519 0 2.1835e-7 0 1 -0.2181151 -0.9759231 0 0.2981205 -0.9545282 0 -0.218105 -0.9759254 0 0.6086836 -0.7934131 0 0.7070953 -0.7071182 3.02794e-4 -0.5973517 -0.8019794 0 -0.5973497 -0.8019809 0 -3.4538e-6 0 1 0.258776 0.9659374 0 -0.2588554 0.9659162 0 -4.6637e-6 0 1 0.6190773 -0.7853301 0 -0.8021746 -0.5970896 0 -0.8021739 -0.5970904 0 -1.94999e-7 0 1 0.7932942 0.6088385 0 0.7932932 0.6088398 0 6.90522e-6 0 1 -0.9545614 0.2980147 0 -0.9759936 -0.2177996 0 -0.9545638 0.2980068 0 -0.6087369 0.7933723 0 -0.6087343 0.7933742 0 -0.7933372 0.6087824 0 -0.6087346 0.793374 0 -0.7852527 0.6191754 0 -0.7852617 0.6191285 -0.006630897 1.46287e-6 0 1 0.9658722 -0.2590191 0 0.965892 0.2589452 0 0.9658741 -0.2590119 0 -4.66601e-6 0 1 -0.6191914 0.7852401 0 -0.6191914 0.7852261 -0.00471425 -2.3834e-6 0 1 0.7932292 -0.6089234 0 0.7932302 -0.608922 0 3.45399e-6 0 1 0.2179531 0.9759593 0 -0.2980124 0.9545621 0 0.2179434 0.9759614 0 0.7934311 0.6086602 0 0.6086971 -0.7934028 0 0.608699 -0.7934013 0 -1.94999e-7 0 1 0.597219 0.8020783 0 -0.2588614 -0.9659145 0 0.2587412 -0.9659467 0 -0.2588537 -0.9659166 0 -0.6087334 0.793375 0 0.2584906 0.9660139 0 -0.6087764 -0.7933419 0 -0.6087754 -0.7933428 0 -1.46284e-7 0 1 -0.2980053 0.9545642 0 -0.7933426 -0.6087756 0 -0.7933415 -0.6087769 0 0.79343 0.6086615 0 -0.9759955 -0.2177908 0 -0.9659156 0.2588575 0 -0.9659257 -0.2588196 0 -0.965918 0.2588486 0 0.9759677 0.2179158 0 0.9759654 0.2179254 0 -0.793336 0.6087841 0 0.2981124 -0.9545308 0 0.6192629 -0.7851558 -0.006637215 0.9546837 -0.2976223 0 -0.9659278 -0.2588116 0 0.2587332 -0.9659488 0 -5.21689e-6 0 1 -0.2588483 0.965918 0 0.9658941 0.2589375 0 -1.20827e-6 0 1 2.70631e-6 0 1 -0.2588351 -0.9659215 0 -0.2588271 -0.9659237 0 -0.6087566 -0.7933572 0 -0.6087549 -0.7933584 0 -2.71681e-6 0 1 -0.7933447 -0.6087726 0 -0.7933444 -0.6087731 0 -2.42488e-6 0 1 -0.9659185 0.2588465 0 -0.9659295 -0.2588055 0 -0.9659205 0.2588391 0 -0.7933369 0.608783 0 0.9545764 -0.2979663 0 -4.36576e-7 0 1 0.6192378 -0.7852036 0 -0.9659312 -0.258799 0 -0.002972185 -0.01105266 0.9999345 0.6086841 0.7933146 -0.01247239 0.2585543 0.9654491 -0.03252345 -0.2587172 0.9651291 -0.03988808 0.001883387 -0.006834864 0.9999749 -0.6087797 0.7932396 -0.01258659 0.002201318 -0.002840101 0.9999936 -0.01098006 -0.002918124 0.9999355 0.7931455 0.6088622 -0.01439452 -2.58178e-4 -1.5223e-4 1 0.9651185 -0.2587717 -0.03979408 0.9653681 0.2588459 -0.03260815 -0.007042288 0.001892685 0.9999735 0.7931877 -0.6088016 -0.01463109 -0.001866281 0.006965339 0.999974 0.6086933 -0.7933089 -0.01239788 -0.002304494 0.002970397 0.999993 0.002962172 0.01112973 0.9999337 0.2585754 -0.9651724 -0.03976136 -0.6086211 -0.7933283 -0.01451086 -0.2586879 -0.9654172 -0.03240948 0.00684607 0.001797556 0.999975 -0.7932286 -0.6087996 -0.01230913 0.003125071 0.002308189 0.9999925 0.01087528 -0.002897977 0.9999367 -0.9651299 -0.2587014 -0.03997534 -0.7932827 0.6086801 -0.01453542 -0.9654223 0.2586237 -0.03276735 1.40995e-4 1.25021e-4 1 -0.002330899 -0.00290817 0.999993 -0.2588435 -0.9657472 -0.01822918 -0.002278149 -0.002824068 0.9999935 4.19705e-6 1.39982e-4 1 0.00172162 -0.006678044 0.9999763 0.258722 -0.9656694 -0.02335852 0.002355933 -0.003100991 0.9999925 -0.9659186 -0.2581976 -0.01831537 -0.004938006 -0.003701746 0.9999811 -0.006845772 0.001872956 0.9999749 2.89589e-4 8.58307e-5 1 -0.9654409 0.2595678 -0.02342271 -0.00481528 0.003763079 0.9999814 -0.2591241 0.965559 -0.02346426 -0.002175748 0.002875804 0.9999935 0.2584758 0.9658458 -0.01822602 -0.001783847 0.006875872 0.9999748 0.003698289 0.004761636 0.9999819 -4.11257e-5 -1.39594e-4 1 0.965705 0.2585666 -0.02360475 0.002845585 0.002097845 0.9999938 0.9657198 -0.2589564 -0.01808023 0.006943225 0.001767456 0.9999744 0.004670441 -0.003613173 0.9999826 -3.12686e-4 1.1382e-4 1 -0.005996763 0.00181812 0.9999805 0.9539799 -0.2977093 -0.03594011 -0.01105511 -0.002409696 0.999936 0.9753035 0.2180364 -0.03525847 0.8020178 0.597116 -0.014835 -0.002979159 -0.002232909 0.9999931 -0.001788139 0.006008028 0.9999805 -3.59535e-4 6.18339e-4 0.9999998 0.002394735 0.01105809 0.999936 0.2978918 -0.9539246 -0.03589636 -0.5971804 -0.8019224 -0.01720577 -0.2181339 -0.9752792 -0.03533023 0.01098895 0.002391576 0.9999368 -0.8020533 -0.5970668 -0.01489448 0.00297302 0.002216279 0.9999932 -0.9539703 0.2977488 -0.03586626 -0.975333 -0.2179028 -0.03527283 0.006029069 -0.001829564 0.9999802 0.001768052 -0.006036043 0.9999803 0.002488434 -0.003276467 0.9999915 -0.002404451 -0.01105481 0.9999361 -0.2978248 0.9539435 -0.03594803 0.5970152 0.8020449 -0.01723545 0.2179729 0.9753175 -0.03526467 5.804e-4 -4.20451e-4 0.9999998 -0.003184378 0.002554655 0.9999917 -0.9541185 0.2985824 -0.02250486 -0.00216782 0.001840889 0.999996 -0.005813837 0.00194931 0.9999813 -0.9759238 -0.2172004 -0.01991736 -1.60635e-5 8.84235e-5 1 -0.003609776 -0.002522289 0.9999904 -0.2978786 0.9543332 -0.02273184 -0.003229022 0.004107058 0.9999864 0.2180749 0.9757309 -0.01981353 -0.001966059 0.005886673 0.9999808 0.004083812 0.005472362 0.9999768 -1.7317e-5 6.77705e-5 1 0.9758281 0.2176344 -0.01987367 0.003606379 0.002599596 0.9999902 0.005783498 -0.001927971 0.9999814 4.67896e-5 -1.19552e-4 1 0.9542755 -0.2980783 -0.02253073 0.004088282 -0.003309667 0.9999862 0.2983059 -0.954205 -0.02250236 0.001764714 -0.002231955 0.999996 -0.2174058 -0.9758767 -0.01999002 0.001950562 -0.005864262 0.9999809 -0.004084229 -0.005507469 0.9999765 1.09991e-4 -2.10702e-5 1 -0.001790523 0.006910383 0.9999746 -0.002307891 0.003092586 0.9999926 0.002942144 0.010836 0.9999371 0.2585715 -0.9651705 -0.03983402 -0.6085911 -0.7933523 -0.01446199 -0.2586652 -0.9654116 -0.03275644 0.006949901 0.001840591 0.9999743 -0.7932091 -0.6088266 -0.01222348 0.003126323 0.002357304 0.9999924 0.01089268 -0.002924442 0.9999365 -0.9651437 -0.2586678 -0.03985774 -0.7932695 0.6086981 -0.01450204 -0.9654151 0.2586631 -0.03267043 1.9443e-4 1.57505e-4 1 5.28358e-5 -5.83343e-5 1 -0.7071473 0.7070662 -2.96533e-4 -0.2591304 0.9655548 -0.02356618 -0.002214968 0.00296998 0.9999932 0.2584657 0.9658496 -0.0181663 -0.001801729 0.006908416 0.9999746 0.003761053 0.004771828 0.9999816 -8.75969e-5 -2.79218e-4 1 0.9656965 0.2585936 -0.02365863 0.002952277 0.002175927 0.9999933 0.9657209 -0.2589493 -0.01812833 0.006968557 0.001823544 0.9999741 0.002878367 -0.002269446 0.9999933 -2.96861e-4 3.37013e-5 1 5.01201e-5 5.15878e-5 1 -7.77245e-5 1.47372e-4 1 0.2584959 0.9660124 0 0.7071137 -0.7070999 0 0.7071115 -0.707102 0 -2.38368e-6 0 1 -1.54993e-6 0 1 -2.4241e-6 0 1 1.35395e-6 0 1 -2.37625e-6 0 1 4.66392e-6 0 1 1.53058e-6 0 1 -1.93077e-6 0 1 -2.41631e-6 0 1 3.45189e-6 0 1 -3.39556e-7 0 1 1.73566e-6 0 1 -2.20835e-5 6.57439e-5 1 1.58995e-4 -1.1608e-4 1 -8.02875e-5 -3.41564e-4 1 1.17123e-4 3.2258e-4 1 1.5676e-4 -1.69218e-4 1 -2.7746e-4 2.65181e-4 1 3.53212e-6 0 1 -3.53217e-6 0 1 4.41429e-7 0 1 4.41325e-7 0 1 -3.09161e-6 0 1 4.41524e-7 0 1 7.72673e-7 0 1 7.72663e-7 0 1 3.53145e-6 0 1 5.52029e-7 0 1 0 0 1 -1.61073e-7 0 1 -2.7595e-6 0 1 1.98686e-6 0 1 -7.72734e-7 0 1 7.72496e-7 0 1 3.53327e-6 0 1 -3.53227e-6 0 1 7.72848e-7 0 1 -2.53821e-6 0 1 -1.98643e-6 0 1 3.5323e-6 0 1 5.0003e-5 1 0 5.00022e-5 1 0 -6.30981e-5 -1 0 -6.30988e-5 -1 0 5.35739e-5 1 0 -5.47644e-5 -1 0 6.19078e-5 1 0 6.42888e-5 1 0 -5.00025e-5 -1 0 5.00025e-5 1 0 -5.00025e-5 -1 0 -1 3.28195e-5 0 -1 -6.43137e-5 0 -1 -8.6221e-5 0 -1 -9.01798e-5 0 -1 -2.05442e-5 0 -1 -3.2155e-5 0 -1 -8.36078e-5 0 -1 -3.2155e-5 0 1 8.53307e-5 0 1 1.19633e-4 0 1 5.78839e-5 0 1 2.46359e-5 0 1 -1.93238e-5 0 1 7.71762e-5 0 1 1.92931e-5 0 -1 -1.06818e-4 0 -1 5.66557e-5 0 -1 -1.58478e-4 0 -1 -5.96515e-5 0 1 -1.79695e-4 0 1 -2.91298e-5 0 1 1.41666e-5 0 1 -1.48733e-4 0 1 7.67661e-5 0 1 -1.98084e-5 0 1 -5.96438e-5 0 5.00028e-5 1 0 5.00023e-5 1 0 -6.3099e-5 -1 0 5.35739e-5 1 0 -5.47644e-5 -1 0 6.19079e-5 1 0 6.42889e-5 1 0 -5.00025e-5 -1 0 5.00025e-5 1 0 -5.00026e-5 -1 0 -1 3.93833e-5 0 -1 -7.71764e-5 0 -1 -8.00623e-5 0 -1 -8.37383e-5 0 -1 -2.05442e-5 0 -1 -3.2155e-5 0 -1 -9.00391e-5 0 -1 -3.8586e-5 0 1 9.18946e-5 0 1 1.2711e-4 0 1 5.14523e-5 0 1 1.23179e-5 0 1 -1.28825e-5 0 1 6.43135e-5 0 1 1.2862e-5 0 -1 8.49837e-5 0 -1 -1.68382e-4 0 -1 -6.95932e-5 0 1 -1.69124e-4 0 1 -1.94198e-5 -1.35856e-5 1 2.83334e-5 0 1 -1.48733e-4 0 1 6.57996e-5 0 1 -6.95844e-5 0 -1 -4.19526e-5 0 -1 -1.5167e-5 -2.28441e-5 -1 -3.85691e-5 -2.28439e-5 -1 6.74825e-5 0 -1 -4.1343e-5 0 -1 -1.03601e-4 0 -1 -4.65255e-5 0 -1 3.32253e-5 0 -1 4.13854e-5 0 -1 4.19498e-5 0 -1 -7.73043e-6 0 -1 -1.28555e-4 0 -1 3.72195e-4 0 -1 -1.29501e-4 0 -1 1.23742e-5 0 -1 3.72179e-5 0 1 4.65255e-5 0 1 -4.31379e-5 0 1 -4.15316e-5 0 1 -1.04875e-5 0 1 -7.73045e-6 0 0.9999999 3.34437e-4 -4.62436e-4 0.9999999 3.34343e-4 4.62505e-4 1 3.85666e-5 0 1 -2.4813e-4 0 1 7.77008e-5 0 0.9999999 3.23579e-4 4.75627e-4 1 -2.79134e-5 0 1 8.30709e-6 0 1 5.24408e-5 0 1 -6.22915e-5 0 1 7.71348e-5 2.28429e-5 1 1.5167e-5 2.28441e-5 1 4.13437e-5 0 -0.2588571 -0.9659156 0 0.2587341 -0.9659487 0 0.2587375 -0.9659477 0 0.2179501 0.97596 0 -0.2980064 0.9545639 0 -0.2980103 0.9545627 0 0.9545764 -0.2979665 0 0.7852259 -0.6192094 0 0.7852231 -0.6192129 0 0.619238 -0.7852033 0 0.6192388 -0.7852028 0 -0.7933421 0.6087761 0 -0.9659183 0.2588477 0 -0.9659209 0.2588374 0 0.7071136 -0.7071 0 0.6086811 -0.793415 0 0.6086786 -0.7934169 0 -0.7933373 0.6087824 0 -0.9659187 0.2588459 0 -0.9659187 0.2588458 0 -0.6087729 -0.7933447 0 -0.2588603 -0.9659148 0 -0.6087312 0.7933766 0 -0.2588552 0.9659162 0 -0.2588517 0.9659171 0 -0.2181084 -0.9759246 0 0.2981135 -0.9545304 0 0.2981151 -0.95453 0 -0.9659309 -0.2588003 0 -0.9659283 -0.2588103 0 0.5972191 0.8020782 0 0.2179504 0.9759599 0 0.793233 -0.6089183 0 0.6086954 -0.7934041 0 0.6086961 -0.7934035 0 -0.258833 -0.9659221 0 0.2587122 -0.9659546 0 0.2587197 -0.9659525 0 -0.5973494 -0.8019813 0 -0.2181124 -0.9759237 0 0.9658928 0.2589423 0 0.7932965 0.6088357 0 0.7932968 0.6088352 0 -0.7933399 0.608779 0 -0.6087304 0.7933771 0 -0.6087724 -0.7933449 0 -0.7933448 -0.6087726 0 -0.7933424 -0.6087758 0 -0.6087556 -0.7933579 0 -0.2588323 -0.9659223 0 0.9759667 0.2179197 0 0.9545771 -0.297964 0 0.8021407 0.5971351 0 0.975965 0.2179272 0 -0.597348 -0.8019821 0 -0.8021766 -0.597087 0 -0.8021804 -0.5970818 0 0.6088058 0.7933193 0 -0.9759929 -0.2178025 0 -0.9545638 0.2980067 0 -0.9759956 -0.2177909 0 -0.7852608 0.6191653 0 -0.619184 0.7852459 0 -0.6191884 0.7852425 0 -0.965928 -0.2588109 0 -0.965928 -0.2588108 0 0.5972143 0.8020818 0 0.8021368 0.5971403 0 0.2587733 0.9659382 0 0.6088055 0.7933195 0 -0.7933506 -0.6087652 0 -0.7933467 -0.6087701 0 0.7932335 -0.6089175 0 0.9658725 -0.2590182 0 0.9658738 -0.2590131 0 0.258769 0.9659392 0 -0.7852573 0.6191696 0 -0.9545628 0.29801 0 0.9658937 0.2589392 0 -0.7933384 0.6087809 0 -0.7071096 0.707104 0 0.683577 0 0.7298786 0.980773 -0.1951522 0 0.670479 -0.1334097 0.7298355 0.9238972 -0.3826409 0 0.6316057 -0.2615848 0.7298272 0.5154064 -0.4674393 0.7182317 0.7613242 -0.6483713 0 0.5513639 -0.469564 0.6895705 0.568211 -0.3798937 0.7299432 0.7407335 -0.6717991 0 0.670478 0.1334117 0.7298361 1 -1.34467e-6 0 0.4674055 0.5154157 0.718247 0.740731 0.6718018 0 0.5153998 0.4674395 0.7182363 0.8313151 -0.5558015 0 0.379913 0.5682387 0.7299115 0.6717625 0.7407667 0 -0.4695563 0.5513964 0.6895498 -0.6717652 0.7407642 0 -0.4674063 0.5154169 0.7182457 0.2616086 0.631567 0.7298521 0.5558029 0.8313141 0 0.1333644 0.6704733 0.729849 0.3826907 0.9238766 0 0.8916819 -0.4526625 0 0.65886 -0.334475 0.6738175 -6.51971e-6 0.6836161 0.7298418 0.1950899 0.9807854 0 0.9877008 -0.1563562 0 0.7300494 -0.1155748 0.6735506 -0.1333719 0.6704743 0.7298467 -8.45994e-6 1 0 0.7433103 0 0.6689468 -0.2616051 0.6315706 0.7298502 -0.1950979 0.9807838 0 -0.3799119 0.5682352 0.7299149 -0.3826823 0.9238801 0 -0.5558011 0.8313153 0 -0.3344887 0.658844 0.6738263 -0.6483452 0.7613465 0 0.8313159 0.5558004 0 0.5682103 0.3798946 0.7299433 -0.1156194 0.7300548 0.6735371 -0.4526984 0.8916638 0 0.9238967 0.382642 0 0.6316052 0.2615872 0.7298268 0 0.7432199 0.6690472 -0.1564286 0.9876893 0 0.9807729 0.1951529 0 1.60611e-7 0 1 0 0 1 -2.94137e-6 0 1 2.60354e-6 0 1 0 0 1 0 0 1 0 0 1 2.50996e-6 0 1 0 0 1 0 0 1 1.62358e-6 0 1 -1.84919e-6 0 1 2.17009e-7 0 1 0 0 1 3.01084e-6 0 1 -2.99018e-6 0 1 -1.6276e-7 0 1 -0.9250953 0.3797353 0 -0.5645951 0.4603809 0.6850415 -0.7750064 0.6319535 0 0.3798683 0.9250407 0 0.4603452 0.5645852 0.6850737 0.631927 0.7750279 0 3.36363e-6 -1 0 -0.283219 -0.6897655 0.6663411 -0.3798215 -0.9250599 0 -0.631964 -0.7749977 0 -0.5645304 -0.4604499 0.6850485 -0.7749186 -0.6320611 0 3.48068e-5 1 0 0.2832539 0.6897487 0.6663437 0.3798202 -0.9250605 0 -5.13176e-6 -0.7462009 0.6657209 0.7750129 -0.6319455 0 0.4604034 -0.5645811 0.6850379 0.6319802 -0.7749845 0 -0.3798376 0.9250532 0 3.30138e-5 0.7462045 0.6657169 0.2832061 -0.6897695 0.6663426 0.5645272 0.4604812 0.6850301 0.774898 0.6320863 0 -0.6320011 0.7749675 0 -0.2832208 0.68977 0.6663359 0.6897913 0.2832038 0.6663209 0.9250642 0.3798108 0 -0.4604121 0.564566 0.6850445 -0.6897853 -0.283229 0.6663165 -0.9250524 -0.3798397 0 0.7461793 -3.02404e-6 0.6657451 1 5.74535e-6 0 -0.7461796 1.89814e-6 0.6657447 -1 -2.06262e-6 0 0.6897993 -0.2831442 0.666338 0.9251011 -0.3797209 0 -0.6897962 0.2831538 0.6663371 0.5645995 -0.4603767 0.6850407 -0.4603829 -0.5645751 0.6850566 -2.98882e-6 0 1 7.4791e-7 0 1 4.44436e-6 0 1 -1.96904e-6 0 1 2.73876e-6 0 1 3.59883e-7 0 1 -2.98363e-6 0 1 2.7387e-6 0 1 0 0 1 1.33178e-6 0 1 1.52573e-6 0 1 -2.98981e-6 0 1 3.59893e-7 0 1 -7.4789e-7 0 1 -1.50573e-6 0 1 1.91587e-5 0 1 0 0 1 -9.46808e-6 0 1 1.7034e-5 0 1 -3.09642e-7 0 1 1.71092e-5 0 1 -2.102e-6 0 1 0 0 1 -5.99825e-7 0 1 6.59457e-7 0 1 -1.05625e-5 0 1 -1.9216e-7 0 1 5.37537e-6 0 1 -1.32146e-6 0 1 4.45212e-6 0 1 -1.05596e-5 0 1 -2.40803e-7 0 1 1.70294e-5 0 1 3.44049e-7 0 1 1.71086e-5 0 1 -3.98568e-6 0 1 -2.13537e-6 0 1 -0.6087518 -0.7933609 0 0.7071136 -0.7071 0</float_array>
          <technique_common>
            <accessor source="#Plane_017-mesh-normals-array" count="961" stride="3">
              <param name="X" type="float"/>
              <param name="Y" type="float"/>
              <param name="Z" type="float"/>
            </accessor>
          </technique_common>
        </source>
        <source id="Plane_017-mesh-map-0">
          <float_array id="Plane_017-mesh-map-0-array" count="8002">0.1708362 0.3394525 0.352636 0.3281048 0.352636 0.3394525 0.1708362 0.3281209 0.352636 0.3394685 0.1708362 0.3394685 0.1708364 0.33946 0.3526362 0.3281123 0.3526362 0.33946 0.1708362 0.3280934 0.352636 0.339441 0.1708361 0.339441 0.8570433 0.8497008 0.2056884 0.8291842 0.8570433 0.8291841 0.8570433 0.8293403 0.2056884 0.8498542 0.2056884 0.8293403 0.2056882 0.849698 0.8570432 0.8291816 0.8570432 0.849698 0.2056882 0.8498544 0.8570432 0.8293406 0.8570432 0.8498544 0.1708362 0.3394525 0.352636 0.3281048 0.352636 0.3394525 0.1708362 0.3281209 0.352636 0.3394685 0.1708362 0.3394685 0.1708364 0.33946 0.3526362 0.3281123 0.3526362 0.33946 0.1708362 0.3280934 0.352636 0.339441 0.1708361 0.339441 0.2062823 0.829737 0.2245112 0.8479622 0.2062823 0.8479681 0.8570433 0.8497008 0.2056884 0.8291842 0.8570433 0.8291841 0.8570433 0.8293403 0.2056884 0.8498542 0.2056884 0.8293403 0.2056882 0.849698 0.8570432 0.8291816 0.8570432 0.849698 0.2056882 0.8498544 0.8570432 0.8293406 0.8570432 0.8498544 0.2062823 0.829737 0.2245112 0.8479622 0.2062823 0.8479681 0.1708362 0.3394525 0.352636 0.3281048 0.352636 0.3394525 0.1708362 0.3281209 0.352636 0.3394685 0.1708362 0.3394685 0.1708364 0.33946 0.3526362 0.3281123 0.3526362 0.33946 0.1708362 0.3280934 0.352636 0.339441 0.1708361 0.339441 0.8570433 0.8497008 0.2056884 0.8291842 0.8570433 0.8291841 0.8570433 0.8293403 0.2056884 0.8498542 0.2056884 0.8293403 0.2056882 0.849698 0.8570432 0.8291816 0.8570432 0.849698 0.2056882 0.8498544 0.8570432 0.8293406 0.8570432 0.8498544 0.1708362 0.3394525 0.352636 0.3281048 0.352636 0.3394525 0.1708362 0.3281209 0.352636 0.3394685 0.1708362 0.3394685 0.1708364 0.33946 0.3526362 0.3281123 0.3526362 0.33946 0.1708362 0.3280934 0.352636 0.339441 0.1708361 0.339441 0.2062823 0.829737 0.2245112 0.8479622 0.2062823 0.8479681 0.8570433 0.8497008 0.2056884 0.8291842 0.8570433 0.8291841 0.8570433 0.8293403 0.2056884 0.8498542 0.2056884 0.8293403 0.2056882 0.849698 0.8570432 0.8291816 0.8570432 0.849698 0.2056882 0.8498544 0.8570432 0.8293406 0.8570432 0.8498544 0.2062823 0.829737 0.2245112 0.8479622 0.2062823 0.8479681 0.1708362 0.3394525 0.352636 0.3281048 0.352636 0.3394525 0.1708362 0.3281209 0.352636 0.3394685 0.1708362 0.3394685 0.1708364 0.33946 0.3526362 0.3281123 0.3526362 0.33946 0.1708362 0.3280934 0.352636 0.339441 0.1708361 0.339441 0.8570433 0.8497008 0.2056884 0.8291842 0.8570433 0.8291841 0.8570433 0.8293403 0.2056884 0.8498542 0.2056884 0.8293403 0.2056882 0.849698 0.8570432 0.8291816 0.8570432 0.849698 0.2056882 0.8498544 0.8570432 0.8293406 0.8570432 0.8498544 0.1708362 0.3394525 0.352636 0.3281048 0.352636 0.3394525 0.1708362 0.3281209 0.352636 0.3394685 0.1708362 0.3394685 0.1708364 0.33946 0.3526362 0.3281123 0.3526362 0.33946 0.1708362 0.3280934 0.352636 0.339441 0.1708361 0.339441 0.2062823 0.829737 0.2245112 0.8479622 0.2062823 0.8479681 0.8570433 0.8497008 0.2056884 0.8291842 0.8570433 0.8291841 0.8570433 0.8293403 0.2056884 0.8498542 0.2056884 0.8293403 0.2056882 0.849698 0.8570432 0.8291816 0.8570432 0.849698 0.2056882 0.8498544 0.8570432 0.8293406 0.8570432 0.8498544 0.2062823 0.829737 0.2245112 0.8479622 0.2062823 0.8479681 0.1708362 0.3394525 0.352636 0.3281048 0.352636 0.3394525 0.1708362 0.3281209 0.352636 0.3394685 0.1708362 0.3394685 0.1708364 0.33946 0.3526362 0.3281123 0.3526362 0.33946 0.1708362 0.3280934 0.352636 0.339441 0.1708361 0.339441 0.8570433 0.8497008 0.2056884 0.8291842 0.8570433 0.8291841 0.8570433 0.8293403 0.2056884 0.8498542 0.2056884 0.8293403 0.2056882 0.849698 0.8570432 0.8291816 0.8570432 0.849698 0.2056882 0.8498544 0.8570432 0.8293406 0.8570432 0.8498544 0.1708362 0.3394525 0.352636 0.3281048 0.352636 0.3394525 0.1708362 0.3281209 0.352636 0.3394685 0.1708362 0.3394685 0.1708364 0.33946 0.3526362 0.3281123 0.3526362 0.33946 0.1708362 0.3280934 0.352636 0.339441 0.1708361 0.339441 0.2062823 0.829737 0.2245112 0.8479622 0.2062823 0.8479681 0.8570433 0.8497008 0.2056884 0.8291842 0.8570433 0.8291841 0.8570433 0.8293403 0.2056884 0.8498542 0.2056884 0.8293403 0.2056882 0.849698 0.8570432 0.8291816 0.8570432 0.849698 0.2056882 0.8498544 0.8570432 0.8293406 0.8570432 0.8498544 0.2062823 0.829737 0.2245112 0.8479622 0.2062823 0.8479681 0.4003481 0.8518029 0.1998012 0.8926415 0.1998012 0.8518034 0.6260114 0.8926411 0.4254645 0.8518029 0.6260114 0.8518029 0.4003481 0.8518029 0.4254645 0.8926411 0.4003481 0.8926415 0.2999507 0.849718 0.4619762 0.8294258 0.4619762 0.8497181 0.4003481 0.8518029 0.4254645 0.8926411 0.4003481 0.8926415 0.4619765 0.8294237 0.2999507 0.8497158 0.2999507 0.8294237 0.5924619 0.7010785 0.6471163 0.6338778 0.6471163 0.7010785 0.2140702 0.7010785 0.2728254 0.6338767 0.2728254 0.7010785 0.3788145 0.7010785 0.4909789 0.6338778 0.4909789 0.7010785 0.4254645 0.8926411 0.4003481 0.8518029 0.4003481 0.8926415 0.430491 0.2962797 0.5426554 0.229079 0.5426554 0.2962797 -0.4578884 0.9613283 0.8884341 0.973078 -0.458085 0.973078 -0.4582815 0.9848276 0.8880409 0.9965772 -0.458478 0.9965773 -0.4569057 0.90258 0.8894166 0.9143297 -0.4571021 0.9143297 -0.4572987 0.9260793 0.8890236 0.937829 -0.4574953 0.937829 -0.4576919 0.9495787 0.8886307 0.9613283 -0.4578884 0.9613283 -0.458085 0.973078 0.8882375 0.9848276 -0.4582815 0.9848276 -0.4571021 0.9143297 0.8892203 0.9260793 -0.4572987 0.9260793 -0.4574953 0.937829 0.8888272 0.9495787 -0.4576919 0.9495787 0 0 0 0 0 0 0 0 0 0 0 0 0 0 0 0 0 0 0 0 0 0 0 0 0 0 0 0 0 0 0 0 0 0 0 0 0 0 0 0 0 0 0 0 0 0 0 0 0 0 0 0 0 0 0 0 0 0 0 0 0 0 0 0 0 0 0 0 0 0 0 0 0 0 0 0 0 0 0 0 0 0 0 0 0 0 0 0 0 0 0 0 0 0 0 0 0 0 0 0 0 0 0 0 0 0 0 0 0 0 0 0 0 0 0 0 0 0 0 0 0 0 0 0 0 0 0 0 0 0 0 0 0 0 0 0 0 0 0 0 0 0 0 0 0 0 0 0 0 0 0 0 0 0 0 0 0 0 0 0 0 0 0 0 0 0 0 0 0 0 0 0 0 0 0 0 0 0 0 0 0 0 0 0 0 0 0 0 0 0 0 0 0 0 0 0 0 0 0 0 0 0 0 0 0 0 0 0 0 0 0 0 0 0 0 0 0 0 0 0 0 0 0 0 0 0 0 0 0 0 0 0 0 0 0 0 0 0 0 0 0 0 0 0 0 0 0 0 0 0 0 0 0 0 0 0 0 0 0 0 0 0 0 0 0 0 0 0 0 0 0 0 0 0 0 0 0 0 0 0 0 0 0 0 0 0 0 0 2.58385e-05 1.001131 0.05399113 0.9343644 0.05399113 1.001131 0.2773448 1.001131 0.3095493 0.9343645 0.3095493 1.001131 0.6904506 0.9343644 0.7226548 1.001131 0.6904506 1.001131 0.6051725 0.9343645 0.6512131 1.001131 0.6051725 1.001131 0.9460088 0.9343643 0.9999741 1.001131 0.9460088 1.001131 0.2500128 1.001131 0.2773448 0.9343645 0.2773448 1.001131 0.6512131 0.9343645 0.6904506 1.001131 0.6512131 1.001131 0.5539651 1.001131 0.6051725 0.9343645 0.6051725 1.001131 0.8948013 0.9343644 0.9460088 1.001131 0.8948014 1.001131 0.2226806 0.9343644 0.2500128 1.001131 0.2226806 1.001131 0.4999998 1.001131 0.5539651 0.9343645 0.5539651 1.001131 0.8487608 1.001131 0.8948013 0.9343644 0.8948014 1.001131 0.1904764 0.9343644 0.2226806 1.001131 0.1904764 1.001131 0.4460344 0.9343645 0.4999998 1.001131 0.4460344 1.001131 0.8095234 0.9343644 0.8487608 1.001131 0.8095234 1.001131 0.151239 1.001131 0.1904764 0.9343644 0.1904764 1.001131 0.3948273 1.001131 0.4460344 0.9343645 0.4460344 1.001131 0.777319 0.9343644 0.8095234 1.001131 0.777319 1.001131 0.1051982 0.9343644 0.151239 1.001131 0.1051982 1.001131 0.3487867 1.001131 0.3948273 0.9343645 0.3948273 1.001131 0.7499869 0.9343644 0.777319 1.001131 0.7499869 1.001131 0.05399113 0.9343644 0.1051982 1.001131 0.05399113 1.001131 0.3095493 0.9343645 0.3487867 1.001131 0.3095493 1.001131 0.7226548 0.9343644 0.7499869 1.001131 0.7226548 1.001131 0.5242773 0.8098661 0.462912 0.8282681 0.462912 0.8098661 0.3592548 0.7780209 0.6067554 0.7255042 0.3592548 0.7255046 0.8134818 0.8282679 0.8748469 0.8098661 0.8748469 0.8282679 0.6067554 0.7255042 0.3592548 0.7780209 0.3592548 0.7255046 0.1737062 0.8282681 0.462912 0.8098661 0.462912 0.8282681 0.8134818 0.8282679 0.5242773 0.8098661 0.8134818 0.8098661 0.1708362 0.3394525 0.1708362 0.3281048 0.352636 0.3281048 0.1708362 0.3281209 0.352636 0.3281208 0.352636 0.3394685 0.1708364 0.33946 0.1708363 0.3281123 0.3526362 0.3281123 0.1708362 0.3280934 0.352636 0.3280934 0.352636 0.339441 0.8570433 0.8497008 0.2056884 0.8497008 0.2056884 0.8291842 0.8570433 0.8293403 0.8570433 0.8498542 0.2056884 0.8498542 0.2056882 0.849698 0.2056882 0.8291816 0.8570432 0.8291816 0.2056882 0.8498544 0.2056882 0.8293407 0.8570432 0.8293406 0.1708362 0.3394525 0.1708362 0.3281048 0.352636 0.3281048 0.1708362 0.3281209 0.352636 0.3281208 0.352636 0.3394685 0.1708364 0.33946 0.1708363 0.3281123 0.3526362 0.3281123 0.1708362 0.3280934 0.352636 0.3280934 0.352636 0.339441 0.2062823 0.829737 0.2245112 0.8297311 0.2245112 0.8479622 0.8570433 0.8497008 0.2056884 0.8497008 0.2056884 0.8291842 0.8570433 0.8293403 0.8570433 0.8498542 0.2056884 0.8498542 0.2056882 0.849698 0.2056882 0.8291816 0.8570432 0.8291816 0.2056882 0.8498544 0.2056882 0.8293407 0.8570432 0.8293406 0.2062823 0.829737 0.2245112 0.8297311 0.2245112 0.8479622 0.1708362 0.3394525 0.1708362 0.3281048 0.352636 0.3281048 0.1708362 0.3281209 0.352636 0.3281208 0.352636 0.3394685 0.1708364 0.33946 0.1708363 0.3281123 0.3526362 0.3281123 0.1708362 0.3280934 0.352636 0.3280934 0.352636 0.339441 0.8570433 0.8497008 0.2056884 0.8497008 0.2056884 0.8291842 0.8570433 0.8293403 0.8570433 0.8498542 0.2056884 0.8498542 0.2056882 0.849698 0.2056882 0.8291816 0.8570432 0.8291816 0.2056882 0.8498544 0.2056882 0.8293407 0.8570432 0.8293406 0.1708362 0.3394525 0.1708362 0.3281048 0.352636 0.3281048 0.1708362 0.3281209 0.352636 0.3281208 0.352636 0.3394685 0.1708364 0.33946 0.1708363 0.3281123 0.3526362 0.3281123 0.1708362 0.3280934 0.352636 0.3280934 0.352636 0.339441 0.2062823 0.829737 0.2245112 0.8297311 0.2245112 0.8479622 0.8570433 0.8497008 0.2056884 0.8497008 0.2056884 0.8291842 0.8570433 0.8293403 0.8570433 0.8498542 0.2056884 0.8498542 0.2056882 0.849698 0.2056882 0.8291816 0.8570432 0.8291816 0.2056882 0.8498544 0.2056882 0.8293407 0.8570432 0.8293406 0.2062823 0.829737 0.2245112 0.8297311 0.2245112 0.8479622 0.1708362 0.3394525 0.1708362 0.3281048 0.352636 0.3281048 0.1708362 0.3281209 0.352636 0.3281208 0.352636 0.3394685 0.1708364 0.33946 0.1708363 0.3281123 0.3526362 0.3281123 0.1708362 0.3280934 0.352636 0.3280934 0.352636 0.339441 0.8570433 0.8497008 0.2056884 0.8497008 0.2056884 0.8291842 0.8570433 0.8293403 0.8570433 0.8498542 0.2056884 0.8498542 0.2056882 0.849698 0.2056882 0.8291816 0.8570432 0.8291816 0.2056882 0.8498544 0.2056882 0.8293407 0.8570432 0.8293406 0.1708362 0.3394525 0.1708362 0.3281048 0.352636 0.3281048 0.1708362 0.3281209 0.352636 0.3281208 0.352636 0.3394685 0.1708364 0.33946 0.1708363 0.3281123 0.3526362 0.3281123 0.1708362 0.3280934 0.352636 0.3280934 0.352636 0.339441 0.2062823 0.829737 0.2245112 0.8297311 0.2245112 0.8479622 0.8570433 0.8497008 0.2056884 0.8497008 0.2056884 0.8291842 0.8570433 0.8293403 0.8570433 0.8498542 0.2056884 0.8498542 0.2056882 0.849698 0.2056882 0.8291816 0.8570432 0.8291816 0.2056882 0.8498544 0.2056882 0.8293407 0.8570432 0.8293406 0.2062823 0.829737 0.2245112 0.8297311 0.2245112 0.8479622 0.1708362 0.3394525 0.1708362 0.3281048 0.352636 0.3281048 0.1708362 0.3281209 0.352636 0.3281208 0.352636 0.3394685 0.1708364 0.33946 0.1708363 0.3281123 0.3526362 0.3281123 0.1708362 0.3280934 0.352636 0.3280934 0.352636 0.339441 0.8570433 0.8497008 0.2056884 0.8497008 0.2056884 0.8291842 0.8570433 0.8293403 0.8570433 0.8498542 0.2056884 0.8498542 0.2056882 0.849698 0.2056882 0.8291816 0.8570432 0.8291816 0.2056882 0.8498544 0.2056882 0.8293407 0.8570432 0.8293406 0.1708362 0.3394525 0.1708362 0.3281048 0.352636 0.3281048 0.1708362 0.3281209 0.352636 0.3281208 0.352636 0.3394685 0.1708364 0.33946 0.1708363 0.3281123 0.3526362 0.3281123 0.1708362 0.3280934 0.352636 0.3280934 0.352636 0.339441 0.2062823 0.829737 0.2245112 0.8297311 0.2245112 0.8479622 0.8570433 0.8497008 0.2056884 0.8497008 0.2056884 0.8291842 0.8570433 0.8293403 0.8570433 0.8498542 0.2056884 0.8498542 0.2056882 0.849698 0.2056882 0.8291816 0.8570432 0.8291816 0.2056882 0.8498544 0.2056882 0.8293407 0.8570432 0.8293406 0.2062823 0.829737 0.2245112 0.8297311 0.2245112 0.8479622 0.4003481 0.8518029 0.4003481 0.8926415 0.1998012 0.8926415 0.6260114 0.8926411 0.4254645 0.8926411 0.4254645 0.8518029 0.4003481 0.8518029 0.4254645 0.8518029 0.4254645 0.8926411 0.2999507 0.849718 0.2999507 0.8294258 0.4619762 0.8294258 0.4003481 0.8518029 0.4254645 0.8518029 0.4254645 0.8926411 0.4619765 0.8294237 0.4619765 0.8497158 0.2999507 0.8497158 0.5924619 0.7010785 0.5924619 0.6338778 0.6471163 0.6338778 0.2140702 0.7010785 0.2140704 0.6338773 0.2728254 0.6338767 0.3788145 0.7010785 0.3788145 0.6338767 0.4909789 0.6338778 0.4254645 0.8926411 0.4254645 0.8518029 0.4003481 0.8518029 0.430491 0.2962797 0.430491 0.2290779 0.5426554 0.229079 -0.4578884 0.9613283 0.8886307 0.9613283 0.8884341 0.973078 -0.4582815 0.9848276 0.8882375 0.9848276 0.8880409 0.9965772 -0.4569057 0.90258 0.8896133 0.90258 0.8894166 0.9143297 -0.4572987 0.9260793 0.8892203 0.9260793 0.8890236 0.937829 -0.4576919 0.9495787 0.8888272 0.9495787 0.8886307 0.9613283 -0.458085 0.973078 0.8884341 0.973078 0.8882375 0.9848276 -0.4571021 0.9143297 0.8894166 0.9143297 0.8892203 0.9260793 -0.4574953 0.937829 0.8890236 0.937829 0.8888272 0.9495787 0 0 0 0 0 0 0 0 0 0 0 0 0 0 0 0 0 0 0 0 0 0 0 0 0 0 0 0 0 0 0 0 0 0 0 0 0 0 0 0 0 0 0 0 0 0 0 0 0 0 0 0 0 0 0 0 0 0 0 0 0 0 0 0 0 0 0 0 0 0 0 0 0 0 0 0 0 0 0 0 0 0 0 0 0 0 0 0 0 0 0 0 0 0 0 0 0 0 0 0 0 0 0 0 0 0 0 0 0 0 0 0 0 0 0 0 0 0 0 0 0 0 0 0 0 0 0 0 0 0 0 0 0 0 0 0 0 0 0 0 0 0 0 0 0 0 0 0 0 0 0 0 0 0 0 0 0 0 0 0 0 0 0 0 0 0 0 0 0 0 0 0 0 0 0 0 0 0 0 0 0 0 0 0 0 0 0 0 0 0 0 0 0 0 0 0 0 0 0 0 0 0 0 0 0 0 0 0 0 0 0 0 0 0 0 0 0 0 0 0 0 0 0 0 0 0 0 0 0 0 0 0 0 0 0 0 0 0 0 0 0 0 0 0 0 0 0 0 0 0 0 0 0 0 0 0 0 0 0 0 0 0 0 0 0 0 0 0 0 0 0 0 0 0 0 0 0 0 0 0 0 0 0 0 0 0 0 0 2.58385e-05 1.001131 2.58385e-05 0.9343644 0.05399113 0.9343644 0.2773448 1.001131 0.2773448 0.9343645 0.3095493 0.9343645 0.6904506 0.9343644 0.7226548 0.9343644 0.7226548 1.001131 0.6051725 0.9343645 0.6512131 0.9343645 0.6512131 1.001131 0.9460088 0.9343643 0.9999741 0.9343643 0.9999741 1.001131 0.2500128 1.001131 0.2500128 0.9343644 0.2773448 0.9343645 0.6512131 0.9343645 0.6904506 0.9343644 0.6904506 1.001131 0.5539651 1.001131 0.5539651 0.9343645 0.6051725 0.9343645 0.8948013 0.9343644 0.9460088 0.9343643 0.9460088 1.001131 0.2226806 0.9343644 0.2500128 0.9343644 0.2500128 1.001131 0.4999998 1.001131 0.4999998 0.9343645 0.5539651 0.9343645 0.8487608 1.001131 0.8487608 0.9343644 0.8948013 0.9343644 0.1904764 0.9343644 0.2226806 0.9343644 0.2226806 1.001131 0.4460344 0.9343645 0.4999998 0.9343645 0.4999998 1.001131 0.8095234 0.9343644 0.8487608 0.9343644 0.8487608 1.001131 0.151239 1.001131 0.151239 0.9343644 0.1904764 0.9343644 0.3948273 1.001131 0.3948273 0.9343645 0.4460344 0.9343645 0.777319 0.9343644 0.8095234 0.9343644 0.8095234 1.001131 0.1051982 0.9343644 0.151239 0.9343644 0.151239 1.001131 0.3487867 1.001131 0.3487867 0.9343645 0.3948273 0.9343645 0.7499869 0.9343644 0.777319 0.9343644 0.777319 1.001131 0.05399113 0.9343644 0.1051982 0.9343644 0.1051982 1.001131 0.3095493 0.9343645 0.3487867 0.9343645 0.3487867 1.001131 0.7226548 0.9343644 0.7499869 0.9343644 0.7499869 1.001131 0.5242773 0.8098661 0.5242773 0.8282681 0.462912 0.8282681 0.3592548 0.7780209 0.6067554 0.7780209 0.6067554 0.7255042 0.8134818 0.8282679 0.8134818 0.8098661 0.8748469 0.8098661 0.6067554 0.7255042 0.6067554 0.7780209 0.3592548 0.7780209 0.1737062 0.8282681 0.1737062 0.8098661 0.462912 0.8098661 0.8134818 0.8282679 0.5242773 0.8282681 0.5242773 0.8098661 0.6319245 -5.64893 0.6319172 6.655486 0.5004886 5.332843 0.2498175 0.5006311 0.2498238 1.000002 0.1430559 0.7141796 -0.08654475 -5.500304 -4.949941 -5.50038 -5.095737 -5.648962 -4.949941 -5.50038 -5.005632 -5.518022 -5.055868 -5.569224 -5.095737 -5.648962 -4.949941 -5.50038 -5.055868 -5.569224 0.6319172 6.655486 -5.095634 6.655484 -0.08654808 6.506913 -5.095634 6.655484 -5.095704 6.645466 -0.08654808 6.506913 -5.095704 6.645466 -5.055795 6.565809 -5.005534 6.514719 -5.005534 6.514719 -4.949833 6.497179 -5.095704 6.645466 -4.949833 6.497179 -0.08654808 6.506913 -5.095704 6.645466 -5.095737 -5.648962 0.6319245 -5.64893 -0.08654475 -5.500304 0.6319172 6.655486 -0.08654808 6.506913 0.02797877 6.484343 0.02798396 -5.477751 -0.08654475 -5.500304 0.6319245 -5.64893 0.1381025 -5.410927 0.02798396 -5.477751 0.6319245 -5.64893 0.6319172 6.655486 0.02797877 6.484343 0.138101 6.417535 0.6319172 6.655486 0.138101 6.417535 0.2395866 6.309048 0.2395925 -5.302431 0.1381025 -5.410927 0.6319245 -5.64893 0.3285553 -5.156432 0.2395925 -5.302431 0.6319245 -5.64893 0.6319172 6.655486 0.2395866 6.309048 0.328548 6.163033 0.6319172 6.655486 0.328548 6.163033 0.4015563 5.985113 0.4015552 -4.978505 0.3285553 -5.156432 0.6319245 -5.64893 0.4558027 -4.775524 0.4015552 -4.978505 0.6319245 -5.64893 0.6319172 6.655486 0.4015563 5.985113 0.4557998 5.782142 0.6319172 6.655486 0.4557998 5.782142 0.4892037 5.561897 0.489214 -4.555289 0.4558027 -4.775524 0.6319245 -5.64893 0.5004898 -4.326233 0.489214 -4.555289 0.6319245 -5.64893 0.6319172 6.655486 0.4892037 5.561897 0.5004886 5.332843 0.5004886 5.332843 0.5004898 -4.326233 0.6319245 -5.64893 4.377901 0.7864528 4.369788 0.8681926 4.271141 0.999976 4.369788 0.8681926 4.346644 0.9374721 4.311998 0.9837346 4.271141 0.999976 4.369788 0.8681926 4.311998 0.9837346 4.271141 0.999976 0.2498238 1.000002 0.2498175 0.5006311 0.2498238 1.000002 0.2089666 0.9837356 0.1511703 0.8681678 0.2089666 0.9837356 0.1743142 0.9374731 0.1511703 0.8681678 0.1511703 0.8681678 0.1430495 0.786428 0.2498238 1.000002 0.1430495 0.786428 0.1430559 0.7141796 0.2498238 1.000002 0.1430559 0.7141796 0.1511827 0.6324651 0.2498175 0.5006311 0.1511827 0.6324651 0.1743268 0.5631856 0.2089666 0.5168979 0.2498175 0.5006311 0.1511827 0.6324651 0.2089666 0.5168979 0.2498175 0.5006311 4.271141 0.5006553 4.271141 0.999976 4.271141 0.5006553 4.311992 0.5168716 4.37791 0.7141786 4.271141 0.999976 4.271141 0.5006553 4.377901 0.7864528 4.311992 0.5168716 4.346638 0.5631594 4.369782 0.6324646 4.369782 0.6324646 4.37791 0.7141786 4.311992 0.5168716 4.37791 0.7141786 4.377901 0.7864528 4.271141 0.5006553 3.773904 0.4756365 3.729485 0.3982799 3.773903 0.3982788 4.126284 0.5622248 4.037837 0.4848671 4.126284 0.4848671 3.729485 0.4756365 3.700079 0.3982795 3.729485 0.3982799 3.655654 0.4756365 3.506597 0.3982788 3.655654 0.3982766 3.700079 0.4756329 3.655654 0.3982766 3.700079 0.3982795 3.506597 0.4756365 3.46216 0.3982788 3.506597 0.3982788 3.38838 0.4756365 -0.9488387 0.3982878 3.38838 0.3982788 8.155538 0.4756329 8.111125 0.3982754 8.155538 0.3982752 8.378405 0.4756353 8.229331 0.3982754 8.378405 0.3982754 8.184919 0.4756304 8.155538 0.3982752 8.184919 0.3982749 3.43278 0.4756365 3.38838 0.3982788 3.43278 0.3982788 8.111124 0.4756353 3.773903 0.3982788 8.111125 0.3982754 -0.02324539 0.5386571 -0.1351934 0.6527528 -0.113581 0.3300027 8.45221 0.4756353 8.42283 0.3982749 8.45221 0.3982754 3.46216 0.4756365 3.43278 0.3982788 3.46216 0.3982788 -0.002585053 1.526633 0.02592647 1.97441 -0.05474257 1.888011 3.680402 0.1289336 3.640311 0.05157589 3.680402 0.05157589 -0.6971806 0.3024469 -0.7850377 0.2250881 -0.6971806 0.2250881 3.64031 0.1289336 3.612402 0.05157357 3.640311 0.05157589 3.568274 0.1289312 3.419217 0.0515697 3.568274 0.05157357 3.612402 0.1289312 3.568274 0.05157357 3.612402 0.05157357 3.419217 0.1289263 3.375074 0.05156749 3.419217 0.0515697 3.307121 0.128924 -0.5755796 0.0514568 3.307121 0.0515663 -0.908753 0.1288059 -0.9488387 0.05144608 -0.908753 0.05144798 -0.6876799 0.1288114 -0.8367562 0.05144977 -0.6876799 0.05145323 -0.8808686 0.1288078 -0.908753 0.05144798 -0.8808686 0.05144906 3.347196 0.1289252 3.307121 0.0515663 3.347196 0.05156749 7.563102 0.1290425 3.680402 0.05157589 7.563102 0.051687 -0.02336043 0.5383909 -0.1350561 0.652825 -0.1134659 0.3302683 -0.6156707 0.1288132 -0.6435514 0.05145567 -0.6156707 0.05145663 3.375074 0.1289252 3.347196 0.05156749 3.375074 0.05156749 -0.002644896 1.527048 0.02594053 1.973981 -0.05468261 1.887595 -0.9488387 0.1290464 3.388357 0.2065173 -0.9488387 0.2064036 3.729444 0.1291708 3.773858 0.2065284 3.729445 0.2065252 3.506579 0.1291599 3.655653 0.2065244 3.506579 0.2065207 3.700065 0.129166 3.729445 0.2065252 3.700065 0.2065247 -0.9488388 0.3024702 3.417379 0.3798294 -0.9488387 0.3798289 3.773858 0.1291696 8.111055 0.2066398 3.773858 0.2065284 -0.02324551 0.538657 -0.1351934 0.6527528 -0.113581 0.3300024 3.432775 0.1291599 3.462154 0.2065179 3.432775 0.2065176 -0.002585113 1.526633 0.02592647 1.97441 -0.05474215 1.88801 -0.5755796 0.1288151 -0.6156707 0.05145663 -0.5755796 0.0514568 8.231461 0.3024684 4.322741 0.2251009 8.231461 0.2251127 -0.03443866 1.276904 -0.1351934 0.6527529 -0.03443747 0.7057621 4.037762 0.3024696 4.126224 0.3798274 4.037762 0.3798273 0.03917461 0.4108169 4.190607 0.008730709 4.177371 0.4108837 -0.3472333 0.3024469 -0.4312086 0.2250897 -0.3472333 0.2250897 -0.02324348 1.443998 -0.1351934 1.329955 -0.03443866 1.276904 4.126224 0.3024708 8.492432 0.3798258 4.126224 0.3798274 4.251124 1.277051 4.351603 0.6528263 4.351604 1.329983 -0.2674009 0.3024454 -0.3472333 0.2250897 -0.2674009 0.225088 -0.002585053 1.526633 -0.1135812 1.652607 -0.02324348 1.443998 4.037837 0.5622248 3.949353 0.4848671 4.037837 0.4848671 -0.002583622 0.4560244 0.02592647 0.008197605 0.03918886 0.4112468 -0.8367562 0.1288078 -0.8808686 0.05144906 -0.8367562 0.05144977 3.641309 0.3024563 -0.2674009 0.225088 3.641309 0.2250986 4.177362 1.571477 0.02592647 1.97441 0.03918945 1.571399 4.304375 0.5622236 4.126284 0.4848671 4.304375 0.4848669 -0.02324551 0.538657 -0.05474275 0.09469592 -0.002583622 0.4560244 3.805107 0.3024575 3.721157 0.2250987 3.805108 0.2251009 8.496628 0.4756353 8.45221 0.3982754 8.496628 0.3982754 3.860912 0.5622248 -0.5053773 0.4848688 3.860912 0.4848671 -0.03443866 1.276904 -0.1351934 0.6527529 -0.03443723 0.7057623 3.892993 0.3024575 3.805108 0.2251009 3.892993 0.2250987 0.03918886 0.4112468 4.19062 0.008299648 4.177357 0.4113152 4.48133 0.5622236 4.392846 0.4848669 4.48133 0.4848669 -0.02324348 1.443998 -0.1351931 1.329954 -0.03443866 1.276904 4.071064 0.3024587 3.892993 0.2250987 4.071064 0.2250999 4.250988 1.276979 4.351741 0.652754 4.351741 1.330056 4.569779 0.5622236 4.48133 0.4848669 4.569778 0.4848669 -0.002585113 1.526633 -0.113581 1.652606 -0.02324348 1.443998 4.242908 0.3024587 4.158933 0.2250987 4.242908 0.2251009 8.229331 0.4756353 8.184919 0.3982749 8.229331 0.3982754 8.93606 0.5622236 4.569778 0.4848669 8.93606 0.4848659 4.177362 1.571478 0.02592647 1.97441 0.03918945 1.571398 4.322741 0.3024575 4.242908 0.2251009 4.322741 0.2251009 9.112981 0.5622211 9.024524 0.4848659 9.11298 0.4848656 3.388357 0.1291575 3.432775 0.2065176 3.388357 0.2065173 3.462153 0.1291623 3.506579 0.2065207 3.462154 0.2065179 9.201458 0.5622211 9.11298 0.4848656 9.201458 0.4848656 0.03918886 0.4112468 4.190621 0.0083009 4.177357 0.4113143 4.158933 0.3024575 4.071064 0.2250999 4.158933 0.2250987 -0.7707664 0.5622296 -0.9488386 0.4848692 -0.7707664 0.4848692 3.655653 0.1291635 3.700065 0.2065247 3.655653 0.2065244 3.721158 0.3024575 3.641309 0.2250986 3.721157 0.2250987 -0.5938236 0.5622296 -0.6823077 0.4848725 -0.5938236 0.4848692 -0.8690118 0.3024469 -0.9488385 0.2250863 -0.8690118 0.2250881 -0.5053773 0.5622259 -0.5938236 0.4848692 -0.5053773 0.4848688 -0.4312086 0.3024469 -0.5190906 0.225088 -0.4312086 0.2250897 -0.6435514 0.1288123 -0.6876799 0.05145323 -0.6435514 0.05145567 4.239908 1.444337 4.351603 1.329983 4.330013 1.652442 -0.6823084 0.5622296 -0.7707664 0.4848692 -0.6823077 0.4848725 4.219194 1.527119 4.330014 1.652442 4.27123 1.887595 9.024524 0.5622236 8.93606 0.4848659 9.024524 0.4848659 4.219194 1.527119 4.190613 1.974078 4.177376 1.571909 3.949353 0.5622248 3.860912 0.4848671 3.949353 0.4848671 4.239906 0.5384503 4.351603 0.6528263 4.251124 0.7057465 4.392847 0.5622236 4.304375 0.4848669 4.392846 0.4848669 4.219193 0.4556726 4.330013 0.3303689 4.239906 0.5384503 4.239793 1.444071 4.351741 1.330056 4.330128 1.652706 4.219193 0.4556726 4.190607 0.008730649 4.271231 0.09511196 4.239792 1.444071 4.27129 1.88801 4.219134 1.526705 3.949306 0.3024708 4.037762 0.3798273 3.949306 0.3798274 -0.002643465 0.4556097 0.02594083 0.008627653 0.03917467 0.410817 4.219134 1.526705 4.190627 1.97451 4.177362 1.571477 3.860831 0.3024744 3.949306 0.3798274 3.860831 0.37983 -0.002643465 0.4556098 -0.1134659 0.3302683 -0.05468255 0.0951116 4.239791 0.5387157 4.351741 0.6527541 4.250987 0.7058187 3.682762 0.302472 3.860831 0.37983 3.682762 0.3798275 -0.03457546 1.276976 -0.1350561 0.652825 -0.03457427 0.7056902 4.239791 0.5387157 4.27129 0.09469813 4.330128 0.3301035 3.505824 0.3024684 3.594306 0.3798274 3.505823 0.3798272 -0.02335834 1.444262 -0.1350563 1.329883 -0.03457546 1.276976 4.219133 0.4560873 4.19062 0.008299767 4.27129 0.09469813 3.417377 0.3024696 3.505823 0.3798272 3.417379 0.3798294 -0.002644777 1.527048 -0.1134663 1.652342 -0.0233584 1.444262 -0.7850377 0.3024469 -0.8690118 0.2250881 -0.7850377 0.2250881 -0.002583622 0.4560244 0.02592641 0.008196651 0.03918886 0.4112467 4.177376 1.571909 0.02594053 1.973981 0.03917533 1.571828 -0.5190906 0.3024451 -0.6971806 0.2250881 -0.5190906 0.225088 -0.02324539 0.5386571 -0.05474287 0.0946967 -0.002583622 0.4560244 3.594306 0.3024708 3.682762 0.3798275 3.594306 0.3798274 4.330128 1.652706 4.35394 1.331214 4.332101 1.657262 4.330128 1.652706 4.272428 1.8959 4.27129 1.88801 4.271289 1.88801 4.190917 1.983309 4.190627 1.97451 4.330128 0.3301035 4.35394 0.6515955 4.351741 0.6527541 4.330128 0.3301035 4.272428 0.08680927 4.332101 0.3255479 4.27129 0.09469813 4.19091 -0.000499704 4.272428 0.08680927 -0.05474287 0.0946967 0.02563697 -0.000600523 0.02592641 0.008196651 -0.113581 0.3300027 -0.0558812 0.08680927 -0.05474287 0.0946967 -0.113581 0.3300027 -0.1373931 0.6515955 -0.1155533 0.3254471 -0.1135812 1.652607 -0.1373931 1.331113 -0.1351934 1.329955 -0.05474257 1.888011 -0.1155533 1.657161 -0.1135812 1.652607 -0.05474257 1.888011 0.02563697 1.983209 -0.0558812 1.8959 -0.1351934 1.329955 -0.1373931 0.6515955 -0.1351934 0.6527529 4.19091 -0.000499704 0.02592641 0.008196711 0.02563697 -0.000600523 4.35394 0.6515955 4.351741 1.330056 4.351741 0.652754 0.02563697 1.983209 4.190627 1.974509 4.190917 1.983309 4.23782 1.439516 4.250988 1.276979 4.239793 1.444071 4.23782 1.439516 4.219134 1.526705 4.217995 1.518815 4.217995 1.518815 4.177362 1.571477 4.177073 1.562677 4.237818 0.5432729 4.250987 0.7058187 4.248787 0.7069773 4.237818 0.5432729 4.219133 0.4560872 4.239791 0.5387157 4.217995 0.4639708 4.177357 0.4113152 4.219133 0.4560873 -0.001445353 0.4639098 0.03918886 0.4112467 0.03947824 0.4200418 -0.02127242 0.5432143 -0.002583622 0.4560244 -0.001445353 0.4639098 -0.02127242 0.5432143 -0.03443747 0.7057622 -0.02324539 0.5386571 -0.02127116 1.439443 -0.03443866 1.276904 -0.03223842 1.275746 -0.001446127 1.518743 -0.02324348 1.443998 -0.02127116 1.439443 -0.001446127 1.518743 0.03918945 1.571399 -0.002585053 1.526633 -0.03223842 1.275746 -0.03443747 0.7057621 -0.03223723 0.7069197 4.177357 0.4113152 0.03947824 0.4200418 0.03918886 0.4112468 4.250987 0.7058187 4.248788 1.27582 4.248787 0.7069773 0.03918945 1.571399 4.177073 1.562677 4.177362 1.571477 4.330013 1.652442 4.35394 1.331214 4.332101 1.657262 4.27123 1.887595 4.332101 1.657262 4.272428 1.8959 4.27123 1.887595 4.190917 1.983309 4.190613 1.974078 4.330013 0.3303689 4.35394 0.6515955 4.351603 0.6528263 4.27123 0.09511196 4.332101 0.3255479 4.330013 0.3303689 4.271231 0.09511196 4.19091 -0.000499704 4.272428 0.08680927 -0.05468267 0.09511184 0.02563697 -0.000600523 0.02594083 0.008627653 -0.05468255 0.0951116 -0.1155533 0.3254471 -0.0558812 0.08680927 -0.1134659 0.3302683 -0.1373931 0.6515955 -0.1155533 0.3254471 -0.1134663 1.652342 -0.1373931 1.331113 -0.1350563 1.329883 -0.05468261 1.887595 -0.1155533 1.657161 -0.1134663 1.652342 -0.05468261 1.887595 0.02563697 1.983209 -0.0558812 1.8959 -0.1350563 1.329883 -0.1373931 0.6515955 -0.1350561 0.652825 4.19091 -0.000499704 0.02594053 0.008627712 0.02563697 -0.000600523 4.35394 0.6515955 4.351604 1.329983 4.351603 0.6528263 0.02563697 1.983209 4.190613 1.974078 4.190917 1.983309 4.23782 1.439516 4.251124 1.277051 4.239908 1.444337 4.217995 1.518815 4.239908 1.444337 4.219194 1.527119 4.217995 1.518815 4.177376 1.571909 4.177073 1.562677 4.237818 0.5432729 4.251124 0.7057465 4.248787 0.7069773 4.217995 0.4639708 4.239906 0.5384503 4.237818 0.5432729 4.217995 0.4639708 4.177371 0.4108837 4.219193 0.4556726 -0.001445353 0.4639098 0.03917467 0.410817 0.03947824 0.4200418 -0.001445353 0.4639098 -0.02336043 0.5383909 -0.002643465 0.4556098 -0.02127242 0.5432143 -0.03457427 0.7056902 -0.02336043 0.5383909 -0.02127116 1.439443 -0.03457546 1.276976 -0.03223842 1.275746 -0.001446127 1.518743 -0.0233584 1.444262 -0.02127116 1.439443 -0.001446127 1.518743 0.03917533 1.571828 -0.002644896 1.527048 -0.03223842 1.275746 -0.03457427 0.7056902 -0.03223723 0.7069197 4.177371 0.4108837 0.03947824 0.4200418 0.03917461 0.4108169 4.251124 0.7057465 4.248788 1.27582 4.248787 0.7069773 0.03917533 1.571828 4.177073 1.562677 4.177376 1.571909 -0.05474269 0.09469598 0.02563697 -0.000600523 0.02592647 0.008197605 -0.113581 0.3300025 -0.0558812 0.08680927 -0.05474275 0.09469592 -0.113581 0.3300024 -0.1373931 0.6515955 -0.1155533 0.3254471 -0.113581 1.652605 -0.1373931 1.331113 -0.1351931 1.329954 -0.05474215 1.88801 -0.1155533 1.657161 -0.113581 1.652606 -0.05474215 1.88801 0.02563697 1.983209 -0.0558812 1.8959 -0.1351931 1.329954 -0.1373931 0.6515955 -0.1351934 0.6527529 4.19091 -0.000499704 0.02592647 0.008197605 0.02563697 -0.000600523 0.02563697 1.983209 4.190627 1.974509 4.190917 1.983309 -0.001445353 0.4639098 0.03918886 0.4112468 0.03947824 0.4200418 -0.02127242 0.5432143 -0.002583622 0.4560244 -0.001445353 0.4639098 -0.02127242 0.5432143 -0.03443723 0.7057623 -0.02324551 0.538657 -0.02127116 1.439443 -0.03443866 1.276904 -0.03223842 1.275746 -0.001446127 1.518743 -0.02324348 1.443998 -0.02127116 1.439443 -0.001446127 1.518743 0.03918921 1.571398 -0.002585113 1.526633 -0.03223842 1.275746 -0.03443723 0.7057623 -0.03223723 0.7069197 4.177357 0.4113143 0.03947824 0.4200418 0.03918886 0.4112468 4.177362 1.571478 0.03947895 1.5626 4.177073 1.562677 8.42283 0.4756304 8.378405 0.3982754 8.42283 0.3982749 3.773904 0.4756365 3.729485 0.4756365 3.729485 0.3982799 4.126284 0.5622248 4.037837 0.5622248 4.037837 0.4848671 3.729485 0.4756365 3.700079 0.4756329 3.700079 0.3982795 3.655654 0.4756365 3.506597 0.4756365 3.506597 0.3982788 3.700079 0.4756329 3.655654 0.4756365 3.655654 0.3982766 3.506597 0.4756365 3.46216 0.4756365 3.46216 0.3982788 3.38838 0.4756365 -0.9488387 0.4756419 -0.9488387 0.3982878 8.155538 0.4756329 8.111124 0.4756353 8.111125 0.3982754 8.378405 0.4756353 8.229331 0.4756353 8.229331 0.3982754 8.184919 0.4756304 8.155538 0.4756329 8.155538 0.3982752 3.43278 0.4756365 3.38838 0.4756365 3.38838 0.3982788 8.111124 0.4756353 3.773904 0.4756365 3.773903 0.3982788 -0.02324539 0.5386571 -0.03443747 0.7057622 -0.1351934 0.6527528 8.45221 0.4756353 8.42283 0.4756304 8.42283 0.3982749 3.46216 0.4756365 3.43278 0.4756365 3.43278 0.3982788 -0.002585053 1.526633 0.03918945 1.571399 0.02592647 1.97441 3.680402 0.1289336 3.64031 0.1289336 3.640311 0.05157589 -0.6971806 0.3024469 -0.7850377 0.3024469 -0.7850377 0.2250881 3.64031 0.1289336 3.612402 0.1289312 3.612402 0.05157357 3.568274 0.1289312 3.419217 0.1289263 3.419217 0.0515697 3.612402 0.1289312 3.568274 0.1289312 3.568274 0.05157357 3.419217 0.1289263 3.375074 0.1289252 3.375074 0.05156749 3.307121 0.128924 -0.5755796 0.1288151 -0.5755796 0.0514568 -0.908753 0.1288059 -0.9488387 0.1288033 -0.9488387 0.05144608 -0.6876799 0.1288114 -0.8367562 0.1288078 -0.8367562 0.05144977 -0.8808686 0.1288078 -0.908753 0.1288059 -0.908753 0.05144798 3.347196 0.1289252 3.307121 0.128924 3.307121 0.0515663 7.563102 0.1290425 3.680402 0.1289336 3.680402 0.05157589 -0.02336043 0.5383909 -0.03457427 0.7056902 -0.1350561 0.652825 -0.6156707 0.1288132 -0.6435514 0.1288123 -0.6435514 0.05145567 3.375074 0.1289252 3.347196 0.1289252 3.347196 0.05156749 -0.002644896 1.527048 0.03917533 1.571828 0.02594053 1.973981 -0.9488387 0.1290464 3.388357 0.1291575 3.388357 0.2065173 3.729444 0.1291708 3.773858 0.1291696 3.773858 0.2065284 3.506579 0.1291599 3.655653 0.1291635 3.655653 0.2065244 3.700065 0.129166 3.729444 0.1291708 3.729445 0.2065252 -0.9488388 0.3024702 3.417377 0.3024696 3.417379 0.3798294 3.773858 0.1291696 8.111055 0.1292821 8.111055 0.2066398 -0.02324551 0.538657 -0.03443723 0.7057623 -0.1351934 0.6527528 3.432775 0.1291599 3.462153 0.1291623 3.462154 0.2065179 -0.002585113 1.526633 0.03918921 1.571398 0.02592647 1.97441 -0.5755796 0.1288151 -0.6156707 0.1288132 -0.6156707 0.05145663 8.231461 0.3024684 4.322741 0.3024575 4.322741 0.2251009 -0.03443866 1.276904 -0.1351934 1.329955 -0.1351934 0.6527529 4.037762 0.3024696 4.126224 0.3024708 4.126224 0.3798274 0.03917461 0.4108169 0.02594053 0.008627712 4.190607 0.008730709 -0.3472333 0.3024469 -0.4312086 0.3024469 -0.4312086 0.2250897 -0.02324348 1.443998 -0.1135812 1.652607 -0.1351934 1.329955 4.126224 0.3024708 8.492432 0.302466 8.492432 0.3798258 4.251124 1.277051 4.251124 0.7057465 4.351603 0.6528263 -0.2674009 0.3024454 -0.3472333 0.3024469 -0.3472333 0.2250897 -0.002585053 1.526633 -0.05474257 1.888011 -0.1135812 1.652607 4.037837 0.5622248 3.949353 0.5622248 3.949353 0.4848671 -0.002583622 0.4560244 -0.05474269 0.09469598 0.02592647 0.008197605 -0.8367562 0.1288078 -0.8808686 0.1288078 -0.8808686 0.05144906 3.641309 0.3024563 -0.2674009 0.3024454 -0.2674009 0.225088 4.177362 1.571477 4.190627 1.974509 0.02592647 1.97441 4.304375 0.5622236 4.126284 0.5622248 4.126284 0.4848671 -0.02324551 0.538657 -0.113581 0.3300025 -0.05474275 0.09469592 3.805107 0.3024575 3.721158 0.3024575 3.721157 0.2250987 8.496628 0.4756353 8.45221 0.4756353 8.45221 0.3982754 3.860912 0.5622248 -0.5053773 0.5622259 -0.5053773 0.4848688 -0.03443866 1.276904 -0.1351931 1.329954 -0.1351934 0.6527529 3.892993 0.3024575 3.805107 0.3024575 3.805108 0.2251009 0.03918886 0.4112468 0.02592641 0.008196711 4.19062 0.008299648 4.48133 0.5622236 4.392847 0.5622236 4.392846 0.4848669 -0.02324348 1.443998 -0.113581 1.652605 -0.1351931 1.329954 4.071064 0.3024587 3.892993 0.3024575 3.892993 0.2250987 4.250988 1.276979 4.250987 0.7058187 4.351741 0.652754 4.569779 0.5622236 4.48133 0.5622236 4.48133 0.4848669 -0.002585113 1.526633 -0.05474215 1.88801 -0.113581 1.652606 4.242908 0.3024587 4.158933 0.3024575 4.158933 0.2250987 8.229331 0.4756353 8.184919 0.4756304 8.184919 0.3982749 8.93606 0.5622236 4.569779 0.5622236 4.569778 0.4848669 4.177362 1.571478 4.190627 1.974509 0.02592647 1.97441 4.322741 0.3024575 4.242908 0.3024587 4.242908 0.2251009 9.112981 0.5622211 9.024524 0.5622236 9.024524 0.4848659 3.388357 0.1291575 3.432775 0.1291599 3.432775 0.2065176 3.462153 0.1291623 3.506579 0.1291599 3.506579 0.2065207 9.201458 0.5622211 9.112981 0.5622211 9.11298 0.4848656 0.03918886 0.4112468 0.02592647 0.008197605 4.190621 0.0083009 4.158933 0.3024575 4.071064 0.3024587 4.071064 0.2250999 -0.7707664 0.5622296 -0.9488379 0.5622296 -0.9488386 0.4848692 3.655653 0.1291635 3.700065 0.129166 3.700065 0.2065247 3.721158 0.3024575 3.641309 0.3024563 3.641309 0.2250986 -0.5938236 0.5622296 -0.6823084 0.5622296 -0.6823077 0.4848725 -0.8690118 0.3024469 -0.9488385 0.3024451 -0.9488385 0.2250863 -0.5053773 0.5622259 -0.5938236 0.5622296 -0.5938236 0.4848692 -0.4312086 0.3024469 -0.5190906 0.3024451 -0.5190906 0.225088 -0.6435514 0.1288123 -0.6876799 0.1288114 -0.6876799 0.05145323 4.239908 1.444337 4.251124 1.277051 4.351603 1.329983 -0.6823084 0.5622296 -0.7707664 0.5622296 -0.7707664 0.4848692 4.219194 1.527119 4.239908 1.444337 4.330014 1.652442 9.024524 0.5622236 8.93606 0.5622236 8.93606 0.4848659 4.219194 1.527119 4.27123 1.887595 4.190613 1.974078 3.949353 0.5622248 3.860912 0.5622248 3.860912 0.4848671 4.239906 0.5384503 4.330013 0.3303689 4.351603 0.6528263 4.392847 0.5622236 4.304375 0.5622236 4.304375 0.4848669 4.219193 0.4556726 4.27123 0.09511196 4.330013 0.3303689 4.239793 1.444071 4.250988 1.276979 4.351741 1.330056 4.219193 0.4556726 4.177371 0.4108837 4.190607 0.008730649 4.239792 1.444071 4.330128 1.652706 4.27129 1.88801 3.949306 0.3024708 4.037762 0.3024696 4.037762 0.3798273 -0.002643465 0.4556097 -0.05468267 0.09511184 0.02594083 0.008627653 4.219134 1.526705 4.271289 1.88801 4.190627 1.97451 3.860831 0.3024744 3.949306 0.3024708 3.949306 0.3798274 -0.002643465 0.4556098 -0.02336043 0.5383909 -0.1134659 0.3302683 4.239791 0.5387157 4.330128 0.3301035 4.351741 0.6527541 3.682762 0.302472 3.860831 0.3024744 3.860831 0.37983 -0.03457546 1.276976 -0.1350563 1.329883 -0.1350561 0.652825 4.239791 0.5387157 4.219133 0.4560872 4.27129 0.09469813 3.505824 0.3024684 3.594306 0.3024708 3.594306 0.3798274 -0.02335834 1.444262 -0.1134663 1.652342 -0.1350563 1.329883 4.219133 0.4560873 4.177357 0.4113152 4.19062 0.008299767 3.417377 0.3024696 3.505824 0.3024684 3.505823 0.3798272 -0.002644777 1.527048 -0.05468261 1.887595 -0.1134663 1.652342 -0.7850377 0.3024469 -0.8690118 0.3024469 -0.8690118 0.2250881 -0.002583622 0.4560244 -0.05474287 0.0946967 0.02592641 0.008196651 4.177376 1.571909 4.190613 1.974078 0.02594053 1.973981 -0.5190906 0.3024451 -0.6971806 0.3024469 -0.6971806 0.2250881 -0.02324539 0.5386571 -0.113581 0.3300027 -0.05474287 0.0946967 3.594306 0.3024708 3.682762 0.302472 3.682762 0.3798275 4.330128 1.652706 4.351741 1.330056 4.35394 1.331214 4.330128 1.652706 4.332101 1.657262 4.272428 1.8959 4.271289 1.88801 4.272428 1.8959 4.190917 1.983309 4.330128 0.3301035 4.332101 0.3255479 4.35394 0.6515955 4.330128 0.3301035 4.27129 0.09469813 4.272428 0.08680927 4.27129 0.09469813 4.19062 0.008299767 4.19091 -0.000499704 -0.05474287 0.0946967 -0.0558812 0.08680927 0.02563697 -0.000600523 -0.113581 0.3300027 -0.1155533 0.3254471 -0.0558812 0.08680927 -0.113581 0.3300027 -0.1351934 0.6527528 -0.1373931 0.6515955 -0.1135812 1.652607 -0.1155533 1.657161 -0.1373931 1.331113 -0.05474257 1.888011 -0.0558812 1.8959 -0.1155533 1.657161 -0.05474257 1.888011 0.02592647 1.97441 0.02563697 1.983209 -0.1351934 1.329955 -0.1373931 1.331113 -0.1373931 0.6515955 4.19091 -0.000499704 4.19062 0.008299648 0.02592641 0.008196711 4.35394 0.6515955 4.35394 1.331214 4.351741 1.330056 0.02563697 1.983209 0.02592647 1.97441 4.190627 1.974509 4.23782 1.439516 4.248788 1.27582 4.250988 1.276979 4.23782 1.439516 4.239792 1.444071 4.219134 1.526705 4.217995 1.518815 4.219134 1.526705 4.177362 1.571477 4.237818 0.5432729 4.239791 0.5387157 4.250987 0.7058187 4.237818 0.5432729 4.217995 0.4639708 4.219133 0.4560872 4.217995 0.4639708 4.177068 0.4201115 4.177357 0.4113152 -0.001445353 0.4639098 -0.002583622 0.4560244 0.03918886 0.4112467 -0.02127242 0.5432143 -0.02324539 0.5386571 -0.002583622 0.4560244 -0.02127242 0.5432143 -0.03223723 0.7069197 -0.03443747 0.7057622 -0.02127116 1.439443 -0.02324348 1.443998 -0.03443866 1.276904 -0.001446127 1.518743 -0.002585053 1.526633 -0.02324348 1.443998 -0.001446127 1.518743 0.03947895 1.5626 0.03918945 1.571399 -0.03223842 1.275746 -0.03443866 1.276904 -0.03443747 0.7057621 4.177357 0.4113152 4.177068 0.4201115 0.03947824 0.4200418 4.250987 0.7058187 4.250988 1.276979 4.248788 1.27582 0.03918945 1.571399 0.03947895 1.5626 4.177073 1.562677 4.330013 1.652442 4.351603 1.329983 4.35394 1.331214 4.27123 1.887595 4.330014 1.652442 4.332101 1.657262 4.27123 1.887595 4.272428 1.8959 4.190917 1.983309 4.330013 0.3303689 4.332101 0.3255479 4.35394 0.6515955 4.27123 0.09511196 4.272428 0.08680927 4.332101 0.3255479 4.271231 0.09511196 4.190607 0.008730649 4.19091 -0.000499704 -0.05468267 0.09511184 -0.0558812 0.08680927 0.02563697 -0.000600523 -0.05468255 0.0951116 -0.1134659 0.3302683 -0.1155533 0.3254471 -0.1134659 0.3302683 -0.1350561 0.652825 -0.1373931 0.6515955 -0.1134663 1.652342 -0.1155533 1.657161 -0.1373931 1.331113 -0.05468261 1.887595 -0.0558812 1.8959 -0.1155533 1.657161 -0.05468261 1.887595 0.02594053 1.973981 0.02563697 1.983209 -0.1350563 1.329883 -0.1373931 1.331113 -0.1373931 0.6515955 4.19091 -0.000499704 4.190607 0.008730709 0.02594053 0.008627712 4.35394 0.6515955 4.35394 1.331214 4.351604 1.329983 0.02563697 1.983209 0.02594053 1.973981 4.190613 1.974078 4.23782 1.439516 4.248788 1.27582 4.251124 1.277051 4.217995 1.518815 4.23782 1.439516 4.239908 1.444337 4.217995 1.518815 4.219194 1.527119 4.177376 1.571909 4.237818 0.5432729 4.239906 0.5384503 4.251124 0.7057465 4.217995 0.4639708 4.219193 0.4556726 4.239906 0.5384503 4.217995 0.4639708 4.177068 0.4201115 4.177371 0.4108837 -0.001445353 0.4639098 -0.002643465 0.4556097 0.03917467 0.410817 -0.001445353 0.4639098 -0.02127242 0.5432143 -0.02336043 0.5383909 -0.02127242 0.5432143 -0.03223723 0.7069197 -0.03457427 0.7056902 -0.02127116 1.439443 -0.02335834 1.444262 -0.03457546 1.276976 -0.001446127 1.518743 -0.002644777 1.527048 -0.0233584 1.444262 -0.001446127 1.518743 0.03947895 1.5626 0.03917533 1.571828 -0.03223842 1.275746 -0.03457546 1.276976 -0.03457427 0.7056902 4.177371 0.4108837 4.177068 0.4201115 0.03947824 0.4200418 4.251124 0.7057465 4.251124 1.277051 4.248788 1.27582 0.03917533 1.571828 0.03947895 1.5626 4.177073 1.562677 -0.05474269 0.09469598 -0.0558812 0.08680927 0.02563697 -0.000600523 -0.113581 0.3300025 -0.1155533 0.3254471 -0.0558812 0.08680927 -0.113581 0.3300024 -0.1351934 0.6527528 -0.1373931 0.6515955 -0.113581 1.652605 -0.1155533 1.657161 -0.1373931 1.331113 -0.05474215 1.88801 -0.0558812 1.8959 -0.1155533 1.657161 -0.05474215 1.88801 0.02592647 1.97441 0.02563697 1.983209 -0.1351931 1.329954 -0.1373931 1.331113 -0.1373931 0.6515955 4.19091 -0.000499704 4.190621 0.0083009 0.02592647 0.008197605 0.02563697 1.983209 0.02592647 1.97441 4.190627 1.974509 -0.001445353 0.4639098 -0.002583622 0.4560244 0.03918886 0.4112468 -0.02127242 0.5432143 -0.02324551 0.538657 -0.002583622 0.4560244 -0.02127242 0.5432143 -0.03223723 0.7069197 -0.03443723 0.7057623 -0.02127116 1.439443 -0.02324348 1.443998 -0.03443866 1.276904 -0.001446127 1.518743 -0.002585113 1.526633 -0.02324348 1.443998 -0.001446127 1.518743 0.03947895 1.5626 0.03918921 1.571398 -0.03223842 1.275746 -0.03443866 1.276904 -0.03443723 0.7057623 4.177357 0.4113143 4.177068 0.4201115 0.03947824 0.4200418 4.177362 1.571478 0.03918945 1.571398 0.03947895 1.5626 8.42283 0.4756304 8.378405 0.4756353 8.378405 0.3982754 0.70169 0.8960602 0.1845847 0.8188163 0.7016874 0.8188163 0.70169 0.8960602 0.1845847 0.8188163 0.7016874 0.8188163 0.70169 0.8960602 0.1845847 0.8188163 0.7016874 0.8188163 0.7016874 0.8188163 0.1845847 0.8960657 0.1845847 0.8188163 0.7016874 0.8188163 0.1845847 0.8960657 0.1845847 0.8188163 0.70169 0.8960602 0.1845847 0.8188163 0.7016874 0.8188163 0.70169 0.8960602 0.1845847 0.8188163 0.7016874 0.8188163 0.7016874 0.8188163 0.1845847 0.8960657 0.1845847 0.8188163 0.7016874 0.8188163 0.1845847 0.8960657 0.1845847 0.8188163 0.7016874 0.8188163 0.1845847 0.8960657 0.1845847 0.8188163 0.7016874 0.8188163 0.1845847 0.8960657 0.1845847 0.8188163 0.70169 0.8960602 0.1845847 0.8188163 0.7016874 0.8188163 0.70169 0.8960602 0.1845847 0.8188163 0.7016874 0.8188163 0.70169 0.8960602 0.1845847 0.8188163 0.7016874 0.8188163 0.7016874 0.8188163 0.1845847 0.8960657 0.1845847 0.8188163 0.7016874 0.8188163 0.1845847 0.8960657 0.1845847 0.8188163 0.7016874 0.8188163 0.347249 0.896064 0.3472482 0.8188163 0.70169 0.8960602 0.1845847 0.8960657 0.1845847 0.8188163 0.70169 0.8960602 0.1845847 0.8960657 0.1845847 0.8188163 0.70169 0.8960602 0.1845847 0.8960657 0.1845847 0.8188163 0.7016874 0.8188163 0.70169 0.8960602 0.1845847 0.8960657 0.7016874 0.8188163 0.70169 0.8960602 0.1845847 0.8960657 0.70169 0.8960602 0.1845847 0.8960657 0.1845847 0.8188163 0.70169 0.8960602 0.1845847 0.8960657 0.1845847 0.8188163 0.7016874 0.8188163 0.70169 0.8960602 0.1845847 0.8960657 0.7016874 0.8188163 0.70169 0.8960602 0.1845847 0.8960657 0.7016874 0.8188163 0.70169 0.8960602 0.1845847 0.8960657 0.7016874 0.8188163 0.70169 0.8960602 0.1845847 0.8960657 0.70169 0.8960602 0.1845847 0.8960657 0.1845847 0.8188163 0.70169 0.8960602 0.1845847 0.8960657 0.1845847 0.8188163 0.70169 0.8960602 0.1845847 0.8960657 0.1845847 0.8188163 0.7016874 0.8188163 0.70169 0.8960602 0.1845847 0.8960657 0.7016874 0.8188163 0.70169 0.8960602 0.1845847 0.8960657 0.7016874 0.8188163 0.70169 0.8960602 0.347249 0.896064 0.2988015 0.8066495 0.2499353 0.8749582 0.2499353 0.8066495 0.3725931 0.828108 0.300331 0.8736924 0.300331 0.828108 0.2988015 0.8066495 0.2499353 0.8749582 0.2499353 0.8066495 0.3725931 0.828108 0.300331 0.8736924 0.300331 0.828108 0.2988015 0.8066495 0.2499353 0.8749582 0.2499353 0.8066495 0.2988015 0.8066495 0.2499353 0.8749582 0.2499353 0.8066495 0.2988015 0.8066495 0.2499353 0.8749582 0.2499353 0.8066495 0.3725931 0.828108 0.300331 0.8736924 0.300331 0.828108 0.2988015 0.8066495 0.2499353 0.8749582 0.2499353 0.8066495 0.3725931 0.828108 0.300331 0.8736924 0.300331 0.828108 0.2988015 0.8066495 0.2499353 0.8749582 0.2499353 0.8066495 0.2988015 0.8066495 0.2499353 0.8749582 0.2499353 0.8066495 0.7587359 0.808299 0.7737044 0.8376261 0.7587359 0.8376261 0.5821812 0.8083374 0.5695069 0.8376652 0.5695069 0.8083385 0.523184 0.8083374 0.5073929 0.8376652 0.5073929 0.8083385 0.7734832 0.808299 0.7584056 0.8376261 0.7584056 0.808299 0.7891548 0.808299 0.7740772 0.8376261 0.7740772 0.808299 0.8043031 0.808299 0.7908428 0.8376261 0.7908428 0.808299 0.820227 0.808299 0.804436 0.8376261 0.804436 0.808299 0.523184 0.8083374 0.5073929 0.8376652 0.5073929 0.8083385 0.710446 0.808299 0.694655 0.8376261 0.694655 0.808299 0.8043031 0.808299 0.7908428 0.8376261 0.7908428 0.808299 0.7737044 0.808299 0.7587359 0.8376261 0.7587359 0.808299 0.5821812 0.8083374 0.5695069 0.8376652 0.5695069 0.8083385 0.523184 0.8083374 0.5073929 0.8376652 0.5073929 0.8083385 0.7734832 0.808299 0.7584056 0.8376261 0.7584056 0.808299 0.7891548 0.808299 0.7740772 0.8376261 0.7740772 0.808299 0.7908428 0.808299 0.8043031 0.8376261 0.7908428 0.8376261 0.820227 0.808299 0.804436 0.8376261 0.804436 0.808299 0.523184 0.8083374 0.5073929 0.8376652 0.5073929 0.8083385 0.710446 0.808299 0.694655 0.8376261 0.694655 0.808299 0.8043031 0.808299 0.7908428 0.8376261 0.7908428 0.808299 0.6898618 0.9640492 0.676494 0.9795786 0.676494 0.9640492 0.7023186 0.9640492 0.690703 0.9795786 0.690703 0.9640492 0.567262 0.9640492 0.5538941 0.9795786 0.5538941 0.9640492 0.6761107 0.9640492 0.6612537 0.9795786 0.6612537 0.9640492 0.9399254 0.9717515 0.9220123 0.9967147 0.9220123 0.9717515 0.9767795 0.9717515 0.9588664 0.9967147 0.9588664 0.9717515 0.6040405 0.9626297 0.5904083 0.980233 0.5904083 0.9626297 0.7296708 0.9626297 0.7160386 0.980233 0.7160386 0.9626297 0.7412407 0.9628467 0.7296382 0.98045 0.7296382 0.9628467 0.676494 0.9640492 0.6898618 0.9795786 0.676494 0.9795786 0.7023186 0.9640492 0.690703 0.9795786 0.690703 0.9640492 0.567262 0.9640492 0.5538941 0.9795786 0.5538941 0.9640492 0.6761107 0.9640492 0.6612537 0.9795786 0.6612537 0.9640492 0.9399254 0.9717515 0.9220123 0.9967147 0.9220123 0.9717515 0.9767795 0.9717515 0.9588664 0.9967147 0.9588664 0.9717515 0.6040405 0.9626297 0.5904083 0.980233 0.5904083 0.9626297 0.7296708 0.9626297 0.7160386 0.980233 0.7160386 0.9626297 0.7412407 0.9628467 0.7296382 0.98045 0.7296382 0.9628467 0.6670449 0.6708107 0.6814317 0.6692598 0.6691141 0.7189592 0.7353075 0.6976875 0.7305802 0.7037951 0.7348083 0.6860731 0.2988015 0.8066495 0.2988015 0.8749582 0.2499353 0.8749582 0.3725931 0.828108 0.3725931 0.8736924 0.300331 0.8736924 0.2988015 0.8066495 0.2988015 0.8749582 0.2499353 0.8749582 0.3725931 0.828108 0.3725931 0.8736924 0.300331 0.8736924 0.2988015 0.8066495 0.2988015 0.8749582 0.2499353 0.8749582 0.2988015 0.8066495 0.2988015 0.8749582 0.2499353 0.8749582 0.2988015 0.8066495 0.2988015 0.8749582 0.2499353 0.8749582 0.3725931 0.828108 0.3725931 0.8736924 0.300331 0.8736924 0.2988015 0.8066495 0.2988015 0.8749582 0.2499353 0.8749582 0.3725931 0.828108 0.3725931 0.8736924 0.300331 0.8736924 0.2988015 0.8066495 0.2988015 0.8749582 0.2499353 0.8749582 0.2988015 0.8066495 0.2988015 0.8749582 0.2499353 0.8749582 0.7587359 0.808299 0.7737044 0.808299 0.7737044 0.8376261 0.5821812 0.8083374 0.5821812 0.8376652 0.5695069 0.8376652 0.523184 0.8083374 0.523184 0.8376652 0.5073929 0.8376652 0.7734832 0.808299 0.7734832 0.8376261 0.7584056 0.8376261 0.7891548 0.808299 0.7891548 0.8376261 0.7740772 0.8376261 0.8043031 0.808299 0.8043031 0.8376261 0.7908428 0.8376261 0.820227 0.808299 0.820227 0.8376261 0.804436 0.8376261 0.523184 0.8083374 0.523184 0.8376652 0.5073929 0.8376652 0.710446 0.808299 0.710446 0.8376261 0.694655 0.8376261 0.8043031 0.808299 0.8043031 0.8376261 0.7908428 0.8376261 0.7737044 0.808299 0.7737044 0.8376261 0.7587359 0.8376261 0.5821812 0.8083374 0.5821812 0.8376652 0.5695069 0.8376652 0.523184 0.8083374 0.523184 0.8376652 0.5073929 0.8376652 0.7734832 0.808299 0.7734832 0.8376261 0.7584056 0.8376261 0.7891548 0.808299 0.7891548 0.8376261 0.7740772 0.8376261 0.7908428 0.808299 0.8043031 0.808299 0.8043031 0.8376261 0.820227 0.808299 0.820227 0.8376261 0.804436 0.8376261 0.523184 0.8083374 0.523184 0.8376652 0.5073929 0.8376652 0.710446 0.808299 0.710446 0.8376261 0.694655 0.8376261 0.8043031 0.808299 0.8043031 0.8376261 0.7908428 0.8376261 0.6898618 0.9640492 0.6898618 0.9795786 0.676494 0.9795786 0.7023186 0.9640492 0.7023186 0.9795786 0.690703 0.9795786 0.567262 0.9640492 0.567262 0.9795786 0.5538941 0.9795786 0.6761107 0.9640492 0.6761107 0.9795786 0.6612537 0.9795786 0.9399254 0.9717515 0.9399254 0.9967147 0.9220123 0.9967147 0.9767795 0.9717515 0.9767795 0.9967147 0.9588664 0.9967147 0.6040405 0.9626297 0.6040405 0.980233 0.5904083 0.980233 0.7296708 0.9626297 0.7296708 0.980233 0.7160386 0.980233 0.7412407 0.9628467 0.7412407 0.98045 0.7296382 0.98045 0.676494 0.9640492 0.6898618 0.9640492 0.6898618 0.9795786 0.7023186 0.9640492 0.7023186 0.9795786 0.690703 0.9795786 0.567262 0.9640492 0.567262 0.9795786 0.5538941 0.9795786 0.6761107 0.9640492 0.6761107 0.9795786 0.6612537 0.9795786 0.9399254 0.9717515 0.9399254 0.9967147 0.9220123 0.9967147 0.9767795 0.9717515 0.9767795 0.9967147 0.9588664 0.9967147 0.6040405 0.9626297 0.6040405 0.980233 0.5904083 0.980233 0.7296708 0.9626297 0.7296708 0.980233 0.7160386 0.980233 0.7412407 0.9628467 0.7412407 0.98045 0.7296382 0.98045 0.6958985 0.6695707 0.709392 0.6717118 0.7112278 0.7144284 0.709392 0.6717118 0.7209133 0.6754888 0.7223826 0.7096768 0.7209133 0.6754888 0.7295881 0.6805192 0.7305938 0.7039207 0.7295881 0.6805192 0.7348219 0.6861987 0.7305938 0.7039207 0.7209133 0.6754888 0.7305938 0.7039207 0.7223826 0.7096768 0.7348219 0.6861987 0.7366312 0.6919389 0.7353211 0.6978132 0.7353211 0.6978132 0.7305938 0.7039207 0.7348219 0.6861987 0.7223826 0.7096768 0.7112278 0.7144284 0.709392 0.6717118 0.7112278 0.7144284 0.6979678 0.7177191 0.6958985 0.6695707 0.6979678 0.7177191 0.6835809 0.7192701 0.6814317 0.6692598 0.6835809 0.7192701 0.6691141 0.7189592 0.6814317 0.6692598 0.6979678 0.7177191 0.6814317 0.6692598 0.6958985 0.6695707 0.6691141 0.7189592 0.6556206 0.7168182 0.6537848 0.6741015 0.6556206 0.7168182 0.6440993 0.7130411 0.6426301 0.678853 0.6440993 0.7130411 0.6354244 0.7080107 0.6426301 0.678853 0.6354244 0.7080107 0.6301907 0.7023313 0.6344189 0.6846092 0.6426301 0.678853 0.6354244 0.7080107 0.6344189 0.6846092 0.6301907 0.7023313 0.6283814 0.696591 0.6296916 0.6907168 0.6296916 0.6907168 0.6344189 0.6846092 0.6301907 0.7023313 0.6426301 0.678853 0.6537848 0.6741015 0.6556206 0.7168182 0.6537848 0.6741015 0.6670449 0.6708107 0.6691141 0.7189592 0.722369 0.7095513 0.7112143 0.7143028 0.7093785 0.6715862 0.7112143 0.7143028 0.6979542 0.7175937 0.695885 0.6694452 0.6979542 0.7175937 0.6835674 0.7191446 0.695885 0.6694452 0.6835674 0.7191446 0.6691006 0.7188338 0.6670312 0.6706852 0.695885 0.6694452 0.6835674 0.7191446 0.681418 0.6691343 0.6691006 0.7188338 0.6556071 0.7166927 0.6537712 0.673976 0.6556071 0.7166927 0.6440858 0.7129157 0.6426165 0.6787276 0.6440858 0.7129157 0.635411 0.7078853 0.6426165 0.6787276 0.635411 0.7078853 0.6301772 0.7022058 0.6344052 0.6844838 0.6426165 0.6787276 0.635411 0.7078853 0.6344052 0.6844838 0.6301772 0.7022058 0.6283679 0.6964656 0.629678 0.6905913 0.629678 0.6905913 0.6344052 0.6844838 0.6301772 0.7022058 0.6426165 0.6787276 0.6537712 0.673976 0.6556071 0.7166927 0.6537712 0.673976 0.6670312 0.6706852 0.6691006 0.7188338 0.6670312 0.6706852 0.681418 0.6691343 0.6835674 0.7191446 0.695885 0.6694452 0.7093785 0.6715862 0.7112143 0.7143028 0.7093785 0.6715862 0.7208997 0.6753632 0.722369 0.7095513 0.7208997 0.6753632 0.7295745 0.6803937 0.722369 0.7095513 0.7295745 0.6803937 0.7348083 0.6860731 0.7305802 0.7037951 0.722369 0.7095513 0.7295745 0.6803937 0.7305802 0.7037951 0.7348083 0.6860731 0.7366176 0.6918133 0.7353075 0.6976875 3.416164 0.9622941 3.508075 -0.006492614 3.508075 0.9622941 12.98884 0.9622942 13.07609 -0.006492376 13.07609 0.9622942 8.67446 -0.006492555 8.583175 0.9622941 8.583175 -0.006492555 8.583175 -0.006492555 8.398137 0.9622941 8.398137 -0.006492614 0.001827359 0.9622941 -0.09006983 -0.006492614 -0.09006983 0.9622941 -5.271336 -0.006492733 -0.734686 0.9622941 -0.734686 -0.006492614 2.863473 0.9622941 2.95537 -0.006492555 2.95537 0.9622941 3.324235 0.9622941 3.416164 -0.006492614 3.416164 0.9622941 -1.673186 -0.006492614 -1.765076 0.962294 -1.765076 -0.006492614 8.219574 0.9622941 8.306824 -0.006492614 8.306824 0.9622941 -0.09006983 0.9622941 -0.1820057 -0.006492614 -0.1820057 0.9622941 12.90589 0.9622942 12.98884 -0.006492376 12.98884 0.9622942 8.136625 -0.006492614 3.599991 0.9622941 3.599991 -0.006492614 -0.5508657 0.9622941 -0.6427719 -0.006492614 -0.6427719 0.9622941 8.136625 0.9622941 8.219574 -0.006492614 8.219574 0.9622941 -2.225875 0.962294 -2.133951 -0.006492614 -2.133951 0.9622941 2.863473 -0.006492555 -1.673186 0.962294 -1.673186 -0.006492614 3.324235 -0.006492614 3.139217 0.9622941 3.139217 -0.006492555 -0.4589341 0.9622941 -0.5508657 -0.006492614 -0.5508657 0.9622941 8.761712 -0.006492555 8.67446 0.9622941 8.67446 -0.006492555 8.306824 0.9622941 8.398137 -0.006492614 8.398137 0.9622941 3.508075 0.9622941 3.599991 -0.006492614 3.599991 0.9622941 8.844651 -0.006492555 8.761712 0.9622941 8.761712 -0.006492555 -0.6427719 0.9622941 -0.734686 -0.006492614 -0.734686 0.9622941 8.136625 -0.006492614 3.599991 0.9622941 3.599991 -0.006492614 -1.94891 -0.006492614 -2.133951 0.9622941 -2.133951 -0.006492614 13.53095 0.9622942 13.61391 -0.006492376 13.61391 0.9622942 13.44372 0.9622942 13.53095 -0.006492376 13.53095 0.9622942 13.35241 -0.006492435 13.16739 0.9622942 13.16739 -0.006492435 2.95537 0.9622941 3.047308 -0.006492555 3.047308 0.9622941 12.90589 -0.006492376 8.844651 0.9622941 8.844651 -0.006492555 -1.857012 -0.006492614 -1.94891 0.962294 -1.94891 -0.006492614 -0.1820057 0.9622941 -0.2739152 -0.006492614 -0.2739152 0.9622941 3.047308 0.9622941 3.139217 -0.006492555 3.139217 0.9622941 -2.409708 0.962294 -2.317807 -0.006492614 -2.317807 0.962294 -1.765076 -0.006492614 -1.857012 0.962294 -1.857012 -0.006492614 13.35241 0.9622942 13.44372 -0.006492435 13.44372 0.9622942 -2.317807 0.962294 -2.225875 -0.006492614 -2.225875 0.962294 0.001827359 -0.006492614 4.538466 0.9622941 4.538466 -0.006492614 13.07609 0.9622942 13.16739 -0.006492435 13.16739 0.9622942 6.100127 0.6745393 6.23931 0.6276596 6.23931 0.6745393 6.23931 0.6745393 6.378497 0.6276596 6.378497 0.6745787 6.658012 0.6745787 12.61776 0.6274183 12.61776 0.6743792 6.51767 0.6745787 6.658009 0.6276202 6.658012 0.6745787 5.960944 0.6745787 6.100127 0.6276596 6.100127 0.6745393 -0.07506209 0.6747806 5.542245 0.627699 5.542245 0.6745787 6.378497 0.6745787 6.51767 0.6276596 6.51767 0.6745787 -0.2153957 0.6747806 -0.07506209 0.6278591 -0.07506209 0.6747806 -7.150576 0.6750195 -1.190834 0.6279403 -1.190834 0.67482 -0.3545832 0.6747806 -0.2153957 0.6278591 -0.2153957 0.6747806 -0.4937657 0.6747806 -0.3545832 0.6278591 -0.3545832 0.6747806 12.61776 0.6743792 12.69371 0.6274601 12.69372 0.6743398 -0.6329483 0.67482 -0.4937633 0.6278591 -0.4937657 0.6747806 12.69372 0.6743398 12.7715 0.6274183 12.7715 0.6743398 -0.7721308 0.67482 -0.6329483 0.6278591 -0.6329483 0.67482 12.7715 0.6743398 12.84928 0.6274183 12.84928 0.6743398 -0.9113109 0.67482 -0.7721332 0.6278591 -0.7721308 0.67482 -1.050498 0.67482 -0.9113133 0.6278591 -0.9113109 0.67482 -1.190834 0.67482 -1.050501 0.6279009 -1.050498 0.67482 -7.226538 0.6750195 -7.150576 0.6281397 -7.150576 0.6750195 5.542245 0.6745787 5.682583 0.627699 5.682583 0.6745787 -7.304327 0.6750195 -7.226534 0.6281004 -7.226538 0.6750195 5.682583 0.6745787 5.821757 0.6276596 5.821757 0.6745787 -7.3821 0.6750195 -7.304327 0.6281004 -7.304327 0.6750195 5.821757 0.6745787 5.960944 0.6276596 5.960944 0.6745787 -7.300653 0.7213577 -7.226538 0.6750195 -7.230211 0.7213625 5.54111 0.7214412 5.682583 0.6745787 5.684895 0.721261 -7.222937 0.7213857 -7.150576 0.6750195 -7.152483 0.7217823 -1.191969 0.7216779 -1.050498 0.67482 -1.048183 0.721504 -1.052795 0.7215088 -0.9113109 0.67482 -0.909012 0.7215115 -0.7698366 0.7215135 -0.9113109 0.67482 -0.7721308 0.67482 12.77517 0.7206724 12.84928 0.6743398 12.84562 0.7206724 -0.6306488 0.7215105 -0.7721308 0.67482 -0.6329483 0.67482 12.69739 0.7206825 12.7715 0.6743398 12.76784 0.7206739 -0.6352441 0.7215113 -0.4937657 0.6747806 -0.4914577 0.721471 12.69012 0.7207052 12.61776 0.6743792 12.69372 0.6743398 -0.49606 0.7214748 -0.3545832 0.6747806 -0.3522834 0.7214715 6.659147 0.7214427 6.51767 0.6745787 6.658012 0.6745787 -0.2130992 0.7214694 -0.3545832 0.6747806 -0.2153957 0.6747806 6.376196 0.7212773 6.51767 0.6745787 6.519974 0.7212628 -7.148735 0.7217924 -1.190834 0.67482 -1.18968 0.7216768 -0.07392752 0.7216376 -0.2153957 0.6747806 -0.07506209 0.6747806 6.380789 0.7212789 6.23931 0.6745393 6.378497 0.6745787 5.543397 0.7214394 -0.07506209 0.6747806 5.542245 0.6745787 6.241608 0.7212346 6.100127 0.6745393 6.23931 0.6745393 12.61592 0.7211548 6.658012 0.6745787 12.61776 0.6743792 5.958649 0.721274 6.100127 0.6745393 6.102432 0.7212182 5.819459 0.7212799 5.960944 0.6745787 5.963243 0.7212741 -7.378434 0.721358 -7.304327 0.6750195 -7.307992 0.721358 5.824056 0.7212792 5.682583 0.6745787 5.821757 0.6745787 11.28291 0.6300763 11.22161 0.6834154 11.2216 0.6300422 5.865089 0.6296958 5.803781 0.6830691 5.803781 0.6296604 11.64882 0.6300763 11.58492 0.6834481 11.58493 0.6301103 11.52362 0.6300763 11.47202 0.6834481 11.47202 0.6300763 5.928966 0.6296958 5.865089 0.6830676 5.865089 0.6296958 11.71271 0.6300763 11.64881 0.6834836 11.64882 0.6300763 5.50177 0.6296617 0.3343051 0.6826872 0.3343051 0.6293153 5.992855 0.6296958 5.928966 0.6830676 5.928966 0.6296958 11.77401 0.6301103 11.7127 0.6834836 11.71271 0.6300763 5.803781 0.6296604 5.752168 0.6830349 5.752168 0.6296617 6.054162 0.6296958 5.992855 0.6830676 5.992855 0.6296958 5.752168 0.6296617 5.690851 0.6830337 5.690851 0.6296604 11.2216 0.6300422 6.054162 0.6830691 6.054162 0.6296958 11.47202 0.6300763 11.4107 0.6834481 11.4107 0.6300763 5.690851 0.6296604 5.626947 0.6830349 5.626955 0.6296604 11.4107 0.6300763 11.3468 0.6834481 11.3468 0.6300763 5.626955 0.6296604 5.563067 0.6830337 5.563059 0.6296604 11.3468 0.6300763 11.28292 0.6834481 11.28291 0.6300763 5.563059 0.6296604 5.50176 0.6830337 5.50177 0.6296617 11.58493 0.6301103 11.52363 0.6834481 11.52362 0.6300763 11.52101 0.7365497 11.47202 0.6834481 11.52363 0.6834481 11.71775 0.7358832 11.77401 0.6834754 11.77122 0.7365673 5.499136 0.7361584 0.3343051 0.6826872 5.50176 0.6830337 5.6959 0.7354586 5.752168 0.6830349 5.749383 0.7361119 5.801156 0.7361754 5.752168 0.6830349 5.803781 0.6830691 5.632151 0.7353776 5.690851 0.6830337 5.685643 0.7353978 11.21899 0.7365436 6.054162 0.6830691 11.22161 0.6834154 5.621745 0.7353577 5.563067 0.6830337 5.626947 0.6830349 5.558022 0.7354619 5.50176 0.6830337 5.563067 0.6830337 5.860044 0.7354884 5.803781 0.6830691 5.865089 0.6830676 5.92376 0.7354091 5.865089 0.6830676 5.928966 0.6830676 5.934173 0.7354181 5.992855 0.6830676 5.987648 0.7354173 5.9979 0.735488 6.054162 0.6830691 6.051388 0.7361524 11.41575 0.7358738 11.47202 0.6834481 11.46923 0.7365241 11.35201 0.7357843 11.4107 0.6834481 11.40549 0.7358057 11.57988 0.7358528 11.52363 0.6834481 11.58492 0.6834481 11.3416 0.7357788 11.28292 0.6834481 11.3468 0.6834481 11.6436 0.7358332 11.58492 0.6834481 11.64881 0.6834836 11.27787 0.7358745 11.22161 0.6834154 11.28292 0.6834481 11.65402 0.7358275 11.7127 0.6834836 11.7075 0.7358273 6.100127 0.6745393 6.100127 0.6276596 6.23931 0.6276596 6.23931 0.6745393 6.23931 0.6276596 6.378497 0.6276596 6.658012 0.6745787 6.658009 0.6276202 12.61776 0.6274183 6.51767 0.6745787 6.51767 0.6276596 6.658009 0.6276202 5.960944 0.6745787 5.960944 0.6276596 6.100127 0.6276596 -0.07506209 0.6747806 -0.07506209 0.6278591 5.542245 0.627699 6.378497 0.6745787 6.378497 0.6276596 6.51767 0.6276596 -0.2153957 0.6747806 -0.2153957 0.6278591 -0.07506209 0.6278591 -7.150576 0.6750195 -7.150576 0.6281397 -1.190834 0.6279403 -0.3545832 0.6747806 -0.3545832 0.6278591 -0.2153957 0.6278591 -0.4937657 0.6747806 -0.4937633 0.6278591 -0.3545832 0.6278591 12.61776 0.6743792 12.61776 0.6274183 12.69371 0.6274601 -0.6329483 0.67482 -0.6329483 0.6278591 -0.4937633 0.6278591 12.69372 0.6743398 12.69371 0.6274601 12.7715 0.6274183 -0.7721308 0.67482 -0.7721332 0.6278591 -0.6329483 0.6278591 12.7715 0.6743398 12.7715 0.6274183 12.84928 0.6274183 -0.9113109 0.67482 -0.9113133 0.6278591 -0.7721332 0.6278591 -1.050498 0.67482 -1.050501 0.6279009 -0.9113133 0.6278591 -1.190834 0.67482 -1.190834 0.6279403 -1.050501 0.6279009 -7.226538 0.6750195 -7.226534 0.6281004 -7.150576 0.6281397 5.542245 0.6745787 5.542245 0.627699 5.682583 0.627699 -7.304327 0.6750195 -7.304327 0.6281004 -7.226534 0.6281004 5.682583 0.6745787 5.682583 0.627699 5.821757 0.6276596 -7.3821 0.6750195 -7.382102 0.6281004 -7.304327 0.6281004 5.821757 0.6745787 5.821757 0.6276596 5.960944 0.6276596 -7.300653 0.7213577 -7.304327 0.6750195 -7.226538 0.6750195 5.54111 0.7214412 5.542245 0.6745787 5.682583 0.6745787 -7.222937 0.7213857 -7.226538 0.6750195 -7.150576 0.6750195 -1.191969 0.7216779 -1.190834 0.67482 -1.050498 0.67482 -1.052795 0.7215088 -1.050498 0.67482 -0.9113109 0.67482 -0.7698366 0.7215135 -0.9136106 0.7215101 -0.9113109 0.67482 12.77517 0.7206724 12.7715 0.6743398 12.84928 0.6743398 -0.6306488 0.7215105 -0.7744352 0.7215111 -0.7721308 0.67482 12.69739 0.7206825 12.69372 0.6743398 12.7715 0.6743398 -0.6352441 0.7215113 -0.6329483 0.67482 -0.4937657 0.6747806 12.69012 0.7207052 12.61967 0.7211429 12.61776 0.6743792 -0.49606 0.7214748 -0.4937657 0.6747806 -0.3545832 0.6747806 6.659147 0.7214427 6.515357 0.7212626 6.51767 0.6745787 -0.2130992 0.7214694 -0.356882 0.7214721 -0.3545832 0.6747806 6.376196 0.7212773 6.378497 0.6745787 6.51767 0.6745787 -7.148735 0.7217924 -7.150576 0.6750195 -1.190834 0.67482 -0.07392752 0.7216376 -0.2177106 0.7214637 -0.2153957 0.6747806 6.380789 0.7212789 6.237008 0.7212336 6.23931 0.6745393 5.543397 0.7214394 -0.07621586 0.7216367 -0.07506209 0.6747806 6.241608 0.7212346 6.097825 0.7212194 6.100127 0.6745393 12.61592 0.7211548 6.656861 0.7214401 6.658012 0.6745787 5.958649 0.721274 5.960944 0.6745787 6.100127 0.6745393 5.819459 0.7212799 5.821757 0.6745787 5.960944 0.6745787 -7.378434 0.721358 -7.3821 0.6750195 -7.304327 0.6750195 5.824056 0.7212792 5.680279 0.7212629 5.682583 0.6745787 11.28291 0.6300763 11.28292 0.6834481 11.22161 0.6834154 5.865089 0.6296958 5.865089 0.6830676 5.803781 0.6830691 11.64882 0.6300763 11.64881 0.6834836 11.58492 0.6834481 11.52362 0.6300763 11.52363 0.6834481 11.47202 0.6834481 5.928966 0.6296958 5.928966 0.6830676 5.865089 0.6830676 11.71271 0.6300763 11.7127 0.6834836 11.64881 0.6834836 5.50177 0.6296617 5.50176 0.6830337 0.3343051 0.6826872 5.992855 0.6296958 5.992855 0.6830676 5.928966 0.6830676 11.77401 0.6301103 11.77401 0.6834754 11.7127 0.6834836 5.803781 0.6296604 5.803781 0.6830691 5.752168 0.6830349 6.054162 0.6296958 6.054162 0.6830691 5.992855 0.6830676 5.752168 0.6296617 5.752168 0.6830349 5.690851 0.6830337 11.2216 0.6300422 11.22161 0.6834154 6.054162 0.6830691 11.47202 0.6300763 11.47202 0.6834481 11.4107 0.6834481 5.690851 0.6296604 5.690851 0.6830337 5.626947 0.6830349 11.4107 0.6300763 11.4107 0.6834481 11.3468 0.6834481 5.626955 0.6296604 5.626947 0.6830349 5.563067 0.6830337 11.3468 0.6300763 11.3468 0.6834481 11.28292 0.6834481 5.563059 0.6296604 5.563067 0.6830337 5.50176 0.6830337 11.58493 0.6301103 11.58492 0.6834481 11.52363 0.6834481 11.52101 0.7365497 11.47463 0.7365463 11.47202 0.6834481 11.71775 0.7358832 11.7127 0.6834836 11.77401 0.6834754 5.499136 0.7361584 0.3369246 0.7357954 0.3343051 0.6826872 5.6959 0.7354586 5.690851 0.6830337 5.752168 0.6830349 5.801156 0.7361754 5.754773 0.736143 5.752168 0.6830349 5.632151 0.7353776 5.626947 0.6830349 5.690851 0.6830337 11.21899 0.7365436 6.056782 0.7361776 6.054162 0.6830691 5.621745 0.7353577 5.568273 0.7353779 5.563067 0.6830337 5.558022 0.7354619 5.504538 0.7361341 5.50176 0.6830337 5.860044 0.7354884 5.806556 0.7361528 5.803781 0.6830691 5.92376 0.7354091 5.870295 0.7354083 5.865089 0.6830676 5.934173 0.7354181 5.928966 0.6830676 5.992855 0.6830676 5.9979 0.735488 5.992855 0.6830676 6.054162 0.6830691 11.41575 0.7358738 11.4107 0.6834481 11.47202 0.6834481 11.35201 0.7357843 11.3468 0.6834481 11.4107 0.6834481 11.57988 0.7358528 11.5264 0.7365183 11.52363 0.6834481 11.3416 0.7357788 11.28812 0.7358003 11.28292 0.6834481 11.6436 0.7358332 11.59012 0.7358033 11.58492 0.6834481 11.27787 0.7358745 11.22438 0.73652 11.22161 0.6834154 11.65402 0.7358275 11.64881 0.6834836 11.7127 0.6834836 0.5233765 -1.777237 0.47995 -1.820656 0.5167236 -1.802013 0.5047302 -1.814014 0.5167236 -1.802013 0.5233765 -1.777237 0.5233765 -1.777237 0.47995 -1.820656 0.5167236 -1.802013 0.5233765 -1.777237 0.5233612 0.7276383 0.3504334 0.7276421 0.5233612 0.7276383 0.5167236 0.7524147 0.47995 0.7710571 0.3504334 0.7276421 0.5233612 0.7276383 0.3938599 0.7710571 0.5167236 0.7524147 0.5047302 0.7644196 0.47995 0.7710571 0.47995 0.7710571 0.3938599 0.7710571 0.5233612 0.7276383 0.3938599 0.7710571 0.3690796 0.7644196 0.3570709 0.7524185 0.3504334 0.7276421 0.3938599 0.7710571 0.3570709 0.7524185 0.3504334 0.7276421 0.3504486 -1.777237 0.5233765 -1.777237 0.3504486 -1.777237 0.3570862 -1.802013 0.3690796 -1.814014 0.5233765 -1.777237 0.3504486 -1.777237 0.47995 -1.820656 0.3690796 -1.814014 0.3938599 -1.820656 0.3504486 -1.777237 0.3938599 -1.820656 0.47995 -1.820656 0.3504486 -1.777237 0.47995 -1.820656 0.5047302 -1.814014 0.5167236 -1.802013 0.5233765 -1.777237 0.5233612 0.7276383 0.3504334 0.7276421 0.5233612 0.7276383 0.5167236 0.7524147 0.5047302 0.7644196 0.3504334 0.7276421 0.5233612 0.7276383 0.3938599 0.7710571 0.5047302 0.7644196 0.47995 0.7710571 0.5233612 0.7276383 0.47995 0.7710571 0.3938599 0.7710571 0.5233612 0.7276383 0.3938599 0.7710571 0.3690796 0.7644196 0.3504334 0.7276421 0.3690796 0.7644196 0.3570709 0.7524185 0.3504334 0.7276421 0.3504334 0.7276421 0.3504486 -1.777237 0.5233765 -1.777237 0.3504486 -1.777237 0.3570862 -1.802013 0.3690796 -1.814014 0.5233765 -1.777237 0.3504486 -1.777237 0.47995 -1.820656 0.3690796 -1.814014 0.3938599 -1.820656 0.3504486 -1.777237 0.3938599 -1.820656 0.47995 -1.820656 0.3504486 -1.777237 0.47995 -1.820656 0.5047302 -1.814014 0.5233765 -1.777237 0.5233765 -1.777237 0.5233612 0.7276383 0.3504334 0.7276421 0.5233612 0.7276383 0.5167236 0.7524147 0.47995 0.7710571 0.3504334 0.7276421 0.5233612 0.7276383 0.3938599 0.7710571 0.5167236 0.7524147 0.5047302 0.7644196 0.47995 0.7710571 0.47995 0.7710571 0.3938599 0.7710571 0.5233612 0.7276383 0.3938599 0.7710571 0.3690796 0.7644196 0.3570709 0.7524185 0.3504334 0.7276421 0.3938599 0.7710571 0.3570709 0.7524185 0.3504334 0.7276421 0.3504486 -1.777237 0.5233765 -1.777237 0.3504486 -1.777237 0.3570862 -1.802013 0.3690796 -1.814014 0.5233765 -1.777237 0.3504486 -1.777237 0.47995 -1.820656 0.3690796 -1.814014 0.3938599 -1.820656 0.3504486 -1.777237 0.3938599 -1.820656 0.47995 -1.820656 0.3504486 -1.777237 0.47995 -1.820656 0.5047302 -1.814014 0.5167236 -1.802013 -0.4589341 -0.006492614 -0.2739152 0.9622941 -0.2739152 -0.006492614 3.416164 0.9622941 3.416164 -0.006492614 3.508075 -0.006492614 12.98884 0.9622942 12.98884 -0.006492376 13.07609 -0.006492376 8.67446 -0.006492555 8.67446 0.9622941 8.583175 0.9622941 8.583175 -0.006492555 8.583175 0.9622941 8.398137 0.9622941 0.001827359 0.9622941 0.001827359 -0.006492614 -0.09006983 -0.006492614 -5.271336 -0.006492733 -5.271336 0.9622939 -0.734686 0.9622941 2.863473 0.9622941 2.863473 -0.006492555 2.95537 -0.006492555 3.324235 0.9622941 3.324235 -0.006492614 3.416164 -0.006492614 -1.673186 -0.006492614 -1.673186 0.962294 -1.765076 0.962294 8.219574 0.9622941 8.219574 -0.006492614 8.306824 -0.006492614 -0.09006983 0.9622941 -0.09006983 -0.006492614 -0.1820057 -0.006492614 12.90589 0.9622942 12.90589 -0.006492376 12.98884 -0.006492376 8.136625 -0.006492614 8.136625 0.9622941 3.599991 0.9622941 -0.5508657 0.9622941 -0.5508657 -0.006492614 -0.6427719 -0.006492614 8.136625 0.9622941 8.136625 -0.006492614 8.219574 -0.006492614 -2.225875 0.962294 -2.225875 -0.006492614 -2.133951 -0.006492614 2.863473 -0.006492555 2.863473 0.9622941 -1.673186 0.962294 3.324235 -0.006492614 3.324235 0.9622941 3.139217 0.9622941 -0.4589341 0.9622941 -0.4589341 -0.006492614 -0.5508657 -0.006492614 8.761712 -0.006492555 8.761712 0.9622941 8.67446 0.9622941 8.306824 0.9622941 8.306824 -0.006492614 8.398137 -0.006492614 3.508075 0.9622941 3.508075 -0.006492614 3.599991 -0.006492614 8.844651 -0.006492555 8.844651 0.9622941 8.761712 0.9622941 -0.6427719 0.9622941 -0.6427719 -0.006492614 -0.734686 -0.006492614 8.136625 -0.006492614 8.136625 0.9622941 3.599991 0.9622941 -1.94891 -0.006492614 -1.94891 0.962294 -2.133951 0.9622941 13.53095 0.9622942 13.53095 -0.006492376 13.61391 -0.006492376 13.44372 0.9622942 13.44372 -0.006492435 13.53095 -0.006492376 13.35241 -0.006492435 13.35241 0.9622942 13.16739 0.9622942 2.95537 0.9622941 2.95537 -0.006492555 3.047308 -0.006492555 12.90589 -0.006492376 12.90589 0.9622942 8.844651 0.9622941 -1.857012 -0.006492614 -1.857012 0.962294 -1.94891 0.962294 -0.1820057 0.9622941 -0.1820057 -0.006492614 -0.2739152 -0.006492614 3.047308 0.9622941 3.047308 -0.006492555 3.139217 -0.006492555 -2.409708 0.962294 -2.409708 -0.006492614 -2.317807 -0.006492614 -1.765076 -0.006492614 -1.765076 0.962294 -1.857012 0.962294 13.35241 0.9622942 13.35241 -0.006492435 13.44372 -0.006492435 -2.317807 0.962294 -2.317807 -0.006492614 -2.225875 -0.006492614 0.001827359 -0.006492614 0.001827359 0.9622941 4.538466 0.9622941 13.07609 0.9622942 13.07609 -0.006492376 13.16739 -0.006492435 -0.4589341 -0.006492614 -0.4589341 0.9622941 -0.2739152 0.9622941 0.5023699 0.9795786 0.5023699 0.9640492 0.5168457 0.9640492 0.5168457 0.9795786 0.5168457 0.9795786 0.5168457 0.9640492 0.5288086 0.9640492 0.5288086 0.9795786 0.5551043 0.9795786 0.5551043 0.9640492 0.5661621 0.9640492 0.5661621 0.9795786 0.7167254 0.9795786 0.7167254 0.9640492 0.7299805 0.9640492 0.7299805 0.9795786 0.7409668 0.9795786 0.7409668 0.9640492 0.7529297 0.9640492 0.7529297 0.9795786 0.6757098 0.9795786 0.6757098 0.9640492 0.689209 0.9640492 0.689209 0.9795786 0.5023699 0.9795786 0.5023699 0.9640492 0.5168457 0.9640492 0.5168457 0.9795786 0.5168457 0.9795786 0.5168457 0.9640492 0.5288086 0.9640492 0.5288086 0.9795786 0.5551043 0.9795786 0.5551043 0.9640492 0.5661621 0.9640492 0.5661621 0.9795786 0.7167254 0.9795786 0.7167254 0.9640492 0.7299805 0.9640492 0.7299805 0.9795786 0.7409668 0.9795786 0.7409668 0.9640492 0.7529297 0.9640492 0.7529297 0.9795786 0.6757098 0.9795786 0.6757098 0.9640492 0.689209 0.9640492 0.689209 0.9795786 0.5904083 0.980233 0.5904083 0.9626297 0.6030571 0.9626297 0.6030571 0.980233 0.6755371 0.980233 0.6755371 0.9626297 0.689209 0.9626297 0.689209 0.980233 0.7165527 0.980233 0.7165527 0.9626297 0.7299805 0.9626297 0.7299805 0.980233 0.5020294 0.980233 0.5020294 0.9626297 0.5166313 0.9626297 0.5166313 0.980233 0.7299805 0.980233 0.7299805 0.9626297 0.7409668 0.9626297 0.7409668 0.980233 0.5904083 0.980233 0.5904083 0.9626297 0.6030571 0.9626297 0.6030571 0.980233 0.6755371 0.980233 0.6755371 0.9626297 0.689209 0.9626297 0.689209 0.980233 0.7165527 0.980233 0.7165527 0.9626297 0.7299805 0.9626297 0.7299805 0.980233 0.5020294 0.980233 0.5020294 0.9626297 0.5166313 0.9626297 0.5166313 0.980233 0.7299805 0.980233 0.7299805 0.9626297 0.7409668 0.9626297 0.7409668 0.980233 0.758848 0.8376261 0.758848 0.808299 0.7740951 0.808299 0.7740951 0.8376261 0.5693948 0.8376261 0.5693948 0.808299 0.5817123 0.808299 0.5817123 0.8376261 0.774473 0.8376261 0.774473 0.808299 0.7892318 0.808299 0.7892318 0.8376261 0.790098 0.8376261 0.790098 0.808299 0.8043685 0.808299 0.8043685 0.8376261 0.5068948 0.8376261 0.5068948 0.808299 0.5231185 0.808299 0.5231185 0.8376261 0.8047464 0.8376261 0.8047464 0.808299 0.8195053 0.808299 0.8195053 0.8376261 0.758848 0.8376261 0.758848 0.808299 0.7740951 0.808299 0.7740951 0.8376261 0.5068948 0.8376261 0.5068948 0.808299 0.5231185 0.808299 0.5231185 0.8376261 0.6948831 0.8376261 0.6948831 0.808299 0.709642 0.808299 0.709642 0.8376261 0.790098 0.8376261 0.790098 0.808299 0.8043685 0.808299 0.8043685 0.8376261 0.5693948 0.8376261 0.5693948 0.808299 0.5817123 0.808299 0.5817123 0.8376261 0.758848 0.8376261 0.758848 0.808299 0.7740951 0.808299 0.7740951 0.8376261 0.5693948 0.8376261 0.5693948 0.808299 0.5817123 0.808299 0.5817123 0.8376261 0.774473 0.8376261 0.774473 0.808299 0.7892318 0.808299 0.7892318 0.8376261 0.790098 0.8376261 0.790098 0.808299 0.8043685 0.808299 0.8043685 0.8376261 0.5068948 0.8376261 0.5068948 0.808299 0.5231185 0.808299 0.5231185 0.8376261 0.8047464 0.8376261 0.8047464 0.808299 0.8195053 0.808299 0.8195053 0.8376261 0.758848 0.8376261 0.758848 0.808299 0.7740951 0.808299 0.7740951 0.8376261 0.5068948 0.8376261 0.5068948 0.808299 0.5231185 0.808299 0.5231185 0.8376261 0.6948831 0.8376261 0.6948831 0.808299 0.709642 0.808299 0.709642 0.8376261 0.790098 0.8376261 0.790098 0.808299 0.8043685 0.808299 0.8043685 0.8376261 0.5693948 0.8376261 0.5693948 0.808299 0.5817123 0.808299 0.5817123 0.8376261</float_array>
          <technique_common>
            <accessor source="#Plane_017-mesh-map-0-array" count="4001" stride="2">
              <param name="S" type="float"/>
              <param name="T" type="float"/>
            </accessor>
          </technique_common>
        </source>
        <source id="Plane_017-mesh-colors-Col" name="Col">
          <float_array id="Plane_017-mesh-colors-Col-array" count="15300">0.8705883 0.2627451 0.2941176 1 0.8705883 0.2627451 0.2941176 1 0.8705883 0.2627451 0.2941176 1 0.8705883 0.2627451 0.2941176 1 0.8705883 0.2627451 0.2941176 1 0.8705883 0.2627451 0.2941176 1 0.8705883 0.2627451 0.2941176 1 0.8705883 0.2627451 0.2941176 1 0.8705883 0.2627451 0.2941176 1 0.8705883 0.2627451 0.2941176 1 0.8705883 0.2627451 0.2941176 1 0.8705883 0.2627451 0.2941176 1 0.8705883 0.2627451 0.2941176 1 0.8705883 0.2627451 0.2941176 1 0.8705883 0.2627451 0.2941176 1 0.8705883 0.2627451 0.2941176 1 0.8705883 0.2627451 0.2941176 1 0.8705883 0.2627451 0.2941176 1 0.8705883 0.2627451 0.2941176 1 0.8705883 0.2627451 0.2941176 1 0.8705883 0.2627451 0.2941176 1 0.8705883 0.2627451 0.2941176 1 0.8705883 0.2627451 0.2941176 1 0.8705883 0.2627451 0.2941176 1 0.8705883 0.2627451 0.2941176 1 0.8705883 0.2627451 0.2941176 1 0.8705883 0.2627451 0.2941176 1 0.8705883 0.2627451 0.2941176 1 0.8705883 0.2627451 0.2941176 1 0.8705883 0.2627451 0.2941176 1 0.8705883 0.2627451 0.2941176 1 0.8705883 0.2627451 0.2941176 1 0.8705883 0.2627451 0.2941176 1 0.8705883 0.2627451 0.2941176 1 0.8705883 0.2627451 0.2941176 1 0.8705883 0.2627451 0.2941176 1 0.8705883 0.2627451 0.2941176 1 0.8705883 0.2627451 0.2941176 1 0.8705883 0.2627451 0.2941176 1 0.8705883 0.2627451 0.2941176 1 0.8705883 0.2627451 0.2941176 1 0.8705883 0.2627451 0.2941176 1 0.8705883 0.2627451 0.2941176 1 0.8705883 0.2627451 0.2941176 1 0.8705883 0.2627451 0.2941176 1 0.8705883 0.2627451 0.2941176 1 0.8705883 0.2627451 0.2941176 1 0.8705883 0.2627451 0.2941176 1 0.8705883 0.2627451 0.2941176 1 0.8705883 0.2627451 0.2941176 1 0.8705883 0.2627451 0.2941176 1 0.8705883 0.2627451 0.2941176 1 0.8705883 0.2627451 0.2941176 1 0.8705883 0.2627451 0.2941176 1 0.8705883 0.2627451 0.2941176 1 0.8705883 0.2627451 0.2941176 1 0.8705883 0.2627451 0.2941176 1 0.8705883 0.2627451 0.2941176 1 0.8705883 0.2627451 0.2941176 1 0.8705883 0.2627451 0.2941176 1 0.8705883 0.2627451 0.2941176 1 0.8705883 0.2627451 0.2941176 1 0.8705883 0.2627451 0.2941176 1 0.8705883 0.2627451 0.2941176 1 0.8705883 0.2627451 0.2941176 1 0.8705883 0.2627451 0.2941176 1 0.8705883 0.2627451 0.2941176 1 0.8705883 0.2627451 0.2941176 1 0.8705883 0.2627451 0.2941176 1 0.8705883 0.2627451 0.2941176 1 0.8705883 0.2627451 0.2941176 1 0.8705883 0.2627451 0.2941176 1 0.8705883 0.2627451 0.2941176 1 0.8705883 0.2627451 0.2941176 1 0.8705883 0.2627451 0.2941176 1 0.8705883 0.2627451 0.2941176 1 0.8705883 0.2627451 0.2941176 1 0.8705883 0.2627451 0.2941176 1 0.8705883 0.2627451 0.2941176 1 0.8705883 0.2627451 0.2941176 1 0.8705883 0.2627451 0.2941176 1 0.8705883 0.2627451 0.2941176 1 0.8705883 0.2627451 0.2941176 1 0.8705883 0.2627451 0.2941176 1 0.8705883 0.2627451 0.2941176 1 0.8705883 0.2627451 0.2941176 1 0.8705883 0.2627451 0.2941176 1 0.8705883 0.2627451 0.2941176 1 0.8705883 0.2627451 0.2941176 1 0.8705883 0.2627451 0.2941176 1 0.8705883 0.2627451 0.2941176 1 0.8705883 0.2627451 0.2941176 1 0.8705883 0.2627451 0.2941176 1 0.8705883 0.2627451 0.2941176 1 0.8705883 0.2627451 0.2941176 1 0.8705883 0.2627451 0.2941176 1 0.8705883 0.2627451 0.2941176 1 0.8705883 0.2627451 0.2941176 1 0.8705883 0.2627451 0.2941176 1 0.8705883 0.2627451 0.2941176 1 0.8705883 0.2627451 0.2941176 1 0.8705883 0.2627451 0.2941176 1 0.8705883 0.2627451 0.2941176 1 0.8705883 0.2627451 0.2941176 1 0.8705883 0.2627451 0.2941176 1 0.8705883 0.2627451 0.2941176 1 0.8705883 0.2627451 0.2941176 1 0.8705883 0.2627451 0.2941176 1 0.8705883 0.2627451 0.2941176 1 0.8705883 0.2627451 0.2941176 1 0.8705883 0.2627451 0.2941176 1 0.8705883 0.2627451 0.2941176 1 0.8705883 0.2627451 0.2941176 1 0.8705883 0.2627451 0.2941176 1 0.8705883 0.2627451 0.2941176 1 0.8705883 0.2627451 0.2941176 1 0.8705883 0.2627451 0.2941176 1 0.8705883 0.2627451 0.2941176 1 0.8705883 0.2627451 0.2941176 1 0.8705883 0.2627451 0.2941176 1 0.8705883 0.2627451 0.2941176 1 0.8705883 0.2627451 0.2941176 1 0.8705883 0.2627451 0.2941176 1 0.8705883 0.2627451 0.2941176 1 0.8705883 0.2627451 0.2941176 1 0.8705883 0.2627451 0.2941176 1 0.8705883 0.2627451 0.2941176 1 0.8705883 0.2627451 0.2941176 1 0.8705883 0.2627451 0.2941176 1 0.8705883 0.2627451 0.2941176 1 0.8705883 0.2627451 0.2941176 1 0.8705883 0.2627451 0.2941176 1 0.8705883 0.2627451 0.2941176 1 0.8705883 0.2627451 0.2941176 1 0.8705883 0.2627451 0.2941176 1 0.8705883 0.2627451 0.2941176 1 0.8705883 0.2627451 0.2941176 1 0.8705883 0.2627451 0.2941176 1 0.8705883 0.2627451 0.2941176 1 0.8705883 0.2627451 0.2941176 1 0.8705883 0.2627451 0.2941176 1 0.8705883 0.2627451 0.2941176 1 0.8705883 0.2627451 0.2941176 1 0.8705883 0.2627451 0.2941176 1 0.8705883 0.2627451 0.2941176 1 0.8705883 0.2627451 0.2941176 1 0.8705883 0.2627451 0.2941176 1 0.8705883 0.2627451 0.2941176 1 0.8705883 0.2627451 0.2941176 1 0.8705883 0.2627451 0.2941176 1 0.8705883 0.2627451 0.2941176 1 0.8705883 0.2627451 0.2941176 1 0.8705883 0.2627451 0.2941176 1 0.8705883 0.2627451 0.2941176 1 0.8705883 0.2627451 0.2941176 1 0.8705883 0.2627451 0.2941176 1 0.8705883 0.2627451 0.2941176 1 0.8705883 0.2627451 0.2941176 1 0.8705883 0.2627451 0.2941176 1 0.8705883 0.2627451 0.2941176 1 0.8705883 0.2627451 0.2941176 1 0.8705883 0.2627451 0.2941176 1 0.8705883 0.2627451 0.2941176 1 0.8705883 0.2627451 0.2941176 1 0.8705883 0.2627451 0.2941176 1 0.8705883 0.2627451 0.2941176 1 0.8705883 0.2627451 0.2941176 1 0.8705883 0.2627451 0.2941176 1 0.8705883 0.2627451 0.2941176 1 0.8705883 0.2627451 0.2941176 1 0.8705883 0.2627451 0.2941176 1 0.8705883 0.2627451 0.2941176 1 0.8705883 0.2627451 0.2941176 1 0.8705883 0.2627451 0.2941176 1 0.8705883 0.2627451 0.2941176 1 0.8705883 0.2627451 0.2941176 1 0.8705883 0.2627451 0.2941176 1 0.8705883 0.2627451 0.2941176 1 0.8705883 0.2627451 0.2941176 1 0.8705883 0.2627451 0.2941176 1 0.8705883 0.2627451 0.2941176 1 0.8705883 0.2627451 0.2941176 1 0.8705883 0.2627451 0.2941176 1 0.8705883 0.2627451 0.2941176 1 0.8705883 0.2627451 0.2941176 1 0.8705883 0.2627451 0.2941176 1 0.8705883 0.2627451 0.2941176 1 0.8705883 0.2627451 0.2941176 1 0.8705883 0.2627451 0.2941176 1 0.8705883 0.2627451 0.2941176 1 0.8705883 0.2627451 0.2941176 1 0.8705883 0.2627451 0.2941176 1 0.8705883 0.2627451 0.2941176 1 0.8705883 0.2627451 0.2941176 1 0.8705883 0.2627451 0.2941176 1 0.8705883 0.2627451 0.2941176 1 0.8705883 0.2627451 0.2941176 1 0.8705883 0.2627451 0.2941176 1 0.8705883 0.2627451 0.2941176 1 0.8705883 0.2627451 0.2941176 1 0.8705883 0.2627451 0.2941176 1 0.8705883 0.2627451 0.2941176 1 0.8705883 0.2627451 0.2941176 1 0.8705883 0.2627451 0.2941176 1 0.8705883 0.2627451 0.2941176 1 0.8705883 0.2627451 0.2941176 1 0.8705883 0.2627451 0.2941176 1 0.8705883 0.2627451 0.2941176 1 0.8705883 0.2627451 0.2941176 1 0.8705883 0.2627451 0.2941176 1 0.8705883 0.2627451 0.2941176 1 0.8705883 0.2627451 0.2941176 1 0.8705883 0.2627451 0.2941176 1 0.8705883 0.2627451 0.2941176 1 0.8705883 0.2627451 0.2941176 1 0.8705883 0.2627451 0.2941176 1 1 1 1 1 0.9960784 0.9960784 0.9960784 0.9960784 1 1 1 1 0.9960784 0.9960784 0.9960784 0.9960784 1 1 1 1 1 1 1 1 1 1 1 1 0.9960784 0.9960784 0.9960784 0.9960784 0.9960784 0.9960784 0.9960784 0.9960784 1 1 1 1 1 1 1 1 1 1 1 1 1 1 1 1 0.9960784 0.9960784 0.9960784 0.9960784 0.9960784 0.9960784 0.9960784 0.9960784 0.9960784 0.9960784 0.9960784 0.9960784 0.9960784 0.9960784 0.9960784 0.9960784 0.9960784 0.9960784 0.9960784 0.9960784 0.9960784 0.9960784 0.9960784 0.9960784 0.9960784 0.9960784 0.9960784 0.9960784 0.9960784 0.9960784 0.9960784 0.9960784 1 1 1 1 1 1 1 1 1 1 1 1 1 1 1 1 0.9960784 0.9960784 0.9960784 0.9960784 0.9960784 0.9960784 0.9960784 0.9960784 0.9960784 0.9960784 0.9960784 0.9960784 1 1 1 1 0.9960784 0.9960784 0.9960784 0.9960784 1 1 1 1 0.9960784 0.9960784 0.9960784 0.9960784 0.9960784 0.9960784 0.9960784 0.9960784 0.8901961 0.3882353 0.4549019 1 0.8901961 0.3882353 0.4549019 1 0.8901961 0.3882353 0.4549019 1 0.8901961 0.3882353 0.4549019 1 0.8901961 0.3882353 0.4549019 1 0.8901961 0.3882353 0.4549019 1 0.8901961 0.3882353 0.4549019 1 0.8901961 0.3882353 0.4549019 1 0.8901961 0.3882353 0.4549019 1 0.8901961 0.3882353 0.4549019 1 0.8901961 0.3882353 0.4549019 1 0.8901961 0.3882353 0.4549019 1 0.8901961 0.3882353 0.4549019 1 0.8901961 0.3882353 0.4549019 1 0.8901961 0.3882353 0.4549019 1 0.8901961 0.3882353 0.4549019 1 0.8901961 0.3882353 0.4549019 1 0.8901961 0.3882353 0.4549019 1 0.8901961 0.3882353 0.4549019 1 0.8901961 0.3882353 0.4549019 1 0.8901961 0.3882353 0.4549019 1 0.8901961 0.3882353 0.4549019 1 0.8901961 0.3882353 0.4549019 1 0.8901961 0.3882353 0.4549019 1 0.8901961 0.3529412 0.317647 1 0.8901961 0.3529412 0.317647 1 0.8901961 0.3529412 0.317647 1 0.8901961 0.3529412 0.317647 1 0.8901961 0.3529412 0.317647 1 0.8901961 0.3529412 0.317647 1 0.8901961 0.3529412 0.317647 1 0.8901961 0.3529412 0.317647 1 0.8901961 0.3529412 0.317647 1 0.8901961 0.3529412 0.317647 1 0.8901961 0.3529412 0.317647 1 0.8901961 0.3529412 0.317647 1 0.8901961 0.3529412 0.317647 1 0.8901961 0.3529412 0.317647 1 0.8901961 0.3529412 0.317647 1 0.8901961 0.3529412 0.317647 1 0.8901961 0.3529412 0.317647 1 0.8901961 0.3529412 0.317647 1 0.8901961 0.3529412 0.317647 1 0.8901961 0.3529412 0.317647 1 0.8901961 0.3529412 0.317647 1 0.8901961 0.3529412 0.317647 1 0.8901961 0.3529412 0.317647 1 0.8901961 0.3529412 0.317647 1 0.8901961 0.3529412 0.317647 1 0.8901961 0.3529412 0.317647 1 0.8901961 0.3529412 0.317647 1 0.8901961 0.3529412 0.317647 1 0.8901961 0.3529412 0.317647 1 0.8901961 0.3529412 0.317647 1 0.8901961 0.3529412 0.317647 1 0.8901961 0.3529412 0.317647 1 0.8901961 0.3529412 0.317647 1 0.8901961 0.3529412 0.317647 1 0.8901961 0.3529412 0.317647 1 0.8901961 0.3529412 0.317647 1 0.8901961 0.3529412 0.317647 1 0.8901961 0.3529412 0.317647 1 0.8901961 0.3529412 0.317647 1 0.8901961 0.3529412 0.317647 1 0.8901961 0.3529412 0.317647 1 0.8901961 0.3529412 0.317647 1 0.8901961 0.3529412 0.317647 1 0.8901961 0.3529412 0.317647 1 0.8901961 0.3529412 0.317647 1 0.8901961 0.3529412 0.317647 1 0.8901961 0.3529412 0.317647 1 0.8901961 0.3529412 0.317647 1 0.8901961 0.3529412 0.317647 1 0.8901961 0.3529412 0.317647 1 0.8901961 0.3529412 0.317647 1 0.8901961 0.3529412 0.317647 1 0.8901961 0.3529412 0.317647 1 0.8901961 0.3529412 0.317647 1 0.8901961 0.3529412 0.317647 1 0.8901961 0.3529412 0.317647 1 0.8901961 0.3529412 0.317647 1 0.8901961 0.3529412 0.317647 1 0.8901961 0.3529412 0.317647 1 0.8901961 0.3529412 0.317647 1 0.8901961 0.3529412 0.317647 1 0.8901961 0.3529412 0.317647 1 0.8901961 0.3529412 0.317647 1 0.8901961 0.3529412 0.317647 1 0.8901961 0.3529412 0.317647 1 0.8901961 0.3529412 0.317647 1 0.8901961 0.3529412 0.317647 1 0.8901961 0.3529412 0.317647 1 0.8901961 0.3529412 0.317647 1 0.8901961 0.3529412 0.317647 1 0.8901961 0.3529412 0.317647 1 0.8901961 0.3529412 0.317647 1 0.8901961 0.3529412 0.317647 1 0.8901961 0.3529412 0.317647 1 0.8901961 0.3529412 0.317647 1 0.8901961 0.3529412 0.317647 1 0.8901961 0.3529412 0.317647 1 0.8901961 0.3529412 0.317647 1 0.8901961 0.3529412 0.317647 1 0.8901961 0.3529412 0.317647 1 0.8901961 0.3529412 0.317647 1 0.8901961 0.3529412 0.317647 1 0.8901961 0.3529412 0.317647 1 0.8901961 0.3529412 0.317647 1 0.8901961 0.3529412 0.317647 1 0.8901961 0.3529412 0.317647 1 0.8901961 0.3529412 0.317647 1 0.8901961 0.3529412 0.317647 1 0.8901961 0.3529412 0.317647 1 0.8901961 0.3529412 0.317647 1 0.8901961 0.3529412 0.317647 1 0.8901961 0.3529412 0.317647 1 0.8901961 0.3529412 0.317647 1 0.8901961 0.3529412 0.317647 1 0.8901961 0.3529412 0.317647 1 0.8901961 0.3529412 0.317647 1 0.8901961 0.3529412 0.317647 1 0.8901961 0.3529412 0.317647 1 0.8901961 0.3529412 0.317647 1 0.8901961 0.3529412 0.317647 1 0.8901961 0.3529412 0.317647 1 0.8901961 0.3529412 0.317647 1 0.8901961 0.3529412 0.317647 1 0.8901961 0.3529412 0.317647 1 0.8901961 0.3529412 0.317647 1 0.8901961 0.3529412 0.317647 1 0.8901961 0.3529412 0.317647 1 0.8901961 0.3529412 0.317647 1 0.8901961 0.3529412 0.317647 1 0.8901961 0.3529412 0.317647 1 0.8901961 0.3529412 0.317647 1 0.8901961 0.3529412 0.317647 1 0.8901961 0.3529412 0.317647 1 0.8901961 0.3529412 0.317647 1 0.8901961 0.3529412 0.317647 1 0.8901961 0.3529412 0.317647 1 0.8901961 0.3529412 0.317647 1 0.8901961 0.3529412 0.317647 1 0.8901961 0.3529412 0.317647 1 0.8901961 0.3529412 0.317647 1 0.8901961 0.3529412 0.317647 1 0.8901961 0.3529412 0.317647 1 0.8901961 0.3529412 0.317647 1 0.8901961 0.3529412 0.317647 1 0.8901961 0.3529412 0.317647 1 0.8901961 0.3529412 0.317647 1 0.8901961 0.3529412 0.317647 1 0.8901961 0.3529412 0.317647 1 0.8901961 0.3529412 0.317647 1 0.8901961 0.3529412 0.317647 1 0.8901961 0.3529412 0.317647 1 0.8901961 0.3529412 0.317647 1 0.8901961 0.3529412 0.317647 1 0.8901961 0.3529412 0.317647 1 0.8901961 0.3529412 0.317647 1 0.8901961 0.3529412 0.317647 1 0.8901961 0.3529412 0.317647 1 0.8901961 0.3529412 0.317647 1 0.8901961 0.3529412 0.317647 1 0.8901961 0.3529412 0.317647 1 0.8901961 0.3529412 0.317647 1 0.8901961 0.3529412 0.317647 1 0.8901961 0.3529412 0.317647 1 0.8901961 0.3529412 0.317647 1 0.8901961 0.3529412 0.317647 1 0.8901961 0.3529412 0.317647 1 0.8901961 0.3529412 0.317647 1 0.8901961 0.3529412 0.317647 1 0.8901961 0.3529412 0.317647 1 0.8901961 0.3529412 0.317647 1 0.8901961 0.3529412 0.317647 1 0.8901961 0.3529412 0.317647 1 0.8901961 0.3529412 0.317647 1 0.8901961 0.3529412 0.317647 1 0.8901961 0.3529412 0.317647 1 0.8901961 0.3529412 0.317647 1 0.8901961 0.3529412 0.317647 1 0.8901961 0.3529412 0.317647 1 0.8901961 0.3529412 0.317647 1 0.8901961 0.3529412 0.317647 1 0.8901961 0.3529412 0.317647 1 0.8901961 0.3529412 0.317647 1 0.8901961 0.3529412 0.317647 1 0.8901961 0.3529412 0.317647 1 0.8901961 0.3529412 0.317647 1 0.8901961 0.3529412 0.317647 1 0.8901961 0.3529412 0.317647 1 0.8901961 0.3529412 0.317647 1 0.8901961 0.3529412 0.317647 1 0.8901961 0.3529412 0.317647 1 0.8901961 0.3529412 0.317647 1 0.8901961 0.3529412 0.317647 1 0.8901961 0.3529412 0.317647 1 0.8901961 0.3529412 0.317647 1 0.8901961 0.3529412 0.317647 1 0.8901961 0.3529412 0.317647 1 0.8901961 0.3529412 0.317647 1 0.8901961 0.3529412 0.317647 1 0.8901961 0.3529412 0.317647 1 0.8901961 0.3529412 0.317647 1 0.8901961 0.3529412 0.317647 1 0.8901961 0.3529412 0.317647 1 0.8901961 0.3529412 0.317647 1 0.8901961 0.3529412 0.317647 1 0.8901961 0.3529412 0.317647 1 0.8901961 0.3529412 0.317647 1 0.8901961 0.3529412 0.317647 1 0.8901961 0.3529412 0.317647 1 0.8901961 0.3529412 0.317647 1 0.8901961 0.3529412 0.317647 1 0.8901961 0.3529412 0.317647 1 0.8901961 0.3529412 0.317647 1 0.8901961 0.3529412 0.317647 1 0.8901961 0.3529412 0.317647 1 0.8901961 0.3529412 0.317647 1 0.8901961 0.3529412 0.317647 1 0.8901961 0.3529412 0.317647 1 0.8901961 0.3529412 0.317647 1 0.8901961 0.3529412 0.317647 1 0.8901961 0.3529412 0.317647 1 0.8901961 0.3529412 0.317647 1 0.8901961 0.3529412 0.317647 1 0.8901961 0.3529412 0.317647 1 0.8901961 0.3529412 0.317647 1 0.8901961 0.3529412 0.317647 1 0.8901961 0.3529412 0.317647 1 0.8901961 0.3529412 0.317647 1 0.8901961 0.3529412 0.317647 1 0.8901961 0.3529412 0.317647 1 0.8901961 0.3529412 0.317647 1 0.8901961 0.3529412 0.317647 1 0.8901961 0.3529412 0.317647 1 0.8901961 0.3529412 0.317647 1 0.8901961 0.3529412 0.317647 1 0.8901961 0.3529412 0.317647 1 0.8901961 0.3529412 0.317647 1 0.8901961 0.3529412 0.317647 1 0.8901961 0.3529412 0.317647 1 0.8901961 0.3529412 0.317647 1 0.8901961 0.3529412 0.317647 1 0.8901961 0.3529412 0.317647 1 0.8901961 0.3529412 0.317647 1 0.8901961 0.3529412 0.317647 1 0.8901961 0.3529412 0.317647 1 0.8901961 0.3529412 0.317647 1 0.8901961 0.3529412 0.317647 1 0.8901961 0.3529412 0.317647 1 0.8901961 0.3529412 0.317647 1 0.8901961 0.3529412 0.317647 1 0.8901961 0.3529412 0.317647 1 0.8901961 0.3529412 0.317647 1 0.8901961 0.3529412 0.317647 1 0.8901961 0.3529412 0.317647 1 0.8901961 0.3529412 0.317647 1 0.8705883 0.2627451 0.2941176 1 0.8705883 0.2627451 0.2941176 1 0.8705883 0.2627451 0.2941176 1 0.8705883 0.2627451 0.2941176 1 0.8705883 0.2627451 0.2941176 1 0.8705883 0.2627451 0.2941176 1 0.8705883 0.2627451 0.2941176 1 0.8705883 0.2627451 0.2941176 1 0.8705883 0.2627451 0.2941176 1 0.8705883 0.2627451 0.2941176 1 0.8705883 0.2627451 0.2941176 1 0.8705883 0.2627451 0.2941176 1 0.8705883 0.2627451 0.2941176 1 0.8705883 0.2627451 0.2941176 1 0.8705883 0.2627451 0.2941176 1 0.8705883 0.2627451 0.2941176 1 0.8705883 0.2627451 0.2941176 1 0.8705883 0.2627451 0.2941176 1 0.8705883 0.2627451 0.2941176 1 0.8705883 0.2627451 0.2941176 1 0.8705883 0.2627451 0.2941176 1 0.8705883 0.2627451 0.2941176 1 0.8705883 0.2627451 0.2941176 1 0.8705883 0.2627451 0.2941176 1 0.8705883 0.2627451 0.2941176 1 0.8705883 0.2627451 0.2941176 1 0.8705883 0.2627451 0.2941176 1 0.8705883 0.2627451 0.2941176 1 0.8705883 0.2627451 0.2941176 1 0.8705883 0.2627451 0.2941176 1 0.8705883 0.2627451 0.2941176 1 0.8705883 0.2627451 0.2941176 1 0.8705883 0.2627451 0.2941176 1 0.8705883 0.2627451 0.2941176 1 0.8705883 0.2627451 0.2941176 1 0.8705883 0.2627451 0.2941176 1 0.8705883 0.2627451 0.2941176 1 0.8705883 0.2627451 0.2941176 1 0.8705883 0.2627451 0.2941176 1 0.8705883 0.2627451 0.2941176 1 0.8705883 0.2627451 0.2941176 1 0.8705883 0.2627451 0.2941176 1 0.8705883 0.2627451 0.2941176 1 0.8705883 0.2627451 0.2941176 1 0.8705883 0.2627451 0.2941176 1 0.8705883 0.2627451 0.2941176 1 0.8705883 0.2627451 0.2941176 1 0.8705883 0.2627451 0.2941176 1 0.8705883 0.2627451 0.2941176 1 0.8705883 0.2627451 0.2941176 1 0.8705883 0.2627451 0.2941176 1 0.8705883 0.2627451 0.2941176 1 0.8705883 0.2627451 0.2941176 1 0.8705883 0.2627451 0.2941176 1 0.8705883 0.2627451 0.2941176 1 0.8705883 0.2627451 0.2941176 1 0.8705883 0.2627451 0.2941176 1 0.8705883 0.2627451 0.2941176 1 0.8705883 0.2627451 0.2941176 1 0.8705883 0.2627451 0.2941176 1 0.8705883 0.2627451 0.2941176 1 0.8705883 0.2627451 0.2941176 1 0.8705883 0.2627451 0.2941176 1 0.8705883 0.2627451 0.2941176 1 0.8705883 0.2627451 0.2941176 1 0.8705883 0.2627451 0.2941176 1 0.8705883 0.2627451 0.2941176 1 0.8705883 0.2627451 0.2941176 1 0.8705883 0.2627451 0.2941176 1 0.8705883 0.2627451 0.2941176 1 0.8705883 0.2627451 0.2941176 1 0.8705883 0.2627451 0.2941176 1 0.8705883 0.2627451 0.2941176 1 0.8705883 0.2627451 0.2941176 1 0.8705883 0.2627451 0.2941176 1 0.8705883 0.2627451 0.2941176 1 0.8705883 0.2627451 0.2941176 1 0.8705883 0.2627451 0.2941176 1 0.8705883 0.2627451 0.2941176 1 0.8705883 0.2627451 0.2941176 1 0.8705883 0.2627451 0.2941176 1 0.8705883 0.2627451 0.2941176 1 0.8705883 0.2627451 0.2941176 1 0.8705883 0.2627451 0.2941176 1 0.8705883 0.2627451 0.2941176 1 0.8705883 0.2627451 0.2941176 1 0.8705883 0.2627451 0.2941176 1 0.8705883 0.2627451 0.2941176 1 0.8705883 0.2627451 0.2941176 1 0.8705883 0.2627451 0.2941176 1 0.8705883 0.2627451 0.2941176 1 0.8705883 0.2627451 0.2941176 1 0.8705883 0.2627451 0.2941176 1 0.8705883 0.2627451 0.2941176 1 0.8705883 0.2627451 0.2941176 1 0.8705883 0.2627451 0.2941176 1 0.8705883 0.2627451 0.2941176 1 0.8705883 0.2627451 0.2941176 1 0.8705883 0.2627451 0.2941176 1 0.8705883 0.2627451 0.2941176 1 0.8705883 0.2627451 0.2941176 1 0.8705883 0.2627451 0.2941176 1 0.8705883 0.2627451 0.2941176 1 0.8705883 0.2627451 0.2941176 1 0.8705883 0.2627451 0.2941176 1 0.8705883 0.2627451 0.2941176 1 0.8705883 0.2627451 0.2941176 1 0.8705883 0.2627451 0.2941176 1 0.8705883 0.2627451 0.2941176 1 0.8705883 0.2627451 0.2941176 1 0.8705883 0.2627451 0.2941176 1 0.8705883 0.2627451 0.2941176 1 0.8705883 0.2627451 0.2941176 1 0.8705883 0.2627451 0.2941176 1 0.8705883 0.2627451 0.2941176 1 0.8705883 0.2627451 0.2941176 1 0.8705883 0.2627451 0.2941176 1 0.8705883 0.2627451 0.2941176 1 0.8705883 0.2627451 0.2941176 1 0.8705883 0.2627451 0.2941176 1 0.8705883 0.2627451 0.2941176 1 0.8705883 0.2627451 0.2941176 1 0.8705883 0.2627451 0.2941176 1 0.8705883 0.2627451 0.2941176 1 0.8705883 0.2627451 0.2941176 1 0.8705883 0.2627451 0.2941176 1 0.8705883 0.2627451 0.2941176 1 0.8705883 0.2627451 0.2941176 1 0.8705883 0.2627451 0.2941176 1 0.8705883 0.2627451 0.2941176 1 0.8705883 0.2627451 0.2941176 1 0.8705883 0.2627451 0.2941176 1 0.8705883 0.2627451 0.2941176 1 0.8705883 0.2627451 0.2941176 1 0.8705883 0.2627451 0.2941176 1 0.8705883 0.2627451 0.2941176 1 0.8705883 0.2627451 0.2941176 1 0.8705883 0.2627451 0.2941176 1 0.8705883 0.2627451 0.2941176 1 0.8705883 0.2627451 0.2941176 1 0.8705883 0.2627451 0.2941176 1 0.8705883 0.2627451 0.2941176 1 0.8705883 0.2627451 0.2941176 1 0.8705883 0.2627451 0.2941176 1 0.8705883 0.2627451 0.2941176 1 0.8705883 0.2627451 0.2941176 1 0.8705883 0.2627451 0.2941176 1 0.8705883 0.2627451 0.2941176 1 0.8705883 0.2627451 0.2941176 1 0.8705883 0.2627451 0.2941176 1 0.8705883 0.2627451 0.2941176 1 0.8705883 0.2627451 0.2941176 1 0.8705883 0.2627451 0.2941176 1 0.8705883 0.2627451 0.2941176 1 0.8705883 0.2627451 0.2941176 1 0.8705883 0.2627451 0.2941176 1 0.8705883 0.2627451 0.2941176 1 0.8705883 0.2627451 0.2941176 1 0.8705883 0.2627451 0.2941176 1 0.8705883 0.2627451 0.2941176 1 0.8705883 0.2627451 0.2941176 1 0.8705883 0.2627451 0.2941176 1 0.8705883 0.2627451 0.2941176 1 0.8705883 0.2627451 0.2941176 1 0.8705883 0.2627451 0.2941176 1 0.8705883 0.2627451 0.2941176 1 0.8705883 0.2627451 0.2941176 1 0.8705883 0.2627451 0.2941176 1 0.8705883 0.2627451 0.2941176 1 0.8705883 0.2627451 0.2941176 1 0.8705883 0.2627451 0.2941176 1 0.8705883 0.2627451 0.2941176 1 0.8705883 0.2627451 0.2941176 1 0.8705883 0.2627451 0.2941176 1 0.8705883 0.2627451 0.2941176 1 0.8705883 0.2627451 0.2941176 1 0.8705883 0.2627451 0.2941176 1 0.8705883 0.2627451 0.2941176 1 0.8705883 0.2627451 0.2941176 1 0.8705883 0.2627451 0.2941176 1 0.8705883 0.2627451 0.2941176 1 0.8705883 0.2627451 0.2941176 1 0.8705883 0.2627451 0.2941176 1 0.8705883 0.2627451 0.2941176 1 0.8705883 0.2627451 0.2941176 1 0.8705883 0.2627451 0.2941176 1 0.8705883 0.2627451 0.2941176 1 0.8705883 0.2627451 0.2941176 1 0.8705883 0.2627451 0.2941176 1 0.8705883 0.2627451 0.2941176 1 0.8705883 0.2627451 0.2941176 1 0.8705883 0.2627451 0.2941176 1 0.8705883 0.2627451 0.2941176 1 0.8705883 0.2627451 0.2941176 1 0.8705883 0.2627451 0.2941176 1 0.8705883 0.2627451 0.2941176 1 0.8705883 0.2627451 0.2941176 1 0.8705883 0.2627451 0.2941176 1 0.8705883 0.2627451 0.2941176 1 0.8705883 0.2627451 0.2941176 1 0.8705883 0.2627451 0.2941176 1 0.8705883 0.2627451 0.2941176 1 0.8705883 0.2627451 0.2941176 1 0.8705883 0.2627451 0.2941176 1 0.8705883 0.2627451 0.2941176 1 0.8705883 0.2627451 0.2941176 1 0.8705883 0.2627451 0.2941176 1 0.8705883 0.2627451 0.2941176 1 0.8705883 0.2627451 0.2941176 1 0.8705883 0.2627451 0.2941176 1 0.8705883 0.2627451 0.2941176 1 0.8705883 0.2627451 0.2941176 1 0.8705883 0.2627451 0.2941176 1 0.8705883 0.2627451 0.2941176 1 0.8705883 0.2627451 0.2941176 1 0.8705883 0.2627451 0.2941176 1 1 1 1 1 0.9960784 0.9960784 0.9960784 0.9960784 0.9960784 0.9960784 0.9960784 0.9960784 0.9960784 0.9960784 0.9960784 0.9960784 0.9960784 0.9960784 0.9960784 0.9960784 1 1 1 1 1 1 1 1 1 1 1 1 0.9960784 0.9960784 0.9960784 0.9960784 1 1 1 1 1 1 1 1 1 1 1 1 1 1 1 1 1 1 1 1 0.9960784 0.9960784 0.9960784 0.9960784 0.9960784 0.9960784 0.9960784 0.9960784 0.9960784 0.9960784 0.9960784 0.9960784 0.9960784 0.9960784 0.9960784 0.9960784 0.9960784 0.9960784 0.9960784 0.9960784 0.9960784 0.9960784 0.9960784 0.9960784 0.9960784 0.9960784 0.9960784 0.9960784 1 1 1 1 1 1 1 1 1 1 1 1 1 1 1 1 1 1 1 1 0.9960784 0.9960784 0.9960784 0.9960784 0.9960784 0.9960784 0.9960784 0.9960784 1 1 1 1 1 1 1 1 1 1 1 1 1 1 1 1 0.9960784 0.9960784 0.9960784 0.9960784 0.8901961 0.3882353 0.4549019 1 0.8901961 0.3882353 0.4549019 1 0.8901961 0.3882353 0.4549019 1 0.8901961 0.3882353 0.4549019 1 0.8901961 0.3882353 0.4549019 1 0.8901961 0.3882353 0.4549019 1 0.8901961 0.3882353 0.4549019 1 0.8901961 0.3882353 0.4549019 1 0.8901961 0.3882353 0.4549019 1 0.8901961 0.3882353 0.4549019 1 0.8901961 0.3882353 0.4549019 1 0.8901961 0.3882353 0.4549019 1 0.8901961 0.3882353 0.4549019 1 0.8901961 0.3882353 0.4549019 1 0.8901961 0.3882353 0.4549019 1 0.8901961 0.3882353 0.4549019 1 0.8901961 0.3882353 0.4549019 1 0.8901961 0.3882353 0.4549019 1 0.8901961 0.3882353 0.4549019 1 0.8901961 0.3882353 0.4549019 1 0.8901961 0.3882353 0.4549019 1 0.8901961 0.3882353 0.4549019 1 0.8901961 0.3882353 0.4549019 1 0.8901961 0.3882353 0.4549019 1 0.8901961 0.3529412 0.317647 1 0.8901961 0.3529412 0.317647 1 0.8901961 0.3529412 0.317647 1 0.8901961 0.3529412 0.317647 1 0.8901961 0.3529412 0.317647 1 0.8901961 0.3529412 0.317647 1 0.8901961 0.3529412 0.317647 1 0.8901961 0.3529412 0.317647 1 0.8901961 0.3529412 0.317647 1 0.8901961 0.3529412 0.317647 1 0.8901961 0.3529412 0.317647 1 0.8901961 0.3529412 0.317647 1 0.8901961 0.3529412 0.317647 1 0.8901961 0.3529412 0.317647 1 0.8901961 0.3529412 0.317647 1 0.8901961 0.3529412 0.317647 1 0.8901961 0.3529412 0.317647 1 0.8901961 0.3529412 0.317647 1 0.8901961 0.3529412 0.317647 1 0.8901961 0.3529412 0.317647 1 0.8901961 0.3529412 0.317647 1 0.8901961 0.3529412 0.317647 1 0.8901961 0.3529412 0.317647 1 0.8901961 0.3529412 0.317647 1 0.8901961 0.3529412 0.317647 1 0.8901961 0.3529412 0.317647 1 0.8901961 0.3529412 0.317647 1 0.8901961 0.3529412 0.317647 1 0.8901961 0.3529412 0.317647 1 0.8901961 0.3529412 0.317647 1 0.8901961 0.3529412 0.317647 1 0.8901961 0.3529412 0.317647 1 0.8901961 0.3529412 0.317647 1 0.8901961 0.3529412 0.317647 1 0.8901961 0.3529412 0.317647 1 0.8901961 0.3529412 0.317647 1 0.8901961 0.3529412 0.317647 1 0.8901961 0.3529412 0.317647 1 0.8901961 0.3529412 0.317647 1 0.8901961 0.3529412 0.317647 1 0.8901961 0.3529412 0.317647 1 0.8901961 0.3529412 0.317647 1 0.8901961 0.3529412 0.317647 1 0.8901961 0.3529412 0.317647 1 0.8901961 0.3529412 0.317647 1 0.8901961 0.3529412 0.317647 1 0.8901961 0.3529412 0.317647 1 0.8901961 0.3529412 0.317647 1 0.8901961 0.3529412 0.317647 1 0.8901961 0.3529412 0.317647 1 0.8901961 0.3529412 0.317647 1 0.8901961 0.3529412 0.317647 1 0.8901961 0.3529412 0.317647 1 0.8901961 0.3529412 0.317647 1 0.8901961 0.3529412 0.317647 1 0.8901961 0.3529412 0.317647 1 0.8901961 0.3529412 0.317647 1 0.8901961 0.3529412 0.317647 1 0.8901961 0.3529412 0.317647 1 0.8901961 0.3529412 0.317647 1 0.8901961 0.3529412 0.317647 1 0.8901961 0.3529412 0.317647 1 0.8901961 0.3529412 0.317647 1 0.8901961 0.3529412 0.317647 1 0.8901961 0.3529412 0.317647 1 0.8901961 0.3529412 0.317647 1 0.8901961 0.3529412 0.317647 1 0.8901961 0.3529412 0.317647 1 0.8901961 0.3529412 0.317647 1 0.8901961 0.3529412 0.317647 1 0.8901961 0.3529412 0.317647 1 0.8901961 0.3529412 0.317647 1 0.8901961 0.3529412 0.317647 1 0.8901961 0.3529412 0.317647 1 0.8901961 0.3529412 0.317647 1 0.8901961 0.3529412 0.317647 1 0.8901961 0.3529412 0.317647 1 0.8901961 0.3529412 0.317647 1 0.8901961 0.3529412 0.317647 1 0.8901961 0.3529412 0.317647 1 0.8901961 0.3529412 0.317647 1 0.8901961 0.3529412 0.317647 1 0.8901961 0.3529412 0.317647 1 0.8901961 0.3529412 0.317647 1 0.8901961 0.3529412 0.317647 1 0.8901961 0.3529412 0.317647 1 0.8901961 0.3529412 0.317647 1 0.8901961 0.3529412 0.317647 1 0.8901961 0.3529412 0.317647 1 0.8901961 0.3529412 0.317647 1 0.8901961 0.3529412 0.317647 1 0.8901961 0.3529412 0.317647 1 0.8901961 0.3529412 0.317647 1 0.8901961 0.3529412 0.317647 1 0.8901961 0.3529412 0.317647 1 0.8901961 0.3529412 0.317647 1 0.8901961 0.3529412 0.317647 1 0.8901961 0.3529412 0.317647 1 0.8901961 0.3529412 0.317647 1 0.8901961 0.3529412 0.317647 1 0.8901961 0.3529412 0.317647 1 0.8901961 0.3529412 0.317647 1 0.8901961 0.3529412 0.317647 1 0.8901961 0.3529412 0.317647 1 0.8901961 0.3529412 0.317647 1 0.8901961 0.3529412 0.317647 1 0.8901961 0.3529412 0.317647 1 0.8901961 0.3529412 0.317647 1 0.8901961 0.3529412 0.317647 1 0.8901961 0.3529412 0.317647 1 0.8901961 0.3529412 0.317647 1 0.8901961 0.3529412 0.317647 1 0.8901961 0.3529412 0.317647 1 0.8901961 0.3529412 0.317647 1 0.8901961 0.3529412 0.317647 1 0.8901961 0.3529412 0.317647 1 0.8901961 0.3529412 0.317647 1 0.8901961 0.3529412 0.317647 1 0.8901961 0.3529412 0.317647 1 0.8901961 0.3529412 0.317647 1 0.8901961 0.3529412 0.317647 1 0.8901961 0.3529412 0.317647 1 0.8901961 0.3529412 0.317647 1 0.8901961 0.3529412 0.317647 1 0.8901961 0.3529412 0.317647 1 0.8901961 0.3529412 0.317647 1 0.8901961 0.3529412 0.317647 1 0.8901961 0.3529412 0.317647 1 0.8901961 0.3529412 0.317647 1 0.8901961 0.3529412 0.317647 1 0.8901961 0.3529412 0.317647 1 0.8901961 0.3529412 0.317647 1 0.8901961 0.3529412 0.317647 1 0.8901961 0.3529412 0.317647 1 0.8901961 0.3529412 0.317647 1 0.8901961 0.3529412 0.317647 1 0.8901961 0.3529412 0.317647 1 0.8901961 0.3529412 0.317647 1 0.8901961 0.3529412 0.317647 1 0.8901961 0.3529412 0.317647 1 0.8901961 0.3529412 0.317647 1 0.8901961 0.3529412 0.317647 1 0.8901961 0.3529412 0.317647 1 0.8901961 0.3529412 0.317647 1 0.8901961 0.3529412 0.317647 1 0.8901961 0.3529412 0.317647 1 0.8901961 0.3529412 0.317647 1 0.8901961 0.3529412 0.317647 1 0.8901961 0.3529412 0.317647 1 0.8901961 0.3529412 0.317647 1 0.8901961 0.3529412 0.317647 1 0.8901961 0.3529412 0.317647 1 0.8901961 0.3529412 0.317647 1 0.8901961 0.3529412 0.317647 1 0.8901961 0.3529412 0.317647 1 0.8901961 0.3529412 0.317647 1 0.8901961 0.3529412 0.317647 1 0.8901961 0.3529412 0.317647 1 0.8901961 0.3529412 0.317647 1 0.8901961 0.3529412 0.317647 1 0.8901961 0.3529412 0.317647 1 0.8901961 0.3529412 0.317647 1 0.8901961 0.3529412 0.317647 1 0.8901961 0.3529412 0.317647 1 0.8901961 0.3529412 0.317647 1 0.8901961 0.3529412 0.317647 1 0.8901961 0.3529412 0.317647 1 0.8901961 0.3529412 0.317647 1 0.8901961 0.3529412 0.317647 1 0.8901961 0.3529412 0.317647 1 0.8901961 0.3529412 0.317647 1 0.8901961 0.3529412 0.317647 1 0.8901961 0.3529412 0.317647 1 0.8901961 0.3529412 0.317647 1 0.8901961 0.3529412 0.317647 1 0.8901961 0.3529412 0.317647 1 0.8901961 0.3529412 0.317647 1 0.8901961 0.3529412 0.317647 1 0.8901961 0.3529412 0.317647 1 0.8901961 0.3529412 0.317647 1 0.8901961 0.3529412 0.317647 1 0.8901961 0.3529412 0.317647 1 0.8901961 0.3529412 0.317647 1 0.8901961 0.3529412 0.317647 1 0.8901961 0.3529412 0.317647 1 0.8901961 0.3529412 0.317647 1 0.8901961 0.3529412 0.317647 1 0.8901961 0.3529412 0.317647 1 0.8901961 0.3529412 0.317647 1 0.8901961 0.3529412 0.317647 1 0.8901961 0.3529412 0.317647 1 0.8901961 0.3529412 0.317647 1 0.8901961 0.3529412 0.317647 1 0.8901961 0.3529412 0.317647 1 0.8901961 0.3529412 0.317647 1 0.8901961 0.3529412 0.317647 1 0.8901961 0.3529412 0.317647 1 0.8901961 0.3529412 0.317647 1 0.8901961 0.3529412 0.317647 1 0.8901961 0.3529412 0.317647 1 0.8901961 0.3529412 0.317647 1 0.8901961 0.3529412 0.317647 1 0.8901961 0.3529412 0.317647 1 0.8901961 0.3529412 0.317647 1 0.8901961 0.3529412 0.317647 1 0.8901961 0.3529412 0.317647 1 0.8901961 0.3529412 0.317647 1 0.8901961 0.3529412 0.317647 1 0.8901961 0.3529412 0.317647 1 0.8901961 0.3529412 0.317647 1 0.8901961 0.3529412 0.317647 1 0.8901961 0.3529412 0.317647 1 0.8901961 0.3529412 0.317647 1 0.8901961 0.3529412 0.317647 1 0.8901961 0.3529412 0.317647 1 0.8901961 0.3529412 0.317647 1 0.8901961 0.3529412 0.317647 1 0.8901961 0.3529412 0.317647 1 0.8901961 0.3529412 0.317647 1 0.8901961 0.3529412 0.317647 1 0.8901961 0.3529412 0.317647 1 0.8901961 0.3529412 0.317647 1 0.8901961 0.3529412 0.317647 1 0.8901961 0.3529412 0.317647 1 0.8901961 0.3529412 0.317647 1 0.8901961 0.3529412 0.317647 1 0.8901961 0.3529412 0.317647 1 0.8901961 0.3529412 0.317647 1 0.8901961 0.3529412 0.317647 1 0.8901961 0.3529412 0.317647 1 0.8901961 0.3529412 0.317647 1 0.8901961 0.3529412 0.317647 1 0.8901961 0.3529412 0.317647 1 0.8901961 0.3529412 0.317647 1 0.8901961 0.8901961 0.8901961 1 0.8901961 0.8901961 0.8901961 1 0.8901961 0.8901961 0.8901961 1 0.8392157 0.8392157 0.8392157 1 0.8392157 0.8392157 0.8392157 1 0.8392157 0.8392157 0.8392157 1 0.8901961 0.8901961 0.8901961 1 0.8901961 0.8901961 0.8901961 1 0.8901961 0.8901961 0.8901961 1 0.8901961 0.8901961 0.8901961 1 0.8901961 0.8901961 0.8901961 1 0.8901961 0.8901961 0.8901961 1 0.8901961 0.8901961 0.8901961 1 0.8901961 0.8901961 0.8901961 1 0.8901961 0.8901961 0.8901961 1 0.8901961 0.8901961 0.8901961 1 0.8901961 0.8901961 0.8901961 1 0.8901961 0.8901961 0.8901961 1 0.8901961 0.8901961 0.8901961 1 0.8901961 0.8901961 0.8901961 1 0.8901961 0.8901961 0.8901961 1 0.8901961 0.8901961 0.8901961 1 0.8901961 0.8901961 0.8901961 1 0.8901961 0.8901961 0.8901961 1 0.8901961 0.8901961 0.8901961 1 0.8901961 0.8901961 0.8901961 1 0.8901961 0.8901961 0.8901961 1 0.8901961 0.8901961 0.8901961 1 0.8901961 0.8901961 0.8901961 1 0.8901961 0.8901961 0.8901961 1 0.8901961 0.8901961 0.8901961 1 0.8901961 0.8901961 0.8901961 1 0.8901961 0.8901961 0.8901961 1 0.8901961 0.8901961 0.8901961 1 0.8901961 0.8901961 0.8901961 1 0.8901961 0.8901961 0.8901961 1 0.8901961 0.8901961 0.8901961 1 0.8901961 0.8901961 0.8901961 1 0.8901961 0.8901961 0.8901961 1 0.8901961 0.8901961 0.8901961 1 0.8901961 0.8901961 0.8901961 1 0.8901961 0.8901961 0.8901961 1 0.8901961 0.8901961 0.8901961 1 0.8901961 0.8901961 0.8901961 1 0.8901961 0.8901961 0.8901961 1 0.8901961 0.8901961 0.8901961 1 0.8901961 0.8901961 0.8901961 1 0.8901961 0.8901961 0.8901961 1 0.8901961 0.8901961 0.8901961 1 0.8901961 0.8901961 0.8901961 1 0.8901961 0.8901961 0.8901961 1 0.8901961 0.8901961 0.8901961 1 0.8901961 0.8901961 0.8901961 1 0.8901961 0.8901961 0.8901961 1 0.8901961 0.8901961 0.8901961 1 0.8901961 0.8901961 0.8901961 1 0.8901961 0.8901961 0.8901961 1 0.8901961 0.8901961 0.8901961 1 0.8901961 0.8901961 0.8901961 1 0.8901961 0.8901961 0.8901961 1 0.8901961 0.8901961 0.8901961 1 0.8901961 0.8901961 0.8901961 1 0.8901961 0.8901961 0.8901961 1 0.8901961 0.8901961 0.8901961 1 0.8901961 0.8901961 0.8901961 1 0.8901961 0.8901961 0.8901961 1 0.8901961 0.8901961 0.8901961 1 0.8901961 0.8901961 0.8901961 1 0.8901961 0.8901961 0.8901961 1 0.8901961 0.8901961 0.8901961 1 0.8901961 0.8901961 0.8901961 1 0.8901961 0.8901961 0.8901961 1 0.8901961 0.8901961 0.8901961 1 0.8901961 0.8901961 0.8901961 1 0.8901961 0.8901961 0.8901961 1 0.8901961 0.8901961 0.8901961 1 0.8901961 0.8901961 0.8901961 1 0.8901961 0.8901961 0.8901961 1 0.8901961 0.8901961 0.8901961 1 0.8901961 0.8901961 0.8901961 1 0.8901961 0.8901961 0.8901961 1 0.8901961 0.8901961 0.8901961 1 0.8901961 0.8901961 0.8901961 1 0.8901961 0.8901961 0.8901961 1 0.8392157 0.8392157 0.8392157 1 0.8392157 0.8392157 0.8392157 1 0.8392157 0.8392157 0.8392157 1 0.8392157 0.8392157 0.8392157 1 0.8392157 0.8392157 0.8392157 1 0.8392157 0.8392157 0.8392157 1 0.8392157 0.8392157 0.8392157 1 0.8392157 0.8392157 0.8392157 1 0.8392157 0.8392157 0.8392157 1 0.8392157 0.8392157 0.8392157 1 0.8392157 0.8392157 0.8392157 1 0.8392157 0.8392157 0.8392157 1 0.8392157 0.8392157 0.8392157 1 0.8392157 0.8392157 0.8392157 1 0.8392157 0.8392157 0.8392157 1 0.8392157 0.8392157 0.8392157 1 0.8392157 0.8392157 0.8392157 1 0.8392157 0.8392157 0.8392157 1 0.8392157 0.8392157 0.8392157 1 0.8392157 0.8392157 0.8392157 1 0.8392157 0.8392157 0.8392157 1 0.8392157 0.8392157 0.8392157 1 0.8392157 0.8392157 0.8392157 1 0.8392157 0.8392157 0.8392157 1 0.8392157 0.8392157 0.8392157 1 0.8392157 0.8392157 0.8392157 1 0.8392157 0.8392157 0.8392157 1 0.8392157 0.8392157 0.8392157 1 0.8392157 0.8392157 0.8392157 1 0.8392157 0.8392157 0.8392157 1 0.8392157 0.8392157 0.8392157 1 0.8392157 0.8392157 0.8392157 1 0.8392157 0.8392157 0.8392157 1 0.8392157 0.8392157 0.8392157 1 0.8392157 0.8392157 0.8392157 1 0.8392157 0.8392157 0.8392157 1 0.8392157 0.8392157 0.8392157 1 0.8392157 0.8392157 0.8392157 1 0.8392157 0.8392157 0.8392157 1 0.8392157 0.8392157 0.8392157 1 0.8392157 0.8392157 0.8392157 1 0.8392157 0.8392157 0.8392157 1 0.8392157 0.8392157 0.8392157 1 0.8392157 0.8392157 0.8392157 1 0.8392157 0.8392157 0.8392157 1 0.8392157 0.8392157 0.8392157 1 0.8392157 0.8392157 0.8392157 1 0.8392157 0.8392157 0.8392157 1 0.8392157 0.8392157 0.8392157 1 0.8392157 0.8392157 0.8392157 1 0.8392157 0.8392157 0.8392157 1 0.8901961 0.8901961 0.8901961 1 0.8901961 0.8901961 0.8901961 1 0.8901961 0.8901961 0.8901961 1 0.8901961 0.8901961 0.8901961 1 0.8901961 0.8901961 0.8901961 1 0.8901961 0.8901961 0.8901961 1 0.8901961 0.8901961 0.8901961 1 0.8901961 0.8901961 0.8901961 1 0.8901961 0.8901961 0.8901961 1 0.8901961 0.8901961 0.8901961 1 0.8901961 0.8901961 0.8901961 1 0.8901961 0.8901961 0.8901961 1 0.8901961 0.8901961 0.8901961 1 0.8901961 0.8901961 0.8901961 1 0.8901961 0.8901961 0.8901961 1 0.8901961 0.8901961 0.8901961 1 0.8901961 0.8901961 0.8901961 1 0.8901961 0.8901961 0.8901961 1 0.8901961 0.8901961 0.8901961 1 0.8901961 0.8901961 0.8901961 1 0.8901961 0.8901961 0.8901961 1 0.8901961 0.8901961 0.8901961 1 0.8901961 0.8901961 0.8901961 1 0.8901961 0.8901961 0.8901961 1 0.8901961 0.8901961 0.8901961 1 0.8901961 0.8901961 0.8901961 1 0.8901961 0.8901961 0.8901961 1 0.8901961 0.8901961 0.8901961 1 0.8901961 0.8901961 0.8901961 1 0.8901961 0.8901961 0.8901961 1 0.8901961 0.8901961 0.8901961 1 0.8901961 0.8901961 0.8901961 1 0.8901961 0.8901961 0.8901961 1 0.8901961 0.8901961 0.8901961 1 0.8901961 0.8901961 0.8901961 1 0.8901961 0.8901961 0.8901961 1 0.8901961 0.8901961 0.8901961 1 0.8901961 0.8901961 0.8901961 1 0.8901961 0.8901961 0.8901961 1 0.8901961 0.8901961 0.8901961 1 0.8901961 0.8901961 0.8901961 1 0.8901961 0.8901961 0.8901961 1 0.8901961 0.8901961 0.8901961 1 0.8901961 0.8901961 0.8901961 1 0.8901961 0.8901961 0.8901961 1 0.8901961 0.8901961 0.8901961 1 0.8901961 0.8901961 0.8901961 1 0.8901961 0.8901961 0.8901961 1 0.8901961 0.8901961 0.8901961 1 0.8901961 0.8901961 0.8901961 1 0.8901961 0.8901961 0.8901961 1 0.8901961 0.8901961 0.8901961 1 0.8901961 0.8901961 0.8901961 1 0.8901961 0.8901961 0.8901961 1 0.8901961 0.8901961 0.8901961 1 0.8901961 0.8901961 0.8901961 1 0.8901961 0.8901961 0.8901961 1 0.8901961 0.8901961 0.8901961 1 0.8901961 0.8901961 0.8901961 1 0.8901961 0.8901961 0.8901961 1 0.8901961 0.8901961 0.8901961 1 0.8901961 0.8901961 0.8901961 1 0.8901961 0.8901961 0.8901961 1 0.8901961 0.8901961 0.8901961 1 0.8901961 0.8901961 0.8901961 1 0.8901961 0.8901961 0.8901961 1 0.8901961 0.8901961 0.8901961 1 0.8901961 0.8901961 0.8901961 1 0.8901961 0.8901961 0.8901961 1 0.8901961 0.8901961 0.8901961 1 0.8901961 0.8901961 0.8901961 1 0.8901961 0.8901961 0.8901961 1 0.8901961 0.8901961 0.8901961 1 0.8901961 0.8901961 0.8901961 1 0.8901961 0.8901961 0.8901961 1 0.8901961 0.8901961 0.8901961 1 0.8901961 0.8901961 0.8901961 1 0.8901961 0.8901961 0.8901961 1 0.8901961 0.8901961 0.8901961 1 0.8901961 0.8901961 0.8901961 1 0.8901961 0.8901961 0.8901961 1 0.8901961 0.8901961 0.8901961 1 0.8901961 0.8901961 0.8901961 1 0.8901961 0.8901961 0.8901961 1 0.8901961 0.8901961 0.8901961 1 0.8901961 0.8901961 0.8901961 1 0.8901961 0.8901961 0.8901961 1 0.8901961 0.8901961 0.8901961 1 0.8901961 0.8901961 0.8901961 1 0.8901961 0.8901961 0.8901961 1 0.8901961 0.8901961 0.8901961 1 0.8901961 0.8901961 0.8901961 1 0.8901961 0.8901961 0.8901961 1 0.8901961 0.8901961 0.8901961 1 0.8901961 0.8901961 0.8901961 1 0.8901961 0.8901961 0.8901961 1 0.8901961 0.8901961 0.8901961 1 0.8901961 0.8901961 0.8901961 1 0.8901961 0.8901961 0.8901961 1 0.8901961 0.8901961 0.8901961 1 0.8901961 0.8901961 0.8901961 1 0.8901961 0.8901961 0.8901961 1 0.8901961 0.8901961 0.8901961 1 0.8901961 0.8901961 0.8901961 1 0.8901961 0.8901961 0.8901961 1 0.8901961 0.8901961 0.8901961 1 0.8901961 0.8901961 0.8901961 1 0.8901961 0.8901961 0.8901961 1 0.8901961 0.8901961 0.8901961 1 0.8901961 0.8901961 0.8901961 1 0.8901961 0.8901961 0.8901961 1 0.8901961 0.8901961 0.8901961 1 0.8901961 0.8901961 0.8901961 1 0.8901961 0.8901961 0.8901961 1 0.8901961 0.8901961 0.8901961 1 0.8901961 0.8901961 0.8901961 1 0.8901961 0.8901961 0.8901961 1 0.8901961 0.8901961 0.8901961 1 0.8901961 0.8901961 0.8901961 1 0.8901961 0.8901961 0.8901961 1 0.8901961 0.8901961 0.8901961 1 0.8901961 0.8901961 0.8901961 1 0.8901961 0.8901961 0.8901961 1 0.8901961 0.8901961 0.8901961 1 0.8901961 0.8901961 0.8901961 1 0.8901961 0.8901961 0.8901961 1 0.8901961 0.8901961 0.8901961 1 0.8901961 0.8901961 0.8901961 1 0.8901961 0.8901961 0.8901961 1 0.8901961 0.8901961 0.8901961 1 0.8901961 0.8901961 0.8901961 1 0.8901961 0.8901961 0.8901961 1 0.8901961 0.8901961 0.8901961 1 0.8901961 0.8901961 0.8901961 1 0.8901961 0.8901961 0.8901961 1 0.8901961 0.8901961 0.8901961 1 0.8901961 0.8901961 0.8901961 1 0.8901961 0.8901961 0.8901961 1 0.8901961 0.8901961 0.8901961 1 0.8901961 0.8901961 0.8901961 1 0.8901961 0.8901961 0.8901961 1 0.8901961 0.8901961 0.8901961 1 0.8901961 0.8901961 0.8901961 1 0.8901961 0.8901961 0.8901961 1 0.8901961 0.8901961 0.8901961 1 0.8901961 0.8901961 0.8901961 1 0.8901961 0.8901961 0.8901961 1 0.8901961 0.8901961 0.8901961 1 0.8901961 0.8901961 0.8901961 1 0.8901961 0.8901961 0.8901961 1 0.8901961 0.8901961 0.8901961 1 0.8901961 0.8901961 0.8901961 1 0.8901961 0.8901961 0.8901961 1 0.8901961 0.8901961 0.8901961 1 0.8901961 0.8901961 0.8901961 1 0.8901961 0.8901961 0.8901961 1 0.8901961 0.8901961 0.8901961 1 0.8901961 0.8901961 0.8901961 1 0.8901961 0.8901961 0.8901961 1 0.8901961 0.8901961 0.8901961 1 0.8901961 0.8901961 0.8901961 1 0.8901961 0.8901961 0.8901961 1 0.8901961 0.8901961 0.8901961 1 0.8901961 0.8901961 0.8901961 1 0.8901961 0.8901961 0.8901961 1 0.8901961 0.8901961 0.8901961 1 0.8901961 0.8901961 0.8901961 1 0.8901961 0.8901961 0.8901961 1 0.8901961 0.8901961 0.8901961 1 0.8901961 0.8901961 0.8901961 1 0.8901961 0.8901961 0.8901961 1 0.8901961 0.8901961 0.8901961 1 0.8901961 0.8901961 0.8901961 1 0.8901961 0.8901961 0.8901961 1 0.8901961 0.8901961 0.8901961 1 0.8901961 0.8901961 0.8901961 1 0.8901961 0.8901961 0.8901961 1 0.8901961 0.8901961 0.8901961 1 0.8901961 0.8901961 0.8901961 1 0.8901961 0.8901961 0.8901961 1 0.8901961 0.8901961 0.8901961 1 0.8901961 0.8901961 0.8901961 1 0.8901961 0.8901961 0.8901961 1 0.8901961 0.8901961 0.8901961 1 0.8901961 0.8901961 0.8901961 1 0.8901961 0.8901961 0.8901961 1 0.8901961 0.8901961 0.8901961 1 0.8901961 0.8901961 0.8901961 1 0.8901961 0.8901961 0.8901961 1 0.8901961 0.8901961 0.8901961 1 0.8901961 0.8901961 0.8901961 1 0.8901961 0.8901961 0.8901961 1 0.8901961 0.8901961 0.8901961 1 0.8901961 0.8901961 0.8901961 1 0.8901961 0.8901961 0.8901961 1 0.8901961 0.8901961 0.8901961 1 0.8901961 0.8901961 0.8901961 1 0.8901961 0.8901961 0.8901961 1 0.8901961 0.8901961 0.8901961 1 0.8901961 0.8901961 0.8901961 1 0.8901961 0.8901961 0.8901961 1 0.8901961 0.8901961 0.8901961 1 0.8901961 0.8901961 0.8901961 1 0.8901961 0.8901961 0.8901961 1 0.8901961 0.8901961 0.8901961 1 0.8901961 0.8901961 0.8901961 1 0.8901961 0.8901961 0.8901961 1 0.8901961 0.8901961 0.8901961 1 0.8901961 0.8901961 0.8901961 1 0.8901961 0.8901961 0.8901961 1 0.8901961 0.8901961 0.8901961 1 0.8901961 0.8901961 0.8901961 1 0.8901961 0.8901961 0.8901961 1 0.8901961 0.8901961 0.8901961 1 0.8901961 0.8901961 0.8901961 1 0.8901961 0.8901961 0.8901961 1 0.8901961 0.8901961 0.8901961 1 0.8901961 0.8901961 0.8901961 1 0.8901961 0.8901961 0.8901961 1 0.8901961 0.8901961 0.8901961 1 0.8901961 0.8901961 0.8901961 1 0.8901961 0.8901961 0.8901961 1 0.8901961 0.8901961 0.8901961 1 0.8901961 0.8901961 0.8901961 1 0.8901961 0.8901961 0.8901961 1 0.8901961 0.8901961 0.8901961 1 0.8901961 0.8901961 0.8901961 1 0.8901961 0.8901961 0.8901961 1 0.8901961 0.8901961 0.8901961 1 0.8901961 0.8901961 0.8901961 1 0.8901961 0.8901961 0.8901961 1 0.8901961 0.8901961 0.8901961 1 0.8901961 0.8901961 0.8901961 1 0.8901961 0.8901961 0.8901961 1 0.8901961 0.8901961 0.8901961 1 0.8901961 0.8901961 0.8901961 1 0.8901961 0.8901961 0.8901961 1 0.8901961 0.8901961 0.8901961 1 0.8901961 0.8901961 0.8901961 1 0.8901961 0.8901961 0.8901961 1 0.8901961 0.8901961 0.8901961 1 0.8901961 0.8901961 0.8901961 1 0.8901961 0.8901961 0.8901961 1 0.8901961 0.8901961 0.8901961 1 0.8901961 0.8901961 0.8901961 1 0.8901961 0.8901961 0.8901961 1 0.8901961 0.8901961 0.8901961 1 0.8901961 0.8901961 0.8901961 1 0.8901961 0.8901961 0.8901961 1 0.8901961 0.8901961 0.8901961 1 0.8901961 0.8901961 0.8901961 1 0.8901961 0.8901961 0.8901961 1 0.8901961 0.8901961 0.8901961 1 0.8901961 0.8901961 0.8901961 1 0.8901961 0.8901961 0.8901961 1 0.8901961 0.8901961 0.8901961 1 0.8901961 0.8901961 0.8901961 1 0.8901961 0.8901961 0.8901961 1 0.8901961 0.8901961 0.8901961 1 0.8901961 0.8901961 0.8901961 1 0.8901961 0.8901961 0.8901961 1 0.8901961 0.8901961 0.8901961 1 0.8901961 0.8901961 0.8901961 1 0.8901961 0.8901961 0.8901961 1 0.8901961 0.8901961 0.8901961 1 0.8901961 0.8901961 0.8901961 1 0.8901961 0.8901961 0.8901961 1 0.8901961 0.8901961 0.8901961 1 0.8901961 0.8901961 0.8901961 1 0.8901961 0.8901961 0.8901961 1 0.8901961 0.8901961 0.8901961 1 0.8901961 0.8901961 0.8901961 1 0.8901961 0.8901961 0.8901961 1 0.8901961 0.8901961 0.8901961 1 0.8901961 0.8901961 0.8901961 1 0.8901961 0.8901961 0.8901961 1 0.8901961 0.8901961 0.8901961 1 0.8901961 0.8901961 0.8901961 1 0.8901961 0.8901961 0.8901961 1 0.8901961 0.8901961 0.8901961 1 0.8901961 0.8901961 0.8901961 1 0.8901961 0.8901961 0.8901961 1 0.8901961 0.8901961 0.8901961 1 0.8901961 0.8901961 0.8901961 1 0.8901961 0.8901961 0.8901961 1 0.8901961 0.8901961 0.8901961 1 0.8901961 0.8901961 0.8901961 1 0.8901961 0.8901961 0.8901961 1 0.8901961 0.8901961 0.8901961 1 0.8901961 0.8901961 0.8901961 1 0.8901961 0.8901961 0.8901961 1 0.8901961 0.8901961 0.8901961 1 0.8901961 0.8901961 0.8901961 1 0.8901961 0.8901961 0.8901961 1 0.8901961 0.8901961 0.8901961 1 0.8901961 0.8901961 0.8901961 1 0.8901961 0.8901961 0.8901961 1 0.8901961 0.8901961 0.8901961 1 0.8901961 0.8901961 0.8901961 1 0.8901961 0.8901961 0.8901961 1 0.8901961 0.8901961 0.8901961 1 0.8901961 0.8901961 0.8901961 1 0.8901961 0.8901961 0.8901961 1 0.8901961 0.8901961 0.8901961 1 0.8901961 0.8901961 0.8901961 1 0.8901961 0.8901961 0.8901961 1 0.8901961 0.8901961 0.8901961 1 0.8901961 0.8901961 0.8901961 1 0.8901961 0.8901961 0.8901961 1 0.8901961 0.8901961 0.8901961 1 0.8901961 0.8901961 0.8901961 1 0.8901961 0.8901961 0.8901961 1 0.8901961 0.8901961 0.8901961 1 0.8901961 0.8901961 0.8901961 1 0.8901961 0.8901961 0.8901961 1 0.8901961 0.8901961 0.8901961 1 0.8901961 0.8901961 0.8901961 1 0.8901961 0.8901961 0.8901961 1 0.8901961 0.8901961 0.8901961 1 0.8901961 0.8901961 0.8901961 1 0.8901961 0.8901961 0.8901961 1 0.8901961 0.8901961 0.8901961 1 0.8901961 0.8901961 0.8901961 1 0.8901961 0.8901961 0.8901961 1 0.8901961 0.8901961 0.8901961 1 0.8901961 0.8901961 0.8901961 1 0.8901961 0.8901961 0.8901961 1 0.8901961 0.8901961 0.8901961 1 0.8901961 0.8901961 0.8901961 1 0.8901961 0.8901961 0.8901961 1 0.8901961 0.8901961 0.8901961 1 0.8901961 0.8901961 0.8901961 1 0.8901961 0.8901961 0.8901961 1 0.8901961 0.8901961 0.8901961 1 0.8901961 0.8901961 0.8901961 1 0.8901961 0.8901961 0.8901961 1 0.8901961 0.8901961 0.8901961 1 0.8901961 0.8901961 0.8901961 1 0.8901961 0.8901961 0.8901961 1 0.8901961 0.8901961 0.8901961 1 0.8901961 0.8901961 0.8901961 1 0.8901961 0.8901961 0.8901961 1 0.8901961 0.8901961 0.8901961 1 0.8901961 0.8901961 0.8901961 1 0.8901961 0.8901961 0.8901961 1 0.8901961 0.8901961 0.8901961 1 0.8901961 0.8901961 0.8901961 1 0.8901961 0.8901961 0.8901961 1 0.8901961 0.8901961 0.8901961 1 0.8901961 0.8901961 0.8901961 1 0.8901961 0.8901961 0.8901961 1 0.8901961 0.8901961 0.8901961 1 0.8901961 0.8901961 0.8901961 1 0.8901961 0.8901961 0.8901961 1 0.8901961 0.8901961 0.8901961 1 0.8901961 0.8901961 0.8901961 1 0.8901961 0.8901961 0.8901961 1 0.8901961 0.8901961 0.8901961 1 0.8901961 0.8901961 0.8901961 1 0.8901961 0.8901961 0.8901961 1 0.8901961 0.8901961 0.8901961 1 0.8901961 0.8901961 0.8901961 1 0.8901961 0.8901961 0.8901961 1 0.8901961 0.8901961 0.8901961 1 0.8901961 0.8901961 0.8901961 1 0.8901961 0.8901961 0.8901961 1 0.8901961 0.8901961 0.8901961 1 0.8901961 0.8901961 0.8901961 1 0.8901961 0.8901961 0.8901961 1 0.8901961 0.8901961 0.8901961 1 0.8901961 0.8901961 0.8901961 1 0.8901961 0.8901961 0.8901961 1 0.8901961 0.8901961 0.8901961 1 0.8901961 0.8901961 0.8901961 1 0.8901961 0.8901961 0.8901961 1 0.8901961 0.8901961 0.8901961 1 0.8901961 0.8901961 0.8901961 1 0.8901961 0.8901961 0.8901961 1 0.8901961 0.8901961 0.8901961 1 0.8901961 0.8901961 0.8901961 1 0.8901961 0.8901961 0.8901961 1 0.8901961 0.8901961 0.8901961 1 0.8901961 0.8901961 0.8901961 1 0.8901961 0.8901961 0.8901961 1 0.8901961 0.8901961 0.8901961 1 0.8901961 0.8901961 0.8901961 1 0.8901961 0.8901961 0.8901961 1 0.8901961 0.8901961 0.8901961 1 0.8901961 0.8901961 0.8901961 1 0.8901961 0.8901961 0.8901961 1 0.8901961 0.8901961 0.8901961 1 0.8901961 0.8901961 0.8901961 1 0.8901961 0.8901961 0.8901961 1 0.8901961 0.8901961 0.8901961 1 0.8901961 0.8901961 0.8901961 1 0.8901961 0.8901961 0.8901961 1 0.8901961 0.8901961 0.8901961 1 0.8901961 0.8901961 0.8901961 1 0.8901961 0.8901961 0.8901961 1 0.8901961 0.8901961 0.8901961 1 0.8901961 0.8901961 0.8901961 1 0.8901961 0.8901961 0.8901961 1 0.8901961 0.8901961 0.8901961 1 0.8901961 0.8901961 0.8901961 1 0.8901961 0.8901961 0.8901961 1 0.8901961 0.8901961 0.8901961 1 0.8901961 0.8901961 0.8901961 1 0.8901961 0.8901961 0.8901961 1 0.8901961 0.8901961 0.8901961 1 0.8901961 0.8901961 0.8901961 1 0.8901961 0.8901961 0.8901961 1 0.8901961 0.8901961 0.8901961 1 0.8901961 0.8901961 0.8901961 1 0.8901961 0.8901961 0.8901961 1 0.8901961 0.8901961 0.8901961 1 0.8901961 0.8901961 0.8901961 1 0.8901961 0.8901961 0.8901961 1 0.8901961 0.8901961 0.8901961 1 0.8901961 0.8901961 0.8901961 1 0.8901961 0.8901961 0.8901961 1 0.8901961 0.8901961 0.8901961 1 0.8901961 0.8901961 0.8901961 1 0.8901961 0.8901961 0.8901961 1 0.8901961 0.8901961 0.8901961 1 0.8901961 0.8901961 0.8901961 1 0.8901961 0.8901961 0.8901961 1 0.8901961 0.8901961 0.8901961 1 0.8901961 0.8901961 0.8901961 1 0.8901961 0.8901961 0.8901961 1 0.8901961 0.8901961 0.8901961 1 0.8901961 0.8901961 0.8901961 1 0.8901961 0.8901961 0.8901961 1 0.8901961 0.8901961 0.8901961 1 0.8901961 0.8901961 0.8901961 1 0.8901961 0.8901961 0.8901961 1 0.8901961 0.8901961 0.8901961 1 0.8901961 0.8901961 0.8901961 1 0.8901961 0.8901961 0.8901961 1 0.8901961 0.8901961 0.8901961 1 0.8901961 0.8901961 0.8901961 1 0.8901961 0.8901961 0.8901961 1 0.8901961 0.8901961 0.8901961 1 0.8901961 0.8901961 0.8901961 1 0.8901961 0.8901961 0.8901961 1 0.8901961 0.8901961 0.8901961 1 0.8901961 0.8901961 0.8901961 1 0.8901961 0.8901961 0.8901961 1 0.8901961 0.8901961 0.8901961 1 0.8901961 0.8901961 0.8901961 1 0.8901961 0.8901961 0.8901961 1 0.8901961 0.8901961 0.8901961 1 0.8901961 0.8901961 0.8901961 1 0.8901961 0.8901961 0.8901961 1 0.8901961 0.8901961 0.8901961 1 0.8901961 0.8901961 0.8901961 1 0.8901961 0.8901961 0.8901961 1 0.8901961 0.8901961 0.8901961 1 0.8901961 0.8901961 0.8901961 1 0.8901961 0.8901961 0.8901961 1 0.8901961 0.8901961 0.8901961 1 0.8901961 0.8901961 0.8901961 1 0.8901961 0.8901961 0.8901961 1 0.8901961 0.8901961 0.8901961 1 0.8901961 0.8901961 0.8901961 1 0.8901961 0.8901961 0.8901961 1 0.8901961 0.8901961 0.8901961 1 0.8901961 0.8901961 0.8901961 1 0.8901961 0.8901961 0.8901961 1 0.8901961 0.8901961 0.8901961 1 0.8901961 0.8901961 0.8901961 1 0.8901961 0.8901961 0.8901961 1 0.8901961 0.8901961 0.8901961 1 0.8901961 0.8901961 0.8901961 1 0.8901961 0.8901961 0.8901961 1 0.8901961 0.8901961 0.8901961 1 0.8901961 0.8901961 0.8901961 1 0.8901961 0.8901961 0.8901961 1 0.8901961 0.8901961 0.8901961 1 0.8901961 0.8901961 0.8901961 1 0.8901961 0.8901961 0.8901961 1 0.8901961 0.8901961 0.8901961 1 0.8901961 0.8901961 0.8901961 1 0.8901961 0.8901961 0.8901961 1 0.8901961 0.8901961 0.8901961 1 0.8901961 0.8901961 0.8901961 1 0.8901961 0.8901961 0.8901961 1 0.8901961 0.8901961 0.8901961 1 0.8901961 0.8901961 0.8901961 1 0.8901961 0.8901961 0.8901961 1 0.8901961 0.8901961 0.8901961 1 0.8901961 0.8901961 0.8901961 1 0.8901961 0.8901961 0.8901961 1 0.8901961 0.8901961 0.8901961 1 0.8901961 0.8901961 0.8901961 1 0.8901961 0.8901961 0.8901961 1 0.8901961 0.8901961 0.8901961 1 0.8901961 0.8901961 0.8901961 1 0.8901961 0.8901961 0.8901961 1 0.8901961 0.8901961 0.8901961 1 0.8901961 0.8901961 0.8901961 1 0.8901961 0.8901961 0.8901961 1 0.8901961 0.8901961 0.8901961 1 0.8901961 0.8901961 0.8901961 1 0.8901961 0.8901961 0.8901961 1 0.8901961 0.8901961 0.8901961 1 0.8901961 0.8901961 0.8901961 1 0.8901961 0.8901961 0.8901961 1 0.8901961 0.8901961 0.8901961 1 0.8901961 0.8901961 0.8901961 1 0.8901961 0.8901961 0.8901961 1 0.8901961 0.8901961 0.8901961 1 0.8901961 0.8901961 0.8901961 1 0.8901961 0.8901961 0.8901961 1 0.8901961 0.8901961 0.8901961 1 0.8901961 0.8901961 0.8901961 1 0.8901961 0.8901961 0.8901961 1 0.8901961 0.8901961 0.8901961 1 0.8901961 0.8901961 0.8901961 1 0.8901961 0.8901961 0.8901961 1 0.8901961 0.8901961 0.8901961 1 0.8901961 0.8901961 0.8901961 1 0.8901961 0.8901961 0.8901961 1 0.8901961 0.8901961 0.8901961 1 0.8901961 0.8901961 0.8901961 1 0.8901961 0.8901961 0.8901961 1 0.8901961 0.8901961 0.8901961 1 0.8901961 0.8901961 0.8901961 1 0.8901961 0.8901961 0.8901961 1 0.8901961 0.8901961 0.8901961 1 0.8901961 0.8901961 0.8901961 1 0.8901961 0.8901961 0.8901961 1 0.8901961 0.8901961 0.8901961 1 0.8901961 0.8901961 0.8901961 1 0.8901961 0.8901961 0.8901961 1 0.8901961 0.8901961 0.8901961 1 0.8901961 0.8901961 0.8901961 1 0.8901961 0.8901961 0.8901961 1 0.8901961 0.8901961 0.8901961 1 0.8901961 0.8901961 0.8901961 1 0.8901961 0.8901961 0.8901961 1 0.8901961 0.8901961 0.8901961 1 0.8901961 0.8901961 0.8901961 1 0.8901961 0.8901961 0.8901961 1 0.8901961 0.8901961 0.8901961 1 0.8901961 0.8901961 0.8901961 1 0.8901961 0.8901961 0.8901961 1 0.8901961 0.8901961 0.8901961 1 0.8901961 0.8901961 0.8901961 1 0.8901961 0.8901961 0.8901961 1 0.8901961 0.8901961 0.8901961 1 0.8901961 0.8901961 0.8901961 1 0.8901961 0.8901961 0.8901961 1 0.8901961 0.8901961 0.8901961 1 0.8901961 0.8901961 0.8901961 1 0.8901961 0.8901961 0.8901961 1 0.8901961 0.8901961 0.8901961 1 0.8901961 0.8901961 0.8901961 1 0.8901961 0.8901961 0.8901961 1 0.8901961 0.8901961 0.8901961 1 0.8901961 0.8901961 0.8901961 1 0.8901961 0.8901961 0.8901961 1 0.8901961 0.8901961 0.8901961 1 0.8901961 0.8901961 0.8901961 1 0.8901961 0.8901961 0.8901961 1 0.8901961 0.8901961 0.8901961 1 0.8901961 0.8901961 0.8901961 1 0.8901961 0.8901961 0.8901961 1 0.8901961 0.8901961 0.8901961 1 0.8901961 0.8901961 0.8901961 1 0.8901961 0.8901961 0.8901961 1 0.8901961 0.8901961 0.8901961 1 0.8901961 0.8901961 0.8901961 1 0.8901961 0.8901961 0.8901961 1 0.8901961 0.8901961 0.8901961 1 0.8901961 0.8901961 0.8901961 1 0.8901961 0.8901961 0.8901961 1 0.8901961 0.8901961 0.8901961 1 0.8901961 0.8901961 0.8901961 1 0.8901961 0.8901961 0.8901961 1 0.8901961 0.8901961 0.8901961 1 0.8901961 0.8901961 0.8901961 1 0.8901961 0.8901961 0.8901961 1 0.8901961 0.8901961 0.8901961 1 0.8901961 0.8901961 0.8901961 1 0.8901961 0.8901961 0.8901961 1 0.8901961 0.8901961 0.8901961 1 0.8901961 0.8901961 0.8901961 1 0.8901961 0.8901961 0.8901961 1 0.8901961 0.8901961 0.8901961 1 0.8901961 0.8901961 0.8901961 1 0.8901961 0.8901961 0.8901961 1 0.8901961 0.8901961 0.8901961 1 0.8901961 0.8901961 0.8901961 1 0.8901961 0.8901961 0.8901961 1 0.8901961 0.8901961 0.8901961 1 0.8901961 0.8901961 0.8901961 1 0.8901961 0.8901961 0.8901961 1 0.8901961 0.8901961 0.8901961 1 0.8901961 0.8901961 0.8901961 1 0.8901961 0.8901961 0.8901961 1 0.8901961 0.8901961 0.8901961 1 0.8901961 0.8901961 0.8901961 1 0.8901961 0.8901961 0.8901961 1 0.8901961 0.8901961 0.8901961 1 0.8901961 0.8901961 0.8901961 1 0.8901961 0.8901961 0.8901961 1 0.8901961 0.8901961 0.8901961 1 0.8901961 0.8901961 0.8901961 1 0.8901961 0.8901961 0.8901961 1 0.8901961 0.8901961 0.8901961 1 0.8901961 0.8901961 0.8901961 1 0.8901961 0.8901961 0.8901961 1 0.8901961 0.8901961 0.8901961 1 0.8901961 0.8901961 0.8901961 1 0.8901961 0.8901961 0.8901961 1 0.8901961 0.8901961 0.8901961 1 0.8901961 0.8901961 0.8901961 1 0.8901961 0.8901961 0.8901961 1 0.8901961 0.8901961 0.8901961 1 0.8901961 0.8901961 0.8901961 1 0.8901961 0.8901961 0.8901961 1 0.8901961 0.8901961 0.8901961 1 0.8901961 0.8901961 0.8901961 1 0.8901961 0.8901961 0.8901961 1 0.8901961 0.8901961 0.8901961 1 0.8901961 0.8901961 0.8901961 1 0.8901961 0.8901961 0.8901961 1 0.8901961 0.8901961 0.8901961 1 0.8901961 0.8901961 0.8901961 1 0.8901961 0.8901961 0.8901961 1 0.8901961 0.8901961 0.8901961 1 0.8901961 0.8901961 0.8901961 1 0.8901961 0.8901961 0.8901961 1 0.8901961 0.8901961 0.8901961 1 0.8901961 0.8901961 0.8901961 1 0.8901961 0.8901961 0.8901961 1 0.8901961 0.8901961 0.8901961 1 0.8901961 0.8901961 0.8901961 1 0.8901961 0.8901961 0.8901961 1 0.8901961 0.8901961 0.8901961 1 0.8901961 0.8901961 0.8901961 1 0.8901961 0.8901961 0.8901961 1 0.8901961 0.8901961 0.8901961 1 0.8901961 0.8901961 0.8901961 1 0.8901961 0.8901961 0.8901961 1 0.8901961 0.8901961 0.8901961 1 0.8901961 0.8901961 0.8901961 1 0.8901961 0.8901961 0.8901961 1 0.8901961 0.8901961 0.8901961 1 0.8901961 0.8901961 0.8901961 1 0.8901961 0.8901961 0.8901961 1 0.8901961 0.8901961 0.8901961 1 0.8901961 0.8901961 0.8901961 1 0.8901961 0.8901961 0.8901961 1 0.8901961 0.8901961 0.8901961 1 0.8901961 0.8901961 0.8901961 1 0.8901961 0.8901961 0.8901961 1 0.8901961 0.8901961 0.8901961 1 0.8901961 0.8901961 0.8901961 1 0.8901961 0.8901961 0.8901961 1 0.8901961 0.8901961 0.8901961 1 0.8901961 0.8901961 0.8901961 1 0.8901961 0.8901961 0.8901961 1 0.8901961 0.8901961 0.8901961 1 0.8901961 0.8901961 0.8901961 1 0.8901961 0.8901961 0.8901961 1 0.8901961 0.8901961 0.8901961 1 0.8901961 0.8901961 0.8901961 1 0.8901961 0.8901961 0.8901961 1 0.8901961 0.8901961 0.8901961 1 0.8901961 0.8901961 0.8901961 1 0.8901961 0.8901961 0.8901961 1 0.8901961 0.8901961 0.8901961 1 0.8901961 0.8901961 0.8901961 1 0.8901961 0.8901961 0.8901961 1 0.8901961 0.8901961 0.8901961 1 0.8901961 0.8901961 0.8901961 1 0.8901961 0.8901961 0.8901961 1 0.8901961 0.8901961 0.8901961 1 0.8901961 0.8901961 0.8901961 1 0.8901961 0.8901961 0.8901961 1 0.8901961 0.8901961 0.8901961 1 0.8901961 0.8901961 0.8901961 1 0.8901961 0.8901961 0.8901961 1 0.8901961 0.8901961 0.8901961 1 0.8901961 0.8901961 0.8901961 1 0.8901961 0.8901961 0.8901961 1 0.8901961 0.8901961 0.8901961 1 0.8901961 0.8901961 0.8901961 1 0.8901961 0.8901961 0.8901961 1 0.8901961 0.8901961 0.8901961 1 0.8901961 0.8901961 0.8901961 1 0.8901961 0.8901961 0.8901961 1 0.8901961 0.8901961 0.8901961 1 0.8901961 0.8901961 0.8901961 1 0.8901961 0.8901961 0.8901961 1 0.8901961 0.8901961 0.8901961 1 0.8901961 0.8901961 0.8901961 1 0.8901961 0.8901961 0.8901961 1 0.8901961 0.8901961 0.8901961 1 0.8901961 0.8901961 0.8901961 1 0.8901961 0.8901961 0.8901961 1 0.8901961 0.8901961 0.8901961 1 0.8901961 0.8901961 0.8901961 1 0.8901961 0.8901961 0.8901961 1 0.8901961 0.8901961 0.8901961 1 0.8901961 0.8901961 0.8901961 1 0.8901961 0.8901961 0.8901961 1 0.8901961 0.8901961 0.8901961 1 0.8901961 0.8901961 0.8901961 1 0.8901961 0.8901961 0.8901961 1 0.8901961 0.8901961 0.8901961 1 0.8901961 0.8901961 0.8901961 1 0.8901961 0.8901961 0.8901961 1 0.8901961 0.8901961 0.8901961 1 0.8901961 0.8901961 0.8901961 1 0.8901961 0.8901961 0.8901961 1 0.8901961 0.8901961 0.8901961 1 0.8901961 0.8901961 0.8901961 1 0.8901961 0.8901961 0.8901961 1 0.8901961 0.8901961 0.8901961 1 0.8901961 0.8901961 0.8901961 1 0.8901961 0.8901961 0.8901961 1 0.8901961 0.8901961 0.8901961 1 0.8901961 0.8901961 0.8901961 1 0.8901961 0.8901961 0.8901961 1 0.8901961 0.8901961 0.8901961 1 0.8901961 0.8901961 0.8901961 1 0.8901961 0.8901961 0.8901961 1 0.8901961 0.8901961 0.8901961 1 0.8901961 0.8901961 0.8901961 1 0.8901961 0.8901961 0.8901961 1 0.8901961 0.8901961 0.8901961 1 0.8901961 0.8901961 0.8901961 1 0.8901961 0.8901961 0.8901961 1 0.8901961 0.8901961 0.8901961 1 0.8901961 0.8901961 0.8901961 1 0.8901961 0.8901961 0.8901961 1 0.8901961 0.8901961 0.8901961 1 0.8901961 0.8901961 0.8901961 1 0.8901961 0.8901961 0.8901961 1 0.8901961 0.8901961 0.8901961 1 0.8901961 0.8901961 0.8901961 1 0.8901961 0.8901961 0.8901961 1 0.8901961 0.8901961 0.8901961 1 0.8901961 0.8901961 0.8901961 1 0.8901961 0.8901961 0.8901961 1 0.8901961 0.8901961 0.8901961 1 0.8901961 0.8901961 0.8901961 1 0.8901961 0.8901961 0.8901961 1 0.8901961 0.8901961 0.8901961 1 0.8901961 0.8901961 0.8901961 1 0.8901961 0.8901961 0.8901961 1 0.8901961 0.8901961 0.8901961 1 0.8901961 0.8901961 0.8901961 1 0.8901961 0.8901961 0.8901961 1 0.8901961 0.8901961 0.8901961 1 0.8901961 0.8901961 0.8901961 1 0.8901961 0.8901961 0.8901961 1 0.8901961 0.8901961 0.8901961 1 0.8901961 0.8901961 0.8901961 1 0.8901961 0.8901961 0.8901961 1 0.8901961 0.8901961 0.8901961 1 0.8901961 0.8901961 0.8901961 1 0.8901961 0.8901961 0.8901961 1 0.8901961 0.8901961 0.8901961 1 0.8901961 0.8901961 0.8901961 1 0.8901961 0.8901961 0.8901961 1 0.8901961 0.8901961 0.8901961 1 0.8901961 0.8901961 0.8901961 1 0.8901961 0.8901961 0.8901961 1 0.8901961 0.8901961 0.8901961 1 0.8901961 0.8901961 0.8901961 1 0.8901961 0.8901961 0.8901961 1 0.8901961 0.8901961 0.8901961 1 0.8901961 0.8901961 0.8901961 1 0.8901961 0.8901961 0.8901961 1 0.8901961 0.8901961 0.8901961 1 0.8901961 0.8901961 0.8901961 1 0.8901961 0.8901961 0.8901961 1 0.8901961 0.8901961 0.8901961 1 0.8901961 0.8901961 0.8901961 1 0.8901961 0.8901961 0.8901961 1 0.8901961 0.8901961 0.8901961 1 0.8901961 0.8901961 0.8901961 1 0.8901961 0.8901961 0.8901961 1 0.8901961 0.8901961 0.8901961 1 0.8901961 0.8901961 0.8901961 1 0.8901961 0.8901961 0.8901961 1 0.8901961 0.8901961 0.8901961 1 0.8901961 0.8901961 0.8901961 1 0.8901961 0.8901961 0.8901961 1 0.8901961 0.8901961 0.8901961 1 0.8901961 0.8901961 0.8901961 1 0.8901961 0.8901961 0.8901961 1 0.8901961 0.8901961 0.8901961 1 0.8901961 0.8901961 0.8901961 1 0.8901961 0.8901961 0.8901961 1 0.8901961 0.8901961 0.8901961 1 0.8901961 0.8901961 0.8901961 1 0.8901961 0.8901961 0.8901961 1 0.8901961 0.8901961 0.8901961 1 0.8901961 0.8901961 0.8901961 1 0.8901961 0.8901961 0.8901961 1 0.8901961 0.8901961 0.8901961 1 0.8901961 0.8901961 0.8901961 1 0.8901961 0.8901961 0.8901961 1 0.8901961 0.8901961 0.8901961 1 0.8901961 0.8901961 0.8901961 1 0.8901961 0.8901961 0.8901961 1 0.8901961 0.8901961 0.8901961 1 0.8901961 0.8901961 0.8901961 1 0.8901961 0.8901961 0.8901961 1 0.8901961 0.8901961 0.8901961 1 0.8901961 0.8901961 0.8901961 1 0.8901961 0.8901961 0.8901961 1 0.8901961 0.8901961 0.8901961 1 0.8901961 0.8901961 0.8901961 1 0.8901961 0.8901961 0.8901961 1 0.8901961 0.8901961 0.8901961 1 0.8901961 0.8901961 0.8901961 1 0.8901961 0.8901961 0.8901961 1 0.8901961 0.8901961 0.8901961 1 0.8901961 0.8901961 0.8901961 1 0.8901961 0.8901961 0.8901961 1 0.8901961 0.8901961 0.8901961 1 0.8901961 0.8901961 0.8901961 1 0.8901961 0.8901961 0.8901961 1 0.8901961 0.8901961 0.8901961 1 0.8901961 0.8901961 0.8901961 1 0.8901961 0.8901961 0.8901961 1 0.8901961 0.8901961 0.8901961 1 0.8901961 0.8901961 0.8901961 1 0.8901961 0.8901961 0.8901961 1 0.8901961 0.8901961 0.8901961 1 0.8901961 0.8901961 0.8901961 1 0.8901961 0.8901961 0.8901961 1 0.8901961 0.8901961 0.8901961 1 0.8901961 0.8901961 0.8901961 1 0.8901961 0.8901961 0.8901961 1 0.8901961 0.8901961 0.8901961 1 0.8901961 0.8901961 0.8901961 1 0.8901961 0.8901961 0.8901961 1 0.8901961 0.8901961 0.8901961 1 0.8901961 0.8901961 0.8901961 1 0.8901961 0.8901961 0.8901961 1 0.8901961 0.8901961 0.8901961 1 0.8901961 0.8901961 0.8901961 1 0.8901961 0.8901961 0.8901961 1 0.8901961 0.8901961 0.8901961 1 0.8901961 0.8901961 0.8901961 1 0.8901961 0.8901961 0.8901961 1 0.8901961 0.8901961 0.8901961 1 0.8901961 0.8901961 0.8901961 1 0.8901961 0.8901961 0.8901961 1 0.8901961 0.8901961 0.8901961 1 0.8901961 0.8901961 0.8901961 1 0.8901961 0.8901961 0.8901961 1 0.8901961 0.8901961 0.8901961 1 0.8901961 0.8901961 0.8901961 1 0.8901961 0.8901961 0.8901961 1 0.8901961 0.8901961 0.8901961 1 0.8901961 0.8901961 0.8901961 1 0.8901961 0.8901961 0.8901961 1 0.8901961 0.8901961 0.8901961 1 0.8901961 0.8901961 0.8901961 1 0.8901961 0.8901961 0.8901961 1 0.8901961 0.8901961 0.8901961 1 0.8901961 0.8901961 0.8901961 1 0.8901961 0.8901961 0.8901961 1 0.8901961 0.8901961 0.8901961 1 0.8901961 0.8901961 0.8901961 1 0.8901961 0.8901961 0.8901961 1 0.8901961 0.8901961 0.8901961 1 0.8901961 0.8901961 0.8901961 1 0.8901961 0.8901961 0.8901961 1 0.8901961 0.8901961 0.8901961 1 0.8901961 0.8901961 0.8901961 1 0.8901961 0.8901961 0.8901961 1 0.8901961 0.8901961 0.8901961 1 0.8901961 0.8901961 0.8901961 1 0.8901961 0.8901961 0.8901961 1 0.8901961 0.8901961 0.8901961 1 0.8901961 0.8901961 0.8901961 1 0.8901961 0.8901961 0.8901961 1 0.8901961 0.8901961 0.8901961 1 0.8901961 0.8901961 0.8901961 1 0.8901961 0.8901961 0.8901961 1 0.8901961 0.8901961 0.8901961 1 0.8901961 0.8901961 0.8901961 1 0.8901961 0.8901961 0.8901961 1 0.8901961 0.8901961 0.8901961 1 0.8901961 0.8901961 0.8901961 1 0.8901961 0.8901961 0.8901961 1 0.8901961 0.8901961 0.8901961 1 0.8901961 0.8901961 0.8901961 1 0.8901961 0.8901961 0.8901961 1 0.8901961 0.8901961 0.8901961 1 0.8901961 0.8901961 0.8901961 1 0.8901961 0.8901961 0.8901961 1 0.8901961 0.8901961 0.8901961 1 0.8901961 0.8901961 0.8901961 1 0.8901961 0.8901961 0.8901961 1 0.8901961 0.8901961 0.8901961 1 0.8901961 0.8901961 0.8901961 1 0.8901961 0.8901961 0.8901961 1 0.8901961 0.8901961 0.8901961 1 0.8901961 0.8901961 0.8901961 1 0.8901961 0.8901961 0.8901961 1 0.8901961 0.8901961 0.8901961 1 0.8901961 0.8901961 0.8901961 1 0.8901961 0.8901961 0.8901961 1 0.8901961 0.8901961 0.8901961 1 0.8901961 0.8901961 0.8901961 1 0.8901961 0.8901961 0.8901961 1 0.8901961 0.8901961 0.8901961 1 0.8901961 0.8901961 0.8901961 1 0.8901961 0.8901961 0.8901961 1 0.8901961 0.8901961 0.8901961 1 0.8901961 0.8901961 0.8901961 1 0.8901961 0.8901961 0.8901961 1 0.8901961 0.8901961 0.8901961 1 0.8901961 0.8901961 0.8901961 1 0.8901961 0.8901961 0.8901961 1 0.8901961 0.8901961 0.8901961 1 0.8901961 0.8901961 0.8901961 1 0.8901961 0.8901961 0.8901961 1 0.8901961 0.8901961 0.8901961 1 0.8901961 0.8901961 0.8901961 1 0.8901961 0.8901961 0.8901961 1 0.8901961 0.8901961 0.8901961 1 0.8901961 0.8901961 0.8901961 1 0.8901961 0.8901961 0.8901961 1 0.8901961 0.8901961 0.8901961 1 0.8901961 0.8901961 0.8901961 1 0.8901961 0.8901961 0.8901961 1 0.8901961 0.8901961 0.8901961 1 0.8901961 0.8901961 0.8901961 1 0.8901961 0.8901961 0.8901961 1 0.8901961 0.8901961 0.8901961 1 0.8901961 0.8901961 0.8901961 1 0.8901961 0.8901961 0.8901961 1 0.8901961 0.8901961 0.8901961 1 0.8901961 0.8901961 0.8901961 1 0.8901961 0.8901961 0.8901961 1 0.8901961 0.8901961 0.8901961 1 0.8901961 0.8901961 0.8901961 1 0.8901961 0.8901961 0.8901961 1 0.8901961 0.8901961 0.8901961 1 0.8901961 0.8901961 0.8901961 1 0.8901961 0.8901961 0.8901961 1 0.8901961 0.8901961 0.8901961 1 0.8901961 0.8901961 0.8901961 1 0.8901961 0.8901961 0.8901961 1 0.8901961 0.8901961 0.8901961 1 0.8901961 0.8901961 0.8901961 1 0.8901961 0.8901961 0.8901961 1 0.8901961 0.8901961 0.8901961 1 0.8901961 0.8901961 0.8901961 1 0.8901961 0.8901961 0.8901961 1 0.8901961 0.8901961 0.8901961 1 0.8901961 0.8901961 0.8901961 1 0.8901961 0.8901961 0.8901961 1 0.8901961 0.8901961 0.8901961 1 0.8901961 0.8901961 0.8901961 1 0.8901961 0.8901961 0.8901961 1 0.8901961 0.8901961 0.8901961 1 0.8901961 0.8901961 0.8901961 1 0.8901961 0.8901961 0.8901961 1 0.8901961 0.8901961 0.8901961 1 0.8901961 0.8901961 0.8901961 1 0.8901961 0.8901961 0.8901961 1 0.8901961 0.8901961 0.8901961 1 0.8901961 0.8901961 0.8901961 1 0.8901961 0.8901961 0.8901961 1 0.8901961 0.8901961 0.8901961 1 0.8901961 0.8901961 0.8901961 1 0.8901961 0.8901961 0.8901961 1 0.8901961 0.8901961 0.8901961 1 0.8901961 0.8901961 0.8901961 1 0.8901961 0.8901961 0.8901961 1 0.8901961 0.8901961 0.8901961 1 0.8901961 0.8901961 0.8901961 1 0.8901961 0.8901961 0.8901961 1 0.8901961 0.8901961 0.8901961 1 0.8901961 0.8901961 0.8901961 1 0.8901961 0.8901961 0.8901961 1 0.8901961 0.8901961 0.8901961 1 0.8901961 0.8901961 0.8901961 1 0.8901961 0.8901961 0.8901961 1 0.8901961 0.8901961 0.8901961 1 0.8901961 0.8901961 0.8901961 1 0.8901961 0.8901961 0.8901961 1 0.8901961 0.8901961 0.8901961 1 0.8901961 0.8901961 0.8901961 1 0.8901961 0.8901961 0.8901961 1 0.8901961 0.8901961 0.8901961 1 0.8901961 0.8901961 0.8901961 1 0.8901961 0.8901961 0.8901961 1 0.8901961 0.8901961 0.8901961 1 0.8901961 0.8901961 0.8901961 1 0.8901961 0.8901961 0.8901961 1 0.8901961 0.8901961 0.8901961 1 0.8901961 0.8901961 0.8901961 1 0.8901961 0.8901961 0.8901961 1 0.8901961 0.8901961 0.8901961 1 0.8901961 0.8901961 0.8901961 1 0.8901961 0.8901961 0.8901961 1 0.8901961 0.8901961 0.8901961 1 0.8901961 0.8901961 0.8901961 1 0.8901961 0.8901961 0.8901961 1 0.8901961 0.8901961 0.8901961 1 0.8901961 0.8901961 0.8901961 1 0.8901961 0.8901961 0.8901961 1 0.8901961 0.8901961 0.8901961 1 0.8901961 0.8901961 0.8901961 1 0.8901961 0.8901961 0.8901961 1 0.8901961 0.8901961 0.8901961 1 0.8901961 0.8901961 0.8901961 1 0.8901961 0.8901961 0.8901961 1 0.8901961 0.8901961 0.8901961 1 0.8901961 0.8901961 0.8901961 1 0.8901961 0.8901961 0.8901961 1 0.8901961 0.8901961 0.8901961 1 0.8901961 0.8901961 0.8901961 1 0.8901961 0.8901961 0.8901961 1 0.8901961 0.8901961 0.8901961 1 0.8901961 0.8901961 0.8901961 1 0.8901961 0.8901961 0.8901961 1 0.8901961 0.8901961 0.8901961 1 0.8901961 0.8901961 0.8901961 1 0.8901961 0.8901961 0.8901961 1 0.8901961 0.8901961 0.8901961 1 0.8901961 0.8901961 0.8901961 1 0.8901961 0.8901961 0.8901961 1 0.8901961 0.8901961 0.8901961 1 0.8901961 0.8901961 0.8901961 1 0.8901961 0.8901961 0.8901961 1 0.8901961 0.8901961 0.8901961 1 0.8901961 0.8901961 0.8901961 1 0.8901961 0.8901961 0.8901961 1 0.8901961 0.8901961 0.8901961 1 0.8901961 0.8901961 0.8901961 1 0.8901961 0.8901961 0.8901961 1 0.8901961 0.8901961 0.8901961 1 0.8901961 0.8901961 0.8901961 1 0.8901961 0.8901961 0.8901961 1 0.8901961 0.8901961 0.8901961 1 0.8901961 0.8901961 0.8901961 1 0.8901961 0.8901961 0.8901961 1 0.8901961 0.8901961 0.8901961 1 0.8901961 0.8901961 0.8901961 1 0.8901961 0.8901961 0.8901961 1 0.8901961 0.8901961 0.8901961 1 0.8901961 0.8901961 0.8901961 1 0.8901961 0.8901961 0.8901961 1 0.8901961 0.8901961 0.8901961 1 0.8901961 0.8901961 0.8901961 1 0.8901961 0.8901961 0.8901961 1 0.8901961 0.8901961 0.8901961 1 0.8901961 0.8901961 0.8901961 1 0.8901961 0.8901961 0.8901961 1 0.8901961 0.8901961 0.8901961 1 0.8901961 0.8901961 0.8901961 1 0.8901961 0.8901961 0.8901961 1 0.8901961 0.8901961 0.8901961 1 0.8901961 0.8901961 0.8901961 1 0.8901961 0.8901961 0.8901961 1 0.8901961 0.8901961 0.8901961 1 0.8901961 0.8901961 0.8901961 1 0.8901961 0.8901961 0.8901961 1 0.8901961 0.8901961 0.8901961 1 0.8901961 0.8901961 0.8901961 1 0.8901961 0.8901961 0.8901961 1 0.8901961 0.8901961 0.8901961 1 0.8901961 0.8901961 0.8901961 1 0.8901961 0.8901961 0.8901961 1 0.8901961 0.8901961 0.8901961 1 0.8901961 0.8901961 0.8901961 1 0.8901961 0.8901961 0.8901961 1 0.8901961 0.8901961 0.8901961 1 0.8901961 0.8901961 0.8901961 1 0.8901961 0.8901961 0.8901961 1 0.8901961 0.8901961 0.8901961 1 0.8901961 0.8901961 0.8901961 1 0.8901961 0.8901961 0.8901961 1 0.8901961 0.8901961 0.8901961 1 0.8901961 0.8901961 0.8901961 1 0.8901961 0.8901961 0.8901961 1 0.8901961 0.8901961 0.8901961 1 0.8901961 0.8901961 0.8901961 1 0.8901961 0.8901961 0.8901961 1 0.8901961 0.8901961 0.8901961 1 0.8901961 0.8901961 0.8901961 1 0.8901961 0.8901961 0.8901961 1 0.8901961 0.8901961 0.8901961 1 0.8901961 0.8901961 0.8901961 1 0.8901961 0.8901961 0.8901961 1 0.8901961 0.8901961 0.8901961 1 0.8901961 0.8901961 0.8901961 1 0.8901961 0.8901961 0.8901961 1 0.8901961 0.8901961 0.8901961 1 0.8901961 0.8901961 0.8901961 1 0.8901961 0.8901961 0.8901961 1 0.8901961 0.8901961 0.8901961 1 0.8901961 0.8901961 0.8901961 1 0.8901961 0.8901961 0.8901961 1 0.8901961 0.8901961 0.8901961 1 0.8901961 0.8901961 0.8901961 1 0.8901961 0.8901961 0.8901961 1 0.8901961 0.8901961 0.8901961 1 0.8901961 0.8901961 0.8901961 1 0.8901961 0.8901961 0.8901961 1 0.8901961 0.8901961 0.8901961 1 0.8901961 0.8901961 0.8901961 1 0.8901961 0.8901961 0.8901961 1 0.8901961 0.8901961 0.8901961 1 0.8901961 0.8901961 0.8901961 1 0.8901961 0.8901961 0.8901961 1 0.8901961 0.8901961 0.8901961 1 0.8901961 0.8901961 0.8901961 1 0.8901961 0.8901961 0.8901961 1 0.8901961 0.8901961 0.8901961 1 0.8901961 0.8901961 0.8901961 1 0.8901961 0.8901961 0.8901961 1 0.8901961 0.8901961 0.8901961 1 0.8901961 0.8901961 0.8901961 1 0.8901961 0.8901961 0.8901961 1 0.8901961 0.8901961 0.8901961 1 0.8901961 0.8901961 0.8901961 1 0.8901961 0.8901961 0.8901961 1 0.8901961 0.8901961 0.8901961 1 0.8901961 0.8901961 0.8901961 1 0.8901961 0.8901961 0.8901961 1 0.8901961 0.8901961 0.8901961 1 0.8901961 0.8901961 0.8901961 1 0.8901961 0.8901961 0.8901961 1 0.8901961 0.8901961 0.8901961 1 0.8901961 0.8901961 0.8901961 1 0.8901961 0.8901961 0.8901961 1 0.8901961 0.8901961 0.8901961 1 0.8901961 0.8901961 0.8901961 1 0.8901961 0.8901961 0.8901961 1 0.8901961 0.8901961 0.8901961 1 0.8901961 0.8901961 0.8901961 1 0.8901961 0.8901961 0.8901961 1 0.8901961 0.8901961 0.8901961 1 0.8901961 0.8901961 0.8901961 1 0.8901961 0.8901961 0.8901961 1 0.8901961 0.8901961 0.8901961 1 0.8901961 0.8901961 0.8901961 1 0.8901961 0.8901961 0.8901961 1 0.8901961 0.8901961 0.8901961 1 0.8901961 0.8901961 0.8901961 1 0.8901961 0.8901961 0.8901961 1 0.8901961 0.8901961 0.8901961 1 0.8901961 0.8901961 0.8901961 1 0.8901961 0.8901961 0.8901961 1 0.8901961 0.8901961 0.8901961 1 0.8901961 0.8901961 0.8901961 1 0.8901961 0.8901961 0.8901961 1 0.8901961 0.8901961 0.8901961 1 0.8901961 0.8901961 0.8901961 1 0.8901961 0.8901961 0.8901961 1 0.8901961 0.8901961 0.8901961 1 0.8901961 0.8901961 0.8901961 1 0.8901961 0.8901961 0.8901961 1 0.8901961 0.8901961 0.8901961 1 0.8901961 0.8901961 0.8901961 1 0.8901961 0.8901961 0.8901961 1 0.8901961 0.8901961 0.8901961 1 0.8901961 0.8901961 0.8901961 1 0.8901961 0.8901961 0.8901961 1 0.8901961 0.8901961 0.8901961 1 0.8901961 0.8901961 0.8901961 1 0.8901961 0.8901961 0.8901961 1 0.8901961 0.8901961 0.8901961 1 0.8901961 0.8901961 0.8901961 1 0.8901961 0.8901961 0.8901961 1 0.8901961 0.8901961 0.8901961 1 0.8901961 0.8901961 0.8901961 1 0.8901961 0.8901961 0.8901961 1 0.8901961 0.8901961 0.8901961 1 0.8901961 0.8901961 0.8901961 1 0.8901961 0.8901961 0.8901961 1 0.8901961 0.8901961 0.8901961 1 0.8901961 0.8901961 0.8901961 1 0.8901961 0.8901961 0.8901961 1 0.8901961 0.8901961 0.8901961 1 0.8901961 0.8901961 0.8901961 1 0.8901961 0.8901961 0.8901961 1 0.8901961 0.8901961 0.8901961 1 0.8901961 0.8901961 0.8901961 1 0.8901961 0.8901961 0.8901961 1 0.8901961 0.8901961 0.8901961 1 0.8901961 0.8901961 0.8901961 1 0.8901961 0.8901961 0.8901961 1 0.8901961 0.8901961 0.8901961 1 0.8901961 0.8901961 0.8901961 1 0.8901961 0.8901961 0.8901961 1 0.8901961 0.8901961 0.8901961 1 0.8901961 0.8901961 0.8901961 1 0.8901961 0.8901961 0.8901961 1 0.8901961 0.8901961 0.8901961 1 0.8901961 0.8901961 0.8901961 1 0.8901961 0.8901961 0.8901961 1 0.8901961 0.8901961 0.8901961 1 0.8901961 0.8901961 0.8901961 1 0.8901961 0.8901961 0.8901961 1 0.8901961 0.8901961 0.8901961 1 0.8901961 0.8901961 0.8901961 1 0.8901961 0.8901961 0.8901961 1 0.8901961 0.8901961 0.8901961 1 0.8901961 0.8901961 0.8901961 1 0.8901961 0.8901961 0.8901961 1 0.8901961 0.8901961 0.8901961 1 0.8901961 0.8901961 0.8901961 1 0.8901961 0.8901961 0.8901961 1 0.8901961 0.8901961 0.8901961 1 0.8901961 0.8901961 0.8901961 1 0.8901961 0.8901961 0.8901961 1 0.8901961 0.8901961 0.8901961 1 0.8901961 0.8901961 0.8901961 1 0.8901961 0.8901961 0.8901961 1 0.8901961 0.8901961 0.8901961 1 0.8901961 0.8901961 0.8901961 1 0.8901961 0.8901961 0.8901961 1 0.8901961 0.8901961 0.8901961 1 0.8901961 0.8901961 0.8901961 1 0.8901961 0.8901961 0.8901961 1 1 1 1 1 1 1 1 1 1 1 1 1 1 1 1 1 1 1 1 1 1 1 1 1 1 1 1 1 1 1 1 1 1 1 1 1 1 1 1 1 1 1 1 1 1 1 1 1 1 1 1 1 1 1 1 1 1 1 1 1 1 1 1 1 1 1 1 1 1 1 1 1 1 1 1 1 1 1 1 1 1 1 1 1 1 1 1 1 1 1 1 1 1 1 1 1 1 1 1 1 1 1 1 1 1 1 1 1 1 1 1 1 1 1 1 1 1 1 1 1 1 1 1 1 1 1 1 1 1 1 1 1 1 1 1 1 1 1 1 1 1 1 1 1 1 1 1 1 1 1 1 1 1 1 1 1 1 1 1 1 1 1 1 1 1 1 1 1 1 1 1 1 1 1 1 1 1 1 1 1 1 1 1 1 1 1 1 1 1 1 1 1 1 1 1 1 1 1 1 1 1 1 1 1 1 1 1 1 1 1 1 1 1 1 1 1 1 1 1 1 1 1 1 1 1 1 1 1 1 1 1 1 1 1 1 1 1 1 1 1 1 1 1 1 1 1 1 1 1 1 1 1 1 1 1 1 1 1 1 1 1 1 1 1 1 1 1 1 1 1 1 1 1 1 1 1 1 1 1 1 1 1 1 1 1 1 1 1 1 1 1 1 1 1 1 1 1 1 1 1 1 1 1 1 1 1 1 1 1 1 1 1 1 1 1 1 1 1 1 1 1 1 1 1 1 1 1 1 1 1 1 1 1 1 1 1 1 1 1 1 1 1 1 1 1 1 1 1 1 1 1 1 1 1 1 1 1 1 1 1 1 1 1 1 1 1 1 1 1 1 1 1 1 1 1 1 1 1 1 1 1 1 1 1 1 1 1 1 1 1 1 1 1 1 1 1 1 1 1 1 1 1 1 1 1 1 1 1 0.9960784 0.9960784 0.9960784 0.9960784 1 1 1 1 1 1 1 1 0.9960784 0.9960784 0.9960784 0.9960784 1 1 1 1 1 1 1 1 0.9960784 0.9960784 0.9960784 0.9960784 1 1 1 1 1 1 1 1 0.9960784 0.9960784 0.9960784 0.9960784 1 1 1 1 1 1 1 1 0.9960784 0.9960784 0.9960784 0.9960784 1 1 1 1 1 1 1 1 0.9960784 0.9960784 0.9960784 0.9960784 1 1 1 1 1 1 1 1 0.9960784 0.9960784 0.9960784 0.9960784 1 1 1 1 1 1 1 1 0.9960784 0.9960784 0.9960784 0.9960784 1 1 1 1 1 1 1 1 0.9960784 0.9960784 0.9960784 0.9960784 1 1 1 1 1 1 1 1 0.9960784 0.9960784 0.9960784 0.9960784 1 1 1 1 1 1 1 1 0.9960784 0.9960784 0.9960784 0.9960784 1 1 1 1 1 1 1 1 0.9960784 0.9960784 0.9960784 0.9960784 1 1 1 1 1 1 1 1 0.882353 0.882353 0.882353 1 0.882353 0.882353 0.882353 1 0.8784314 0.8784314 0.8784314 1 0.8862745 0.8862745 0.8862745 1 0.882353 0.882353 0.882353 1 0.8784314 0.8784314 0.8784314 1 0.9019608 0.9019608 0.9019608 1 0.8901961 0.8901961 0.8901961 1 0.8901961 0.8901961 0.8901961 1 0.9019608 0.9019608 0.9019608 1 0.9019608 0.9019608 0.9019608 1 0.9058824 0.9058824 0.9058824 1 0.9019608 0.9019608 0.9019608 1 0.9019608 0.9019608 0.9019608 1 0.9019608 0.9019608 0.9019608 1 0.9019608 0.9019608 0.9019608 1 0.9019608 0.9019608 0.9019608 1 0.9019608 0.9019608 0.9019608 1 0.9019608 0.9019608 0.9019608 1 0.8901961 0.8901961 0.8901961 1 0.8901961 0.8901961 0.8901961 1 0.9019608 0.9019608 0.9019608 1 0.8901961 0.8901961 0.8901961 1 0.8901961 0.8901961 0.8901961 1 0.9019608 0.9019608 0.9019608 1 0.8901961 0.8901961 0.8901961 1 0.8901961 0.8901961 0.8901961 1 0.9019608 0.9019608 0.9019608 1 0.9019608 0.9019608 0.9019608 1 0.9019608 0.9019608 0.9019608 1 0.8784314 0.8784314 0.8784314 1 0.8784314 0.8784314 0.8784314 1 0.882353 0.882353 0.882353 1 0.8862745 0.8862745 0.8862745 1 0.882353 0.882353 0.882353 1 0.8784314 0.8784314 0.8784314 1 0.9019608 0.9019608 0.9019608 1 0.8901961 0.8901961 0.8901961 1 0.8901961 0.8901961 0.8901961 1 0.9019608 0.9019608 0.9019608 1 0.9019608 0.9019608 0.9019608 1 0.9058824 0.9058824 0.9058824 1 0.9019608 0.9019608 0.9019608 1 0.9019608 0.9019608 0.9019608 1 0.9019608 0.9019608 0.9019608 1 0.9019608 0.9019608 0.9019608 1 0.9058824 0.9058824 0.9058824 1 0.9019608 0.9019608 0.9019608 1 0.9019608 0.9019608 0.9019608 1 0.8901961 0.8901961 0.8901961 1 0.8901961 0.8901961 0.8901961 1 0.9019608 0.9019608 0.9019608 1 0.8901961 0.8901961 0.8901961 1 0.8901961 0.8901961 0.8901961 1 0.9019608 0.9019608 0.9019608 1 0.8901961 0.8901961 0.8901961 1 0.8901961 0.8901961 0.8901961 1 0.9019608 0.9019608 0.9019608 1 0.9019608 0.9019608 0.9019608 1 0.9019608 0.9019608 0.9019608 1 0.2392157 0.2392157 0.2392157 1 0.2392157 0.2392157 0.2392157 1 0.2392157 0.2392157 0.2392157 1 0.2392157 0.2392157 0.2392157 1 0.2392157 0.2392157 0.2392157 1 0.2392157 0.2392157 0.2392157 1 0.2392157 0.2392157 0.2392157 1 0.2392157 0.2392157 0.2392157 1 0.2392157 0.2392157 0.2392157 1 0.2392157 0.2392157 0.2392157 1 0.2392157 0.2392157 0.2392157 1 0.2392157 0.2392157 0.2392157 1 0.2392157 0.2392157 0.2392157 1 0.2392157 0.2392157 0.2392157 1 0.2392157 0.2392157 0.2392157 1 0.2392157 0.2392157 0.2392157 1 0.2392157 0.2392157 0.2392157 1 0.2392157 0.2392157 0.2392157 1 0.2392157 0.2392157 0.2392157 1 0.2392157 0.2392157 0.2392157 1 0.2392157 0.2392157 0.2392157 1 0.2392157 0.2392157 0.2392157 1 0.2392157 0.2392157 0.2392157 1 0.2392157 0.2392157 0.2392157 1 0.2392157 0.2392157 0.2392157 1 0.2392157 0.2392157 0.2392157 1 0.2392157 0.2392157 0.2392157 1 0.2392157 0.2392157 0.2392157 1 0.2392157 0.2392157 0.2392157 1 0.2392157 0.2392157 0.2392157 1 0.2392157 0.2392157 0.2392157 1 0.2392157 0.2392157 0.2392157 1 0.2392157 0.2392157 0.2392157 1 0.2392157 0.2392157 0.2392157 1 0.2392157 0.2392157 0.2392157 1 0.2392157 0.2392157 0.2392157 1 0.2392157 0.2392157 0.2392157 1 0.2392157 0.2392157 0.2392157 1 0.2392157 0.2392157 0.2392157 1 0.2392157 0.2392157 0.2392157 1 0.2392157 0.2392157 0.2392157 1 0.2392157 0.2392157 0.2392157 1 0.2392157 0.2392157 0.2392157 1 0.2392157 0.2392157 0.2392157 1 0.2392157 0.2392157 0.2392157 1 0.2392157 0.2392157 0.2392157 1 0.2392157 0.2392157 0.2392157 1 0.2392157 0.2392157 0.2392157 1 0.2392157 0.2392157 0.2392157 1 0.2392157 0.2392157 0.2392157 1 0.2392157 0.2392157 0.2392157 1 0.2392157 0.2392157 0.2392157 1 0.2392157 0.2392157 0.2392157 1 0.2392157 0.2392157 0.2392157 1 1 1 1 1 1 1 1 1 0.9960784 0.9960784 0.9960784 0.9960784 0.9960784 0.9960784 0.9960784 0.9960784 1 1 1 1 0.9960784 0.9960784 0.9960784 0.9960784 0.9960784 0.9960784 0.9960784 0.9960784 0.9960784 0.9960784 0.9960784 0.9960784 1 1 1 1 0.9960784 0.9960784 0.9960784 0.9960784 0.9960784 0.9960784 0.9960784 0.9960784 1 1 1 1 0.9960784 0.9960784 0.9960784 0.9960784 0.9960784 0.9960784 0.9960784 0.9960784 1 1 1 1 0.9960784 0.9960784 0.9960784 0.9960784 0.9960784 0.9960784 0.9960784 0.9960784 1 1 1 1 0.9960784 0.9960784 0.9960784 0.9960784 0.9960784 0.9960784 0.9960784 0.9960784 1 1 1 1 0.9960784 0.9960784 0.9960784 0.9960784 0.9960784 0.9960784 0.9960784 0.9960784 1 1 1 1 0.9960784 0.9960784 0.9960784 0.9960784 0.9960784 0.9960784 0.9960784 0.9960784 1 1 1 1 0.9960784 0.9960784 0.9960784 0.9960784 0.9960784 0.9960784 0.9960784 0.9960784 1 1 1 1 0.9960784 0.9960784 0.9960784 0.9960784 0.9960784 0.9960784 0.9960784 0.9960784 1 1 1 1 0.9960784 0.9960784 0.9960784 0.9960784 0.9960784 0.9960784 0.9960784 0.9960784 1 1 1 1 0.9960784 0.9960784 0.9960784 0.9960784 0.9960784 0.9960784 0.9960784 0.9960784 1 1 1 1 0.9960784 0.9960784 0.9960784 0.9960784 0.9960784 0.9960784 0.9960784 0.9960784 1 1 1 1 0.882353 0.882353 0.882353 1 0.8784314 0.8784314 0.8784314 1 0.882353 0.882353 0.882353 1 0.8862745 0.8862745 0.8862745 1 0.8862745 0.8862745 0.8862745 1 0.882353 0.882353 0.882353 1 0.9019608 0.9019608 0.9019608 1 0.9019608 0.9019608 0.9019608 1 0.8901961 0.8901961 0.8901961 1 0.9019608 0.9019608 0.9019608 1 0.9019608 0.9019608 0.9019608 1 0.9019608 0.9019608 0.9019608 1 0.9019608 0.9019608 0.9019608 1 0.9058824 0.9058824 0.9058824 1 0.9019608 0.9019608 0.9019608 1 0.9019608 0.9019608 0.9019608 1 0.9058824 0.9058824 0.9058824 1 0.9019608 0.9019608 0.9019608 1 0.9019608 0.9019608 0.9019608 1 0.9019608 0.9019608 0.9019608 1 0.8901961 0.8901961 0.8901961 1 0.9019608 0.9019608 0.9019608 1 0.9019608 0.9019608 0.9019608 1 0.8901961 0.8901961 0.8901961 1 0.9019608 0.9019608 0.9019608 1 0.9019608 0.9019608 0.9019608 1 0.8901961 0.8901961 0.8901961 1 0.9019608 0.9019608 0.9019608 1 0.9058824 0.9058824 0.9058824 1 0.9019608 0.9019608 0.9019608 1 0.8784314 0.8784314 0.8784314 1 0.882353 0.882353 0.882353 1 0.8784314 0.8784314 0.8784314 1 0.8862745 0.8862745 0.8862745 1 0.8862745 0.8862745 0.8862745 1 0.882353 0.882353 0.882353 1 0.9019608 0.9019608 0.9019608 1 0.9019608 0.9019608 0.9019608 1 0.8901961 0.8901961 0.8901961 1 0.9019608 0.9019608 0.9019608 1 0.9019608 0.9019608 0.9019608 1 0.9019608 0.9019608 0.9019608 1 0.9019608 0.9019608 0.9019608 1 0.9058824 0.9058824 0.9058824 1 0.9019608 0.9019608 0.9019608 1 0.9019608 0.9019608 0.9019608 1 0.9019608 0.9019608 0.9019608 1 0.9058824 0.9058824 0.9058824 1 0.9019608 0.9019608 0.9019608 1 0.9019608 0.9019608 0.9019608 1 0.8901961 0.8901961 0.8901961 1 0.9019608 0.9019608 0.9019608 1 0.9019608 0.9019608 0.9019608 1 0.8901961 0.8901961 0.8901961 1 0.9019608 0.9019608 0.9019608 1 0.9019608 0.9019608 0.9019608 1 0.8901961 0.8901961 0.8901961 1 0.9019608 0.9019608 0.9019608 1 0.9058824 0.9058824 0.9058824 1 0.9019608 0.9019608 0.9019608 1 0.2392157 0.2392157 0.2392157 1 0.2392157 0.2392157 0.2392157 1 0.2392157 0.2392157 0.2392157 1 0.2392157 0.2392157 0.2392157 1 0.2392157 0.2392157 0.2392157 1 0.2392157 0.2392157 0.2392157 1 0.2392157 0.2392157 0.2392157 1 0.2392157 0.2392157 0.2392157 1 0.2392157 0.2392157 0.2392157 1 0.2392157 0.2392157 0.2392157 1 0.2392157 0.2392157 0.2392157 1 0.2392157 0.2392157 0.2392157 1 0.2392157 0.2392157 0.2392157 1 0.2392157 0.2392157 0.2392157 1 0.2392157 0.2392157 0.2392157 1 0.2392157 0.2392157 0.2392157 1 0.2392157 0.2392157 0.2392157 1 0.2392157 0.2392157 0.2392157 1 0.2392157 0.2392157 0.2392157 1 0.2392157 0.2392157 0.2392157 1 0.2392157 0.2392157 0.2392157 1 0.2392157 0.2392157 0.2392157 1 0.2392157 0.2392157 0.2392157 1 0.2392157 0.2392157 0.2392157 1 0.2392157 0.2392157 0.2392157 1 0.2392157 0.2392157 0.2392157 1 0.2392157 0.2392157 0.2392157 1 0.2392157 0.2392157 0.2392157 1 0.2392157 0.2392157 0.2392157 1 0.2392157 0.2392157 0.2392157 1 0.2392157 0.2392157 0.2392157 1 0.2392157 0.2392157 0.2392157 1 0.2392157 0.2392157 0.2392157 1 0.2392157 0.2392157 0.2392157 1 0.2392157 0.2392157 0.2392157 1 0.2392157 0.2392157 0.2392157 1 0.2392157 0.2392157 0.2392157 1 0.2392157 0.2392157 0.2392157 1 0.2392157 0.2392157 0.2392157 1 0.2392157 0.2392157 0.2392157 1 0.2392157 0.2392157 0.2392157 1 0.2392157 0.2392157 0.2392157 1 0.2392157 0.2392157 0.2392157 1 0.2392157 0.2392157 0.2392157 1 0.2392157 0.2392157 0.2392157 1 0.2392157 0.2392157 0.2392157 1 0.2392157 0.2392157 0.2392157 1 0.2392157 0.2392157 0.2392157 1 0.2392157 0.2392157 0.2392157 1 0.2392157 0.2392157 0.2392157 1 0.2392157 0.2392157 0.2392157 1 0.2392157 0.2392157 0.2392157 1 0.2392157 0.2392157 0.2392157 1 0.2392157 0.2392157 0.2392157 1 0.9960784 0.9960784 0.9960784 0.9960784 1 1 1 1 1 1 1 1 1 1 1 1 1 1 1 1 1 1 1 1 1 1 1 1 1 1 1 1 1 1 1 1 1 1 1 1 0.9960784 0.9960784 0.9960784 0.9960784 1 1 1 1 1 1 1 1 1 1 1 1 1 1 1 1 0.9960784 0.9960784 0.9960784 0.9960784 1 1 1 1 0.9960784 0.9960784 0.9960784 0.9960784 0.9960784 0.9960784 0.9960784 0.9960784 1 1 1 1 0.9960784 0.9960784 0.9960784 0.9960784 1 1 1 1 1 1 1 1 1 1 1 1 1 1 1 1 0.9960784 0.9960784 0.9960784 0.9960784 0.9960784 0.9960784 0.9960784 0.9960784 0.9960784 0.9960784 0.9960784 0.9960784 1 1 1 1 1 1 1 1 1 1 1 1 0.9960784 0.9960784 0.9960784 0.9960784 1 1 1 1 0.9960784 0.9960784 0.9960784 0.9960784 1 1 1 1 0.9960784 0.9960784 0.9960784 0.9960784 0.9960784 0.9960784 0.9960784 0.9960784 0.9960784 0.9960784 0.9960784 0.9960784 1 1 1 1 0.9960784 0.9960784 0.9960784 0.9960784 1 1 1 1 1 1 1 1 1 1 1 1 1 1 1 1 1 1 1 1 1 1 1 1 0.9960784 0.9960784 0.9960784 0.9960784 1 1 1 1 1 1 1 1 1 1 1 1 1 1 1 1 0.9960784 0.9960784 0.9960784 0.9960784 1 1 1 1 0.9960784 0.9960784 0.9960784 0.9960784 0.9960784 0.9960784 0.9960784 0.9960784 1 1 1 1 0.9960784 0.9960784 0.9960784 0.9960784 1 1 1 1 1 1 1 1 0.9960784 0.9960784 0.9960784 0.9960784 1 1 1 1 1 1 1 1 0.9960784 0.9960784 0.9960784 0.9960784 1 1 1 1 1 1 1 1 1 1 1 1 1 1 1 1 0.9960784 0.9960784 0.9960784 0.9960784 0.9960784 0.9960784 0.9960784 0.9960784 0.9960784 0.9960784 0.9960784 0.9960784 1 1 1 1 0.9960784 0.9960784 0.9960784 0.9960784 1 1 1 1 1 1 1 1 0.9960784 0.9960784 0.9960784 0.9960784 0.9960784 0.9960784 0.9960784 0.9960784 1 1 1 1 1 1 1 1 1 1 1 1 1 1 1 1 0.9960784 0.9960784 0.9960784 0.9960784 1 1 1 1 1 1 1 1 1 1 1 1 1 1 1 1 1 1 1 1 1 1 1 1 1 1 1 1 0.9960784 0.9960784 0.9960784 0.9960784 1 1 1 1 1 1 1 1 1 1 1 1 1 1 1 1 0.9960784 0.9960784 0.9960784 0.9960784 1 1 1 1 0.9960784 0.9960784 0.9960784 0.9960784 0.9960784 0.9960784 0.9960784 0.9960784 1 1 1 1 0.9960784 0.9960784 0.9960784 0.9960784 1 1 1 1 0.9960784 0.9960784 0.9960784 0.9960784 1 1 1 1 0.9960784 0.9960784 0.9960784 0.9960784 0.9960784 0.9960784 0.9960784 0.9960784 1 1 1 1 0.9960784 0.9960784 0.9960784 0.9960784 1 1 1 1 1 1 1 1 0.9960784 0.9960784 0.9960784 0.9960784 1 1 1 1 1 1 1 1 1 1 1 1 1 1 1 1 1 1 1 1 1 1 1 1 1 1 1 1 1 1 1 1 1 1 1 1 0.9960784 0.9960784 0.9960784 0.9960784 1 1 1 1 1 1 1 1 1 1 1 1 1 1 1 1 0.9960784 0.9960784 0.9960784 0.9960784 1 1 1 1 0.9960784 0.9960784 0.9960784 0.9960784 0.7803922 0.4823529 0.4666666 1 0.7803922 0.4823529 0.4666666 1 0.7803922 0.4823529 0.4666666 1 0.7803922 0.4823529 0.4666666 1 0.7803922 0.4823529 0.4666666 1 0.7803922 0.4823529 0.4666666 1 0.7803922 0.4823529 0.4666666 1 0.7803922 0.4823529 0.4666666 1 0.7803922 0.4823529 0.4666666 1 0.7803922 0.4823529 0.4666666 1 0.7803922 0.4823529 0.4666666 1 0.7803922 0.4823529 0.4666666 1 0.7803922 0.4823529 0.4666666 1 0.7803922 0.4823529 0.4666666 1 0.7803922 0.4823529 0.4666666 1 0.7803922 0.4823529 0.4666666 1 0.7803922 0.4823529 0.4666666 1 0.7803922 0.4823529 0.4666666 1 0.7803922 0.4823529 0.4666666 1 0.7803922 0.4823529 0.4666666 1 0.7803922 0.4823529 0.4666666 1 0.7803922 0.4823529 0.4666666 1 0.7803922 0.4823529 0.4666666 1 0.7803922 0.4823529 0.4666666 1 0.7803922 0.4823529 0.4666666 1 0.7803922 0.4823529 0.4666666 1 0.7803922 0.4823529 0.4666666 1 0.7803922 0.4823529 0.4666666 1 0.7803922 0.4823529 0.4666666 1 0.7803922 0.4823529 0.4666666 1 0.7803922 0.4823529 0.4666666 1 0.7803922 0.4823529 0.4666666 1 0.7803922 0.4823529 0.4666666 1 0.7803922 0.4823529 0.4666666 1 0.7803922 0.4823529 0.4666666 1 0.7803922 0.4823529 0.4666666 1 0.7803922 0.4823529 0.4666666 1 0.7803922 0.4823529 0.4666666 1 0.7803922 0.4823529 0.4666666 1 0.7803922 0.4823529 0.4666666 1 0.7803922 0.4823529 0.4666666 1 0.7803922 0.4823529 0.4666666 1 0.7803922 0.4823529 0.4666666 1 0.7803922 0.4823529 0.4666666 1 0.7803922 0.4823529 0.4666666 1 0.7803922 0.4823529 0.4666666 1 0.7803922 0.4823529 0.4666666 1 0.7803922 0.4823529 0.4666666 1 0.7803922 0.4823529 0.4666666 1 0.7803922 0.4823529 0.4666666 1 0.7803922 0.4823529 0.4666666 1 0.7803922 0.4823529 0.4666666 1 0.7803922 0.4823529 0.4666666 1 0.7803922 0.4823529 0.4666666 1 0.7803922 0.4823529 0.4666666 1 0.7803922 0.4823529 0.4666666 1 0.7803922 0.4823529 0.4666666 1 0.7803922 0.4823529 0.4666666 1 0.7803922 0.4823529 0.4666666 1 0.7803922 0.4823529 0.4666666 1 0.7803922 0.4823529 0.4666666 1 0.7803922 0.4823529 0.4666666 1 0.7803922 0.4823529 0.4666666 1 0.7803922 0.4823529 0.4666666 1 0.7803922 0.4823529 0.4666666 1 0.7803922 0.4823529 0.4666666 1 0.7803922 0.4823529 0.4666666 1 0.7803922 0.4823529 0.4666666 1 0.7803922 0.4823529 0.4666666 1 0.7803922 0.4823529 0.4666666 1 0.7803922 0.4823529 0.4666666 1 0.7803922 0.4823529 0.4666666 1 0.7803922 0.4823529 0.4666666 1 0.7803922 0.4823529 0.4666666 1 0.7803922 0.4823529 0.4666666 1 0.7803922 0.4823529 0.4666666 1 0.7803922 0.4823529 0.4666666 1 0.7803922 0.4823529 0.4666666 1 0.7803922 0.4823529 0.4666666 1 0.7803922 0.4823529 0.4666666 1 0.7803922 0.4823529 0.4666666 1 0.7803922 0.4823529 0.4666666 1 0.7803922 0.4823529 0.4666666 1 0.7803922 0.4823529 0.4666666 1 0.7803922 0.4823529 0.4666666 1 0.7803922 0.4823529 0.4666666 1 0.7803922 0.4823529 0.4666666 1 0.7803922 0.4823529 0.4666666 1 0.7803922 0.4823529 0.4666666 1 0.7803922 0.4823529 0.4666666 1 0.7803922 0.4823529 0.4666666 1 0.7803922 0.4823529 0.4666666 1 0.7803922 0.4823529 0.4666666 1 0.7803922 0.4823529 0.4666666 1 0.7803922 0.4823529 0.4666666 1 0.7803922 0.4823529 0.4666666 1 0.7803922 0.4823529 0.4666666 1 0.7803922 0.4823529 0.4666666 1 0.7803922 0.4823529 0.4666666 1 0.7803922 0.4823529 0.4666666 1 0.7803922 0.4823529 0.4666666 1 0.7803922 0.4823529 0.4666666 1 0.7803922 0.4823529 0.4666666 1 0.7803922 0.4823529 0.4666666 1 0.7803922 0.4823529 0.4666666 1 0.7803922 0.4823529 0.4666666 1 0.7803922 0.4823529 0.4666666 1 0.7803922 0.4823529 0.4666666 1 0.7803922 0.4823529 0.4666666 1 0.7803922 0.4823529 0.4666666 1 0.7803922 0.4823529 0.4666666 1 0.7803922 0.4823529 0.4666666 1 0.7803922 0.4823529 0.4666666 1 0.7803922 0.4823529 0.4666666 1 0.7803922 0.4823529 0.4666666 1 0.7803922 0.4823529 0.4666666 1 0.7803922 0.4823529 0.4666666 1 0.7803922 0.4823529 0.4666666 1 0.7803922 0.4823529 0.4666666 1 0.7803922 0.4823529 0.4666666 1 1 1 1 1 1 1 1 1 1 1 1 1 1 1 1 1 1 1 1 1 1 1 1 1 1 1 1 1 1 1 1 1 1 1 1 1 1 1 1 1 1 1 1 1 1 1 1 1 1 1 1 1 1 1 1 1 1 1 1 1 1 1 1 1 1 1 1 1 1 1 1 1 1 1 1 1 1 1 1 1 1 1 1 1 1 1 1 1 1 1 1 1 1 1 1 1 1 1 1 1 1 1 1 1 1 1 1 1 1 1 1 1 1 1 1 1 1 1 1 1 1 1 1 1 1 1 1 1 1 1 1 1 1 1 1 1 1 1 1 1 1 1 1 1 1 1 1 1 1 1 1 1 1 1 1 1 1 1 1 1 1 1 1 1 1 1 1 1 1 1 1 1 1 1 1 1 1 1 1 1 1 1 1 1 1 1 1 1 1 1 1 1 1 1 1 1 1 1 1 1 1 1 1 1 1 1 1 1 1 1 1 1 1 1 1 1 1 1 1 1 1 1 1 1 1 1 1 1 1 1 1 1 1 1 1 1 1 1 1 1 1 1 1 1 1 1 1 1 1 1 1 1 1 1 1 1 1 1 1 1 1 1 1 1 1 1 1 1 1 1 1 1 1 1 1 1 1 1 1 1 1 1 1 1 1 1 1 1 1 1 1 1 1 1 1 1 1 1 1 1 0.8901961 0.8901961 0.8901961 1 1 1 1 1 0.8901961 0.8901961 0.8901961 1 0.8901961 0.8901961 0.8901961 1 1 1 1 1 0.8901961 0.8901961 0.8901961 1 0.8901961 0.8901961 0.8901961 1 1 1 1 1 0.8901961 0.8901961 0.8901961 1 0.8901961 0.8901961 0.8901961 1 1 1 1 1 0.8901961 0.8901961 0.8901961 1 0.8901961 0.8901961 0.8901961 1 1 1 1 1 0.8901961 0.8901961 0.8901961 1 0.8901961 0.8901961 0.8901961 1 1 1 1 1 1 1 1 1 0.8901961 0.8901961 0.8901961 1 1 1 1 1 0.8901961 0.8901961 0.8901961 1 0.8901961 0.8901961 0.8901961 1 1 1 1 1 1 1 1 1 0.8901961 0.8901961 0.8901961 1 1 1 1 1 0.8901961 0.8901961 0.8901961 1 0.8901961 0.8901961 0.8901961 1 1 1 1 1 0.8901961 0.8901961 0.8901961 1 0.8901961 0.8901961 0.8901961 1 1 1 1 1 1 1 1 1 0.8901961 0.8901961 0.8901961 1 1 1 1 1 0.8901961 0.8901961 0.8901961 1 0.8901961 0.8901961 0.8901961 1 1 1 1 1 1 1 1 1 0.8901961 0.8901961 0.8901961 1 1 1 1 1 1 1 1 1 0.8901961 0.8901961 0.8901961 1 1 1 1 1 0.8901961 0.8901961 0.8901961 1 0.8901961 0.8901961 0.8901961 1 1 1 1 1 0.8901961 0.8901961 0.8901961 1 0.8901961 0.8901961 0.8901961 1 1 1 1 1 1 1 1 1 0.8901961 0.8901961 0.8901961 1 1 1 1 1 1 1 1 1 0.8901961 0.8901961 0.8901961 1 1 1 1 1 1 1 1 1 0.8901961 0.8901961 0.8901961 1 1 1 1 1 1 1 1 1 0.8901961 0.8901961 0.8901961 1 1 1 1 1 1 1 1 1 0.8901961 0.8901961 0.8901961 1 1 1 1 1 0.8901961 0.8901961 0.8901961 1 0.8901961 0.8901961 0.8901961 1 1 1 1 1 0.8901961 0.8901961 0.8901961 1 0.8901961 0.8901961 0.8901961 1 1 1 1 1 0.8901961 0.8901961 0.8901961 1 0.8901961 0.8901961 0.8901961 1 1 1 1 1 1 1 1 1 1 1 1 1 1 1 1 1 1 1 1 1 1 1 1 1 1 1 1 1 1 1 1 1 1 1 1 1 1 1 1 1 1 1 1 1 1 1 1 1 1 1 1 1 1 1 1 1 1 1 1 1 1 1 1 1 1 1 1 1 1 1 1 1 1 1 1 1 1 1 1 1 1 1 1 1 1 1 1 1 1 1 1 1 1 1 1 1 1 1 1 1 1 1 1 1 1 1 1 1 1 1 1 1 1 1 1 1 1 1 1 1 1 1 1 1 1 1 1 1 1 1 1 1 1 1 1 1 1 1 1 1 1 1 1 1 1 1 1 1 1 1 1 1 1 1 1 1 1 1 1 1 1 1 1 1 1 1 1 1 1 1 1 1 1 1 1 1 1 1 1 1 1 1 1 1 1 1 1 1 1 1 1 1 1 1 1 1 1 1 1 1 1 1 1 1 1 1 1 1 1 1 1 1 1 1 1 1 1 1 1 1 1 1 1 1 1 1 1 1 1 1 1 1 1 1 1 1 1 1 1 1 1 1 1 1 1 1 1 1 1 1 1 1 1 1 1 1 1 1 1 1 1 1 1 1 1 1 1 1 1 1 1 1 1 1 1 1 1 1 1 1 1 1 1 1 1 1 1 1 1 1 1 1 1 1 1 1 1 1 1 1 1 1 1 1 1 1 1 1 1 1 1 1 1 1 1 1 1 1 1 1 1 1 1 1 1 1 1 1 1 1 1 1 1 1 1 1 1 1 1 1 1 1 1 1 1 1 1 1 1 1 1 1 1 1 1 1 1 1 1 1 1 1 1 1 1 1 1 1 1 1 1 1 1 1 1 1 1 1 1 1 1 1 1 1 1 1 1 1 1 1 1 1 1 1 1 1 1 1 1 1 1 1 1 1 1 1 1 1 1 1 1 1 1 1 1 1 1 1 1 1 1 1 1 1 1 1 1 1 1 1 1 1 1 1 1 1 1 1 1 1 1 1 1 1 1 1 1 1 1 1 1 1 1 1 1 1 1 1 1 1 1 1 1 1 1 1 1 1 1 1 1 1 1 1 1 1 1 1 1 1 1 1 1 1 1 1 1 1 1 1 1 1 1 1 1 1 1 1 1 1 1 1 1 1 1 1 1 1 1 1 1 1 1 1 1 1 1 1 1 1 1 1 1 1 1 1 1 1 1 1 1 1 1 1 1 1 1 1 1 1 1 1 1 1 1 1 1 1 1 1 1 1 1 1 1 1 1 1 1 1 1 1 1 1 1 1 1 1 1 1 1 1 1 1 1 1 1 1 1 1 1 1 1 1 1 1 1 1 1 1 1 1 1 1 1 1 1 1 1 1 1 1 1 1 1 1 1 1 1 1 1 1 1 1 1 1 1 1 1 1 1 1 1 1 1 1 1 1 1 1 1 1 1 1 1 1 1 1 1 1 1 1 1 1 1 1 1 1 1 1 1 1 1 1 1 1 1 1 1 1 1 1 1 1 1 1 1 1 1 1 1 1 1 1 1 1 1 1 1 1 1 1 1 1 1 1 1 1 1 1 1 1 1 1 1 1 1 1 1 1 1 1 1 1 1 1 1 1 1 1 1 1 1 1 1 1 1 1 1 1 1 1 1 1 1 1 1 1 1 1 1 1 1 1 1 1 1 1 1 1 1 1 1 1 1 1 1 1 1 1 1 1 1 1 1 1 1 1 1 1 1 1 1 1 1 1 1 1 1 1 1 1 1 1 1 1 1 1 1 1 1 1 1 1 1 1 1 1 0.8901961 0.8901961 0.8901961 1 1 1 1 1 1 1 1 1 0.8901961 0.8901961 0.8901961 1 1 1 1 1 1 1 1 1 0.8901961 0.8901961 0.8901961 1 1 1 1 1 1 1 1 1 0.8901961 0.8901961 0.8901961 1 1 1 1 1 1 1 1 1 0.8901961 0.8901961 0.8901961 1 1 1 1 1 1 1 1 1 0.8901961 0.8901961 0.8901961 1 0.8901961 0.8901961 0.8901961 1 1 1 1 1 0.8901961 0.8901961 0.8901961 1 1 1 1 1 1 1 1 1 0.8901961 0.8901961 0.8901961 1 0.8901961 0.8901961 0.8901961 1 1 1 1 1 0.8901961 0.8901961 0.8901961 1 1 1 1 1 1 1 1 1 0.8901961 0.8901961 0.8901961 1 1 1 1 1 1 1 1 1 0.8901961 0.8901961 0.8901961 1 0.8901961 0.8901961 0.8901961 1 1 1 1 1 0.8901961 0.8901961 0.8901961 1 1 1 1 1 1 1 1 1 0.8901961 0.8901961 0.8901961 1 0.8901961 0.8901961 0.8901961 1 1 1 1 1 0.8901961 0.8901961 0.8901961 1 0.8901961 0.8901961 0.8901961 1 1 1 1 1 0.8901961 0.8901961 0.8901961 1 1 1 1 1 1 1 1 1 0.8901961 0.8901961 0.8901961 1 1 1 1 1 1 1 1 1 0.8901961 0.8901961 0.8901961 1 0.8901961 0.8901961 0.8901961 1 1 1 1 1 0.8901961 0.8901961 0.8901961 1 0.8901961 0.8901961 0.8901961 1 1 1 1 1 0.8901961 0.8901961 0.8901961 1 0.8901961 0.8901961 0.8901961 1 1 1 1 1 0.8901961 0.8901961 0.8901961 1 0.8901961 0.8901961 0.8901961 1 1 1 1 1 0.8901961 0.8901961 0.8901961 1 0.8901961 0.8901961 0.8901961 1 1 1 1 1 0.8901961 0.8901961 0.8901961 1 1 1 1 1 1 1 1 1 0.8901961 0.8901961 0.8901961 1 1 1 1 1 1 1 1 1 0.8901961 0.8901961 0.8901961 1 1 1 1 1 1 1 1 1 0.8901961 0.8901961 0.8901961 1 0.8901961 0.8901961 0.8901961 1 1 1 1 1 1 1 1 1 1 1 1 1 1 1 1 1 1 1 1 1 1 1 1 1 1 1 1 1 1 1 1 1 1 1 1 1 1 1 1 1 1 1 1 1 1 1 1 1 1 1 1 1 1 1 1 1 1 1 1 1 1 1 1 1 1 1 1 1 1 1 1 1 1 1 1 1 1 1 1 1 1 1 1 1 1 1 1 1 1 1 1 1 1 1 1 1 1 1 1 1 1 1 1 1 1 1 1 1 1 1 1 1 1 1 1 1 1 1 1 1 1 1 1 1 1 1 1 1 1 1 1 1 1 1 1 1 1 1 1 1 1 1 1 1 1 1 1 1 1 1 1 1 1 1 1 1 1 1 1 1 1 1 1 1 1 1 1 1 1 1 1 1 1 1 1 1 1 1 1 1 1 1 1 1 1 1 1 1 1 1 1 1 1 1 1 1 1 1 1 1 1 1 1 1 1 1 1 1 1 1 1 1 1 1 1 1 1 1 1 1 1 1 1 1 1 1 1 1 1 1 1 1 1 1 1 1 1 1 1 1 1 1 1 1 1 1 1 1 1 1 1 1 1 1 1 1 1 1 1 1 1 1 1 1 1 1 1 1 1 1 1 1 1 1 1 1 1 1 1 1 1 1 1 1 1 1 1 1 1 1 1 1 1 1 1 1 1 1 1 1 1 1 1 1 1 1 1 1 1 1 1 1 1 1 1 1 1 1 1 1 1 1 1 1 1 1 1 1 1 1 1 1 1 1 1 1 1 1 1 1 1 1 1 1 1 1 1 1 1 1 1 1 1 1 1 1 1 1 1 1 1 1 1 1 1 1 1 1 1 1 1 1 1 1 1 1 1 1 1 1 1 1 1 1 1 1 1 1 1 1 1 1 1 1 1 1 1 1 1 1 1 1 1 1 1 1 1 1 1 1 1 1 1 1 1 1 1 1 1 1 1 1 1 1 1 1 1 1 1 1 1 1 1 1 1 1 1 1 1 1 1 1 1 1 1 1 1 1 1 1 1 1 1 1 1 1 1 1 1 1 1 1 1 1 1 1 1 1 1 1 1 1 1 1 1 1 1 1 1 1 1 1 1 1 1 0.8235294 0.7450981 1 1 0.8235294 0.7450981 1 1 0.8235294 0.7450981 1 1 0.8235294 0.7450981 1 1 0.8235294 0.7450981 1 1 0.8235294 0.7450981 1 1 0.8235294 0.7450981 1 1 0.8235294 0.7450981 1 1 0.8235294 0.7450981 1 1 0.8235294 0.7450981 1 1 0.8235294 0.7450981 1 1 0.8235294 0.7450981 1 1 0.8235294 0.7450981 1 1 0.8235294 0.7450981 1 1 0.8235294 0.7450981 1 1 0.8235294 0.7450981 1 1 0.8235294 0.7450981 1 1 0.8235294 0.7450981 1 1 0.8235294 0.7450981 1 1 0.8235294 0.7450981 1 1 0.8235294 0.7450981 1 1 0.8235294 0.7450981 1 1 0.8235294 0.7450981 1 1 0.8235294 0.7450981 1 1 0.8235294 0.7450981 1 1 0.8235294 0.7450981 1 1 0.8235294 0.7450981 1 1 0.8235294 0.7450981 1 1 0.8235294 0.7450981 1 1 0.8235294 0.7450981 1 1 0.8235294 0.7450981 1 1 0.8235294 0.7450981 1 1 0.8235294 0.7450981 1 1 0.8235294 0.7450981 1 1 0.8235294 0.7450981 1 1 0.8235294 0.7450981 1 1 0.8235294 0.7450981 1 1 0.8235294 0.7450981 1 1 0.8235294 0.7450981 1 1 0.8235294 0.7450981 1 1 0.8235294 0.7450981 1 1 0.8235294 0.7450981 1 1 0.8235294 0.7450981 1 1 0.8235294 0.7450981 1 1 0.8235294 0.7450981 1 1 0.8235294 0.7450981 1 1 0.8235294 0.7450981 1 1 0.8235294 0.7450981 1 1 0.8235294 0.7450981 1 1 0.8235294 0.7450981 1 1 0.8235294 0.7450981 1 1 0.8235294 0.7450981 1 1 0.8235294 0.7450981 1 1 0.8235294 0.7450981 1 1 0.8235294 0.7450981 1 1 0.8235294 0.7450981 1 1 0.8235294 0.7450981 1 1 0.8235294 0.7450981 1 1 0.8235294 0.7450981 1 1 0.8235294 0.7450981 1 1 0.8235294 0.7450981 1 1 0.8235294 0.7450981 1 1 0.8235294 0.7450981 1 1 0.8235294 0.7450981 1 1 0.8235294 0.7450981 1 1 0.8235294 0.7450981 1 1 0.8235294 0.7450981 1 1 0.8235294 0.7450981 1 1 0.8235294 0.7450981 1 1 0.8235294 0.7450981 1 1 0.8235294 0.7450981 1 1 0.8235294 0.7450981 1 1 0.8235294 0.7450981 1 1 0.8235294 0.7450981 1 1 0.8235294 0.7450981 1 1 0.8235294 0.7450981 1 1 0.8235294 0.7450981 1 1 0.8235294 0.7450981 1 1 0.8235294 0.7450981 1 1 0.8235294 0.7450981 1 1 0.8235294 0.7450981 1 1 0.8235294 0.7450981 1 1 0.8235294 0.7450981 1 1 0.8235294 0.7450981 1 1 0.8235294 0.7450981 1 1 0.8235294 0.7450981 1 1 0.8235294 0.7450981 1 1 0.8235294 0.7450981 1 1 0.8235294 0.7450981 1 1 0.8235294 0.7450981 1 1 0.8235294 0.7450981 1 1 0.8235294 0.7450981 1 1 0.8235294 0.7450981 1 1 0.8235294 0.7450981 1 1 0.8235294 0.7450981 1 1 0.8235294 0.7450981 1 1 0.8235294 0.7450981 1 1 0.8235294 0.7450981 1 1 0.8235294 0.7450981 1 1 0.8235294 0.7450981 1 1 0.8235294 0.7450981 1 1 0.8235294 0.7450981 1 1 0.8235294 0.7450981 1 1 0.8235294 0.7450981 1 1 0.8235294 0.7450981 1 1 0.8235294 0.7450981 1 1 0.8235294 0.7450981 1 1 0.8235294 0.7450981 1 1 0.8235294 0.7450981 1 1 0.8235294 0.7450981 1 1 0.8235294 0.7450981 1 1 0.8235294 0.7450981 1 1 0.8235294 0.7450981 1 1 0.8235294 0.7450981 1 1 0.8235294 0.7450981 1 1 0.8235294 0.7450981 1 1 0.8235294 0.7450981 1 1 0.8235294 0.7450981 1 1 0.8235294 0.7450981 1 1 0.8235294 0.7450981 1 1 0.8235294 0.7450981 1 1 0.8235294 0.7450981 1 1 0.8235294 0.7450981 1 1 0.8235294 0.7450981 1 1 0.8235294 0.7450981 1 1 0.8235294 0.7450981 1 0.7803922 0.4823529 0.4666666 1 0.7803922 0.4823529 0.4666666 1 0.7803922 0.4823529 0.4666666 1 0.7803922 0.4823529 0.4666666 1 0.7803922 0.4823529 0.4666666 1 0.7803922 0.4823529 0.4666666 1 0.7803922 0.4823529 0.4666666 1 0.7803922 0.4823529 0.4666666 1 0.7803922 0.4823529 0.4666666 1 0.7803922 0.4823529 0.4666666 1 0.7803922 0.4823529 0.4666666 1 0.7803922 0.4823529 0.4666666 1 0.7803922 0.4823529 0.4666666 1 0.7803922 0.4823529 0.4666666 1 0.7803922 0.4823529 0.4666666 1 0.7803922 0.4823529 0.4666666 1 0.7803922 0.4823529 0.4666666 1 0.7803922 0.4823529 0.4666666 1 0.7803922 0.4823529 0.4666666 1 0.7803922 0.4823529 0.4666666 1 0.7803922 0.4823529 0.4666666 1 0.7803922 0.4823529 0.4666666 1 0.7803922 0.4823529 0.4666666 1 0.7803922 0.4823529 0.4666666 1 0.7803922 0.4823529 0.4666666 1 0.7803922 0.4823529 0.4666666 1 0.7803922 0.4823529 0.4666666 1 0.7803922 0.4823529 0.4666666 1 0.7803922 0.4823529 0.4666666 1 0.7803922 0.4823529 0.4666666 1 0.7803922 0.4823529 0.4666666 1 0.7803922 0.4823529 0.4666666 1 0.7803922 0.4823529 0.4666666 1 0.7803922 0.4823529 0.4666666 1 0.7803922 0.4823529 0.4666666 1 0.7803922 0.4823529 0.4666666 1 0.7803922 0.4823529 0.4666666 1 0.7803922 0.4823529 0.4666666 1 0.7803922 0.4823529 0.4666666 1 0.7803922 0.4823529 0.4666666 1 0.7803922 0.4823529 0.4666666 1 0.7803922 0.4823529 0.4666666 1 0.7803922 0.4823529 0.4666666 1 0.7803922 0.4823529 0.4666666 1 0.7803922 0.4823529 0.4666666 1 0.7803922 0.4823529 0.4666666 1 0.7803922 0.4823529 0.4666666 1 0.7803922 0.4823529 0.4666666 1 0.7803922 0.4823529 0.4666666 1 0.7803922 0.4823529 0.4666666 1 0.7803922 0.4823529 0.4666666 1 0.7803922 0.4823529 0.4666666 1 0.7803922 0.4823529 0.4666666 1 0.7803922 0.4823529 0.4666666 1 0.7803922 0.4823529 0.4666666 1 0.7803922 0.4823529 0.4666666 1 0.7803922 0.4823529 0.4666666 1 0.7803922 0.4823529 0.4666666 1 0.7803922 0.4823529 0.4666666 1 0.7803922 0.4823529 0.4666666 1 0.7803922 0.4823529 0.4666666 1 0.7803922 0.4823529 0.4666666 1 0.7803922 0.4823529 0.4666666 1 0.7803922 0.4823529 0.4666666 1 0.7803922 0.4823529 0.4666666 1 0.7803922 0.4823529 0.4666666 1 0.7803922 0.4823529 0.4666666 1 0.7803922 0.4823529 0.4666666 1 0.7803922 0.4823529 0.4666666 1 0.7803922 0.4823529 0.4666666 1 0.7803922 0.4823529 0.4666666 1 0.7803922 0.4823529 0.4666666 1 0.7803922 0.4823529 0.4666666 1 0.7803922 0.4823529 0.4666666 1 0.7803922 0.4823529 0.4666666 1 0.7803922 0.4823529 0.4666666 1 0.7803922 0.4823529 0.4666666 1 0.7803922 0.4823529 0.4666666 1 0.7803922 0.4823529 0.4666666 1 0.7803922 0.4823529 0.4666666 1 0.7803922 0.4823529 0.4666666 1 0.7803922 0.4823529 0.4666666 1 0.7803922 0.4823529 0.4666666 1 0.7803922 0.4823529 0.4666666 1 0.7803922 0.4823529 0.4666666 1 0.7803922 0.4823529 0.4666666 1 0.7803922 0.4823529 0.4666666 1 0.7803922 0.4823529 0.4666666 1 0.7803922 0.4823529 0.4666666 1 0.7803922 0.4823529 0.4666666 1 0.7803922 0.4823529 0.4666666 1 0.7803922 0.4823529 0.4666666 1 0.7803922 0.4823529 0.4666666 1 0.7803922 0.4823529 0.4666666 1 0.7803922 0.4823529 0.4666666 1 0.7803922 0.4823529 0.4666666 1 0.7803922 0.4823529 0.4666666 1 0.7803922 0.4823529 0.4666666 1 0.7803922 0.4823529 0.4666666 1 0.7803922 0.4823529 0.4666666 1 0.7803922 0.4823529 0.4666666 1 0.7803922 0.4823529 0.4666666 1 0.7803922 0.4823529 0.4666666 1 0.7803922 0.4823529 0.4666666 1 0.7803922 0.4823529 0.4666666 1 0.7803922 0.4823529 0.4666666 1 0.7803922 0.4823529 0.4666666 1 0.7803922 0.4823529 0.4666666 1 0.7803922 0.4823529 0.4666666 1 0.7803922 0.4823529 0.4666666 1 0.7803922 0.4823529 0.4666666 1 0.7803922 0.4823529 0.4666666 1 0.7803922 0.4823529 0.4666666 1 0.7803922 0.4823529 0.4666666 1 0.7803922 0.4823529 0.4666666 1 0.7803922 0.4823529 0.4666666 1 0.7803922 0.4823529 0.4666666 1 0.7803922 0.4823529 0.4666666 1 0.7803922 0.4823529 0.4666666 1 0.7803922 0.4823529 0.4666666 1 0.7803922 0.4823529 0.4666666 1 0.7803922 0.4823529 0.4666666 1 0.7803922 0.4823529 0.4666666 1 0.7803922 0.4823529 0.4666666 1 0.7803922 0.4823529 0.4666666 1 0.7803922 0.4823529 0.4666666 1</float_array>
          <technique_common>
            <accessor source="#Plane_017-mesh-colors-Col-array" count="3825" stride="4">
              <param name="R" type="float"/>
              <param name="G" type="float"/>
              <param name="B" type="float"/>
              <param name="A" type="float"/>
            </accessor>
          </technique_common>
        </source>
        <vertices id="Plane_017-mesh-vertices">
          <input semantic="POSITION" source="#Plane_017-mesh-positions"/>
        </vertices>
        <triangles material="industrial-material" count="338">
          <input semantic="VERTEX" source="#Plane_017-mesh-vertices" offset="0"/>
          <input semantic="NORMAL" source="#Plane_017-mesh-normals" offset="1"/>
          <input semantic="TEXCOORD" source="#Plane_017-mesh-map-0" offset="2" set="0"/>
          <input semantic="COLOR" source="#Plane_017-mesh-colors-Col" offset="3" set="0"/>
          <p>286 0 0 0 287 0 1 1 285 0 2 2 284 1 3 3 276 1 4 4 281 1 5 5 284 2 6 6 288 2 7 7 283 2 8 8 281 3 9 9 286 3 10 10 285 3 11 11 291 4 12 12 290 4 13 13 289 4 14 14 291 5 15 15 296 5 16 16 292 5 17 17 294 6 18 18 295 6 19 19 293 6 20 20 290 7 21 21 293 7 22 22 289 7 23 23 302 0 24 24 303 0 25 25 301 0 26 26 300 1 27 27 297 1 28 28 298 1 29 29 300 2 30 30 304 2 31 31 299 2 32 32 298 8 33 33 302 8 34 34 301 8 35 35 292 9 36 36 294 9 37 37 290 9 38 38 307 4 39 39 306 4 40 40 305 4 41 41 307 10 42 42 312 10 43 43 308 10 44 44 310 6 45 45 311 6 46 46 309 6 47 47 306 7 48 48 309 7 49 49 305 7 50 50 308 9 51 51 310 9 52 52 306 9 53 53 330 11 54 54 331 11 55 55 329 11 56 56 328 12 57 57 323 12 58 58 325 12 59 59 328 2 60 60 332 2 61 61 327 2 62 62 325 13 63 63 330 13 64 64 329 13 65 65 335 4 66 66 334 4 67 67 333 4 68 68 335 14 69 69 340 14 70 70 336 14 71 71 338 6 72 72 339 6 73 73 337 6 74 74 334 15 75 75 337 15 76 76 333 15 77 77 346 16 78 78 347 16 79 79 345 16 80 80 344 17 81 81 341 17 82 82 342 17 83 83 344 18 84 84 348 18 85 85 343 18 86 86 342 19 87 87 346 19 88 88 345 19 89 89 336 9 90 90 338 9 91 91 334 9 92 92 351 4 93 93 350 4 94 94 349 4 95 95 351 20 96 96 356 20 97 97 352 20 98 98 354 21 99 99 355 21 100 100 353 21 101 101 350 22 102 102 353 22 103 103 349 22 104 104 352 9 105 105 354 9 106 106 350 9 107 107 374 23 108 108 375 23 109 109 373 23 110 110 372 24 111 111 364 24 112 112 369 24 113 113 372 2 114 114 376 2 115 115 371 2 116 116 369 25 117 117 374 25 118 118 373 25 119 119 379 4 120 120 378 4 121 121 377 4 122 122 379 26 123 123 384 26 124 124 380 26 125 125 382 6 126 126 383 6 127 127 381 6 128 128 378 27 129 129 381 27 130 130 377 27 131 131 390 23 132 132 391 23 133 133 389 23 134 134 388 24 135 135 385 24 136 136 386 24 137 137 388 2 138 138 392 2 139 139 387 2 140 140 386 28 141 141 390 28 142 142 389 28 143 143 380 9 144 144 382 9 145 145 378 9 146 146 395 4 147 147 394 4 148 148 393 4 149 149 395 29 150 150 400 29 151 151 396 29 152 152 398 6 153 153 399 6 154 154 397 6 155 155 394 30 156 156 397 30 157 157 393 30 158 158 396 9 159 159 398 9 160 160 394 9 161 161 418 31 162 162 419 31 163 163 417 31 164 164 416 32 165 165 411 32 166 166 413 32 167 167 416 33 168 168 420 33 169 169 415 33 170 170 413 34 171 171 418 34 172 172 417 34 173 173 423 4 174 174 422 4 175 175 421 4 176 176 423 35 177 177 428 35 178 178 424 35 179 179 426 6 180 180 427 6 181 181 425 6 182 182 422 27 183 183 425 27 184 184 421 27 185 185 434 31 186 186 435 31 187 187 433 31 188 188 432 32 189 189 429 32 190 190 430 32 191 191 432 2 192 192 436 2 193 193 431 2 194 194 430 36 195 195 434 36 196 196 433 36 197 197 424 9 198 198 426 9 199 199 422 9 200 200 439 4 201 201 438 4 202 202 437 4 203 203 439 26 204 204 444 26 205 205 440 26 206 206 442 6 207 207 443 6 208 208 441 6 209 209 438 37 210 210 441 37 211 211 437 37 212 212 440 9 213 213 442 9 214 214 438 9 215 215 450 38 216 216 448 38 217 217 449 38 218 218 452 39 219 219 454 39 220 220 453 39 221 221 450 40 222 222 451 40 223 223 447 40 224 224 449 41 225 225 454 41 226 226 450 41 227 227 456 42 228 228 457 42 229 229 455 42 230 230 447 43 231 231 452 43 232 232 448 43 233 233 457 44 234 234 459 44 235 235 455 44 236 236 456 45 237 237 462 45 238 238 458 45 239 239 458 46 240 240 461 46 241 241 457 46 242 242 461 2 243 243 460 2 244 244 459 2 245 245 464 47 246 246 465 47 247 247 463 47 248 248 728 48 249 249 727 49 250 250 619 50 251 251 732 51 252 252 730 52 253 253 731 53 254 254 731 53 255 255 733 54 256 256 734 55 257 257 737 56 258 258 735 57 259 259 736 58 260 260 620 59 261 261 729 60 262 262 728 48 263 263 619 50 264 264 621 61 265 265 732 51 266 266 734 55 267 267 738 62 268 268 737 56 269 269 736 58 270 270 622 63 271 271 620 59 272 272 648 64 273 273 739 64 274 274 740 64 275 275 647 65 276 276 741 65 277 277 739 65 278 278 649 66 279 279 742 66 280 280 741 66 281 281 651 67 282 282 742 67 283 283 650 67 284 284 652 68 285 285 743 68 286 286 651 68 287 287 653 69 288 288 744 69 289 289 652 69 290 290 654 70 291 291 745 70 292 292 653 70 293 293 655 71 294 294 746 71 295 295 654 71 296 296 656 72 297 297 747 72 298 298 655 73 299 299 656 74 300 300 750 74 301 301 748 74 302 302 657 75 303 303 751 75 304 304 750 75 305 305 658 76 306 306 752 76 307 307 751 76 308 308 659 77 309 309 753 77 310 310 752 77 311 311 660 78 312 312 754 78 313 313 753 78 314 314 661 79 315 315 755 79 316 316 754 79 317 317 663 80 318 318 755 80 319 319 662 80 320 320 664 81 321 321 756 81 322 322 663 81 323 323 665 82 324 324 757 82 325 325 664 82 326 326 666 83 327 327 758 83 328 328 665 83 329 329 667 84 330 330 759 84 331 331 666 84 332 332 668 85 333 333 760 85 334 334 667 85 335 335 668 74 336 336 763 74 337 337 761 74 338 338 669 74 339 339 764 74 340 340 763 74 341 341 670 74 342 342 740 74 343 343 764 74 344 344 672 86 345 345 765 86 346 346 671 86 347 347 671 87 348 348 767 87 349 349 673 87 350 350 673 88 351 351 768 88 352 352 674 88 353 353 768 89 354 354 675 89 355 355 674 89 356 356 769 90 357 357 676 91 358 358 675 90 359 359 770 92 360 360 677 92 361 361 676 92 362 362 771 93 363 363 678 93 364 364 677 93 365 365 772 94 366 366 679 94 367 367 678 94 368 368 773 95 369 369 680 95 370 370 679 95 371 371 680 96 372 372 776 96 373 373 681 96 374 374 681 97 375 375 777 97 376 376 682 97 377 377 682 98 378 378 778 98 379 379 683 98 380 380 683 99 381 381 779 99 382 382 684 99 383 383 684 100 384 384 780 100 385 385 685 100 386 386 685 101 387 387 781 101 388 388 686 101 389 389 781 102 390 390 687 102 391 391 686 102 392 392 782 103 393 393 688 103 394 394 687 103 395 395 783 104 396 396 689 104 397 397 688 104 398 398 784 105 399 399 690 105 400 400 689 105 401 401 785 106 402 402 691 106 403 403 690 106 404 404 786 107 405 405 692 107 406 406 691 107 407 407 692 107 408 408 789 107 409 409 693 107 410 410 693 108 411 411 790 108 412 412 694 108 413 413 694 109 414 414 766 109 415 415 672 109 416 416 638 110 417 417 709 111 418 418 637 112 419 419 631 113 420 420 702 114 421 421 630 115 422 422 718 116 423 423 645 117 424 424 646 118 425 425 695 119 426 426 623 120 427 427 624 121 428 428 711 122 429 429 638 110 430 430 639 123 431 431 749 124 432 432 703 125 433 433 631 113 434 434 696 126 435 435 646 118 436 436 623 120 437 437 625 127 438 438 695 119 439 439 624 121 440 440 712 128 441 441 639 123 442 442 640 129 443 443 705 130 444 444 632 131 445 445 633 132 446 446 626 133 447 447 697 134 448 448 625 127 449 449 641 135 450 450 712 128 451 451 640 129 452 452 706 136 453 453 633 132 454 454 634 137 455 455 699 138 456 456 626 133 457 457 627 139 458 458 714 140 459 459 641 135 460 460 642 141 461 461 635 142 462 462 706 136 463 463 634 137 464 464 628 143 465 465 699 138 466 466 627 139 467 467 715 144 468 468 642 141 469 469 643 145 470 470 708 146 471 471 635 142 472 472 636 147 473 473 629 148 474 474 700 149 475 475 628 143 476 476 788 150 477 477 643 145 478 478 762 150 479 479 709 111 480 480 636 147 481 481 637 112 482 482 702 114 483 483 629 148 484 484 630 115 485 485 717 151 486 486 644 152 487 487 645 117 488 488 795 4 489 489 791 4 490 490 793 4 491 491 798 153 492 492 799 153 493 493 792 153 494 494 802 154 495 495 803 154 496 496 800 154 497 497 804 155 498 498 796 155 499 499 794 155 500 500 725 2 501 501 719 2 502 502 721 2 503 503 726 9 504 504 720 9 505 505 724 9 506 506 286 156 507 507 288 156 508 508 287 156 509 509 284 1 510 510 283 1 511 511 276 1 512 512 284 157 513 513 287 157 514 514 288 157 515 515 281 9 516 516 276 9 517 517 286 9 518 518 291 4 519 519 292 4 520 520 290 4 521 521 291 10 522 522 295 10 523 523 296 10 524 524 294 6 525 525 296 6 526 526 295 6 527 527 290 7 528 528 294 7 529 529 293 7 530 530 302 158 531 531 304 158 532 532 303 158 533 533 300 159 534 534 299 159 535 535 297 159 536 536 300 160 537 537 303 160 538 538 304 160 539 539 298 161 540 540 297 161 541 541 302 161 542 542 292 9 543 543 296 9 544 544 294 9 545 545 307 4 546 546 308 4 547 547 306 4 548 548 307 5 549 549 311 5 550 550 312 5 551 551 310 6 552 552 312 6 553 553 311 6 554 554 306 162 555 555 310 162 556 556 309 162 557 557 308 9 558 558 312 9 559 559 310 9 560 560 330 16 561 561 332 16 562 562 331 16 563 563 328 17 564 564 327 17 565 565 323 17 566 566 328 163 567 567 331 163 568 568 332 163 569 569 325 9 570 570 323 9 571 571 330 9 572 572 335 4 573 573 336 4 574 574 334 4 575 575 335 164 576 576 339 164 577 577 340 164 578 578 338 6 579 579 340 6 580 580 339 6 581 581 334 165 582 582 338 165 583 583 337 165 584 584 346 11 585 585 348 11 586 586 347 11 587 587 344 12 588 588 343 12 589 589 341 12 590 590 344 166 591 591 347 166 592 592 348 166 593 593 342 167 594 594 341 167 595 595 346 167 596 596 336 9 597 597 340 9 598 598 338 9 599 599 351 4 600 600 352 4 601 601 350 4 602 602 351 164 603 603 355 164 604 604 356 164 605 605 354 168 606 606 356 168 607 607 355 168 608 608 350 169 609 609 354 169 610 610 353 169 611 611 352 170 612 612 356 170 613 613 354 170 614 614 374 171 615 615 376 171 616 616 375 171 617 617 372 172 618 618 371 172 619 619 364 172 620 620 372 173 621 621 375 173 622 622 376 173 623 623 369 9 624 624 364 9 625 625 374 9 626 626 379 4 627 627 380 4 628 628 378 4 629 629 379 174 630 630 383 174 631 631 384 174 632 632 382 6 633 633 384 6 634 634 383 6 635 635 378 175 636 636 382 175 637 637 381 175 638 638 390 171 639 639 392 171 640 640 391 171 641 641 388 176 642 642 387 176 643 643 385 176 644 644 388 177 645 645 391 177 646 646 392 177 647 647 386 9 648 648 385 9 649 649 390 9 650 650 380 9 651 651 384 9 652 652 382 9 653 653 395 4 654 654 396 4 655 655 394 4 656 656 395 29 657 657 399 29 658 658 400 29 659 659 398 6 660 660 400 6 661 661 399 6 662 662 394 178 663 663 398 178 664 664 397 178 665 665 396 9 666 666 400 9 667 667 398 9 668 668 418 31 669 669 420 31 670 670 419 31 671 671 416 179 672 672 415 179 673 673 411 179 674 674 416 180 675 675 419 180 676 676 420 180 677 677 413 9 678 678 411 9 679 679 418 9 680 680 423 4 681 681 424 4 682 682 422 4 683 683 423 181 684 684 427 181 685 685 428 181 686 686 426 6 687 687 428 6 688 688 427 6 689 689 422 175 690 690 426 175 691 691 425 175 692 692 434 31 693 693 436 31 694 694 435 31 695 695 432 182 696 696 431 182 697 697 429 182 698 698 432 183 699 699 435 183 700 700 436 183 701 701 430 9 702 702 429 9 703 703 434 9 704 704 424 9 705 705 428 9 706 706 426 9 707 707 439 4 708 708 440 4 709 709 438 4 710 710 439 181 711 711 443 181 712 712 444 181 713 713 442 6 714 714 444 6 715 715 443 6 716 716 438 184 717 717 442 184 718 718 441 184 719 719 440 9 720 720 444 9 721 721 442 9 722 722 450 185 723 723 447 185 724 724 448 185 725 725 452 186 726 726 451 186 727 727 454 186 728 728 450 9 729 729 454 9 730 730 451 9 731 731 449 41 732 732 453 41 733 733 454 41 734 734 456 9 735 735 458 9 736 736 457 9 737 737 447 187 738 738 451 187 739 739 452 187 740 740 457 188 741 741 461 188 742 742 459 188 743 743 456 189 744 744 460 189 745 745 462 189 746 746 458 46 747 747 462 46 748 748 461 46 749 749 461 2 750 750 462 2 751 751 460 2 752 752 464 190 753 753 466 190 754 754 465 190 755 755 728 48 756 756 729 60 757 757 727 49 758 758 732 51 759 759 621 61 760 760 730 52 761 761 731 53 762 762 730 52 763 763 733 54 764 764 737 56 765 765 738 62 766 766 735 57 767 767 620 59 768 768 622 63 769 769 729 60 770 770 619 50 771 771 727 49 772 772 621 61 773 773 734 55 774 774 733 54 775 775 738 62 776 776 736 58 777 777 735 57 778 778 622 63 779 779 648 191 780 780 647 191 781 781 739 191 782 782 647 192 783 783 649 192 784 784 741 192 785 785 649 193 786 786 650 193 787 787 742 193 788 788 651 194 789 789 743 195 790 790 742 196 791 791 652 197 792 792 744 197 793 793 743 197 794 794 653 198 795 795 745 198 796 796 744 198 797 797 654 199 798 798 746 199 799 799 745 199 800 800 655 200 801 801 747 200 802 802 746 200 803 803 656 74 804 804 748 74 805 805 747 74 806 806 656 201 807 807 657 202 808 808 750 201 809 809 657 203 810 810 658 203 811 811 751 203 812 812 658 204 813 813 659 204 814 814 752 204 815 815 659 205 816 816 660 205 817 817 753 205 818 818 660 206 819 819 661 206 820 820 754 206 821 821 661 74 822 822 662 74 823 823 755 74 824 824 663 207 825 825 756 207 826 826 755 207 827 827 664 208 828 828 757 208 829 829 756 208 830 830 665 209 831 831 758 209 832 832 757 209 833 833 666 210 834 834 759 210 835 835 758 210 836 836 667 74 837 837 760 74 838 838 759 74 839 839 668 74 840 840 761 74 841 841 760 74 842 842 668 211 843 843 669 211 844 844 763 211 845 845 669 212 846 846 670 212 847 847 764 212 848 848 670 213 849 849 648 213 850 850 740 213 851 851 672 214 852 852 766 214 853 853 765 214 854 854 671 215 855 855 765 215 856 856 767 215 857 857 673 216 858 858 767 216 859 859 768 216 860 860 768 217 861 861 769 217 862 862 675 217 863 863 769 218 864 864 770 218 865 865 676 218 866 866 770 219 867 867 771 219 868 868 677 219 869 869 771 220 870 870 772 220 871 871 678 220 872 872 772 221 873 873 773 221 874 874 679 221 875 875 773 107 876 876 774 107 877 877 680 222 878 878 680 107 879 879 774 107 880 880 776 107 881 881 681 223 882 882 776 223 883 883 777 223 884 884 682 224 885 885 777 224 886 886 778 224 887 887 683 225 888 888 778 225 889 889 779 225 890 890 684 226 891 891 779 226 892 892 780 226 893 893 685 227 894 894 780 227 895 895 781 227 896 896 781 228 897 897 782 228 898 898 687 228 899 899 782 229 900 900 783 229 901 901 688 229 902 902 783 230 903 903 784 230 904 904 689 230 905 905 784 231 906 906 785 231 907 907 690 231 908 908 785 232 909 909 786 232 910 910 691 232 911 911 786 107 912 912 787 107 913 913 692 107 914 914 692 107 915 915 787 107 916 916 789 107 917 917 693 107 918 918 789 107 919 919 790 107 920 920 694 107 921 921 790 107 922 922 766 107 923 923 638 110 924 924 710 233 925 925 709 111 926 926 631 113 927 927 703 125 928 928 702 114 929 929 718 116 930 930 717 151 931 931 645 117 932 932 695 119 933 933 696 126 934 934 623 120 935 935 711 122 936 936 710 233 937 937 638 110 938 938 749 124 939 939 775 234 940 940 703 125 941 941 696 126 942 942 718 116 943 943 646 118 944 944 625 127 945 945 697 134 946 946 695 119 947 947 712 128 948 948 711 122 949 949 639 123 950 950 705 130 951 951 704 235 952 952 632 131 953 953 626 133 954 954 698 236 955 955 697 134 956 956 641 135 957 957 713 237 958 958 712 128 959 959 706 136 960 960 705 130 961 961 633 132 962 962 699 138 963 963 698 236 964 964 626 133 965 965 714 140 966 966 713 237 967 967 641 135 968 968 635 142 969 969 707 238 970 970 706 136 971 971 628 143 972 972 700 149 973 973 699 138 974 974 715 144 975 975 714 140 976 976 642 141 977 977 708 146 978 978 707 238 979 979 635 142 980 980 629 148 981 981 701 239 982 982 700 149 983 983 788 150 984 984 715 144 985 985 643 145 986 986 709 111 987 987 708 146 988 988 636 147 989 989 702 114 990 990 701 239 991 991 629 148 992 992 717 151 993 993 716 240 994 994 644 152 995 995 795 4 996 996 797 4 997 997 791 4 998 998 798 241 999 999 801 241 1000 1000 799 241 1001 1001 802 242 1002 1002 805 242 1003 1003 803 242 1004 1004 804 155 1005 1005 806 155 1006 1006 796 155 1007 1007 725 2 1008 1008 723 2 1009 1009 719 2 1010 1010 726 9 1011 1011 722 9 1012 1012 720 9 1013 1013</p>
        </triangles>
        <triangles material="slabs_large-material" count="45">
          <input semantic="VERTEX" source="#Plane_017-mesh-vertices" offset="0"/>
          <input semantic="NORMAL" source="#Plane_017-mesh-normals" offset="1"/>
          <input semantic="TEXCOORD" source="#Plane_017-mesh-map-0" offset="2" set="0"/>
          <input semantic="COLOR" source="#Plane_017-mesh-colors-Col" offset="3" set="0"/>
          <p>106 243 1014 1014 105 243 1015 1015 88 243 1016 1016 181 244 1017 1017 176 244 1018 1018 177 244 1019 1019 78 245 1020 1020 100 245 1021 1021 101 245 1022 1022 100 9 1023 1023 103 9 1024 1024 102 9 1025 1025 101 9 1026 1026 100 9 1027 1027 102 9 1028 1028 105 246 1029 1029 104 246 1030 1030 87 246 1031 1031 104 9 1032 1032 97 9 1033 1033 87 9 1034 1034 97 9 1035 1035 98 9 1036 1036 99 9 1037 1037 99 9 1038 1038 96 9 1039 1039 97 9 1040 1040 96 247 1041 1041 87 247 1042 1042 97 247 1043 1043 101 248 1044 1044 106 248 1045 1045 78 248 1046 1046 105 249 1047 1047 87 249 1048 1048 89 249 1049 1049 80 9 1050 1050 78 9 1051 1051 106 9 1052 1052 81 9 1053 1053 80 9 1054 1054 106 9 1055 1055 105 250 1056 1056 89 250 1057 1057 90 250 1058 1058 105 251 1059 1059 90 251 1060 1060 91 251 1061 1061 82 252 1062 1062 81 252 1063 1063 106 252 1064 1064 83 9 1065 1065 82 9 1066 1066 106 9 1067 1067 105 253 1068 1068 91 253 1069 1069 92 253 1070 1070 105 254 1071 1071 92 254 1072 1072 93 254 1073 1073 84 255 1074 1074 83 255 1075 1075 106 255 1076 1076 85 256 1077 1077 84 256 1078 1078 106 256 1079 1079 105 257 1080 1080 93 257 1081 1081 94 257 1082 1082 105 258 1083 1083 94 258 1084 1084 95 258 1085 1085 86 9 1086 1086 85 9 1087 1087 106 9 1088 1088 79 9 1089 1089 86 9 1090 1090 106 9 1091 1091 105 259 1092 1092 95 259 1093 1093 88 259 1094 1094 88 260 1095 1095 79 260 1096 1096 106 260 1097 1097 167 9 1098 1098 168 9 1099 1099 171 9 1100 1100 168 9 1101 1101 169 9 1102 1102 170 9 1103 1103 171 9 1104 1104 168 9 1105 1105 170 9 1106 1106 171 261 1107 1107 176 261 1108 1108 181 261 1109 1109 176 262 1110 1110 175 262 1111 1111 173 262 1112 1112 175 9 1113 1113 174 9 1114 1114 173 9 1115 1115 173 9 1116 1116 172 9 1117 1117 176 9 1118 1118 172 9 1119 1119 177 9 1120 1120 176 9 1121 1121 177 9 1122 1122 178 9 1123 1123 181 9 1124 1124 178 9 1125 1125 179 9 1126 1126 180 9 1127 1127 181 263 1128 1128 178 263 1129 1129 180 263 1130 1130 181 264 1131 1131 186 264 1132 1132 171 264 1133 1133 186 9 1134 1134 185 9 1135 1135 182 9 1136 1136 171 9 1137 1137 186 9 1138 1138 167 9 1139 1139 185 265 1140 1140 184 265 1141 1141 183 265 1142 1142 183 9 1143 1143 182 9 1144 1144 185 9 1145 1145 182 266 1146 1146 167 266 1147 1147 186 266 1148 1148</p>
        </triangles>
        <triangles material="concrete_plain-material" count="410">
          <input semantic="VERTEX" source="#Plane_017-mesh-vertices" offset="0"/>
          <input semantic="NORMAL" source="#Plane_017-mesh-normals" offset="1"/>
          <input semantic="TEXCOORD" source="#Plane_017-mesh-map-0" offset="2" set="0"/>
          <input semantic="COLOR" source="#Plane_017-mesh-colors-Col" offset="3" set="0"/>
          <p>890 267 1149 1149 1038 268 1150 1150 1034 269 1151 1151 872 270 1152 1152 1039 271 1153 1153 1042 272 1154 1154 889 273 1155 1155 1036 274 1156 1156 1038 268 1157 1157 888 275 1158 1158 1026 276 1159 1159 1031 277 1160 1160 887 278 1161 1161 1031 277 1162 1162 1036 274 1163 1163 891 279 1164 1164 1029 280 1165 1165 1026 276 1166 1166 894 281 1167 1167 1010 282 1168 1168 1023 283 1169 1169 901 284 1170 1170 1015 285 1171 1171 1019 286 1172 1172 898 287 1173 1173 1018 288 1174 1174 1007 289 1175 1175 900 290 1176 1176 1019 286 1177 1177 1021 291 1178 1178 893 292 1179 1179 1023 283 1180 1180 1027 293 1181 1181 902 294 1182 1182 1034 269 1183 1183 1015 285 1184 1184 1012 295 1185 1185 1061 295 1186 1186 1059 295 1187 1187 896 296 1188 1188 1011 297 1189 1189 1013 298 1190 1190 892 299 1191 1191 1027 293 1192 1192 1029 280 1193 1193 1020 300 1194 1194 1069 300 1195 1195 1067 300 1196 1196 922 301 1197 1197 1102 302 1198 1198 1098 303 1199 1199 904 304 1200 1200 1103 305 1201 1201 1106 306 1202 1202 921 307 1203 1203 1100 308 1204 1204 1102 302 1205 1205 920 309 1206 1206 1090 310 1207 1207 1095 311 1208 1208 919 312 1209 1209 1095 311 1210 1210 1100 308 1211 1211 923 313 1212 1212 1093 314 1213 1213 1090 310 1214 1214 926 315 1215 1215 1074 316 1216 1216 1087 317 1217 1217 933 318 1218 1218 1079 319 1219 1219 1083 320 1220 1220 930 321 1221 1221 1082 322 1222 1222 1071 323 1223 1223 932 324 1224 1224 1083 320 1225 1225 1085 325 1226 1226 925 326 1227 1227 1087 317 1228 1228 1091 327 1229 1229 934 328 1230 1230 1098 303 1231 1231 1079 319 1232 1232 1076 329 1233 1233 1125 329 1234 1234 1123 329 1235 1235 928 330 1236 1236 1075 331 1237 1237 1077 332 1238 1238 924 333 1239 1239 1091 327 1240 1240 1093 314 1241 1241 1084 9 1242 1242 1133 9 1243 1243 1131 9 1244 1244 953 334 1245 1245 1138 335 1246 1246 1151 336 1247 1247 951 337 1248 1248 1143 338 1249 1249 1147 339 1250 1250 948 340 1251 1251 1146 341 1252 1252 1135 342 1253 1253 950 343 1254 1254 1147 339 1255 1255 1149 344 1256 1256 944 345 1257 1257 1174 346 1258 1258 1155 347 1259 1259 952 348 1260 1260 1154 349 1261 1261 1143 338 1262 1262 1140 295 1263 1263 1165 295 1264 1264 1163 295 1265 1265 946 350 1266 1266 1139 351 1267 1267 1141 352 1268 1268 1148 9 1269 1269 1173 9 1270 1270 1171 9 1271 1271 927 353 1272 1272 1077 332 1273 1273 1074 316 1274 1274 906 354 1275 1275 1134 355 1276 1276 1109 356 1277 1277 1017 9 1278 1278 1061 9 1279 1279 1008 9 1280 1280 936 357 1281 1281 1159 358 1282 1282 1162 359 1283 1283 1073 360 1284 1284 1117 360 1285 1285 1088 360 1286 1286 909 361 1287 1287 1114 362 1288 1288 1116 363 1289 1289 1022 9 1290 1290 1064 9 1291 1291 1017 9 1292 1292 935 364 1293 1293 1158 365 1294 1294 1159 358 1295 1295 1096 9 1296 1296 1112 9 1297 1297 1105 9 1298 1298 910 366 1299 1299 1116 363 1300 1300 1118 367 1301 1301 1020 368 1302 1302 1065 368 1303 1303 1022 368 1304 1304 871 369 1305 1305 1043 370 1306 1306 1039 271 1307 1307 1142 371 1308 1308 1160 371 1309 1309 1137 371 1310 1310 931 372 1311 1311 1085 325 1312 1312 1082 322 1313 1313 911 373 1314 1314 1118 367 1315 1315 1119 374 1316 1316 1033 375 1317 1317 1069 375 1318 1318 1016 375 1319 1319 875 376 1320 1320 1042 272 1321 1321 1047 377 1322 1322 1140 378 1323 1323 1161 378 1324 1324 1142 378 1325 1325 913 379 1326 1326 1122 380 1327 1327 1124 381 1328 1328 895 382 1329 1329 1013 298 1330 1330 1010 282 1331 1331 874 383 1332 1332 1070 384 1333 1333 1045 385 1334 1334 1145 9 1335 1335 1165 9 1336 1336 1136 9 1337 1337 914 386 1338 1338 1124 381 1339 1339 1126 387 1340 1340 1009 388 1341 1341 1053 388 1342 1342 1024 388 1343 1343 877 389 1344 1344 1050 390 1345 1345 1052 391 1346 1346 1150 392 1347 1347 1168 392 1348 1348 1145 392 1349 1349 915 393 1350 1350 1126 387 1351 1351 1127 394 1352 1352 1032 395 1353 1353 1048 395 1354 1354 1041 395 1355 1355 878 396 1356 1356 1052 391 1357 1357 1054 397 1358 1358 1148 398 1359 1359 1169 398 1360 1360 1150 398 1361 1361 917 399 1362 1362 1130 400 1363 1363 1132 401 1364 1364 899 402 1365 1365 1021 291 1366 1366 1018 288 1367 1367 879 403 1368 1368 1054 397 1369 1369 1055 404 1370 1370 1153 405 1371 1371 1173 405 1372 1372 1144 405 1373 1373 918 406 1374 1374 1132 401 1375 1375 1134 355 1376 1376 881 407 1377 1377 1058 408 1378 1378 1060 409 1379 1379 945 410 1380 1380 1141 352 1381 1381 1138 335 1382 1382 947 411 1383 1383 1135 342 1384 1384 1139 351 1385 1385 882 412 1386 1386 1060 409 1387 1387 1062 413 1388 1388 1137 414 1389 1389 1157 414 1390 1390 1152 414 1391 1391 916 415 1392 1392 1127 394 1393 1393 1130 400 1394 1394 883 416 1395 1395 1062 413 1396 1396 1063 417 1397 1397 949 418 1398 1398 1149 344 1399 1399 1146 341 1400 1400 912 419 1401 1401 1119 374 1402 1402 1122 380 1403 1403 885 420 1404 1404 1066 421 1405 1405 1068 422 1406 1406 905 423 1407 1407 1109 356 1408 1408 1107 424 1409 1409 886 425 1410 1410 1068 422 1411 1411 1070 384 1412 1412 908 426 1413 1413 1111 427 1414 1414 1114 362 1415 1415 929 428 1416 1416 1071 323 1417 1417 1075 331 1418 1418 1099 9 1419 1419 1105 9 1420 1420 1104 9 1421 1421 884 429 1422 1422 1063 417 1423 1423 1066 421 1424 1424 1101 9 1425 1425 1104 9 1426 1426 1108 9 1427 1427 880 430 1428 1428 1055 404 1429 1429 1058 408 1430 1430 1101 431 1431 1431 1110 431 1432 1432 1097 431 1433 1433 873 432 1434 1434 1045 385 1435 1435 1043 370 1436 1436 1094 9 1437 1437 1112 9 1438 1438 1089 9 1439 1439 876 433 1440 1440 1047 377 1441 1441 1050 390 1442 1442 1092 9 1443 1443 1113 9 1444 1444 1094 9 1445 1445 1035 434 1446 1446 1041 434 1447 1447 1040 434 1448 1448 1092 435 1449 1449 1117 435 1450 1450 1115 435 1451 1451 1035 9 1452 1452 1044 9 1453 1453 1037 9 1454 1454 937 436 1455 1455 1162 359 1456 1456 1164 437 1457 1457 1078 9 1458 1458 1120 9 1459 1459 1073 9 1460 1460 1037 9 1461 1461 1046 9 1462 1462 1033 9 1463 1463 938 438 1464 1464 1164 437 1465 1465 1166 439 1466 1466 1078 440 1467 1467 1123 440 1468 1468 1121 440 1469 1469 1030 9 1470 1470 1048 9 1471 1471 1025 9 1472 1472 939 441 1473 1473 1166 439 1474 1474 1167 442 1475 1475 1081 9 1476 1476 1125 9 1477 1477 1072 9 1478 1478 1030 443 1479 1479 1051 443 1480 1480 1049 443 1481 1481 941 444 1482 1482 1170 445 1483 1483 1172 446 1484 1484 1086 9 1485 1485 1128 9 1486 1486 1081 9 1487 1487 1028 9 1488 1488 1053 9 1489 1489 1051 9 1490 1490 942 447 1491 1491 1172 446 1492 1492 1174 346 1493 1493 1084 9 1494 1494 1129 9 1495 1495 1086 9 1496 1496 903 448 1497 1497 1107 424 1498 1498 1103 305 1499 1499 1014 9 1500 1500 1056 9 1501 1501 1009 9 1502 1502 1097 449 1503 1503 1133 449 1504 1504 1080 449 1505 1505 907 450 1506 1506 1106 306 1507 1507 1111 427 1508 1508 1012 9 1509 1509 1057 9 1510 1510 1014 9 1511 1511 940 451 1512 1512 1167 442 1513 1513 1170 445 1514 1514 1040 452 1515 1515 1042 453 1516 1516 1039 454 1517 1517 1040 452 1518 1518 1043 455 1519 1519 1044 456 1520 1520 1044 456 1521 1521 1045 457 1522 1522 1046 458 1523 1523 1049 459 1524 1524 1047 460 1525 1525 1048 461 1526 1526 1049 459 1527 1527 1052 462 1528 1528 1050 463 1529 1529 1051 464 1530 1530 1054 465 1531 1531 1052 462 1532 1532 1057 466 1533 1533 1055 467 1534 1534 1056 468 1535 1535 1059 469 1536 1536 1058 470 1537 1537 1057 466 1538 1538 1059 469 1539 1539 1062 471 1540 1540 1060 472 1541 1541 1065 473 1542 1542 1063 474 1543 1543 1064 475 1544 1544 1067 476 1545 1545 1066 477 1546 1546 1065 473 1547 1547 1067 476 1548 1548 1070 478 1549 1549 1068 479 1550 1550 1064 475 1551 1551 1062 471 1552 1552 1061 480 1553 1553 1054 465 1554 1554 1056 468 1555 1555 1055 467 1556 1556 1047 460 1557 1557 1041 481 1558 1558 1048 461 1559 1559 1070 478 1560 1560 1046 458 1561 1561 1045 457 1562 1562 1036 482 1563 1563 1032 483 1564 1564 1035 484 1565 1565 1036 482 1566 1566 1037 485 1567 1567 1038 486 1568 1568 1038 486 1569 1569 1033 487 1570 1570 1034 269 1571 1571 1029 488 1572 1572 1025 489 1573 1573 1026 276 1574 1574 1029 488 1575 1575 1028 490 1576 1576 1030 491 1577 1577 1027 492 1578 1578 1024 493 1579 1579 1028 490 1580 1580 1013 494 1581 1581 1009 495 1582 1582 1010 282 1583 1583 1011 496 1584 1584 1014 497 1585 1585 1013 494 1586 1586 1011 496 1587 1587 1008 498 1588 1588 1012 499 1589 1589 1021 500 1590 1590 1017 501 1591 1591 1018 288 1592 1592 1019 502 1593 1593 1022 503 1594 1594 1021 500 1595 1595 1019 502 1596 1596 1016 504 1597 1597 1020 505 1598 1598 1018 288 1599 1599 1008 498 1600 1600 1007 289 1601 1601 1024 493 1602 1602 1010 282 1603 1603 1009 495 1604 1604 1025 489 1605 1605 1031 277 1606 1606 1026 276 1607 1607 1016 504 1608 1608 1034 269 1609 1609 1033 487 1610 1610 1104 506 1611 1611 1106 306 1612 1612 1103 507 1613 1613 1108 508 1614 1614 1103 507 1615 1615 1107 509 1616 1616 1108 508 1617 1617 1109 510 1618 1618 1110 511 1619 1619 1113 512 1620 1620 1111 427 1621 1621 1112 513 1622 1622 1115 514 1623 1623 1114 515 1624 1624 1113 512 1625 1625 1115 514 1626 1626 1118 516 1627 1627 1116 517 1628 1628 1121 518 1629 1629 1119 519 1630 1630 1120 520 1631 1631 1121 518 1632 1632 1124 521 1633 1633 1122 522 1634 1634 1123 523 1635 1635 1126 387 1636 1636 1124 521 1637 1637 1129 524 1638 1638 1127 394 1639 1639 1128 525 1640 1640 1131 526 1641 1641 1130 527 1642 1642 1129 524 1643 1643 1131 526 1644 1644 1134 528 1645 1645 1132 529 1646 1646 1128 525 1647 1647 1126 387 1648 1648 1125 530 1649 1649 1118 516 1650 1650 1120 520 1651 1651 1119 519 1652 1652 1111 427 1653 1653 1105 531 1654 1654 1112 513 1655 1655 1134 528 1656 1656 1110 511 1657 1657 1109 510 1658 1658 1100 532 1659 1659 1096 533 1660 1660 1099 534 1661 1661 1102 535 1662 1662 1099 534 1663 1663 1101 536 1664 1664 1102 535 1665 1665 1097 537 1666 1666 1098 303 1667 1667 1093 538 1668 1668 1089 539 1669 1669 1090 310 1670 1670 1091 540 1671 1671 1094 541 1672 1672 1093 538 1673 1673 1091 540 1674 1674 1088 542 1675 1675 1092 543 1676 1676 1077 544 1677 1677 1073 545 1678 1678 1074 316 1679 1679 1077 544 1680 1680 1076 546 1681 1681 1078 547 1682 1682 1075 548 1683 1683 1072 549 1684 1684 1076 546 1685 1685 1085 550 1686 1686 1081 551 1687 1687 1082 322 1688 1688 1083 552 1689 1689 1086 553 1690 1690 1085 550 1691 1691 1083 552 1692 1692 1080 554 1693 1693 1084 555 1694 1694 1082 322 1695 1695 1072 549 1696 1696 1071 323 1697 1697 1088 542 1698 1698 1074 316 1699 1699 1073 545 1700 1700 1089 539 1701 1701 1095 311 1702 1702 1090 310 1703 1703 1080 554 1704 1704 1098 303 1705 1705 1097 537 1706 1706 1161 556 1707 1707 1159 358 1708 1708 1160 557 1709 1709 1163 558 1710 1710 1162 559 1711 1711 1161 556 1712 1712 1163 558 1713 1713 1166 560 1714 1714 1164 561 1715 1715 1169 562 1716 1716 1167 563 1717 1717 1168 564 1718 1718 1171 565 1719 1719 1170 566 1720 1720 1169 562 1721 1721 1171 565 1722 1722 1174 567 1723 1723 1172 568 1724 1724 1168 564 1725 1725 1166 560 1726 1726 1165 569 1727 1727 1158 365 1728 1728 1160 557 1729 1729 1159 358 1730 1730 1174 567 1731 1731 1156 570 1732 1732 1155 571 1733 1733 1141 572 1734 1734 1137 573 1735 1735 1138 335 1736 1736 1139 574 1737 1737 1142 575 1738 1738 1141 572 1739 1739 1139 574 1740 1740 1136 576 1741 1741 1140 577 1742 1742 1149 578 1743 1743 1145 579 1744 1744 1146 341 1745 1745 1147 580 1746 1746 1150 581 1747 1747 1149 578 1748 1748 1147 580 1749 1749 1144 582 1750 1750 1148 583 1751 1751 1146 341 1752 1752 1136 576 1753 1753 1135 342 1754 1754 1152 584 1755 1755 1138 335 1756 1756 1137 573 1757 1757 1153 585 1758 1758 1143 338 1759 1759 1154 349 1760 1760 897 586 1761 1761 1007 289 1762 1762 1011 297 1763 1763 890 267 1764 1764 889 273 1765 1765 1038 268 1766 1766 872 270 1767 1767 871 369 1768 1768 1039 271 1769 1769 889 273 1770 1770 887 278 1771 1771 1036 274 1772 1772 888 275 1773 1773 891 279 1774 1774 1026 276 1775 1775 887 278 1776 1776 888 275 1777 1777 1031 277 1778 1778 891 279 1779 1779 892 299 1780 1780 1029 280 1781 1781 894 281 1782 1782 895 382 1783 1783 1010 282 1784 1784 901 284 1785 1785 902 294 1786 1786 1015 285 1787 1787 898 287 1788 1788 899 402 1789 1789 1018 288 1790 1790 900 290 1791 1791 901 284 1792 1792 1019 286 1793 1793 893 292 1794 1794 894 281 1795 1795 1023 283 1796 1796 902 294 1797 1797 890 267 1798 1798 1034 269 1799 1799 1012 9 1800 1800 1008 9 1801 1801 1061 9 1802 1802 896 296 1803 1803 897 586 1804 1804 1011 297 1805 1805 892 299 1806 1806 893 292 1807 1807 1027 293 1808 1808 1020 9 1809 1809 1016 9 1810 1810 1069 9 1811 1811 922 301 1812 1812 921 307 1813 1813 1102 302 1814 1814 904 304 1815 1815 903 448 1816 1816 1103 305 1817 1817 921 307 1818 1818 919 312 1819 1819 1100 308 1820 1820 920 309 1821 1821 923 313 1822 1822 1090 310 1823 1823 919 312 1824 1824 920 309 1825 1825 1095 311 1826 1826 923 313 1827 1827 924 333 1828 1828 1093 314 1829 1829 926 315 1830 1830 927 353 1831 1831 1074 316 1832 1832 933 318 1833 1833 934 328 1834 1834 1079 319 1835 1835 930 321 1836 1836 931 372 1837 1837 1082 322 1838 1838 932 324 1839 1839 933 318 1840 1840 1083 320 1841 1841 925 326 1842 1842 926 315 1843 1843 1087 317 1844 1844 934 328 1845 1845 922 301 1846 1846 1098 303 1847 1847 1076 9 1848 1848 1072 9 1849 1849 1125 9 1850 1850 928 330 1851 1851 929 428 1852 1852 1075 331 1853 1853 924 333 1854 1854 925 326 1855 1855 1091 327 1856 1856 1084 9 1857 1857 1080 9 1858 1858 1133 9 1859 1859 953 334 1860 1860 945 410 1861 1861 1138 335 1862 1862 951 337 1863 1863 952 348 1864 1864 1143 338 1865 1865 948 340 1866 1866 949 418 1867 1867 1146 341 1868 1868 950 343 1869 1869 951 337 1870 1870 1147 339 1871 1871 944 345 1872 1872 942 447 1873 1873 1174 346 1874 1874 952 348 1875 1875 954 587 1876 1876 1154 349 1877 1877 1140 9 1878 1878 1136 9 1879 1879 1165 9 1880 1880 946 350 1881 1881 947 411 1882 1882 1139 351 1883 1883 1148 9 1884 1884 1144 9 1885 1885 1173 9 1886 1886 927 353 1887 1887 928 330 1888 1888 1077 332 1889 1889 906 354 1890 1890 918 406 1891 1891 1134 355 1892 1892 1017 9 1893 1893 1064 9 1894 1894 1061 9 1895 1895 936 357 1896 1896 935 364 1897 1897 1159 358 1898 1898 1073 9 1899 1899 1120 9 1900 1900 1117 9 1901 1901 909 361 1902 1902 908 426 1903 1903 1114 362 1904 1904 1022 9 1905 1905 1065 9 1906 1906 1064 9 1907 1907 935 364 1908 1908 943 588 1909 1909 1158 365 1910 1910 1096 9 1911 1911 1089 9 1912 1912 1112 9 1913 1913 910 366 1914 1914 909 361 1915 1915 1116 363 1916 1916 1020 9 1917 1917 1067 9 1918 1918 1065 9 1919 1919 871 369 1920 1920 873 432 1921 1921 1043 370 1922 1922 1142 9 1923 1923 1161 9 1924 1924 1160 9 1925 1925 931 372 1926 1926 932 324 1927 1927 1085 325 1928 1928 911 373 1929 1929 910 366 1930 1930 1118 367 1931 1931 1033 9 1932 1932 1046 9 1933 1933 1069 9 1934 1934 875 376 1935 1935 872 270 1936 1936 1042 272 1937 1937 1140 9 1938 1938 1163 9 1939 1939 1161 9 1940 1940 913 379 1941 1941 912 419 1942 1942 1122 380 1943 1943 895 382 1944 1944 896 296 1945 1945 1013 298 1946 1946 874 383 1947 1947 886 425 1948 1948 1070 384 1949 1949 1145 589 1950 1950 1168 589 1951 1951 1165 589 1952 1952 914 386 1953 1953 913 379 1954 1954 1124 381 1955 1955 1009 590 1956 1956 1056 590 1957 1957 1053 590 1958 1958 877 389 1959 1959 876 433 1960 1960 1050 390 1961 1961 1150 9 1962 1962 1169 9 1963 1963 1168 9 1964 1964 915 393 1965 1965 914 386 1966 1966 1126 387 1967 1967 1032 9 1968 1968 1025 9 1969 1969 1048 9 1970 1970 878 396 1971 1971 877 389 1972 1972 1052 391 1973 1973 1148 591 1974 1974 1171 591 1975 1975 1169 591 1976 1976 917 399 1977 1977 916 415 1978 1978 1130 400 1979 1979 899 402 1980 1980 900 290 1981 1981 1021 291 1982 1982 879 403 1983 1983 878 396 1984 1984 1054 397 1985 1985 1153 9 1986 1986 1156 9 1987 1987 1173 9 1988 1988 918 406 1989 1989 917 399 1990 1990 1132 401 1991 1991 881 407 1992 1992 880 430 1993 1993 1058 408 1994 1994 945 410 1995 1995 946 350 1996 1996 1141 352 1997 1997 947 411 1998 1998 948 340 1999 1999 1135 342 2000 2000 882 412 2001 2001 881 407 2002 2002 1060 409 2003 2003 1137 9 2004 2004 1160 9 2005 2005 1157 9 2006 2006 916 415 2007 2007 915 393 2008 2008 1127 394 2009 2009 883 416 2010 2010 882 412 2011 2011 1062 413 2012 2012 949 418 2013 2013 950 343 2014 2014 1149 344 2015 2015 912 419 2016 2016 911 373 2017 2017 1119 374 2018 2018 885 420 2019 2019 884 429 2020 2020 1066 421 2021 2021 905 423 2022 2022 906 354 2023 2023 1109 356 2024 2024 886 425 2025 2025 885 420 2026 2026 1068 422 2027 2027 908 426 2028 2028 907 450 2029 2029 1111 427 2030 2030 929 428 2031 2031 930 321 2032 2032 1071 323 2033 2033 1099 9 2034 2034 1096 9 2035 2035 1105 9 2036 2036 884 429 2037 2037 883 416 2038 2038 1063 417 2039 2039 1101 9 2040 2040 1099 9 2041 2041 1104 9 2042 2042 880 430 2043 2043 879 403 2044 2044 1055 404 2045 2045 1101 9 2046 2046 1108 9 2047 2047 1110 9 2048 2048 873 432 2049 2049 874 383 2050 2050 1045 385 2051 2051 1094 592 2052 2052 1113 592 2053 2053 1112 592 2054 2054 876 433 2055 2055 875 376 2056 2056 1047 377 2057 2057 1092 593 2058 2058 1115 593 2059 2059 1113 593 2060 2060 1035 594 2061 2061 1032 594 2062 2062 1041 594 2063 2063 1092 9 2064 2064 1088 9 2065 2065 1117 9 2066 2066 1035 595 2067 2067 1040 595 2068 2068 1044 595 2069 2069 937 436 2070 2070 936 357 2071 2071 1162 359 2072 2072 1078 9 2073 2073 1121 9 2074 2074 1120 9 2075 2075 1037 9 2076 2076 1044 9 2077 2077 1046 9 2078 2078 938 438 2079 2079 937 436 2080 2080 1164 437 2081 2081 1078 596 2082 2082 1076 596 2083 2083 1123 596 2084 2084 1030 597 2085 2085 1049 597 2086 2086 1048 597 2087 2087 939 441 2088 2088 938 438 2089 2089 1166 439 2090 2090 1081 9 2091 2091 1128 9 2092 2092 1125 9 2093 2093 1030 598 2094 2094 1028 598 2095 2095 1051 598 2096 2096 941 444 2097 2097 940 451 2098 2098 1170 445 2099 2099 1086 9 2100 2100 1129 9 2101 2101 1128 9 2102 2102 1028 9 2103 2103 1024 9 2104 2104 1053 9 2105 2105 942 447 2106 2106 941 444 2107 2107 1172 446 2108 2108 1084 599 2109 2109 1131 599 2110 2110 1129 599 2111 2111 903 448 2112 2112 905 423 2113 2113 1107 424 2114 2114 1014 9 2115 2115 1057 9 2116 2116 1056 9 2117 2117 1097 600 2118 2118 1110 600 2119 2119 1133 600 2120 2120 907 450 2121 2121 904 304 2122 2122 1106 306 2123 2123 1012 9 2124 2124 1059 9 2125 2125 1057 9 2126 2126 940 451 2127 2127 939 441 2128 2128 1167 442 2129 2129 1040 452 2130 2130 1041 481 2131 2131 1042 453 2132 2132 1040 452 2133 2133 1039 454 2134 2134 1043 455 2135 2135 1044 456 2136 2136 1043 455 2137 2137 1045 457 2138 2138 1049 459 2139 2139 1050 463 2140 2140 1047 460 2141 2141 1049 459 2142 2142 1051 464 2143 2143 1052 462 2144 2144 1051 464 2145 2145 1053 601 2146 2146 1054 465 2147 2147 1057 466 2148 2148 1058 470 2149 2149 1055 467 2150 2150 1059 469 2151 2151 1060 472 2152 2152 1058 470 2153 2153 1059 469 2154 2154 1061 480 2155 2155 1062 471 2156 2156 1065 473 2157 2157 1066 477 2158 2158 1063 474 2159 2159 1067 476 2160 2160 1068 479 2161 2161 1066 477 2162 2162 1067 476 2163 2163 1069 602 2164 2164 1070 478 2165 2165 1064 475 2166 2166 1063 474 2167 2167 1062 471 2168 2168 1054 465 2169 2169 1053 601 2170 2170 1056 468 2171 2171 1047 460 2172 2172 1042 453 2173 2173 1041 481 2174 2174 1070 478 2175 2175 1069 602 2176 2176 1046 458 2177 2177 1036 482 2178 2178 1031 277 2179 2179 1032 483 2180 2180 1036 482 2181 2181 1035 484 2182 2182 1037 485 2183 2183 1038 486 2184 2184 1037 485 2185 2185 1033 487 2186 2186 1029 488 2187 2187 1030 491 2188 2188 1025 489 2189 2189 1029 488 2190 2190 1027 492 2191 2191 1028 490 2192 2192 1027 492 2193 2193 1023 283 2194 2194 1024 493 2195 2195 1013 494 2196 2196 1014 497 2197 2197 1009 495 2198 2198 1011 496 2199 2199 1012 499 2200 2200 1014 497 2201 2201 1011 496 2202 2202 1007 289 2203 2203 1008 498 2204 2204 1021 500 2205 2205 1022 503 2206 2206 1017 501 2207 2207 1019 502 2208 2208 1020 505 2209 2209 1022 503 2210 2210 1019 502 2211 2211 1015 285 2212 2212 1016 504 2213 2213 1018 288 2214 2214 1017 501 2215 2215 1008 498 2216 2216 1024 493 2217 2217 1023 283 2218 2218 1010 282 2219 2219 1025 489 2220 2220 1032 483 2221 2221 1031 277 2222 2222 1016 504 2223 2223 1015 285 2224 2224 1034 269 2225 2225 1104 506 2226 2226 1105 531 2227 2227 1106 306 2228 2228 1108 508 2229 2229 1104 506 2230 2230 1103 507 2231 2231 1108 508 2232 2232 1107 509 2233 2233 1109 510 2234 2234 1113 512 2235 2235 1114 515 2236 2236 1111 427 2237 2237 1115 514 2238 2238 1116 517 2239 2239 1114 515 2240 2240 1115 514 2241 2241 1117 603 2242 2242 1118 516 2243 2243 1121 518 2244 2244 1122 522 2245 2245 1119 519 2246 2246 1121 518 2247 2247 1123 523 2248 2248 1124 521 2249 2249 1123 523 2250 2250 1125 530 2251 2251 1126 387 2252 2252 1129 524 2253 2253 1130 527 2254 2254 1127 394 2255 2255 1131 526 2256 2256 1132 529 2257 2257 1130 527 2258 2258 1131 526 2259 2259 1133 604 2260 2260 1134 528 2261 2261 1128 525 2262 2262 1127 394 2263 2263 1126 387 2264 2264 1118 516 2265 2265 1117 603 2266 2266 1120 520 2267 2267 1111 427 2268 2268 1106 306 2269 2269 1105 531 2270 2270 1134 528 2271 2271 1133 604 2272 2272 1110 511 2273 2273 1100 532 2274 2274 1095 311 2275 2275 1096 533 2276 2276 1102 535 2277 2277 1100 532 2278 2278 1099 534 2279 2279 1102 535 2280 2280 1101 536 2281 2281 1097 537 2282 2282 1093 538 2283 2283 1094 541 2284 2284 1089 539 2285 2285 1091 540 2286 2286 1092 543 2287 2287 1094 541 2288 2288 1091 540 2289 2289 1087 317 2290 2290 1088 542 2291 2291 1077 544 2292 2292 1078 547 2293 2293 1073 545 2294 2294 1077 544 2295 2295 1075 548 2296 2296 1076 546 2297 2297 1075 548 2298 2298 1071 323 2299 2299 1072 549 2300 2300 1085 550 2301 2301 1086 553 2302 2302 1081 551 2303 2303 1083 552 2304 2304 1084 555 2305 2305 1086 553 2306 2306 1083 552 2307 2307 1079 319 2308 2308 1080 554 2309 2309 1082 322 2310 2310 1081 551 2311 2311 1072 549 2312 2312 1088 542 2313 2313 1087 317 2314 2314 1074 316 2315 2315 1089 539 2316 2316 1096 533 2317 2317 1095 311 2318 2318 1080 554 2319 2319 1079 319 2320 2320 1098 303 2321 2321 1161 556 2322 2322 1162 559 2323 2323 1159 358 2324 2324 1163 558 2325 2325 1164 561 2326 2326 1162 559 2327 2327 1163 558 2328 2328 1165 569 2329 2329 1166 560 2330 2330 1169 562 2331 2331 1170 566 2332 2332 1167 563 2333 2333 1171 565 2334 2334 1172 568 2335 2335 1170 566 2336 2336 1171 565 2337 2337 1173 605 2338 2338 1174 567 2339 2339 1168 564 2340 2340 1167 563 2341 2341 1166 560 2342 2342 1158 365 2343 2343 1157 606 2344 2344 1160 557 2345 2345 1174 567 2346 2346 1173 605 2347 2347 1156 570 2348 2348 1141 572 2349 2349 1142 575 2350 2350 1137 573 2351 2351 1139 574 2352 2352 1140 577 2353 2353 1142 575 2354 2354 1139 574 2355 2355 1135 342 2356 2356 1136 576 2357 2357 1149 578 2358 2358 1150 581 2359 2359 1145 579 2360 2360 1147 580 2361 2361 1148 583 2362 2362 1150 581 2363 2363 1147 580 2364 2364 1143 338 2365 2365 1144 582 2366 2366 1146 341 2367 2367 1145 579 2368 2368 1136 576 2369 2369 1152 584 2370 2370 1151 336 2371 2371 1138 335 2372 2372 1153 585 2373 2373 1144 582 2374 2374 1143 338 2375 2375 897 586 2376 2376 898 287 2377 2377 1007 289 2378 2378</p>
        </triangles>
        <triangles material="street_lines1-material" count="34">
          <input semantic="VERTEX" source="#Plane_017-mesh-vertices" offset="0"/>
          <input semantic="NORMAL" source="#Plane_017-mesh-normals" offset="1"/>
          <input semantic="TEXCOORD" source="#Plane_017-mesh-map-0" offset="2" set="0"/>
          <input semantic="COLOR" source="#Plane_017-mesh-colors-Col" offset="3" set="0"/>
          <p>817 607 2379 2379 816 607 2380 2380 818 607 2381 2381 812 608 2382 2382 813 608 2383 2383 811 608 2384 2384 809 9 2385 2385 808 9 2386 2386 810 9 2387 2387 822 609 2388 2388 819 609 2389 2389 820 609 2390 2390 826 610 2391 2391 823 610 2392 2392 824 610 2393 2393 837 9 2394 2394 836 9 2395 2395 838 9 2396 2396 832 9 2397 2397 833 9 2398 2398 831 9 2399 2399 830 611 2400 2400 827 611 2401 2401 828 611 2402 2402 842 612 2403 2403 839 612 2404 2404 840 612 2405 2405 854 613 2406 2406 851 613 2407 2407 852 613 2408 2408 847 614 2409 2409 850 614 2410 2410 849 614 2411 2411 844 9 2412 2412 845 9 2413 2413 843 9 2414 2414 865 615 2415 2415 864 615 2416 2416 866 615 2417 2417 860 9 2418 2418 861 9 2419 2419 859 9 2420 2420 858 616 2421 2421 855 616 2422 2422 856 616 2423 2423 870 617 2424 2424 867 617 2425 2425 868 617 2426 2426 1004 618 2427 2427 1005 618 2428 2428 1006 618 2429 2429 817 619 2430 2430 815 619 2431 2431 816 619 2432 2432 812 620 2433 2433 814 620 2434 2434 813 620 2435 2435 809 621 2436 2436 807 621 2437 2437 808 621 2438 2438 822 9 2439 2439 821 9 2440 2440 819 9 2441 2441 826 9 2442 2442 825 9 2443 2443 823 9 2444 2444 837 622 2445 2445 835 622 2446 2446 836 622 2447 2447 832 9 2448 2448 834 9 2449 2449 833 9 2450 2450 830 623 2451 2451 829 623 2452 2452 827 623 2453 2453 842 624 2454 2454 841 624 2455 2455 839 624 2456 2456 854 9 2457 2457 853 9 2458 2458 851 9 2459 2459 847 9 2460 2460 848 9 2461 2461 850 9 2462 2462 844 625 2463 2463 846 625 2464 2464 845 625 2465 2465 865 626 2466 2466 863 626 2467 2467 864 626 2468 2468 860 627 2469 2469 862 627 2470 2470 861 627 2471 2471 858 9 2472 2472 857 9 2473 2473 855 9 2474 2474 870 628 2475 2475 869 628 2476 2476 867 628 2477 2477 1004 9 2478 2478 1003 9 2479 2479 1005 9 2480 2480</p>
        </triangles>
        <triangles material="clutter_commercial-material" count="164">
          <input semantic="VERTEX" source="#Plane_017-mesh-vertices" offset="0"/>
          <input semantic="NORMAL" source="#Plane_017-mesh-normals" offset="1"/>
          <input semantic="TEXCOORD" source="#Plane_017-mesh-map-0" offset="2" set="0"/>
          <input semantic="COLOR" source="#Plane_017-mesh-colors-Col" offset="3" set="0"/>
          <p>273 629 2481 2481 271 629 2482 2482 272 629 2483 2483 280 630 2484 2484 275 630 2485 2485 279 630 2486 2486 313 631 2487 2487 282 631 2488 2488 277 631 2489 2489 318 632 2490 2490 315 632 2491 2491 317 632 2492 2492 321 633 2493 2493 319 633 2494 2494 320 633 2495 2495 357 634 2496 2496 326 634 2497 2497 324 634 2498 2498 361 635 2499 2499 359 635 2500 2500 360 635 2501 2501 368 636 2502 2502 363 636 2503 2503 367 636 2504 2504 401 172 2505 2505 370 172 2506 2506 365 172 2507 2507 406 637 2508 2508 403 637 2509 2509 405 637 2510 2510 409 638 2511 2511 407 638 2512 2512 408 638 2513 2513 445 639 2514 2514 414 639 2515 2515 412 639 2516 2516 564 656 2589 2589 565 656 2590 2590 563 656 2591 2591 568 74 2592 2592 569 74 2593 2593 567 74 2594 2594 600 661 2616 2616 601 661 2617 2617 599 661 2618 2618 604 662 2619 2619 605 662 2620 2620 603 662 2621 2621 651 74 2631 2631 650 74 2632 2632 661 74 2633 2633 693 107 2634 2634 694 107 2635 2635 691 107 2636 2636 273 666 2637 2637 274 666 2638 2638 271 666 2639 2639 280 667 2640 2640 278 667 2641 2641 275 667 2642 2642 313 631 2643 2643 314 631 2644 2644 282 631 2645 2645 318 668 2646 2646 316 668 2647 2647 315 668 2648 2648 321 669 2649 2649 322 669 2650 2650 319 669 2651 2651 357 670 2652 2652 358 670 2653 2653 326 670 2654 2654 361 671 2655 2655 362 671 2656 2656 359 671 2657 2657 368 672 2658 2658 366 672 2659 2659 363 672 2660 2660 401 172 2661 2661 402 172 2662 2662 370 172 2663 2663 406 673 2664 2664 404 673 2665 2665 403 673 2666 2666 409 674 2667 2667 410 674 2668 2668 407 674 2669 2669 445 675 2670 2670 446 675 2671 2671 414 675 2672 2672 564 691 2745 2745 566 691 2746 2746 565 691 2747 2747 568 74 2748 2748 570 74 2749 2749 569 74 2750 2750 600 696 2772 2772 602 696 2773 2773 601 696 2774 2774 604 697 2775 2775 606 697 2776 2776 605 697 2777 2777 649 700 2787 2787 647 700 2788 2788 664 700 2789 2789 647 74 2790 2790 648 74 2791 2791 665 74 2792 2792 648 701 2793 2793 670 701 2794 2794 666 701 2795 2795 670 702 2796 2796 669 702 2797 2797 666 702 2798 2798 648 703 2799 2799 666 703 2800 2800 665 703 2801 2801 669 704 2802 2802 668 704 2803 2803 667 704 2804 2804 667 705 2805 2805 666 705 2806 2806 669 705 2807 2807 665 74 2808 2808 664 74 2809 2809 647 74 2810 2810 664 706 2811 2811 663 706 2812 2812 649 706 2813 2813 663 707 2814 2814 662 707 2815 2815 650 707 2816 2816 662 74 2817 2817 661 74 2818 2818 650 74 2819 2819 663 708 2820 2820 650 708 2821 2821 649 708 2822 2822 661 709 2823 2823 660 709 2824 2824 652 709 2825 2825 660 710 2826 2826 659 710 2827 2827 653 710 2828 2828 659 74 2829 2829 658 74 2830 2830 653 74 2831 2831 658 711 2832 2832 657 711 2833 2833 654 711 2834 2834 653 74 2835 2835 658 74 2836 2836 654 74 2837 2837 657 712 2838 2838 656 712 2839 2839 655 712 2840 2840 655 713 2841 2841 654 713 2842 2842 657 713 2843 2843 653 714 2844 2844 652 714 2845 2845 660 714 2846 2846 652 715 2847 2847 651 715 2848 2848 661 715 2849 2849 672 107 2850 2850 671 107 2851 2851 688 107 2852 2852 671 716 2853 2853 673 716 2854 2854 687 716 2855 2855 673 717 2856 2856 674 717 2857 2857 687 717 2858 2858 674 107 2859 2859 675 107 2860 2860 685 107 2861 2861 687 718 2862 2862 674 718 2863 2863 686 718 2864 2864 675 719 2865 2865 676 719 2866 2866 684 719 2867 2867 676 720 2868 2868 677 721 2869 2869 683 722 2870 2870 677 107 2871 2871 678 107 2872 2872 683 107 2873 2873 678 723 2874 2874 679 723 2875 2875 682 723 2876 2876 683 107 2877 2877 678 107 2878 2878 682 107 2879 2879 679 724 2880 2880 680 724 2881 2881 681 724 2882 2882 681 725 2883 2883 682 725 2884 2884 679 725 2885 2885 683 726 2886 2886 684 107 2887 2887 676 107 2888 2888 684 727 2889 2889 685 727 2890 2890 675 727 2891 2891 685 728 2892 2892 686 728 2893 2893 674 728 2894 2894 687 729 2895 2895 688 729 2896 2896 671 729 2897 2897 688 107 2898 2898 689 107 2899 2899 672 107 2900 2900 689 730 2901 2901 690 730 2902 2902 672 730 2903 2903 690 731 2904 2904 691 731 2905 2905 694 731 2906 2906 672 732 2907 2907 690 732 2908 2908 694 732 2909 2909 691 733 2910 2910 692 733 2911 2911 693 733 2912 2912 1175 74 3825 2577 1176 74 3826 2577 1177 74 3827 2577 1175 74 3825 2577 1177 74 3827 2577 1178 74 3828 2577 1179 74 3829 2577 1180 74 3830 2577 1181 74 3831 2577 1179 74 3829 2577 1181 74 3831 2577 1182 74 3832 2577 1183 74 3833 2577 1184 74 3834 2577 1185 74 3835 2577 1183 74 3833 2577 1185 74 3835 2577 1186 74 3836 2577 1187 74 3837 2577 1188 74 3838 2577 1189 74 3839 2577 1187 74 3837 2577 1189 74 3839 2577 1190 74 3840 2577 1191 74 3841 2577 1192 74 3842 2577 1193 74 3843 2577 1191 74 3841 2577 1193 74 3843 2577 1194 74 3844 2577 1195 74 3845 2577 1196 74 3846 2577 1197 74 3847 2577 1195 74 3845 2577 1197 74 3847 2577 1198 74 3848 2577 1199 107 3849 2604 1200 107 3850 2604 1201 107 3851 2604 1199 107 3849 2604 1201 107 3851 2604 1202 107 3852 2604 1203 107 3853 2604 1204 107 3854 2604 1205 107 3855 2604 1203 107 3853 2604 1205 107 3855 2604 1206 107 3856 2604 1207 107 3857 2604 1208 107 3858 2604 1209 107 3859 2604 1207 107 3857 2604 1209 107 3859 2604 1210 107 3860 2604 1211 107 3861 2604 1212 107 3862 2604 1213 107 3863 2604 1211 107 3861 2604 1213 107 3863 2604 1214 107 3864 2604 1215 107 3865 2604 1216 107 3866 2604 1217 107 3867 2604 1215 107 3865 2604 1217 107 3867 2604 1218 107 3868 2604 1219 107 3869 2604 1220 107 3870 2604 1221 107 3871 2604 1219 107 3869 2604 1221 107 3871 2604 1222 107 3872 2604 1223 74 3873 2595 1224 74 3874 2595 1225 74 3875 2595 1223 74 3873 2595 1225 74 3875 2595 1226 74 3876 2595 1227 74 3877 2595 1228 74 3878 2595 1229 74 3879 2595 1227 74 3877 2595 1229 74 3879 2595 1230 74 3880 2595 1231 74 3881 2595 1232 74 3882 2595 1233 74 3883 2595 1231 74 3881 2595 1233 74 3883 2595 1234 74 3884 2595 1235 74 3885 2595 1236 74 3886 2595 1237 74 3887 2595 1235 74 3885 2595 1237 74 3887 2595 1238 74 3888 2595 1239 74 3889 2595 1240 74 3890 2595 1241 74 3891 2595 1239 74 3889 2595 1241 74 3891 2595 1242 74 3892 2595 1243 663 3893 2622 1244 663 3894 2622 1245 663 3895 2622 1243 663 3893 2622 1245 663 3895 2622 1246 663 3896 2622 1247 663 3897 2622 1248 663 3898 2622 1249 663 3899 2622 1247 663 3897 2622 1249 663 3899 2622 1250 663 3900 2622 1251 663 3901 2622 1252 663 3902 2622 1253 663 3903 2622 1251 663 3901 2622 1253 663 3903 2622 1254 663 3904 2622 1255 663 3905 2622 1256 663 3906 2622 1257 663 3907 2622 1255 663 3905 2622 1257 663 3907 2622 1258 663 3908 2622 1259 663 3909 2622 1260 663 3910 2622 1261 663 3911 2622 1259 663 3909 2622 1261 663 3911 2622 1262 663 3912 2622 1263 640 3913 2517 1264 640 3914 2517 1265 640 3915 2517 1263 640 3913 2517 1265 640 3915 2517 1266 640 3916 2517 1267 640 3917 2517 1268 640 3918 2517 1269 640 3919 2517 1267 640 3917 2517 1269 640 3919 2517 1270 640 3920 2517 1271 640 3921 2517 1272 640 3922 2517 1273 640 3923 2517 1271 640 3921 2517 1273 640 3923 2517 1274 640 3924 2517 1275 640 3925 2517 1276 640 3926 2517 1277 640 3927 2517 1275 640 3925 2517 1277 640 3927 2517 1278 640 3928 2517 1279 640 3929 2517 1280 640 3930 2517 1281 640 3931 2517 1279 640 3929 2517 1281 640 3931 2517 1282 640 3932 2517 1283 640 3933 2517 1284 640 3934 2517 1285 640 3935 2517 1283 640 3933 2517 1285 640 3935 2517 1286 640 3936 2517 1287 640 3937 2517 1288 640 3938 2517 1289 640 3939 2517 1287 640 3937 2517 1289 640 3939 2517 1290 640 3940 2517 1291 640 3941 2517 1292 640 3942 2517 1293 640 3943 2517 1291 640 3941 2517 1293 640 3943 2517 1294 640 3944 2517 1295 640 3945 2517 1296 640 3946 2517 1297 640 3947 2517 1295 640 3945 2517 1297 640 3947 2517 1298 640 3948 2517 1299 640 3949 2517 1300 640 3950 2517 1301 640 3951 2517 1299 640 3949 2517 1301 640 3951 2517 1302 640 3952 2517 1303 640 3953 2517 1304 640 3954 2517 1305 640 3955 2517 1303 640 3953 2517 1305 640 3955 2517 1306 640 3956 2517 1307 648 3957 2547 1308 648 3958 2547 1309 648 3959 2547 1307 648 3957 2547 1309 648 3959 2547 1310 648 3960 2547 1311 648 3961 2547 1312 648 3962 2547 1313 648 3963 2547 1311 648 3961 2547 1313 648 3963 2547 1314 648 3964 2547 1315 648 3965 2547 1316 648 3966 2547 1317 648 3967 2547 1315 648 3965 2547 1317 648 3967 2547 1318 648 3968 2547 1319 648 3969 2547 1320 648 3970 2547 1321 648 3971 2547 1319 648 3969 2547 1321 648 3971 2547 1322 648 3972 2547 1323 648 3973 2547 1324 648 3974 2547 1325 648 3975 2547 1323 648 3973 2547 1325 648 3975 2547 1326 648 3976 2547 1327 648 3977 2547 1328 648 3978 2547 1329 648 3979 2547 1327 648 3977 2547 1329 648 3979 2547 1330 648 3980 2547 1331 648 3981 2547 1332 648 3982 2547 1333 648 3983 2547 1331 648 3981 2547 1333 648 3983 2547 1334 648 3984 2547 1335 648 3985 2547 1336 648 3986 2547 1337 648 3987 2547 1335 648 3985 2547 1337 648 3987 2547 1338 648 3988 2547 1339 648 3989 2547 1340 648 3990 2547 1341 648 3991 2547 1339 648 3989 2547 1341 648 3991 2547 1342 648 3992 2547 1343 648 3993 2547 1344 648 3994 2547 1345 648 3995 2547 1343 648 3993 2547 1345 648 3995 2547 1346 648 3996 2547 1347 648 3997 2547 1348 648 3998 2547 1349 648 3999 2547 1347 648 3997 2547 1349 648 3999 2547 1350 648 4000 2547</p>
        </triangles>
        <triangles material="brick_plain-material" count="82">
          <input semantic="VERTEX" source="#Plane_017-mesh-vertices" offset="0"/>
          <input semantic="NORMAL" source="#Plane_017-mesh-normals" offset="1"/>
          <input semantic="TEXCOORD" source="#Plane_017-mesh-map-0" offset="2" set="0"/>
          <input semantic="COLOR" source="#Plane_017-mesh-colors-Col" offset="3" set="0"/>
          <p>213 734 2913 2913 189 735 2914 2914 212 736 2915 2915 249 737 2916 2916 225 738 2917 2917 248 739 2918 2918 234 740 2919 2919 236 741 2920 2920 232 742 2921 2921 232 742 2922 2922 239 743 2923 2923 227 744 2924 2924 270 745 2925 2925 258 746 2926 2926 269 747 2927 2927 259 748 2928 2928 263 749 2929 2929 251 750 2930 2930 218 751 2931 2931 194 752 2932 2932 217 753 2933 2933 214 754 2934 2934 190 755 2935 2935 213 734 2936 2936 199 756 2937 2937 205 757 2938 2938 201 758 2939 2939 241 759 2940 2940 229 760 2941 2941 240 761 2942 2942 269 747 2943 2943 257 762 2944 2944 268 763 2945 2945 250 764 2946 2946 226 765 2947 2947 249 737 2948 2948 196 766 2949 2949 211 767 2950 2950 187 768 2951 2951 265 769 2952 2952 253 770 2953 2953 264 771 2954 2954 242 772 2955 2955 230 773 2956 2956 241 759 2957 2957 208 774 2958 2958 195 775 2959 2959 207 776 2960 2960 192 777 2961 2961 206 778 2962 2962 199 756 2963 2963 188 779 2964 2964 215 780 2965 2965 191 781 2966 2966 266 782 2967 2967 254 783 2968 2968 265 769 2969 2969 233 784 2970 2970 235 785 2971 2971 234 740 2972 2972 240 761 2973 2973 227 744 2974 2974 239 743 2975 2975 212 736 2976 2976 187 768 2977 2977 211 767 2978 2978 231 786 2979 2979 237 787 2980 2980 233 784 2981 2981 264 771 2982 2982 251 750 2983 2983 263 749 2984 2984 228 788 2985 2985 243 789 2986 2986 219 790 2987 2987 200 791 2988 2988 207 776 2989 2989 195 775 2990 2990 244 792 2991 2991 219 790 2992 2992 243 789 2993 2993 245 793 2994 2994 221 794 2995 2995 244 792 2996 2996 220 795 2997 2997 247 796 2998 2998 223 797 2999 2999 217 753 3000 3000 193 798 3001 3001 216 799 3002 3002 224 800 3003 3003 238 801 3004 3004 231 786 3005 3005 202 802 3006 3006 204 803 3007 3007 200 791 3008 3008 268 763 3009 3009 255 804 3010 3010 267 805 3011 3011 216 799 3012 3012 191 781 3013 3013 215 780 3014 3014 210 806 3015 3015 198 807 3016 3016 209 808 3017 3017 201 758 3018 3018 203 809 3019 3019 202 802 3020 3020 246 810 3021 3021 222 811 3022 3022 245 793 3023 3023 209 808 3024 3024 197 812 3025 3025 208 774 3026 3026 256 813 3027 3027 261 814 3028 3028 260 814 3029 3029 248 739 3030 3030 223 797 3031 3031 247 796 3032 3032 252 959 3699 3699 267 805 3700 3700 255 804 3701 3701 213 734 3702 3702 190 755 3703 3703 189 735 3704 3704 249 737 3705 3705 226 765 3706 3706 225 738 3707 3707 234 740 3708 3708 235 785 3709 3709 236 741 3710 3710 232 742 3711 3711 236 741 3712 3712 239 743 3713 3713 270 745 3714 3714 256 813 3715 3715 258 746 3716 3716 259 748 3717 3717 262 960 3718 3718 263 749 3719 3719 218 751 3720 3720 192 777 3721 3721 194 752 3722 3722 214 754 3723 3723 188 779 3724 3724 190 755 3725 3725 199 756 3726 3726 206 778 3727 3727 205 757 3728 3728 241 759 3729 3729 230 773 3730 3730 229 760 3731 3731 269 747 3732 3732 258 746 3733 3733 257 762 3734 3734 250 764 3735 3735 224 800 3736 3736 226 765 3737 3737 196 766 3738 3738 210 806 3739 3739 211 767 3740 3740 265 769 3741 3741 254 783 3742 3742 253 770 3743 3743 242 772 3744 3744 228 788 3745 3745 230 773 3746 3746 208 774 3747 3747 197 812 3748 3748 195 775 3749 3749 192 777 3750 3750 218 751 3751 3751 206 778 3752 3752 188 779 3753 3753 214 754 3754 3754 215 780 3755 3755 266 782 3756 3756 252 959 3757 3757 254 783 3758 3758 233 784 3759 3759 237 787 3760 3760 235 785 3761 3761 240 761 3762 3762 229 760 3763 3763 227 744 3764 3764 212 736 3765 3765 189 735 3766 3766 187 768 3767 3767 231 786 3768 3768 238 801 3769 3769 237 787 3770 3770 264 771 3771 3771 253 770 3772 3772 251 750 3773 3773 228 788 3774 3774 242 772 3775 3775 243 789 3776 3776 200 791 3777 3777 204 803 3778 3778 207 776 3779 3779 244 792 3780 3780 221 794 3781 3781 219 790 3782 3782 245 793 3783 3783 222 811 3784 3784 221 794 3785 3785 220 795 3786 3786 246 810 3787 3787 247 796 3788 3788 217 753 3789 3789 194 752 3790 3790 193 798 3791 3791 224 800 3792 3792 250 764 3793 3793 238 801 3794 3794 202 802 3795 3795 203 809 3796 3796 204 803 3797 3797 268 763 3798 3798 257 762 3799 3799 255 804 3800 3800 216 799 3801 3801 193 798 3802 3802 191 781 3803 3803 210 806 3804 3804 196 766 3805 3805 198 807 3806 3806 201 758 3807 3807 205 757 3808 3808 203 809 3809 3809 246 810 3810 3810 220 795 3811 3811 222 811 3812 3812 209 808 3813 3813 198 807 3814 3814 197 812 3815 3815 256 813 3816 3816 270 745 3817 3817 261 814 3818 3818 248 739 3819 3819 225 738 3820 3820 223 797 3821 3821 252 959 3822 3822 266 782 3823 3823 267 805 3824 3824</p>
        </triangles>
        <triangles material="curbs-material" count="180">
          <input semantic="VERTEX" source="#Plane_017-mesh-vertices" offset="0"/>
          <input semantic="NORMAL" source="#Plane_017-mesh-normals" offset="1"/>
          <input semantic="TEXCOORD" source="#Plane_017-mesh-map-0" offset="2" set="0"/>
          <input semantic="COLOR" source="#Plane_017-mesh-colors-Col" offset="3" set="0"/>
          <p>30 815 3033 3033 74 816 3034 3034 29 817 3035 3035 29 817 3036 3036 75 818 3037 3037 28 819 3038 3038 1 820 3039 3039 52 821 3040 3040 51 822 3041 3041 0 823 3042 3042 76 824 3043 3043 1 820 3044 3044 31 825 3045 3045 73 826 3046 3046 30 815 3047 3047 43 827 3048 3048 69 828 3049 3049 34 829 3050 3050 28 819 3051 3051 77 830 3052 3052 0 823 3053 3053 42 831 3054 3054 60 832 3055 3055 43 827 3056 3056 47 833 3057 3057 68 834 3058 3058 35 835 3059 3059 41 836 3060 3060 61 837 3061 3061 42 831 3062 3062 40 838 3063 3063 62 839 3064 3064 41 836 3065 3065 51 822 3066 3066 53 840 3067 3067 50 841 3068 3068 39 842 3069 3069 63 843 3070 3070 40 838 3071 3071 50 841 3072 3072 54 844 3073 3073 49 845 3074 3074 38 846 3075 3075 64 847 3076 3076 39 842 3077 3077 49 845 3078 3078 55 107 3079 3079 48 848 3080 3080 37 849 3081 3081 65 850 3082 3082 38 846 3083 3083 36 851 3084 3084 66 852 3085 3085 37 849 3086 3086 35 835 3087 3087 67 853 3088 3088 36 851 3089 3089 46 854 3090 3090 56 855 3091 3091 47 833 3092 3092 34 829 3093 3093 70 856 3094 3094 33 857 3095 3095 45 858 3096 3096 57 859 3097 3097 46 854 3098 3098 33 857 3099 3099 71 860 3100 3100 32 861 3101 3101 44 862 3102 3102 58 863 3103 3103 45 858 3104 3104 32 861 3105 3105 72 864 3106 3106 31 825 3107 3107 22 9 3108 3108 46 854 3109 3109 23 9 3110 3110 3 865 3111 3111 33 857 3112 3112 10 866 3113 3113 23 9 3114 3114 47 833 3115 3115 20 867 3116 3116 11 868 3117 3117 36 851 3118 3118 13 869 3119 3119 13 869 3120 3120 37 849 3121 3121 14 870 3122 3122 15 871 3123 3123 37 849 3124 3124 38 846 3125 3125 26 9 3126 3126 48 848 3127 3127 25 9 3128 3128 16 9 3129 3129 38 846 3130 3130 39 842 3131 3131 27 872 3132 3132 49 845 3133 3133 26 9 3134 3134 16 9 3135 3135 40 838 3136 3136 17 873 3137 3137 27 872 3138 3138 51 822 3139 3139 50 841 3140 3140 17 873 3141 3141 41 836 3142 3142 18 874 3143 3143 2 875 3144 3144 0 823 3145 3145 1 820 3146 3146 19 876 3147 3147 41 836 3148 3148 42 831 3149 3149 5 877 3150 3150 0 823 3151 3151 4 878 3152 3152 20 867 3153 3153 35 835 3154 3154 11 868 3155 3155 12 879 3156 3156 42 831 3157 3157 43 827 3158 3158 5 877 3159 3159 29 817 3160 3160 28 819 3161 3161 3 865 3162 3162 43 827 3163 3163 34 829 3164 3164 6 9 3165 3165 30 815 3166 3166 29 817 3167 3167 24 880 3168 3168 1 820 3169 3169 51 822 3170 3170 8 9 3171 3171 30 815 3172 3172 7 9 3173 3173 9 881 3174 3174 31 825 3175 3175 8 9 3176 3176 21 9 3177 3177 45 858 3178 3178 22 9 3179 3179 9 881 3180 3180 33 857 3181 3181 32 861 3182 3182 145 882 3183 3183 166 883 3184 3184 146 884 3185 3185 138 885 3186 3186 157 886 3187 3187 137 887 3188 3188 129 888 3189 3189 148 889 3190 3190 128 890 3191 3191 127 891 3192 3192 162 892 3193 3193 142 893 3194 3194 139 894 3195 3195 158 895 3196 3196 138 885 3197 3197 130 896 3198 3198 149 897 3199 3199 129 888 3200 3200 136 898 3201 3201 151 899 3202 3202 131 900 3203 3203 140 901 3204 3204 159 902 3205 3205 139 894 3206 3206 131 900 3207 3207 150 903 3208 3208 130 896 3209 3209 137 887 3210 3210 152 904 3211 3211 132 905 3212 3212 141 906 3213 3213 160 907 3214 3214 140 901 3215 3215 132 905 3216 3216 153 908 3217 3217 133 909 3218 3218 146 884 3219 3219 161 910 3220 3220 141 906 3221 3221 142 893 3222 3222 163 911 3223 3223 143 912 3224 3224 133 909 3225 3225 154 913 3226 3226 134 914 3227 3227 143 912 3228 3228 164 915 3229 3229 144 916 3230 3230 134 914 3231 3231 155 917 3232 3232 135 918 3233 3233 144 916 3234 3234 165 919 3235 3235 145 882 3236 3236 135 918 3237 3237 156 920 3238 3238 136 898 3239 3239 128 890 3240 3240 147 921 3241 3241 127 891 3242 3242 107 922 3243 3243 162 892 3244 3244 147 921 3245 3245 110 923 3246 3246 151 899 3247 3247 111 924 3248 3248 116 925 3249 3249 151 899 3250 3250 156 920 3251 3251 113 926 3252 3252 152 904 3253 3253 112 9 3254 3254 117 9 3255 3255 152 904 3256 3256 157 886 3257 3257 114 927 3258 3258 153 908 3259 3259 113 926 3260 3260 126 928 3261 3261 161 910 3262 3262 166 883 3263 3263 114 927 3264 3264 155 917 3265 3265 154 913 3266 3266 115 929 3267 3267 156 920 3268 3268 155 917 3269 3269 118 9 3270 3270 157 886 3271 3271 158 895 3272 3272 119 930 3273 3273 158 895 3274 3274 159 902 3275 3275 119 930 3276 3276 160 907 3277 3277 120 9 3278 3278 120 9 3279 3279 161 910 3280 3280 121 931 3281 3281 123 932 3282 3282 162 892 3283 3283 122 933 3284 3284 124 934 3285 3285 163 911 3286 3286 123 932 3287 3287 108 935 3288 3288 147 921 3289 3289 148 889 3290 3290 124 934 3291 3291 165 919 3292 3292 164 915 3293 3293 109 9 3294 3294 148 889 3295 3295 149 897 3296 3296 125 936 3297 3297 166 883 3298 3298 165 919 3299 3299 109 9 3300 3300 150 903 3301 3301 110 923 3302 3302 30 815 3303 3303 73 826 3304 3304 74 816 3305 3305 29 817 3306 3306 74 816 3307 3307 75 818 3308 3308 1 820 3309 3309 76 824 3310 3310 52 821 3311 3311 0 823 3312 3312 77 830 3313 3313 76 824 3314 3314 31 825 3315 3315 72 864 3316 3316 73 826 3317 3317 43 827 3318 3318 60 832 3319 3319 69 828 3320 3320 28 819 3321 3321 75 818 3322 3322 77 830 3323 3323 42 831 3324 3324 61 837 3325 3325 60 832 3326 3326 47 833 3327 3327 56 855 3328 3328 68 834 3329 3329 41 836 3330 3330 62 839 3331 3331 61 837 3332 3332 40 838 3333 3333 63 843 3334 3334 62 839 3335 3335 51 822 3336 3336 52 821 3337 3337 53 840 3338 3338 39 842 3339 3339 64 847 3340 3340 63 843 3341 3341 50 841 3342 3342 53 840 3343 3343 54 844 3344 3344 38 846 3345 3345 65 850 3346 3346 64 847 3347 3347 49 845 3348 3348 54 844 3349 3349 55 107 3350 3350 37 849 3351 3351 66 852 3352 3352 65 850 3353 3353 36 851 3354 3354 67 853 3355 3355 66 852 3356 3356 35 835 3357 3357 68 834 3358 3358 67 853 3359 3359 46 854 3360 3360 57 859 3361 3361 56 855 3362 3362 34 829 3363 3363 69 828 3364 3364 70 856 3365 3365 45 858 3366 3366 58 863 3367 3367 57 859 3368 3368 33 857 3369 3369 70 856 3370 3370 71 860 3371 3371 44 862 3372 3372 59 6 3373 3373 58 863 3374 3374 32 861 3375 3375 71 860 3376 3376 72 864 3377 3377 22 9 3378 3378 45 858 3379 3379 46 854 3380 3380 3 865 3381 3381 34 829 3382 3382 33 857 3383 3383 23 9 3384 3384 46 854 3385 3385 47 833 3386 3386 11 868 3387 3387 35 835 3388 3388 36 851 3389 3389 13 869 3390 3390 36 851 3391 3391 37 849 3392 3392 15 871 3393 3393 14 870 3394 3394 37 849 3395 3395 26 9 3396 3396 49 845 3397 3397 48 848 3398 3398 16 9 3399 3399 15 871 3400 3400 38 846 3401 3401 27 872 3402 3402 50 841 3403 3403 49 845 3404 3404 16 9 3405 3405 39 842 3406 3406 40 838 3407 3407 27 872 3408 3408 24 880 3409 3409 51 822 3410 3410 17 873 3411 3411 40 838 3412 3412 41 836 3413 3413 2 875 3414 3414 4 878 3415 3415 0 823 3416 3416 19 876 3417 3417 18 874 3418 3418 41 836 3419 3419 5 877 3420 3420 28 819 3421 3421 0 823 3422 3422 20 867 3423 3423 47 833 3424 3424 35 835 3425 3425 12 879 3426 3426 19 876 3427 3427 42 831 3428 3428 5 877 3429 3429 6 9 3430 3430 29 817 3431 3431 3 865 3432 3432 12 879 3433 3433 43 827 3434 3434 6 9 3435 3435 7 9 3436 3436 30 815 3437 3437 24 880 3438 3438 2 875 3439 3439 1 820 3440 3440 8 9 3441 3441 31 825 3442 3442 30 815 3443 3443 9 881 3444 3444 32 861 3445 3445 31 825 3446 3446 21 9 3447 3447 44 862 3448 3448 45 858 3449 3449 9 881 3450 3450 10 866 3451 3451 33 857 3452 3452 145 882 3453 3453 165 919 3454 3454 166 883 3455 3455 138 885 3456 3456 158 895 3457 3457 157 886 3458 3458 129 888 3459 3459 149 897 3460 3460 148 889 3461 3461 127 891 3462 3462 147 921 3463 3463 162 892 3464 3464 139 894 3465 3465 159 902 3466 3466 158 895 3467 3467 130 896 3468 3468 150 903 3469 3469 149 897 3470 3470 136 898 3471 3471 156 920 3472 3472 151 899 3473 3473 140 901 3474 3474 160 907 3475 3475 159 902 3476 3476 131 900 3477 3477 151 899 3478 3478 150 903 3479 3479 137 887 3480 3480 157 886 3481 3481 152 904 3482 3482 141 906 3483 3483 161 910 3484 3484 160 907 3485 3485 132 905 3486 3486 152 904 3487 3487 153 908 3488 3488 146 884 3489 3489 166 883 3490 3490 161 910 3491 3491 142 893 3492 3492 162 892 3493 3493 163 911 3494 3494 133 909 3495 3495 153 908 3496 3496 154 913 3497 3497 143 912 3498 3498 163 911 3499 3499 164 915 3500 3500 134 914 3501 3501 154 913 3502 3502 155 917 3503 3503 144 916 3504 3504 164 915 3505 3505 165 919 3506 3506 135 918 3507 3507 155 917 3508 3508 156 920 3509 3509 128 890 3510 3510 148 889 3511 3511 147 921 3512 3512 107 922 3513 3513 122 933 3514 3514 162 892 3515 3515 110 923 3516 3516 150 903 3517 3517 151 899 3518 3518 116 925 3519 3519 111 924 3520 3520 151 899 3521 3521 113 926 3522 3522 153 908 3523 3523 152 904 3524 3524 117 9 3525 3525 112 9 3526 3526 152 904 3527 3527 114 927 3528 3528 154 913 3529 3529 153 908 3530 3530 126 928 3531 3531 121 931 3532 3532 161 910 3533 3533 114 927 3534 3534 115 929 3535 3535 155 917 3536 3536 115 929 3537 3537 116 925 3538 3538 156 920 3539 3539 118 9 3540 3540 117 9 3541 3541 157 886 3542 3542 119 930 3543 3543 118 9 3544 3544 158 895 3545 3545 119 930 3546 3546 159 902 3547 3547 160 907 3548 3548 120 9 3549 3549 160 907 3550 3550 161 910 3551 3551 123 932 3552 3552 163 911 3553 3553 162 892 3554 3554 124 934 3555 3555 164 915 3556 3556 163 911 3557 3557 108 935 3558 3558 107 922 3559 3559 147 921 3560 3560 124 934 3561 3561 125 936 3562 3562 165 919 3563 3563 109 9 3564 3564 108 935 3565 3565 148 889 3566 3566 125 936 3567 3567 126 928 3568 3568 166 883 3569 3569 109 9 3570 3570 149 897 3571 3571 150 903 3572 3572</p>
        </triangles>
        <triangles material="groundmesh_grass2-material" count="42">
          <input semantic="VERTEX" source="#Plane_017-mesh-vertices" offset="0"/>
          <input semantic="NORMAL" source="#Plane_017-mesh-normals" offset="1"/>
          <input semantic="TEXCOORD" source="#Plane_017-mesh-map-0" offset="2" set="0"/>
          <input semantic="COLOR" source="#Plane_017-mesh-colors-Col" offset="3" set="0"/>
          <p>963 9 3573 3573 966 9 3574 3574 964 9 3575 3575 981 937 3576 3576 980 937 3577 3577 979 937 3578 3578 995 9 3579 3579 998 9 3580 3580 996 9 3581 3581 963 938 3582 3582 962 938 3583 3583 958 938 3584 3584 962 939 3585 3585 961 939 3586 3586 959 939 3587 3587 958 9 3588 3588 962 9 3589 3589 956 9 3590 3590 961 940 3591 3591 960 940 3592 3592 959 940 3593 3593 959 9 3594 3594 956 9 3595 3595 962 9 3596 3596 956 9 3597 3597 955 9 3598 3598 957 9 3599 3599 958 9 3600 3600 956 9 3601 3601 957 9 3602 3602 958 941 3603 3603 970 941 3604 3604 963 941 3605 3605 970 942 3606 3606 969 942 3607 3607 968 942 3608 3608 963 9 3609 3609 970 9 3610 3610 966 9 3611 3611 968 9 3612 3612 967 9 3613 3613 970 9 3614 3614 967 9 3615 3615 966 9 3616 3616 970 9 3617 3617 966 943 3618 3618 965 943 3619 3619 964 943 3620 3620 979 944 3621 3621 978 944 3622 3622 974 944 3623 3623 978 945 3624 3624 977 945 3625 3625 976 945 3626 3626 974 9 3627 3627 978 9 3628 3628 972 9 3629 3629 976 946 3630 3630 975 946 3631 3631 978 946 3632 3632 975 9 3633 3633 972 9 3634 3634 978 9 3635 3635 972 947 3636 3636 971 947 3637 3637 974 947 3638 3638 971 9 3639 3639 973 9 3640 3640 974 9 3641 3641 974 948 3642 3642 986 948 3643 3643 979 948 3644 3644 986 949 3645 3645 985 949 3646 3646 984 949 3647 3647 979 9 3648 3648 986 9 3649 3649 982 9 3650 3650 984 950 3651 3651 983 950 3652 3652 986 950 3653 3653 983 951 3654 3654 982 951 3655 3655 986 951 3656 3656 982 952 3657 3657 981 952 3658 3658 979 952 3659 3659 995 953 3660 3660 994 953 3661 3661 990 953 3662 3662 994 939 3663 3663 993 939 3664 3664 991 939 3665 3665 990 9 3666 3666 994 9 3667 3667 988 9 3668 3668 993 954 3669 3669 992 954 3670 3670 991 954 3671 3671 991 9 3672 3672 988 9 3673 3673 994 9 3674 3674 988 9 3675 3675 987 9 3676 3676 989 9 3677 3677 990 9 3678 3678 988 9 3679 3679 989 9 3680 3680 990 955 3681 3681 1002 955 3682 3682 995 955 3683 3683 1002 956 3684 3684 1001 956 3685 3685 1000 956 3686 3686 995 9 3687 3687 1002 9 3688 3688 998 9 3689 3689 1000 9 3690 3690 999 9 3691 3691 1002 9 3692 3692 999 957 3693 3693 998 957 3694 3694 1002 957 3695 3695 998 958 3696 3696 997 958 3697 3697 996 958 3698 3698</p>
        </triangles>
      </mesh>
    </geometry>
    <geometry id="Plane_018-mesh" name="Plane.018">
      <mesh>
        <source id="Plane_018-mesh-positions">
          <float_array id="Plane_018-mesh-positions-array" count="732">-22.45427 8.266935 -4.562439 -22.07445 8.729124 -4.562439 -22.73388 7.743687 -4.562439 -22.90612 7.175915 -4.562439 -22.96434 6.585476 -4.562439 -22.90612 5.99503 -4.562439 -22.73388 5.427266 -4.562439 -22.45427 4.904019 -4.562439 -22.07445 4.44183 -4.562439 0.3941656 -13.73948 -4.562439 -0.06805354 -14.11925 -4.562439 -0.591308 -14.39893 -4.562439 -1.159057 -14.57116 -4.562439 -1.749511 -14.62932 -4.562439 -2.339965 -14.57117 -4.562439 -2.907714 -14.39894 -4.562439 -3.430968 -14.11925 -4.562439 -3.893188 -13.73949 -4.562439 19.62125 4.870018 -4.562439 19.28971 4.870018 -4.562439 18.97434 4.767555 -4.562439 18.71183 4.577988 -4.562439 -3.465099 27.95636 -4.562439 -3.465099 27.62478 -4.562439 -3.567516 27.30941 -4.562439 -3.757091 27.04693 -4.562439 -3.757091 27.04693 -4.662437 -3.567516 27.30941 -4.662437 -3.465099 27.62478 -4.662437 -3.465099 27.95636 -4.662437 18.71183 4.577988 -4.662437 18.97434 4.767555 -4.662437 19.28971 4.870018 -4.662437 19.62125 4.870018 -4.662437 -3.893188 -13.73949 -4.662437 -3.430968 -14.11925 -4.662437 -2.907714 -14.39894 -4.662437 -2.339965 -14.57117 -4.662437 -1.749511 -14.62932 -4.662437 -1.159057 -14.57116 -4.662437 -0.591308 -14.39893 -4.662437 -0.06805354 -14.11925 -4.662437 0.3941656 -13.73948 -4.662437 -22.07445 4.44183 -4.662437 -22.45427 4.904019 -4.662437 -22.73388 5.427266 -4.662437 -22.90612 5.99503 -4.662437 -22.96434 6.585476 -4.662437 -22.90612 7.175915 -4.662437 -22.73388 7.743687 -4.662437 -22.07445 8.729124 -4.662437 -22.45427 8.266935 -4.662437 -3.563854 27.94072 -4.562439 19.60566 4.771252 -4.562439 -1.964718 -16.79913 -4.562439 -25.13421 6.370361 -4.562439 -16.32693 7.6157 -4.562439 -16.13039 7.654801 -4.562439 -15.96377 7.766137 -4.562439 -2.285912 22.17051 -4.562439 -2.13546 21.80732 -4.562439 -2.285912 21.44413 -4.562439 -2.575463 22.40473 -4.562439 -3.135155 22.2934 -4.562439 -16.81301 7.889039 -4.562439 -16.92434 8.055665 -4.562439 -16.96346 8.252223 -4.562439 -16.81301 8.615405 -4.562439 -16.7535 7.688836 -4.662437 -16.56173 7.562417 -4.662437 -16.32693 7.515702 -4.662437 -16.09213 7.562417 -4.662437 -15.90035 7.688836 -4.662437 -2.208641 22.23396 -4.662437 -2.082176 22.04215 -4.662437 -2.035485 21.80732 -4.662437 -2.082176 21.57249 -4.662437 -2.20858 21.3807 -4.662437 -2.345421 22.37069 -4.662437 -2.537194 22.49712 -4.662437 -2.771996 22.54385 -4.662437 -3.006798 22.49714 -4.662437 -3.19857 22.37071 -4.662437 -16.89028 7.8256 -4.662437 -17.01675 8.017396 -4.662437 -17.06344 8.252223 -4.662437 -17.01675 8.487048 -4.662437 -16.89034 8.678842 -4.662437 -16.7535 7.688836 -4.562439 -16.56173 7.562417 -4.562439 -16.32693 7.515702 -4.562439 -16.09213 7.562417 -4.562439 -15.90035 7.688836 -4.562439 -2.208641 22.23396 -4.562439 -2.082176 22.04215 -4.562439 -2.035485 21.80732 -4.562439 -2.082176 21.57249 -4.562439 -2.20858 21.3807 -4.562439 -2.345421 22.37069 -4.562439 -2.537194 22.49712 -4.562439 -2.771996 22.54385 -4.562439 -3.006798 22.49714 -4.562439 -3.19857 22.37071 -4.562439 -16.89028 7.8256 -4.562439 -17.01675 8.017396 -4.562439 -17.06344 8.252223 -4.562439 -17.01675 8.487048 -4.562439 -16.89034 8.678842 -4.562439 -16.69009 7.766137 -4.562439 -16.52346 7.654801 -4.562439 -2.174584 22.00388 -4.562439 -2.174584 21.61076 -4.562439 -2.408837 22.29339 -4.562439 -2.771996 22.44384 -4.562439 -2.968529 22.40475 -4.562439 -16.92434 8.448779 -4.562439 -12.09268 11.63726 -6.216392 -12.65103 11.63732 -6.216392 -12.94192 11.92818 -6.216392 -12.94192 12.4865 -6.216392 -4.96047 19.32789 -6.216392 -4.960471 18.76961 -6.216392 -5.251363 19.61882 -6.216392 -5.809652 19.61882 -6.216392 -5.251363 19.61882 -4.012439 -5.809652 19.61882 -4.012439 -4.96047 19.32789 -4.012439 -4.960471 18.76961 -4.012439 -12.09268 11.63726 -4.012439 -12.65103 11.63732 -4.012439 -12.94192 11.92818 -4.012439 -12.94192 12.4865 -4.012439 -17.36229 5.182677 -6.216392 -17.33303 5.711772 -6.216392 -17.0421 6.002664 -6.216392 -16.51308 6.031921 -6.216392 -10.97738 -1.202103 -6.216392 -10.44836 -1.172853 -6.216392 -10.15742 -0.8819553 -6.216392 -10.12817 -0.3529221 -6.216392 -10.15741 -0.8819593 -4.012439 -10.12817 -0.3529221 -4.012439 -10.44836 -1.172853 -4.012439 -10.97738 -1.202102 -4.012439 -17.3623 5.182678 -4.012439 -17.33303 5.711772 -4.012439 -17.04212 6.002666 -4.012439 -16.51308 6.031921 -4.012439 22.57928 8.412882 -6.216392 23.13763 8.412821 -6.216392 22.28839 8.703746 -6.216392 22.28839 9.262065 -6.216392 30.26984 15.54517 -6.216392 29.42066 16.39439 -6.216392 29.42066 16.39439 -4.012439 30.26984 15.54517 -4.012439 23.13763 8.412821 -4.012439 22.57928 8.412882 -4.012439 22.28839 8.703746 -4.012439 22.28839 9.262065 -4.012439 -13.96717 10.01269 -2.938007 -14.76822 10.01273 -2.938007 -14.76821 10.50602 -2.938007 -13.96717 10.50598 -2.938007 -15.37159 8.60816 -2.938007 -16.17263 8.608204 -2.938007 -16.17263 9.101496 -2.938007 -15.37159 9.101452 -2.938007 -2.930732 21.04914 -2.938007 -3.731778 21.04918 -2.938007 -3.731775 21.54248 -2.938007 -2.930729 21.54243 -2.938007 -4.335151 19.64461 -2.938007 -5.136197 19.64466 -2.938007 -5.136195 20.13795 -2.938007 -4.335148 20.13791 -2.938007 -13.67719 11.28696 -3.364747 -13.67719 11.28696 -4.562438 -13.39565 11.56844 -4.562438 -13.39565 11.56844 -3.364747 -13.92536 11.53517 -3.364747 -13.92536 11.53517 -4.562438 -13.64383 11.81665 -4.562438 -13.64383 11.81665 -3.364747 -2.930729 21.54243 -4.562438 -3.731775 21.54248 -4.562438 -2.930732 21.04914 -4.562438 -3.731778 21.04918 -4.562438 -15.37159 9.101452 -4.562438 -16.17263 9.101496 -4.562438 -15.37159 8.60816 -4.562438 -16.17263 8.608204 -4.562438 -13.96717 10.50598 -4.562438 -14.76821 10.50602 -4.562438 -13.96717 10.01269 -4.562438 -14.76822 10.01273 -4.562438 -4.335148 20.13791 -4.562438 -5.136195 20.13795 -4.562438 -4.335151 19.64461 -4.562438 -5.136197 19.64466 -4.562438 -24.51154 4.522498 9.760727 -23.85535 8.338349 9.259737 -23.85535 8.064408 8.758606 -23.85541 7.315939 8.391756 -23.85535 5.271201 10.12772 -24.51153 8.06417 8.758469 -23.85541 6.293578 10.26199 -23.85541 7.315939 10.12772 -24.51154 7.315703 8.391617 -23.85535 8.064408 9.760866 -23.85541 6.293578 8.257493 -24.51154 5.270957 8.391617 -23.85535 5.271201 8.391756 -24.51154 7.315703 10.12758 -23.85541 4.522734 9.760866 -24.51154 5.270957 10.12758 -24.51154 6.293342 10.26186 -24.51153 8.06417 9.760727 -24.51153 8.338105 9.259598 -24.51154 6.293342 8.257355 -23.85541 4.522734 8.758606 -24.51154 4.522498 8.758469 -24.51154 4.248557 9.259598 -23.85541 4.248794 9.259737 -24.08765 6.543556 -5.111999 -24.08765 6.543556 8.402256 -23.87114 6.418556 -5.111999 -23.87114 6.418556 8.402256 -23.87114 6.168556 -5.111999 -23.87114 6.168556 8.402256 -24.08765 6.043556 -5.111999 -24.08765 6.043556 8.402256 -24.30415 6.168556 -5.111999 -24.30415 6.168556 8.402256 -24.30415 6.418556 -5.111999 -24.30415 6.418556 8.402256 -24.35981 9.667794 7.048111 -24.35982 2.919387 7.048111 -24.35981 9.667794 5.616196 -24.35982 2.919387 5.616196 -23.83043 9.667794 7.048111 -23.83037 2.919425 7.048111 -23.83043 9.667794 5.616196 -23.83037 2.919425 5.616196</float_array>
          <technique_common>
            <accessor source="#Plane_018-mesh-positions-array" count="244" stride="3">
              <param name="X" type="float"/>
              <param name="Y" type="float"/>
              <param name="Z" type="float"/>
            </accessor>
          </technique_common>
        </source>
        <source id="Plane_018-mesh-normals">
          <float_array id="Plane_018-mesh-normals-array" count="825">0 0 1 0 0 1 -4.76156e-7 0 1 -1 0 0 1 -5.95057e-6 0 -1 2.38027e-5 0 5.00024e-5 1 0 1 -5.95068e-6 0 6.19079e-5 1 0 -6.19079e-5 -1 0 1 0 0 5.47651e-5 1 0 -5.00025e-5 -1 0 5.0003e-5 1 0 -5.47651e-5 -1 0 0.7070288 -0.7071848 0 -0.7070448 0.7071688 0 -8.5312e-7 0 1 0.7071515 0.7070621 0 -1 4.76054e-6 0 -0.7071605 -0.7070531 0 -1 5.95057e-6 0 -5.00023e-5 -1 0 2.11567e-4 -2.93115e-5 -1 3.07788e-4 -0.2889385 -0.9573476 3.07378e-4 -0.2890021 -0.9573285 -3.06456e-5 -0.4401175 0.8979402 -9.78995e-5 -0.2890239 0.957322 -3.31317e-5 -0.4401174 0.8979402 -4.27657e-4 0.8774612 0.4796475 -2.16941e-4 0.8774604 -0.4796491 3.48954e-4 -0.4401158 -0.8979411 3.4784e-4 -0.4401186 -0.8979396 4.16105e-4 -0.8774557 -0.4796576 -9.4193e-5 -0.288936 0.9573485 -2.00323e-4 -2.59618e-5 1 2.95568e-5 0.4401122 -0.8979429 9.63612e-5 0.2890172 -0.9573239 9.67225e-5 0.2889304 -0.9573501 2.16325e-4 -0.8774541 0.4796608 -3.08885e-4 0.2890109 0.9573258 -3.48596e-4 0.4401167 0.8979406 -3.06274e-4 0.288949 0.9573445 -2.01157e-4 3.15641e-5 1 2.11046e-4 2.82622e-5 -1 1 -8.1363e-5 0 0.2639985 -0.1408849 0.9541784 -0.5517695 -0.5897311 0.5897184 0.02502018 0.02502268 -0.9993738 -0.4928147 -0.7171198 0.4928213 -0.2717022 -0.888219 -0.3704661 -0.5444826 -0.5931229 -0.5930801 0.4999868 0.8660331 0 0.4999946 -0.8660286 0 -0.5000181 -0.8660151 0 -0.5000103 0.8660195 0 -0.1754932 -0.9258331 -0.334717 0.6009621 0.6009678 0.5269557 0 0 1 1 -8.33079e-6 0 -1 1.90422e-5 0 5.00025e-5 1 0 1 -5.95068e-6 0 6.19079e-5 1 0 6.03351e-7 0 1 -6.19079e-5 -1 0 5.4765e-5 1 0 5.00029e-5 1 0 -5.4765e-5 -1 0 0.7070329 -0.7071807 0 -0.707041 0.7071727 0 8.53088e-7 0 1 0.707147 0.7070667 0 -1 2.38027e-6 0 -0.7071651 -0.7070485 0 -1 4.76045e-6 0 -1 5.87195e-6 0 -1 3.72279e-6 0 -1 -3.72288e-6 0 -1 1.17438e-5 0 -1 4.29878e-6 0 -1 1.01704e-5 0 -1 -4.29868e-6 0 -4.18616e-4 0.8774554 0.479658 -2.26486e-4 0.8774566 -0.4796561 4.17514e-4 -0.8774559 -0.4796573 2.96415e-5 0.4401102 -0.8979438 2.14017e-4 -0.8774564 0.4796563 -3.47195e-4 0.4401167 0.8979406 1 5.95653e-5 0 1 -8.13631e-5 0 1 -8.22062e-5 0 1 6.0182e-5 0 1 -8.2206e-5 0 1 -1.1634e-6 0 0.4999946 0.8660286 0 0.4999868 -0.8660331 0 -0.5000103 -0.8660195 0 -0.5000181 0.8660151 0 1 -1.72775e-7 0 0.980773 -0.1951522 0 0.9807732 -0.195151 0 0.9238972 -0.3826409 0 0.9238976 -0.3826398 0 0.7407339 -0.6717985 0 0.7613242 -0.6483713 0 0.7613232 -0.6483727 0 0.8313158 -0.5558003 0 0.7407335 -0.6717991 0 0.9807726 0.1951541 0 1 -1.34467e-6 0 0.6717622 0.7407669 0 0.740731 0.6718018 0 0.7407305 0.6718023 0 0.8313151 -0.5558015 0 0.5558022 0.8313146 0 0.6717625 0.7407667 0 -0.6483434 0.7613481 0 -0.6717652 0.7407642 0 -0.6717653 0.7407641 0 0.3826899 0.9238769 0 0.5558029 0.8313141 0 0.1950889 0.9807856 0 0.3826907 0.9238766 0 0.8916819 -0.4526625 0 0.8916788 -0.4526688 0 -9.5371e-6 1 0 0.1950899 0.9807854 0 0.9877008 -0.1563562 0 0.9876996 -0.1563637 0 -0.1950991 0.9807835 0 -8.45994e-6 1 0 -0.3826835 0.9238796 0 -0.1950979 0.9807838 0 -0.5558021 0.8313146 0 -0.3826823 0.9238801 0 -0.5558011 0.8313153 0 -0.452691 0.8916675 0 -0.6483452 0.7613465 0 0.8313159 0.5558004 0 0.8313151 0.5558015 0 -0.1564213 0.9876905 0 -0.4526984 0.8916638 0 0.9238967 0.382642 0 0.9238963 0.3826431 0 0 1 0 -0.1564286 0.9876893 0 0.9807729 0.1951529 0 -5.09429e-7 0 1 -0.9250953 0.3797353 0 -0.7750054 0.6319548 0 -0.7750064 0.6319535 0 0.3798683 0.9250407 0 0.6319311 0.7750246 0 0.631927 0.7750279 0 3.36363e-6 -1 0 -0.3798297 -0.9250564 0 -0.3798215 -0.9250599 0 -0.631964 -0.7749977 0 -0.7749234 -0.6320552 0 -0.7749186 -0.6320611 0 3.48068e-5 1 0 0.3798778 0.9250367 0 0.3798202 -0.9250605 0 -6.87959e-6 -1 0 0.7750129 -0.6319455 0 0.6319798 -0.774985 0 0.6319802 -0.7749845 0 -0.3798376 0.9250532 0 4.42399e-5 1 0 0.379813 -0.9250633 0 0.7749012 0.6320824 0 0.774898 0.6320863 0 -0.6320011 0.7749675 0 -0.3798296 0.9250565 0 0.9250681 0.3798013 0 0.9250642 0.3798108 0 -0.6319998 0.7749686 0 -0.9250556 -0.3798316 0 -0.9250524 -0.3798397 0 1 -4.05511e-6 0 1 5.74535e-6 0 -1 2.54865e-6 0 -1 -2.06262e-6 0 0.9250978 -0.379729 0 0.9251011 -0.3797209 0 -0.925093 0.3797409 0 0.7750119 -0.6319468 0 -0.6319677 -0.7749948 0 5.97816e-6 0 1 -3.95864e-6 0 1 1.51581e-6 0 1 5.28396e-6 0 1 1.26914e-6 0 1 -5.979e-6 0 1 4.54738e-6 0 1 -1.26929e-6 0 1 -7.73039e-7 0 1 0.7071136 -0.7070999 0 -0.7071093 0.7071043 0 0.7071521 0.7070614 0 1 -1.55015e-6 0 -1.07605e-4 -1 0 -0.7070696 -0.707144 0 -0.7070993 -0.7071143 -2.68361e-6 0.707103 0.7071107 0 0.7070388 -0.7071748 -4.63757e-6 0.9984762 -0.05518436 -4.8522e-6 0.05520659 -0.998475 0 -0.9984746 0.0552141 -4.3381e-6 -0.05521959 0.9984743 0 -0.7070876 0.707126 0 -0.7071095 0.7071042 0 -1.09314e-4 -1 0 -0.7070764 -0.7071372 0 5.02905e-7 0 1 3.71595e-7 0 1 -4.01653e-6 0 1 3.75451e-6 0 1 7.56844e-7 0 1 -1.00946e-6 0 1 -5.01639e-7 0 1 4.10527e-7 0 1 9.19835e-7 0 1 -5.46955e-7 0 1 -4.23416e-7 0 1 9.86631e-7 0 1 2.30367e-7 0 1 1.8429e-7 0 1 1.98619e-7 0 1 -1.1918e-6 0 1 7.20906e-7 0 1 -9.61108e-7 0 1 3.49652e-7 0 1 8.34631e-7 0 1 2.91085e-6 0 1 5.28307e-6 0 1 2.66311e-6 0 1 -1.26909e-6 0 1 -5.9783e-6 0 1 -1.5158e-6 0 1 -5.97607e-6 0 1 1.26929e-6 0 1 1.23149e-7 0 1 -5.44763e-6 0 1 0 0 1 -3.07875e-7 0 1 -7.75173e-6 0 1 5.34066e-6 0 1 0.7071139 -0.7070997 0 -0.7071096 0.707104 0 0.7071512 0.7070624 0 1 -3.10031e-6 0 -1.07606e-4 -1 0 -0.707072 -0.7071416 0 -0.7070997 -0.7071139 3.83374e-7 0.7071033 0.7071104 0 0.7070566 -0.707157 0 0.998475 -0.05520755 0 0.05520457 -0.9984751 5.10438e-7 -0.9984735 0.05523383 0 -0.05521309 0.9984746 -1.22499e-6 -0.7070646 0.707149 -7.09951e-6 0.7071137 -0.7071 0 -0.7071097 0.7071039 0 -1.09314e-4 -1 0 3.14898e-7 0 1 3.27909e-6 0 1 2.19853e-7 0 1 1.12345e-6 0 1 0 0 1 1.96811e-7 0 1 -2.93601e-6 0 1 1.00572e-6 0 1 0 0 1</float_array>
          <technique_common>
            <accessor source="#Plane_018-mesh-normals-array" count="275" stride="3">
              <param name="X" type="float"/>
              <param name="Y" type="float"/>
              <param name="Z" type="float"/>
            </accessor>
          </technique_common>
        </source>
        <source id="Plane_018-mesh-map-0">
          <float_array id="Plane_018-mesh-map-0-array" count="2112">0.1708362 0.3280934 0.352636 0.339441 0.1708361 0.339441 0.1708362 0.3280934 0.352636 0.339441 0.1708361 0.339441 0.1708362 0.3280934 0.352636 0.339441 0.1708361 0.339441 0.1708361 0.339441 0.1708362 0.3280934 0.1708361 0.339441 0.352636 0.3280934 0.352636 0.339441 0.352636 0.3280934 0.1708361 0.339441 0.1708362 0.3280934 0.1708361 0.339441 0.352636 0.339441 0.1708361 0.339441 0.352636 0.339441 0.352636 0.3280934 0.352636 0.339441 0.352636 0.3280934 0.352636 0.339441 0.1708361 0.339441 0.352636 0.339441 0.1708362 0.3280934 0.352636 0.339441 0.1708361 0.339441 0.1708362 0.3280934 0.352636 0.3280934 0.1708362 0.3280934 0.352636 0.3280934 0.352636 0.339441 0.352636 0.3280934 0.352636 0.339441 0.1708361 0.339441 0.352636 0.339441 0.1708362 0.3280934 0.352636 0.3280934 0.1708362 0.3280934 0.352636 0.3280934 0.352636 0.339441 0.352636 0.3280934 0.352636 0.339441 0.1708361 0.339441 0.352636 0.339441 0.1708362 0.3280934 0.352636 0.3280934 0.1708362 0.3280934 0.4003481 0.8518029 0.1998012 0.8926415 0.1998012 0.8518034 0.6260114 0.8926411 0.4254645 0.8518029 0.6260114 0.8518029 0.4003481 0.8926415 0.4254645 0.8518029 0.4254645 0.8926411 0.2999507 0.849718 0.4619762 0.8294258 0.4619762 0.8497181 0.1708361 0.339441 0.1708362 0.3280934 0.1708361 0.339441 0.4619765 0.8294237 0.2999507 0.8497158 0.2999507 0.8294237 0.1708361 0.339441 0.1708362 0.3280934 0.1708361 0.339441 0.1708362 0.3280934 0.352636 0.3280934 0.1708362 0.3280934 0.7315266 0.3559183 0.739809 0.3833522 0.732734 0.4121063 0.6812852 0.3320915 0.7101052 0.3371554 0.7101046 0.3371554 0.7327345 0.4121063 0.7121958 0.4344756 0.732734 0.4121063 0.6334598 0.4206395 0.6251775 0.3932053 0.6251768 0.3932053 0.6251768 0.3932053 0.6322528 0.3644513 0.6322522 0.3644513 0.7101046 0.3371554 0.7315273 0.3559183 0.7315266 0.3559183 0.7315273 0.3559183 0.739809 0.3833522 0.7315266 0.3559183 0.7121962 0.4344755 0.6836999 0.4444668 0.7121958 0.4344756 0.6322522 0.3644513 0.6527903 0.3420817 0.6527897 0.342082 0.7398096 0.3833522 0.732734 0.4121063 0.739809 0.3833522 0.6548816 0.4394023 0.6334598 0.4206395 0.6548811 0.4394022 0.6837005 0.4444665 0.6548811 0.4394022 0.6836999 0.4444668 0.6527897 0.342082 0.6812858 0.3320916 0.6812852 0.3320915 0.6334605 0.4206395 0.6548816 0.4394023 0.6322528 0.3644513 0.6067554 0.7255042 0.6067554 0.7780209 0.6067554 0.7780209 0.6067554 0.7780209 0.3592548 0.7780209 0.6067554 0.7780209 0.3592548 0.7255046 0.6067554 0.7255042 0.6067554 0.7255042 1 1 0.8333333 0.5 1 0.5 0.8333333 1 0.6666666 0.5 0.8333333 0.5 0.6666666 1 0.5 0.5 0.6666666 0.5 0.5 1 0.3333333 0.5 0.5 0.5 0.3333333 1 0.1666666 0.5 0.3333333 0.5 0.1666666 1 0 0.5 0.1666666 0.5 0.6067554 0.7780209 0.3592548 0.7255046 0.6067554 0.7255042 0.3592548 0.7780209 0.6067554 0.7255042 0.3592548 0.7255046 0.3592548 0.7780209 0.3592548 0.7255046 0.3592548 0.7780209 0.1708362 0.3280934 0.352636 0.3280934 0.352636 0.339441 0.1708362 0.3280934 0.352636 0.3280934 0.352636 0.339441 0.1708362 0.3280934 0.352636 0.3280934 0.352636 0.339441 0.1708361 0.339441 0.1708362 0.3280934 0.1708362 0.3280934 0.352636 0.3280934 0.352636 0.339441 0.352636 0.339441 0.1708361 0.339441 0.1708362 0.3280934 0.1708362 0.3280934 0.352636 0.339441 0.1708361 0.339441 0.1708361 0.339441 0.352636 0.3280934 0.352636 0.339441 0.352636 0.339441 0.352636 0.339441 0.1708361 0.339441 0.1708361 0.339441 0.1708362 0.3280934 0.352636 0.3280934 0.352636 0.339441 0.1708362 0.3280934 0.352636 0.3280934 0.352636 0.3280934 0.352636 0.3280934 0.352636 0.339441 0.352636 0.339441 0.352636 0.339441 0.1708361 0.339441 0.1708361 0.339441 0.1708362 0.3280934 0.352636 0.3280934 0.352636 0.3280934 0.352636 0.3280934 0.352636 0.339441 0.352636 0.339441 0.352636 0.339441 0.1708361 0.339441 0.1708361 0.339441 0.1708362 0.3280934 0.352636 0.3280934 0.352636 0.3280934 0.4003481 0.8518029 0.4003481 0.8926415 0.1998012 0.8926415 0.6260114 0.8926411 0.4254645 0.8926411 0.4254645 0.8518029 0.4003481 0.8926415 0.4003481 0.8518029 0.4254645 0.8518029 0.2999507 0.849718 0.2999507 0.8294258 0.4619762 0.8294258 0.1708361 0.339441 0.1708362 0.3280934 0.1708362 0.3280934 0.4619765 0.8294237 0.4619765 0.8497158 0.2999507 0.8497158 0.1708361 0.339441 0.1708362 0.3280934 0.1708362 0.3280934 0.1708362 0.3280934 0.352636 0.3280934 0.352636 0.3280934 0.732734 0.4121063 0.7121958 0.4344756 0.7101046 0.3371554 0.7121958 0.4344756 0.6836999 0.4444668 0.6812852 0.3320915 0.6836999 0.4444668 0.6548811 0.4394022 0.6812852 0.3320915 0.6548811 0.4394022 0.6334598 0.4206395 0.6527897 0.342082 0.6812852 0.3320915 0.6548811 0.4394022 0.6527897 0.342082 0.6334598 0.4206395 0.6251768 0.3932053 0.6322522 0.3644513 0.6322522 0.3644513 0.6527897 0.342082 0.6334598 0.4206395 0.6812852 0.3320915 0.7101046 0.3371554 0.7121958 0.4344756 0.7101046 0.3371554 0.7315266 0.3559183 0.732734 0.4121063 0.6812852 0.3320915 0.6812858 0.3320916 0.7101052 0.3371554 0.7327345 0.4121063 0.7121962 0.4344755 0.7121958 0.4344756 0.6334598 0.4206395 0.6334605 0.4206395 0.6251775 0.3932053 0.6251768 0.3932053 0.6251775 0.3932053 0.6322528 0.3644513 0.7101046 0.3371554 0.7101052 0.3371554 0.7315273 0.3559183 0.7315273 0.3559183 0.7398096 0.3833522 0.739809 0.3833522 0.7121962 0.4344755 0.6837005 0.4444665 0.6836999 0.4444668 0.6322522 0.3644513 0.6322528 0.3644513 0.6527903 0.3420817 0.7398096 0.3833522 0.7327345 0.4121063 0.732734 0.4121063 0.6548816 0.4394023 0.6334605 0.4206395 0.6334598 0.4206395 0.6837005 0.4444665 0.6548816 0.4394023 0.6548811 0.4394022 0.6527897 0.342082 0.6527903 0.3420817 0.6812858 0.3320916 0.6837005 0.4444665 0.7121962 0.4344755 0.6812858 0.3320916 0.7121962 0.4344755 0.7327345 0.4121063 0.7315273 0.3559183 0.7327345 0.4121063 0.7398096 0.3833522 0.7315273 0.3559183 0.7315273 0.3559183 0.7101052 0.3371554 0.7121962 0.4344755 0.7101052 0.3371554 0.6812858 0.3320916 0.7121962 0.4344755 0.6812858 0.3320916 0.6527903 0.3420817 0.6548816 0.4394023 0.6527903 0.3420817 0.6322528 0.3644513 0.6548816 0.4394023 0.6812858 0.3320916 0.6548816 0.4394023 0.6837005 0.4444665 0.6322528 0.3644513 0.6251775 0.3932053 0.6334605 0.4206395 0.6067554 0.7255042 0.6067554 0.7255042 0.6067554 0.7780209 0.6067554 0.7780209 0.3592548 0.7780209 0.3592548 0.7780209 0.3592548 0.7255046 0.3592548 0.7255046 0.6067554 0.7255042 1 1 0.8333333 1 0.8333333 0.5 0.8333333 1 0.6666666 1 0.6666666 0.5 0.6666666 1 0.5 1 0.5 0.5 0.5 1 0.3333333 1 0.3333333 0.5 0.3333333 1 0.1666666 1 0.1666666 0.5 0.1666666 1 0 1 0 0.5 0.6067554 0.7780209 0.3592548 0.7780209 0.3592548 0.7255046 0.3592548 0.7780209 0.6067554 0.7780209 0.6067554 0.7255042 0.3592548 0.7780209 0.3592548 0.7255046 0.3592548 0.7255046 6.100127 0.6745393 6.23931 0.6276596 6.23931 0.6745393 6.23931 0.6745393 6.378497 0.6276596 6.378497 0.6745787 6.658012 0.6745787 12.61776 0.6274183 12.61776 0.6743792 6.51767 0.6745787 6.658009 0.6276202 6.658012 0.6745787 5.960944 0.6745787 6.100127 0.6276596 6.100127 0.6745393 -0.07506209 0.6747806 5.542245 0.627699 5.542245 0.6745787 6.378497 0.6745787 6.51767 0.6276596 6.51767 0.6745787 -0.2153957 0.6747806 -0.07506209 0.6278591 -0.07506209 0.6747806 -7.150576 0.6750195 -1.190834 0.6279403 -1.190834 0.67482 -0.3545832 0.6747806 -0.2153957 0.6278591 -0.2153957 0.6747806 -0.4937657 0.6747806 -0.3545832 0.6278591 -0.3545832 0.6747806 12.61776 0.6743792 12.69371 0.6274601 12.69372 0.6743398 -0.6329483 0.67482 -0.4937633 0.6278591 -0.4937657 0.6747806 12.69372 0.6743398 12.7715 0.6274183 12.7715 0.6743398 -0.7721308 0.67482 -0.6329483 0.6278591 -0.6329483 0.67482 12.7715 0.6743398 12.84928 0.6274183 12.84928 0.6743398 -0.9113109 0.67482 -0.7721332 0.6278591 -0.7721308 0.67482 -1.050498 0.67482 -0.9113133 0.6278591 -0.9113109 0.67482 -1.190834 0.67482 -1.050501 0.6279009 -1.050498 0.67482 -7.226538 0.6750195 -7.150576 0.6281397 -7.150576 0.6750195 5.542245 0.6745787 5.682583 0.627699 5.682583 0.6745787 -7.304327 0.6750195 -7.226534 0.6281004 -7.226538 0.6750195 5.682583 0.6745787 5.821757 0.6276596 5.821757 0.6745787 -7.3821 0.6750195 -7.304327 0.6281004 -7.304327 0.6750195 5.821757 0.6745787 5.960944 0.6276596 5.960944 0.6745787 0 0 0 0 -0.07506209 0.6747806 11.28291 0.6300763 11.22161 0.6834154 11.2216 0.6300422 5.865089 0.6296958 5.803781 0.6830691 5.803781 0.6296604 11.64882 0.6300763 11.58492 0.6834481 11.58493 0.6301103 11.52362 0.6300763 11.47202 0.6834481 11.47202 0.6300763 5.928966 0.6296958 5.865089 0.6830676 5.865089 0.6296958 11.71271 0.6300763 11.64881 0.6834836 11.64882 0.6300763 5.50177 0.6296617 0.3343051 0.6826872 0.3343051 0.6293153 5.992855 0.6296958 5.928966 0.6830676 5.928966 0.6296958 11.77401 0.6301103 11.7127 0.6834836 11.71271 0.6300763 5.803781 0.6296604 5.752168 0.6830349 5.752168 0.6296617 6.054162 0.6296958 5.992855 0.6830676 5.992855 0.6296958 5.752168 0.6296617 5.690851 0.6830337 5.690851 0.6296604 11.2216 0.6300422 6.054162 0.6830691 6.054162 0.6296958 11.47202 0.6300763 11.4107 0.6834481 11.4107 0.6300763 5.690851 0.6296604 5.626947 0.6830349 5.626955 0.6296604 11.4107 0.6300763 11.3468 0.6834481 11.3468 0.6300763 5.626955 0.6296604 5.563067 0.6830337 5.563059 0.6296604 11.3468 0.6300763 11.28292 0.6834481 11.28291 0.6300763 5.563059 0.6296604 5.50176 0.6830337 5.50177 0.6296617 11.58493 0.6301103 11.52363 0.6834481 11.52362 0.6300763 11.52101 0.7365497 11.47202 0.6834481 11.52363 0.6834481 11.71775 0.7358832 11.77401 0.6834754 11.77122 0.7365673 5.499136 0.7361584 0.3343051 0.6826872 5.50176 0.6830337 5.6959 0.7354586 5.752168 0.6830349 5.749383 0.7361119 5.801156 0.7361754 5.752168 0.6830349 5.803781 0.6830691 5.632151 0.7353776 5.690851 0.6830337 5.685643 0.7353978 11.21899 0.7365436 6.054162 0.6830691 11.22161 0.6834154 5.621745 0.7353577 5.563067 0.6830337 5.626947 0.6830349 5.558022 0.7354619 5.50176 0.6830337 5.563067 0.6830337 5.860044 0.7354884 5.803781 0.6830691 5.865089 0.6830676 5.92376 0.7354091 5.865089 0.6830676 5.928966 0.6830676 5.934173 0.7354181 5.992855 0.6830676 5.987648 0.7354173 5.9979 0.735488 6.054162 0.6830691 6.051388 0.7361524 11.41575 0.7358738 11.47202 0.6834481 11.46923 0.7365241 11.35201 0.7357843 11.4107 0.6834481 11.40549 0.7358057 11.57988 0.7358528 11.52363 0.6834481 11.58492 0.6834481 11.3416 0.7357788 11.28292 0.6834481 11.3468 0.6834481 11.6436 0.7358332 11.58492 0.6834481 11.64881 0.6834836 11.27787 0.7358745 11.22161 0.6834154 11.28292 0.6834481 11.65402 0.7358275 11.7127 0.6834836 11.7075 0.7358273 0.2498175 0.5006311 0.2498238 1.000002 0.1430559 0.7141796 0.2143821 -0.3452759 2.736019 0.1932134 0.2143821 0.1932134 0.736023 -0.3452759 -1.785618 0.1932134 0.736023 0.1932134 0.488327 -0.3452759 0.3854675 0.1932134 0.488327 0.1932134 0.3361206 -0.3452759 0.3000031 0.1932134 0.3361206 0.1932134 0.537674 1.193213 0.5738068 0.6547241 0.537674 0.6547241 0.5738068 1.193213 0.5376892 0.6547241 0.5738068 0.6547241 0.3361359 1.193213 0.3000031 0.6547241 0.3361359 0.6547241 0.3854828 -0.3452759 0.488327 0.1932134 0.3854828 0.1932134 0.2143821 -0.3452759 2.736019 0.1932134 0.2143821 0.1932134 0.736023 -0.3452759 -1.785618 0.1932134 0.736023 0.1932134 0.488327 0.1932134 0.3854675 -0.3452759 0.3854675 0.1932134 0.3361206 -0.3452759 0.3000031 0.1932134 0.3361206 0.1932134 0.537674 1.193213 0.5738068 0.6547241 0.537674 0.6547241 0.5738068 1.193213 0.5376892 0.6547241 0.5738068 0.6547241 0.3361359 0.6547241 0.3000031 1.193213 0.3000031 0.6547241 0.3854828 0.1932134 0.488327 -0.3452759 0.488327 0.1932134 0.2143821 -0.3452759 2.736019 0.1932134 0.2143821 0.1932134 0.736023 -0.3452759 -1.785618 0.1932134 0.736023 0.1932134 0.5738068 1.193213 0.5376892 0.6547241 0.5738068 0.6547241 0.3361359 1.193213 0.3000031 0.6547241 0.3361359 0.6547241 0.3854828 -0.3452759 0.488327 0.1932134 0.3854828 0.1932134 0.1650314 1.193213 0.3854828 1.193213 0.5376892 1.193213 0.7853699 1.193213 0.488327 1.193213 0.736023 0.1932134 0.7853699 1.193213 0.488327 1.193213 0.736023 0.1932134 6.100127 0.6745393 6.100127 0.6276596 6.23931 0.6276596 6.23931 0.6745393 6.23931 0.6276596 6.378497 0.6276596 6.658012 0.6745787 6.658009 0.6276202 12.61776 0.6274183 6.51767 0.6745787 6.51767 0.6276596 6.658009 0.6276202 5.960944 0.6745787 5.960944 0.6276596 6.100127 0.6276596 -0.07506209 0.6747806 -0.07506209 0.6278591 5.542245 0.627699 6.378497 0.6745787 6.378497 0.6276596 6.51767 0.6276596 -0.2153957 0.6747806 -0.2153957 0.6278591 -0.07506209 0.6278591 -7.150576 0.6750195 -7.150576 0.6281397 -1.190834 0.6279403 -0.3545832 0.6747806 -0.3545832 0.6278591 -0.2153957 0.6278591 -0.4937657 0.6747806 -0.4937633 0.6278591 -0.3545832 0.6278591 12.61776 0.6743792 12.61776 0.6274183 12.69371 0.6274601 -0.6329483 0.67482 -0.6329483 0.6278591 -0.4937633 0.6278591 12.69372 0.6743398 12.69371 0.6274601 12.7715 0.6274183 -0.7721308 0.67482 -0.7721332 0.6278591 -0.6329483 0.6278591 12.7715 0.6743398 12.7715 0.6274183 12.84928 0.6274183 -0.9113109 0.67482 -0.9113133 0.6278591 -0.7721332 0.6278591 -1.050498 0.67482 -1.050501 0.6279009 -0.9113133 0.6278591 -1.190834 0.67482 -1.190834 0.6279403 -1.050501 0.6279009 -7.226538 0.6750195 -7.226534 0.6281004 -7.150576 0.6281397 5.542245 0.6745787 5.542245 0.627699 5.682583 0.627699 -7.304327 0.6750195 -7.304327 0.6281004 -7.226534 0.6281004 5.682583 0.6745787 5.682583 0.627699 5.821757 0.6276596 -7.3821 0.6750195 -7.382102 0.6281004 -7.304327 0.6281004 5.821757 0.6745787 5.821757 0.6276596 5.960944 0.6276596 6.658012 0.6745787 12.61776 0.6743792 0 0 12.61776 0.6743792 12.69372 0.6743398 0 0 12.69372 0.6743398 12.7715 0.6743398 0 0 12.7715 0.6743398 12.84928 0.6743398 0 0 0 0 0 0 6.658012 0.6745787 0 0 0 0 -1.190834 0.67482 0 0 -7.3821 0.6750195 -7.304327 0.6750195 -1.190834 0.67482 0 0 -7.150576 0.6750195 -7.304327 0.6750195 -7.226538 0.6750195 0 0 -7.226538 0.6750195 -7.150576 0.6750195 0 0 0 0 -1.190834 0.67482 -1.050498 0.67482 6.51767 0.6745787 6.658012 0.6745787 0 0 6.378497 0.6745787 6.51767 0.6745787 0 0 0 0 -1.050498 0.67482 -0.9113109 0.67482 0 0 -0.9113109 0.67482 -0.7721308 0.67482 6.23931 0.6745393 6.378497 0.6745787 0 0 6.100127 0.6745393 6.23931 0.6745393 0 0 0 0 -0.7721308 0.67482 -0.6329483 0.67482 0 0 -0.6329483 0.67482 -0.4937657 0.6747806 5.960944 0.6745787 6.100127 0.6745393 0 0 5.821757 0.6745787 5.960944 0.6745787 0 0 0 0 -0.4937657 0.6747806 -0.3545832 0.6747806 0 0 -0.3545832 0.6747806 -0.2153957 0.6747806 5.682583 0.6745787 5.821757 0.6745787 0 0 5.542245 0.6745787 5.682583 0.6745787 0 0 0 0 -0.2153957 0.6747806 -0.07506209 0.6747806 -0.07506209 0.6747806 5.542245 0.6745787 0 0 11.28291 0.6300763 11.28292 0.6834481 11.22161 0.6834154 5.865089 0.6296958 5.865089 0.6830676 5.803781 0.6830691 11.64882 0.6300763 11.64881 0.6834836 11.58492 0.6834481 11.52362 0.6300763 11.52363 0.6834481 11.47202 0.6834481 5.928966 0.6296958 5.928966 0.6830676 5.865089 0.6830676 11.71271 0.6300763 11.7127 0.6834836 11.64881 0.6834836 5.50177 0.6296617 5.50176 0.6830337 0.3343051 0.6826872 5.992855 0.6296958 5.992855 0.6830676 5.928966 0.6830676 11.77401 0.6301103 11.77401 0.6834754 11.7127 0.6834836 5.803781 0.6296604 5.803781 0.6830691 5.752168 0.6830349 6.054162 0.6296958 6.054162 0.6830691 5.992855 0.6830676 5.752168 0.6296617 5.752168 0.6830349 5.690851 0.6830337 11.2216 0.6300422 11.22161 0.6834154 6.054162 0.6830691 11.47202 0.6300763 11.47202 0.6834481 11.4107 0.6834481 5.690851 0.6296604 5.690851 0.6830337 5.626947 0.6830349 11.4107 0.6300763 11.4107 0.6834481 11.3468 0.6834481 5.626955 0.6296604 5.626947 0.6830349 5.563067 0.6830337 11.3468 0.6300763 11.3468 0.6834481 11.28292 0.6834481 5.563059 0.6296604 5.563067 0.6830337 5.50176 0.6830337 11.58493 0.6301103 11.58492 0.6834481 11.52363 0.6834481 11.52101 0.7365497 11.47463 0.7365463 11.47202 0.6834481 11.71775 0.7358832 11.7127 0.6834836 11.77401 0.6834754 5.499136 0.7361584 0.3369246 0.7357954 0.3343051 0.6826872 5.6959 0.7354586 5.690851 0.6830337 5.752168 0.6830349 5.801156 0.7361754 5.754773 0.736143 5.752168 0.6830349 5.632151 0.7353776 5.626947 0.6830349 5.690851 0.6830337 11.21899 0.7365436 6.056782 0.7361776 6.054162 0.6830691 5.621745 0.7353577 5.568273 0.7353779 5.563067 0.6830337 5.558022 0.7354619 5.504538 0.7361341 5.50176 0.6830337 5.860044 0.7354884 5.806556 0.7361528 5.803781 0.6830691 5.92376 0.7354091 5.870295 0.7354083 5.865089 0.6830676 5.934173 0.7354181 5.928966 0.6830676 5.992855 0.6830676 5.9979 0.735488 5.992855 0.6830676 6.054162 0.6830691 11.41575 0.7358738 11.4107 0.6834481 11.47202 0.6834481 11.35201 0.7357843 11.3468 0.6834481 11.4107 0.6834481 11.57988 0.7358528 11.5264 0.7365183 11.52363 0.6834481 11.3416 0.7357788 11.28812 0.7358003 11.28292 0.6834481 11.6436 0.7358332 11.59012 0.7358033 11.58492 0.6834481 11.27787 0.7358745 11.22438 0.73652 11.22161 0.6834154 11.65402 0.7358275 11.64881 0.6834836 11.7127 0.6834836 4.377901 0.7864528 4.369788 0.8681926 4.271141 0.999976 4.369788 0.8681926 4.346644 0.9374721 4.311998 0.9837346 4.271141 0.999976 4.369788 0.8681926 4.311998 0.9837346 4.271141 0.999976 0.2498238 1.000002 0.2498175 0.5006311 0.2498238 1.000002 0.2089666 0.9837356 0.1511703 0.8681678 0.2089666 0.9837356 0.1743142 0.9374731 0.1511703 0.8681678 0.1511703 0.8681678 0.1430495 0.786428 0.2498238 1.000002 0.1430495 0.786428 0.1430559 0.7141796 0.2498238 1.000002 0.1430559 0.7141796 0.1511827 0.6324651 0.2498175 0.5006311 0.1511827 0.6324651 0.1743268 0.5631856 0.2089666 0.5168979 0.2498175 0.5006311 0.1511827 0.6324651 0.2089666 0.5168979 0.2498175 0.5006311 4.271141 0.5006553 4.271141 0.999976 4.271141 0.5006553 4.311992 0.5168716 4.37791 0.7141786 4.271141 0.999976 4.271141 0.5006553 4.377901 0.7864528 4.311992 0.5168716 4.346638 0.5631594 4.369782 0.6324646 4.369782 0.6324646 4.37791 0.7141786 4.311992 0.5168716 4.37791 0.7141786 4.377901 0.7864528 4.271141 0.5006553 0.2143821 -0.3452759 2.736019 -0.3452759 2.736019 0.1932134 0.736023 -0.3452759 -1.785618 -0.3452759 -1.785618 0.1932134 0.488327 -0.3452759 0.3854675 -0.3452759 0.3854675 0.1932134 0.3361206 -0.3452759 0.3000031 -0.3452759 0.3000031 0.1932134 0.537674 1.193213 0.5738068 1.193213 0.5738068 0.6547241 0.5738068 1.193213 0.5376892 1.193213 0.5376892 0.6547241 0.3361359 1.193213 0.3000031 1.193213 0.3000031 0.6547241 0.3854828 -0.3452759 0.488327 -0.3452759 0.488327 0.1932134 0.2143821 -0.3452759 2.736019 -0.3452759 2.736019 0.1932134 0.736023 -0.3452759 -1.785618 -0.3452759 -1.785618 0.1932134 0.488327 0.1932134 0.488327 -0.3452759 0.3854675 -0.3452759 0.3361206 -0.3452759 0.3000031 -0.3452759 0.3000031 0.1932134 0.537674 1.193213 0.5738068 1.193213 0.5738068 0.6547241 0.5738068 1.193213 0.5376892 1.193213 0.5376892 0.6547241 0.3361359 0.6547241 0.3361359 1.193213 0.3000031 1.193213 0.3854828 0.1932134 0.3854828 -0.3452759 0.488327 -0.3452759 0.2143821 -0.3452759 2.736019 -0.3452759 2.736019 0.1932134 0.736023 -0.3452759 -1.785618 -0.3452759 -1.785618 0.1932134 0.5738068 1.193213 0.5376892 1.193213 0.5376892 0.6547241 0.3361359 1.193213 0.3000031 1.193213 0.3000031 0.6547241 0.3854828 -0.3452759 0.488327 -0.3452759 0.488327 0.1932134 0.5376892 1.193213 0.2143821 0.1932134 0.1650314 1.193213 0.2143821 0.1932134 2.736019 0.1932134 0.1650314 1.193213 2.736019 0.1932134 0.736023 0.1932134 0.1650314 1.193213 0.488327 1.193213 0.3361206 0.1932134 0.736023 0.1932134 0.736023 0.1932134 0.1650314 1.193213 0.2143821 1.193213 0.1650314 1.193213 0.3854828 1.193213 0.2143821 1.193213 0.3854828 1.193213 0.5376892 1.193213 0.2143821 1.193213 0.2143821 1.193213 0.7853699 1.193213 0.736023 0.1932134 0.488327 1.193213 0.3361206 0.1932134 0.736023 0.1932134 0.736023 0.1932134 0.1650314 1.193213 0.2143821 1.193213 0.1650314 1.193213 0.3854828 1.193213 0.5376892 1.193213 0.2143821 1.193213 0.1650314 1.193213 0.5376892 1.193213 0.2143821 1.193213 0.7853699 1.193213 0.736023 0.1932134</float_array>
          <technique_common>
            <accessor source="#Plane_018-mesh-map-0-array" count="1056" stride="2">
              <param name="S" type="float"/>
              <param name="T" type="float"/>
            </accessor>
          </technique_common>
        </source>
        <vertices id="Plane_018-mesh-vertices">
          <input semantic="POSITION" source="#Plane_018-mesh-positions"/>
        </vertices>
        <triangles material="corrugation-material" count="118">
          <input semantic="VERTEX" source="#Plane_018-mesh-vertices" offset="0"/>
          <input semantic="NORMAL" source="#Plane_018-mesh-normals" offset="1"/>
          <input semantic="TEXCOORD" source="#Plane_018-mesh-map-0" offset="2" set="0"/>
          <p>161 0 0 163 0 1 162 0 2 165 1 3 167 1 4 166 1 5 169 2 6 171 2 7 170 2 8 189 3 9 165 3 10 166 3 11 198 4 12 175 4 13 172 4 14 193 5 15 161 5 16 162 5 17 196 6 18 174 6 19 175 6 20 186 7 21 171 7 22 168 7 23 184 8 24 170 8 25 171 8 26 173 0 27 175 0 28 174 0 29 199 9 30 172 9 31 173 9 32 190 10 33 167 10 34 164 10 35 188 11 36 166 11 37 167 11 38 187 12 39 168 12 40 169 12 41 194 10 42 163 10 43 160 10 44 192 13 45 162 13 46 163 13 47 191 14 48 164 14 49 165 14 50 179 15 51 177 15 52 178 15 53 181 16 54 183 16 55 182 16 56 176 17 57 183 17 58 180 17 59 178 18 60 183 18 61 179 18 62 197 19 63 173 19 64 174 19 65 176 20 66 181 20 67 177 20 68 185 21 69 169 21 70 170 21 71 195 22 72 160 22 73 161 22 74 221 3 75 222 3 76 200 3 77 219 23 78 212 24 79 211 25 80 214 26 81 215 27 82 200 28 83 217 29 84 201 29 85 218 29 86 218 30 87 202 30 88 205 30 89 211 25 90 220 31 91 221 32 92 220 33 93 222 33 94 221 33 95 204 34 96 216 35 97 215 27 98 205 36 99 203 37 100 208 38 101 223 39 102 200 39 103 222 39 104 207 40 105 217 41 106 213 42 107 206 43 108 213 42 109 216 35 110 208 38 111 210 44 112 219 23 113 209 45 114 207 45 115 202 45 116 239 46 117 241 47 118 237 48 119 241 47 120 236 49 121 237 48 122 238 50 123 243 51 124 239 46 125 225 52 126 226 52 127 224 52 128 227 10 129 228 10 130 226 10 131 229 53 132 230 53 133 228 53 134 231 54 135 232 54 136 230 54 137 233 3 138 234 3 139 232 3 140 235 55 141 224 55 142 234 55 143 237 48 144 238 50 145 239 46 146 240 56 147 243 51 148 242 57 149 240 56 150 238 50 151 236 49 152 161 58 153 160 58 154 163 58 155 165 58 156 164 58 157 167 58 158 169 58 159 168 58 160 171 58 161 189 3 162 191 3 163 165 3 164 198 59 165 196 59 166 175 59 167 193 60 168 195 60 169 161 60 170 196 61 171 197 61 172 174 61 173 186 62 174 184 62 175 171 62 176 184 63 177 185 63 178 170 63 179 173 64 180 172 64 181 175 64 182 199 65 183 198 65 184 172 65 185 190 10 186 188 10 187 167 10 188 188 66 189 189 66 190 166 66 191 187 12 192 186 12 193 168 12 194 194 10 195 192 10 196 163 10 197 192 67 198 193 67 199 162 67 200 191 68 201 190 68 202 164 68 203 179 69 204 176 69 205 177 69 206 181 70 207 180 70 208 183 70 209 176 71 210 179 71 211 183 71 212 178 72 213 182 72 214 183 72 215 197 73 216 199 73 217 173 73 218 176 74 219 180 74 220 181 74 221 185 75 222 187 75 223 169 75 224 195 22 225 194 22 226 160 22 227 200 76 228 215 76 229 211 76 230 215 77 231 216 77 232 219 77 233 216 78 234 213 78 235 219 78 236 213 79 237 217 79 238 208 79 239 219 80 240 213 80 241 208 80 242 217 3 243 218 3 244 205 3 245 205 81 246 208 81 247 217 81 248 219 82 249 211 82 250 215 82 251 211 3 252 221 3 253 200 3 254 219 23 255 210 44 256 212 24 257 214 26 258 204 34 259 215 27 260 217 83 261 209 83 262 201 83 263 218 84 264 201 84 265 202 84 266 211 25 267 212 24 268 220 31 269 220 85 270 223 85 271 222 85 272 204 34 273 206 43 274 216 35 275 205 36 276 202 86 277 203 37 278 223 87 279 214 87 280 200 87 281 207 40 282 209 88 283 217 41 284 206 43 285 207 40 286 213 42 287 208 38 288 203 37 289 210 44 290 206 89 291 204 89 292 210 89 293 204 90 294 214 90 295 220 90 296 214 10 297 223 10 298 220 10 299 220 91 300 212 91 301 204 91 302 212 92 303 210 92 304 204 92 305 210 10 306 203 10 307 207 10 308 203 93 309 202 93 310 207 93 311 210 94 312 207 94 313 206 94 314 202 10 315 201 10 316 209 10 317 239 46 318 243 51 319 241 47 320 241 47 321 240 56 322 236 49 323 238 50 324 242 57 325 243 51 326 225 95 327 227 95 328 226 95 329 227 10 330 229 10 331 228 10 332 229 96 333 231 96 334 230 96 335 231 97 336 233 97 337 232 97 338 233 3 339 235 3 340 234 3 341 235 98 342 225 98 343 224 98 344 237 48 345 236 49 346 238 50 347 240 56 348 241 47 349 243 51 350 240 56 351 242 57 352 238 50 353</p>
        </triangles>
        <triangles material="slabs_large-material" count="234">
          <input semantic="VERTEX" source="#Plane_018-mesh-vertices" offset="0"/>
          <input semantic="NORMAL" source="#Plane_018-mesh-normals" offset="1"/>
          <input semantic="TEXCOORD" source="#Plane_018-mesh-map-0" offset="2" set="0"/>
          <p>4 99 354 48 100 355 3 101 356 3 101 357 49 102 358 2 103 359 1 104 360 26 105 361 25 106 362 0 107 363 50 108 364 1 104 365 5 109 366 47 110 367 4 99 368 17 111 369 43 112 370 8 113 371 2 103 372 51 114 373 0 107 374 16 115 375 34 116 376 17 111 377 21 117 378 42 118 379 9 119 380 15 120 381 35 121 382 16 115 383 14 122 384 36 123 385 15 120 386 25 106 387 27 124 388 24 125 389 13 126 390 37 127 391 14 122 392 24 125 393 28 128 394 23 129 395 12 130 396 38 131 397 13 126 398 23 129 399 29 10 400 22 10 401 11 132 402 39 133 403 12 130 404 10 134 405 40 135 406 11 132 407 9 119 408 41 136 409 10 134 410 20 137 411 30 138 412 21 117 413 8 113 414 44 139 415 7 140 416 19 141 417 31 142 418 20 137 419 7 140 420 45 143 421 6 144 422 18 145 423 32 146 424 19 141 425 6 144 426 46 147 427 5 109 428 55 148 429 54 148 430 17 148 431 86 149 432 107 150 433 87 151 434 79 152 435 98 153 436 78 154 437 70 155 438 89 156 439 69 157 440 68 158 441 103 159 442 83 160 443 80 161 444 99 162 445 79 152 446 71 163 447 90 164 448 70 155 449 77 165 450 92 166 451 72 167 452 81 168 453 100 169 454 80 161 455 72 167 456 91 170 457 71 163 458 78 154 459 93 171 460 73 172 461 82 173 462 101 174 463 81 168 464 73 172 465 94 175 466 74 176 467 87 151 468 102 177 469 82 173 470 83 160 471 104 178 472 84 179 473 74 176 474 95 180 475 75 181 476 84 179 477 105 182 478 85 183 479 75 181 480 96 184 481 76 185 482 85 183 483 106 186 484 86 149 485 76 185 486 97 187 487 77 165 488 69 157 489 88 188 490 68 158 491 108 58 492 103 58 493 88 58 494 57 189 495 92 189 496 58 189 497 61 190 498 92 190 499 97 190 500 110 58 501 93 58 502 59 58 503 112 58 504 93 58 505 98 58 506 60 191 507 94 191 508 110 191 509 67 58 510 102 58 511 107 58 512 60 58 513 96 58 514 95 58 515 111 192 516 97 192 517 96 192 518 62 58 519 98 58 520 99 58 521 113 193 522 99 193 523 100 193 524 113 58 525 101 58 526 114 58 527 114 58 528 102 58 529 63 58 530 65 194 531 103 194 532 64 194 533 66 195 534 104 195 535 65 195 536 109 58 537 88 58 538 89 58 539 66 58 540 106 58 541 105 58 542 56 196 543 89 196 544 90 196 545 115 58 546 107 58 547 106 58 548 56 58 549 91 58 550 57 58 551 63 197 552 61 197 553 112 197 554 116 198 555 127 198 556 128 198 557 123 199 558 131 199 559 125 199 560 120 200 561 124 200 562 126 200 563 122 145 564 125 145 565 124 145 566 126 201 567 121 201 568 120 201 569 128 202 570 117 202 571 116 202 572 130 3 573 119 3 574 118 3 575 118 203 576 129 203 577 130 203 578 132 204 579 143 204 580 144 204 581 139 205 582 147 205 583 141 205 584 142 206 585 138 206 586 140 206 587 138 207 588 141 207 589 140 207 590 142 208 591 136 208 592 137 208 593 144 209 594 133 209 595 132 209 596 134 210 597 147 210 598 135 210 599 146 211 600 133 211 601 145 211 602 149 198 603 155 198 604 156 198 605 153 212 606 159 212 607 154 212 608 156 213 609 148 213 610 149 213 611 158 3 612 151 3 613 150 3 614 150 214 615 157 214 616 158 214 617 159 58 618 158 58 619 157 58 620 143 58 621 142 58 622 141 58 623 127 215 624 126 215 625 125 215 626 4 99 627 47 110 628 48 100 629 3 101 630 48 100 631 49 102 632 1 104 633 50 108 634 26 105 635 0 107 636 51 114 637 50 108 638 5 109 639 46 147 640 47 110 641 17 111 642 34 116 643 43 112 644 2 103 645 49 102 646 51 114 647 16 115 648 35 121 649 34 116 650 21 117 651 30 138 652 42 118 653 15 120 654 36 123 655 35 121 656 14 122 657 37 127 658 36 123 659 25 106 660 26 105 661 27 124 662 13 126 663 38 131 664 37 127 665 24 125 666 27 124 667 28 128 668 12 130 669 39 133 670 38 131 671 23 129 672 28 128 673 29 10 674 11 132 675 40 135 676 39 133 677 10 134 678 41 136 679 40 135 680 9 119 681 42 118 682 41 136 683 20 137 684 31 142 685 30 138 686 8 113 687 43 112 688 44 139 689 19 141 690 32 146 691 31 142 692 7 140 693 44 139 694 45 143 695 18 145 696 33 145 697 32 146 698 6 144 699 45 143 700 46 147 701 1 216 702 25 216 703 52 216 704 25 217 705 24 217 706 52 217 707 24 218 708 23 218 709 52 218 710 23 58 711 22 58 712 52 58 713 52 219 714 55 219 715 1 219 716 54 220 717 53 220 718 9 220 719 53 58 720 18 58 721 19 58 722 9 221 723 53 221 724 21 221 725 19 222 726 20 222 727 53 222 728 20 58 729 21 58 730 53 58 731 54 223 732 9 223 733 10 223 734 0 58 735 1 58 736 55 58 737 2 58 738 0 58 739 55 58 740 54 224 741 10 224 742 11 224 743 54 225 744 11 225 745 12 225 746 3 58 747 2 58 748 55 58 749 4 58 750 3 58 751 55 58 752 54 226 753 12 226 754 13 226 755 54 227 756 13 227 757 14 227 758 5 228 759 4 228 760 55 228 761 6 229 762 5 229 763 55 229 764 54 230 765 14 230 766 15 230 767 54 231 768 15 231 769 16 231 770 7 232 771 6 232 772 55 232 773 8 58 774 7 58 775 55 58 776 54 233 777 16 233 778 17 233 779 17 234 780 8 234 781 55 234 782 86 149 783 106 186 784 107 150 785 79 152 786 99 162 787 98 153 788 70 155 789 90 164 790 89 156 791 68 158 792 88 188 793 103 159 794 80 161 795 100 169 796 99 162 797 71 163 798 91 170 799 90 164 800 77 165 801 97 187 802 92 166 803 81 168 804 101 174 805 100 169 806 72 167 807 92 166 808 91 170 809 78 154 810 98 153 811 93 171 812 82 173 813 102 177 814 101 174 815 73 172 816 93 171 817 94 175 818 87 151 819 107 150 820 102 177 821 83 160 822 103 159 823 104 178 824 74 176 825 94 175 826 95 180 827 84 179 828 104 178 829 105 182 830 75 181 831 95 180 832 96 184 833 85 183 834 105 182 835 106 186 836 76 185 837 96 184 838 97 187 839 69 157 840 89 156 841 88 188 842 108 58 843 64 58 844 103 58 845 57 58 846 91 58 847 92 58 848 61 235 849 58 235 850 92 235 851 110 236 852 94 236 853 93 236 854 112 58 855 59 58 856 93 58 857 60 58 858 95 58 859 94 58 860 67 237 861 63 237 862 102 237 863 60 191 864 111 191 865 96 191 866 111 58 867 61 58 868 97 58 869 62 58 870 112 58 871 98 58 872 113 58 873 62 58 874 99 58 875 113 238 876 100 238 877 101 238 878 114 58 879 101 58 880 102 58 881 65 58 882 104 58 883 103 58 884 66 58 885 105 58 886 104 58 887 109 239 888 108 239 889 88 239 890 66 240 891 115 240 892 106 240 893 56 58 894 109 58 895 89 58 896 115 241 897 67 241 898 107 241 899 56 242 900 90 242 901 91 242 902 108 58 903 109 58 904 58 58 905 109 58 906 56 58 907 57 58 908 58 58 909 109 58 910 57 58 911 58 243 912 61 243 913 63 243 914 61 244 915 111 244 916 110 244 917 111 58 918 60 58 919 110 58 920 110 58 921 59 58 922 61 58 923 59 58 924 112 58 925 61 58 926 112 58 927 62 58 928 63 58 929 62 58 930 113 58 931 114 58 932 63 245 933 62 245 934 114 245 935 63 246 936 67 246 937 58 246 938 67 58 939 115 58 940 64 58 941 58 58 942 67 58 943 108 58 944 115 247 945 66 247 946 65 247 947 65 58 948 64 58 949 115 58 950 64 248 951 108 248 952 67 248 953 116 249 954 121 249 955 127 249 956 123 250 957 119 250 958 131 250 959 120 251 960 122 251 961 124 251 962 122 145 963 123 145 964 125 145 965 126 252 966 127 252 967 121 252 968 128 253 969 129 253 970 117 253 971 130 3 972 131 3 973 119 3 974 118 254 975 117 254 976 129 254 977 132 255 978 136 255 979 143 255 980 139 256 981 135 256 982 147 256 983 142 257 984 137 257 985 138 257 986 138 258 987 139 258 988 141 258 989 142 259 990 143 259 991 136 259 992 144 260 993 145 260 994 133 260 995 134 261 996 146 261 997 147 261 998 146 262 999 134 262 1000 133 262 1001 149 263 1002 152 263 1003 155 263 1004 153 264 1005 151 264 1006 159 264 1007 156 265 1008 157 265 1009 148 265 1010 158 3 1011 159 3 1012 151 3 1013 150 214 1014 148 214 1015 157 214 1016 157 58 1017 156 58 1018 159 58 1019 156 266 1020 155 266 1021 159 266 1022 155 58 1023 154 58 1024 159 58 1025 142 267 1026 140 267 1027 141 267 1028 141 268 1029 147 268 1030 144 268 1031 147 269 1032 146 269 1033 144 269 1034 146 58 1035 145 58 1036 144 58 1037 144 270 1038 143 270 1039 141 270 1040 126 58 1041 124 58 1042 125 58 1043 125 271 1044 131 271 1045 128 271 1046 131 272 1047 130 272 1048 129 272 1049 128 273 1050 131 273 1051 129 273 1052 128 274 1053 127 274 1054 125 274 1055</p>
        </triangles>
      </mesh>
    </geometry>
  </library_geometries>
  <library_visual_scenes>
    <visual_scene id="Scene" name="Scene">
      <node id="base00" name="base00" type="NODE">
        <matrix sid="transform">1 0 0 9.54475e-5 0 1 0 2.05673e-4 0 0 1 6.57132e-5 0 0 0 1</matrix>
        <node id="start01" name="start01" type="NODE">
          <matrix sid="transform">1 0 0 0 0 1 0 0 0 0 1 0 0 0 0 1</matrix>
          <node id="Colmesh_diner_building-1" name="Colmesh_diner_building-1" type="NODE">
            <matrix sid="transform">1 -6.51683e-7 3.19744e-14 -664.3545 6.51683e-7 1 0 107.9699 -3.19744e-14 0 1 121.4038 0 0 0 1</matrix>
            <instance_geometry url="#Plane_018-mesh" name="Colmesh_diner_building-1">
              <bind_material>
                <technique_common>
                  <instance_material symbol="corrugation-material" target="#corrugation-material">
                    <bind_vertex_input semantic="Plane_823-mesh-map-0" input_semantic="TEXCOORD" input_set="0"/>
                  </instance_material>
                  <instance_material symbol="slabs_large-material" target="#slabs_large-material">
                    <bind_vertex_input semantic="Plane_823-mesh-map-0" input_semantic="TEXCOORD" input_set="0"/>
                  </instance_material>
                </technique_common>
              </bind_material>
            </instance_geometry>
          </node>
          <node id="diner_building_a600" name="diner_building_a600" type="NODE">
            <matrix sid="transform">1 -6.51683e-7 3.19744e-14 -664.3545 6.51683e-7 1 0 107.9699 -3.19744e-14 0 1 121.4038 0 0 0 1</matrix>
            <instance_geometry url="#Plane_017-mesh" name="diner_building_a600">
              <bind_material>
                <technique_common>
                  <instance_material symbol="industrial-material" target="#industrial-material">
                    <bind_vertex_input semantic="Plane_814-mesh-map-0" input_semantic="TEXCOORD" input_set="0"/>
                  </instance_material>
                  <instance_material symbol="slabs_large-material" target="#slabs_large-material">
                    <bind_vertex_input semantic="Plane_814-mesh-map-0" input_semantic="TEXCOORD" input_set="0"/>
                  </instance_material>
                  <instance_material symbol="concrete_plain-material" target="#concrete_plain-material">
                    <bind_vertex_input semantic="Plane_814-mesh-map-0" input_semantic="TEXCOORD" input_set="0"/>
                  </instance_material>
                  <instance_material symbol="street_lines1-material" target="#street_lines1-material">
                    <bind_vertex_input semantic="Plane_814-mesh-map-0" input_semantic="TEXCOORD" input_set="0"/>
                  </instance_material>
                  <instance_material symbol="clutter_commercial-material" target="#clutter_commercial-material">
                    <bind_vertex_input semantic="Plane_814-mesh-map-0" input_semantic="TEXCOORD" input_set="0"/>
                  </instance_material>
                  <instance_material symbol="brick_plain-material" target="#brick_plain-material">
                    <bind_vertex_input semantic="Plane_814-mesh-map-0" input_semantic="TEXCOORD" input_set="0"/>
                  </instance_material>
                  <instance_material symbol="curbs-material" target="#curbs-material">
                    <bind_vertex_input semantic="Plane_814-mesh-map-0" input_semantic="TEXCOORD" input_set="0"/>
                  </instance_material>
                  <instance_material symbol="groundmesh_grass2-material" target="#groundmesh_grass2-material">
                    <bind_vertex_input semantic="Plane_814-mesh-map-0" input_semantic="TEXCOORD" input_set="0"/>
                  </instance_material>
                </technique_common>
              </bind_material>
            </instance_geometry>
          </node>
          <node id="diner_building_a350" name="diner_building_a350" type="NODE">
            <matrix sid="transform">1 0 0 -690.1471 0 1 0 114.2752 0 0 1 118.6244 0 0 0 1</matrix>
            <instance_geometry url="#Cube_002-mesh" name="diner_building_a350">
              <bind_material>
                <technique_common>
                  <instance_material symbol="lod_vertcol-material" target="#lod_vertcol-material">
                    <bind_vertex_input semantic="Cube-mesh-map-0" input_semantic="TEXCOORD" input_set="0"/>
                  </instance_material>
                </technique_common>
              </bind_material>
            </instance_geometry>
          </node>
        </node>
      </node>
    </visual_scene>
  </library_visual_scenes>
  <scene>
    <instance_visual_scene url="#Scene"/>
  </scene>
</COLLADA>