<?xml version="1.0" encoding="utf-8"?>
<COLLADA xmlns="http://www.collada.org/2005/11/COLLADASchema" version="1.4.1" xmlns:xsi="http://www.w3.org/2001/XMLSchema-instance">
  <asset>
    <contributor>
      <author>Blender User</author>
      <authoring_tool>Blender 4.0.2 commit date:2023-12-05, commit time:07:41, hash:9be62e85b727</authoring_tool>
    </contributor>
    <created>2025-04-25T10:23:47</created>
    <modified>2025-04-25T10:23:47</modified>
    <unit name="meter" meter="1"/>
    <up_axis>Z_UP</up_axis>
  </asset>
  <library_effects>
    <effect id="highrise-effect">
      <profile_COMMON>
        <newparam sid="t_highrise_b_color_png-surface">
          <surface type="2D">
            <init_from>t_highrise_b_color_png</init_from>
          </surface>
        </newparam>
        <newparam sid="t_highrise_b_color_png-sampler">
          <sampler2D>
            <source>t_highrise_b_color_png-surface</source>
          </sampler2D>
        </newparam>
        <technique sid="common">
          <lambert>
            <emission>
              <color sid="emission">0 0 0 1</color>
            </emission>
            <diffuse>
              <texture texture="t_highrise_b_color_png-sampler" texcoord="Plane_688-mesh-map-0"/>
            </diffuse>
            <index_of_refraction>
              <float sid="ior">1.45</float>
            </index_of_refraction>
          </lambert>
        </technique>
      </profile_COMMON>
    </effect>
    <effect id="curbs-effect">
      <profile_COMMON>
        <newparam sid="t_curbs_b_color_png-surface">
          <surface type="2D">
            <init_from>t_curbs_b_color_png</init_from>
          </surface>
        </newparam>
        <newparam sid="t_curbs_b_color_png-sampler">
          <sampler2D>
            <source>t_curbs_b_color_png-surface</source>
          </sampler2D>
        </newparam>
        <technique sid="common">
          <lambert>
            <emission>
              <color sid="emission">0 0 0 1</color>
            </emission>
            <diffuse>
              <texture texture="t_curbs_b_color_png-sampler" texcoord="Plane_688-mesh-map-0"/>
            </diffuse>
            <index_of_refraction>
              <float sid="ior">1.45</float>
            </index_of_refraction>
          </lambert>
        </technique>
      </profile_COMMON>
    </effect>
    <effect id="slabs_large-effect">
      <profile_COMMON>
        <newparam sid="t_slabs_large_b_color_png-surface">
          <surface type="2D">
            <init_from>t_slabs_large_b_color_png</init_from>
          </surface>
        </newparam>
        <newparam sid="t_slabs_large_b_color_png-sampler">
          <sampler2D>
            <source>t_slabs_large_b_color_png-surface</source>
          </sampler2D>
        </newparam>
        <technique sid="common">
          <lambert>
            <emission>
              <color sid="emission">0 0 0 1</color>
            </emission>
            <diffuse>
              <texture texture="t_slabs_large_b_color_png-sampler" texcoord="Plane_688-mesh-map-0"/>
            </diffuse>
            <index_of_refraction>
              <float sid="ior">1.45</float>
            </index_of_refraction>
          </lambert>
        </technique>
      </profile_COMMON>
    </effect>
    <effect id="industrial-effect">
      <profile_COMMON>
        <newparam sid="t_industrial_b_color_png-surface">
          <surface type="2D">
            <init_from>t_industrial_b_color_png</init_from>
          </surface>
        </newparam>
        <newparam sid="t_industrial_b_color_png-sampler">
          <sampler2D>
            <source>t_industrial_b_color_png-surface</source>
          </sampler2D>
        </newparam>
        <technique sid="common">
          <lambert>
            <emission>
              <color sid="emission">0 0 0 1</color>
            </emission>
            <diffuse>
              <texture texture="t_industrial_b_color_png-sampler" texcoord="Plane_688-mesh-map-0"/>
            </diffuse>
            <reflectivity>
              <float sid="specular">1</float>
            </reflectivity>
            <index_of_refraction>
              <float sid="ior">1.45</float>
            </index_of_refraction>
          </lambert>
        </technique>
      </profile_COMMON>
    </effect>
    <effect id="windows_doors_reflective-effect">
      <profile_COMMON>
        <newparam sid="windows_doors_reflective_d_dds-surface">
          <surface type="2D">
            <init_from>windows_doors_reflective_d_dds</init_from>
          </surface>
        </newparam>
        <newparam sid="windows_doors_reflective_d_dds-sampler">
          <sampler2D>
            <source>windows_doors_reflective_d_dds-surface</source>
          </sampler2D>
        </newparam>
        <technique sid="common">
          <lambert>
            <emission>
              <color sid="emission">0 0 0 1</color>
            </emission>
            <diffuse>
              <texture texture="windows_doors_reflective_d_dds-sampler" texcoord="Plane_688-mesh-map-0"/>
            </diffuse>
            <index_of_refraction>
              <float sid="ior">1.45</float>
            </index_of_refraction>
          </lambert>
        </technique>
      </profile_COMMON>
    </effect>
    <effect id="corrugation-effect">
      <profile_COMMON>
        <newparam sid="t_corrugation_b_color_png-surface">
          <surface type="2D">
            <init_from>t_corrugation_b_color_png</init_from>
          </surface>
        </newparam>
        <newparam sid="t_corrugation_b_color_png-sampler">
          <sampler2D>
            <source>t_corrugation_b_color_png-surface</source>
          </sampler2D>
        </newparam>
        <technique sid="common">
          <lambert>
            <emission>
              <color sid="emission">0 0 0 1</color>
            </emission>
            <diffuse>
              <texture texture="t_corrugation_b_color_png-sampler" texcoord="Plane_688-mesh-map-0"/>
            </diffuse>
            <index_of_refraction>
              <float sid="ior">1.45</float>
            </index_of_refraction>
          </lambert>
        </technique>
      </profile_COMMON>
    </effect>
    <effect id="brick_painted-effect">
      <profile_COMMON>
        <newparam sid="t_brick_painted_b_color_png-surface">
          <surface type="2D">
            <init_from>t_brick_painted_b_color_png</init_from>
          </surface>
        </newparam>
        <newparam sid="t_brick_painted_b_color_png-sampler">
          <sampler2D>
            <source>t_brick_painted_b_color_png-surface</source>
          </sampler2D>
        </newparam>
        <technique sid="common">
          <lambert>
            <emission>
              <color sid="emission">0 0 0 1</color>
            </emission>
            <diffuse>
              <texture texture="t_brick_painted_b_color_png-sampler" texcoord="Plane_688-mesh-map-0"/>
            </diffuse>
            <index_of_refraction>
              <float sid="ior">1.45</float>
            </index_of_refraction>
          </lambert>
        </technique>
      </profile_COMMON>
    </effect>
    <effect id="lod_vertcol-effect">
      <profile_COMMON>
        <technique sid="common">
          <lambert>
            <emission>
              <color sid="emission">0 0 0 1</color>
            </emission>
            <diffuse>
              <color sid="diffuse">0 0 0 1</color>
            </diffuse>
            <index_of_refraction>
              <float sid="ior">1.45</float>
            </index_of_refraction>
          </lambert>
        </technique>
      </profile_COMMON>
    </effect>
    <effect id="clutter_commercial-effect">
      <profile_COMMON>
        <newparam sid="clutter_commercial_b_color_png-surface">
          <surface type="2D">
            <init_from>clutter_commercial_b_color_png</init_from>
          </surface>
        </newparam>
        <newparam sid="clutter_commercial_b_color_png-sampler">
          <sampler2D>
            <source>clutter_commercial_b_color_png-surface</source>
          </sampler2D>
        </newparam>
        <technique sid="common">
          <lambert>
            <emission>
              <color sid="emission">0 0 0 1</color>
            </emission>
            <diffuse>
              <texture texture="clutter_commercial_b_color_png-sampler" texcoord="Plane_698-mesh-map-0"/>
            </diffuse>
            <index_of_refraction>
              <float sid="ior">1.45</float>
            </index_of_refraction>
          </lambert>
        </technique>
      </profile_COMMON>
    </effect>
    <effect id="architraves-effect">
      <profile_COMMON>
        <newparam sid="t_architraves_b_color_png-surface">
          <surface type="2D">
            <init_from>t_architraves_b_color_png</init_from>
          </surface>
        </newparam>
        <newparam sid="t_architraves_b_color_png-sampler">
          <sampler2D>
            <source>t_architraves_b_color_png-surface</source>
          </sampler2D>
        </newparam>
        <technique sid="common">
          <lambert>
            <emission>
              <color sid="emission">0 0 0 1</color>
            </emission>
            <diffuse>
              <texture texture="t_architraves_b_color_png-sampler" texcoord="Plane_688-mesh-map-0"/>
            </diffuse>
            <index_of_refraction>
              <float sid="ior">1.45</float>
            </index_of_refraction>
          </lambert>
        </technique>
      </profile_COMMON>
    </effect>
    <effect id="concrete_precast1-effect">
      <profile_COMMON>
        <newparam sid="t_concrete_precast1_b_color_png-surface">
          <surface type="2D">
            <init_from>t_concrete_precast1_b_color_png</init_from>
          </surface>
        </newparam>
        <newparam sid="t_concrete_precast1_b_color_png-sampler">
          <sampler2D>
            <source>t_concrete_precast1_b_color_png-surface</source>
          </sampler2D>
        </newparam>
        <technique sid="common">
          <lambert>
            <emission>
              <color sid="emission">0 0 0 1</color>
            </emission>
            <diffuse>
              <texture texture="t_concrete_precast1_b_color_png-sampler" texcoord="Plane_688-mesh-map-0"/>
            </diffuse>
            <index_of_refraction>
              <float sid="ior">1.45</float>
            </index_of_refraction>
          </lambert>
        </technique>
      </profile_COMMON>
    </effect>
  </library_effects>
  <library_images>
    <image id="clutter_commercial_b_color_png" name="clutter_commercial_b_color_png">
      <init_from>clutter_commercial_b.color.png</init_from>
    </image>
    <image id="t_architraves_b_color_png" name="t_architraves_b_color_png">
      <init_from>t_architraves_b.color.png</init_from>
    </image>
    <image id="t_brick_painted_b_color_png" name="t_brick_painted_b_color_png">
      <init_from>t_brick_painted_b.color.png</init_from>
    </image>
    <image id="t_concrete_precast1_b_color_png" name="t_concrete_precast1_b_color_png">
      <init_from>t_concrete_precast1_b.color.png</init_from>
    </image>
    <image id="t_corrugation_b_color_png" name="t_corrugation_b_color_png">
      <init_from>t_corrugation_b.color.png</init_from>
    </image>
    <image id="t_curbs_b_color_png" name="t_curbs_b_color_png">
      <init_from>t_curbs_b.color.png</init_from>
    </image>
    <image id="t_highrise_b_color_png" name="t_highrise_b_color_png">
      <init_from>t_highrise_b.color.png</init_from>
    </image>
    <image id="t_industrial_b_color_png" name="t_industrial_b_color_png">
      <init_from>t_industrial_b.color.png</init_from>
    </image>
    <image id="t_slabs_large_b_color_png" name="t_slabs_large_b_color_png">
      <init_from>t_slabs_large_b.color.png</init_from>
    </image>
    <image id="windows_doors_reflective_d_dds" name="windows_doors_reflective_d_dds">
      <init_from>windows_doors_reflective_d.dds</init_from>
    </image>
  </library_images>
  <library_materials>
    <material id="highrise-material" name="highrise">
      <instance_effect url="#highrise-effect"/>
    </material>
    <material id="curbs-material" name="curbs">
      <instance_effect url="#curbs-effect"/>
    </material>
    <material id="slabs_large-material" name="slabs_large">
      <instance_effect url="#slabs_large-effect"/>
    </material>
    <material id="industrial-material" name="industrial">
      <instance_effect url="#industrial-effect"/>
    </material>
    <material id="windows_doors_reflective-material" name="windows_doors_reflective">
      <instance_effect url="#windows_doors_reflective-effect"/>
    </material>
    <material id="corrugation-material" name="corrugation">
      <instance_effect url="#corrugation-effect"/>
    </material>
    <material id="brick_painted-material" name="brick_painted">
      <instance_effect url="#brick_painted-effect"/>
    </material>
    <material id="lod_vertcol-material" name="lod_vertcol">
      <instance_effect url="#lod_vertcol-effect"/>
    </material>
    <material id="clutter_commercial-material" name="clutter_commercial">
      <instance_effect url="#clutter_commercial-effect"/>
    </material>
    <material id="architraves-material" name="architraves">
      <instance_effect url="#architraves-effect"/>
    </material>
    <material id="concrete_precast1-material" name="concrete_precast1">
      <instance_effect url="#concrete_precast1-effect"/>
    </material>
  </library_materials>
  <library_geometries>
    <geometry id="Plane_001-mesh" name="Plane.001">
      <mesh>
        <source id="Plane_001-mesh-positions">
          <float_array id="Plane_001-mesh-positions-array" count="705">995.0743 -308.3126 158.1068 995.0743 -308.3126 164.8286 996.2095 -308.317 158.1068 996.2095 -308.317 164.8286 995.0776 -307.4859 158.1068 996.2127 -307.4905 158.1068 995.0776 -307.486 165.6552 996.2127 -307.4905 165.6552 995.0776 -307.486 164.8286 996.2127 -307.4905 164.8286 995.08 -306.8679 165.6552 996.2153 -306.8723 165.6552 995.08 -306.8679 164.8286 996.2153 -306.8724 164.8286 996.2106 -308.033 165.4143 995.0754 -308.0285 165.4143 1010.816 -298.6016 162.9971 1010.816 -306.9677 162.9971 993.7836 -306.9677 162.9971 1010.816 -298.6016 165.9971 1010.816 -306.9677 165.9971 993.7836 -306.9677 165.9971 993.7836 -299.3654 162.9971 993.7836 -298.6016 162.9971 993.7836 -299.3654 165.9971 993.7836 -298.6016 165.9971 993.7838 -303.1436 162.9971 993.7838 -303.1436 165.9971 994.0833 -303.1436 162.9971 994.0833 -303.1436 165.9971 994.0833 -299.3654 162.9971 994.0833 -299.3654 165.9971 1010.816 -298.6016 162.9971 1010.816 -298.6016 165.9971 1009.42 -298.8432 165.9971 1009.42 -298.6016 162.9971 1003.328 -298.6016 162.9971 1003.328 -298.6016 165.9971 1009.42 -298.6016 165.9971 1009.42 -298.8432 162.9971 1009.415 -298.8586 165.9971 1009.415 -298.8586 162.9971 998.7474 -298.7037 162.9971 998.7474 -298.7037 165.9971 998.7474 -298.8586 162.9971 998.7474 -298.8586 165.9971 996.8562 -298.8587 165.9971 996.8562 -298.8587 162.9971 996.8562 -298.7037 165.9971 996.8562 -298.7037 162.9971 993.7836 -306.9677 162.9971 993.7836 -306.9677 165.9971 993.7838 -303.1436 162.9971 993.7838 -303.1436 165.9971 993.7838 -304.5557 165.9971 993.7836 -305.5557 165.9971 993.7836 -305.5557 165.9971 993.7838 -304.5557 165.9971 993.7838 -304.5557 162.9971 993.7836 -305.5557 162.9971 993.7838 -304.5557 162.9971 993.7836 -305.5557 162.9971 993.7838 -304.5557 164.9971 993.7836 -305.5557 164.9971 994.4779 -305.5557 164.9971 994.4779 -305.5557 162.9971 994.4779 -304.5557 162.9971 994.4779 -304.5557 164.9971 1003.326 -298.8585 165.9971 1003.326 -298.8585 162.9971 1009.415 -298.6017 165.9971 1009.415 -298.6017 162.9971 1003.326 -298.6016 162.9971 996.7806 -298.8585 165.9971 998.8693 -298.8586 165.9971 998.8693 -298.8586 165.2663 996.7806 -298.8585 165.2663 996.7806 -298.8585 162.9971 998.8693 -298.8586 162.9971 998.8693 -298.8586 165.2663 996.7806 -298.8585 165.2663 1006.901 -308.3125 158.1068 1006.901 -308.3125 164.8286 1008.037 -308.317 158.1068 1008.037 -308.317 164.8286 1006.905 -307.4859 158.1068 1008.04 -307.4904 158.1068 1006.905 -307.4859 165.6552 1008.04 -307.4904 165.6552 1006.905 -307.4859 164.8286 1008.04 -307.4904 164.8286 1006.907 -306.8678 165.6552 1008.042 -306.8723 165.6552 1006.907 -306.8678 164.8286 1008.042 -306.8723 164.8286 1008.038 -308.0329 165.4143 1006.902 -308.0284 165.4143 1009.572 -298.731 166.026 1003.159 -298.731 166.026 1009.572 -298.731 163.9505 1003.159 -298.731 163.9505 1009.572 -299.017 163.9505 1003.159 -299.017 163.9505 1009.572 -298.7751 163.9505 1003.159 -298.7751 163.9505 1009.572 -298.7751 162.5105 1003.159 -298.7751 162.5105 1008.911 -275.0164 161.4829 1009.703 -274.2259 161.478 1009.018 -274.6208 161.4815 1009.308 -274.3317 161.4806 1010.121 -274.2264 161.4785 1010.912 -275.018 161.4922 1010.517 -274.3326 161.4836 1010.806 -274.6223 161.4879 1010.121 -274.2264 162.3512 1010.517 -274.3326 162.3563 1010.806 -274.6224 162.3606 1010.912 -275.018 162.3649 1010.523 -288.0954 162.6537 1010.127 -288.2011 162.6528 1010.812 -287.8061 162.6353 1010.919 -287.4107 162.6026 1009.709 -288.2008 162.6419 1009.314 -288.0945 162.622 1009.024 -287.8047 162.5884 1008.919 -287.409 162.5501 1009.308 -274.3317 162.3533 1009.704 -274.226 162.3507 1009.018 -274.6209 162.3542 1008.912 -275.0165 162.3556 1008.918 -280.1968 161.4974 1010.919 -280.1985 161.5285 1010.917 -282.2007 161.5368 1008.919 -280.1968 162.3701 1008.917 -282.199 162.3708 1010.917 -282.2008 162.4095 1010.919 -280.1985 162.4012 1008.917 -282.1989 161.4982 1010.522 -288.0954 161.781 1010.812 -287.806 161.7626 1010.127 -288.201 161.7801 1010.918 -287.4107 161.7299 1009.024 -287.8046 161.7157 1009.314 -288.0944 161.7493 1008.919 -287.409 161.6774 1009.709 -288.2007 161.7691 1000.912 -275.0184 161.4746 1001.703 -274.228 161.4597 1001.018 -274.6229 161.4724 1001.308 -274.3338 161.4673 1002.121 -274.2283 161.4639 1002.912 -275.02 161.4774 1002.517 -274.3347 161.4727 1002.806 -274.6245 161.4749 1002.121 -274.2284 162.3366 1002.517 -274.3348 162.3454 1002.806 -274.6245 162.3475 1002.912 -275.0201 162.3501 1002.523 -288.0975 162.5664 1002.127 -288.2031 162.5731 1002.812 -287.8082 162.5426 1002.919 -287.4128 162.5081 1001.709 -288.2028 162.5702 1001.314 -288.0964 162.5581 1001.024 -287.8069 162.5303 1000.919 -287.4111 162.4982 1001.308 -274.3338 162.34 1001.703 -274.2282 162.3324 1001.018 -274.623 162.3451 1000.912 -275.0184 162.3473 1000.919 -280.1989 161.4965 1002.919 -280.2006 161.4966 1002.917 -282.2029 161.4966 1000.919 -280.199 162.3692 1000.917 -282.2011 162.3692 1002.917 -282.2029 162.3693 1002.919 -280.2006 162.3693 1000.917 -282.201 161.4965 1002.523 -288.0975 161.6937 1002.812 -287.8081 161.6699 1002.127 -288.2032 161.7004 1002.919 -287.4127 161.6354 1001.024 -287.8068 161.6576 1001.313 -288.0965 161.6854 1000.919 -287.4111 161.6255 1001.709 -288.2027 161.6975 992.9118 -275.0205 161.4406 993.7036 -274.2301 161.3616 993.0181 -274.625 161.3961 993.3078 -274.3359 161.3672 994.1215 -274.2304 161.3687 994.9119 -275.0221 161.4616 994.5168 -274.3368 161.3876 994.806 -274.6266 161.4262 994.1216 -274.2305 162.2414 994.517 -274.3369 162.2603 994.8065 -274.6266 162.2989 994.9121 -275.0222 162.3343 994.5229 -288.0996 162.5225 994.1273 -288.2052 162.5288 994.8126 -287.8103 162.5035 994.9189 -287.4149 162.4756 993.7094 -288.205 162.5278 993.3139 -288.0986 162.5195 993.0246 -287.8088 162.4987 992.9191 -287.4132 162.471 993.3081 -274.3359 162.2399 993.7039 -274.2301 162.2343 993.0185 -274.6251 162.2688 992.9121 -275.0206 162.3133 992.9188 -280.201 161.4946 994.9188 -280.2027 161.4957 994.9171 -282.2048 161.496 992.9191 -280.2011 162.3673 992.9174 -282.2032 162.3677 994.9174 -282.2049 162.3687 994.9191 -280.2027 162.3684 992.9171 -282.2031 161.495 994.5226 -288.0996 161.6498 994.8123 -287.8103 161.6308 994.1271 -288.2052 161.6561 994.9186 -287.4149 161.6029 993.0244 -287.8088 161.626 993.3136 -288.0986 161.6468 992.9187 -287.4131 161.5983 993.7091 -288.2048 161.6551 1011.428 -297.8928 167.4971 1011.428 -307.6765 167.4971 993.1713 -307.6765 167.4971 993.1713 -297.8929 167.4971 1011.428 -297.8928 165.9969 1011.428 -307.6765 165.9969 993.1713 -297.8929 165.9969 993.1713 -307.6765 165.9969</float_array>
          <technique_common>
            <accessor source="#Plane_001-mesh-positions-array" count="235" stride="3">
              <param name="X" type="float"/>
              <param name="Y" type="float"/>
              <param name="Z" type="float"/>
            </accessor>
          </technique_common>
        </source>
        <source id="Plane_001-mesh-normals">
          <float_array id="Plane_001-mesh-normals-array" count="609">4.38318e-5 1 0 4.38331e-5 1 0 4.38336e-5 1 0 4.38313e-5 1 0 0.3731409 0.6575644 0.6545037 0.8654759 0.5009506 2.88543e-5 0.4989752 0.8666163 0 0.1306204 0.9914325 4.43458e-5 -0.08701527 0.7304764 0.6773718 0.09298998 0.7325189 0.6743656 0.6510438 0.384485 0.6544565 0.9912627 0.1319027 1.17079e-5 0.7245285 0.1010652 0.681795 -0.7278001 0.1023495 0.6781089 0.1286953 -0.9916842 -1.09881e-4 -0.1218131 -0.6776012 0.7252711 -0.1345539 -0.9909064 -1.27955e-4 0.8707052 -0.4918043 9.93852e-4 0.7221181 -0.02513921 0.6913129 0.6595163 -0.3085646 0.6854387 -0.7087076 -0.705501 -0.00141412 -0.5823739 -0.575401 0.5742425 -0.6546052 0.3772791 0.6550974 -0.991388 0.1309562 7.26797e-4 -0.9924632 -0.1225384 0.001170754 -0.5794118 0.5743562 0.5782707 -0.7080843 0.7061265 0.001471996 0.7053399 -0.7088681 -0.00133115 0.5743013 -0.5729039 0.5847727 0.09838825 -0.6847484 0.7221077 0.5024207 -0.8646234 -2.56305e-4 0.3798344 -0.6057024 0.6991783 -0.4099848 -0.5978198 0.688857 -0.5097128 -0.8603447 -1.09582e-4 -0.6829912 -0.3030122 0.6646103 -0.8738474 -0.4862003 -4.65007e-5 -0.4985795 0.8668441 1.43959e-4 -0.3810014 0.6574625 0.6500624 -0.7669451 -0.05213034 0.6395918 -0.8648418 0.5020446 1.7201e-5 0.3615261 0.6492945 0.6691155 0.8657878 0.5004103 -0.001122415 0.4987081 0.86677 -4.18753e-4 0.1298395 0.9915351 1.52276e-4 -0.1022294 0.7604191 0.6413361 0.09053081 0.7496075 0.6556621 0.6504254 0.3804436 0.6574264 0.991296 0.1316524 -3.49287e-4 0.1298366 -0.9915355 -1.52313e-5 -0.1102647 -0.6774184 0.7272868 -0.1328422 -0.9911372 8.07576e-5 0.8715513 -0.4903043 -2.84796e-5 0.728671 -0.0277366 0.6843021 0.6676757 -0.3025 0.6802227 -0.3672109 0.6665564 0.6487363 -0.7276479 0.1004681 0.6785535 -0.6465122 0.3814913 0.6606712 -0.9914282 0.1306491 0.0010311 0.7057162 -0.7084937 -0.001158773 0.7260452 0.1010013 0.680189 0.5762981 -0.5761404 0.5796057 -0.5773264 -0.5767347 0.577989 0.3909143 -0.5988758 0.698952 0.09476965 -0.6779378 0.728985 -0.4027895 -0.5982586 0.6927102 -0.5075991 -0.8615934 3.30576e-4 -0.6793349 -0.3077407 0.6661831 -0.8730781 -0.4875805 -2.74516e-5 -0.4969616 0.8677725 6.45534e-5 0.5052663 -0.8629636 -1.64101e-5 -0.7325074 -0.03220063 0.6799972 -0.9923212 -0.1236786 0.001511216 -0.8648307 0.5020632 8.26261e-4 0.3133287 0.7108325 0.6297161 0.8586664 0.512535 -3.20153e-4 0.490333 0.8715353 -1.76843e-5 0.1287694 0.9916747 3.64443e-5 -0.1034836 0.7955216 0.597023 0.07369178 0.7943795 0.6029351 0.586066 0.4471817 0.6756888 0.9909069 0.1345496 -3.06554e-4 -0.7427074 -0.04234772 0.6682757 0.09008586 -0.6896427 0.7185245 0.7134791 -0.08148115 0.6959227 0.1302418 -0.9914823 -1.1562e-4 -0.07909047 -0.7043472 0.7054359 -0.1322869 -0.9912115 -9.46613e-5 0.8704806 -0.4922027 -3.00697e-4 0.6796891 -0.3465224 0.6464866 -0.5787639 0.5749371 0.5783423 -0.9921435 -0.1251044 4.8947e-4 -0.6093636 0.4660029 0.6414963 -0.9908247 0.1351535 3.71129e-4 -0.7211252 0.1591843 0.6742691 0.7075688 0.7066445 -1.66712e-4 -0.7065523 0.7076609 1.49651e-4 0.3701753 -0.6465994 0.6669929 -0.3656136 -0.630671 0.6845297 -0.5058632 -0.8626137 1.65603e-4 -0.6421049 -0.348859 0.682641 -0.871443 -0.4904968 2.98077e-4 -0.4930592 0.8699959 1.51372e-4 -0.3671066 0.7295355 0.5770709 0.5038645 -0.8637827 -1.7223e-4 -0.8577746 0.5140259 3.92587e-4 0.7049397 0.142342 0.6948372 -0.7082787 -0.7059329 -9.31317e-5 0.9922188 -0.1245068 -3.80505e-6 0.5806736 0.5729246 0.5784251 0.9923436 -0.1234794 -0.002668261 0.5737007 0.5723823 0.585872 -0.1297809 0.9915427 2.55599e-4 0.7015578 0.7126082 0.002481281 -0.1297506 0.9915467 1.91794e-4 -0.7077841 -0.7064288 -1.37764e-4 -0.5725401 0.5779541 0.5815213 0.7075999 0.7066133 1.14593e-4 -0.7063266 0.707885 0.001257956 -0.1300359 0.9915093 4.74e-5 0.9921073 -0.1253921 -3.81581e-4 0.5857757 0.5827253 0.5632923 0.70657 -0.7076431 4.34098e-4 -0.5766511 -0.5820556 0.5733104 0.5834203 -0.5699641 0.5785861 0.7044187 -0.7097848 0 -0.6629179 -0.7295565 0.1681886 -0.7099086 -0.7042939 0 0.7098373 0.7043658 0 0.6571632 -0.7347451 0.1681852 -0.704246 0.7099561 1.26547e-6 0.905721 0.2978643 -0.3015732 -0.9033231 0.3051092 -0.3015223 -0.6395127 -0.5330525 0.5539663 0.6625918 -0.1578931 0.7321489 0.635225 -0.5381313 0.5539891 0.7071943 -0.002972126 -0.7070131 -0.7071291 0.00287193 -0.7070787 -0.7071047 0.002672135 0.7071039 -0.6638384 -0.152746 0.7321116 -0.707107 -0.7071066 0 -0.7071068 -0.7071068 0 -0.7071069 0.7071067 0 0 1 0 0.999974 -0.007189095 -6.34926e-4 1 -4.13457e-4 -3.65156e-5 0.9999709 -0.007602512 -6.7144e-4 -9.29572e-5 1 1.06022e-6 -0.7048552 0.7093513 0 -9.32515e-5 1 -1.06524e-6 -0.7180207 0.6959792 0.007693648 -1 0 0 0.7235593 0.6901553 -0.01214677 1 0 0 0.7032865 0.7109066 0 0.7045527 -0.7096518 -1.1729e-4 -0.6632056 -0.7293381 0.1680009 -0.7099219 -0.7042804 -3.11546e-4 0.7098913 0.7043112 3.67425e-4 0.6572759 -0.734635 0.1682258 -0.7041974 0.7100042 0 0.905588 0.2983293 -0.3015131 -0.9032151 0.305228 -0.301726 -0.6403263 -0.5323628 0.5536896 0.6353131 -0.5379569 0.5540574 -0.6636387 -0.1526729 0.7323079 0.6627458 -0.1579867 0.7319892 0.7069706 -0.002825498 -0.7072373 0.7067857 -0.002532899 0.7074232 -0.7073877 0.002332389 0.706822 0 0.7071068 -0.7071068 0 0.7071067 -0.7071069 0 0 -1 0.7071565 -0.002871811 0.7070512 -0.7071068 -0.7071068 0 -0.7071068 0.7071068 0 -0.7048842 0.7093055 -0.004906296 -0.687105 0.7263031 0.01925301 -0.7071511 0.002641975 -0.7070576 -0.5773503 0.5773503 0.5773503 -0.5773503 -0.5773503 -0.5773503 -0.5773503 -0.5773503 0.5773503 -0.5773503 0.5773503 -0.5773503 4.3834e-5 1 0 4.38338e-5 1 0 4.3836e-5 1 0 0.7071067 -0.7071069 0 0 -1 0 -0.7071068 0.7071068 0 -0.7071068 0.7071067 0 -0.5773375 0.5774432 -0.5772702 -1 1.83105e-4 0 -0.5773513 -0.5772809 -0.5774186 0 -0.7070656 0.707148 0 0.707148 0.7070656 -1 2.44141e-4 0 0.5773501 -0.5773504 0.5773503 -0.5773516 0.5773487 0.5773506 -0.5773504 -0.5773502 0.5773502 0.5773505 -0.5773503 -0.5773502 -0.5773516 0.5773487 -0.5773506 0.5773492 0.5773518 -0.5773499 0.5773488 0.5773519 0.5773501 4.38319e-5 1 0</float_array>
          <technique_common>
            <accessor source="#Plane_001-mesh-normals-array" count="203" stride="3">
              <param name="X" type="float"/>
              <param name="Y" type="float"/>
              <param name="Z" type="float"/>
            </accessor>
          </technique_common>
        </source>
        <source id="Plane_001-mesh-map-0">
          <float_array id="Plane_001-mesh-map-0-array" count="1692">0.8127307 0.7196259 0.6841993 0.7470698 0.6841993 0.7196259 0.8127307 0.7196259 0.8127307 0.7470698 0.6841993 0.7470698 0.2159906 0.560534 0.1356882 0.5073913 0.2159906 0.5073913 0.2991853 0.5073913 0.3848327 0.560534 0.2991853 0.560534 0.1356882 0.560534 0.05875355 0.5073913 0.1356882 0.5073913 0.05875355 0.560534 0.2991853 0.560534 0.5923731 0.560534 0.3848327 0.5073913 0.2991853 0.560534 0.2991853 0.5073913 0.5330292 0.5073913 0.5923731 0.560534 0.5330292 0.560534 -1.210175 0.560534 0.02434271 0.5073913 0.02434271 0.560534 0.5330292 0.560534 0.5923731 0.5073913 0.5923731 0.560534 1.067924 0.5073913 0.05763977 0.560534 0.05763977 0.5073913 0.05765163 0.5085031 0.8789787 0.5616093 0.05763977 0.5616092 0.3359116 0.4317783 0.7054207 0.3763522 0.7054204 0.4317783 0.3848327 0.560534 0.4645554 0.5073913 0.4645554 0.560534 0.2991853 0.5073913 0.2159906 0.560534 0.2159906 0.5073913 0.2159906 0.5073913 0.1356882 0.560534 0.1356882 0.5073913 0.3848327 0.560534 0.4645554 0.5073913 0.4645554 0.560534 0.4645554 0.5073913 0.5330292 0.560534 0.4645554 0.560534 0.1356882 0.5073913 0.05875355 0.560534 0.05875355 0.5073913 0.2991853 0.560534 0.2159906 0.5073913 0.2991853 0.5073913 0.4645554 0.560534 0.5330292 0.5073913 0.5330292 0.560534 0.2159906 0.560534 0.1356882 0.5073913 0.2159906 0.5073913 0.2991853 0.5073913 0.3848327 0.560534 0.2991853 0.560534 0.1356882 0.560534 0.05875355 0.5073913 0.1356882 0.5073913 0.3848327 0.5073913 0.2991853 0.560534 0.2991853 0.5073913 0.5330292 0.5073913 0.5923731 0.560534 0.5330292 0.560534 0.3848327 0.560534 0.4645554 0.560534 -1.210175 0.560534 0.5330292 0.560534 0.5923731 0.5073913 0.5923731 0.560534 0.05765163 0.5085031 0.8789787 0.5616093 0.05763977 0.5616092 0.3359116 0.4317783 0.7054207 0.3763522 0.7054204 0.4317783 0.3848327 0.5073913 0.4645554 0.560534 0.3848327 0.560534 0.2991853 0.5073913 0.2159906 0.560534 0.2159906 0.5073913 0.2159906 0.5073913 0.1356882 0.560534 0.1356882 0.5073913 0.3848327 0.560534 0.4645554 0.5073913 0.4645554 0.560534 0.4645554 0.5073913 0.5330292 0.560534 0.4645554 0.560534 0.1356882 0.5073913 0.05875355 0.560534 0.05875355 0.5073913 0.2991853 0.560534 0.2159906 0.5073913 0.2991853 0.5073913 0.4645554 0.560534 0.5330292 0.5073913 0.5330292 0.560534 0.2159906 0.560534 0.1356882 0.5073913 0.2159906 0.5073913 0.2991853 0.5073913 0.3848327 0.560534 0.2991853 0.560534 0.1356882 0.560534 0.05875355 0.5073913 0.1356882 0.5073913 0.05875355 0.560534 0.3848327 0.560534 -1.808448 0.561609 0.3848327 0.5073913 0.2991853 0.560534 0.2991853 0.5073913 0.5330292 0.5073913 0.5923731 0.560534 0.5330292 0.560534 0.05763977 0.560534 1.067924 0.5073913 1.067924 0.560534 0.5330292 0.560534 0.5923731 0.5073913 0.5923731 0.560534 0.3369618 0.4298256 0.6647745 0.3790047 0.3369618 0.3790043 0.3848327 0.5073913 0.4645554 0.560534 0.3848327 0.560534 0.2991853 0.5073913 0.2159906 0.560534 0.2159906 0.5073913 0.2159906 0.5073913 0.1356882 0.560534 0.1356882 0.5073913 0.3848327 0.560534 0.4645554 0.5073913 0.4645554 0.560534 0.4645554 0.5073913 0.5330292 0.560534 0.4645554 0.560534 0.1356882 0.5073913 0.05875355 0.560534 0.05875355 0.5073913 0.2991853 0.560534 0.2159906 0.5073913 0.2991853 0.5073913 0.4645554 0.560534 0.5330292 0.5073913 0.5330292 0.560534 0.05875355 0.560534 0.2991853 0.560534 -1.210175 0.560534 0.02434271 0.5073913 -1.210175 0.560534 -1.210175 0.5073913 -1.808422 0.508503 0.02434283 0.5616092 -1.808448 0.561609 -1.808422 0.508503 0.02434283 0.5616092 -1.808448 0.561609 0.2159906 0.560534 0.1356882 0.560534 0.1356882 0.5073913 0.2991853 0.5073913 0.3848327 0.5073913 0.3848327 0.560534 0.1356882 0.560534 0.05875355 0.560534 0.05875355 0.5073913 0.3848327 0.5073913 0.3848327 0.560534 0.2991853 0.560534 0.5330292 0.5073913 0.5923731 0.5073913 0.5923731 0.560534 -1.808448 0.561609 0.3848327 0.560534 0.5330292 0.560534 0.5330292 0.560534 0.5330292 0.5073913 0.5923731 0.5073913 0.6647745 0.3790047 0.3369618 0.4298256 0.6647745 0.4298256 0.3848327 0.560534 0.3848327 0.5073913 0.4645554 0.5073913 0.2991853 0.5073913 0.2991853 0.560534 0.2159906 0.560534 0.2159906 0.5073913 0.2159906 0.560534 0.1356882 0.560534 0.3848327 0.560534 0.3848327 0.5073913 0.4645554 0.5073913 0.4645554 0.5073913 0.5330292 0.5073913 0.5330292 0.560534 0.1356882 0.5073913 0.1356882 0.560534 0.05875355 0.560534 0.2991853 0.560534 0.2159906 0.560534 0.2159906 0.5073913 0.4645554 0.560534 0.4645554 0.5073913 0.5330292 0.5073913 0.2159906 0.560534 0.1356882 0.560534 0.1356882 0.5073913 0.2991853 0.5073913 0.3848327 0.5073913 0.3848327 0.560534 0.1356882 0.560534 0.05875355 0.560534 0.05875355 0.5073913 0.3848327 0.5073913 0.3848327 0.560534 0.2991853 0.560534 0.5330292 0.5073913 0.5923731 0.5073913 0.5923731 0.560534 0.02434271 0.5073913 -1.210175 0.560534 -1.210175 0.5073913 0.3369618 0.4298256 0.6647745 0.3790047 0.3369618 0.3790043 0.05763977 0.560534 1.067924 0.5073913 1.067924 0.560534 0.5330292 0.560534 0.5330292 0.5073913 0.5923731 0.5073913 0.3848327 0.5073913 0.4645554 0.5073913 0.4645554 0.560534 0.2991853 0.5073913 0.2991853 0.560534 0.2159906 0.560534 0.2159906 0.5073913 0.2159906 0.560534 0.1356882 0.560534 0.3848327 0.560534 0.3848327 0.5073913 0.4645554 0.5073913 0.4645554 0.5073913 0.5330292 0.5073913 0.5330292 0.560534 0.1356882 0.5073913 0.1356882 0.560534 0.05875355 0.560534 0.2991853 0.560534 0.2159906 0.560534 0.2159906 0.5073913 0.4645554 0.560534 0.4645554 0.5073913 0.5330292 0.5073913 0.2159906 0.560534 0.1356882 0.560534 0.1356882 0.5073913 0.2991853 0.5073913 0.3848327 0.5073913 0.3848327 0.560534 0.1356882 0.560534 0.05875355 0.560534 0.05875355 0.5073913 0.3848327 0.5073913 0.3848327 0.560534 0.2991853 0.560534 0.5330292 0.5073913 0.5923731 0.5073913 0.5923731 0.560534 -1.808422 0.508503 0.02434283 0.5616092 -1.808448 0.561609 0.5330292 0.560534 0.5330292 0.5073913 0.5923731 0.5073913 0.8789787 0.5616093 0.05765163 0.5085031 0.8789981 0.5085032 0.3359116 0.4317783 0.7054207 0.3763522 0.7054204 0.4317783 0.3848327 0.5073913 0.4645554 0.5073913 0.4645554 0.560534 0.2991853 0.5073913 0.2991853 0.560534 0.2159906 0.560534 0.2159906 0.5073913 0.2159906 0.560534 0.1356882 0.560534 0.3848327 0.560534 0.3848327 0.5073913 0.4645554 0.5073913 0.4645554 0.5073913 0.5330292 0.5073913 0.5330292 0.560534 0.1356882 0.5073913 0.1356882 0.560534 0.05875355 0.560534 0.2991853 0.560534 0.2159906 0.560534 0.2159906 0.5073913 0.4645554 0.560534 0.4645554 0.5073913 0.5330292 0.5073913 0.05875355 0.560534 0.3848327 0.560534 -1.808448 0.561609 -0.001298487 0.2150577 0.5710842 0.1420102 -0.001268327 0.1420102 -0.001320362 0.2150577 0.5710539 0.1420102 -0.001298487 0.1420102 -0.001246333 0.2150577 0.5711363 0.1420102 -0.001216173 0.1420102 -0.001268327 0.2150577 0.5711061 0.1420102 -0.001246333 0.1420102 0.5331227 0.5274274 0.549485 0.5611623 0.5807332 0.5274264 0.5249616 0.2138006 0.4788825 0.1420374 0.4788826 0.2138 0.4887572 0.5751759 0.4571165 0.5611261 0.4887571 0.5269664 0.5248076 0.5269664 0.4887572 0.5751759 0.4887571 0.5269664 0.283913 0.4393018 0.3185068 0.5028339 0.3185067 0.4393006 0.5249616 0.2138006 0.5729448 0.1420392 0.5249616 0.1420379 0.6163366 0.5750378 0.5807332 0.5274264 0.5807332 0.5750378 0.5602142 0.5286139 0.5602142 0.5751758 0.5248469 0.5613753 0.4788826 0.2138 0.4283519 0.1420378 0.4283518 0.2138004 0.549485 0.5611623 0.5807332 0.5750378 0.5807332 0.5274264 0.6128017 0.337416 0.810054 0.3177137 0.6128017 0.3177137 0.547051 0.337416 0.3497987 0.3177157 0.547051 0.3177157 0.5090336 0.3397219 0.2718035 0.3194091 0.5090336 0.3194091 0.5846329 0.9663134 0.719502 0.8511099 0.5846329 1.716313 0.2102493 0.8511099 0.719502 0.8774129 0.719502 0.8511099 0.719502 0.8513758 0.2102491 0.8776789 0.2102493 0.8513753 0.5881104 0.3397273 0.8253406 0.3194145 0.5881104 0.3194146 -0.001298487 0.2150577 0.5710842 0.1420102 -0.001268327 0.1420102 -0.001320362 0.2150577 0.5710539 0.1420102 -0.001298487 0.1420102 -0.001246333 0.2150577 0.5711363 0.1420102 -0.001216173 0.1420102 -0.001268327 0.2150577 0.5711061 0.1420102 -0.001246333 0.1420102 0.5331227 0.5274274 0.549485 0.5611623 0.5807331 0.5274264 0.4788826 0.2138 0.5249616 0.1420379 0.4788825 0.1420374 0.4887572 0.5751758 0.4571165 0.5611261 0.4887571 0.5269665 0.5248076 0.5269664 0.4887572 0.5751758 0.4887571 0.5269665 0.3185067 0.4393006 0.283913 0.502835 0.3185068 0.5028339 0.5729447 0.213802 0.5249616 0.1420379 0.5249616 0.2138006 0.6163366 0.5750378 0.5807331 0.5274264 0.5807333 0.5750378 0.5602143 0.528614 0.5602142 0.5751758 0.5248469 0.5613753 0.4788826 0.2138 0.4283518 0.1420378 0.4283518 0.2138004 0.549485 0.5611623 0.5807333 0.5750378 0.5807331 0.5274264 0.2102493 0.8308364 0.719502 0.85111 0.719502 0.8308358 0.2102493 0.8511099 0.719502 0.8774129 0.719502 0.85111 0.6891735 0.4351675 0.2559044 0.5196613 0.2559044 0.4351675 -0.001298487 0.2150577 0.5710539 0.2150577 0.5710842 0.1420102 -0.001320362 0.2150577 0.5710321 0.2150577 0.5710539 0.1420102 -0.001246333 0.2150577 0.571106 0.2150577 0.5711363 0.1420102 -0.001268327 0.2150577 0.5710842 0.2150577 0.5711061 0.1420102 0.5249616 0.2138006 0.5249616 0.1420379 0.4788825 0.1420374 0.5248076 0.5269664 0.5248078 0.5751758 0.4887572 0.5751759 0.283913 0.4393018 0.283913 0.502835 0.3185068 0.5028339 0.5249616 0.2138006 0.5729447 0.213802 0.5729448 0.1420392 0.6163366 0.5750378 0.6163365 0.5274264 0.5807332 0.5274264 0.4788826 0.2138 0.4788825 0.1420374 0.4283519 0.1420378 0.6128017 0.337416 0.810054 0.337416 0.810054 0.3177137 0.547051 0.337416 0.3497987 0.337416 0.3497987 0.3177157 0.5090336 0.3397219 0.2718035 0.3397219 0.2718035 0.3194091 0.2102493 0.8511099 0.2102493 0.8774129 0.719502 0.8774129 0.719502 0.8308358 0.9706116 0.9663134 0.9706116 1.716313 0.719502 0.8513758 0.719502 0.8776789 0.2102491 0.8776789 0.5881104 0.3397273 0.8253406 0.3397273 0.8253406 0.3194145 -0.001298487 0.2150577 0.5710539 0.2150577 0.5710842 0.1420102 -0.001320362 0.2150577 0.5710321 0.2150577 0.5710539 0.1420102 -0.001246333 0.2150577 0.5711061 0.2150577 0.5711363 0.1420102 -0.001268327 0.2150577 0.5710842 0.2150577 0.5711061 0.1420102 0.4788826 0.2138 0.5249616 0.2138006 0.5249616 0.1420379 0.5248076 0.5269664 0.5248078 0.5751758 0.4887572 0.5751758 0.3185067 0.4393006 0.283913 0.4393018 0.283913 0.502835 0.5729447 0.213802 0.5729448 0.1420392 0.5249616 0.1420379 0.6163366 0.5750378 0.6163365 0.5274264 0.5807331 0.5274264 0.4788826 0.2138 0.4788825 0.1420374 0.4283518 0.1420378 0.2102493 0.8308364 0.2102493 0.8511099 0.719502 0.85111 0.2102493 0.8511099 0.2102493 0.8774129 0.719502 0.8774129 0.6891735 0.4351675 0.6891735 0.5196613 0.2559044 0.5196613 0.1782827 0.5692746 0.00100553 0.4243043 0.00100553 0.5692746 0.7653626 0.3810798 0.8401806 0.5301335 0.8401806 0.3810798 0.1782827 0.5692746 0.1782827 0.4243043 0.00100553 0.4243043 0.7653626 0.3810798 0.7653626 0.5301335 0.8401806 0.5301335 0.7569379 0.1843872 0.7569379 0.3778442 0.7569379 0.1843872 0.7125549 1.716313 4.970612 0.9663134 0.7125549 0.9663134 0.6534081 0.7163134 0.300396 -0.03368651 0.300396 0.7163134 0.7889137 1.716313 -1.302614 0.9663134 0.7889137 0.9663134 0.5979843 1.716313 0.7889137 0.9663134 0.5979843 0.9663134 1.061478 0.9663134 0.7125549 1.716313 0.7125549 0.9663134 0.7285156 0.9663134 0.7889118 1.716313 0.7889118 0.9663134 0.0503959 0.4663134 0.300396 0.7163134 0.300396 0.4663134 1.050396 0.7163134 0.6973858 -0.03368651 0.6973858 0.7163134 0.7970505 0.05039787 0.970604 0.300396 0.9706116 0.0503959 0.7970505 0.4663134 0.9706116 -0.03368651 0.9706116 0.4663134 0.970604 0.300396 0.7970505 0.05039787 0.9706116 0.0503959 0.7970505 0.9663134 0.970604 1.466313 0.970604 0.9663134 0.7125549 1.716313 4.970612 1.716313 4.970612 0.9663134 0.6534081 0.7163134 0.6534081 -0.03368651 0.300396 -0.03368651 0.7889137 1.716313 -1.302614 1.716313 -1.302614 0.9663134 0.5979843 1.716313 0.7889137 1.716313 0.7889137 0.9663134 1.061478 0.9663134 1.061478 1.716313 0.7125549 1.716313 0.7285156 0.9663134 0.7285156 1.716313 0.7889118 1.716313 0.0503959 0.4663134 0.0503959 0.7163134 0.300396 0.7163134 1.050396 0.7163134 1.050396 -0.03368651 0.6973858 -0.03368651 0.7970505 0.05039787 0.7970505 0.3003979 0.970604 0.300396 0.7970505 0.4663134 0.7970505 -0.03368651 0.9706116 -0.03368651 0.970604 0.300396 0.7970505 0.3003979 0.7970505 0.05039787 0.7970505 0.9663134 0.7970505 1.466313 0.970604 1.466313 0.5356674 0.3121147 3.274231 1.779665 3.274231 0.3121147 0.5356674 0.3121147 3.274231 1.779665 0.5356674 1.779665 3.274231 1.779665 3.274231 0.3121147 3.274231 1.779665 0.5356674 1.779665 3.274231 1.779665 0.5356674 1.779665 3.274231 0.3121147 0.5356674 0.3121147 3.274231 0.3121147 0.5356674 0.3121147 0.5356674 1.779665 0.5356674 0.3121147 0.3848327 0.560534 0.4645554 0.560534 0.5923731 0.560534 0.4645554 0.560534 0.5330292 0.560534 0.5923731 0.560534 0.5923731 0.560534 0.3359116 0.4317783 0.05875355 0.560534 0.3359116 0.4317783 0.7054204 0.4317783 0.05875355 0.560534 0.05875355 0.560534 0.1356882 0.560534 0.2991853 0.560534 0.1356882 0.560534 0.2159906 0.560534 0.2991853 0.560534 0.2991853 0.560534 0.3848327 0.560534 0.5923731 0.560534 -1.210175 0.560534 -1.210175 0.5073913 0.02434271 0.5073913 1.067924 0.5073913 1.067924 0.560534 0.05763977 0.560534 0.05765163 0.5085031 0.8789981 0.5085032 0.8789787 0.5616093 0.3359116 0.4317783 0.3359116 0.3763522 0.7054207 0.3763522 0.5330292 0.560534 -1.210175 0.560534 0.4645554 0.560534 -1.210175 0.560534 0.3359116 0.4317783 0.05875355 0.560534 0.3359116 0.4317783 0.7054204 0.4317783 0.05875355 0.560534 0.05875355 0.560534 0.1356882 0.560534 0.2991853 0.560534 0.1356882 0.560534 0.2159906 0.560534 0.2991853 0.560534 0.2991853 0.560534 0.3848327 0.560534 -1.210175 0.560534 0.05875355 0.560534 0.2991853 0.560534 -1.210175 0.560534 0.05765163 0.5085031 0.8789981 0.5085032 0.8789787 0.5616093 0.3359116 0.4317783 0.3359116 0.3763522 0.7054207 0.3763522 0.2159906 0.560534 0.2991853 0.560534 0.1356882 0.560534 0.2991853 0.560534 0.3848327 0.560534 0.05875355 0.560534 0.3848327 0.560534 0.4645554 0.560534 0.5330292 0.560534 0.5330292 0.560534 -1.808448 0.561609 0.3848327 0.560534 -1.808448 0.561609 0.6647745 0.4298256 0.05875355 0.560534 0.6647745 0.4298256 0.3369618 0.4298256 0.05875355 0.560534 0.05875355 0.560534 0.1356882 0.560534 0.2991853 0.560534 0.05763977 0.560534 0.05763977 0.5073913 1.067924 0.5073913 0.3369618 0.4298256 0.6647745 0.4298256 0.6647745 0.3790047 0.3848327 0.560534 0.4645554 0.560534 0.5330292 0.560534 0.5330292 0.560534 -1.210175 0.560534 0.3848327 0.560534 -1.210175 0.560534 0.3359116 0.4317783 0.05875355 0.560534 0.3359116 0.4317783 0.7054204 0.4317783 0.05875355 0.560534 0.05875355 0.560534 0.1356882 0.560534 0.2159906 0.560534 0.2159906 0.560534 0.2991853 0.560534 0.05875355 0.560534 0.2991853 0.560534 0.3848327 0.560534 -1.210175 0.560534 0.02434271 0.5073913 0.02434271 0.560534 -1.210175 0.560534 -1.808422 0.508503 0.02435475 0.5085031 0.02434283 0.5616092 -1.808422 0.508503 0.02435475 0.5085031 0.02434283 0.5616092 -1.808448 0.561609 0.6647745 0.4298256 0.05875355 0.560534 0.6647745 0.4298256 0.3369618 0.4298256 0.05875355 0.560534 0.05875355 0.560534 0.1356882 0.560534 0.2159906 0.560534 -1.808448 0.561609 0.05875355 0.560534 0.2991853 0.560534 0.2159906 0.560534 0.2991853 0.560534 0.05875355 0.560534 0.2991853 0.560534 0.3848327 0.560534 -1.808448 0.561609 0.3848327 0.560534 0.4645554 0.560534 0.5330292 0.560534 0.6647745 0.3790047 0.3369618 0.3790043 0.3369618 0.4298256 0.02434271 0.5073913 0.02434271 0.560534 -1.210175 0.560534 0.3369618 0.4298256 0.6647745 0.4298256 0.6647745 0.3790047 0.05763977 0.560534 0.05763977 0.5073913 1.067924 0.5073913 -1.808422 0.508503 0.02435475 0.5085031 0.02434283 0.5616092 0.8789787 0.5616093 0.05763977 0.5616092 0.05765163 0.5085031 0.3359116 0.4317783 0.3359116 0.3763522 0.7054207 0.3763522 0.6647745 0.4298256 0.3369618 0.4298256 0.05875355 0.560534 0.05875355 0.560534 0.1356882 0.560534 0.2159906 0.560534 0.2159906 0.560534 0.2991853 0.560534 0.05875355 0.560534 0.2991853 0.560534 0.3848327 0.560534 0.05875355 0.560534 0.3848327 0.560534 0.4645554 0.560534 0.5330292 0.560534 0.5330292 0.560534 -1.808448 0.561609 0.3848327 0.560534 -1.808448 0.561609 0.6647745 0.4298256 0.05875355 0.560534 0.5846329 0.9663134 0.2102493 0.8511099 0.719502 0.8511099 0.719502 0.8308358 0.2102493 0.8308364 0.9706116 0.9663134 0.7569379 0.1843872 0.7569379 0.3778442 0.7569379 0.3778442 0.5356674 0.3121147 0.5356674 1.779665 3.274231 1.779665 0.5356674 0.3121147 3.274231 0.3121147 3.274231 1.779665 3.274231 1.779665 3.274231 0.3121147 3.274231 0.3121147 0.5356674 1.779665 3.274231 1.779665 3.274231 1.779665 3.274231 0.3121147 0.5356674 0.3121147 0.5356674 0.3121147 0.5356674 0.3121147 0.5356674 1.779665 0.5356674 1.779665</float_array>
          <technique_common>
            <accessor source="#Plane_001-mesh-map-0-array" count="846" stride="2">
              <param name="S" type="float"/>
              <param name="T" type="float"/>
            </accessor>
          </technique_common>
        </source>
        <source id="Plane_001-mesh-map-1">
          <float_array id="Plane_001-mesh-map-1-array" count="1692">0 0 0 0 0 0 0 0 0 0 0 0 0 0 0 0 0 0 0 0 0 0 0 0 0 0 0 0 0 0 0 0 0 0 0 0 0 0 0 0 0 0 0 0 0 0 0 0 0 0 0 0 0 0 0 0 0 0 0 0 0 0 0 0 0 0 0 0 0 0 0 0 0 0 0 0 0 0 0 0 0 0 0 0 0 0 0 0 0 0 0 0 0 0 0 0 0 0 0 0 0 0 0 0 0 0 0 0 0 0 0 0 0 0 0 0 0 0 0 0 0 0 0 0 0 0 0 0 0 0 0 0 0 0 0 0 0 0 0 0 0 0 0 0 0 0 0 0 0 0 0 0 0 0 0 0 0 0 0 0 0 0 0 0 0 0 0 0 0 0 0 0 0 0 0 0 0 0 0 0 0 0 0 0 0 0 0 0 0 0 0 0 0 0 0 0 0 0 0 0 0 0 0 0 0 0 0 0 0 0 0 0 0 0 0 0 0 0 0 0 0 0 0 0 0 0 0 0 0 0 0 0 0 0 0 0 0 0 0 0 0 0 0 0 0 0 0 0 0 0 0 0 0 0 0 0 0 0 0 0 0 0 0 0 0 0 0 0 0 0 0 0 0 0 0 0 0 0 0 0 0 0 0 0 0 0 0 0 0 0 0 0 0 0 0 0 0 0 0 0 0 0 0 0 0 0 0 0 0 0 0 0 0 0 0 0 0 0 0 0 0 0 0 0 0 0 0 0 0 0 0 0 0 0 0 0 0 0 0 0 0 0 0 0 0 0 0 0 0 0 0 0 0 0 0 0 0 0 0 0 0 0 0 0 0 0 0 0 0 0 0 0 0 0 0 0 0 0 0 0 0 0 0 0 0 0 0 0 0 0 0 0 0 0 0 0 0 0 0 0 0 0 0 0 0 0 0 0 0 0 0 0 0 0 0 0 0 0 0 0 0 0 0 0 0 0 0 0 0 0 0 0 0 0 0 0 0 0 0 0 0 0 0 0 0 0 0 0 0 0 0 0 0 0 0 0 0 0 0 0 0 0 0 0 0 0 0 0 0 0 0 0 0 0 0 0 0 0 0 0 0 0 0 0 0 0 0 0 0 0 0 0 0 0 0 0 0 0 0 0 0 0 0 0 0 0 0 0 0 0 0 0 0 0 0 0 0 0 0 0 0 0 0 0 0 0 0 0 0 0 0 0 0 0 0 0 0 0 0 0 0 0 0 0 0 0 0 0 0 0 0 0 0 0 0 0 0 0 0 0 0 0 0 0 0 0 0 0 0 0 0 0 0 0 0 0 0 0 0 0 0 0 0 0 0 0 0 0 0 0 0 0 0 0 0 0 0 0 0 0 0 0 0 0 0 0 0 0 0 0 0 0 0 0 0 0 0 0 0 0 0 0 0 0 0 0 0 0 0 0 0 0 0 0 0 0 0 0 0 0 0 0 0 0 0 0 0 0 0 0 0 0 0 0 0 0 0 0 0 0 0 0 0 0 0 0 0 0 0 0 0 0 0 0 0 0 0 0 0 0 0 0 0 0 0 0 0 0 0 0 0 0 0 0 0 0 0 0 0 0 0 0 0 0 0 0 0 0 0 0 0 0 0 0 0 0 0 0 0 0 0 0 0 0 0 0 0 0 0 0 0 0 0 0 0 0 0 0 0 0 0 0 0 0 0 0 0 0 0 0 0 0 0 0 0 0 0 0 0 0 0 0 0 0 0 0 0 0 0 0 0 0 0 0 0 0 0 0 0 0 0 0 0 0 0 0 0 0 0 0 0 0 0 0 0 0 0 0 0 0 0 0 0 0 0 0 0 0 0 0 0 0 0 0 0 0 0 0 0 0 0 0 0 0 0 0 0 0 0 0 0 0 0 0 0 0 0 0 0 0 0 0 0 0 0 0 0 0 0 0 0 0 0 0 0 0 0 0 0 0 0 0 0 0 0 0 0 0 0 0 0 0 0 0 0 0 0 0 0 0 0 0 0 0 0 0 0 0 0 0 0 0 0 0 0 0 0 0 0 0 0 0 0 0 0 0 0 0 0 0 0 0 0 0 0 0 0 0 0 0 0 0 0 0 0 0 0 0 0 0 0 0 0 0 0 0 0 0 0 0 0 0 0 0 0 0 0 0 0 0 0 0 0 0 0 0 0 0 0 0 0 0 0 0 0 0 0 0 0 0 0 0 0 0 0 0 0 0 0 0 0 0 0 0 0 0 0 0 0 0 0 0 0 0 0 0 0 0 0 0 0 0 0 0 0 0 0 0 0 0 0 0 0 0 0 0 0 0 0 0 0 0 0 0 0 0 0 0 0 0 0 0 0 0 0 0 0 0 0 0 0 0 0 0 0 0 0 0 0 0 0 0 0 0 0 0 0 0 0 0 0 0 0 0 0 0 0 0 0 0 0 0 0 0 0 0 0 0 0 0 0 0 0 0 0 0 0 0 0 0 0 0 0 0 0 0 0 0 0 0 0 0 0 0 0 0 0 0 0 0 0 0 0 0 0 0 0 0 0 0 0 0 0 0 0 0 0 0 0 0 0 0 0 0 0 0 0 0 0 0 0 0 0 0 0 0 0 0 0 0 0 0 0 0 0 0 0 0 0 0 0 0 0 0 0 0 0 0 0 0 0 0 0 0 0 0 0 0 0 0 0 0 0 0 0 0 0 0 0 0 0 0 0 0 0 0 0 0 0 0 0 0 0 0 0 0 0 0 0 0 0 0 0 0 0 0 0 0 0 0 0 0 0 0 0 0 0 0 0 0 0 0 0 0 0 0 0 0 0 0 0 0 0 0 0 0 0 0 0 0 0 0 0 0 0 0 0 0 0 0 0 0 0 0 0 0 0 0 0 0 0 0 0 0 0 0 0 0 0 0 0 0 0 0 0 0 0 0 0 0 0 0 0 0 0 0 0 0 0 0 0 0 0 0 0 0 0 0 0 0 0 0 0 0 0 0 0 0 0 0 0 0 0 0 0 0 0 0 0 0 0 0 0 0 0 0 0 0 0 0 0 0 0 0 0 0 0 0 0 0 0 0 0 0 0 0 0 0 0 0 0 0 0 0 0 0 0 0 0 0 0 0 0 0 0 0 0 0 0 0 0 0 0 0 0 0 0 0 0 0 0 0 0 0 0 0 0 0 0 0 0 0 0 0 0 0 0 0 0 0 0 0 0 0 0 0 0 0 0 0 0 0 0 0 0 0 0 0 0 0 0 0 0 0 0 0 0 0 0 0 0 0 0 0 0 0 0 0 0 0 0 0 0 0 0 0 0 0 0 0 0 0 0 0 0 0 0 0 0 0 0 0 0 0 0 0 0 0 0 0 0 0 0 0 0 0 0 0 0 0 0 0 0 0 0 0 0 0 0 0 0 0 0 0 0 0 0 0 0 0 0 0 0 0 0 0 0 0 0 0 0 0 0 0 0 0 0 0 0 0 0 0 0 0 0 0 0 0 0 0 0 0 0 0 0 0 0 0 0 0 0 0 0 0 0 0 0 0 0 0 0 0 0 0 0 0 0 0 0 0 0 0 0 0 0 0 0 0 0 0 0 0 0 0 0 0 0 0 0 0 0 0 0 0 0 0 0 0 0 0 0 0 0 0 0 0 0 0 0 0 0 0 0 0 0 0 0 0 0 0 0 0 0 0 0 0 0 0 0 0 0 0 0 0 0 0 0 0 0 0 0 0 0 0 0 0 0 0 0 0 0 0 0 0 0 0 0 0 0 0 0 0 0 0 0 0 0 0 0 0 0 0 0 0 0 0 0 0 0 0 0 0 0 0 0 0 0 0 0 0 0 0</float_array>
          <technique_common>
            <accessor source="#Plane_001-mesh-map-1-array" count="846" stride="2">
              <param name="S" type="float"/>
              <param name="T" type="float"/>
            </accessor>
          </technique_common>
        </source>
        <source id="Plane_001-mesh-map-2">
          <float_array id="Plane_001-mesh-map-2-array" count="1692">0 0 0 0 0 0 0 0 0 0 0 0 0 0 0 0 0 0 0 0 0 0 0 0 0 0 0 0 0 0 0 0 0 0 0 0 0 0 0 0 0 0 0 0 0 0 0 0 0 0 0 0 0 0 0 0 0 0 0 0 0 0 0 0 0 0 0 0 0 0 0 0 0 0 0 0 0 0 0 0 0 0 0 0 0 0 0 0 0 0 0 0 0 0 0 0 0 0 0 0 0 0 0 0 0 0 0 0 0 0 0 0 0 0 0 0 0 0 0 0 0 0 0 0 0 0 0 0 0 0 0 0 0 0 0 0 0 0 0 0 0 0 0 0 0 0 0 0 0 0 0 0 0 0 0 0 0 0 0 0 0 0 0 0 0 0 0 0 0 0 0 0 0 0 0 0 0 0 0 0 0 0 0 0 0 0 0 0 0 0 0 0 0 0 0 0 0 0 0 0 0 0 0 0 0 0 0 0 0 0 0 0 0 0 0 0 0 0 0 0 0 0 0 0 0 0 0 0 0 0 0 0 0 0 0 0 0 0 0 0 0 0 0 0 0 0 0 0 0 0 0 0 0 0 0 0 0 0 0 0 0 0 0 0 0 0 0 0 0 0 0 0 0 0 0 0 0 0 0 0 0 0 0 0 0 0 0 0 0 0 0 0 0 0 0 0 0 0 0 0 0 0 0 0 0 0 0 0 0 0 0 0 0 0 0 0 0 0 0 0 0 0 0 0 0 0 0 0 0 0 0 0 0 0 0 0 0 0 0 0 0 0 0 0 0 0 0 0 0 0 0 0 0 0 0 0 0 0 0 0 0 0 0 0 0 0 0 0 0 0 0 0 0 0 0 0 0 0 0 0 0 0 0 0 0 0 0 0 0 0 0 0 0 0 0 0 0 0 0 0 0 0 0 0 0 0 0 0 0 0 0 0 0 0 0 0 0 0 0 0 0 0 0 0 0 0 0 0 0 0 0 0 0 0 0 0 0 0 0 0 0 0 0 0 0 0 0 0 0 0 0 0 0 0 0 0 0 0 0 0 0 0 0 0 0 0 0 0 0 0 0 0 0 0 0 0 0 0 0 0 0 0 0 0 0 0 0 0 0 0 0 0 0 0 0 0 0 0 0 0 0 0 0 0 0 0 0 0 0 0 0 0 0 0 0 0 0 0 0 0 0 0 0 0 0 0 0 0 0 0 0 0 0 0 0 0 0 0 0 0 0 0 0 0 0 0 0 0 0 0 0 0 0 0 0 0 0 0 0 0 0 0 0 0 0 0 0 0 0 0 0 0 0 0 0 0 0 0 0 0 0 0 0 0 0 0 0 0 0 0 0 0 0 0 0 0 0 0 0 0 0 0 0 0 0 0 0 0 0 0 0 0 0 0 0 0 0 0 0 0 0 0 0 0 0 0 0 0 0 0 0 0 0 0 0 0 0 0 0 0 0 0 0 0 0 0 0 0 0 0 0 0 0 0 0 0 0 0 0 0 0 0 0 0 0 0 0 0 0 0 0 0 0 0 0 0 0 0 0 0 0 0 0 0 0 0 0 0 0 0 0 0 0 0 0 0 0 0 0 0 0 0 0 0 0 0 0 0 0 0 0 0 0 0 0 0 0 0 0 0 0 0 0 0 0 0 0 0 0 0 0 0 0 0 0 0 0 0 0 0 0 0 0 0 0 0 0 0 0 0 0 0 0 0 0 0 0 0 0 0 0 0 0 0 0 0 0 0 0 0 0 0 0 0 0 0 0 0 0 0 0 0 0 0 0 0 0 0 0 0 0 0 0 0 0 0 0 0 0 0 0 0 0 0 0 0 0 0 0 0 0 0 0 0 0 0 0 0 0 0 0 0 0 0 0 0 0 0 0 0 0 0 0 0 0 0 0 0 0 0 0 0 0 0 0 0 0 0 0 0 0 0 0 0 0 0 0 0 0 0 0 0 0 0 0 0 0 0 0 0 0 0 0 0 0 0 0 0 0 0 0 0 0 0 0 0 0 0 0 0 0 0 0 0 0 0 0 0 0 0 0 0 0 0 0 0 0 0 0 0 0 0 0 0 0 0 0 0 0 0 0 0 0 0 0 0 0 0 0 0 0 0 0 0 0 0 0 0 0 0 0 0 0 0 0 0 0 0 0 0 0 0 0 0 0 0 0 0 0 0 0 0 0 0 0 0 0 0 0 0 0 0 0 0 0 0 0 0 0 0 0 0 0 0 0 0 0 0 0 0 0 0 0 0 0 0 0 0 0 0 0 0 0 0 0 0 0 0 0 0 0 0 0 0 0 0 0 0 0 0 0 0 0 0 0 0 0 0 0 0 0 0 0 0 0 0 0 0 0 0 0 0 0 0 0 0 0 0 0 0 0 0 0 0 0 0 0 0 0 0 0 0 0 0 0 0 0 0 0 0 0 0 0 0 0 0 0 0 0 0 0 0 0 0 0 0 0 0 0 0 0 0 0 0 0 0 0 0 0 0 0 0 0 0 0 0 0 0 0 0 0 0 0 0 0 0 0 0 0 0 0 0 0 0 0 0 0 0 0 0 0 0 0 0 0 0 0 0 0 0 0 0 0 0 0 0 0 0 0 0 0 0 0 0 0 0 0 0 0 0 0 0 0 0 0 0 0 0 0 0 0 0 0 0 0 0 0 0 0 0 0 0 0 0 0 0 0 0 0 0 0 0 0 0 0 0 0 0 0 0 0 0 0 0 0 0 0 0 0 0 0 0 0 0 0 0 0 0 0 0 0 0 0 0 0 0 0 0 0 0 0 0 0 0 0 0 0 0 0 0 0 0 0 0 0 0 0 0 0 0 0 0 0 0 0 0 0 0 0 0 0 0 0 0 0 0 0 0 0 0 0 0 0 0 0 0 0 0 0 0 0 0 0 0 0 0 0 0 0 0 0 0 0 0 0 0 0 0 0 0 0 0 0 0 0 0 0 0 0 0 0 0 0 0 0 0 0 0 0 0 0 0 0 0 0 0 0 0 0 0 0 0 0 0 0 0 0 0 0 0 0 0 0 0 0 0 0 0 0 0 0 0 0 0 0 0 0 0 0 0 0 0 0 0 0 0 0 0 0 0 0 0 0 0 0 0 0 0 0 0 0 0 0 0 0 0 0 0 0 0 0 0 0 0 0 0 0 0 0 0 0 0 0 0 0 0 0 0 0 0 0 0 0 0 0 0 0 0 0 0 0 0 0 0 0 0 0 0 0 0 0 0 0 0 0 0 0 0 0 0 0 0 0 0 0 0 0 0 0 0 0 0 0 0 0 0 0 0 0 0 0 0 0 0 0 0 0 0 0 0 0 0 0 0 0 0 0 0 0 0 0 0 0 0 0 0 0 0 0 0 0 0 0 0 0 0 0 0 0 0 0 0 0 0 0 0 0 0 0 0 0 0 0 0 0 0 0 0 0 0 0 0 0 0 0 0 0 0 0 0 0 0 0 0 0 0 0 0 0 0 0 0 0 0 0 0 0 0 0 0 0 0 0 0 0 0 0 0 0 0 0 0 0 0 0 0 0 0 0 0 0 0 0 0 0 0 0 0 0 0 0 0 0 0 0 0 0 0 0 0 0 0 0 0 0 0 0 0 0 0 0 0 0 0 0 0 0 0 0 0 0 0 0 0 0 0 0 0 0 0 0 0 0 0 0 0 0 0 0 0 0 0 0 0 0 0 0 0 0 0 0 0 0 0 0 0 0 0 0 0 0 0 0 0 0 0 0 0 0 0 0 0 0 0 0 0 0 0 0 0 0 0 0 0 0 0 0 0 0 0 0 0 0 0 0 0 0 0 0 0 0 0</float_array>
          <technique_common>
            <accessor source="#Plane_001-mesh-map-2-array" count="846" stride="2">
              <param name="S" type="float"/>
              <param name="T" type="float"/>
            </accessor>
          </technique_common>
        </source>
        <source id="Plane_001-mesh-colors-Col" name="Col">
          <float_array id="Plane_001-mesh-colors-Col-array" count="3384">1 1 1 1 1 1 1 1 1 1 1 1 1 1 1 1 1 1 1 1 1 1 1 1 1 1 1 1 1 1 1 1 1 1 1 1 1 1 1 1 1 1 1 1 1 1 1 1 1 1 1 1 1 1 1 1 1 1 1 1 1 1 1 1 1 1 1 1 1 1 1 1 1 1 1 1 1 1 1 1 1 1 1 1 1 1 1 1 1 1 1 1 1 1 1 1 1 1 1 1 1 1 1 1 1 1 1 1 1 1 1 1 1 1 1 1 1 1 1 1 1 1 1 1 1 1 1 1 1 1 1 1 1 1 1 1 1 1 1 1 1 1 1 1 1 1 1 1 1 1 1 1 1 1 1 1 1 1 1 1 1 1 1 1 1 1 1 1 1 1 1 1 1 1 1 1 1 1 1 1 1 1 1 1 1 1 1 1 1 1 1 1 1 1 1 1 1 1 1 1 1 1 1 1 1 1 1 1 1 1 1 1 1 1 1 1 1 1 1 1 1 1 1 1 1 1 1 1 1 1 1 1 1 1 1 1 1 1 1 1 1 1 1 1 1 1 1 1 1 1 1 1 1 1 1 1 1 1 1 1 1 1 1 1 1 1 1 1 1 1 1 1 1 1 1 1 1 1 1 1 1 1 1 1 1 1 1 1 1 1 1 1 1 1 1 1 1 1 1 1 1 1 1 1 1 1 1 1 1 1 1 1 1 1 1 1 1 1 1 1 1 1 1 1 1 1 1 1 1 1 1 1 1 1 1 1 1 1 1 1 1 1 1 1 1 1 1 1 1 1 1 1 1 1 1 1 1 1 1 1 1 1 1 1 1 1 1 1 1 1 1 1 1 1 1 1 1 1 1 1 1 1 1 1 1 1 1 1 1 1 1 1 1 1 1 1 1 1 1 1 1 1 1 1 1 1 1 1 1 1 1 1 1 1 1 1 1 1 1 1 1 1 1 1 1 1 1 1 1 1 1 1 1 1 1 1 1 1 1 1 1 1 1 1 1 1 1 1 1 1 1 1 1 1 1 1 1 1 1 1 1 1 1 1 1 1 1 1 1 1 1 1 1 1 1 1 1 1 1 1 1 1 1 1 1 1 1 1 1 1 1 1 1 1 1 1 1 1 1 1 1 1 1 1 1 1 1 1 1 1 1 1 1 1 1 1 1 1 1 1 1 1 1 1 1 1 1 1 1 1 1 1 1 1 1 1 1 1 1 1 1 1 1 1 1 1 1 1 1 1 1 1 1 1 1 1 1 1 1 1 1 1 1 1 1 1 1 1 1 1 1 1 1 1 1 1 1 1 1 1 1 1 1 1 1 1 1 1 1 1 1 1 1 1 1 1 1 1 1 1 1 1 1 1 1 1 1 1 1 1 1 1 1 1 1 1 1 1 1 1 1 1 1 1 1 1 1 1 1 1 1 1 1 1 1 1 1 1 1 1 1 1 1 1 1 1 1 1 1 1 1 1 1 1 1 1 1 1 1 1 1 1 1 1 1 1 1 1 1 1 1 1 1 1 1 1 1 1 1 1 1 1 1 1 1 1 1 1 1 1 1 1 1 1 1 1 1 1 1 1 1 1 1 1 1 1 1 1 1 1 1 1 1 1 1 1 1 1 1 1 1 1 1 1 1 1 1 1 1 1 1 1 1 1 1 1 1 1 1 1 1 1 1 1 1 1 1 1 1 1 1 1 1 1 1 1 1 1 1 1 1 1 1 1 1 1 1 1 1 1 1 1 1 1 1 1 1 1 1 1 1 1 1 1 1 1 1 1 1 1 1 1 1 1 1 1 1 1 1 1 1 1 1 1 1 1 1 1 1 1 1 1 1 1 1 1 1 1 1 1 1 1 1 1 1 1 1 1 1 1 1 1 1 1 1 1 1 1 1 1 1 1 1 1 1 1 1 1 1 1 1 1 1 1 1 1 1 1 1 1 1 1 1 1 1 1 1 1 1 1 1 1 1 1 1 1 1 1 1 1 1 1 1 1 1 1 1 1 1 1 1 1 1 1 1 1 1 1 1 1 1 1 1 1 1 1 1 1 1 1 1 1 1 1 1 1 1 1 1 1 1 1 1 1 1 1 1 1 1 1 1 1 1 1 1 1 1 1 1 1 1 1 1 1 1 1 1 1 1 1 1 1 1 1 1 1 1 1 1 1 1 1 1 1 1 1 1 1 1 1 1 1 1 1 1 1 1 1 1 1 1 1 1 1 1 1 1 1 1 1 1 1 1 1 1 1 1 1 1 1 1 1 1 1 1 1 1 1 1 1 1 1 1 1 1 1 1 1 1 1 1 1 1 1 1 1 1 1 1 1 1 1 1 1 1 1 1 1 1 1 1 1 1 1 1 1 1 1 1 1 1 1 1 1 1 1 1 1 1 1 1 1 1 1 1 1 1 1 1 1 1 1 1 1 1 1 1 1 1 1 1 1 1 1 1 1 1 1 1 1 1 1 1 1 1 1 1 1 1 1 1 1 1 1 1 1 1 1 1 1 1 1 1 1 1 1 1 1 1 1 1 1 1 1 1 1 1 1 1 1 1 1 1 1 1 1 1 1 1 1 1 1 1 1 1 1 1 1 1 1 1 1 1 1 1 1 1 1 1 1 1 1 1 1 1 1 1 1 1 1 1 1 1 1 1 1 1 1 1 1 1 1 1 1 1 1 1 1 1 1 1 1 1 1 1 1 1 1 1 1 1 1 1 1 1 1 1 1 1 1 1 1 1 1 1 1 1 1 1 1 1 1 1 1 1 1 1 1 1 1 1 1 1 1 1 1 1 1 1 1 1 1 1 1 1 1 1 1 1 1 1 1 1 1 1 1 1 1 1 1 1 1 1 1 1 1 1 1 1 1 1 1 1 1 1 1 1 1 1 1 1 1 1 1 1 1 1 1 1 1 1 1 1 1 1 1 1 1 1 1 1 1 1 1 1 1 1 1 1 1 1 1 1 1 1 1 1 1 1 1 1 1 1 1 1 1 1 1 1 1 1 1 1 1 1 1 1 1 1 1 1 1 1 1 1 1 1 1 1 1 1 1 1 1 1 1 1 1 1 1 1 1 1 1 1 1 1 1 1 1 1 1 1 1 1 1 1 1 1 1 1 1 1 1 1 1 1 1 1 1 1 1 1 1 1 1 1 1 1 1 1 1 1 1 1 1 1 1 1 1 1 1 1 1 1 1 1 1 1 1 1 1 1 1 1 1 1 1 1 1 1 1 1 1 1 1 1 1 1 1 1 1 1 1 1 1 1 1 1 1 1 1 1 1 1 1 1 1 1 1 1 1 1 1 1 1 1 1 1 1 1 1 1 1 1 1 1 1 1 1 1 1 1 1 1 1 1 1 1 1 1 1 1 1 1 1 1 1 1 1 1 1 1 1 1 1 1 1 1 1 1 1 1 1 1 1 1 1 1 1 1 1 1 1 1 0.8980392 0.3764706 1 1 1 1 1 1 0.8980392 0.3764706 1 1 1 1 1 1 1 1 1 1 1 1 1 1 1 1 1 1 1 1 1 1 1 1 1 1 1 1 1 1 1 1 1 1 1 1 1 1 1 1 1 1 1 1 1 1 1 1 1 1 1 1 1 1 1 1 1 1 1 1 1 1 1 1 1 1 1 1 1 1 1 1 1 1 1 1 1 1 1 1 1 1 1 1 1 1 1 1 1 1 1 1 1 1 1 1 1 1 1 1 1 1 1 1 1 1 1 1 1 1 1 1 1 1 1 1 1 1 1 1 1 1 1 1 1 1 1 1 1 1 1 1 1 1 1 1 1 1 1 1 1 1 1 1 1 1 1 1 1 1 1 1 1 1 1 1 1 1 1 1 1 1 1 1 1 1 1 1 1 1 1 1 1 1 1 1 1 1 1 1 1 1 1 1 1 1 1 1 1 1 1 1 1 1 1 1 1 1 1 1 1 1 1 1 1 1 1 1 1 1 1 1 1 1 1 1 1 1 1 1 1 1 1 1 1 1 1 1 1 1 1 1 1 1 1 1 1 1 1 1 1 1 1 1 1 1 1 1 1 1 1 1 1 1 1 1 1 1 1 1 1 1 1 1 1 1 1 1 1 1 1 1 1 1 1 1 1 1 1 1 1 1 1 1 1 1 1 1 1 1 1 1 1 1 1 1 1 1 1 1 1 1 1 1 1 1 1 1 1 1 1 1 1 1 1 1 1 1 1 1 1 1 1 1 1 1 1 1 1 1 1 1 1 1 1 1 1 1 1 1 1 1 1 1 1 1 1 1 1 1 1 1 1 1 1 1 1 1 1 1 1 1 1 1 1 1 1 1 1 1 1 1 1 1 1 1 1 1 1 1 1 1 1 1 1 1 1 1 1 1 1 1 1 1 1 1 1 1 1 1 1 1 1 1 1 1 1 1 1 1 1 1 1 1 0.2117647 0.1137255 1 1 0.2117647 0.1137255 1 1 1 1 1 1 1 1 1 1 1 1 1 1 1 1 1 1 1 1 1 1 1 1 1 1 1 1 1 1 1 1 1 1 1 1 1 1 1 1 1 1 1 1 1 1 1 1 1 1 1 1 1 1 1 1 1 1 1 1 1 1 1 1 1 1 1 1 1 1 1 1 1 1 1 1 1 1 1 1 1 1 1 1 1 1 1 1 1 1 1 1 1 1 1 1 1 1 1 1 1 1 1 1 1 1 1 1 1 1 1 1 1 1 1 1 1 1 1 1 1 1 1 1 1 1 1 1 1 1 1 1 1 1 1 1 1 1 1 1 1 1 1 1 1 1 1 1 1 1 1 1 1 1 1 1 1 1 1 1 1 1 1 1 1 1 1 1 1 1 1 1 1 1 1 1 1 1 1 1 1 1 1 1 1 1 1 1 1 1 1 1 1 1 1 1 1 1 1 1 1 1 1 1 1 1 1 1 1 1 1 1 1 1 1 1 1 1 1 1 1 1 1 1 1 1 1 1 1 1 1 1 1 1 1 1 1 1 1 1 1 1 1 1 1 1 1 1 1 1 1 1 1 1 0.8980392 0.3764706 1 1 0.8980392 0.3764706 1 1 0.8980392 0.3764706 1 1 0.8980392 0.3764706 1 1 0.8980392 0.3764706 1 1 0.8980392 0.3764706 1 1 0.2117647 0.1137255 1 1 0.2117647 0.1137255 1 1 0.2117647 0.1137255 1 1 0.8980392 0.3764706 1 1 0.8980392 0.3764706 1 1 0.8980392 0.3764706 1 1 1 1 1 1 1 1 1 1 1 1 1 1 0.8980392 0.3764706 1 1 0.8980392 0.3764706 1 1 0.8980392 0.3764706 1 1 0.8980392 0.3764706 1 1 0.8980392 0.3764706 1 1 0.8980392 0.3764706 1 1 1 1 1 1 1 1 1 1 1 1 1 1 1 1 1 1 1 1 1 1 1 1 1 1 1 1 1 1 1 1 1 1 1 1 1 1 1 1 1 1 1 1 1 1 1 1 1 1 1 1 1 1 1 1 1 1 1 1 1 1 0.8980392 0.3764706 1 1 0.8980392 0.3764706 1 1 0.8980392 0.3764706 1 1 0.8980392 0.3764706 1 1 0.8980392 0.3764706 1 1 0.8980392 0.3764706 1 1 0.2117647 0.1137255 1 1 0.2117647 0.1137255 1 1 0.2117647 0.1137255 1 1 0.8980392 0.3764706 1 1 0.8980392 0.3764706 1 1 0.8980392 0.3764706 1 1 1 1 1 1 1 1 1 1 1 1 1 1 0.8980392 0.3764706 1 1 0.8980392 0.3764706 1 1 0.8980392 0.3764706 1 1 0.8980392 0.3764706 1 1 0.8980392 0.3764706 1 1 0.8980392 0.3764706 1 1 1 1 1 1 1 1 1 1 1 1 1 1 1 1 1 1 1 1 1 1 1 1 1 1 1 1 1 1 1 1 1 1 1 1 1 1 1 1 1 1 1 1 1 1 1 1 1 1 1 1 1 1 1 1 1 1 1 1 1 1 1 1 1 1 1 1 1 1 1 1 1 1 1 1 1 1 1 1 1 1 1 1 1 1 1 1 1 1 1 1 1 1 1 1 1 1 1 1 1 1 1 1 1 1 1 1 1 1 1 1 1 1 1 1 1 1 1 1 1 1 1 1 1 1 1 1 1 1 1 1 1 1 1 1 1 1 1 1 1 1 1 1 1 1 1 1 1 1 1 1 1 1 1 1 1 1 1 1 1 1 1 1 1 1 1 1 1 1 1 1 1 1 1 1 1 1 1 1 1 1 1 1 1 1 1 1 1 1 1 1 1 1 1 1 1 1 1 1 1 1 1 1 1 1 1 1 1 1 1 1 1 1 1 1 1 1 1 1 1 1 1 1 1 1 1 1 1 1 1 1 1 1 1 1 1 1 1 1 1 1 1 1 1 1 1 1 1 1 1 1 1 1 1 1 1 1 1 1 1 1 1 1 1 1 1 1 1 1 1 1 1 1 1 1 1 1 1 1 1 1 1 1 1 1 1 1 1 1 1 1 1 1 1 1 1 1 1 1 1 1 1 1 1 1 1 1 1 1 1 1 1 1 1 1 1 1 1 1 1 1 1 1 1 1 1 1 1 1 1 1 1 1 1 1 1 1 1 1 1 1 1 1 1 1 1 1 1 1 1 1 1 1 1 1 1 1 1 1 1 1 1 1 1 1 1 1 1 1 1 1 1 1 1 1 1 1 1 1 1 1 1 1 1 1 1 1 1 1 1 1 1 1 1 1 1 1 1 1 1 1 1 1 1 1 1 1 1 1 1 1 1 1 1 1 1 1 1 1 1 1 1 1 1 1 1 1 1 1 1 1 1 1 1 1 1 1 1 1 1 1 1 1 1 1 1 1 1 1 1 1 1 1 1 1 1 1 1 1 1 1 1 1 1 1 1 1 1 1 1 1 1 1 1 1 1 1 1 1 1 1 1 1 1 1 1 1 1 1 1 1 1 1 1 1 1 1 1 1 1 1 1 1 1 1 1 1 1 1 1 1 1 1 1 1 1 1 1 1 1 1 1 1 1 1 1 1 1 1 1 1 1 1 1 1 1 1 1 1 1 1 1 1 1 1 1 1 1 1 1 1 1 1 1 1 1 1 1 1 1 1 1 1 1 1 1 1 1 1 1 1 1 1 1 1 1 1 1 1 1 1 1 1 1 1 1 1 1 1 1 1 1 1 1 1 1 1 1 1 1 1 1 1 1 1 1 1 1 1 1 1 1 1 1 1 1 1 1 1 1 1 1 1 1 1 1 1 1 1 1 1 1 1 1 1 1 1 1 1 1 1 1 1 1 1 1 1 1 1 1 1 1 1 1 1 1 1 1 1 1 1 1 1 1 1 1 1 1 1 1 1 1 1 1 1 1 1 1 1 1 1 1 1 1 1 1 1 1 1 1 1 1 1 1 1 1 1 1 1 1 1 1 1 1 1 1 1 1 1 1 1 1 1 1 1 1 1 1 1 1 1 1 1 1 1 1 1 1 1 1 1 1 1 1 1 1 1 1 1 1 1 1 1 1 1 1 1 1 1 1 1 1 1 1 1 1 1 1 1 1 1 1 1 1 1 1 1 1 1 1 1 1 1 1 1 1 1 1 1 1 1 1 1 1 1 1 1 1 1 1 1 1 1 1 1 1 1 1 1 1 1 1 1 1 1 1 1 1 1 1 1 1 1 1 1 1 1 1 1 1 1 1 1 1 1 1 1 1 1 1 1 1 1 1 1 1 1 1 1 1 1 0.8980392 0.3764706 1 1 1 1 1 1 1 1 1 1 1 1 1 1 1 1 1 1 0.2117647 0.1137255 1 1 1 1 1 1 1 1 1 1 1 1 1 1 1 1 1 1 1 1 1 1 1 1 1 1 1 1 1 1 1 1 1 1 1 1 1 1 1 1 1 1 1 1 1 1 1 1 1 1 1 1 1 1 1 1 1 1 1 1 1 1 1 1 1 1 1 1 1 1 1 1 1 1 1 1 1 1 1 1 1 1 1 1 1</float_array>
          <technique_common>
            <accessor source="#Plane_001-mesh-colors-Col-array" count="846" stride="4">
              <param name="R" type="float"/>
              <param name="G" type="float"/>
              <param name="B" type="float"/>
              <param name="A" type="float"/>
            </accessor>
          </technique_common>
        </source>
        <vertices id="Plane_001-mesh-vertices">
          <input semantic="POSITION" source="#Plane_001-mesh-positions"/>
        </vertices>
        <triangles material="highrise-material" count="2">
          <input semantic="VERTEX" source="#Plane_001-mesh-vertices" offset="0"/>
          <input semantic="NORMAL" source="#Plane_001-mesh-normals" offset="1"/>
          <input semantic="TEXCOORD" source="#Plane_001-mesh-map-0" offset="2" set="0"/>
          <input semantic="TEXCOORD" source="#Plane_001-mesh-map-1" offset="2" set="1"/>
          <input semantic="TEXCOORD" source="#Plane_001-mesh-map-2" offset="2" set="2"/>
          <input semantic="COLOR" source="#Plane_001-mesh-colors-Col" offset="3" set="0"/>
          <p>76 0 0 0 74 1 1 1 75 2 2 2 76 0 3 3 73 3 4 4 74 1 5 5</p>
        </triangles>
        <triangles material="curbs-material" count="152">
          <input semantic="VERTEX" source="#Plane_001-mesh-vertices" offset="0"/>
          <input semantic="NORMAL" source="#Plane_001-mesh-normals" offset="1"/>
          <input semantic="TEXCOORD" source="#Plane_001-mesh-map-0" offset="2" set="0"/>
          <input semantic="TEXCOORD" source="#Plane_001-mesh-map-1" offset="2" set="1"/>
          <input semantic="TEXCOORD" source="#Plane_001-mesh-map-2" offset="2" set="2"/>
          <input semantic="COLOR" source="#Plane_001-mesh-colors-Col" offset="3" set="0"/>
          <p>116 4 6 6 114 5 7 7 113 6 8 8 111 7 9 9 128 8 10 10 115 9 11 11 117 10 12 12 112 11 13 13 114 5 14 14 118 12 15 15 115 9 16 16 130 13 17 17 141 14 18 18 123 15 19 19 146 16 20 20 140 17 21 21 122 18 22 22 121 19 23 23 130 13 24 24 131 20 25 25 134 21 26 26 129 22 27 27 107 23 28 28 130 13 29 29 145 24 30 30 135 25 31 31 138 26 32 32 132 27 33 33 118 12 34 34 137 28 35 35 134 21 36 36 132 27 37 37 137 28 38 38 120 29 39 39 139 30 40 40 119 31 41 41 146 16 42 42 124 32 43 43 144 33 44 44 144 33 45 45 125 34 46 46 143 35 47 47 128 8 48 48 110 36 49 49 127 37 50 50 139 30 51 51 121 19 52 52 119 31 53 53 143 35 54 54 126 38 55 55 145 24 56 56 115 9 57 57 113 6 58 58 111 7 59 59 127 37 60 60 109 39 61 61 129 22 62 62 156 40 63 63 154 41 64 64 153 42 65 65 151 43 66 66 168 44 67 67 155 45 68 68 157 46 69 69 152 47 70 70 154 41 71 71 181 48 72 72 163 49 73 73 186 50 74 74 180 51 75 75 162 52 76 76 161 53 77 77 169 56 81 81 147 57 82 82 170 55 83 83 172 58 84 84 158 59 85 85 177 60 86 86 174 61 87 87 172 58 88 88 177 60 89 89 181 48 90 90 159 62 91 91 160 63 92 92 186 50 93 93 164 64 94 94 184 65 95 95 184 65 96 96 165 66 97 97 183 67 98 98 168 44 99 99 150 68 100 100 167 54 101 101 179 69 102 102 161 53 103 103 159 62 104 104 183 67 105 105 166 70 106 106 185 71 107 107 155 45 108 108 153 42 109 109 151 43 110 110 167 54 111 111 149 72 112 112 169 56 113 113 196 73 114 114 194 74 115 115 193 75 116 116 191 76 117 117 208 77 118 118 195 78 119 119 197 79 120 120 192 80 121 121 194 74 122 122 206 81 123 123 200 82 124 124 202 83 125 125 221 84 126 126 203 85 127 127 226 86 128 128 220 87 129 129 202 83 130 130 201 88 131 131 215 89 132 132 225 90 133 133 206 81 134 134 209 91 135 135 187 92 136 136 210 93 137 137 215 89 138 138 213 94 139 139 218 95 140 140 221 84 141 141 199 96 142 142 200 82 143 143 226 86 144 144 204 97 145 145 224 98 146 146 224 98 147 147 205 99 148 148 223 100 149 149 208 77 150 150 190 101 151 151 207 102 152 152 219 103 153 153 201 88 154 154 199 96 155 155 223 100 156 156 206 81 157 157 225 90 158 158 195 78 159 159 193 75 160 160 191 76 161 161 207 102 162 162 189 104 163 163 209 91 164 164 198 105 165 165 195 78 166 166 210 93 167 167 211 106 168 168 210 93 169 169 187 92 170 170 182 107 171 171 176 108 172 172 162 52 173 173 142 109 174 174 136 110 175 175 122 18 176 176 116 4 177 177 117 10 178 178 114 5 179 179 111 7 180 180 108 111 181 181 128 8 182 182 117 10 183 183 118 12 184 184 112 11 185 185 141 14 186 186 120 29 187 187 123 15 188 188 140 17 189 189 142 109 190 190 122 18 191 191 129 22 195 195 109 39 196 196 107 23 197 197 133 112 198 198 135 25 199 199 136 110 200 200 120 29 201 201 141 14 202 202 139 30 203 203 146 16 204 204 123 15 205 205 124 32 206 206 144 33 207 207 124 32 208 208 125 34 209 209 128 8 210 210 108 111 211 211 110 36 212 212 139 30 213 213 140 17 214 214 121 19 215 215 143 35 216 216 125 34 217 217 126 38 218 218 115 9 219 219 116 4 220 220 113 6 221 221 127 37 222 222 110 36 223 223 109 39 224 224 156 40 225 225 157 46 226 226 154 41 227 227 151 43 228 228 148 113 229 229 168 44 230 230 157 46 231 231 158 59 232 232 152 47 233 233 181 48 234 234 160 63 235 235 163 49 236 236 180 51 237 237 182 107 238 238 162 52 239 239 171 114 240 240 170 55 241 241 147 57 242 242 175 115 243 243 173 116 244 244 178 117 245 245 175 115 246 246 185 71 247 247 166 70 248 248 169 56 249 249 149 72 250 250 147 57 251 251 181 48 252 252 179 69 253 253 159 62 254 254 186 50 255 255 163 49 256 256 164 64 257 257 184 65 258 258 164 64 259 259 165 66 260 260 168 44 261 261 148 113 262 262 150 68 263 263 179 69 264 264 180 51 265 265 161 53 266 266 183 67 267 267 165 66 268 268 166 70 269 269 155 45 270 270 156 40 271 271 153 42 272 272 167 54 273 273 150 68 274 274 149 72 275 275 196 73 276 276 197 79 277 277 194 74 278 278 191 76 279 279 188 118 280 280 208 77 281 281 197 79 282 282 198 105 283 283 192 80 284 284 221 84 285 285 200 82 286 286 203 85 287 287 220 87 288 288 222 119 289 289 202 83 290 290 222 119 291 291 216 120 292 292 202 83 293 293 209 91 294 294 189 104 295 295 187 92 296 296 198 105 297 297 212 121 298 298 192 80 299 299 214 122 300 300 212 121 301 301 217 123 302 302 221 84 303 303 219 103 304 304 199 96 305 305 226 86 306 306 203 85 307 307 204 97 308 308 224 98 309 309 204 97 310 310 205 99 311 311 208 77 312 312 188 118 313 313 190 101 314 314 219 103 315 315 220 87 316 316 201 88 317 317 223 100 318 318 205 99 319 319 206 81 320 320 195 78 321 321 196 73 322 322 193 75 323 323 207 102 324 324 190 101 325 325 189 104 326 326 166 70 327 327 160 63 328 328 162 52 329 329 128 8 639 639 127 37 640 640 130 13 641 641 127 37 642 642 129 22 643 643 130 13 644 644 130 13 645 645 134 21 646 646 118 12 647 647 134 21 648 648 137 28 649 649 118 12 650 650 118 12 651 651 117 10 652 652 115 9 653 653 117 10 654 654 116 4 655 655 115 9 656 656 115 9 657 657 128 8 658 658 130 13 659 659 130 13 660 660 107 23 661 661 131 20 662 662 145 24 663 663 126 38 664 664 135 25 665 665 132 27 666 666 112 11 667 667 118 12 668 668 134 21 669 669 131 20 670 670 132 27 671 671 172 58 693 693 152 47 694 694 158 59 695 695 174 61 696 696 171 114 697 697 172 58 698 698 204 97 699 699 203 85 700 700 205 99 701 701 203 85 702 702 200 82 703 703 206 81 704 704 200 82 705 705 199 96 706 706 201 88 707 707 201 88 708 708 202 83 709 709 200 82 710 710 202 83 711 711 216 120 712 712 206 81 713 713 216 120 714 714 215 89 715 715 206 81 716 716 206 81 717 717 205 99 718 718 203 85 719 719 215 89 720 720 218 95 721 721 225 90 722 722 215 89 723 723 216 120 724 724 213 94 725 725 208 77 726 726 207 102 727 727 209 91 728 728 209 91 729 729 210 93 730 730 208 77 731 731 210 93 732 732 214 122 733 733 198 105 734 734 214 122 735 735 217 123 736 736 198 105 737 737 198 105 738 738 197 79 739 739 196 73 740 740 196 73 741 741 195 78 742 742 198 105 743 743 195 78 744 744 208 77 745 745 210 93 746 746 211 106 747 747 214 122 748 748 210 93 749 749 182 107 750 750 173 116 751 751 176 108 752 752 142 109 753 753 133 112 754 754 136 110 755 755 133 112 777 777 138 26 778 778 135 25 779 779 171 114 780 780 174 61 781 781 170 55 782 782 175 115 783 783 176 108 784 784 173 116 785 785 175 115 786 786 178 117 787 787 185 71 788 788 222 119 789 789 213 94 790 790 216 120 791 791 198 105 792 792 217 123 793 793 212 121 794 794 214 122 795 795 211 106 796 796 212 121 797 797 176 108 798 798 175 115 799 799 166 70 800 800 166 70 801 801 165 66 802 802 164 64 803 803 164 64 804 804 163 49 805 805 166 70 806 806 163 49 807 807 160 63 808 808 166 70 809 809 160 63 810 810 159 62 811 811 161 53 812 812 161 53 813 813 162 52 814 814 160 63 815 815 162 52 816 816 176 108 817 817 166 70 818 818</p>
        </triangles>
        <triangles material="slabs_large-material" count="16">
          <input semantic="VERTEX" source="#Plane_001-mesh-vertices" offset="0"/>
          <input semantic="NORMAL" source="#Plane_001-mesh-normals" offset="1"/>
          <input semantic="TEXCOORD" source="#Plane_001-mesh-map-0" offset="2" set="0"/>
          <input semantic="TEXCOORD" source="#Plane_001-mesh-map-1" offset="2" set="1"/>
          <input semantic="TEXCOORD" source="#Plane_001-mesh-map-2" offset="2" set="2"/>
          <input semantic="COLOR" source="#Plane_001-mesh-colors-Col" offset="3" set="0"/>
          <p>168 44 78 78 167 54 79 79 170 55 80 80 122 18 192 192 120 29 193 193 121 19 194 194 169 56 672 672 170 55 673 673 167 54 674 674 170 55 675 675 174 61 676 676 158 59 677 677 174 61 678 678 177 60 679 679 158 59 680 680 158 59 681 681 157 46 682 682 155 45 683 683 157 46 684 684 156 40 685 685 155 45 686 686 155 45 687 687 168 44 688 688 170 55 689 689 158 59 690 690 155 45 691 691 170 55 692 692 122 18 756 756 136 110 757 757 126 38 758 758 136 110 759 759 135 25 760 760 126 38 761 761 126 38 762 762 125 34 763 763 124 32 764 764 122 18 765 765 126 38 766 766 123 15 767 767 124 32 768 768 123 15 769 769 126 38 770 770 123 15 771 771 120 29 772 772 122 18 773 773 120 29 774 774 119 31 775 775 121 19 776 776</p>
        </triangles>
        <triangles material="industrial-material" count="66">
          <input semantic="VERTEX" source="#Plane_001-mesh-vertices" offset="0"/>
          <input semantic="NORMAL" source="#Plane_001-mesh-normals" offset="1"/>
          <input semantic="TEXCOORD" source="#Plane_001-mesh-map-0" offset="2" set="0"/>
          <input semantic="TEXCOORD" source="#Plane_001-mesh-map-1" offset="2" set="1"/>
          <input semantic="TEXCOORD" source="#Plane_001-mesh-map-2" offset="2" set="2"/>
          <input semantic="COLOR" source="#Plane_001-mesh-colors-Col" offset="3" set="0"/>
          <p>2 124 330 330 1 125 331 331 0 126 332 332 5 127 333 333 3 128 334 334 2 124 335 335 4 129 336 336 9 130 337 337 5 127 338 338 0 126 339 339 8 131 340 340 4 129 341 341 1 125 342 342 15 132 343 343 8 131 344 344 7 133 345 345 15 132 346 346 14 134 347 347 7 133 348 348 14 134 349 349 9 130 350 350 13 135 351 351 7 133 352 352 9 130 353 353 12 136 354 354 9 130 355 355 8 131 356 356 7 133 357 357 10 137 358 358 6 138 359 359 10 137 360 360 8 131 361 361 6 138 362 362 9 130 363 363 14 134 364 364 3 128 365 365 14 134 366 366 1 125 367 367 3 128 368 368 15 132 369 369 6 138 370 370 8 131 371 371 30 139 372 372 24 139 373 373 22 140 374 374 29 141 375 375 26 142 376 376 27 142 377 377 68 143 378 378 72 144 379 379 37 145 380 380 42 149 384 384 45 150 385 385 43 147 386 386 48 151 387 387 47 152 388 388 49 153 389 389 41 150 390 390 70 150 391 391 71 150 392 392 83 154 393 393 82 155 394 394 81 156 395 395 86 157 396 396 84 158 397 397 83 154 398 398 85 159 399 399 90 160 400 400 86 157 401 401 81 156 402 402 89 161 403 403 85 159 404 404 82 155 405 405 96 162 406 406 89 161 407 407 95 163 408 408 87 164 409 409 96 162 410 410 88 165 411 411 95 163 412 412 90 160 413 413 94 166 414 414 88 165 415 415 90 160 416 416 89 161 417 417 94 166 418 418 90 160 419 419 92 167 420 420 87 164 421 421 88 165 422 422 91 168 423 423 89 161 424 424 87 164 425 425 90 160 426 426 95 163 427 427 84 158 428 428 95 163 429 429 82 155 430 430 84 158 431 431 96 162 432 432 87 164 433 433 89 161 434 434 97 142 435 435 100 169 436 436 98 142 437 437 99 170 438 438 102 171 439 439 100 169 440 440 103 142 441 441 106 142 442 442 104 142 443 443 2 124 444 444 3 128 445 445 1 125 446 446 5 127 447 447 9 130 448 448 3 128 449 449 4 129 450 450 8 131 451 451 9 130 452 452 0 126 453 453 1 125 454 454 8 131 455 455 7 133 456 456 6 138 457 457 15 132 458 458 13 135 459 459 11 172 460 460 7 133 461 461 12 136 462 462 13 135 463 463 9 130 464 464 7 133 465 465 11 172 466 466 10 137 467 467 10 137 468 468 12 136 469 469 8 131 470 470 14 134 471 471 15 132 472 472 1 125 473 473 30 139 474 474 31 173 475 475 24 139 476 476 29 141 477 477 28 174 478 478 26 142 479 479 68 143 480 480 69 152 481 481 72 144 482 482 42 149 483 483 44 150 484 484 45 150 485 485 48 151 489 489 46 152 490 490 47 152 491 491 41 150 492 492 40 150 493 493 70 150 494 494 83 154 495 495 84 158 496 496 82 155 497 497 86 157 498 498 90 160 499 499 84 158 500 500 85 159 501 501 89 161 502 502 90 160 503 503 81 156 504 504 82 155 505 505 89 161 506 506 95 163 507 507 88 165 508 508 87 164 509 509 94 166 510 510 92 167 511 511 88 165 512 512 89 161 513 513 93 177 514 514 94 166 515 515 92 167 516 516 91 168 517 517 87 164 518 518 91 168 519 519 93 177 520 520 89 161 521 521 95 163 522 522 96 162 523 523 82 155 524 524 97 142 525 525 99 170 526 526 100 169 527 527 99 170 528 528 101 171 529 529 102 171 530 530 103 142 531 531 105 142 532 532 106 142 533 533</p>
        </triangles>
        <triangles material="windows_doors_reflective-material" count="6">
          <input semantic="VERTEX" source="#Plane_001-mesh-vertices" offset="0"/>
          <input semantic="NORMAL" source="#Plane_001-mesh-normals" offset="1"/>
          <input semantic="TEXCOORD" source="#Plane_001-mesh-map-0" offset="2" set="0"/>
          <input semantic="TEXCOORD" source="#Plane_001-mesh-map-1" offset="2" set="1"/>
          <input semantic="TEXCOORD" source="#Plane_001-mesh-map-2" offset="2" set="2"/>
          <input semantic="COLOR" source="#Plane_001-mesh-colors-Col" offset="3" set="0"/>
          <p>31 173 534 534 28 174 535 535 29 141 536 536 65 178 537 537 67 179 538 538 66 180 539 539 31 173 540 540 30 139 541 541 28 174 542 542 65 178 543 543 64 181 544 544 67 179 545 545 77 182 546 546 79 183 547 547 78 184 548 548 77 182 825 825 80 202 826 826 79 183 827 827</p>
        </triangles>
        <triangles material="corrugation-material" count="12">
          <input semantic="VERTEX" source="#Plane_001-mesh-vertices" offset="0"/>
          <input semantic="NORMAL" source="#Plane_001-mesh-normals" offset="1"/>
          <input semantic="TEXCOORD" source="#Plane_001-mesh-map-0" offset="2" set="0"/>
          <input semantic="TEXCOORD" source="#Plane_001-mesh-map-1" offset="2" set="1"/>
          <input semantic="TEXCOORD" source="#Plane_001-mesh-map-2" offset="2" set="2"/>
          <input semantic="COLOR" source="#Plane_001-mesh-colors-Col" offset="3" set="0"/>
          <p>228 195 621 621 230 196 622 622 229 197 623 623 232 198 624 624 233 199 625 625 231 200 626 626 233 199 627 627 229 197 628 628 230 196 629 629 231 200 630 630 230 196 631 631 227 201 632 632 234 179 633 633 228 195 634 634 229 197 635 635 232 198 636 636 227 201 637 637 228 195 638 638 228 195 828 828 227 201 829 829 230 196 830 830 232 198 831 831 234 179 832 832 233 199 833 833 233 199 834 834 234 179 835 835 229 197 836 836 231 200 837 837 233 199 838 838 230 196 839 839 234 179 840 840 232 198 841 841 228 195 842 842 232 198 843 843 231 200 844 844 227 201 845 845</p>
        </triangles>
        <triangles material="brick_painted-material" count="28">
          <input semantic="VERTEX" source="#Plane_001-mesh-vertices" offset="0"/>
          <input semantic="NORMAL" source="#Plane_001-mesh-normals" offset="1"/>
          <input semantic="TEXCOORD" source="#Plane_001-mesh-map-0" offset="2" set="0"/>
          <input semantic="TEXCOORD" source="#Plane_001-mesh-map-1" offset="2" set="1"/>
          <input semantic="TEXCOORD" source="#Plane_001-mesh-map-2" offset="2" set="2"/>
          <input semantic="COLOR" source="#Plane_001-mesh-colors-Col" offset="3" set="0"/>
          <p>36 146 381 381 43 147 382 382 37 148 383 383 48 151 486 486 23 175 487 487 25 176 488 488 20 185 549 549 18 186 550 550 17 185 551 551 53 150 552 552 58 150 553 553 57 150 554 554 19 152 555 555 17 185 556 556 16 152 557 557 24 139 558 558 23 175 559 559 22 140 560 560 35 187 561 561 33 142 562 562 32 142 563 563 39 150 564 564 38 188 565 565 35 187 566 566 63 189 567 567 54 190 568 568 62 191 569 569 56 150 570 570 50 150 571 571 51 150 572 572 65 178 573 573 60 192 574 574 61 193 575 575 64 181 576 576 61 193 577 577 63 189 578 578 62 191 579 579 64 181 580 580 63 189 581 581 66 180 582 582 62 191 583 583 60 192 584 584 20 185 585 585 21 186 586 586 18 186 587 587 53 150 588 588 52 150 589 589 58 150 590 590 19 152 591 591 20 185 592 592 17 185 593 593 24 139 594 594 25 176 595 595 23 175 596 596 35 187 597 597 38 188 598 598 33 142 599 599 39 150 600 600 34 150 601 601 38 188 602 602 63 189 603 603 55 194 604 604 54 190 605 605 56 150 606 606 59 150 607 607 50 150 608 608 65 178 609 609 66 180 610 610 60 192 611 611 64 181 612 612 65 178 613 613 61 193 614 614 62 191 615 615 67 179 616 616 64 181 617 617 66 180 618 618 67 179 619 619 62 191 620 620 36 146 819 819 42 149 820 820 43 147 821 821 48 151 822 822 49 153 823 823 23 175 824 824</p>
        </triangles>
      </mesh>
    </geometry>
    <geometry id="Plane_698-mesh" name="Plane.698">
      <mesh>
        <source id="Plane_698-mesh-positions">
          <float_array id="Plane_698-mesh-positions-array" count="441">995.0743 -308.3126 158.1068 995.0743 -308.3126 164.8286 996.2095 -308.317 158.1068 996.2095 -308.317 164.8286 995.0776 -307.4859 158.1068 996.2127 -307.4905 158.1068 995.0776 -307.486 165.6552 996.2127 -307.4905 165.6552 995.0776 -307.486 164.8286 996.2127 -307.4905 164.8286 995.08 -306.8679 165.6552 996.2153 -306.8723 165.6552 995.08 -306.8679 164.8286 996.2153 -306.8724 164.8286 1010.816 -298.6016 162.5228 1010.816 -306.9677 162.5228 993.7836 -306.9677 162.5228 1010.816 -298.6016 165.9971 1010.816 -306.9677 165.9971 993.7836 -306.9677 165.9971 993.7836 -298.6016 165.9971 1011.428 -307.6765 165.9971 993.1713 -307.6765 165.9971 1011.428 -297.8928 167.4971 1011.428 -307.6765 167.4971 993.1713 -307.6765 167.4971 993.1713 -297.8929 167.4971 994.7478 -298.6016 162.5228 993.7836 -299.3654 162.5228 993.7836 -298.6016 162.5228 994.7478 -298.6016 165.9971 993.7836 -299.3654 165.9971 993.7836 -298.6016 165.9971 993.7838 -303.1436 162.5228 993.7838 -303.1436 165.9971 994.0833 -303.1436 162.5228 994.0833 -303.1436 165.9971 994.0833 -299.3654 162.5228 994.0833 -299.3654 165.9971 1001.932 -298.6017 162.5228 1001.932 -298.6017 165.9971 994.7478 -298.8585 162.5228 994.7478 -298.8585 165.9971 1001.932 -298.8586 162.5228 1001.932 -298.8586 165.9971 1010.816 -298.6016 162.5228 1010.816 -298.6016 165.9971 1001.932 -298.6017 162.5228 1001.932 -298.6017 165.9971 1009.42 -298.8432 165.9971 1009.42 -298.6016 162.5228 1003.328 -298.6016 162.5228 1003.328 -298.6016 165.9971 1009.42 -298.6016 165.9971 1009.42 -298.8432 162.5228 1009.415 -298.8586 165.9971 1009.415 -298.8586 162.5228 993.7836 -306.9677 162.5228 993.7836 -306.9677 165.9971 993.7838 -303.1436 162.5228 993.7838 -303.1436 165.9971 993.7838 -304.5557 165.9971 993.7836 -305.5557 165.9971 993.7836 -305.5557 165.9971 993.7838 -304.5557 165.9971 993.7838 -304.5557 162.5228 993.7836 -305.5557 162.5228 993.7838 -304.5557 162.5228 993.7836 -305.5557 162.5228 993.7838 -304.5557 164.9971 993.7836 -305.5557 164.9971 993.7836 -305.5557 164.9971 993.7836 -305.5557 162.5228 993.7838 -304.5557 162.5228 993.7838 -304.5557 164.9971 1011.443 -297.8707 166.6258 1011.443 -307.6987 166.6258 993.1563 -307.6988 166.6258 993.1563 -297.8706 166.6258 1011.443 -297.8707 167.0812 1011.443 -307.6987 167.0812 993.1563 -307.6988 167.0812 993.1563 -297.8706 167.0812 1003.326 -298.8585 165.9971 1003.326 -298.8585 162.5228 1009.415 -298.6017 165.9971 1009.415 -298.6017 162.5228 1003.326 -298.6016 165.9971 1003.326 -298.6016 162.5228 994.7478 -298.8585 162.9971 994.7478 -298.8585 165.9971 1001.932 -298.8586 162.5228 1001.932 -298.8586 165.9971 997.8249 -298.8585 162.5228 997.8249 -298.8585 165.2663 998.8693 -298.8586 162.5228 996.7806 -298.8585 162.9971 996.7806 -298.8585 165.9971 998.8693 -298.8586 165.9971 996.7806 -298.8585 165.9971 998.8693 -298.8586 165.9971 998.8693 -298.8586 165.2663 996.7806 -298.8585 165.2663 996.7806 -298.8585 162.5228 998.8693 -298.8586 162.5228 998.8693 -298.8586 165.2663 996.7806 -298.8585 165.2663 1006.901 -308.3125 157.6326 1006.901 -308.3125 164.8286 1008.037 -308.317 157.6326 1008.037 -308.317 164.8286 1006.905 -307.4859 157.6326 1008.04 -307.4904 157.6326 1006.905 -307.4859 165.6552 1008.04 -307.4904 165.6552 1006.905 -307.4859 164.8286 1008.04 -307.4904 164.8286 1006.907 -306.8678 165.6552 1008.042 -306.8723 165.6552 1006.907 -306.8678 164.8286 1008.042 -306.8723 164.8286 1009.572 -298.7751 164.1304 1003.159 -298.7751 164.1304 1009.572 -298.7751 162.5105 1003.159 -298.7751 162.5105 1009.572 -298.8046 164.07 1003.159 -298.8046 164.07 1009.572 -298.8046 165.9971 1003.159 -298.8046 165.9971 1011.443 -297.8707 166.3936 1011.443 -307.6987 166.3936 993.1563 -307.6988 166.3936 993.1563 -297.8706 166.3936 1011.443 -297.8707 166.52 1011.443 -307.6987 166.52 993.1563 -307.6988 166.52 993.1563 -297.8706 166.52 1011.443 -297.8707 167.2192 1011.443 -307.6987 167.2192 993.1563 -307.6988 167.2192 993.1563 -297.8706 167.2192 1011.443 -297.8707 167.3456 1011.443 -307.6987 167.3456 993.1563 -307.6988 167.3456 993.1563 -297.8706 167.3456 993.1713 -297.8929 165.9971 1011.428 -297.8928 165.9971</float_array>
          <technique_common>
            <accessor source="#Plane_698-mesh-positions-array" count="147" stride="3">
              <param name="X" type="float"/>
              <param name="Y" type="float"/>
              <param name="Z" type="float"/>
            </accessor>
          </technique_common>
        </source>
        <source id="Plane_698-mesh-normals">
          <float_array id="Plane_698-mesh-normals-array" count="255">-0.003897845 -0.9999924 0 0.9999932 -0.003691196 0 0.004033267 0.999992 0 -0.9999919 0.004041969 0 0.9999943 -0.003394186 0 -0.9999917 0.004109084 0 -0.002759337 -0.70713 0.7070782 0.9999908 -0.004300594 0 2.20884e-6 0 -1 0 0 1 -0.9999937 0.003583669 0 0 -1 0 -1 0 0 1 0 0 -5.01471e-6 1 0 0 1 0 0 0 -1 -6.55826e-5 1 0 4.38336e-5 1 0 0.9999923 -0.003930628 0 -2.66814e-6 0 1 -1 1.2207e-4 0 -1 1.97341e-4 0 0 0 0 5.00634e-6 1 0 5.0063e-6 -1 0 8.76633e-5 1 0 -0.003975749 -0.9999921 0 0.9999935 -0.003611743 0 0.003952622 0.9999922 0 -0.9999923 0.003927648 5.11587e-5 -0.9999896 0.004531264 -5.71498e-4 -0.9999924 0.0039258 0 -0.9999907 0.004344344 0 -0.9999907 0.004344344 0 -0.9999906 0.004344344 0 -0.002826452 -0.7071245 0.7070834 0.9999924 -0.003920078 0 0.9999929 -0.003801405 1.46019e-4 0.9999923 -0.003920078 0 2.1748e-5 0 -1 5.60706e-6 0 1 -0.9999942 0.003411293 -1.39299e-4 -0.9999945 0.003306984 2.68762e-4 -0.9999936 0.003585398 0 5.00631e-6 1 0 5.00624e-6 -1 0 5.00568e-6 1 0 5.00568e-6 -1 0 -1.48936e-5 0 -1 0.9999926 -0.00386697 0 0.003925204 0.9999924 1.59989e-5 -0.9999918 0.004042565 0 -0.002767503 -0.7070811 0.7071271 0.9999918 -0.004061102 6.99872e-7 1.32473e-5 0 1 -0.9999918 0.004061341 0 -5.1553e-7 0 1 4.38313e-5 1 0 2.87692e-7 0 -1 3.39428e-7 0 -1 4.87824e-6 0 1 -1 2.44141e-4 0 5.00675e-6 1 0 5.00679e-6 -1 0 8.76626e-5 1 0 -0.003976225 -0.9999921 0 0.003952205 0.9999923 0 -0.9999899 0.004501223 -2.23667e-4 -0.9999902 0.00444585 0 -0.9999902 0.00444585 0 -0.002797663 -0.707081 0.707127 0.9999923 -0.003928363 4.60681e-4 0.9999918 -0.004063189 0 0.9999915 -0.004107236 -2.38844e-4 -1.6994e-5 0 -1 -0.9999929 0.003801465 1.46022e-4 -0.9999923 0.003920078 2.75735e-7 -0.9999924 0.003920078 0 5.00705e-6 1 0 5.00712e-6 -1 0 5.00729e-6 1 0 5.00729e-6 -1 0 0 0 -1 3.31291e-5 0 -1</float_array>
          <technique_common>
            <accessor source="#Plane_698-mesh-normals-array" count="85" stride="3">
              <param name="X" type="float"/>
              <param name="Y" type="float"/>
              <param name="Z" type="float"/>
            </accessor>
          </technique_common>
        </source>
        <source id="Plane_698-mesh-map-0">
          <float_array id="Plane_698-mesh-map-0-array" count="888">-0.001298487 0.2150577 0.5710842 0.1420102 -0.001268327 0.1420102 -0.001320362 0.2150577 0.5710539 0.1420102 -0.001298487 0.1420102 -0.001246333 0.2150577 0.5711363 0.1420102 -0.001216173 0.1420102 -0.001268327 0.2150577 0.5711061 0.1420102 -0.001246333 0.1420102 0.5248469 0.5613753 0.4887571 0.5269665 0.4887572 0.5751758 0.5807332 0.5750378 0.5807332 0.5274264 0.5331227 0.5274274 0.4283518 0.2138004 0.5249616 0.1420379 0.4283519 0.1420378 0.5248076 0.5269664 0.4887572 0.5751759 0.4887571 0.5269664 0.283913 0.4393018 0.3185068 0.5028339 0.3185067 0.4393006 0.5249616 0.2138006 0.5729448 0.1420392 0.5249616 0.1420379 0.6163366 0.5750378 0.5807332 0.5274264 0.5807332 0.5750378 0.6128017 0.337416 0.810054 0.3177137 0.6128017 0.3177137 0.7125549 1.716313 4.970612 0.9663134 0.7125549 0.9663134 0.6534081 0.7163134 0.300396 -0.03368651 0.300396 0.7163134 0.7889137 1.716313 -1.302614 0.9663134 0.7889137 0.9663134 0.5262338 0.5200902 1.093149 0.4331727 0.5262338 0.4331727 0.5356674 0.3121147 3.274231 1.779665 3.274231 0.3121147 0.5136985 0.5200902 -0.05321663 0.4331727 0.5136985 0.4331727 0.5502293 0.5200902 -0.5076782 0.4331727 0.5502293 0.4331727 0.5353328 0.5200902 1.59324 0.4331727 0.5353328 0.4331727 0.9706116 1.716313 0.7296066 0.9663134 0.9706116 0.9663134 0.5979843 1.716313 0.7889137 0.9663134 0.5979843 0.9663134 0.1782827 0.5692746 0.00100553 0.4243043 0.00100553 0.5692746 0.547051 0.337416 0.3497987 0.3177157 0.547051 0.3177157 0.5159301 0.337416 0.2675037 0.3177157 0.5159301 0.3177137 0.9335556 0.9663134 0.5846329 1.716313 0.5846329 0.9663134 0.5881104 0.3397273 0.8253406 0.3194145 0.5881104 0.3194146 0.8127307 0.7196259 0.6841993 0.7470698 0.6841993 0.7196259 0.5090336 0.3397219 0.2718035 0.3194091 0.5090336 0.3194091 0.5248469 0.5613753 0.4887571 0.5269664 0.4887572 0.5751759 0.5947977 0.3399673 1.162899 0.31966 1.162901 0.3399726 1.061478 0.9663134 0.7125549 1.716313 0.7125549 0.9663134 0.7285156 0.9663134 0.7889118 1.716313 0.7889118 0.9663134 0.5947977 0.3399673 1.162899 0.31966 1.162901 0.3399726 0.5302847 0.31966 -0.03781598 0.3399673 0.5302872 0.3399726 0.5090336 0.3397219 0.2718035 0.3194091 0.5090336 0.3194091 0.0503959 0.4663134 0.300396 0.7163134 0.300396 0.4663134 1.050396 0.7163134 0.6973858 -0.03368651 0.6973858 0.7163134 0.9706116 0.0503959 0.970604 0.300396 0.9706116 0.0503959 0.7653648 0.3810798 0.8401875 0.5301335 0.8401874 0.3810798 0.9706116 0.4663134 0.9706116 -0.03368651 0.9706116 0.4663134 0.970604 0.300396 0.9706116 0.0503959 0.970604 0.300396 0.970604 0.9663134 0.970604 1.466313 0.970604 0.9663134 2.250093 0.8521096 0.5473322 0.894515 0.5473322 0.8521096 -1.31493 0.8521096 0.3878311 0.894515 0.3878311 0.8521096 -0.2128674 0.8521096 0.7022577 0.894515 0.7022577 0.8521096 1.447163 0.8521096 0.5320374 0.894515 0.5320374 0.8521096 0.5881104 0.3397273 0.8253406 0.3194145 0.5881104 0.3194146 0.8127307 0.7470698 0.937862 0.633133 0.937862 0.7470698 0.8398893 0.1843872 0.7569379 0.3778442 0.7569379 0.1843872 0.495645 0.7470698 0.6841993 0.633133 0.6841993 0.7470698 0.7569379 0.1843872 0.8398893 0.3778442 0.8398893 0.1843872 -0.001298487 0.2150577 0.5710842 0.1420102 -0.001268327 0.1420102 -0.001320362 0.2150577 0.5710539 0.1420102 -0.001298487 0.1420102 -0.001246333 0.2150577 0.5711363 0.1420102 -0.001216173 0.1420102 -0.001268327 0.2150577 0.5711061 0.1420102 -0.001246333 0.1420102 0.5807333 0.5750378 0.5807331 0.5274264 0.5331227 0.5274274 0.4283518 0.2138004 0.5249616 0.1420379 0.4283518 0.1420378 0.5248076 0.5269664 0.4887572 0.5751758 0.4887571 0.5269665 0.3185067 0.4393006 0.283913 0.502835 0.3185068 0.5028339 0.5729447 0.213802 0.5249616 0.1420379 0.5249616 0.2138006 0.6163366 0.5750378 0.5807331 0.5274264 0.5807333 0.5750378 0.6891735 0.4351675 0.2559044 0.5196613 0.2559044 0.4351675 0.9928246 0.2650813 0.006071448 0.3439506 0.9928246 0.3439506 2.250093 0.8521096 0.5473322 0.894515 0.5473322 0.8521096 -1.31493 0.8521096 0.3878311 0.894515 0.3878311 0.8521096 -0.2128674 0.8521096 0.7022577 0.894515 0.7022577 0.8521096 1.447163 0.8521096 0.5320374 0.894515 0.5320374 0.8521096 2.250093 0.8521096 0.5473322 0.894515 0.5473322 0.8521096 -1.31493 0.8521096 0.3878311 0.894515 0.3878311 0.8521096 -0.2128674 0.8521096 0.7022577 0.894515 0.7022577 0.8521096 1.447163 0.8521096 0.5320374 0.894515 0.5320374 0.8521096 0.6949911 -4.019586 0.009072661 4.517726 0.00906825 -3.723279 0.00280565 -3.723277 0.6886572 4.814144 0.00280112 4.517846 0.6711218 -4.402005 0.003180146 0.5471283 0.003126204 -4.015448 0.01221787 -4.01545 0.680119 0.933638 0.01217335 0.5471017 -0.001298487 0.2150577 0.5710539 0.2150577 0.5710842 0.1420102 -0.001320362 0.2150577 0.5710321 0.2150577 0.5710539 0.1420102 -0.001246333 0.2150577 0.571106 0.2150577 0.5711363 0.1420102 -0.001268327 0.2150577 0.5710842 0.2150577 0.5711061 0.1420102 0.4283518 0.2138004 0.5249616 0.2138006 0.5249616 0.1420379 0.5248076 0.5269664 0.5248078 0.5751758 0.4887572 0.5751759 0.283913 0.4393018 0.283913 0.502835 0.3185068 0.5028339 0.5249616 0.2138006 0.5729447 0.213802 0.5729448 0.1420392 0.6163366 0.5750378 0.6163365 0.5274264 0.5807332 0.5274264 0.6128017 0.337416 0.810054 0.337416 0.810054 0.3177137 0.7125549 1.716313 4.970612 1.716313 4.970612 0.9663134 0.6534081 0.7163134 0.6534081 -0.03368651 0.300396 -0.03368651 0.7889137 1.716313 -1.302614 1.716313 -1.302614 0.9663134 0.5262338 0.5200902 1.093149 0.5200902 1.093149 0.4331727 0.5356674 0.3121147 0.5356674 1.779665 3.274231 1.779665 0.5136985 0.5200902 -0.05321663 0.5200902 -0.05321663 0.4331727 0.5502293 0.5200902 -0.5076782 0.5200902 -0.5076782 0.4331727 0.5353328 0.5200902 1.59324 0.5200902 1.59324 0.4331727 0.9706116 1.716313 0.7296066 1.716313 0.7296066 0.9663134 0.5979843 1.716313 0.7889137 1.716313 0.7889137 0.9663134 0.1782827 0.5692746 0.1782827 0.4243043 0.00100553 0.4243043 0.547051 0.337416 0.3497987 0.337416 0.3497987 0.3177157 0.5159301 0.337416 0.2675043 0.337416 0.2675037 0.3177157 0.9335556 0.9663134 0.9335556 1.716313 0.5846329 1.716313 0.5881104 0.3397273 0.8253406 0.3397273 0.8253406 0.3194145 0.8127307 0.7196259 0.8127307 0.7470698 0.6841993 0.7470698 0.5090336 0.3397219 0.2718035 0.3397219 0.2718035 0.3194091 0.5947977 0.3399673 0.5947977 0.3196545 1.162899 0.31966 1.061478 0.9663134 1.061478 1.716313 0.7125549 1.716313 0.7285156 0.9663134 0.7285156 1.716313 0.7889118 1.716313 0.5947977 0.3399673 0.5947977 0.3196545 1.162899 0.31966 0.5302847 0.31966 -0.03781598 0.3196545 -0.03781598 0.3399673 0.5090336 0.3397219 0.2718035 0.3397219 0.2718035 0.3194091 0.0503959 0.4663134 0.0503959 0.7163134 0.300396 0.7163134 1.050396 0.7163134 1.050396 -0.03368651 0.6973858 -0.03368651 0.9706116 0.0503959 0.970604 0.300396 0.970604 0.300396 0.7653648 0.3810798 0.7653648 0.5301335 0.8401875 0.5301335 0.9706116 0.4663134 0.9706116 -0.03368651 0.9706116 -0.03368651 0.970604 0.300396 0.9706116 0.0503959 0.9706116 0.0503959 0.970604 0.9663134 0.970604 1.466313 0.970604 1.466313 2.250093 0.8521096 2.250093 0.894515 0.5473322 0.894515 -1.31493 0.8521096 -1.31493 0.894515 0.3878311 0.894515 -0.2128674 0.8521096 -0.2128674 0.894515 0.7022577 0.894515 1.447163 0.8521096 1.447163 0.894515 0.5320374 0.894515 0.5881104 0.3397273 0.8253406 0.3397273 0.8253406 0.3194145 0.8127307 0.7470698 0.8127307 0.633133 0.937862 0.633133 0.8398893 0.1843872 0.8398893 0.3778442 0.7569379 0.3778442 0.495645 0.7470698 0.495645 0.633133 0.6841993 0.633133 0.7569379 0.1843872 0.7569379 0.3778442 0.8398893 0.3778442 -0.001298487 0.2150577 0.5710539 0.2150577 0.5710842 0.1420102 -0.001320362 0.2150577 0.5710321 0.2150577 0.5710539 0.1420102 -0.001246333 0.2150577 0.5711061 0.2150577 0.5711363 0.1420102 -0.001268327 0.2150577 0.5710842 0.2150577 0.5711061 0.1420102 0.4283518 0.2138004 0.5249616 0.2138006 0.5249616 0.1420379 0.5248076 0.5269664 0.5248078 0.5751758 0.4887572 0.5751758 0.3185067 0.4393006 0.283913 0.4393018 0.283913 0.502835 0.5729447 0.213802 0.5729448 0.1420392 0.5249616 0.1420379 0.6163366 0.5750378 0.6163365 0.5274264 0.5807331 0.5274264 0.6891735 0.4351675 0.6891735 0.5196613 0.2559044 0.5196613 0.9928246 0.2650813 0.006071329 0.2650813 0.006071448 0.3439506 2.250093 0.8521096 2.250093 0.894515 0.5473322 0.894515 -1.31493 0.8521096 -1.31493 0.894515 0.3878311 0.894515 -0.2128674 0.8521096 -0.2128674 0.894515 0.7022577 0.894515 1.447163 0.8521096 1.447163 0.894515 0.5320374 0.894515 2.250093 0.8521096 2.250093 0.894515 0.5473322 0.894515 -1.31493 0.8521096 -1.31493 0.894515 0.3878311 0.894515 -0.2128674 0.8521096 -0.2128674 0.894515 0.7022577 0.894515 1.447163 0.8521096 1.447163 0.894515 0.5320374 0.894515 0.6949911 -4.019586 0.6950151 4.814024 0.009072661 4.517726 0.00280565 -3.723277 0.688677 -4.01958 0.6886572 4.814144 0.6711218 -4.402005 0.6710934 0.9336652 0.003180146 0.5471283 0.01221787 -4.01545 0.6800666 -4.40197 0.680119 0.933638</float_array>
          <technique_common>
            <accessor source="#Plane_698-mesh-map-0-array" count="444" stride="2">
              <param name="S" type="float"/>
              <param name="T" type="float"/>
            </accessor>
          </technique_common>
        </source>
        <source id="Plane_698-mesh-map-1">
          <float_array id="Plane_698-mesh-map-1-array" count="888">0 0 0 0 0 0 0 0 0 0 0 0 0 0 0 0 0 0 0 0 0 0 0 0 0 0 0 0 0 0 0 0 0 0 0 0 0 0 0 0 0 0 0 0 0 0 0 0 0 0 0 0 0 0 0 0 0 0 0 0 0 0 0 0 0 0 0 0 0 0 0 0 0 0 0 0 0 0 0 0 0 0 0 0 0 0 0 0 0 0 0 0 0 0 0 0 0 0 0 0 0 0 0 0 0 0 0 0 0 0 0 0 0 0 0 0 0 0 0 0 0 0 0 0 0 0 0 0 0 0 0 0 0 0 0 0 0 0 0 0 0 0 0 0 0 0 0 0 0 0 0 0 0 0 0 0 0 0 0 0 0 0 0 0 0 0 0 0 0 0 0 0 0 0 0 0 0 0 0 0 0 0 0 0 0 0 0 0 0 0 0 0 0 0 0 0 0 0 0 0 0 0 0 0 0 0 0 0 0 0 0 0 0 0 0 0 0 0 0 0 0 0 0 0 0 0 0 0 0 0 0 0 0 0 0 0 0 0 0 0 0 0 0 0 0 0 0 0 0 0 0 0 0 0 0 0 0 0 0 0 0 0 0 0 0 0 0 0 0 0 0 0 0 0 0 0 0 0 0 0 0 0 0 0 0 0 0 0 0 0 0 0 0 0 0 0 0 0 0 0 0 0 0 0 0 0 0 0 0 0 0 0 0 0 0 0 0 0 0 0 0 0 0 0 0 0 0 0 0 0 0 0 0 0 0 0 0 0 0 0 0 0 0 0 0 0 0 0 0 0 0 0 0 0 0 0 0 0 0 0 0 0 0 0 0 0 0 0 0 0 0 0 0 0 0 0 0 0 0 0 0 0 0 0 0 0 0 0 0 0 0 0 0 0 0 0 0 0 0 0 0 0 0 0 0 0 0 0 0 0 0 0 0 0 0 0 0 0 0 0 0 0 0 0 0 0 0 0 0 0 0 0 0 0 0 0 0 0 0 0 0 0 0 0 0 0 0 0 0 0 0 0 0 0 0 0 0 0 0 0 0 0 0 0 0 0 0 0 0 0 0 0 0 0 0 0 0 0 0 0 0 0 0 0 0 0 0 0 0 0 0 0 0 0 0 0 0 0 0 0 0 0 0 0 0 0 0 0 0 0 0 0 0 0 0 0 0 0 0 0 0 0 0 0 0 0 0 0 0 0 0 0 0 0 0 0 0 0 0 0 0 0 0 0 0 0 0 0 0 0 0 0 0 0 0 0 0 0 0 0 0 0 0 0 0 0 0 0 0 0 0 0 0 0 0 0 0 0 0 0 0 0 0 0 0 0 0 0 0 0 0 0 0 0 0 0 0 0 0 0 0 0 0 0 0 0 0 0 0 0 0 0 0 0 0 0 0 0 0 0 0 0 0 0 0 0 0 0 0 0 0 0 0 0 0 0 0 0 0 0 0 0 0 0 0 0 0 0 0 0 0 0 0 0 0 0 0 0 0 0 0 0 0 0 0 0 0 0 0 0 0 0 0 0 0 0 0 0 0 0 0 0 0 0 0 0 0 0 0 0 0 0 0 0 0 0 0 0 0 0 0 0 0 0 0 0 0 0 0 0 0 0 0 0 0 0 0 0 0 0 0 0 0 0 0 0 0 0 0 0 0 0 0 0 0 0 0 0 0 0 0 0 0 0 0 0 0 0 0 0 0 0 0 0 0 0 0 0 0 0 0 0 0 0 0 0 0 0 0 0 0 0 0 0 0 0 0 0 0 0 0 0 0 0 0 0 0 0 0 0 0 0 0 0 0 0 0 0 0 0 0 0 0 0 0 0 0 0 0 0 0 0 0 0 0 0 0 0 0 0 0 0 0 0 0 0 0 0 0 0 0 0 0 0 0 0 0 0 0 0 0 0 0 0 0 0 0 0 0 0 0 0 0 0 0 0 0 0 0 0 0 0 0 0 0 0 0 0 0 0 0 0 0 0 0 0 0 0 0 0 0 0 0 0 0 0 0 0</float_array>
          <technique_common>
            <accessor source="#Plane_698-mesh-map-1-array" count="444" stride="2">
              <param name="S" type="float"/>
              <param name="T" type="float"/>
            </accessor>
          </technique_common>
        </source>
        <source id="Plane_698-mesh-map-2">
          <float_array id="Plane_698-mesh-map-2-array" count="888">0 0 0 0 0 0 0 0 0 0 0 0 0 0 0 0 0 0 0 0 0 0 0 0 0 0 0 0 0 0 0 0 0 0 0 0 0 0 0 0 0 0 0 0 0 0 0 0 0 0 0 0 0 0 0 0 0 0 0 0 0 0 0 0 0 0 0 0 0 0 0 0 0 0 0 0 0 0 0 0 0 0 0 0 0 0 0 0 0 0 0 0 0 0 0 0 0 0 0 0 0 0 0 0 0 0 0 0 0 0 0 0 0 0 0 0 0 0 0 0 0 0 0 0 0 0 0 0 0 0 0 0 0 0 0 0 0 0 0 0 0 0 0 0 0 0 0 0 0 0 0 0 0 0 0 0 0 0 0 0 0 0 0 0 0 0 0 0 0 0 0 0 0 0 0 0 0 0 0 0 0 0 0 0 0 0 0 0 0 0 0 0 0 0 0 0 0 0 0 0 0 0 0 0 0 0 0 0 0 0 0 0 0 0 0 0 0 0 0 0 0 0 0 0 0 0 0 0 0 0 0 0 0 0 0 0 0 0 0 0 0 0 0 0 0 0 0 0 0 0 0 0 0 0 0 0 0 0 0 0 0 0 0 0 0 0 0 0 0 0 0 0 0 0 0 0 0 0 0 0 0 0 0 0 0 0 0 0 0 0 0 0 0 0 0 0 0 0 0 0 0 0 0 0 0 0 0 0 0 0 0 0 0 0 0 0 0 0 0 0 0 0 0 0 0 0 0 0 0 0 0 0 0 0 0 0 0 0 0 0 0 0 0 0 0 0 0 0 0 0 0 0 0 0 0 0 0 0 0 0 0 0 0 0 0 0 0 0 0 0 0 0 0 0 0 0 0 0 0 0 0 0 0 0 0 0 0 0 0 0 0 0 0 0 0 0 0 0 0 0 0 0 0 0 0 0 0 0 0 0 0 0 0 0 0 0 0 0 0 0 0 0 0 0 0 0 0 0 0 0 0 0 0 0 0 0 0 0 0 0 0 0 0 0 0 0 0 0 0 0 0 0 0 0 0 0 0 0 0 0 0 0 0 0 0 0 0 0 0 0 0 0 0 0 0 0 0 0 0 0 0 0 0 0 0 0 0 0 0 0 0 0 0 0 0 0 0 0 0 0 0 0 0 0 0 0 0 0 0 0 0 0 0 0 0 0 0 0 0 0 0 0 0 0 0 0 0 0 0 0 0 0 0 0 0 0 0 0 0 0 0 0 0 0 0 0 0 0 0 0 0 0 0 0 0 0 0 0 0 0 0 0 0 0 0 0 0 0 0 0 0 0 0 0 0 0 0 0 0 0 0 0 0 0 0 0 0 0 0 0 0 0 0 0 0 0 0 0 0 0 0 0 0 0 0 0 0 0 0 0 0 0 0 0 0 0 0 0 0 0 0 0 0 0 0 0 0 0 0 0 0 0 0 0 0 0 0 0 0 0 0 0 0 0 0 0 0 0 0 0 0 0 0 0 0 0 0 0 0 0 0 0 0 0 0 0 0 0 0 0 0 0 0 0 0 0 0 0 0 0 0 0 0 0 0 0 0 0 0 0 0 0 0 0 0 0 0 0 0 0 0 0 0 0 0 0 0 0 0 0 0 0 0 0 0 0 0 0 0 0 0 0 0 0 0 0 0 0 0 0 0 0 0 0 0 0 0 0 0 0 0 0 0 0 0 0 0 0 0 0 0 0 0 0 0 0 0 0 0 0 0 0 0 0 0 0 0 0 0 0 0 0 0 0 0 0 0 0 0 0 0 0 0 0 0 0 0 0 0 0 0 0 0 0 0 0 0 0 0 0 0 0 0 0 0 0 0 0 0 0 0 0 0 0 0 0 0 0 0 0 0 0 0 0 0 0 0 0 0 0 0 0 0 0 0 0 0 0 0 0 0 0 0 0 0 0 0 0 0 0 0 0 0 0 0 0 0 0 0 0 0 0 0 0 0 0 0 0 0 0 0 0 0 0 0 0 0 0 0 0 0 0 0 0 0 0 0 0</float_array>
          <technique_common>
            <accessor source="#Plane_698-mesh-map-2-array" count="444" stride="2">
              <param name="S" type="float"/>
              <param name="T" type="float"/>
            </accessor>
          </technique_common>
        </source>
        <source id="Plane_698-mesh-colors-Col" name="Col">
          <float_array id="Plane_698-mesh-colors-Col-array" count="1776">0.5686275 0.5686275 0.5686275 1 0.5686275 0.5686275 0.5686275 1 0.5686275 0.5686275 0.5686275 1 0.5686275 0.5686275 0.5686275 1 0.5686275 0.5686275 0.5686275 1 0.5686275 0.5686275 0.5686275 1 0.5686275 0.5686275 0.5686275 1 0.5686275 0.5686275 0.5686275 1 0.5686275 0.5686275 0.5686275 1 0.5686275 0.5686275 0.5686275 1 0.5686275 0.5686275 0.5686275 1 0.5686275 0.5686275 0.5686275 1 0.5686275 0.5686275 0.5686275 1 0.5686275 0.5686275 0.5686275 1 0.5686275 0.5686275 0.5686275 1 0.5686275 0.5686275 0.5686275 1 0.5686275 0.5686275 0.5686275 1 0.5686275 0.5686275 0.5686275 1 0.5686275 0.5686275 0.5686275 1 0.5686275 0.5686275 0.5686275 1 0.5686275 0.5686275 0.5686275 1 0.5686275 0.5686275 0.5686275 1 0.5686275 0.5686275 0.5686275 1 0.5686275 0.5686275 0.5686275 1 0.5686275 0.5686275 0.5686275 1 0.5686275 0.5686275 0.5686275 1 0.5686275 0.5686275 0.5686275 1 0.5686275 0.5686275 0.5686275 1 0.5686275 0.5686275 0.5686275 1 0.5686275 0.5686275 0.5686275 1 0.5686275 0.5686275 0.5686275 1 0.5686275 0.5686275 0.5686275 1 0.5686275 0.5686275 0.5686275 1 0.7686275 0.7647059 0.7686275 1 0.7686275 0.7647059 0.7686275 1 0.7686275 0.7647059 0.7686275 1 0.9450981 0.9529412 0.9450981 1 0.9450981 0.9529412 0.9450981 1 0.9450981 0.9529412 0.9450981 1 0.9490196 0.8313726 0.4627451 1 0.9490196 0.8313726 0.4627451 1 0.9490196 0.8313726 0.4627451 1 0.9490196 0.8313726 0.4627451 1 0.9490196 0.8313726 0.4627451 1 0.9490196 0.8313726 0.4627451 1 0.7686275 0.7647059 0.7686275 1 0.7686275 0.7647059 0.7686275 1 0.7686275 0.7647059 0.7686275 1 0.8313726 0.8156863 0.8078432 1 0.8313726 0.8156863 0.8078432 1 0.8313726 0.8156863 0.8078432 1 0.7686275 0.7647059 0.7686275 1 0.7686275 0.7647059 0.7686275 1 0.7686275 0.7647059 0.7686275 1 0.7686275 0.7647059 0.7686275 1 0.7686275 0.7647059 0.7686275 1 0.7686275 0.7647059 0.7686275 1 0.7686275 0.7647059 0.7686275 1 0.7686275 0.7647059 0.7686275 1 0.7686275 0.7647059 0.7686275 1 0.9686275 0.4392157 0.4235294 1 0.9686275 0.4392157 0.4235294 1 0.9686275 0.4392157 0.4235294 1 0.9686275 0.4392157 0.4235294 1 0.9686275 0.4392157 0.4235294 1 0.9686275 0.4392157 0.4235294 1 0.4431372 0.4901961 0.5176471 1 0.4431372 0.4901961 0.5176471 1 0.4431372 0.4901961 0.5176471 1 0.7686275 0.7647059 0.7686275 1 0.7686275 0.7647059 0.7686275 1 0.7686275 0.7647059 0.7686275 1 0.7686275 0.7647059 0.7686275 1 0.7686275 0.7647059 0.7686275 1 0.7686275 0.7647059 0.7686275 1 0.9490196 0.8313726 0.4627451 1 0.9490196 0.8313726 0.4627451 1 0.9490196 0.8313726 0.4627451 1 0.7686275 0.7647059 0.7686275 1 0.7686275 0.7647059 0.7686275 1 0.7686275 0.7647059 0.7686275 1 0.3607843 0.3803921 0.3686274 1 0.3607843 0.3803921 0.3686274 1 0.3607843 0.3803921 0.3686274 1 0.7686275 0.7647059 0.7686275 1 0.7686275 0.7647059 0.7686275 1 0.7686275 0.7647059 0.7686275 1 0.5686275 0.5686275 0.5686275 1 0.5686275 0.5686275 0.5686275 1 0.5686275 0.5686275 0.5686275 1 0.7686275 0.7647059 0.7686275 1 0.7686275 0.7647059 0.7686275 1 0.7686275 0.7647059 0.7686275 1 0.9490196 0.8313726 0.4627451 1 0.9490196 0.8313726 0.4627451 1 0.9490196 0.8313726 0.4627451 1 0.9490196 0.8313726 0.4627451 1 0.9490196 0.8313726 0.4627451 1 0.9490196 0.8313726 0.4627451 1 0.7686275 0.7647059 0.7686275 1 0.7686275 0.7647059 0.7686275 1 0.7686275 0.7647059 0.7686275 1 0.7686275 0.7647059 0.7686275 1 0.7686275 0.7647059 0.7686275 1 0.7686275 0.7647059 0.7686275 1 0.7686275 0.7647059 0.7686275 1 0.7686275 0.7647059 0.7686275 1 0.7686275 0.7647059 0.7686275 1 0.9490196 0.8313726 0.4627451 1 0.9490196 0.8313726 0.4627451 1 0.9490196 0.8313726 0.4627451 1 0.9490196 0.8313726 0.4627451 1 0.9490196 0.8313726 0.4627451 1 0.9490196 0.8313726 0.4627451 1 0.9490196 0.8313726 0.4627451 1 0.9490196 0.8313726 0.4627451 1 0.9490196 0.8313726 0.4627451 1 0.4431372 0.4901961 0.5176471 1 0.4431372 0.4901961 0.5176471 1 0.4431372 0.4901961 0.5176471 1 0.9450981 0.9529412 0.9450981 1 0.9450981 0.9529412 0.9450981 1 0.9450981 0.9529412 0.9450981 1 0.9450981 0.9529412 0.9450981 1 0.9450981 0.9529412 0.9450981 1 0.9450981 0.9529412 0.9450981 1 0.9450981 0.9529412 0.9450981 1 0.9450981 0.9529412 0.9450981 1 0.9450981 0.9529412 0.9450981 1 0.8117647 0.7294118 0.4156863 1 0.8117647 0.7294118 0.4156863 1 0.8117647 0.7294118 0.4156863 1 0.8117647 0.7294118 0.4156863 1 0.8117647 0.7294118 0.4156863 1 0.8117647 0.7294118 0.4156863 1 0.8117647 0.7294118 0.4156863 1 0.8117647 0.7294118 0.4156863 1 0.8117647 0.7294118 0.4156863 1 0.8117647 0.7294118 0.4156863 1 0.8117647 0.7294118 0.4156863 1 0.8117647 0.7294118 0.4156863 1 0.7686275 0.7647059 0.7686275 1 0.7686275 0.7647059 0.7686275 1 0.7686275 0.7647059 0.7686275 1 0.3607843 0.3803921 0.3686274 1 0.3607843 0.3803921 0.3686274 1 0.3607843 0.3803921 0.3686274 1 0.4431372 0.4901961 0.5176471 1 0.4431372 0.4901961 0.5176471 1 0.4431372 0.4901961 0.5176471 1 0.3607843 0.3803921 0.3686274 1 0.3607843 0.3803921 0.3686274 1 0.3607843 0.3803921 0.3686274 1 0.4431372 0.4901961 0.5176471 1 0.4431372 0.4901961 0.5176471 1 0.4431372 0.4901961 0.5176471 1 0.5686275 0.5686275 0.5686275 1 0.5686275 0.5686275 0.5686275 1 0.5686275 0.5686275 0.5686275 1 0.5686275 0.5686275 0.5686275 1 0.5686275 0.5686275 0.5686275 1 0.5686275 0.5686275 0.5686275 1 0.5686275 0.5686275 0.5686275 1 0.5686275 0.5686275 0.5686275 1 0.5686275 0.5686275 0.5686275 1 0.5686275 0.5686275 0.5686275 1 0.5686275 0.5686275 0.5686275 1 0.5686275 0.5686275 0.5686275 1 0.5686275 0.5686275 0.5686275 1 0.5686275 0.5686275 0.5686275 1 0.5686275 0.5686275 0.5686275 1 0.5686275 0.5686275 0.5686275 1 0.5686275 0.5686275 0.5686275 1 0.5686275 0.5686275 0.5686275 1 0.5686275 0.5686275 0.5686275 1 0.5686275 0.5686275 0.5686275 1 0.5686275 0.5686275 0.5686275 1 0.5686275 0.5686275 0.5686275 1 0.5686275 0.5686275 0.5686275 1 0.5686275 0.5686275 0.5686275 1 0.5686275 0.5686275 0.5686275 1 0.5686275 0.5686275 0.5686275 1 0.5686275 0.5686275 0.5686275 1 0.5686275 0.5686275 0.5686275 1 0.5686275 0.5686275 0.5686275 1 0.5686275 0.5686275 0.5686275 1 0.7686275 0.7647059 0.7686275 1 0.7686275 0.7647059 0.7686275 1 0.7686275 0.7647059 0.7686275 1 0.3607843 0.3803921 0.3686274 1 0.3607843 0.3803921 0.3686274 1 0.3607843 0.3803921 0.3686274 1 0.8470588 0.4470588 0.4352941 1 0.8470588 0.4470588 0.4352941 1 0.8470588 0.4470588 0.4352941 1 0.8470588 0.4470588 0.4352941 1 0.8470588 0.4470588 0.4352941 1 0.8470588 0.4470588 0.4352941 1 0.8470588 0.4470588 0.4352941 1 0.8470588 0.4470588 0.4352941 1 0.8470588 0.4470588 0.4352941 1 0.8470588 0.4470588 0.4352941 1 0.8470588 0.4470588 0.4352941 1 0.8470588 0.4470588 0.4352941 1 0.8470588 0.4470588 0.4352941 1 0.8470588 0.4470588 0.4352941 1 0.8470588 0.4470588 0.4352941 1 0.8470588 0.4470588 0.4352941 1 0.8470588 0.4470588 0.4352941 1 0.8470588 0.4470588 0.4352941 1 0.8470588 0.4470588 0.4352941 1 0.8470588 0.4470588 0.4352941 1 0.8470588 0.4470588 0.4352941 1 0.8470588 0.4470588 0.4352941 1 0.8470588 0.4470588 0.4352941 1 0.8470588 0.4470588 0.4352941 1 0.7647059 0.7607843 0.7647059 1 0.7647059 0.7607843 0.7647059 1 0.7647059 0.7607843 0.7647059 1 0.7647059 0.7607843 0.7647059 1 0.7647059 0.7607843 0.7647059 1 0.7647059 0.7607843 0.7647059 1 0.7647059 0.7607843 0.7647059 1 0.7647059 0.7607843 0.7647059 1 0.7647059 0.7607843 0.7647059 1 0.7647059 0.7607843 0.7647059 1 0.7647059 0.7607843 0.7647059 1 0.7647059 0.7607843 0.7647059 1 0.5686275 0.5686275 0.5686275 1 0.5686275 0.5686275 0.5686275 1 0.5686275 0.5686275 0.5686275 1 0.5686275 0.5686275 0.5686275 1 0.5686275 0.5686275 0.5686275 1 0.5686275 0.5686275 0.5686275 1 0.5686275 0.5686275 0.5686275 1 0.5686275 0.5686275 0.5686275 1 0.5686275 0.5686275 0.5686275 1 0.5686275 0.5686275 0.5686275 1 0.5686275 0.5686275 0.5686275 1 0.5686275 0.5686275 0.5686275 1 0.5686275 0.5686275 0.5686275 1 0.5686275 0.5686275 0.5686275 1 0.5686275 0.5686275 0.5686275 1 0.5686275 0.5686275 0.5686275 1 0.5686275 0.5686275 0.5686275 1 0.5686275 0.5686275 0.5686275 1 0.5686275 0.5686275 0.5686275 1 0.5686275 0.5686275 0.5686275 1 0.5686275 0.5686275 0.5686275 1 0.5686275 0.5686275 0.5686275 1 0.5686275 0.5686275 0.5686275 1 0.5686275 0.5686275 0.5686275 1 0.5686275 0.5686275 0.5686275 1 0.5686275 0.5686275 0.5686275 1 0.5686275 0.5686275 0.5686275 1 0.7686275 0.7647059 0.7686275 1 0.7686275 0.7647059 0.7686275 1 0.7686275 0.7647059 0.7686275 1 0.9450981 0.9529412 0.9450981 1 0.9450981 0.9529412 0.9450981 1 0.9450981 0.9529412 0.9450981 1 0.9490196 0.8313726 0.4627451 1 0.9490196 0.8313726 0.4627451 1 0.9490196 0.8313726 0.4627451 1 0.9490196 0.8313726 0.4627451 1 0.9490196 0.8313726 0.4627451 1 0.9490196 0.8313726 0.4627451 1 0.7686275 0.7647059 0.7686275 1 0.7686275 0.7647059 0.7686275 1 0.7686275 0.7647059 0.7686275 1 0.8313726 0.8156863 0.8078432 1 0.8313726 0.8156863 0.8078432 1 0.8313726 0.8156863 0.8078432 1 0.7686275 0.7647059 0.7686275 1 0.7686275 0.7647059 0.7686275 1 0.7686275 0.7647059 0.7686275 1 0.7686275 0.7647059 0.7686275 1 0.7686275 0.7647059 0.7686275 1 0.7686275 0.7647059 0.7686275 1 0.7686275 0.7647059 0.7686275 1 0.7686275 0.7647059 0.7686275 1 0.7686275 0.7647059 0.7686275 1 0.9686275 0.4392157 0.4235294 1 0.9686275 0.4392157 0.4235294 1 0.9686275 0.4392157 0.4235294 1 0.9686275 0.4392157 0.4235294 1 0.9686275 0.4392157 0.4235294 1 0.9686275 0.4392157 0.4235294 1 0.4431372 0.4901961 0.5176471 1 0.4431372 0.4901961 0.5176471 1 0.4431372 0.4901961 0.5176471 1 0.7686275 0.7647059 0.7686275 1 0.7686275 0.7647059 0.7686275 1 0.7686275 0.7647059 0.7686275 1 0.7686275 0.7647059 0.7686275 1 0.7686275 0.7647059 0.7686275 1 0.7686275 0.7647059 0.7686275 1 0.9490196 0.8313726 0.4627451 1 0.9490196 0.8313726 0.4627451 1 0.9490196 0.8313726 0.4627451 1 0.7686275 0.7647059 0.7686275 1 0.7686275 0.7647059 0.7686275 1 0.7686275 0.7647059 0.7686275 1 0.3607843 0.3803921 0.3686274 1 0.3607843 0.3803921 0.3686274 1 0.3607843 0.3803921 0.3686274 1 0.7686275 0.7647059 0.7686275 1 0.7686275 0.7647059 0.7686275 1 0.7686275 0.7647059 0.7686275 1 0.7686275 0.7647059 0.7686275 1 0.7686275 0.7647059 0.7686275 1 0.7686275 0.7647059 0.7686275 1 0.9490196 0.8313726 0.4627451 1 0.9490196 0.8313726 0.4627451 1 0.9490196 0.8313726 0.4627451 1 0.9490196 0.8313726 0.4627451 1 0.9490196 0.8313726 0.4627451 1 0.9490196 0.8313726 0.4627451 1 0.7686275 0.7647059 0.7686275 1 0.7686275 0.7647059 0.7686275 1 0.7686275 0.7647059 0.7686275 1 0.7686275 0.7647059 0.7686275 1 0.7686275 0.7647059 0.7686275 1 0.7686275 0.7647059 0.7686275 1 0.7686275 0.7647059 0.7686275 1 0.7686275 0.7647059 0.7686275 1 0.7686275 0.7647059 0.7686275 1 0.9490196 0.8313726 0.4627451 1 0.9490196 0.8313726 0.4627451 1 0.9490196 0.8313726 0.4627451 1 0.9490196 0.8313726 0.4627451 1 0.9490196 0.8313726 0.4627451 1 0.9490196 0.8313726 0.4627451 1 0.9490196 0.8313726 0.4627451 1 0.9490196 0.8313726 0.4627451 1 0.9490196 0.8313726 0.4627451 1 0.4431372 0.4901961 0.5176471 1 0.4431372 0.4901961 0.5176471 1 0.4431372 0.4901961 0.5176471 1 0.9450981 0.9529412 0.9450981 1 0.9450981 0.9529412 0.9450981 1 0.9450981 0.9529412 0.9450981 1 0.9450981 0.9529412 0.9450981 1 0.9450981 0.9529412 0.9450981 1 0.9450981 0.9529412 0.9450981 1 0.9450981 0.9529412 0.9450981 1 0.9450981 0.9529412 0.9450981 1 0.9450981 0.9529412 0.9450981 1 0.8117647 0.7294118 0.4156863 1 0.8117647 0.7294118 0.4156863 1 0.8117647 0.7294118 0.4156863 1 0.8117647 0.7294118 0.4156863 1 0.8117647 0.7294118 0.4156863 1 0.8117647 0.7294118 0.4156863 1 0.8117647 0.7294118 0.4156863 1 0.8117647 0.7294118 0.4156863 1 0.8117647 0.7294118 0.4156863 1 0.8117647 0.7294118 0.4156863 1 0.8117647 0.7294118 0.4156863 1 0.8117647 0.7294118 0.4156863 1 0.7686275 0.7647059 0.7686275 1 0.7686275 0.7647059 0.7686275 1 0.7686275 0.7647059 0.7686275 1 0.3607843 0.3803921 0.3686274 1 0.3607843 0.3803921 0.3686274 1 0.3607843 0.3803921 0.3686274 1 0.4431372 0.4901961 0.5176471 1 0.4431372 0.4901961 0.5176471 1 0.4431372 0.4901961 0.5176471 1 0.3607843 0.3803921 0.3686274 1 0.3607843 0.3803921 0.3686274 1 0.3607843 0.3803921 0.3686274 1 0.4431372 0.4901961 0.5176471 1 0.4431372 0.4901961 0.5176471 1 0.4431372 0.4901961 0.5176471 1 0.5686275 0.5686275 0.5686275 1 0.5686275 0.5686275 0.5686275 1 0.5686275 0.5686275 0.5686275 1 0.5686275 0.5686275 0.5686275 1 0.5686275 0.5686275 0.5686275 1 0.5686275 0.5686275 0.5686275 1 0.5686275 0.5686275 0.5686275 1 0.5686275 0.5686275 0.5686275 1 0.5686275 0.5686275 0.5686275 1 0.5686275 0.5686275 0.5686275 1 0.5686275 0.5686275 0.5686275 1 0.5686275 0.5686275 0.5686275 1 0.5686275 0.5686275 0.5686275 1 0.5686275 0.5686275 0.5686275 1 0.5686275 0.5686275 0.5686275 1 0.5686275 0.5686275 0.5686275 1 0.5686275 0.5686275 0.5686275 1 0.5686275 0.5686275 0.5686275 1 0.5686275 0.5686275 0.5686275 1 0.5686275 0.5686275 0.5686275 1 0.5686275 0.5686275 0.5686275 1 0.5686275 0.5686275 0.5686275 1 0.5686275 0.5686275 0.5686275 1 0.5686275 0.5686275 0.5686275 1 0.5686275 0.5686275 0.5686275 1 0.5686275 0.5686275 0.5686275 1 0.5686275 0.5686275 0.5686275 1 0.7686275 0.7647059 0.7686275 1 0.7686275 0.7647059 0.7686275 1 0.7686275 0.7647059 0.7686275 1 0.3607843 0.3803921 0.3686274 1 0.3607843 0.3803921 0.3686274 1 0.3607843 0.3803921 0.3686274 1 0.8470588 0.4470588 0.4352941 1 0.8470588 0.4470588 0.4352941 1 0.8470588 0.4470588 0.4352941 1 0.8470588 0.4470588 0.4352941 1 0.8470588 0.4470588 0.4352941 1 0.8470588 0.4470588 0.4352941 1 0.8470588 0.4470588 0.4352941 1 0.8470588 0.4470588 0.4352941 1 0.8470588 0.4470588 0.4352941 1 0.8470588 0.4470588 0.4352941 1 0.8470588 0.4470588 0.4352941 1 0.8470588 0.4470588 0.4352941 1 0.8470588 0.4470588 0.4352941 1 0.8470588 0.4470588 0.4352941 1 0.8470588 0.4470588 0.4352941 1 0.8470588 0.4470588 0.4352941 1 0.8470588 0.4470588 0.4352941 1 0.8470588 0.4470588 0.4352941 1 0.8470588 0.4470588 0.4352941 1 0.8470588 0.4470588 0.4352941 1 0.8470588 0.4470588 0.4352941 1 0.8470588 0.4470588 0.4352941 1 0.8470588 0.4470588 0.4352941 1 0.8470588 0.4470588 0.4352941 1 0.7647059 0.7607843 0.7647059 1 0.7647059 0.7607843 0.7647059 1 0.7647059 0.7607843 0.7647059 1 0.7647059 0.7607843 0.7647059 1 0.7647059 0.7607843 0.7647059 1 0.7647059 0.7607843 0.7647059 1 0.7647059 0.7607843 0.7647059 1 0.7647059 0.7607843 0.7647059 1 0.7647059 0.7607843 0.7647059 1 0.7647059 0.7607843 0.7647059 1 0.7647059 0.7607843 0.7647059 1 0.7647059 0.7607843 0.7647059 1</float_array>
          <technique_common>
            <accessor source="#Plane_698-mesh-colors-Col-array" count="444" stride="4">
              <param name="R" type="float"/>
              <param name="G" type="float"/>
              <param name="B" type="float"/>
              <param name="A" type="float"/>
            </accessor>
          </technique_common>
        </source>
        <vertices id="Plane_698-mesh-vertices">
          <input semantic="POSITION" source="#Plane_698-mesh-positions"/>
        </vertices>
        <triangles material="lod_vertcol-material" count="148">
          <input semantic="VERTEX" source="#Plane_698-mesh-vertices" offset="0"/>
          <input semantic="NORMAL" source="#Plane_698-mesh-normals" offset="1"/>
          <input semantic="TEXCOORD" source="#Plane_698-mesh-map-0" offset="2" set="0"/>
          <input semantic="TEXCOORD" source="#Plane_698-mesh-map-1" offset="2" set="1"/>
          <input semantic="TEXCOORD" source="#Plane_698-mesh-map-2" offset="2" set="2"/>
          <input semantic="COLOR" source="#Plane_698-mesh-colors-Col" offset="3" set="0"/>
          <p>2 0 0 0 1 0 1 1 0 0 2 2 5 1 3 3 3 1 4 4 2 1 5 5 4 2 6 6 9 2 7 7 5 2 8 8 0 3 9 9 8 3 10 10 4 3 11 11 110 4 12 12 116 4 13 13 114 4 14 14 6 5 15 15 8 5 16 16 1 5 17 17 3 6 18 18 6 6 19 19 1 6 20 20 13 7 21 21 7 7 22 22 9 7 23 23 12 8 24 24 9 8 25 25 8 8 26 26 7 9 27 27 10 9 28 28 6 9 29 29 10 10 30 30 8 10 31 31 6 10 32 32 37 11 33 33 31 11 34 34 28 11 35 35 18 11 36 36 16 11 37 37 15 11 38 38 60 12 39 39 65 12 40 40 64 12 41 41 17 13 42 42 15 13 43 43 14 13 44 44 25 12 45 45 145 12 46 46 22 12 47 47 24 9 48 48 26 9 49 49 25 9 50 50 23 13 51 51 21 13 52 52 146 13 53 53 26 14 54 54 146 14 55 55 145 14 56 56 24 11 57 57 22 11 58 58 21 11 59 59 32 15 60 60 27 15 61 61 29 15 62 62 31 12 63 63 29 12 64 64 28 12 65 65 38 12 66 66 35 12 67 67 36 12 68 68 36 15 69 69 33 15 70 70 34 15 71 71 38 16 72 72 34 16 73 73 31 16 74 74 47 17 75 75 52 17 76 76 51 17 77 77 43 12 78 78 40 12 79 79 39 12 80 80 102 18 81 81 100 18 82 82 101 18 83 83 42 13 84 84 27 13 85 85 30 13 86 86 3 19 87 87 9 19 88 88 7 19 89 89 40 16 90 90 42 16 91 91 30 16 92 92 50 15 93 93 46 15 94 94 45 15 95 95 54 12 96 96 53 12 97 97 50 12 98 98 85 16 99 99 83 16 100 100 87 16 101 101 84 20 102 102 86 20 103 103 88 20 104 104 83 13 105 105 88 13 106 106 87 13 107 107 70 21 108 108 61 21 109 109 69 21 110 110 63 12 111 111 57 12 112 112 58 12 113 113 72 9 114 114 67 9 115 115 68 9 116 116 72 22 117 117 74 22 118 118 73 22 119 119 71 23 120 120 68 23 121 121 70 23 122 122 74 9 123 123 70 9 124 124 69 9 125 125 73 23 126 126 69 23 127 127 67 23 128 128 78 24 129 129 79 24 130 130 75 24 131 131 76 25 132 132 81 25 133 133 77 25 134 134 77 12 135 135 82 12 136 136 78 12 137 137 75 13 138 138 80 13 139 139 76 13 140 140 56 12 141 141 85 12 142 142 86 12 143 143 97 15 144 144 89 15 145 145 90 15 146 146 93 26 147 147 105 26 148 148 104 26 149 149 92 15 150 150 95 15 151 151 98 15 152 152 103 15 153 153 94 15 154 154 93 15 155 155 109 27 156 156 108 27 157 157 107 27 158 158 112 28 159 159 110 28 160 160 109 28 161 161 111 29 162 162 116 29 163 163 112 29 164 164 107 30 165 165 115 31 166 166 111 32 167 167 113 33 168 168 115 34 169 169 108 35 170 170 110 36 171 171 113 36 172 172 108 36 173 173 120 37 174 174 114 38 175 175 116 39 176 176 115 40 177 177 120 40 178 178 116 40 179 179 118 41 180 180 113 41 181 181 114 41 182 182 117 42 183 183 115 43 184 184 113 44 185 185 121 15 186 186 124 15 187 187 122 15 188 188 128 15 189 189 125 15 190 190 126 15 191 191 132 45 192 192 133 45 193 193 129 45 194 194 130 46 195 195 135 46 196 196 131 46 197 197 131 12 198 198 136 12 199 199 132 12 200 200 129 13 201 201 134 13 202 202 130 13 203 203 140 47 204 204 141 47 205 205 137 47 206 206 138 48 207 207 143 48 208 208 139 48 209 209 139 12 210 210 144 12 211 211 140 12 212 212 137 13 213 213 142 13 214 214 138 13 215 215 21 16 216 216 19 16 217 217 18 16 218 218 20 16 219 219 146 16 220 220 17 16 221 221 146 16 222 222 18 16 223 223 17 16 224 224 19 49 225 225 145 49 226 226 20 49 227 227 2 0 228 228 3 0 229 229 1 0 230 230 5 50 231 231 9 50 232 232 3 50 233 233 4 51 234 234 8 51 235 235 9 51 236 236 0 52 237 237 1 52 238 238 8 52 239 239 3 53 240 240 7 53 241 241 6 53 242 242 13 54 243 243 11 54 244 244 7 54 245 245 12 16 246 246 13 16 247 247 9 16 248 248 7 55 249 249 11 55 250 250 10 55 251 251 10 56 252 252 12 56 253 253 8 56 254 254 37 11 255 255 38 11 256 256 31 11 257 257 18 11 258 258 19 11 259 259 16 11 260 260 60 12 261 261 59 12 262 262 65 12 263 263 17 13 264 264 18 13 265 265 15 13 266 266 25 12 267 267 26 12 268 268 145 12 269 269 24 57 270 270 23 57 271 271 26 57 272 272 23 13 273 273 24 13 274 274 21 13 275 275 26 14 276 276 23 14 277 277 146 14 278 278 24 11 279 279 25 11 280 280 22 11 281 281 32 15 282 282 30 15 283 283 27 15 284 284 31 12 285 285 32 12 286 286 29 12 287 287 38 12 288 288 37 12 289 289 35 12 290 290 36 15 291 291 35 15 292 292 33 15 293 293 38 16 294 294 36 16 295 295 34 16 296 296 47 17 297 297 48 17 298 298 52 17 299 299 43 12 300 300 44 12 301 301 40 12 302 302 102 58 303 303 99 58 304 304 100 58 305 305 42 13 306 306 41 13 307 307 27 13 308 308 40 59 309 309 44 59 310 310 42 59 311 311 50 15 312 312 53 15 313 313 46 15 314 314 54 12 315 315 49 12 316 316 53 12 317 317 85 60 318 318 55 60 319 319 83 60 320 320 84 61 321 321 56 61 322 322 86 61 323 323 83 13 324 324 84 13 325 325 88 13 326 326 70 62 327 327 62 62 328 328 61 62 329 329 63 12 330 330 66 12 331 331 57 12 332 332 72 9 333 333 73 9 334 334 67 9 335 335 72 22 336 336 71 22 337 337 74 22 338 338 71 23 339 339 72 23 340 340 68 23 341 341 74 9 342 342 71 9 343 343 70 9 344 344 73 23 345 345 74 23 346 346 69 23 347 347 78 63 348 348 82 63 349 349 79 63 350 350 76 64 351 351 80 64 352 352 81 64 353 353 77 12 354 354 81 12 355 355 82 12 356 356 75 13 357 357 79 13 358 358 80 13 359 359 56 12 360 360 55 12 361 361 85 12 362 362 97 15 363 363 96 15 364 364 89 15 365 365 93 65 366 366 94 65 367 367 105 65 368 368 92 15 369 369 91 15 370 370 95 15 371 371 103 15 372 372 106 15 373 373 94 15 374 374 109 66 375 375 110 66 376 376 108 66 377 377 112 28 378 378 116 28 379 379 110 28 380 380 111 67 381 381 115 67 382 382 116 67 383 383 107 68 384 384 108 69 385 385 115 70 386 386 110 71 387 387 114 71 388 388 113 71 389 389 120 72 390 390 118 73 391 391 114 74 392 392 115 75 393 393 119 75 394 394 120 75 395 395 118 9 396 396 117 9 397 397 113 9 398 398 117 76 399 399 119 77 400 400 115 78 401 401 121 15 402 402 123 15 403 403 124 15 404 404 128 15 405 405 127 15 406 406 125 15 407 407 132 79 408 408 136 79 409 409 133 79 410 410 130 80 411 411 134 80 412 412 135 80 413 413 131 12 414 414 135 12 415 415 136 12 416 416 129 13 417 417 133 13 418 418 134 13 419 419 140 81 420 420 144 81 421 421 141 81 422 422 138 82 423 423 142 82 424 424 143 82 425 425 139 12 426 426 143 12 427 427 144 12 428 428 137 13 429 429 141 13 430 430 142 13 431 431 21 16 432 432 22 16 433 433 19 16 434 434 20 83 435 435 145 83 436 436 146 83 437 437 146 84 438 438 21 84 439 439 18 84 440 440 19 16 441 441 22 16 442 442 145 16 443 443</p>
        </triangles>
      </mesh>
    </geometry>
    <geometry id="Plane_697-mesh" name="Plane.697">
      <mesh>
        <source id="Plane_697-mesh-positions">
          <float_array id="Plane_697-mesh-positions-array" count="501">995.0743 -308.3126 158.1068 995.0743 -308.3126 164.8286 996.2095 -308.317 158.1068 996.2095 -308.317 164.8286 995.0776 -307.4859 158.1068 996.2127 -307.4905 158.1068 995.0776 -307.486 165.6552 996.2127 -307.4905 165.6552 995.0776 -307.486 164.8286 996.2127 -307.4905 164.8286 995.08 -306.8679 165.6552 996.2153 -306.8723 165.6552 995.08 -306.8679 164.8286 996.2153 -306.8724 164.8286 996.2106 -308.033 165.4143 995.0754 -308.0285 165.4143 1010.816 -298.6016 162.5228 1010.816 -306.9677 162.5228 993.7836 -306.9677 162.5228 1010.816 -298.6016 165.9971 1010.816 -306.9677 165.9971 993.7836 -306.9677 165.9971 993.7836 -298.6016 165.9971 1011.428 -307.6765 165.9971 993.1713 -307.6765 165.9971 1011.428 -297.8928 167.4971 1011.428 -307.6765 167.4971 993.1713 -307.6765 167.4971 993.1713 -297.8929 167.4971 994.7478 -298.6016 162.5228 993.7836 -299.3654 162.5228 993.7836 -298.6016 162.5228 994.7478 -298.6016 165.9971 993.7836 -299.3654 165.9971 993.7836 -298.6016 165.9971 993.7838 -303.1436 162.5228 993.7838 -303.1436 165.9971 994.0833 -303.1436 162.5228 994.0833 -303.1436 165.9971 994.0833 -299.3654 162.5228 994.0833 -299.3654 165.9971 1001.932 -298.6017 162.5228 1001.932 -298.6017 165.9971 994.7478 -298.8585 162.5228 994.7478 -298.8585 165.9971 1001.932 -298.8586 162.5228 1001.932 -298.8586 165.9971 1010.816 -298.6016 162.5228 1010.816 -298.6016 165.9971 1001.932 -298.6017 162.5228 1001.932 -298.6017 165.9971 1009.42 -298.8432 165.9971 1009.42 -298.6016 162.5228 1003.328 -298.6016 162.5228 1003.328 -298.6016 165.9971 1009.42 -298.6016 165.9971 1009.42 -298.8432 162.5228 1009.415 -298.8586 165.9971 1009.415 -298.8586 162.5228 993.7836 -306.9677 162.5228 993.7836 -306.9677 165.9971 993.7838 -303.1436 162.5228 993.7838 -303.1436 165.9971 993.7838 -304.5557 165.9971 993.7836 -305.5557 165.9971 993.7836 -305.5557 165.9971 993.7838 -304.5557 165.9971 993.7838 -304.5557 162.5228 993.7836 -305.5557 162.5228 993.7838 -304.5557 162.5228 993.7836 -305.5557 162.5228 993.7838 -304.5557 164.9971 993.7836 -305.5557 164.9971 994.4779 -305.5557 164.9971 994.4779 -305.5557 162.5228 994.4779 -304.5557 162.5228 994.4779 -304.5557 164.9971 1011.443 -297.8707 166.6258 1011.443 -307.6987 166.6258 993.1563 -307.6988 166.6258 993.1563 -297.8706 166.6258 1011.443 -297.8707 167.0812 1011.443 -307.6987 167.0812 993.1563 -307.6988 167.0812 993.1563 -297.8706 167.0812 1003.326 -298.8585 165.9971 1003.326 -298.8585 162.5228 1009.415 -298.6017 165.9971 1009.415 -298.6017 162.5228 1003.326 -298.6016 165.9971 1003.326 -298.6016 162.5228 994.7478 -298.8585 162.9971 994.7478 -298.8585 165.9971 1001.932 -298.8586 162.5228 1001.932 -298.8586 165.9971 997.8249 -298.8585 162.5228 997.8249 -298.8585 165.2663 998.8693 -298.8586 162.5228 996.7806 -298.8585 162.9971 996.7806 -298.8585 165.9971 998.8693 -298.8586 165.9971 996.7806 -298.8585 165.9971 998.8693 -298.8586 165.9971 998.8693 -298.8586 165.2663 996.7806 -298.8585 165.2663 996.7806 -298.8585 162.5228 998.8693 -298.8586 162.5228 998.8693 -298.8586 165.2663 996.7806 -298.8585 165.2663 1006.901 -308.3125 157.6326 1006.901 -308.3125 164.8286 1008.037 -308.317 157.6326 1008.037 -308.317 164.8286 1006.905 -307.4859 157.6326 1008.04 -307.4904 157.6326 1006.905 -307.4859 165.6552 1008.04 -307.4904 165.6552 1006.905 -307.4859 164.8286 1008.04 -307.4904 164.8286 1006.907 -306.8678 165.6552 1008.042 -306.8723 165.6552 1006.907 -306.8678 164.8286 1008.042 -306.8723 164.8286 1008.038 -308.0329 165.4143 1006.902 -308.0284 165.4143 998.7512 -297.8309 166.5425 996.7316 -297.8309 166.5425 998.7512 -297.8309 167.109 996.7316 -297.8309 167.109 1009.572 -298.731 165.3358 1003.159 -298.731 165.3358 1009.572 -298.731 165.2163 1003.159 -298.731 165.2163 1009.572 -298.731 164.07 1003.159 -298.731 164.07 1009.572 -298.731 163.9505 1003.159 -298.731 163.9505 1009.572 -298.7751 163.9505 1003.159 -298.7751 163.9505 1009.572 -298.7751 162.5105 1003.159 -298.7751 162.5105 1009.572 -298.8046 164.07 1003.159 -298.8046 164.07 1009.572 -298.8046 165.9971 1003.159 -298.8046 165.9971 1011.443 -297.8707 166.3936 1011.443 -307.6987 166.3936 993.1563 -307.6988 166.3936 993.1563 -297.8706 166.3936 1011.443 -297.8707 166.52 1011.443 -307.6987 166.52 993.1563 -307.6988 166.52 993.1563 -297.8706 166.52 1011.443 -297.8707 167.2192 1011.443 -307.6987 167.2192 993.1563 -307.6988 167.2192 993.1563 -297.8706 167.2192 1011.443 -297.8707 167.3456 1011.443 -307.6987 167.3456 993.1563 -307.6988 167.3456 993.1563 -297.8706 167.3456 1008.526 -297.8309 166.5425 1006.507 -297.8309 166.5425 1008.526 -297.8309 167.109 1006.507 -297.8309 167.109 993.1713 -297.8929 165.9971 1011.428 -297.8928 165.9971</float_array>
          <technique_common>
            <accessor source="#Plane_697-mesh-positions-array" count="167" stride="3">
              <param name="X" type="float"/>
              <param name="Y" type="float"/>
              <param name="Z" type="float"/>
            </accessor>
          </technique_common>
        </source>
        <source id="Plane_697-mesh-normals">
          <float_array id="Plane_697-mesh-normals-array" count="285">-0.003897845 -0.9999924 0 0.9999932 -0.003691196 0 0.004033267 0.999992 0 -0.9999919 0.004041969 0 -0.9999919 0.00403434 -5.83587e-5 -0.001624405 -0.405806 0.9139579 0.9999928 -0.003810644 0 0.9999908 -0.004300594 0 2.20884e-6 0 -1 0 0 1 -0.9999937 0.003583669 0 0.999992 -0.004034399 -1.37896e-5 -0.003508925 -0.8997427 0.4364066 -0.9999917 0.004083395 0 0 -1 0 -1 0 0 1 0 0 -5.01471e-6 1 0 0 1 0 0 0 -1 -6.55826e-5 1 0 -2.26097e-6 0 1 -2.66814e-6 0 1 -1 1.2207e-4 0 5.00634e-6 1 0 5.0063e-6 -1 0 8.76633e-5 1 0 -0.003975749 -0.9999921 0 0.9999935 -0.003611743 0 0.003952622 0.9999922 0 -0.9999923 0.003927648 5.11587e-5 -0.9999896 0.004531264 -5.71498e-4 -0.9999924 0.0039258 0 -0.9999904 0.004384458 -2.67688e-4 -0.9999907 0.004302144 -2.18475e-4 -0.9999909 0.004260838 -1.93829e-4 -0.001629114 -0.4058423 0.9139417 0.9999938 -0.003538668 0 0.9999924 -0.003920078 0 0.9999929 -0.003801405 1.46019e-4 0.9999923 -0.003920078 0 2.1748e-5 0 -1 5.60706e-6 0 1 -0.9999942 0.003411293 -1.39299e-4 -0.9999945 0.003306984 2.68762e-4 -0.9999936 0.003585398 0 0.9999938 -0.003529667 5.15815e-5 -0.003579437 -0.8996738 0.4365481 -0.9999909 0.004293918 0 -0.9999909 0.004293978 0 -0.9999908 0.004293978 0 5.00631e-6 1 0 5.00624e-6 -1 0 5.00568e-6 1 0 5.00568e-6 -1 0 -1.48936e-5 0 -1 0.9999926 -0.00386697 0 0.003925204 0.9999924 1.59989e-5 -0.9999918 0.004042565 0 -0.001607954 -0.4058908 0.9139202 0.9999918 -0.004061102 6.99872e-7 1.32473e-5 0 1 -0.9999918 0.004061341 0 -0.003582358 -0.899746 0.4363992 -5.1553e-7 0 1 4.13469e-6 0 1 2.87692e-7 0 -1 3.39428e-7 0 -1 4.87824e-6 0 1 -1 2.44141e-4 0 5.00675e-6 1 0 5.00679e-6 -1 0 8.76626e-5 1 0 -0.003976225 -0.9999921 0 0.003952205 0.9999923 0 -0.9999899 0.004501223 -2.23667e-4 -0.9999902 0.00444585 0 -0.9999902 0.00444585 0 -0.001614034 -0.4058647 0.9139319 0.9999923 -0.003928363 4.60681e-4 0.9999918 -0.004063189 0 0.9999915 -0.004107236 -2.38844e-4 -1.6994e-5 0 -1 -0.9999929 0.003801465 1.46022e-4 -0.9999923 0.003920078 2.75735e-7 -0.9999924 0.003920078 0 -0.003579735 -0.8997524 0.4363862 5.00705e-6 1 0 5.00712e-6 -1 0 5.00729e-6 1 0 5.00729e-6 -1 0 0 0 -1 3.31291e-5 0 -1 4.38336e-5 1 0 4.38313e-5 1 0</float_array>
          <technique_common>
            <accessor source="#Plane_697-mesh-normals-array" count="95" stride="3">
              <param name="X" type="float"/>
              <param name="Y" type="float"/>
              <param name="Z" type="float"/>
            </accessor>
          </technique_common>
        </source>
        <source id="Plane_697-mesh-map-0">
          <float_array id="Plane_697-mesh-map-0-array" count="1008">-0.001298487 0.2150577 0.5710842 0.1420102 -0.001268327 0.1420102 -0.001320362 0.2150577 0.5710539 0.1420102 -0.001298487 0.1420102 -0.001246333 0.2150577 0.5711363 0.1420102 -0.001216173 0.1420102 -0.001268327 0.2150577 0.5711061 0.1420102 -0.001246333 0.1420102 0.5331227 0.5274274 0.549485 0.5611623 0.5807332 0.5274264 0.5249616 0.2138006 0.4788825 0.1420374 0.4788826 0.2138 0.4887572 0.5751759 0.4571165 0.5611261 0.4887571 0.5269664 0.5248076 0.5269664 0.4887572 0.5751759 0.4887571 0.5269664 0.283913 0.4393018 0.3185068 0.5028339 0.3185067 0.4393006 0.5249616 0.2138006 0.5729448 0.1420392 0.5249616 0.1420379 0.6163366 0.5750378 0.5807332 0.5274264 0.5807332 0.5750378 0.5602142 0.5286139 0.5602142 0.5751758 0.5248469 0.5613753 0.4788826 0.2138 0.4283519 0.1420378 0.4283518 0.2138004 0.549485 0.5611623 0.5807332 0.5750378 0.5807332 0.5274264 0.6128017 0.337416 0.810054 0.3177137 0.6128017 0.3177137 0.7125549 1.716313 4.970612 0.9663134 0.7125549 0.9663134 0.6534081 0.7163134 0.300396 -0.03368651 0.300396 0.7163134 0.7889137 1.716313 -1.302614 0.9663134 0.7889137 0.9663134 0.5262338 0.5200902 1.093149 0.4331727 0.5262338 0.4331727 0.5356674 0.3121147 3.274231 1.779665 3.274231 0.3121147 0.5136985 0.5200902 -0.05321663 0.4331727 0.5136985 0.4331727 0.5502293 0.5200902 -0.5076782 0.4331727 0.5502293 0.4331727 0.5353328 0.5200902 1.59324 0.4331727 0.5353328 0.4331727 0.9706116 1.716313 0.7296066 0.9663134 0.9706116 0.9663134 0.5979843 1.716313 0.7889137 0.9663134 0.5979843 0.9663134 0.1782827 0.5692746 0.00100553 0.4243043 0.00100553 0.5692746 0.5305066 0.3177157 0.7789331 0.337416 0.7789331 0.3177137 0.547051 0.337416 0.3497987 0.3177157 0.547051 0.3177157 0.5159301 0.337416 0.2675037 0.3177157 0.5159301 0.3177137 0.9335556 0.9663134 0.5846329 1.716313 0.5846329 0.9663134 0.5881104 0.3397273 0.8253406 0.3194145 0.5881104 0.3194146 0.5090336 0.3397219 0.2718035 0.3194091 0.5090336 0.3194091 0.5302847 0.31966 -0.03781598 0.3399673 0.5302872 0.3399726 0.5947977 0.3399673 1.162899 0.31966 1.162901 0.3399726 1.061478 0.9663134 0.7125549 1.716313 0.7125549 0.9663134 0.7285156 0.9663134 0.7889118 1.716313 0.7889118 0.9663134 0.5947977 0.3399673 1.162899 0.31966 1.162901 0.3399726 0.5302847 0.31966 -0.03781598 0.3399673 0.5302872 0.3399726 0.5090336 0.3397219 0.2718035 0.3194091 0.5090336 0.3194091 0.0503959 0.4663134 0.300396 0.7163134 0.300396 0.4663134 1.050396 0.7163134 0.6973858 -0.03368651 0.6973858 0.7163134 0.7970505 0.05039787 0.970604 0.300396 0.9706116 0.0503959 0.7653626 0.3810798 0.8401806 0.5301335 0.8401806 0.3810798 0.7970505 0.4663134 0.9706116 -0.03368651 0.9706116 0.4663134 0.970604 0.300396 0.7970505 0.05039787 0.9706116 0.0503959 0.7970505 0.9663134 0.970604 1.466313 0.970604 0.9663134 2.250093 0.8521096 0.5473322 0.894515 0.5473322 0.8521096 -1.31493 0.8521096 0.3878311 0.894515 0.3878311 0.8521096 -0.2128674 0.8521096 0.7022577 0.894515 0.7022577 0.8521096 1.447163 0.8521096 0.5320374 0.894515 0.5320374 0.8521096 0.5881104 0.3397273 0.8253406 0.3194145 0.5881104 0.3194146 0.8398893 0.1843872 0.7569379 0.3778442 0.7569379 0.1843872 0.7569379 0.1843872 0.8398893 0.3778442 0.8398893 0.1843872 -0.001298487 0.2150577 0.5710842 0.1420102 -0.001268327 0.1420102 -0.001320362 0.2150577 0.5710539 0.1420102 -0.001298487 0.1420102 -0.001246333 0.2150577 0.5711363 0.1420102 -0.001216173 0.1420102 -0.001268327 0.2150577 0.5711061 0.1420102 -0.001246333 0.1420102 0.5331227 0.5274274 0.549485 0.5611623 0.5807331 0.5274264 0.4788826 0.2138 0.5249616 0.1420379 0.4788825 0.1420374 0.4887572 0.5751758 0.4571165 0.5611261 0.4887571 0.5269665 0.5248076 0.5269664 0.4887572 0.5751758 0.4887571 0.5269665 0.3185067 0.4393006 0.283913 0.502835 0.3185068 0.5028339 0.5729447 0.213802 0.5249616 0.1420379 0.5249616 0.2138006 0.6163366 0.5750378 0.5807331 0.5274264 0.5807333 0.5750378 0.5602143 0.528614 0.5602142 0.5751758 0.5248469 0.5613753 0.4788826 0.2138 0.4283518 0.1420378 0.4283518 0.2138004 0.549485 0.5611623 0.5807333 0.5750378 0.5807331 0.5274264 0.4871843 0.5038954 0.4005582 0.5308678 0.4005582 0.5038954 0.2102493 0.8308364 0.719502 0.85111 0.719502 0.8308358 0.2102493 0.8308364 0.719502 0.85111 0.719502 0.8308358 0.6891735 0.4351675 0.2559044 0.5196613 0.2559044 0.4351675 2.250093 0.8521096 0.5473322 0.894515 0.5473322 0.8521096 -1.31493 0.8521096 0.3878311 0.894515 0.3878311 0.8521096 -0.2128674 0.8521096 0.7022577 0.894515 0.7022577 0.8521096 1.447163 0.8521096 0.5320374 0.894515 0.5320374 0.8521096 2.250093 0.8521096 0.5473322 0.894515 0.5473322 0.8521096 -1.31493 0.8521096 0.3878311 0.894515 0.3878311 0.8521096 -0.2128674 0.8521096 0.7022577 0.894515 0.7022577 0.8521096 1.447163 0.8521096 0.5320374 0.894515 0.5320374 0.8521096 0.4871843 0.5038954 0.4005582 0.5308678 0.4005582 0.5038954 0.6949911 -4.019586 0.009072661 4.517726 0.00906825 -3.723279 0.00280565 -3.723277 0.6886572 4.814144 0.00280112 4.517846 0.6711218 -4.402005 0.003180146 0.5471283 0.003126204 -4.015448 0.01221787 -4.01545 0.680119 0.933638 0.01217335 0.5471017 -0.001298487 0.2150577 0.5710539 0.2150577 0.5710842 0.1420102 -0.001320362 0.2150577 0.5710321 0.2150577 0.5710539 0.1420102 -0.001246333 0.2150577 0.571106 0.2150577 0.5711363 0.1420102 -0.001268327 0.2150577 0.5710842 0.2150577 0.5711061 0.1420102 0.5249616 0.2138006 0.5249616 0.1420379 0.4788825 0.1420374 0.5248076 0.5269664 0.5248078 0.5751758 0.4887572 0.5751759 0.283913 0.4393018 0.283913 0.502835 0.3185068 0.5028339 0.5249616 0.2138006 0.5729447 0.213802 0.5729448 0.1420392 0.6163366 0.5750378 0.6163365 0.5274264 0.5807332 0.5274264 0.4788826 0.2138 0.4788825 0.1420374 0.4283519 0.1420378 0.6128017 0.337416 0.810054 0.337416 0.810054 0.3177137 0.7125549 1.716313 4.970612 1.716313 4.970612 0.9663134 0.6534081 0.7163134 0.6534081 -0.03368651 0.300396 -0.03368651 0.7889137 1.716313 -1.302614 1.716313 -1.302614 0.9663134 0.5262338 0.5200902 1.093149 0.5200902 1.093149 0.4331727 0.5356674 0.3121147 0.5356674 1.779665 3.274231 1.779665 0.5136985 0.5200902 -0.05321663 0.5200902 -0.05321663 0.4331727 0.5502293 0.5200902 -0.5076782 0.5200902 -0.5076782 0.4331727 0.5353328 0.5200902 1.59324 0.5200902 1.59324 0.4331727 0.9706116 1.716313 0.7296066 1.716313 0.7296066 0.9663134 0.5979843 1.716313 0.7889137 1.716313 0.7889137 0.9663134 0.1782827 0.5692746 0.1782827 0.4243043 0.00100553 0.4243043 0.5305066 0.3177157 0.5305072 0.337416 0.7789331 0.337416 0.547051 0.337416 0.3497987 0.337416 0.3497987 0.3177157 0.5159301 0.337416 0.2675043 0.337416 0.2675037 0.3177157 0.9335556 0.9663134 0.9335556 1.716313 0.5846329 1.716313 0.5881104 0.3397273 0.8253406 0.3397273 0.8253406 0.3194145 0.5090336 0.3397219 0.2718035 0.3397219 0.2718035 0.3194091 0.5302847 0.31966 -0.03781598 0.3196545 -0.03781598 0.3399673 0.5947977 0.3399673 0.5947977 0.3196545 1.162899 0.31966 1.061478 0.9663134 1.061478 1.716313 0.7125549 1.716313 0.7285156 0.9663134 0.7285156 1.716313 0.7889118 1.716313 0.5947977 0.3399673 0.5947977 0.3196545 1.162899 0.31966 0.5302847 0.31966 -0.03781598 0.3196545 -0.03781598 0.3399673 0.5090336 0.3397219 0.2718035 0.3397219 0.2718035 0.3194091 0.0503959 0.4663134 0.0503959 0.7163134 0.300396 0.7163134 1.050396 0.7163134 1.050396 -0.03368651 0.6973858 -0.03368651 0.7970505 0.05039787 0.7970505 0.3003979 0.970604 0.300396 0.7653626 0.3810798 0.7653626 0.5301335 0.8401806 0.5301335 0.7970505 0.4663134 0.7970505 -0.03368651 0.9706116 -0.03368651 0.970604 0.300396 0.7970505 0.3003979 0.7970505 0.05039787 0.7970505 0.9663134 0.7970505 1.466313 0.970604 1.466313 2.250093 0.8521096 2.250093 0.894515 0.5473322 0.894515 -1.31493 0.8521096 -1.31493 0.894515 0.3878311 0.894515 -0.2128674 0.8521096 -0.2128674 0.894515 0.7022577 0.894515 1.447163 0.8521096 1.447163 0.894515 0.5320374 0.894515 0.5881104 0.3397273 0.8253406 0.3397273 0.8253406 0.3194145 0.8398893 0.1843872 0.8398893 0.3778442 0.7569379 0.3778442 0.7569379 0.1843872 0.7569379 0.3778442 0.8398893 0.3778442 -0.001298487 0.2150577 0.5710539 0.2150577 0.5710842 0.1420102 -0.001320362 0.2150577 0.5710321 0.2150577 0.5710539 0.1420102 -0.001246333 0.2150577 0.5711061 0.2150577 0.5711363 0.1420102 -0.001268327 0.2150577 0.5710842 0.2150577 0.5711061 0.1420102 0.4788826 0.2138 0.5249616 0.2138006 0.5249616 0.1420379 0.5248076 0.5269664 0.5248078 0.5751758 0.4887572 0.5751758 0.3185067 0.4393006 0.283913 0.4393018 0.283913 0.502835 0.5729447 0.213802 0.5729448 0.1420392 0.5249616 0.1420379 0.6163366 0.5750378 0.6163365 0.5274264 0.5807331 0.5274264 0.4788826 0.2138 0.4788825 0.1420374 0.4283518 0.1420378 0.4871843 0.5038954 0.4871843 0.5308678 0.4005582 0.5308678 0.2102493 0.8308364 0.2102493 0.8511099 0.719502 0.85111 0.2102493 0.8308364 0.2102493 0.8511099 0.719502 0.85111 0.6891735 0.4351675 0.6891735 0.5196613 0.2559044 0.5196613 2.250093 0.8521096 2.250093 0.894515 0.5473322 0.894515 -1.31493 0.8521096 -1.31493 0.894515 0.3878311 0.894515 -0.2128674 0.8521096 -0.2128674 0.894515 0.7022577 0.894515 1.447163 0.8521096 1.447163 0.894515 0.5320374 0.894515 2.250093 0.8521096 2.250093 0.894515 0.5473322 0.894515 -1.31493 0.8521096 -1.31493 0.894515 0.3878311 0.894515 -0.2128674 0.8521096 -0.2128674 0.894515 0.7022577 0.894515 1.447163 0.8521096 1.447163 0.894515 0.5320374 0.894515 0.4871843 0.5038954 0.4871843 0.5308678 0.4005582 0.5308678 0.6949911 -4.019586 0.6950151 4.814024 0.009072661 4.517726 0.00280565 -3.723277 0.688677 -4.01958 0.6886572 4.814144 0.6711218 -4.402005 0.6710934 0.9336652 0.003180146 0.5471283 0.01221787 -4.01545 0.6800666 -4.40197 0.680119 0.933638 0.8127307 0.7196259 0.6841993 0.7470698 0.6841993 0.7196259 0.8127307 0.7470698 0.937862 0.633133 0.937862 0.7470698 0.495645 0.7470698 0.6841993 0.633133 0.6841993 0.7470698 0.9928246 0.2650813 0.006071448 0.3439506 0.9928246 0.3439506 0.8127307 0.7196259 0.8127307 0.7470698 0.6841993 0.7470698 0.8127307 0.7470698 0.8127307 0.633133 0.937862 0.633133 0.495645 0.7470698 0.495645 0.633133 0.6841993 0.633133 0.9928246 0.2650813 0.006071329 0.2650813 0.006071448 0.3439506</float_array>
          <technique_common>
            <accessor source="#Plane_697-mesh-map-0-array" count="504" stride="2">
              <param name="S" type="float"/>
              <param name="T" type="float"/>
            </accessor>
          </technique_common>
        </source>
        <source id="Plane_697-mesh-map-1">
          <float_array id="Plane_697-mesh-map-1-array" count="1008">0 0 0 0 0 0 0 0 0 0 0 0 0 0 0 0 0 0 0 0 0 0 0 0 0 0 0 0 0 0 0 0 0 0 0 0 0 0 0 0 0 0 0 0 0 0 0 0 0 0 0 0 0 0 0 0 0 0 0 0 0 0 0 0 0 0 0 0 0 0 0 0 0 0 0 0 0 0 0 0 0 0 0 0 0 0 0 0 0 0 0 0 0 0 0 0 0 0 0 0 0 0 0 0 0 0 0 0 0 0 0 0 0 0 0 0 0 0 0 0 0 0 0 0 0 0 0 0 0 0 0 0 0 0 0 0 0 0 0 0 0 0 0 0 0 0 0 0 0 0 0 0 0 0 0 0 0 0 0 0 0 0 0 0 0 0 0 0 0 0 0 0 0 0 0 0 0 0 0 0 0 0 0 0 0 0 0 0 0 0 0 0 0 0 0 0 0 0 0 0 0 0 0 0 0 0 0 0 0 0 0 0 0 0 0 0 0 0 0 0 0 0 0 0 0 0 0 0 0 0 0 0 0 0 0 0 0 0 0 0 0 0 0 0 0 0 0 0 0 0 0 0 0 0 0 0 0 0 0 0 0 0 0 0 0 0 0 0 0 0 0 0 0 0 0 0 0 0 0 0 0 0 0 0 0 0 0 0 0 0 0 0 0 0 0 0 0 0 0 0 0 0 0 0 0 0 0 0 0 0 0 0 0 0 0 0 0 0 0 0 0 0 0 0 0 0 0 0 0 0 0 0 0 0 0 0 0 0 0 0 0 0 0 0 0 0 0 0 0 0 0 0 0 0 0 0 0 0 0 0 0 0 0 0 0 0 0 0 0 0 0 0 0 0 0 0 0 0 0 0 0 0 0 0 0 0 0 0 0 0 0 0 0 0 0 0 0 0 0 0 0 0 0 0 0 0 0 0 0 0 0 0 0 0 0 0 0 0 0 0 0 0 0 0 0 0 0 0 0 0 0 0 0 0 0 0 0 0 0 0 0 0 0 0 0 0 0 0 0 0 0 0 0 0 0 0 0 0 0 0 0 0 0 0 0 0 0 0 0 0 0 0 0 0 0 0 0 0 0 0 0 0 0 0 0 0 0 0 0 0 0 0 0 0 0 0 0 0 0 0 0 0 0 0 0 0 0 0 0 0 0 0 0 0 0 0 0 0 0 0 0 0 0 0 0 0 0 0 0 0 0 0 0 0 0 0 0 0 0 0 0 0 0 0 0 0 0 0 0 0 0 0 0 0 0 0 0 0 0 0 0 0 0 0 0 0 0 0 0 0 0 0 0 0 0 0 0 0 0 0 0 0 0 0 0 0 0 0 0 0 0 0 0 0 0 0 0 0 0 0 0 0 0 0 0 0 0 0 0 0 0 0 0 0 0 0 0 0 0 0 0 0 0 0 0 0 0 0 0 0 0 0 0 0 0 0 0 0 0 0 0 0 0 0 0 0 0 0 0 0 0 0 0 0 0 0 0 0 0 0 0 0 0 0 0 0 0 0 0 0 0 0 0 0 0 0 0 0 0 0 0 0 0 0 0 0 0 0 0 0 0 0 0 0 0 0 0 0 0 0 0 0 0 0 0 0 0 0 0 0 0 0 0 0 0 0 0 0 0 0 0 0 0 0 0 0 0 0 0 0 0 0 0 0 0 0 0 0 0 0 0 0 0 0 0 0 0 0 0 0 0 0 0 0 0 0 0 0 0 0 0 0 0 0 0 0 0 0 0 0 0 0 0 0 0 0 0 0 0 0 0 0 0 0 0 0 0 0 0 0 0 0 0 0 0 0 0 0 0 0 0 0 0 0 0 0 0 0 0 0 0 0 0 0 0 0 0 0 0 0 0 0 0 0 0 0 0 0 0 0 0 0 0 0 0 0 0 0 0 0 0 0 0 0 0 0 0 0 0 0 0 0 0 0 0 0 0 0 0 0 0 0 0 0 0 0 0 0 0 0 0 0 0 0 0 0 0 0 0 0 0 0 0 0 0 0 0 0 0 0 0 0 0 0 0 0 0 0 0 0 0 0 0 0 0 0 0 0 0 0 0 0 0 0 0 0 0 0 0 0 0 0 0 0 0 0 0 0 0 0 0 0 0 0 0 0 0 0 0 0 0 0 0 0 0 0 0 0 0 0 0 0 0 0 0 0 0 0 0 0 0 0 0 0 0 0 0 0 0 0 0 0 0 0 0 0 0 0 0 0 0 0 0 0 0 0 0 0 0 0 0 0 0 0 0 0 0 0 0 0 0 0 0 0 0 0 0 0</float_array>
          <technique_common>
            <accessor source="#Plane_697-mesh-map-1-array" count="504" stride="2">
              <param name="S" type="float"/>
              <param name="T" type="float"/>
            </accessor>
          </technique_common>
        </source>
        <source id="Plane_697-mesh-map-2">
          <float_array id="Plane_697-mesh-map-2-array" count="1008">0 0 0 0 0 0 0 0 0 0 0 0 0 0 0 0 0 0 0 0 0 0 0 0 0 0 0 0 0 0 0 0 0 0 0 0 0 0 0 0 0 0 0 0 0 0 0 0 0 0 0 0 0 0 0 0 0 0 0 0 0 0 0 0 0 0 0 0 0 0 0 0 0 0 0 0 0 0 0 0 0 0 0 0 0 0 0 0 0 0 0 0 0 0 0 0 0 0 0 0 0 0 0 0 0 0 0 0 0 0 0 0 0 0 0 0 0 0 0 0 0 0 0 0 0 0 0 0 0 0 0 0 0 0 0 0 0 0 0 0 0 0 0 0 0 0 0 0 0 0 0 0 0 0 0 0 0 0 0 0 0 0 0 0 0 0 0 0 0 0 0 0 0 0 0 0 0 0 0 0 0 0 0 0 0 0 0 0 0 0 0 0 0 0 0 0 0 0 0 0 0 0 0 0 0 0 0 0 0 0 0 0 0 0 0 0 0 0 0 0 0 0 0 0 0 0 0 0 0 0 0 0 0 0 0 0 0 0 0 0 0 0 0 0 0 0 0 0 0 0 0 0 0 0 0 0 0 0 0 0 0 0 0 0 0 0 0 0 0 0 0 0 0 0 0 0 0 0 0 0 0 0 0 0 0 0 0 0 0 0 0 0 0 0 0 0 0 0 0 0 0 0 0 0 0 0 0 0 0 0 0 0 0 0 0 0 0 0 0 0 0 0 0 0 0 0 0 0 0 0 0 0 0 0 0 0 0 0 0 0 0 0 0 0 0 0 0 0 0 0 0 0 0 0 0 0 0 0 0 0 0 0 0 0 0 0 0 0 0 0 0 0 0 0 0 0 0 0 0 0 0 0 0 0 0 0 0 0 0 0 0 0 0 0 0 0 0 0 0 0 0 0 0 0 0 0 0 0 0 0 0 0 0 0 0 0 0 0 0 0 0 0 0 0 0 0 0 0 0 0 0 0 0 0 0 0 0 0 0 0 0 0 0 0 0 0 0 0 0 0 0 0 0 0 0 0 0 0 0 0 0 0 0 0 0 0 0 0 0 0 0 0 0 0 0 0 0 0 0 0 0 0 0 0 0 0 0 0 0 0 0 0 0 0 0 0 0 0 0 0 0 0 0 0 0 0 0 0 0 0 0 0 0 0 0 0 0 0 0 0 0 0 0 0 0 0 0 0 0 0 0 0 0 0 0 0 0 0 0 0 0 0 0 0 0 0 0 0 0 0 0 0 0 0 0 0 0 0 0 0 0 0 0 0 0 0 0 0 0 0 0 0 0 0 0 0 0 0 0 0 0 0 0 0 0 0 0 0 0 0 0 0 0 0 0 0 0 0 0 0 0 0 0 0 0 0 0 0 0 0 0 0 0 0 0 0 0 0 0 0 0 0 0 0 0 0 0 0 0 0 0 0 0 0 0 0 0 0 0 0 0 0 0 0 0 0 0 0 0 0 0 0 0 0 0 0 0 0 0 0 0 0 0 0 0 0 0 0 0 0 0 0 0 0 0 0 0 0 0 0 0 0 0 0 0 0 0 0 0 0 0 0 0 0 0 0 0 0 0 0 0 0 0 0 0 0 0 0 0 0 0 0 0 0 0 0 0 0 0 0 0 0 0 0 0 0 0 0 0 0 0 0 0 0 0 0 0 0 0 0 0 0 0 0 0 0 0 0 0 0 0 0 0 0 0 0 0 0 0 0 0 0 0 0 0 0 0 0 0 0 0 0 0 0 0 0 0 0 0 0 0 0 0 0 0 0 0 0 0 0 0 0 0 0 0 0 0 0 0 0 0 0 0 0 0 0 0 0 0 0 0 0 0 0 0 0 0 0 0 0 0 0 0 0 0 0 0 0 0 0 0 0 0 0 0 0 0 0 0 0 0 0 0 0 0 0 0 0 0 0 0 0 0 0 0 0 0 0 0 0 0 0 0 0 0 0 0 0 0 0 0 0 0 0 0 0 0 0 0 0 0 0 0 0 0 0 0 0 0 0 0 0 0 0 0 0 0 0 0 0 0 0 0 0 0 0 0 0 0 0 0 0 0 0 0 0 0 0 0 0 0 0 0 0 0 0 0 0 0 0 0 0 0 0 0 0 0 0 0 0 0 0 0 0 0 0 0 0 0 0 0 0 0 0 0 0 0 0 0 0 0 0 0 0 0 0 0 0 0 0 0 0 0 0 0 0 0 0 0 0 0 0 0 0 0 0 0 0 0 0 0 0 0 0 0 0 0 0 0 0 0 0 0 0 0 0 0 0</float_array>
          <technique_common>
            <accessor source="#Plane_697-mesh-map-2-array" count="504" stride="2">
              <param name="S" type="float"/>
              <param name="T" type="float"/>
            </accessor>
          </technique_common>
        </source>
        <source id="Plane_697-mesh-colors-Col" name="Col">
          <float_array id="Plane_697-mesh-colors-Col-array" count="2016">0.5686275 0.5686275 0.5686275 1 0.5686275 0.5686275 0.5686275 1 0.5686275 0.5686275 0.5686275 1 0.5686275 0.5686275 0.5686275 1 0.5686275 0.5686275 0.5686275 1 0.5686275 0.5686275 0.5686275 1 0.5686275 0.5686275 0.5686275 1 0.5686275 0.5686275 0.5686275 1 0.5686275 0.5686275 0.5686275 1 0.5686275 0.5686275 0.5686275 1 0.5686275 0.5686275 0.5686275 1 0.5686275 0.5686275 0.5686275 1 0.5686275 0.5686275 0.5686275 1 0.5686275 0.5686275 0.5686275 1 0.5686275 0.5686275 0.5686275 1 0.5686275 0.5686275 0.5686275 1 0.5686275 0.5686275 0.5686275 1 0.5686275 0.5686275 0.5686275 1 0.5686275 0.5686275 0.5686275 1 0.5686275 0.5686275 0.5686275 1 0.5686275 0.5686275 0.5686275 1 0.5686275 0.5686275 0.5686275 1 0.5686275 0.5686275 0.5686275 1 0.5686275 0.5686275 0.5686275 1 0.5686275 0.5686275 0.5686275 1 0.5686275 0.5686275 0.5686275 1 0.5686275 0.5686275 0.5686275 1 0.5686275 0.5686275 0.5686275 1 0.5686275 0.5686275 0.5686275 1 0.5686275 0.5686275 0.5686275 1 0.5686275 0.5686275 0.5686275 1 0.5686275 0.5686275 0.5686275 1 0.5686275 0.5686275 0.5686275 1 0.5686275 0.5686275 0.5686275 1 0.5686275 0.5686275 0.5686275 1 0.5686275 0.5686275 0.5686275 1 0.5686275 0.5686275 0.5686275 1 0.5686275 0.5686275 0.5686275 1 0.5686275 0.5686275 0.5686275 1 0.5686275 0.5686275 0.5686275 1 0.5686275 0.5686275 0.5686275 1 0.5686275 0.5686275 0.5686275 1 0.7686275 0.7647059 0.7686275 1 0.7686275 0.7647059 0.7686275 1 0.7686275 0.7647059 0.7686275 1 0.9450981 0.9529412 0.9450981 1 0.9450981 0.9529412 0.9450981 1 0.9450981 0.9529412 0.9450981 1 0.9490196 0.8313726 0.4627451 1 0.9490196 0.8313726 0.4627451 1 0.9490196 0.8313726 0.4627451 1 0.9490196 0.8313726 0.4627451 1 0.9490196 0.8313726 0.4627451 1 0.9490196 0.8313726 0.4627451 1 0.7686275 0.7647059 0.7686275 1 0.7686275 0.7647059 0.7686275 1 0.7686275 0.7647059 0.7686275 1 0.8313726 0.8156863 0.8078432 1 0.8313726 0.8156863 0.8078432 1 0.8313726 0.8156863 0.8078432 1 0.7686275 0.7647059 0.7686275 1 0.7686275 0.7647059 0.7686275 1 0.7686275 0.7647059 0.7686275 1 0.7686275 0.7647059 0.7686275 1 0.7686275 0.7647059 0.7686275 1 0.7686275 0.7647059 0.7686275 1 0.7686275 0.7647059 0.7686275 1 0.7686275 0.7647059 0.7686275 1 0.7686275 0.7647059 0.7686275 1 0.9686275 0.4392157 0.4235294 1 0.9686275 0.4392157 0.4235294 1 0.9686275 0.4392157 0.4235294 1 0.9686275 0.4392157 0.4235294 1 0.9686275 0.4392157 0.4235294 1 0.9686275 0.4392157 0.4235294 1 0.4431372 0.4901961 0.5176471 1 0.4431372 0.4901961 0.5176471 1 0.4431372 0.4901961 0.5176471 1 0.7686275 0.7647059 0.7686275 1 0.7686275 0.7647059 0.7686275 1 0.7686275 0.7647059 0.7686275 1 0.7686275 0.7647059 0.7686275 1 0.7686275 0.7647059 0.7686275 1 0.7686275 0.7647059 0.7686275 1 0.7686275 0.7647059 0.7686275 1 0.7686275 0.7647059 0.7686275 1 0.7686275 0.7647059 0.7686275 1 0.9490196 0.8313726 0.4627451 1 0.9490196 0.8313726 0.4627451 1 0.9490196 0.8313726 0.4627451 1 0.7686275 0.7647059 0.7686275 1 0.7686275 0.7647059 0.7686275 1 0.7686275 0.7647059 0.7686275 1 0.7686275 0.7647059 0.7686275 1 0.7686275 0.7647059 0.7686275 1 0.7686275 0.7647059 0.7686275 1 0.7686275 0.7647059 0.7686275 1 0.7686275 0.7647059 0.7686275 1 0.7686275 0.7647059 0.7686275 1 0.7686275 0.7647059 0.7686275 1 0.7686275 0.7647059 0.7686275 1 0.7686275 0.7647059 0.7686275 1 0.9490196 0.8313726 0.4627451 1 0.9490196 0.8313726 0.4627451 1 0.9490196 0.8313726 0.4627451 1 0.9490196 0.8313726 0.4627451 1 0.9490196 0.8313726 0.4627451 1 0.9490196 0.8313726 0.4627451 1 0.7686275 0.7647059 0.7686275 1 0.7686275 0.7647059 0.7686275 1 0.7686275 0.7647059 0.7686275 1 0.7686275 0.7647059 0.7686275 1 0.7686275 0.7647059 0.7686275 1 0.7686275 0.7647059 0.7686275 1 0.7686275 0.7647059 0.7686275 1 0.7686275 0.7647059 0.7686275 1 0.7686275 0.7647059 0.7686275 1 0.9490196 0.8313726 0.4627451 1 0.9490196 0.8313726 0.4627451 1 0.9490196 0.8313726 0.4627451 1 0.9490196 0.8313726 0.4627451 1 0.9490196 0.8313726 0.4627451 1 0.9490196 0.8313726 0.4627451 1 0.9490196 0.8313726 0.4627451 1 0.9490196 0.8313726 0.4627451 1 0.9490196 0.8313726 0.4627451 1 0.4431372 0.4901961 0.5176471 1 0.4431372 0.4901961 0.5176471 1 0.4431372 0.4901961 0.5176471 1 0.9450981 0.9529412 0.9450981 1 0.9450981 0.9529412 0.9450981 1 0.9450981 0.9529412 0.9450981 1 0.9450981 0.9529412 0.9450981 1 0.9450981 0.9529412 0.9450981 1 0.9450981 0.9529412 0.9450981 1 0.9450981 0.9529412 0.9450981 1 0.9450981 0.9529412 0.9450981 1 0.9450981 0.9529412 0.9450981 1 0.8117647 0.7294118 0.4156863 1 0.8117647 0.7294118 0.4156863 1 0.8117647 0.7294118 0.4156863 1 0.8117647 0.7294118 0.4156863 1 0.8117647 0.7294118 0.4156863 1 0.8117647 0.7294118 0.4156863 1 0.8117647 0.7294118 0.4156863 1 0.8117647 0.7294118 0.4156863 1 0.8117647 0.7294118 0.4156863 1 0.8117647 0.7294118 0.4156863 1 0.8117647 0.7294118 0.4156863 1 0.8117647 0.7294118 0.4156863 1 0.7686275 0.7647059 0.7686275 1 0.7686275 0.7647059 0.7686275 1 0.7686275 0.7647059 0.7686275 1 0.4431372 0.4901961 0.5176471 1 0.4431372 0.4901961 0.5176471 1 0.4431372 0.4901961 0.5176471 1 0.4431372 0.4901961 0.5176471 1 0.4431372 0.4901961 0.5176471 1 0.4431372 0.4901961 0.5176471 1 0.5686275 0.5686275 0.5686275 1 0.5686275 0.5686275 0.5686275 1 0.5686275 0.5686275 0.5686275 1 0.5686275 0.5686275 0.5686275 1 0.5686275 0.5686275 0.5686275 1 0.5686275 0.5686275 0.5686275 1 0.5686275 0.5686275 0.5686275 1 0.5686275 0.5686275 0.5686275 1 0.5686275 0.5686275 0.5686275 1 0.5686275 0.5686275 0.5686275 1 0.5686275 0.5686275 0.5686275 1 0.5686275 0.5686275 0.5686275 1 0.5686275 0.5686275 0.5686275 1 0.5686275 0.5686275 0.5686275 1 0.5686275 0.5686275 0.5686275 1 0.5686275 0.5686275 0.5686275 1 0.5686275 0.5686275 0.5686275 1 0.5686275 0.5686275 0.5686275 1 0.5686275 0.5686275 0.5686275 1 0.5686275 0.5686275 0.5686275 1 0.5686275 0.5686275 0.5686275 1 0.5686275 0.5686275 0.5686275 1 0.5686275 0.5686275 0.5686275 1 0.5686275 0.5686275 0.5686275 1 0.5686275 0.5686275 0.5686275 1 0.5686275 0.5686275 0.5686275 1 0.5686275 0.5686275 0.5686275 1 0.5686275 0.5686275 0.5686275 1 0.5686275 0.5686275 0.5686275 1 0.5686275 0.5686275 0.5686275 1 0.5686275 0.5686275 0.5686275 1 0.5686275 0.5686275 0.5686275 1 0.5686275 0.5686275 0.5686275 1 0.5686275 0.5686275 0.5686275 1 0.5686275 0.5686275 0.5686275 1 0.5686275 0.5686275 0.5686275 1 0.5686275 0.5686275 0.5686275 1 0.5686275 0.5686275 0.5686275 1 0.5686275 0.5686275 0.5686275 1 0.5686275 0.5686275 0.5686275 1 0.5686275 0.5686275 0.5686275 1 0.5686275 0.5686275 0.5686275 1 0.9058824 0.5490196 0.2039216 1 0.9058824 0.5490196 0.2039216 1 0.9058824 0.5490196 0.2039216 1 0.7686275 0.7647059 0.7686275 1 0.7686275 0.7647059 0.7686275 1 0.7686275 0.7647059 0.7686275 1 1 1 1 1 1 1 1 1 1 1 1 1 0.7686275 0.7647059 0.7686275 1 0.7686275 0.7647059 0.7686275 1 0.7686275 0.7647059 0.7686275 1 0.8470588 0.4470588 0.4352941 1 0.8470588 0.4470588 0.4352941 1 0.8470588 0.4470588 0.4352941 1 0.8470588 0.4470588 0.4352941 1 0.8470588 0.4470588 0.4352941 1 0.8470588 0.4470588 0.4352941 1 0.8470588 0.4470588 0.4352941 1 0.8470588 0.4470588 0.4352941 1 0.8470588 0.4470588 0.4352941 1 0.8470588 0.4470588 0.4352941 1 0.8470588 0.4470588 0.4352941 1 0.8470588 0.4470588 0.4352941 1 0.8470588 0.4470588 0.4352941 1 0.8470588 0.4470588 0.4352941 1 0.8470588 0.4470588 0.4352941 1 0.8470588 0.4470588 0.4352941 1 0.8470588 0.4470588 0.4352941 1 0.8470588 0.4470588 0.4352941 1 0.8470588 0.4470588 0.4352941 1 0.8470588 0.4470588 0.4352941 1 0.8470588 0.4470588 0.4352941 1 0.8470588 0.4470588 0.4352941 1 0.8470588 0.4470588 0.4352941 1 0.8470588 0.4470588 0.4352941 1 0.9058824 0.5490196 0.2039216 1 0.9058824 0.5490196 0.2039216 1 0.9058824 0.5490196 0.2039216 1 0.7647059 0.7607843 0.7647059 1 0.7647059 0.7607843 0.7647059 1 0.7647059 0.7607843 0.7647059 1 0.7647059 0.7607843 0.7647059 1 0.7647059 0.7607843 0.7647059 1 0.7647059 0.7607843 0.7647059 1 0.7647059 0.7607843 0.7647059 1 0.7647059 0.7607843 0.7647059 1 0.7647059 0.7607843 0.7647059 1 0.7647059 0.7607843 0.7647059 1 0.7647059 0.7607843 0.7647059 1 0.7647059 0.7607843 0.7647059 1 0.5686275 0.5686275 0.5686275 1 0.5686275 0.5686275 0.5686275 1 0.5686275 0.5686275 0.5686275 1 0.5686275 0.5686275 0.5686275 1 0.5686275 0.5686275 0.5686275 1 0.5686275 0.5686275 0.5686275 1 0.5686275 0.5686275 0.5686275 1 0.5686275 0.5686275 0.5686275 1 0.5686275 0.5686275 0.5686275 1 0.5686275 0.5686275 0.5686275 1 0.5686275 0.5686275 0.5686275 1 0.5686275 0.5686275 0.5686275 1 0.5686275 0.5686275 0.5686275 1 0.5686275 0.5686275 0.5686275 1 0.5686275 0.5686275 0.5686275 1 0.5686275 0.5686275 0.5686275 1 0.5686275 0.5686275 0.5686275 1 0.5686275 0.5686275 0.5686275 1 0.5686275 0.5686275 0.5686275 1 0.5686275 0.5686275 0.5686275 1 0.5686275 0.5686275 0.5686275 1 0.5686275 0.5686275 0.5686275 1 0.5686275 0.5686275 0.5686275 1 0.5686275 0.5686275 0.5686275 1 0.5686275 0.5686275 0.5686275 1 0.5686275 0.5686275 0.5686275 1 0.5686275 0.5686275 0.5686275 1 0.5686275 0.5686275 0.5686275 1 0.5686275 0.5686275 0.5686275 1 0.5686275 0.5686275 0.5686275 1 0.7686275 0.7647059 0.7686275 1 0.7686275 0.7647059 0.7686275 1 0.7686275 0.7647059 0.7686275 1 0.9450981 0.9529412 0.9450981 1 0.9450981 0.9529412 0.9450981 1 0.9450981 0.9529412 0.9450981 1 0.9490196 0.8313726 0.4627451 1 0.9490196 0.8313726 0.4627451 1 0.9490196 0.8313726 0.4627451 1 0.9490196 0.8313726 0.4627451 1 0.9490196 0.8313726 0.4627451 1 0.9490196 0.8313726 0.4627451 1 0.7686275 0.7647059 0.7686275 1 0.7686275 0.7647059 0.7686275 1 0.7686275 0.7647059 0.7686275 1 0.8313726 0.8156863 0.8078432 1 0.8313726 0.8156863 0.8078432 1 0.8313726 0.8156863 0.8078432 1 0.7686275 0.7647059 0.7686275 1 0.7686275 0.7647059 0.7686275 1 0.7686275 0.7647059 0.7686275 1 0.7686275 0.7647059 0.7686275 1 0.7686275 0.7647059 0.7686275 1 0.7686275 0.7647059 0.7686275 1 0.7686275 0.7647059 0.7686275 1 0.7686275 0.7647059 0.7686275 1 0.7686275 0.7647059 0.7686275 1 0.9686275 0.4392157 0.4235294 1 0.9686275 0.4392157 0.4235294 1 0.9686275 0.4392157 0.4235294 1 0.9686275 0.4392157 0.4235294 1 0.9686275 0.4392157 0.4235294 1 0.9686275 0.4392157 0.4235294 1 0.4431372 0.4901961 0.5176471 1 0.4431372 0.4901961 0.5176471 1 0.4431372 0.4901961 0.5176471 1 0.7686275 0.7647059 0.7686275 1 0.7686275 0.7647059 0.7686275 1 0.7686275 0.7647059 0.7686275 1 0.7686275 0.7647059 0.7686275 1 0.7686275 0.7647059 0.7686275 1 0.7686275 0.7647059 0.7686275 1 0.7686275 0.7647059 0.7686275 1 0.7686275 0.7647059 0.7686275 1 0.7686275 0.7647059 0.7686275 1 0.9490196 0.8313726 0.4627451 1 0.9490196 0.8313726 0.4627451 1 0.9490196 0.8313726 0.4627451 1 0.7686275 0.7647059 0.7686275 1 0.7686275 0.7647059 0.7686275 1 0.7686275 0.7647059 0.7686275 1 0.7686275 0.7647059 0.7686275 1 0.7686275 0.7647059 0.7686275 1 0.7686275 0.7647059 0.7686275 1 0.7686275 0.7647059 0.7686275 1 0.7686275 0.7647059 0.7686275 1 0.7686275 0.7647059 0.7686275 1 0.7686275 0.7647059 0.7686275 1 0.7686275 0.7647059 0.7686275 1 0.7686275 0.7647059 0.7686275 1 0.9490196 0.8313726 0.4627451 1 0.9490196 0.8313726 0.4627451 1 0.9490196 0.8313726 0.4627451 1 0.9490196 0.8313726 0.4627451 1 0.9490196 0.8313726 0.4627451 1 0.9490196 0.8313726 0.4627451 1 0.7686275 0.7647059 0.7686275 1 0.7686275 0.7647059 0.7686275 1 0.7686275 0.7647059 0.7686275 1 0.7686275 0.7647059 0.7686275 1 0.7686275 0.7647059 0.7686275 1 0.7686275 0.7647059 0.7686275 1 0.7686275 0.7647059 0.7686275 1 0.7686275 0.7647059 0.7686275 1 0.7686275 0.7647059 0.7686275 1 0.9490196 0.8313726 0.4627451 1 0.9490196 0.8313726 0.4627451 1 0.9490196 0.8313726 0.4627451 1 0.9490196 0.8313726 0.4627451 1 0.9490196 0.8313726 0.4627451 1 0.9490196 0.8313726 0.4627451 1 0.9490196 0.8313726 0.4627451 1 0.9490196 0.8313726 0.4627451 1 0.9490196 0.8313726 0.4627451 1 0.4431372 0.4901961 0.5176471 1 0.4431372 0.4901961 0.5176471 1 0.4431372 0.4901961 0.5176471 1 0.9450981 0.9529412 0.9450981 1 0.9450981 0.9529412 0.9450981 1 0.9450981 0.9529412 0.9450981 1 0.9450981 0.9529412 0.9450981 1 0.9450981 0.9529412 0.9450981 1 0.9450981 0.9529412 0.9450981 1 0.9450981 0.9529412 0.9450981 1 0.9450981 0.9529412 0.9450981 1 0.9450981 0.9529412 0.9450981 1 0.8117647 0.7294118 0.4156863 1 0.8117647 0.7294118 0.4156863 1 0.8117647 0.7294118 0.4156863 1 0.8117647 0.7294118 0.4156863 1 0.8117647 0.7294118 0.4156863 1 0.8117647 0.7294118 0.4156863 1 0.8117647 0.7294118 0.4156863 1 0.8117647 0.7294118 0.4156863 1 0.8117647 0.7294118 0.4156863 1 0.8117647 0.7294118 0.4156863 1 0.8117647 0.7294118 0.4156863 1 0.8117647 0.7294118 0.4156863 1 0.7686275 0.7647059 0.7686275 1 0.7686275 0.7647059 0.7686275 1 0.7686275 0.7647059 0.7686275 1 0.4431372 0.4901961 0.5176471 1 0.4431372 0.4901961 0.5176471 1 0.4431372 0.4901961 0.5176471 1 0.4431372 0.4901961 0.5176471 1 0.4431372 0.4901961 0.5176471 1 0.4431372 0.4901961 0.5176471 1 0.5686275 0.5686275 0.5686275 1 0.5686275 0.5686275 0.5686275 1 0.5686275 0.5686275 0.5686275 1 0.5686275 0.5686275 0.5686275 1 0.5686275 0.5686275 0.5686275 1 0.5686275 0.5686275 0.5686275 1 0.5686275 0.5686275 0.5686275 1 0.5686275 0.5686275 0.5686275 1 0.5686275 0.5686275 0.5686275 1 0.5686275 0.5686275 0.5686275 1 0.5686275 0.5686275 0.5686275 1 0.5686275 0.5686275 0.5686275 1 0.5686275 0.5686275 0.5686275 1 0.5686275 0.5686275 0.5686275 1 0.5686275 0.5686275 0.5686275 1 0.5686275 0.5686275 0.5686275 1 0.5686275 0.5686275 0.5686275 1 0.5686275 0.5686275 0.5686275 1 0.5686275 0.5686275 0.5686275 1 0.5686275 0.5686275 0.5686275 1 0.5686275 0.5686275 0.5686275 1 0.5686275 0.5686275 0.5686275 1 0.5686275 0.5686275 0.5686275 1 0.5686275 0.5686275 0.5686275 1 0.5686275 0.5686275 0.5686275 1 0.5686275 0.5686275 0.5686275 1 0.5686275 0.5686275 0.5686275 1 0.5686275 0.5686275 0.5686275 1 0.5686275 0.5686275 0.5686275 1 0.5686275 0.5686275 0.5686275 1 0.9058824 0.5490196 0.2039216 1 0.9058824 0.5490196 0.2039216 1 0.9058824 0.5490196 0.2039216 1 0.7686275 0.7647059 0.7686275 1 0.7686275 0.7647059 0.7686275 1 0.7686275 0.7647059 0.7686275 1 1 1 1 1 1 1 1 1 1 1 1 1 0.7686275 0.7647059 0.7686275 1 0.7686275 0.7647059 0.7686275 1 0.7686275 0.7647059 0.7686275 1 0.8470588 0.4470588 0.4352941 1 0.8470588 0.4470588 0.4352941 1 0.8470588 0.4470588 0.4352941 1 0.8470588 0.4470588 0.4352941 1 0.8470588 0.4470588 0.4352941 1 0.8470588 0.4470588 0.4352941 1 0.8470588 0.4470588 0.4352941 1 0.8470588 0.4470588 0.4352941 1 0.8470588 0.4470588 0.4352941 1 0.8470588 0.4470588 0.4352941 1 0.8470588 0.4470588 0.4352941 1 0.8470588 0.4470588 0.4352941 1 0.8470588 0.4470588 0.4352941 1 0.8470588 0.4470588 0.4352941 1 0.8470588 0.4470588 0.4352941 1 0.8470588 0.4470588 0.4352941 1 0.8470588 0.4470588 0.4352941 1 0.8470588 0.4470588 0.4352941 1 0.8470588 0.4470588 0.4352941 1 0.8470588 0.4470588 0.4352941 1 0.8470588 0.4470588 0.4352941 1 0.8470588 0.4470588 0.4352941 1 0.8470588 0.4470588 0.4352941 1 0.8470588 0.4470588 0.4352941 1 0.9058824 0.5490196 0.2039216 1 0.9058824 0.5490196 0.2039216 1 0.9058824 0.5490196 0.2039216 1 0.7647059 0.7607843 0.7647059 1 0.7647059 0.7607843 0.7647059 1 0.7647059 0.7607843 0.7647059 1 0.7647059 0.7607843 0.7647059 1 0.7647059 0.7607843 0.7647059 1 0.7647059 0.7607843 0.7647059 1 0.7647059 0.7607843 0.7647059 1 0.7647059 0.7607843 0.7647059 1 0.7647059 0.7607843 0.7647059 1 0.7647059 0.7607843 0.7647059 1 0.7647059 0.7607843 0.7647059 1 0.7647059 0.7607843 0.7647059 1 1 1 1 1 1 1 1 1 1 1 1 1 1 1 1 1 1 1 1 1 1 1 1 1 1 1 1 1 1 1 1 1 1 1 1 1 1 1 1 1 1 1 1 1 1 1 1 1 1 1 1 1 1 1 1 1 1 1 1 1 1 1 1 1 1 1 1 1 1 1 1 1 1 1 1 1 1 1 1 1 1 1 1 1 1 1 1 1 1 1 1 1 1 1 1 1</float_array>
          <technique_common>
            <accessor source="#Plane_697-mesh-colors-Col-array" count="504" stride="4">
              <param name="R" type="float"/>
              <param name="G" type="float"/>
              <param name="B" type="float"/>
              <param name="A" type="float"/>
            </accessor>
          </technique_common>
        </source>
        <vertices id="Plane_697-mesh-vertices">
          <input semantic="POSITION" source="#Plane_697-mesh-positions"/>
        </vertices>
        <triangles material="lod_vertcol-material" count="160">
          <input semantic="VERTEX" source="#Plane_697-mesh-vertices" offset="0"/>
          <input semantic="NORMAL" source="#Plane_697-mesh-normals" offset="1"/>
          <input semantic="TEXCOORD" source="#Plane_697-mesh-map-0" offset="2" set="0"/>
          <input semantic="TEXCOORD" source="#Plane_697-mesh-map-1" offset="2" set="1"/>
          <input semantic="TEXCOORD" source="#Plane_697-mesh-map-2" offset="2" set="2"/>
          <input semantic="COLOR" source="#Plane_697-mesh-colors-Col" offset="3" set="0"/>
          <p>2 0 0 0 1 0 1 1 0 0 2 2 5 1 3 3 3 1 4 4 2 1 5 5 4 2 6 6 9 2 7 7 5 2 8 8 0 3 9 9 8 3 10 10 4 3 11 11 1 4 12 12 15 4 13 13 8 4 14 14 7 5 15 15 15 5 16 16 14 5 17 17 7 6 18 18 14 6 19 19 9 6 20 20 13 7 21 21 7 7 22 22 9 7 23 23 12 8 24 24 9 8 25 25 8 8 26 26 7 9 27 27 10 9 28 28 6 9 29 29 10 10 30 30 8 10 31 31 6 10 32 32 9 11 33 33 14 11 34 34 3 11 35 35 14 12 36 36 1 12 37 37 3 12 38 38 15 13 39 39 6 13 40 40 8 13 41 41 39 14 42 42 33 14 43 43 30 14 44 44 20 14 45 45 18 14 46 46 17 14 47 47 62 15 48 48 67 15 49 49 66 15 50 50 19 16 51 51 17 16 52 52 16 16 53 53 27 15 54 54 165 15 55 55 24 15 56 56 26 9 57 57 28 9 58 58 27 9 59 59 25 16 60 60 23 16 61 61 166 16 62 62 28 17 63 63 166 17 64 64 165 17 65 65 26 14 66 66 24 14 67 67 23 14 68 68 34 18 69 69 29 18 70 70 31 18 71 71 33 15 72 72 31 15 73 73 30 15 74 74 40 15 75 75 37 15 76 76 38 15 77 77 35 9 78 78 39 9 79 79 30 9 80 80 38 18 81 81 35 18 82 82 36 18 83 83 40 19 84 84 36 19 85 85 33 19 86 86 49 20 87 87 54 20 88 88 53 20 89 89 45 15 90 90 42 15 91 91 41 15 92 92 44 16 93 93 29 16 94 94 32 16 95 95 43 21 96 96 41 21 97 97 29 21 98 98 42 19 99 99 44 19 100 100 32 19 101 101 52 18 102 102 48 18 103 103 47 18 104 104 56 15 105 105 55 15 106 106 52 15 107 107 87 19 108 108 85 19 109 109 89 19 110 110 86 22 111 111 88 22 112 112 90 22 113 113 85 16 114 114 90 16 115 115 89 16 116 116 72 23 117 117 63 23 118 118 71 23 119 119 65 15 120 120 59 15 121 121 60 15 122 122 74 9 123 123 69 9 124 124 70 9 125 125 74 15 126 126 76 15 127 127 75 15 128 128 73 18 129 129 70 18 130 130 72 18 131 131 71 19 132 132 73 19 133 133 72 19 134 134 75 14 135 135 71 14 136 136 69 14 137 137 80 24 138 138 81 24 139 139 77 24 140 140 78 25 141 141 83 25 142 142 79 25 143 143 79 15 144 144 84 15 145 145 80 15 146 146 77 16 147 147 82 16 148 148 78 16 149 149 58 15 150 150 87 15 151 151 88 15 152 152 95 26 153 153 107 26 154 154 106 26 155 155 105 18 156 156 96 18 157 157 95 18 158 158 111 27 159 159 110 27 160 160 109 27 161 161 114 28 162 162 112 28 163 163 111 28 164 164 113 29 165 165 118 29 166 166 114 29 167 167 109 30 168 168 117 31 169 169 113 32 170 170 110 33 171 171 124 34 172 172 117 35 173 173 123 36 174 174 115 36 175 175 124 36 176 176 116 37 177 177 123 37 178 178 118 37 179 179 122 38 180 180 116 39 181 181 118 40 182 182 117 41 183 183 122 41 184 184 118 41 185 185 120 42 186 186 115 42 187 187 116 42 188 188 119 43 189 189 117 44 190 190 115 45 191 191 118 46 192 192 123 46 193 193 112 46 194 194 123 47 195 195 110 47 196 196 112 47 197 197 124 48 198 198 115 49 199 199 117 50 200 200 126 18 201 201 127 18 202 202 125 18 203 203 129 18 204 204 132 18 205 205 130 18 206 206 133 18 207 207 136 18 208 208 134 18 209 209 137 18 210 210 140 18 211 211 138 18 212 212 148 51 213 213 149 51 214 214 145 51 215 215 146 52 216 216 151 52 217 217 147 52 218 218 147 15 219 219 152 15 220 220 148 15 221 221 145 16 222 222 150 16 223 223 146 16 224 224 156 53 225 225 157 53 226 226 153 53 227 227 154 54 228 228 159 54 229 229 155 54 230 230 155 15 231 231 160 15 232 232 156 15 233 233 153 16 234 234 158 16 235 235 154 16 236 236 162 18 237 237 163 18 238 238 161 18 239 239 23 19 240 240 21 19 241 241 20 19 242 242 22 19 243 243 166 19 244 244 19 19 245 245 166 19 246 246 20 19 247 247 19 19 248 248 21 55 249 249 165 55 250 250 22 55 251 251 2 0 252 252 3 0 253 253 1 0 254 254 5 56 255 255 9 56 256 256 3 56 257 257 4 57 258 258 8 57 259 259 9 57 260 260 0 58 261 261 1 58 262 262 8 58 263 263 7 59 264 264 6 59 265 265 15 59 266 266 13 60 267 267 11 60 268 268 7 60 269 269 12 19 270 270 13 19 271 271 9 19 272 272 7 61 273 273 11 61 274 274 10 61 275 275 10 62 276 276 12 62 277 277 8 62 278 278 14 63 279 279 15 63 280 280 1 63 281 281 39 14 282 282 40 14 283 283 33 14 284 284 20 14 285 285 21 14 286 286 18 14 287 287 62 15 288 288 61 15 289 289 67 15 290 290 19 16 291 291 20 16 292 292 17 16 293 293 27 15 294 294 28 15 295 295 165 15 296 296 26 64 297 297 25 64 298 298 28 64 299 299 25 16 300 300 26 16 301 301 23 16 302 302 28 17 303 303 25 17 304 304 166 17 305 305 26 14 306 306 27 14 307 307 24 14 308 308 34 18 309 309 32 18 310 310 29 18 311 311 33 15 312 312 34 15 313 313 31 15 314 314 40 15 315 315 39 15 316 316 37 15 317 317 35 9 318 318 37 9 319 319 39 9 320 320 38 18 321 321 37 18 322 322 35 18 323 323 40 19 324 324 38 19 325 325 36 19 326 326 49 20 327 327 50 20 328 328 54 20 329 329 45 15 330 330 46 15 331 331 42 15 332 332 44 16 333 333 43 16 334 334 29 16 335 335 43 65 336 336 45 65 337 337 41 65 338 338 42 66 339 339 46 66 340 340 44 66 341 341 52 18 342 342 55 18 343 343 48 18 344 344 56 15 345 345 51 15 346 346 55 15 347 347 87 67 348 348 57 67 349 349 85 67 350 350 86 68 351 351 58 68 352 352 88 68 353 353 85 16 354 354 86 16 355 355 90 16 356 356 72 69 357 357 64 69 358 358 63 69 359 359 65 15 360 360 68 15 361 361 59 15 362 362 74 9 363 363 75 9 364 364 69 9 365 365 74 15 366 366 73 15 367 367 76 15 368 368 73 18 369 369 74 18 370 370 70 18 371 371 71 19 372 372 76 19 373 373 73 19 374 374 75 14 375 375 76 14 376 376 71 14 377 377 80 70 378 378 84 70 379 379 81 70 380 380 78 71 381 381 82 71 382 382 83 71 383 383 79 15 384 384 83 15 385 385 84 15 386 386 77 16 387 387 81 16 388 388 82 16 389 389 58 15 390 390 57 15 391 391 87 15 392 392 95 72 393 393 96 72 394 394 107 72 395 395 105 18 396 396 108 18 397 397 96 18 398 398 111 73 399 399 112 73 400 400 110 73 401 401 114 28 402 402 118 28 403 403 112 28 404 404 113 74 405 405 117 74 406 406 118 74 407 407 109 75 408 408 110 76 409 409 117 77 410 410 123 78 411 411 116 78 412 412 115 78 413 413 122 79 414 414 120 80 415 415 116 81 416 416 117 82 417 417 121 82 418 418 122 82 419 419 120 9 420 420 119 9 421 421 115 9 422 422 119 83 423 423 121 84 424 424 117 85 425 425 123 86 426 426 124 86 427 427 110 86 428 428 126 18 429 429 128 18 430 430 127 18 431 431 129 18 432 432 131 18 433 433 132 18 434 434 133 18 435 435 135 18 436 436 136 18 437 437 137 18 438 438 139 18 439 439 140 18 440 440 148 87 441 441 152 87 442 442 149 87 443 443 146 88 444 444 150 88 445 445 151 88 446 446 147 15 447 447 151 15 448 448 152 15 449 449 145 16 450 450 149 16 451 451 150 16 452 452 156 89 453 453 160 89 454 454 157 89 455 455 154 90 456 456 158 90 457 457 159 90 458 458 155 15 459 459 159 15 460 460 160 15 461 461 153 16 462 462 157 16 463 463 158 16 464 464 162 18 465 465 164 18 466 466 163 18 467 467 23 19 468 468 24 19 469 469 21 19 470 470 22 91 471 471 165 91 472 472 166 91 473 473 166 92 474 474 23 92 475 475 20 92 476 476 21 19 477 477 24 19 478 478 165 19 479 479</p>
        </triangles>
        <triangles material="highrise-material" count="8">
          <input semantic="VERTEX" source="#Plane_697-mesh-vertices" offset="0"/>
          <input semantic="NORMAL" source="#Plane_697-mesh-normals" offset="1"/>
          <input semantic="TEXCOORD" source="#Plane_697-mesh-map-0" offset="2" set="0"/>
          <input semantic="TEXCOORD" source="#Plane_697-mesh-map-1" offset="2" set="1"/>
          <input semantic="TEXCOORD" source="#Plane_697-mesh-map-2" offset="2" set="2"/>
          <input semantic="COLOR" source="#Plane_697-mesh-colors-Col" offset="3" set="0"/>
          <p>104 93 480 480 102 93 481 481 103 93 482 482 99 18 483 483 91 18 484 484 92 18 485 485 94 18 486 486 97 18 487 487 100 18 488 488 144 18 489 489 141 18 490 490 142 18 491 491 104 94 492 492 101 94 493 493 102 94 494 494 99 18 495 495 98 18 496 496 91 18 497 497 94 18 498 498 93 18 499 499 97 18 500 500 144 18 501 501 143 18 502 502 141 18 503 503</p>
        </triangles>
      </mesh>
    </geometry>
    <geometry id="Plane_688-mesh" name="Plane.688">
      <mesh>
        <source id="Plane_688-mesh-positions">
          <float_array id="Plane_688-mesh-positions-array" count="2847">995.0743 -308.3126 158.1068 995.0743 -308.3126 164.8286 996.2095 -308.317 158.1068 996.2095 -308.317 164.8286 995.0776 -307.4859 158.1068 996.2127 -307.4905 158.1068 995.0776 -307.486 165.6552 996.2127 -307.4905 165.6552 995.0776 -307.486 164.8286 996.2127 -307.4905 164.8286 995.08 -306.8679 165.6552 996.2153 -306.8723 165.6552 995.08 -306.8679 164.8286 996.2153 -306.8724 164.8286 996.2106 -308.033 165.4143 995.0754 -308.0285 165.4143 1010.816 -298.6016 162.9971 1010.816 -306.9677 162.9971 993.7836 -306.9677 162.9971 1010.816 -298.6016 165.9971 1010.816 -306.9677 165.9971 993.7836 -306.9677 165.9971 993.7836 -298.6016 165.9971 1011.428 -297.8928 165.9971 1011.428 -307.6765 165.9971 993.1713 -307.6765 165.9971 993.1713 -297.8929 165.9971 1011.428 -297.8928 167.4971 1011.428 -307.6765 167.4971 993.1713 -307.6765 167.4971 993.1713 -297.8929 167.4971 994.7478 -298.6016 162.9971 993.7836 -299.3654 162.9971 993.7836 -298.6016 162.9971 994.7478 -298.6016 165.9971 993.7836 -299.3654 165.9971 993.7836 -298.6016 165.9971 993.7838 -303.1436 162.9971 993.7838 -303.1436 165.9971 994.0833 -303.1436 162.9971 994.0833 -303.1436 165.9971 994.0833 -299.3654 162.9971 994.0833 -299.3654 165.9971 1001.932 -298.6017 162.9971 1001.932 -298.6017 165.9971 994.7478 -298.8585 162.9971 994.7478 -298.8585 165.9971 1001.932 -298.8586 162.9971 1001.932 -298.8586 165.9971 1010.816 -298.6016 162.9971 1010.816 -298.6016 165.9971 1001.932 -298.6017 162.9971 1001.932 -298.6017 165.9971 1009.42 -298.8432 165.9971 1009.42 -298.6016 162.9971 1003.328 -298.6016 162.9971 1003.328 -298.6016 165.9971 1009.42 -298.6016 165.9971 1009.42 -298.8432 162.9971 1009.415 -298.8586 165.9971 1009.415 -298.8586 162.9971 995.8041 -298.7037 162.9971 995.8041 -298.7037 165.9971 995.8041 -298.8587 162.9971 995.8041 -298.8587 165.9971 995.6845 -298.7037 162.9971 995.6845 -298.7037 165.9971 995.6846 -298.8586 162.9971 995.6846 -298.8586 165.9971 1000.925 -298.7036 162.9971 1000.925 -298.7036 165.9971 1000.925 -298.8586 162.9971 1000.925 -298.8586 165.9971 1000.806 -298.7036 162.9971 1000.806 -298.7036 165.9971 1000.806 -298.8586 162.9971 1000.806 -298.8586 165.9971 999.7634 -298.8586 165.9971 999.7634 -298.8586 162.9971 999.7635 -298.7036 165.9971 999.7635 -298.7036 162.9971 999.8829 -298.8586 165.9971 999.8829 -298.8586 162.9971 999.8828 -298.7037 165.9971 999.8828 -298.7037 162.9971 998.8669 -298.7036 162.9971 998.8669 -298.7036 165.9971 998.8669 -298.8586 162.9971 998.8669 -298.8586 165.9971 998.7474 -298.7037 162.9971 998.7474 -298.7037 165.9971 998.7474 -298.8586 162.9971 998.7474 -298.8586 165.9971 996.7367 -298.8586 165.9971 996.7367 -298.8586 162.9971 996.7368 -298.7037 165.9971 996.7368 -298.7037 162.9971 996.8562 -298.8587 165.9971 996.8562 -298.8587 162.9971 996.8562 -298.7037 165.9971 996.8562 -298.7037 162.9971 993.7836 -306.9677 162.9971 993.7836 -306.9677 165.9971 993.7838 -303.1436 162.9971 993.7838 -303.1436 165.9971 993.7838 -304.5557 165.9971 993.7836 -305.5557 165.9971 993.7836 -305.5557 165.9971 993.7838 -304.5557 165.9971 993.7838 -304.5557 162.9971 993.7836 -305.5557 162.9971 993.7838 -304.5557 162.9971 993.7836 -305.5557 162.9971 993.7838 -304.5557 164.9971 993.7836 -305.5557 164.9971 994.4779 -305.5557 164.9971 994.4779 -305.5557 162.9971 994.4779 -304.5557 162.9971 994.4779 -304.5557 164.9971 1002.089 -298.731 165.3358 994.5808 -298.731 165.3358 1002.089 -299.017 165.3358 994.5808 -299.017 165.3358 1002.089 -298.731 165.2163 994.5808 -298.731 165.2163 1002.089 -299.017 165.2163 994.5808 -299.017 165.2163 1011.443 -297.8707 166.6258 1011.443 -307.6987 166.6258 993.1563 -307.6988 166.6258 993.1563 -297.8706 166.6258 1011.443 -297.8707 167.0812 1011.443 -307.6987 167.0812 993.1563 -307.6988 167.0812 993.1563 -297.8706 167.0812 1003.326 -298.8585 165.9971 1003.326 -298.8585 162.9971 1009.415 -298.6017 165.9971 1009.415 -298.6017 162.9971 1003.326 -298.6016 165.9971 1003.326 -298.6016 162.9971 994.7478 -298.8585 162.9971 994.7478 -298.8585 165.9971 1001.932 -298.8586 162.9971 1001.932 -298.8586 165.9971 997.8249 -298.8585 162.9971 997.8249 -298.8585 165.2663 998.8693 -298.8586 162.9971 996.7806 -298.8585 162.9971 996.7806 -298.8585 165.9971 998.8693 -298.8586 165.9971 996.7806 -298.8585 165.9971 998.8693 -298.8586 165.9971 998.8693 -298.8586 165.2663 996.7806 -298.8585 165.2663 996.7806 -298.8585 162.9971 998.8693 -298.8586 162.9971 998.8693 -298.8586 165.2663 996.7806 -298.8585 165.2663 1006.901 -308.3125 158.1068 1006.901 -308.3125 164.8286 1008.037 -308.317 158.1068 1008.037 -308.317 164.8286 1006.905 -307.4859 158.1068 1008.04 -307.4904 158.1068 1006.905 -307.4859 165.6552 1008.04 -307.4904 165.6552 1006.905 -307.4859 164.8286 1008.04 -307.4904 164.8286 1006.907 -306.8678 165.6552 1008.042 -306.8723 165.6552 1006.907 -306.8678 164.8286 1008.042 -306.8723 164.8286 1008.038 -308.0329 165.4143 1006.902 -308.0284 165.4143 998.7512 -297.8309 166.5425 996.7316 -297.8309 166.5425 998.7512 -297.8309 167.109 996.7316 -297.8309 167.109 1009.572 -298.731 165.3358 1003.159 -298.731 165.3358 1009.572 -299.017 165.3358 1003.159 -299.017 165.3358 1009.572 -298.731 165.2163 1003.159 -298.731 165.2163 1009.572 -299.017 165.2163 1003.159 -299.017 165.2163 1009.572 -298.731 164.07 1003.159 -298.731 164.07 1009.572 -299.017 164.07 1003.159 -299.017 164.07 1009.572 -298.731 163.9505 1003.159 -298.731 163.9505 1009.572 -299.017 163.9505 1003.159 -299.017 163.9505 1009.572 -298.7751 163.9505 1003.159 -298.7751 163.9505 1009.572 -298.7751 162.5105 1003.159 -298.7751 162.5105 1009.572 -298.8046 164.07 1003.159 -298.8046 164.07 1009.572 -298.8046 165.9971 1003.159 -298.8046 165.9971 1011.443 -297.8707 166.3936 1011.443 -307.6987 166.3936 993.1563 -307.6988 166.3936 993.1563 -297.8706 166.3936 1011.443 -297.8707 166.52 1011.443 -307.6987 166.52 993.1563 -307.6988 166.52 993.1563 -297.8706 166.52 1011.443 -297.8707 167.2192 1011.443 -307.6987 167.2192 993.1563 -307.6988 167.2192 993.1563 -297.8706 167.2192 1011.443 -297.8707 167.3456 1011.443 -307.6987 167.3456 993.1563 -307.6988 167.3456 993.1563 -297.8706 167.3456 1008.526 -297.8309 166.5425 1006.507 -297.8309 166.5425 1008.526 -297.8309 167.109 1006.507 -297.8309 167.109 1005.533 -298.7998 164.3479 1006.254 -298.7998 164.3466 1005.533 -298.7998 164.916 1006.255 -298.7998 164.924 1003.259 -298.5546 165.0471 1002.62 -298.5546 165.0384 1003.259 -298.5546 164.4187 1002.62 -298.5546 164.42 999.7229 -298.8084 165.1165 998.9562 -298.8084 165.1081 999.7223 -298.8084 164.5027 998.9558 -298.8084 164.5041 1003.247 -298.5545 164.2173 1002.37 -298.5546 164.2097 1003.247 -298.5546 163.6679 1002.37 -298.5546 163.6691 993.3334 -298.0805 165.9971 993.3334 -307.4889 165.9971 1011.266 -307.4889 165.9971 1011.266 -298.0805 165.9971 1003.42 -298.7183 164.0005 1003.832 -298.7183 164.0005 1003.42 -298.7183 165.3034 1003.832 -298.7183 165.3034 1003.389 -298.7687 165.3319 1003.389 -298.7687 163.972 1003.863 -298.7688 163.972 1003.863 -298.7688 165.3319 1003.389 -298.7183 165.3319 1003.389 -298.7183 163.972 1003.863 -298.7182 163.972 1003.863 -298.7182 165.3319 1003.493 -298.7127 165.2546 1003.739 -298.7127 165.2546 1003.493 -298.7127 164.8926 1003.739 -298.7127 164.8926 1003.469 -298.7127 164.8064 1003.762 -298.7127 164.8064 1003.469 -298.7127 164.4444 1003.762 -298.7127 164.4444 1003.454 -298.7127 164.4179 1003.766 -298.7126 164.4179 1003.454 -298.7127 164.056 1003.766 -298.7126 164.056 994.7629 -298.5978 164.397 993.7843 -298.5978 164.397 994.7629 -298.5978 165.2821 993.7843 -298.5978 165.2821 994.7629 -298.5978 163.7382 993.7843 -298.5978 163.7382 994.5612 -298.5878 163.8268 994.3178 -298.5878 163.8268 994.5612 -298.5878 164.2011 994.3178 -298.5878 164.2011 994.3354 -298.5878 163.8268 994.0921 -298.5878 163.8268 994.3354 -298.5878 164.2011 994.0921 -298.5878 164.2011 994.0921 -298.5878 163.9542 993.9591 -298.5878 163.9542 994.0921 -298.5878 164.1588 993.9591 -298.5878 164.1588 993.9643 -298.5877 163.9542 993.8313 -298.5878 163.9542 993.9643 -298.5877 164.1588 993.8313 -298.5878 164.1588 994.4906 -298.5878 164.2286 994.3937 -298.5878 164.2286 994.4906 -298.5878 164.3422 994.3937 -298.5878 164.3422 994.3966 -298.5878 164.2286 994.2996 -298.5878 164.2286 994.3966 -298.5878 164.3422 994.2996 -298.5878 164.3422 994.2289 -298.5878 164.2286 994.132 -298.5878 164.2286 994.2289 -298.5878 164.3422 994.132 -298.5878 164.3422 994.1295 -298.5878 164.2286 994.0326 -298.5878 164.2286 994.1295 -298.5878 164.3422 994.0326 -298.5878 164.3422 994.0329 -298.5878 164.2286 993.936 -298.5877 164.2286 994.0329 -298.5878 164.3422 993.936 -298.5877 164.3422 993.9434 -298.5878 164.2286 993.8465 -298.5878 164.2286 993.9434 -298.5878 164.3422 993.8465 -298.5878 164.3422 994.6952 -298.5877 163.9152 994.5429 -298.5878 163.9152 994.6952 -298.5877 164.1513 994.5429 -298.5878 164.1513 1007.423 -298.7573 164.3447 1007.203 -298.7573 164.3447 1007.423 -298.7573 164.6825 1007.203 -298.7573 164.6825 1007.229 -298.7573 164.3447 1007.009 -298.7573 164.3447 1007.229 -298.7573 164.6825 1007.009 -298.7573 164.6825 1006.999 -298.7573 164.4597 1006.879 -298.7573 164.4597 1006.999 -298.7573 164.6443 1006.879 -298.7573 164.6443 1006.884 -298.7573 164.4597 1006.764 -298.7573 164.4597 1006.884 -298.7573 164.6443 1006.764 -298.7573 164.6443 1007.544 -298.7574 164.4245 1007.406 -298.7574 164.4245 1007.544 -298.7574 164.6376 1007.406 -298.7574 164.6376 1000.508 -298.8343 164.2326 1000.288 -298.8343 164.2326 1000.508 -298.8343 164.5704 1000.288 -298.8343 164.5704 1000.278 -298.8343 164.3476 1000.158 -298.8343 164.3476 1000.278 -298.8343 164.5322 1000.158 -298.8343 164.5322 1000.163 -298.8343 164.3476 1000.043 -298.8343 164.3476 1000.163 -298.8343 164.5322 1000.043 -298.8343 164.5322 1000.651 -298.8344 164.3553 1000.513 -298.8345 164.3553 1000.651 -298.8344 164.5684 1000.513 -298.8345 164.5684 1008.488 -298.6571 164.4603 1008.268 -298.6571 164.4603 1008.488 -298.6571 164.7982 1008.268 -298.6571 164.7982 1008.259 -298.6571 164.5753 1008.139 -298.6571 164.5753 1008.259 -298.6571 164.7599 1008.139 -298.6571 164.7599 1008.143 -298.6571 164.5753 1008.023 -298.6571 164.5753 1008.143 -298.6571 164.7599 1008.023 -298.6571 164.7599 1008.631 -298.6573 164.583 1008.494 -298.6572 164.583 1008.631 -298.6573 164.7961 1008.494 -298.6572 164.7961 1000.747 -298.8387 164.1911 999.9396 -298.8387 164.1911 1000.747 -298.8387 164.9244 999.9396 -298.8387 164.9244 1000.709 -298.8343 164.6331 1000.257 -298.8343 164.6331 1000.709 -298.8343 164.9117 1000.257 -298.8343 164.9117 1007.559 -298.7617 164.3185 1006.752 -298.7617 164.3185 1007.559 -298.7617 165.0518 1006.752 -298.7617 165.0518 1007.548 -298.7573 164.7237 1006.76 -298.7573 164.7237 1007.548 -298.7573 165.021 1006.76 -298.7573 165.021 1008.749 -298.6615 164.4372 1007.942 -298.6615 164.4372 1008.749 -298.6615 165.1704 1007.942 -298.6615 165.1704 1008.738 -298.6571 164.8424 1007.95 -298.6571 164.8424 1008.738 -298.6571 165.1397 1007.95 -298.6571 165.1397 1010.644 -298.5896 163.9145 1010.524 -298.5897 163.9145 1010.644 -298.5896 164.1464 1010.524 -298.5897 164.1464 1010.531 -298.5897 163.9145 1010.379 -298.5897 163.9145 1010.531 -298.5897 164.1464 1010.379 -298.5897 164.1464 1010.399 -298.5897 163.9145 1010.231 -298.5896 163.9145 1010.399 -298.5897 164.1464 1010.231 -298.5896 164.1464 1010.131 -298.5896 163.9145 1009.979 -298.5896 163.9145 1010.131 -298.5896 164.1464 1009.979 -298.5896 164.1464 1009.99 -298.5896 163.9145 1009.852 -298.5896 163.9145 1009.99 -298.5896 164.1464 1009.852 -298.5896 164.1464 1009.855 -298.5896 163.9145 1009.718 -298.5896 163.9145 1009.855 -298.5896 164.1464 1009.718 -298.5896 164.1464 1009.723 -298.5896 163.9145 1009.602 -298.5896 163.9145 1009.723 -298.5896 164.1464 1009.602 -298.5896 164.1464 1010.568 -298.5895 164.2205 1010.282 -298.5895 164.2205 1010.568 -298.5895 164.6598 1010.282 -298.5895 164.6598 1010.303 -298.5895 164.2205 1010.017 -298.5895 164.2205 1010.303 -298.5895 164.6598 1010.017 -298.5895 164.6598 1010.017 -298.5895 164.3701 1009.861 -298.5895 164.3701 1010.017 -298.5895 164.6101 1009.861 -298.5895 164.6101 1009.867 -298.5895 164.3701 1009.711 -298.5895 164.3701 1009.867 -298.5895 164.6101 1009.711 -298.5895 164.6101 1010.485 -298.5895 164.6921 1010.371 -298.5895 164.6921 1010.485 -298.5895 164.8253 1010.371 -298.5895 164.8253 1010.375 -298.5895 164.6921 1010.261 -298.5895 164.6921 1010.375 -298.5895 164.8253 1010.261 -298.5895 164.8253 1010.178 -298.5895 164.6921 1010.064 -298.5895 164.6921 1010.178 -298.5895 164.8253 1010.064 -298.5895 164.8253 1010.061 -298.5895 164.6921 1009.948 -298.5895 164.6921 1010.061 -298.5895 164.8253 1009.948 -298.5895 164.8253 1009.948 -298.5895 164.6921 1009.834 -298.5895 164.6921 1009.948 -298.5895 164.8253 1009.834 -298.5895 164.8253 1009.843 -298.5895 164.6921 1009.729 -298.5895 164.6921 1009.843 -298.5895 164.8253 1009.729 -298.5895 164.8253 1010.725 -298.5896 164.3243 1010.546 -298.5896 164.3243 1010.725 -298.5896 164.6014 1010.546 -298.5896 164.6014 1010.7 -298.5896 164.9834 1010.58 -298.5896 164.9834 1010.7 -298.5896 165.2153 1010.58 -298.5896 165.2153 1010.579 -298.5896 164.9834 1010.427 -298.5896 164.9834 1010.579 -298.5896 165.2153 1010.427 -298.5896 165.2153 1010.434 -298.5897 164.9834 1010.313 -298.5896 164.9834 1010.434 -298.5897 165.2153 1010.313 -298.5896 165.2153 1010.314 -298.5896 164.9834 1010.194 -298.5896 164.9834 1010.314 -298.5896 165.2153 1010.194 -298.5896 165.2153 1010.11 -298.5895 164.9777 1009.954 -298.5895 164.9777 1010.11 -298.5895 165.2178 1009.954 -298.5895 165.2178 1009.957 -298.5895 164.9777 1009.801 -298.5895 164.9777 1009.957 -298.5895 165.2178 1009.801 -298.5895 165.2178 1009.78 -298.5895 164.9777 1009.614 -298.5895 164.9777 1009.78 -298.5895 165.2178 1009.614 -298.5895 165.2178 1010.772 -298.5941 164.183 1009.584 -298.5941 164.183 1010.772 -298.5941 164.9371 1009.584 -298.5941 164.9371 1010.743 -298.5929 164.6031 1010.255 -298.593 164.6031 1010.743 -298.5929 164.904 1010.255 -298.593 164.904 1008.911 -275.0164 162.2056 1009.703 -274.2259 162.2007 1009.018 -274.6208 162.2042 1009.308 -274.3317 162.2033 1010.121 -274.2264 162.2012 1010.912 -275.018 162.2149 1010.517 -274.3326 162.2063 1010.806 -274.6223 162.2106 1009.723 -274.3761 162.3511 1009.062 -275.0364 162.3557 1009.385 -274.4663 162.3533 1009.153 -274.6987 162.3545 1009.069 -287.3893 162.5523 1009.729 -288.0507 162.6289 1009.159 -287.7272 162.585 1009.391 -287.9599 162.6119 1010.107 -288.0511 162.6389 1010.769 -287.3907 162.5969 1010.445 -287.9609 162.6396 1010.678 -287.7283 162.6248 1010.762 -275.0377 162.3633 1010.101 -274.3763 162.3519 1010.671 -274.7 162.3603 1010.439 -274.4671 162.3562 1010.121 -274.2264 162.3512 1010.517 -274.3326 162.3563 1010.806 -274.6224 162.3606 1010.912 -275.018 162.3649 1010.523 -288.0954 162.6537 1010.127 -288.2011 162.6528 1010.812 -287.8061 162.6353 1010.919 -287.4107 162.6026 1009.709 -288.2008 162.6419 1009.314 -288.0945 162.622 1009.024 -287.8047 162.5884 1008.919 -287.409 162.5501 1009.308 -274.3317 162.3533 1009.704 -274.226 162.3507 1009.018 -274.6209 162.3542 1008.912 -275.0165 162.3556 1009.069 -280.1969 162.2202 1008.918 -280.1968 162.2201 1010.769 -280.1982 162.2495 1010.767 -282.2006 162.256 1008.917 -282.3641 162.2209 1008.919 -280.0317 162.2201 1010.919 -280.0334 162.2496 1010.917 -282.3658 162.26 1010.919 -280.1985 162.2512 1010.917 -282.2007 162.2595 1008.919 -280.0318 162.3701 1008.917 -282.3641 162.3709 1008.919 -280.1968 162.3701 1008.917 -282.199 162.3708 1010.917 -282.3659 162.41 1010.919 -280.0334 162.3996 1010.917 -282.2008 162.4095 1010.919 -280.1985 162.4012 1009.067 -282.3642 162.3721 1009.069 -280.0319 162.3701 1009.067 -282.1991 162.3719 1009.069 -280.197 162.3702 1010.769 -280.0335 162.3979 1010.767 -282.3657 162.4065 1010.769 -280.1983 162.3995 1010.767 -282.2007 162.406 1009.067 -282.199 162.2219 1008.917 -282.1989 162.2209 1010.522 -288.0954 162.5037 1010.812 -287.806 162.4853 1010.127 -288.201 162.5028 1010.918 -287.4107 162.4526 1009.024 -287.8046 162.4384 1009.314 -288.0944 162.472 1008.919 -287.409 162.4001 1009.709 -288.2007 162.4918 1000.912 -275.0184 162.1973 1001.703 -274.228 162.1824 1001.018 -274.6229 162.1951 1001.308 -274.3338 162.19 1002.121 -274.2283 162.1866 1002.912 -275.02 162.2001 1002.517 -274.3347 162.1954 1002.806 -274.6245 162.1976 1001.723 -274.3781 162.3446 1001.062 -275.0384 162.3476 1001.386 -274.4682 162.3446 1001.153 -274.7008 162.3457 1001.069 -287.3915 162.4972 1001.729 -288.0527 162.557 1001.159 -287.7292 162.5243 1001.391 -287.962 162.5466 1002.107 -288.0531 162.5596 1002.769 -287.3929 162.5053 1002.445 -287.963 162.5539 1002.678 -287.7304 162.5348 1002.762 -275.0399 162.35 1002.101 -274.3783 162.3451 1002.672 -274.7021 162.3478 1002.439 -274.4692 162.3461 1002.121 -274.2284 162.3366 1002.517 -274.3348 162.3454 1002.806 -274.6245 162.3475 1002.912 -275.0201 162.3501 1002.523 -288.0975 162.5664 1002.127 -288.2031 162.5731 1002.812 -287.8082 162.5426 1002.919 -287.4128 162.5081 1001.709 -288.2028 162.5702 1001.314 -288.0964 162.5581 1001.024 -287.8069 162.5303 1000.919 -287.4111 162.4982 1001.308 -274.3338 162.34 1001.703 -274.2282 162.3324 1001.018 -274.623 162.3451 1000.912 -275.0184 162.3473 1001.069 -280.199 162.2192 1000.919 -280.1989 162.2192 1002.769 -280.2003 162.2193 1002.767 -282.2026 162.2193 1000.917 -282.3662 162.2192 1000.919 -280.0338 162.2192 1002.919 -280.0354 162.2193 1002.917 -282.3678 162.2194 1002.919 -280.2006 162.2193 1002.917 -282.2029 162.2193 1000.919 -280.0339 162.3692 1000.917 -282.3663 162.3692 1000.919 -280.199 162.3692 1000.917 -282.2011 162.3692 1002.917 -282.3679 162.3694 1002.919 -280.0355 162.3693 1002.917 -282.2029 162.3693 1002.919 -280.2006 162.3693 1001.067 -282.3665 162.3692 1001.069 -280.034 162.3692 1001.067 -282.2012 162.3692 1001.069 -280.1991 162.3692 1002.769 -280.0355 162.3693 1002.767 -282.3678 162.3693 1002.769 -280.2005 162.3693 1002.767 -282.2027 162.3693 1001.067 -282.2012 162.2192 1000.917 -282.201 162.2192 1002.523 -288.0975 162.4164 1002.812 -287.8081 162.3926 1002.127 -288.2032 162.4231 1002.919 -287.4127 162.3581 1001.024 -287.8068 162.3803 1001.313 -288.0965 162.4081 1000.919 -287.4111 162.3482 1001.709 -288.2027 162.4202 992.9118 -275.0205 162.1633 993.7036 -274.2301 162.0843 993.0181 -274.625 162.1188 993.3078 -274.3359 162.0899 994.1215 -274.2304 162.0914 994.9119 -275.0221 162.1843 994.5168 -274.3368 162.1103 994.806 -274.6266 162.1489 993.7233 -274.3802 162.2522 993.0621 -275.0406 162.3182 993.3856 -274.4705 162.257 993.1528 -274.7029 162.2802 993.069 -287.3936 162.47 993.7292 -288.055 162.5174 993.1591 -287.7313 162.4936 993.3915 -287.9641 162.5104 994.1077 -288.0552 162.5183 994.7689 -287.3949 162.4739 994.4453 -287.9651 162.5128 994.6783 -287.7324 162.4972 994.762 -275.0419 162.3334 994.1015 -274.3805 162.2586 994.6718 -274.7041 162.3058 994.4392 -274.4713 162.2747 994.1216 -274.2305 162.2414 994.517 -274.3369 162.2603 994.8065 -274.6266 162.2989 994.9121 -275.0222 162.3343 994.5229 -288.0996 162.5225 994.1273 -288.2052 162.5288 994.8126 -287.8103 162.5035 994.9189 -287.4149 162.4756 993.7094 -288.205 162.5278 993.3139 -288.0986 162.5195 993.0246 -287.8088 162.4987 992.9191 -287.4132 162.471 993.3081 -274.3359 162.2399 993.7039 -274.2301 162.2343 993.0185 -274.6251 162.2688 992.9121 -275.0206 162.3133 993.069 -280.2012 162.2174 992.9188 -280.201 162.2173 994.7689 -280.2025 162.2183 994.7672 -282.2048 162.2186 992.9169 -282.3682 162.2177 992.9189 -280.0359 162.2173 994.9191 -280.0375 162.2183 994.9168 -282.3699 162.2187 994.9188 -280.2027 162.2184 994.9171 -282.2048 162.2187 992.9191 -280.0359 162.3673 992.9172 -282.3683 162.3677 992.9191 -280.2011 162.3673 992.9174 -282.2032 162.3677 994.9172 -282.37 162.3687 994.9193 -280.0376 162.3683 994.9174 -282.2049 162.3687 994.9191 -280.2027 162.3684 993.0673 -282.3686 162.3678 993.0693 -280.036 162.3674 993.0675 -282.2033 162.3677 993.069 -280.2012 162.3674 994.7691 -280.0375 162.3683 994.7672 -282.3699 162.3687 994.7692 -280.2025 162.3683 994.7674 -282.2049 162.3686 993.0671 -282.2032 162.2177 992.9171 -282.2031 162.2177 994.5226 -288.0996 162.3725 994.8123 -287.8103 162.3535 994.1271 -288.2052 162.3788 994.9186 -287.4149 162.3256 993.0244 -287.8088 162.3487 993.3136 -288.0986 162.3695 992.9187 -287.4131 162.321 993.7091 -288.2048 162.3778 1010.914 -276.6897 162.2252 1010.916 -278.3616 162.2355 1008.917 -278.36 162.3674 1008.914 -276.6882 162.3615 1008.918 -285.7274 162.3992 1008.918 -284.0457 162.3715 1010.917 -284.0474 162.2649 1010.918 -285.729 162.3018 1009.067 -278.3667 162.3674 1009.064 -276.7015 162.3616 1010.767 -284.0407 162.4114 1010.768 -285.7157 162.4466 1008.916 -278.3599 162.2174 1008.914 -276.6882 162.2115 1009.068 -285.7143 162.402 1009.068 -284.0393 162.3741 1008.918 -285.7274 162.2492 1008.917 -284.0457 162.2215 1010.764 -276.703 162.3736 1010.766 -278.3682 162.3839 1010.914 -276.6898 162.3752 1010.917 -278.3616 162.3855 1010.918 -284.0475 162.4149 1010.918 -285.7291 162.4518 1002.914 -276.6918 162.2099 1002.917 -278.3636 162.2158 1000.917 -278.3621 162.3653 1000.914 -276.6903 162.3574 1000.918 -285.7296 162.3733 1000.917 -284.0479 162.3694 1002.918 -284.0494 162.22 1002.918 -285.731 162.2287 1001.067 -278.3688 162.3653 1001.064 -276.7036 162.3576 1002.768 -284.0428 162.3699 1002.768 -285.7179 162.3774 1000.916 -278.362 162.2153 1000.914 -276.6902 162.2074 1001.068 -285.7165 162.3728 1001.068 -284.0415 162.3695 1000.918 -285.7295 162.2233 1000.917 -284.0479 162.2194 1002.764 -276.7051 162.3599 1002.767 -278.3703 162.3658 1002.914 -276.6919 162.3599 1002.917 -278.3637 162.3658 1002.918 -284.0495 162.3699 1002.918 -285.7312 162.3787 994.9143 -276.6939 162.1984 994.9166 -278.3657 162.2097 992.9167 -278.3641 162.3473 992.9143 -276.6923 162.3331 992.9184 -285.7315 162.3686 992.9179 -284.05 162.368 994.9175 -284.0516 162.2188 994.918 -285.7333 162.2188 993.0669 -278.3709 162.3485 993.0645 -276.7058 162.3345 994.7677 -284.0449 162.3688 994.7684 -285.7199 162.3688 992.9165 -278.3641 162.1973 992.9141 -276.6923 162.1831 993.0684 -285.7185 162.3685 993.0679 -284.0436 162.3681 992.9181 -285.7315 162.2186 992.9176 -284.0499 162.218 994.7643 -276.7071 162.3474 994.7666 -278.3724 162.3596 994.9146 -276.694 162.3484 994.9169 -278.3658 162.3596 994.9178 -284.0516 162.3688 994.9184 -285.7333 162.3688 1010.7 -298.5896 165.2147 1010.7 -298.5896 164.9839 1010.607 -298.5896 164.9839 1010.607 -298.5896 165.2148 1010.608 -298.5896 165.2148 1010.608 -298.5896 164.9839 1010.537 -298.5896 164.9839 1010.537 -298.5896 165.2148 1010.538 -298.5896 165.2148 1010.538 -298.5896 164.9839 1010.466 -298.5896 164.9839 1010.466 -298.5896 165.2148 1010.467 -298.5896 165.2148 1010.467 -298.5896 164.9839 1010.376 -298.5896 164.9839 1010.376 -298.5896 165.2148 1010.377 -298.5896 165.2148 1010.377 -298.5896 164.9839 1010.293 -298.5896 164.9839 1010.293 -298.5896 165.2148 1010.293 -298.5896 165.2148 1010.293 -298.5896 164.9839 1010.194 -298.5896 164.984 1010.194 -298.5896 165.2148 1010.178 -298.5895 164.8253 1010.178 -298.5895 164.6921 1010.057 -298.5895 164.6921 1010.057 -298.5895 164.8253 1010.057 -298.5895 164.8253 1010.057 -298.5895 164.6921 1009.939 -298.5895 164.6921 1009.939 -298.5895 164.8253 1009.939 -298.5895 164.8253 1009.939 -298.5895 164.6921 1009.839 -298.5895 164.6921 1009.839 -298.5895 164.8253 1009.91 -298.5895 164.7179 1009.91 -298.5895 164.6644 1009.868 -298.5895 164.6644 1009.868 -298.5895 164.7179 1009.839 -298.5895 164.8253 1009.839 -298.5895 164.6921 1009.729 -298.5895 164.6921 1009.729 -298.5895 164.8253 994.2289 -298.5878 164.3422 994.2289 -298.5878 164.2286 994.1258 -298.5878 164.2286 994.1258 -298.5878 164.3422 994.1261 -298.5878 164.3422 994.1261 -298.5878 164.2286 994.0249 -298.5878 164.2286 994.0249 -298.5878 164.3422 994.0252 -298.5878 164.3422 994.0252 -298.5878 164.2286 993.9402 -298.5878 164.2286 993.9402 -298.5878 164.3422 994.0007 -298.5878 164.2506 994.0007 -298.5878 164.205 993.9647 -298.5878 164.205 993.9647 -298.5878 164.2506 993.9405 -298.5878 164.3422 993.9405 -298.5878 164.2286 993.8465 -298.5878 164.2286 993.8465 -298.5878 164.3422 1010.455 -298.5893 164.1464 1010.455 -298.5893 163.9145 1010.322 -298.5894 163.9145 1010.322 -298.5894 164.1464 1010.329 -298.5894 164.1464 1010.329 -298.5894 163.9145 1010.218 -298.5895 163.9145 1010.218 -298.5895 164.1464 1010.225 -298.5895 164.1464 1010.225 -298.5895 163.9145 1010.129 -298.5895 163.9145 1010.129 -298.5895 164.1464 1010.136 -298.5895 164.1464 1010.136 -298.5895 163.9145 1010.015 -298.5896 163.9145 1010.015 -298.5896 164.1464 1010.022 -298.5896 164.1464 1010.022 -298.5896 163.9145 1009.907 -298.5897 163.9145 1009.907 -298.5897 164.1464 1009.914 -298.5897 164.1464 1009.914 -298.5897 163.9145 1009.791 -298.5898 163.9145 1009.791 -298.5898 164.1464 1003.675 -298.7127 165.2546 1003.675 -298.7127 165.0414 1003.556 -298.7127 165.0414 1003.556 -298.7127 165.2546 1003.687 -298.7127 165.0082 1003.687 -298.7127 164.7951 1003.544 -298.7127 164.7951 1003.544 -298.7127 165.0082 1003.657 -298.7127 164.7619 1003.657 -298.7127 164.5487 1003.574 -298.7127 164.5487 1003.574 -298.7127 164.7619 1003.683 -298.7127 164.5155 1003.683 -298.7127 164.3024 1003.548 -298.7127 164.3024 1003.548 -298.7127 164.5155 1003.687 -298.7127 164.2692 1003.687 -298.7127 164.056 1003.544 -298.7127 164.056 1003.544 -298.7127 164.2692 994.6922 -298.5877 164.097 994.6922 -298.5877 163.9506 994.6312 -298.5877 163.9506 994.6312 -298.5877 164.097 994.6373 -298.5877 164.1513 994.6373 -298.5877 163.9152 994.5429 -298.5878 163.9152 994.5429 -298.5878 164.1513 1007.541 -298.7574 164.5886 1007.541 -298.7574 164.4565 1007.486 -298.7574 164.4565 1007.486 -298.7574 164.5886 1007.492 -298.7574 164.6376 1007.492 -298.7574 164.4245 1007.406 -298.7574 164.4245 1007.406 -298.7574 164.6376 1000.648 -298.8344 164.5194 1000.648 -298.8344 164.3873 1000.593 -298.8344 164.3873 1000.593 -298.8344 164.5194 1000.599 -298.8344 164.5684 1000.599 -298.8344 164.3553 1000.513 -298.8345 164.3553 1000.513 -298.8345 164.5684 1008.628 -298.6573 164.7471 1008.628 -298.6573 164.615 1008.573 -298.6573 164.615 1008.573 -298.6573 164.7471 1008.579 -298.6573 164.7961 1008.579 -298.6573 164.583 1008.494 -298.6572 164.583 1008.494 -298.6572 164.7961 1010.721 -298.5896 164.5377 1010.721 -298.5896 164.3659 1010.65 -298.5896 164.3659 1010.65 -298.5896 164.5377 1010.657 -298.5896 164.6014 1010.657 -298.5896 164.3243 1010.546 -298.5896 164.3243 1010.546 -298.5896 164.6014</float_array>
          <technique_common>
            <accessor source="#Plane_688-mesh-positions-array" count="949" stride="3">
              <param name="X" type="float"/>
              <param name="Y" type="float"/>
              <param name="Z" type="float"/>
            </accessor>
          </technique_common>
        </source>
        <source id="Plane_688-mesh-normals">
          <float_array id="Plane_688-mesh-normals-array" count="1644">4.38336e-5 1 0 0 1 0 4.38313e-5 1 0 -1.93089e-4 -1 0 -3.91219e-4 1 0 -6.88855e-4 0.9999998 0 9.4541e-4 0.9999997 0 -6.00722e-4 0.9999998 0 -5.48681e-4 1 0 -5.67003e-4 1 1.09365e-4 -5.48681e-4 1 0 3.55743e-4 1 1.2479e-4 6.67245e-4 0.9999998 0 3.31677e-4 1 0 -7.62805e-4 0.9999997 0 -1.56178e-4 1 3.11407e-4 1.50994e-4 0.9999999 -5.43471e-4 -2.22238e-4 1 0 3.35569e-4 1 0 3.21789e-4 1 9.51757e-5 3.35568e-4 1 2.57328e-7 7.56995e-4 0.9999998 0 -2.50127e-4 1 0 0 1 4.49093e-5 0 1 -2.17225e-5 -1.02927e-4 1 -1.26646e-4 -1.93165e-4 -1 0 -6.88151e-4 0.9999998 0 9.4524e-4 0.9999997 0 -6.00774e-4 0.9999998 0 -6.24456e-4 0.9999997 4.02373e-4 -5.49473e-4 1 0 -5.73809e-4 0.9999998 -1.25462e-4 2.15728e-4 1 -1.56725e-4 1.89385e-4 1 0 1.89385e-4 1 0 -7.62872e-4 0.9999997 0 -1.84562e-4 1 -2.37293e-4 -2.2219e-4 1 0 -2.2219e-4 1 0 2.18202e-4 1 2.54939e-4 3.35569e-4 1 0 2.98879e-4 1 -1.52571e-4 7.57062e-4 0.9999998 0 -2.50153e-4 1 0 0.3733178 0.6586551 0.653305 0.8654621 0.500974 -6.69365e-4 0.4988809 0.8666703 -6.97458e-4 -0.02588808 0.08891147 0.9957031 -0.1168141 -0.6953901 0.7090749 0.08213442 -0.6976278 0.711737 0.130526 0.991445 7.91598e-5 -0.09373927 0.7295707 0.6774508 0.09239703 0.7310335 0.6760569 -0.009458541 0.007058501 0.9999305 -0.0114305 0.005975782 0.9999169 0.6527481 0.3821645 0.654118 0.9912926 0.1316731 -0.001139879 0.002106726 0.003185272 0.9999928 -0.7266623 0.09704113 0.6801066 -0.001875817 0.004683971 0.9999873 0.005125761 7.01675e-4 0.9999867 -0.3755431 0.6569128 0.6537836 -0.02623438 0.08921974 0.9956665 -0.7398469 -0.04000914 0.6715846 -0.6743541 -0.3326255 0.6592472 -0.02591568 0.08961546 0.9956392 -0.3999875 -0.618305 0.6765419 -0.02602654 0.08925282 0.9956689 0.6532559 -0.3376677 0.6776704 -0.02608335 0.08947968 0.9956471 0.128775 -0.9916738 -4.5369e-4 -0.1345276 -0.9909096 -7.44059e-4 0.8703272 -0.492474 2.85241e-4 0.724313 -0.04145926 0.6882237 0.9999882 5.99365e-4 -0.0048424 0.6987213 0.002541959 0.7153895 0.7029705 0.009172201 0.7111599 -0.999999 0.001086652 -9.59452e-4 -0.7049983 6.36369e-4 0.7092088 -0.9999848 -0.001686573 0.005270481 -0.02607136 0.08933824 0.9956601 0.7039546 0.04097682 0.709062 -0.02784121 0.05445939 0.9981278 -0.02616369 0.08973228 0.9956222 -0.7082927 -0.7059168 0.001717507 -0.7059244 5.53013e-4 0.708287 -0.009237408 0.7087711 0.7053781 -0.7096399 0.001339972 0.7045632 -0.01412671 0.001216173 0.9998996 7.61009e-4 0.9999994 7.99675e-4 8.13072e-4 0.9999997 4.6064e-4 -0.01471716 0.7081719 0.7058867 -0.02204644 0.0027377 0.9997533 -0.01397293 0.008861899 0.9998632 -0.006805539 -0.7091068 0.7050684 -0.01099693 -0.7031567 0.71095 -1 2.80258e-4 3.31585e-4 -0.5797257 0.5765326 0.575785 -0.7079281 0.7062821 0.001856148 -0.005754351 0.007822871 0.9999529 5.12596e-4 0.005109071 0.9999868 0.5723334 0.5762068 0.5834554 0.7235652 0.1011385 0.6828063 -0.6541143 0.3815745 0.6530968 -0.01110392 0.006468832 0.9999175 0.7034599 0.006252586 0.7107074 0.7051984 0.006441652 0.7089807 1 5.3147e-5 0 0.7016381 0.7125331 -8.00986e-4 -0.9914939 0.1300928 0.003984212 0.7052159 -0.7089914 -0.001337945 1 -1.34658e-4 -5.76296e-5 0.3747076 -0.6244912 0.6852774 -0.9924768 -0.1224263 0.001266777 -0.7236143 0.0376591 0.6891764 -1 -2.56005e-4 -1.31023e-4 0.9999994 0.001198947 6.98547e-7 0.7030763 0.005240917 0.7110952 -0.007472455 0.00184834 0.9999704 -0.5756088 -0.5774086 0.5790285 0.5727983 -0.5749654 0.5842235 -0.707648 0.001673817 0.7065631 -0.003454923 0.003847241 0.9999867 -0.001377582 -0.9999988 -7.053e-4 -0.01958 0.008824706 0.9997693 -0.7133908 0.005681574 0.7007435 -8.78057e-4 -0.9999994 -7.31445e-4 0.5024279 -0.8646168 -0.001996159 -0.5097677 -0.860312 -6.37538e-4 -0.8739404 -0.4860332 4.29703e-4 -0.4985072 0.8668856 2.58971e-4 -0.8647496 0.5022033 1.64122e-4 0.3727568 0.6585915 0.6536893 0.8657345 0.5005022 -0.001131772 0.4985299 0.8668724 -4.1969e-4 -0.006768941 0.08866029 0.9960389 -0.1045847 -0.6965332 0.7098618 0.09407395 -0.6966271 0.7112389 0.12983 0.9915361 7.00951e-4 -0.1002703 0.7531833 0.6501238 0.09504455 0.7456533 0.6595209 -0.00436455 0.01126354 0.9999271 0.6542785 0.3818241 0.6527864 0.9912993 0.131621 -0.001323342 -0.001326501 0.008907675 0.9999595 -0.7278703 0.09947657 0.678461 -0.001268625 0.005984187 0.9999813 -0.005474805 0.02340525 0.9997111 -0.3755159 0.6652253 0.6453396 -0.00815159 0.08149117 0.9966408 -0.7320522 -0.04796433 0.679558 -0.666572 -0.3365453 0.6651459 -0.006763696 0.08877027 0.9960291 -0.3894903 -0.6194599 0.6815913 -0.006814718 0.08864843 0.9960398 0.6610337 -0.3362728 0.670787 -0.006767034 0.08872437 0.9960333 0.1298868 -0.9915288 4.01658e-4 -0.1331385 -0.9910973 -4.60118e-4 0.8715105 -0.4903754 -0.001255512 0.7299396 -0.04583603 0.6819732 0.9999999 3.37984e-4 -3.309e-4 0.7071291 3.14365e-4 0.7070844 0.7076302 0.001939713 0.7065803 -1 -1.26897e-4 -1.85018e-4 -0.7050891 0.001221656 0.7091178 -0.9999892 -0.001774549 0.004310488 -0.006511807 0.08210456 0.9966025 0.7134373 0.03017163 0.7000693 -0.004040062 0.03925484 0.9992211 -0.006524145 0.08709388 0.9961788 -0.7081789 -0.7060331 9.31466e-5 -0.7070419 1.40379e-4 0.7071717 5.52337e-4 0.7071128 0.7071006 -0.7071441 5.97835e-5 0.7070695 -5.97927e-5 5.76863e-5 1 0.001354217 0.9999991 5.08558e-4 9.21753e-4 0.9999997 8.47994e-5 8.06935e-4 0.7069818 0.7072314 -3.35724e-4 2.32513e-4 1 -1.51579e-5 6.9881e-4 0.9999998 -5.22452e-4 -0.70732 0.7068933 -7.75627e-4 -0.707486 0.706727 -0.9999992 7.29743e-4 0.001010417 -0.5775352 0.5764744 0.5780401 -0.7062614 0.7079499 0.001297414 -0.008516192 0.04422706 0.9989852 0.5785273 0.5763491 0.5771723 -0.001149475 0.006167173 0.9999803 0.727092 0.09994941 0.6792255 -0.6533553 0.3833546 0.6528142 -1.63847e-4 0.002801656 0.9999961 0.7077764 6.40307e-4 0.7064362 0.7073841 0.003064155 0.7068228 0.9999995 -4.08386e-4 -0.001001298 0.7079241 0.7062884 -3.91319e-4 -0.9913792 0.1310102 0.001918971 0.7056624 -0.7085466 -0.001537263 0.9999985 -2.17028e-4 -0.001710772 0.3833328 -0.6216424 0.6830935 -0.9923315 -0.1235957 0.001496613 -0.7151182 0.02768063 0.6984552 -0.9999994 -4.56559e-4 0.001131653 0.9999978 0.001331567 -0.001672506 0.7072535 0.004345655 0.7069467 9.44794e-6 7.81607e-4 0.9999997 -0.5774567 -0.5773316 0.5772625 0.57719 -0.5775426 0.5773183 -0.7073299 0.002965927 0.7068774 -0.001001954 0.005326271 0.9999853 -0.001428306 -0.999998 -0.00143975 -6.05707e-4 0.001341402 0.999999 -0.7076679 5.87099e-4 0.706545 -7.32994e-4 -0.9999995 -7.3298e-4 -0.5076538 -0.8615571 0.002657234 0.002241969 0.03304165 0.9994515 -0.8731049 -0.4875324 -2.28025e-4 -0.4970802 0.8677043 8.01184e-4 0.5049545 -0.8631457 -5.55969e-4 -0.8648264 0.5020682 0.001742064 0.3631067 0.6992347 0.6158121 0.8585457 0.5127321 -0.002284467 0.4901896 0.8716159 -8.76369e-5 -0.002095341 0.06951069 0.9975791 0.09679955 -0.703777 0.7037953 -0.002334237 0.06950128 0.9975792 0.1287522 0.9916768 3.24275e-4 -0.1012119 0.7663342 0.6344196 0.08328807 0.7671611 0.6360244 -0.01621639 0.1162763 0.9930846 0.6426645 0.426064 0.636751 0.9909036 0.134568 -0.001293361 -0.01696693 0.1162625 0.9930736 -0.72275 0.1328961 0.6782118 -0.01772147 0.0602498 0.9980261 -0.01705932 0.1163686 0.9930596 -0.3767233 0.6970614 0.6100698 -0.00211966 0.06950956 0.997579 -0.7309886 -0.05554789 0.6801251 -0.6627234 -0.3437306 0.6653172 -0.002403557 0.06910127 0.9976068 -0.3862743 -0.6280929 0.6754935 -0.003555715 0.07006424 0.9975363 0.6603627 -0.3447334 0.6671432 -0.003849506 0.07079541 0.9974835 0.1302641 -0.9914794 -2.93407e-4 -0.1005067 -0.7036971 0.7033554 -0.1325991 -0.9911695 -8.69287e-4 0.8702635 -0.4925835 -0.001755654 0.7310001 -0.05535745 0.6801283 0.9999979 3.34121e-4 -0.002057433 0.7078902 -1.67652e-4 0.7063225 0.7078157 2.53993e-4 0.7063972 -0.9999991 -6.60863e-4 0.001220405 -0.7096897 0.006118834 0.7044878 -0.9999983 -0.001438677 0.001220643 -0.002284228 0.06562137 0.9978421 0.7160779 0.02341377 0.6976277 9.0298e-4 0.03018951 0.9995438 -0.7082224 -0.7059889 9.29708e-4 -0.7053905 0.003574609 0.70881 2.98026e-4 0.7070462 0.7071673 -0.7067685 4.90814e-4 0.7074448 -6.0946e-4 4.91945e-4 0.9999997 4.67533e-4 0.9999998 5.76556e-4 8.31168e-4 0.9999992 9.22323e-4 -1.85639e-4 4.49984e-4 0.9999999 2.61496e-5 0.70694 0.7072736 -2.35993e-4 0.002508938 0.9999969 -0.00104016 -0.7070923 0.7071205 -0.001064479 -0.7069802 0.7072326 -0.9999979 4.35074e-4 0.002034604 -0.5761991 0.5777564 0.5780938 -0.7067742 0.7074359 0.002158999 -0.01681548 0.1161205 0.9930928 -0.02241528 0.09045064 0.9956488 0.7150539 0.1227231 0.6882129 -0.6518625 0.4312907 0.6237498 -0.002984106 0.007269322 0.9999691 0.707322 0.001691281 0.7068896 0.7074416 0.005478441 0.7067506 0.5782665 0.5766773 0.5771058 0.9999965 -4.34955e-4 -0.002657413 0.706809 0.7074038 -0.001004874 -0.9907771 0.13549 0.001803815 0.7056989 -0.7085114 -7.97118e-4 0.999999 -8.02718e-4 -0.001244008 0.3830943 -0.6293822 0.6761041 -0.9922107 -0.1245493 0.00234127 -0.7139933 0.02220714 0.6998004 -0.9999979 -3.11401e-4 0.002022981 0.9999971 0.001397132 -0.002009987 0.7050883 0.006391465 0.7090907 -0.001477718 0.004874944 0.9999871 -0.5767443 -0.5775742 0.5777319 0.5770389 -0.5778394 0.5771722 -0.709578 0.005520045 0.7046052 -0.00845021 0.009092867 0.9999231 -0.001088857 -0.9999994 2.81786e-6 -5.16715e-4 2.20711e-4 1 -0.7067274 -1.32016e-4 0.707486 -8.85238e-4 -0.9999997 -8.47341e-5 -0.5061416 -0.8624498 0.001022577 -0.01540833 0.1105731 0.9937486 -0.8716305 -0.4901612 0.001571178 -0.4931776 0.8699283 8.64266e-4 0.5035556 -0.8639622 -0.001028478 -0.8577354 0.5140852 0.002560079 -0.001684963 0.06508731 0.9978782 -0.001084983 0.02954071 0.9995631 -0.006910324 0.01012742 0.9999248 0.9999969 0.00144726 -0.002035021 -0.9999986 -4.04756e-4 0.001638889 -0.0129708 0.04424178 0.9989367 -0.007099032 0.007735848 0.9999449 -1.02906e-4 5.7759e-5 1 -0.9999984 -0.001384615 0.001232385 0.9920926 -0.1254915 -0.002029538 0.9999971 3.03689e-4 -0.002429544 -0.004428625 0.07727342 0.9970001 -9.90429e-4 0.0374329 0.9992987 -1.41021e-4 0.003308653 0.9999946 0.9999978 0.00147897 -0.001483678 -0.9999994 -3.99628e-4 0.001091957 -0.001289963 0.006002485 0.9999812 -7.19721e-4 0.004950702 0.9999875 -5.30622e-4 0.002631604 0.9999965 -0.9999994 -0.001191735 -9.23677e-7 0.9922772 -0.1240361 -0.001085162 1 2.86971e-4 -4.7816e-4 -0.02623075 0.08929288 0.99566 -0.02404588 0.05249565 0.9983316 -0.004412174 0.002865076 0.9999862 0.9999874 0.001762688 -0.004694879 -0.9999867 -5.57228e-4 0.005129933 -0.008994817 0.006604611 0.9999378 -0.009522259 0.005829751 0.9999377 -0.02289783 0.01128584 0.9996742 -0.9999983 -0.001151084 -0.001491069 0.9922922 -0.1238156 -0.005106329 0.9999993 1.044e-4 0.001245737 -0.1301996 0.9914867 0.0014894 -0.1297684 0.9915438 0.00111562 -0.1302002 0.9914877 2.76029e-4 -0.001314222 0.004480004 0.9999892 6.64286e-4 0.005006074 0.9999873 0.00218445 0.003158628 0.9999927 1.69613e-5 0.001418113 0.9999991 -4.02418e-5 1.7305e-4 1 -5.53828e-4 1.82048e-4 0.9999998 -0.007034897 0.009815573 0.9999272 -0.007194519 0.007859587 0.9999433 -0.008120715 0.00881958 0.9999282 1.59831e-4 0.001615226 0.9999987 -2.99954e-4 0.002345383 0.9999972 -6.32026e-4 0.003346383 0.9999942 -6.68002e-4 0.004095494 0.9999914 -0.001194417 0.005078792 0.9999864 -0.001601934 0.005549907 0.9999834 -0.002166509 0.06503081 0.9978809 -0.002515435 0.0690816 0.9976078 -0.001505136 0.06607025 0.9978139 -0.002167522 0.06503719 0.9978806 -0.002208352 0.06924593 0.9975972 -0.002204596 0.06935483 0.9975897 -0.002100169 0.06962275 0.9975712 -0.002249062 0.06937617 0.9975881 -0.002435505 0.06941205 0.9975852 -0.001525461 0.06614017 0.9978092 -0.002116918 0.06916403 0.9976031 -0.00296837 0.06986266 0.9975522 -0.003565251 0.0701853 0.9975277 -0.001852035 0.06944596 0.9975841 -0.006854712 0.08851879 0.9960509 -0.02592748 0.08944529 0.9956542 -0.02603077 0.08932965 0.9956619 -0.02620398 0.0889948 0.9956874 -0.02608215 0.08930647 0.9956627 -0.0263254 0.08967655 0.9956231 -0.02603 0.08930134 0.9956645 -0.02585464 0.08930414 0.9956688 -0.02589118 0.08924794 0.9956729 -0.009191036 0.006539583 0.9999365 -0.009403705 0.007093071 0.9999306 -0.005777895 0.007816374 0.9999529 -0.009407997 0.007082581 0.9999307 -0.01118183 0.006290256 0.9999177 -0.005787014 0.007813632 0.9999528 6.91109e-4 0.001188457 0.9999991 -0.001643061 0.002235889 0.9999963 -2.35778e-4 3.55174e-4 1 -0.001379847 0.005999863 0.9999811 -0.001052975 0.00541377 0.9999848 -0.001117765 0.005530416 0.9999841 -8.40236e-4 0.005138397 0.9999865 -0.00135827 0.005945146 0.9999814 -3.8585e-4 5.45009e-5 1 -0.01701098 0.1160439 0.9930984 -0.001256167 0.004959106 0.999987 -2.52876e-4 0.002658724 0.9999964 -0.002638041 0.006980955 0.9999722 -2.32698e-4 0.001350045 0.9999992 -5.19962e-7 0.001141846 0.9999994 -2.81145e-4 0.00235486 0.9999973 -1.94522e-4 0.002879977 0.9999959 1.81442e-4 0.002544403 0.9999967 -2.80284e-4 0.003545641 0.9999938 -2.49583e-5 0 -1 0.9999985 0.001725733 0 0.9999985 0.001505196 -8.44201e-4 0.9999985 0.001725733 0 -1 0 0 -1.1069e-5 0 1 -0.002251088 0.9999961 0.001692175 1.68392e-4 1 -4.57232e-4 6.41296e-5 0.9999999 -4.64443e-4 -0.002905249 0.9999939 -0.001964926 -9.85857e-4 0.9999995 3.26005e-5 -9.85588e-4 0.9999995 0 -1.22506e-4 0.9999996 9.0745e-4 -3.10162e-4 0.9999996 9.03318e-4 -1.41246e-4 0.9999997 9.09948e-4 0 0 -1 0.9999985 6.41666e-5 -0.001724541 0.9999985 0.001725733 0 0.9999985 0.001725196 4.28676e-5 0 0 1 -8.08539e-5 0.9999975 -0.002248704 -1.29073e-4 0.9999976 -0.002253592 -5.53613e-4 0.9999974 -0.002224206 -0.001078188 0.9999995 1.39316e-5 -0.001078128 0.9999995 0 -0.001081407 0.9999993 -4.40308e-4 -8.621e-4 0.9999982 -0.001748621 4.90844e-5 0.9999997 -9.24466e-4 8.91925e-5 0.9999997 -9.2839e-4 -0.003897845 -0.9999924 0 0.9999932 -0.003691196 0 0.004033267 0.999992 0 -0.9999919 0.004041969 0 -0.9999919 0.00403434 -5.83587e-5 -0.001624405 -0.405806 0.9139579 0.9999928 -0.003810644 0 0.9999908 -0.004300594 0 2.20884e-6 0 -1 -0.9999937 0.003583669 0 0.999992 -0.004034399 -1.37896e-5 -0.003508925 -0.8997427 0.4364066 -0.9999917 0.004083395 0 0 -1 0 -7.50901e-6 0 -1 1 0 0 -5.01471e-6 1 0 -0.9999997 -7.57441e-4 -1.62744e-4 -0.9999998 -7.15304e-4 0 -0.9999998 -7.15362e-4 0 -0.9999995 0.001050055 0 0.001009821 0.9999995 3.35304e-4 0.001023173 0.9999995 0 0.9999994 0.001033544 -3.35124e-4 0.9999998 7.15562e-4 1.1552e-5 0.9999998 7.15306e-4 0 -0.001021742 0.9999995 0 -0.9999995 0.001050889 0 5.00634e-6 1 0 5.0063e-6 -1 0 -0.003975927 -0.9999922 0 0.999992 -0.003994405 0 0.9999928 -0.003812253 1.55776e-4 0.999992 -0.003994405 0 0.003953099 0.9999923 0 -0.9999917 0.00407654 5.47201e-5 -0.999989 0.004663527 -6.66118e-4 -0.9999921 0.003978431 0 -0.9999904 0.004384458 -2.67688e-4 -0.9999907 0.004302144 -2.18475e-4 -0.9999909 0.004260838 -1.93829e-4 -0.001629114 -0.4058423 0.9139417 0.9999938 -0.003538668 0 0.9999924 -0.003920078 0 0.9999929 -0.003801405 1.46019e-4 0.9999923 -0.003920078 0 2.1748e-5 0 -1 5.60706e-6 0 1 -0.9999942 0.003411293 -1.39299e-4 -0.9999945 0.003306984 2.68762e-4 -0.9999936 0.003585398 0 0.9999938 -0.003529667 5.15815e-5 -0.003579437 -0.8996738 0.4365481 -0.9999909 0.004293918 0 -0.9999909 0.004293978 0 -0.9999908 0.004293978 0 5.00631e-6 1 0 5.00624e-6 -1 0 5.00568e-6 1 0 5.00568e-6 -1 0 0.9999926 -0.00386697 0 0.003925204 0.9999924 1.59989e-5 -0.9999918 0.004042565 0 -0.001607954 -0.4058908 0.9139202 0.9999918 -0.004061102 6.99872e-7 1.32473e-5 0 1 -0.9999918 0.004061341 0 -0.003582358 -0.899746 0.4363992 8.41828e-5 0 -1 1.54958e-7 0 -1 2.87692e-7 0 -1 3.39428e-7 0 -1 -0.9999998 -7.15562e-4 1.1552e-5 -0.9999998 -7.15306e-4 0 -0.9999994 -0.001033544 -3.35124e-4 0.001024544 0.9999995 0 0.9999998 7.15304e-4 0 0.9999998 7.15362e-4 0 0.9999997 7.57441e-4 -1.62744e-4 5.00675e-6 1 0 5.00679e-6 -1 0 -0.003975927 -0.9999922 0 0.9999935 -0.003573536 4.75803e-4 0.999992 -0.003994405 0 0.9999917 -0.004088342 -4.6903e-5 0.003952085 0.9999923 0 -0.9999921 0.003981173 -4.00569e-4 -0.9999921 0.003978431 -2.5737e-7 -0.9999921 0.003978431 0 -0.001614034 -0.4058647 0.9139319 0.9999923 -0.003928363 4.60681e-4 0.9999918 -0.004063189 0 0.9999915 -0.004107236 -2.38844e-4 -1.6994e-5 0 -1 -0.9999929 0.003801465 1.46022e-4 -0.9999923 0.003920078 2.75735e-7 -0.9999924 0.003920078 0 -0.003579735 -0.8997524 0.4363862 5.00705e-6 1 0 5.00712e-6 -1 0 5.00729e-6 1 0 5.00729e-6 -1 0 8.76539e-5 1 0 8.76728e-5 1 0 -5.1553e-7 0 1 -6.55824e-5 1 0 -1 1.2207e-4 0 -1 2.44141e-4 0 8.10268e-6 0 -1 5.04559e-5 0 -1 -5.76402e-5 0 -1</float_array>
          <technique_common>
            <accessor source="#Plane_688-mesh-normals-array" count="548" stride="3">
              <param name="X" type="float"/>
              <param name="Y" type="float"/>
              <param name="Z" type="float"/>
            </accessor>
          </technique_common>
        </source>
        <source id="Plane_688-mesh-map-0">
          <float_array id="Plane_688-mesh-map-0-array" count="5372">0.8127307 0.7196259 0.6841993 0.7470698 0.6841993 0.7196259 0.8127307 0.7470698 0.937862 0.633133 0.937862 0.7470698 0.495645 0.7470698 0.6841993 0.633133 0.6841993 0.7470698 0.9928246 0.2650813 0.006071448 0.3439506 0.9928246 0.3439506 0.8127307 0.7196259 0.8127307 0.7470698 0.6841993 0.7470698 0.8127307 0.7470698 0.8127307 0.633133 0.937862 0.633133 0.495645 0.7470698 0.495645 0.633133 0.6841993 0.633133 0.9928246 0.2650813 0.006071329 0.2650813 0.006071448 0.3439506 0.4871843 0.5038954 0.4005582 0.5308678 0.4005582 0.5038954 0.4871843 0.5038954 0.4005582 0.5308678 0.4005582 0.5038954 0.2513231 0.8723547 0.2977777 0.8412288 0.2513231 0.8412288 0.5415322 0.6341543 0.4958327 0.5937249 0.5415322 0.5937249 0.05149102 0.9617573 0.003857851 0.9305002 0.05149102 0.9305002 0.6185709 0.7485843 0.5569853 0.7081548 0.6185709 0.7081548 0.6643553 0.6406283 0.698042 0.7462647 0.6643553 0.7462647 0.7391045 0.6421987 0.6198486 0.6982062 0.6198486 0.6421987 0.5170531 0.9648715 0.5033373 0.9788429 0.5033373 0.9648719 0.7529647 0.9648715 0.7413058 0.9788429 0.7413058 0.9648719 0.6614063 0.9648715 0.6473053 0.9788429 0.6473053 0.9648719 0.5412615 0.5927104 0.4988988 0.6356999 0.4988988 0.592712 0.4988988 0.592712 0.5412615 0.5927104 0.5412615 0.5927104 0.9210169 0.9706615 0.8995299 0.9998975 0.8995299 0.9706625 0.9986951 0.9376809 0.9772081 0.9669169 0.9772081 0.9376819 0.9778823 0.9739173 0.958097 0.9966418 0.958097 0.9739181 0.9778823 0.9410451 0.958097 0.9637697 0.958097 0.9410459 0.9210169 0.9706615 0.8995299 0.9998975 0.8995299 0.9706625 0.9411959 0.9706615 0.9197089 0.9998975 0.9197089 0.9706625 0.7027567 0.9632512 0.6897214 0.9790647 0.6897214 0.9632518 0.5168064 0.9632512 0.5037711 0.9790647 0.5037711 0.9632518 0.5419759 0.9632512 0.5289406 0.9790647 0.5289406 0.9632518 0.6361444 0.9632512 0.6231091 0.9790647 0.6231091 0.9632518 0.8769054 0.9547121 0.8460618 0.9999493 0.8460618 0.9547137 0.9210169 0.9706615 0.8995299 0.9998975 0.8995299 0.9706625 0.9414129 0.9704445 0.9199259 0.9996805 0.9199259 0.9704455 0.9778823 0.9739173 0.958097 0.9966418 0.958097 0.9739181 0.9778823 0.9410451 0.958097 0.9637697 0.958097 0.9410459 0.8769054 0.9547121 0.8460618 0.9999493 0.8460618 0.9547137 0.9408892 0.9368129 0.920539 0.966049 0.920539 0.936814 0.9778823 0.9411535 0.958097 0.9638782 0.958097 0.9411544 0.9778823 0.9410451 0.958097 0.9637697 0.958097 0.9410459 0.8769054 0.9547121 0.8460618 0.9999493 0.8460618 0.9547137 0.9596608 0.9368129 0.9393106 0.966049 0.9393106 0.936814 0.9778823 0.9411535 0.958097 0.9638782 0.958097 0.9411544 0.9778823 0.9410451 0.958097 0.9637697 0.958097 0.9410459 0.8769054 0.9547121 0.8460618 0.9999493 0.8460618 0.9547137 0.7398439 0.6380592 0.6213128 0.7473177 0.6213128 0.6380632 0.6202234 0.7068217 0.5561271 0.7502556 0.5561271 0.7068234 0.7398439 0.6380592 0.6213128 0.7473177 0.6213128 0.6380632 0.5650669 0.6721101 0.5022985 0.7019129 0.5022985 0.6721113 0.7398439 0.6380592 0.6213128 0.7473177 0.6213128 0.6380632 0.1180838 0.7041149 0.0846824 0.7199741 0.0846824 0.7041155 0.675222 0.9648715 0.6627442 0.9788429 0.6627442 0.9648719 0.6905531 0.9648715 0.6758441 0.9788429 0.6758441 0.9648719 0.7974156 0.9648715 0.7789338 0.9788429 0.7789338 0.9648719 0.6905531 0.9648715 0.6758441 0.9788429 0.6758441 0.9648719 0.7023387 0.9648715 0.6907469 0.9788429 0.6907469 0.9648719 0.5661381 0.9648715 0.5552909 0.9788429 0.5552909 0.9648719 0.675222 0.9648715 0.6627442 0.9788429 0.6627442 0.9648719 0.9210169 0.9706615 0.8995299 0.9998975 0.8995299 0.9706625 0.9986951 0.9376809 0.9772081 0.9669169 0.9772081 0.9376819 0.9778823 0.9739173 0.958097 0.9966418 0.958097 0.9739181 0.9778823 0.9410451 0.958097 0.9637697 0.958097 0.9410459 0.9210169 0.9706615 0.8995299 0.9998975 0.8995299 0.9706625 0.9411959 0.9706615 0.9197089 0.9998975 0.9197089 0.9706625 0.7027567 0.9632512 0.6897214 0.9790647 0.6897214 0.9632518 0.5168064 0.9632512 0.5037711 0.9790647 0.5037711 0.9632518 0.5419759 0.9632512 0.5289406 0.9790647 0.5289406 0.9632518 0.6361444 0.9632512 0.6231091 0.9790647 0.6231091 0.9632518 0.8769054 0.9547121 0.8460618 0.9999493 0.8460618 0.9547137 0.7414004 0.9648715 0.7297835 0.9788429 0.7297835 0.9648719 0.5168632 0.9648715 0.503447 0.9788429 0.503447 0.9648719 0.7794067 0.9648715 0.7659906 0.9788429 0.7659906 0.9648719 0.566183 0.9648715 0.5552513 0.9788429 0.5552513 0.9648719 0.9778823 0.9739173 0.958097 0.9966418 0.958097 0.9739181 0.9975149 0.9408518 0.9777296 0.9635764 0.9777296 0.9408527 0.1918925 0.8485683 0.17171 0.8717492 0.17171 0.8485692 0.7398439 0.6380592 0.6213128 0.7473177 0.6213128 0.6380632 0.3479462 0.6290169 0.3173027 0.6486347 0.3173027 0.6290177 0.4871843 0.5038954 0.4871843 0.5308678 0.4005582 0.5308678 0.4871843 0.5038954 0.4871843 0.5308678 0.4005582 0.5308678 0.2513231 0.8723547 0.2977776 0.8723546 0.2977777 0.8412288 0.5415322 0.6341543 0.4958328 0.6341544 0.4958327 0.5937249 0.05149102 0.9617573 0.003857851 0.9617573 0.003857851 0.9305002 0.6185709 0.7485843 0.5569853 0.7485843 0.5569853 0.7081548 0.6643553 0.6406283 0.698042 0.6406283 0.698042 0.7462647 0.7391045 0.6421987 0.7391045 0.6982063 0.6198486 0.6982062 0.5170531 0.9648715 0.5170531 0.9788429 0.5033373 0.9788429 0.7529647 0.9648715 0.7529647 0.9788429 0.7413058 0.9788429 0.6614063 0.9648715 0.6614063 0.9788429 0.6473053 0.9788429 0.5412615 0.5927104 0.5412615 0.6356999 0.4988988 0.6356999 0.4988988 0.592712 0.4988988 0.592712 0.5412615 0.5927104 0.9210169 0.9706615 0.9210169 0.9998975 0.8995299 0.9998975 0.9986951 0.9376809 0.9986951 0.9669169 0.9772081 0.9669169 0.9778823 0.9739173 0.9778823 0.9966418 0.958097 0.9966418 0.9778823 0.9410451 0.9778823 0.9637697 0.958097 0.9637697 0.9210169 0.9706615 0.9210169 0.9998975 0.8995299 0.9998975 0.9411959 0.9706615 0.9411959 0.9998975 0.9197089 0.9998975 0.7027567 0.9632512 0.7027567 0.9790647 0.6897214 0.9790647 0.5168064 0.9632512 0.5168064 0.9790647 0.5037711 0.9790647 0.5419759 0.9632512 0.5419759 0.9790647 0.5289406 0.9790647 0.6361444 0.9632512 0.6361444 0.9790647 0.6231091 0.9790647 0.8769054 0.9547121 0.8769054 0.9999493 0.8460618 0.9999493 0.9210169 0.9706615 0.9210169 0.9998975 0.8995299 0.9998975 0.9414129 0.9704445 0.9414129 0.9996805 0.9199259 0.9996805 0.9778823 0.9739173 0.9778823 0.9966418 0.958097 0.9966418 0.9778823 0.9410451 0.9778823 0.9637697 0.958097 0.9637697 0.8769054 0.9547121 0.8769054 0.9999493 0.8460618 0.9999493 0.9408892 0.9368129 0.9408892 0.966049 0.920539 0.966049 0.9778823 0.9411535 0.9778823 0.9638782 0.958097 0.9638782 0.9778823 0.9410451 0.9778823 0.9637697 0.958097 0.9637697 0.8769054 0.9547121 0.8769054 0.9999493 0.8460618 0.9999493 0.9596608 0.9368129 0.9596608 0.966049 0.9393106 0.966049 0.9778823 0.9411535 0.9778823 0.9638782 0.958097 0.9638782 0.9778823 0.9410451 0.9778823 0.9637697 0.958097 0.9637697 0.8769054 0.9547121 0.8769054 0.9999493 0.8460618 0.9999493 0.7398439 0.6380592 0.7398439 0.7473177 0.6213128 0.7473177 0.6202234 0.7068217 0.6202234 0.7502556 0.5561271 0.7502556 0.7398439 0.6380592 0.7398439 0.7473177 0.6213128 0.7473177 0.5650669 0.6721101 0.5650669 0.7019129 0.5022985 0.7019129 0.7398439 0.6380592 0.7398439 0.7473177 0.6213128 0.7473177 0.1180838 0.7041149 0.1180838 0.7199741 0.0846824 0.7199741 0.675222 0.9648715 0.675222 0.9788429 0.6627442 0.9788429 0.6905531 0.9648715 0.6905531 0.9788429 0.6758441 0.9788429 0.7974156 0.9648715 0.7974156 0.9788429 0.7789338 0.9788429 0.6905531 0.9648715 0.6905531 0.9788429 0.6758441 0.9788429 0.7023387 0.9648715 0.7023387 0.9788429 0.6907469 0.9788429 0.5661381 0.9648715 0.5661381 0.9788429 0.5552909 0.9788429 0.675222 0.9648715 0.675222 0.9788429 0.6627442 0.9788429 0.9210169 0.9706615 0.9210169 0.9998975 0.8995299 0.9998975 0.9986951 0.9376809 0.9986951 0.9669169 0.9772081 0.9669169 0.9778823 0.9739173 0.9778823 0.9966418 0.958097 0.9966418 0.9778823 0.9410451 0.9778823 0.9637697 0.958097 0.9637697 0.9210169 0.9706615 0.9210169 0.9998975 0.8995299 0.9998975 0.9411959 0.9706615 0.9411959 0.9998975 0.9197089 0.9998975 0.7027567 0.9632512 0.7027567 0.9790647 0.6897214 0.9790647 0.5168064 0.9632512 0.5168064 0.9790647 0.5037711 0.9790647 0.5419759 0.9632512 0.5419759 0.9790647 0.5289406 0.9790647 0.6361444 0.9632512 0.6361444 0.9790647 0.6231091 0.9790647 0.8769054 0.9547121 0.8769054 0.9999493 0.8460618 0.9999493 0.7414004 0.9648715 0.7414004 0.9788429 0.7297835 0.9788429 0.5168632 0.9648715 0.5168632 0.9788429 0.503447 0.9788429 0.7794067 0.9648715 0.7794067 0.9788429 0.7659906 0.9788429 0.566183 0.9648715 0.566183 0.9788429 0.5552513 0.9788429 0.9778823 0.9739173 0.9778823 0.9966418 0.958097 0.9966418 0.9975149 0.9408518 0.9975149 0.9635764 0.9777296 0.9635764 0.1918925 0.8485683 0.1918925 0.8717492 0.17171 0.8717492 0.7398439 0.6380592 0.7398439 0.7473177 0.6213128 0.7473177 0.3479462 0.6290169 0.3479462 0.6486347 0.3173027 0.6486347 0.2159906 0.560534 0.1356882 0.5073913 0.2159906 0.5073913 0.3848327 0.6267621 0.2991853 0.560534 0.3848327 0.560534 0.2991853 0.5073913 0.3848327 0.560534 0.2991853 0.560534 0.1356882 0.6267621 0.2159906 0.560534 0.2159906 0.6267621 0.1356882 0.560534 0.05875355 0.5073913 0.1356882 0.5073913 0.5330292 0.6267621 0.5923731 0.560534 0.5923731 0.6267621 0.4645554 0.6267621 0.3848327 0.560534 0.4645554 0.560534 0.1356882 0.6267621 0.05875355 0.560534 0.1356882 0.560534 0.2159906 0.6267621 0.1356882 0.560534 0.2159906 0.560534 0.4645554 0.6267621 0.5330292 0.560534 0.5330292 0.6267621 0.3848327 0.5073913 0.2991853 0.560534 0.2991853 0.5073913 0.5330292 0.5073913 0.5923731 0.560534 0.5330292 0.560534 -0.9236153 0.508503 -0.4812387 0.5616092 -0.9236419 0.5616091 -0.2462019 0.5073913 -0.5675262 0.560534 -0.5675262 0.5073913 -1.799628 0.6278738 -1.366045 0.561609 -1.360174 0.6278738 0.2159906 0.6267621 0.2991853 0.560534 0.2991853 0.6267621 0.02434271 0.5073913 -0.008954346 0.560534 -0.008954286 0.5073913 0.3615481 0.4298254 0.3369618 0.4972392 0.3615478 0.4972391 0.3615481 0.4298254 0.6401889 0.3790047 0.3615481 0.3790043 0.6401889 0.4298257 0.3615478 0.4972391 0.6401886 0.4972392 0.6777077 0.4998832 0.363625 0.4317783 0.677708 0.4317783 0.09093695 0.5073913 0.05763977 0.560534 0.05763977 0.5073913 0.2991853 0.6267621 0.3848327 0.560534 0.3848327 0.6267621 0.6401886 0.4972392 0.6647745 0.4298256 0.6401889 0.4298257 0.5330292 0.6267621 0.5923731 0.560534 0.5923731 0.6267621 0.1356882 0.6267621 0.05875355 0.560534 0.1356882 0.560534 0.4645554 0.6267621 0.5330292 0.560534 0.5330292 0.6267621 0.2341692 0.6278739 -0.08499407 0.5616092 0.2363302 0.5616092 0.02434283 0.5616092 -0.008942365 0.5085031 0.02435475 0.5085031 0.5330292 0.560534 0.5923731 0.5073913 0.5923731 0.560534 0.09093695 0.5616092 0.05765163 0.5085031 0.09094893 0.5085031 0.4645554 0.6267621 0.3848327 0.560534 0.4645554 0.560534 0.677708 0.4317783 0.7054204 0.4998834 0.6777077 0.4998832 1.067924 0.5073913 0.6255208 0.560534 0.6255208 0.5073913 0.5576737 0.5085031 0.8789787 0.5616093 0.5576544 0.5616092 0.3636246 0.4998832 0.3359116 0.4317783 0.363625 0.4317783 0.6401889 0.4298257 0.6647745 0.3790047 0.6401889 0.3790047 0.677708 0.4317783 0.7054207 0.3763522 0.7054204 0.4317783 -1.203749 0.6267621 -0.8888505 0.560534 -0.8845669 0.6267621 0.363625 0.4317783 0.677708 0.3763522 0.677708 0.4317783 0.1801687 0.6267621 -0.2592856 0.560534 0.1831175 0.560534 0.3359116 0.4317783 0.363625 0.3763522 0.363625 0.4317783 0.3369618 0.4298256 0.3615481 0.3790043 0.3369618 0.3790043 0.3848327 0.560534 0.4645554 0.5073913 0.4645554 0.560534 0.2991853 0.5073913 0.2159906 0.560534 0.2159906 0.5073913 0.2159906 0.6267621 0.2991853 0.560534 0.2991853 0.6267621 0.2159906 0.5073913 0.1356882 0.560534 0.1356882 0.5073913 0.3848327 0.560534 0.4645554 0.5073913 0.4645554 0.560534 0.4645554 0.5073913 0.5330292 0.560534 0.4645554 0.560534 0.1356882 0.5073913 0.05875355 0.560534 0.05875355 0.5073913 0.2991853 0.560534 0.2159906 0.5073913 0.2991853 0.5073913 0.4645554 0.560534 0.5330292 0.5073913 0.5330292 0.560534 0.2159906 0.560534 0.1356882 0.5073913 0.2159906 0.5073913 0.3848327 0.6267621 0.2991853 0.560534 0.3848327 0.560534 0.2991853 0.5073913 0.3848327 0.560534 0.2991853 0.560534 0.2159906 0.6267621 0.1356882 0.560534 0.2159906 0.560534 0.1356882 0.560534 0.05875355 0.5073913 0.1356882 0.5073913 0.5330292 0.6267621 0.5923731 0.560534 0.5923731 0.6267621 0.4645554 0.6267621 0.3848327 0.560534 0.4645554 0.560534 0.1356882 0.6267621 0.05875355 0.560534 0.1356882 0.560534 0.2159906 0.6267621 0.1356882 0.560534 0.2159906 0.560534 0.4645554 0.6267621 0.5330292 0.560534 0.5330292 0.6267621 0.3848327 0.5073913 0.2991853 0.560534 0.2991853 0.5073913 0.5330292 0.5073913 0.5923731 0.560534 0.5330292 0.560534 -0.9236153 0.508503 -0.4812387 0.5616092 -0.9236419 0.5616091 -0.2462019 0.5073913 -0.5675262 0.560534 -0.5675262 0.5073913 -1.799628 0.6278738 -1.366045 0.561609 -1.360174 0.6278738 0.2159906 0.6267621 0.2991853 0.560534 0.2991853 0.6267621 0.02434271 0.5073913 -0.008954346 0.560534 -0.008954286 0.5073913 0.3615481 0.4298254 0.3369618 0.4972392 0.3615478 0.4972391 0.3615481 0.4298254 0.6401889 0.3790047 0.3615481 0.3790043 0.6401889 0.4298257 0.3615478 0.4972391 0.6401886 0.4972392 0.6777077 0.4998832 0.363625 0.4317783 0.677708 0.4317783 0.09093695 0.5073913 0.05763977 0.560534 0.05763977 0.5073913 0.3848327 0.6267621 0.2991853 0.560534 0.3848327 0.560534 0.6401886 0.4972392 0.6647745 0.4298256 0.6401889 0.4298257 0.5330292 0.6267621 0.5923731 0.560534 0.5923731 0.6267621 0.1356882 0.6267621 0.05875355 0.560534 0.1356882 0.560534 0.5330292 0.6267621 0.4645554 0.560534 0.5330292 0.560534 0.2341692 0.6278739 -0.08499407 0.5616092 0.2363302 0.5616092 0.02434283 0.5616092 -0.008942365 0.5085031 0.02435475 0.5085031 0.5330292 0.560534 0.5923731 0.5073913 0.5923731 0.560534 0.09093695 0.5616092 0.05765163 0.5085031 0.09094893 0.5085031 0.4645554 0.6267621 0.3848327 0.560534 0.4645554 0.560534 0.677708 0.4317783 0.7054204 0.4998834 0.6777077 0.4998832 1.067924 0.5073913 0.6255208 0.560534 0.6255208 0.5073913 0.5576737 0.5085031 0.8789787 0.5616093 0.5576544 0.5616092 0.3636246 0.4998832 0.3359116 0.4317783 0.363625 0.4317783 0.6401889 0.4298257 0.6647745 0.3790047 0.6401889 0.3790047 0.677708 0.4317783 0.7054207 0.3763522 0.7054204 0.4317783 -1.203749 0.6267621 -0.8888505 0.560534 -0.8845669 0.6267621 0.363625 0.4317783 0.677708 0.3763522 0.677708 0.4317783 0.1801687 0.6267621 -0.2592856 0.560534 0.1831175 0.560534 0.3359116 0.4317783 0.363625 0.3763522 0.363625 0.4317783 0.3369618 0.4298256 0.3615481 0.3790043 0.3369618 0.3790043 0.3848327 0.5073913 0.4645554 0.560534 0.3848327 0.560534 0.2991853 0.5073913 0.2159906 0.560534 0.2159906 0.5073913 0.2159906 0.6267621 0.2991853 0.560534 0.2991853 0.6267621 0.2159906 0.5073913 0.1356882 0.560534 0.1356882 0.5073913 0.3848327 0.560534 0.4645554 0.5073913 0.4645554 0.560534 0.4645554 0.5073913 0.5330292 0.560534 0.4645554 0.560534 0.1356882 0.5073913 0.05875355 0.560534 0.05875355 0.5073913 0.2991853 0.560534 0.2159906 0.5073913 0.2991853 0.5073913 0.4645554 0.560534 0.5330292 0.5073913 0.5330292 0.560534 0.2159906 0.560534 0.1356882 0.5073913 0.2159906 0.5073913 0.2991853 0.6267621 0.3848327 0.560534 0.3848327 0.6267621 0.2991853 0.5073913 0.3848327 0.560534 0.2991853 0.560534 0.2159906 0.6267621 0.1356882 0.560534 0.2159906 0.560534 0.1356882 0.560534 0.05875355 0.5073913 0.1356882 0.5073913 0.5330292 0.6267621 0.5923731 0.560534 0.5923731 0.6267621 0.4645554 0.6267621 0.3848327 0.560534 0.4645554 0.560534 0.1356882 0.6267621 0.05875355 0.560534 0.1356882 0.560534 0.2159906 0.6267621 0.1356882 0.560534 0.2159906 0.560534 0.4645554 0.6267621 0.5330292 0.560534 0.5330292 0.6267621 0.3848327 0.5073913 0.2991853 0.560534 0.2991853 0.5073913 0.5330292 0.5073913 0.5923731 0.560534 0.5330292 0.560534 -0.9236153 0.508503 -0.4812387 0.5616092 -0.9236419 0.5616091 -0.2462019 0.5073913 -0.5675262 0.560534 -0.5675262 0.5073913 -1.799628 0.6278738 -1.366045 0.561609 -1.360174 0.6278738 0.2159906 0.6267621 0.2991853 0.560534 0.2991853 0.6267621 0.02434271 0.5073913 -0.008954346 0.560534 -0.008954286 0.5073913 0.3615481 0.4298254 0.3369618 0.4972392 0.3615478 0.4972391 0.3615481 0.4298254 0.6401889 0.3790047 0.3615481 0.3790043 0.3615481 0.4298254 0.6401886 0.4972392 0.6401889 0.4298257 0.6777077 0.4998832 0.363625 0.4317783 0.677708 0.4317783 0.09093695 0.5073913 0.05763977 0.560534 0.05763977 0.5073913 0.3848327 0.6267621 0.2991853 0.560534 0.3848327 0.560534 0.6647745 0.4972392 0.6401889 0.4298257 0.6401886 0.4972392 0.5330292 0.6267621 0.5923731 0.560534 0.5923731 0.6267621 0.1356882 0.6267621 0.05875355 0.560534 0.1356882 0.560534 0.4645554 0.6267621 0.5330292 0.560534 0.5330292 0.6267621 0.2341692 0.6278739 -0.08499407 0.5616092 0.2363302 0.5616092 0.02434283 0.5616092 -0.008942365 0.5085031 0.02435475 0.5085031 0.5330292 0.560534 0.5923731 0.5073913 0.5923731 0.560534 0.09093695 0.5616092 0.05765163 0.5085031 0.09094893 0.5085031 0.4645554 0.6267621 0.3848327 0.560534 0.4645554 0.560534 0.677708 0.4317783 0.7054204 0.4998834 0.6777077 0.4998832 1.067924 0.5073913 0.6255208 0.560534 0.6255208 0.5073913 0.5576737 0.5085031 0.8789787 0.5616093 0.5576544 0.5616092 0.3636246 0.4998832 0.3359116 0.4317783 0.363625 0.4317783 0.6401889 0.4298257 0.6647745 0.3790047 0.6401889 0.3790047 0.677708 0.4317783 0.7054207 0.3763522 0.7054204 0.4317783 -1.203749 0.6267621 -0.8888505 0.560534 -0.8845669 0.6267621 0.363625 0.4317783 0.677708 0.3763522 0.677708 0.4317783 0.1801687 0.6267621 -0.2592856 0.560534 0.1831175 0.560534 0.3359116 0.4317783 0.363625 0.3763522 0.363625 0.4317783 0.3369618 0.4298256 0.3615481 0.3790043 0.3369618 0.3790043 0.3848327 0.5073913 0.4645554 0.560534 0.3848327 0.560534 0.2991853 0.5073913 0.2159906 0.560534 0.2159906 0.5073913 0.2159906 0.6267621 0.2991853 0.560534 0.2991853 0.6267621 0.2159906 0.5073913 0.1356882 0.560534 0.1356882 0.5073913 0.3848327 0.560534 0.4645554 0.5073913 0.4645554 0.560534 0.4645554 0.5073913 0.5330292 0.560534 0.4645554 0.560534 0.1356882 0.5073913 0.05875355 0.560534 0.05875355 0.5073913 0.2991853 0.560534 0.2159906 0.5073913 0.2991853 0.5073913 0.4645554 0.560534 0.5330292 0.5073913 0.5330292 0.560534 1.059077 0.6267621 0.6255208 0.560534 1.067924 0.560534 0.6196228 0.6267621 0.1831175 0.560534 0.6255208 0.560534 -0.5653846 0.6267621 -0.2462019 0.560534 -0.2462022 0.6267621 -0.8845669 0.6267621 -0.5675262 0.560534 -0.5653846 0.6267621 -0.08497482 0.5085031 0.2363301 0.5616092 -0.08499407 0.5616092 0.2363494 0.5085031 0.5576544 0.5616092 0.2363301 0.5616092 0.1831175 0.5073913 -0.2592855 0.560534 -0.2592856 0.5073913 0.6255208 0.5073913 0.1831176 0.560534 0.1831175 0.5073913 0.8725339 0.627874 0.5576545 0.5616092 0.8789787 0.5616093 0.5533515 0.627874 0.2363302 0.5616092 0.5576545 0.5616092 -0.9207196 0.6278738 -0.4812386 0.5616092 -0.4812654 0.6278739 -1.360174 0.6278738 -0.9236418 0.5616091 -0.9207196 0.6278738 -0.8888505 0.5073913 -1.210175 0.560534 -1.210175 0.5073913 -0.5675262 0.5073913 -0.8888505 0.560534 -0.8888505 0.5073913 -1.808422 0.508503 -1.366045 0.561609 -1.808448 0.561609 -1.366019 0.508503 -0.9236419 0.5616091 -1.366045 0.561609 1.059077 0.6267621 0.6255208 0.560534 1.067924 0.560534 0.6196228 0.6267621 0.1831175 0.560534 0.6255208 0.560534 -0.5653846 0.6267621 -0.2462019 0.560534 -0.2462022 0.6267621 -0.8845669 0.6267621 -0.5675262 0.560534 -0.5653846 0.6267621 -0.08497482 0.5085031 0.2363301 0.5616092 -0.08499407 0.5616092 0.2363494 0.5085031 0.5576544 0.5616092 0.2363301 0.5616092 0.1831175 0.5073913 -0.2592855 0.560534 -0.2592856 0.5073913 0.6255208 0.5073913 0.1831176 0.560534 0.1831175 0.5073913 0.8725339 0.627874 0.5576545 0.5616092 0.8789787 0.5616093 0.5533515 0.627874 0.2363302 0.5616092 0.5576545 0.5616092 -0.9207196 0.6278738 -0.4812386 0.5616092 -0.4812654 0.6278739 -1.360174 0.6278738 -0.9236418 0.5616091 -0.9207196 0.6278738 -0.8888505 0.5073913 -1.210175 0.560534 -1.210175 0.5073913 -0.5675262 0.5073913 -0.8888505 0.560534 -0.8888505 0.5073913 -1.808422 0.508503 -1.366045 0.561609 -1.808448 0.561609 -1.366019 0.508503 -0.9236419 0.5616091 -1.366045 0.561609 1.059077 0.6267621 0.6255208 0.560534 1.067924 0.560534 0.6196228 0.6267621 0.1831175 0.560534 0.6255208 0.560534 -0.5653846 0.6267621 -0.2462019 0.560534 -0.2462022 0.6267621 -0.8845669 0.6267621 -0.5675262 0.560534 -0.5653846 0.6267621 -0.08497482 0.5085031 0.2363301 0.5616092 -0.08499407 0.5616092 0.2363494 0.5085031 0.5576544 0.5616092 0.2363301 0.5616092 0.1831175 0.5073913 -0.2592855 0.560534 -0.2592856 0.5073913 0.6255208 0.5073913 0.1831176 0.560534 0.1831175 0.5073913 0.8725339 0.627874 0.5576545 0.5616092 0.8789787 0.5616093 0.5533515 0.627874 0.2363302 0.5616092 0.5576545 0.5616092 -0.9207196 0.6278738 -0.4812386 0.5616092 -0.4812654 0.6278739 -1.360174 0.6278738 -0.9236418 0.5616091 -0.9207196 0.6278738 -0.8888505 0.5073913 -1.210175 0.560534 -1.210175 0.5073913 -0.5675262 0.5073913 -0.8888505 0.560534 -0.8888505 0.5073913 -1.808422 0.508503 -1.366045 0.561609 -1.808448 0.561609 -1.366019 0.508503 -0.9236419 0.5616091 -1.366045 0.561609 0.2159906 0.560534 0.1356882 0.560534 0.1356882 0.5073913 0.3848327 0.6267621 0.2991853 0.6267621 0.2991853 0.560534 0.2991853 0.5073913 0.3848327 0.5073913 0.3848327 0.560534 0.1356882 0.6267621 0.1356882 0.560534 0.2159906 0.560534 0.1356882 0.560534 0.05875355 0.560534 0.05875355 0.5073913 0.5330292 0.6267621 0.5330292 0.560534 0.5923731 0.560534 0.4645554 0.6267621 0.3848327 0.6267621 0.3848327 0.560534 0.1356882 0.6267621 0.05875355 0.6267621 0.05875355 0.560534 0.2159906 0.6267621 0.1356882 0.6267621 0.1356882 0.560534 0.4645554 0.6267621 0.4645554 0.560534 0.5330292 0.560534 0.3848327 0.5073913 0.3848327 0.560534 0.2991853 0.560534 0.5330292 0.5073913 0.5923731 0.5073913 0.5923731 0.560534 -0.9236153 0.508503 -0.4812121 0.5085031 -0.4812387 0.5616092 -0.2462019 0.5073913 -0.2462019 0.560534 -0.5675262 0.560534 -1.799628 0.6278738 -1.808448 0.561609 -1.366045 0.561609 0.2159906 0.6267621 0.2159906 0.560534 0.2991853 0.560534 0.02434271 0.5073913 0.02434271 0.560534 -0.008954346 0.560534 0.3615481 0.4298254 0.3369618 0.4298256 0.3369618 0.4972392 0.3615481 0.4298254 0.6401889 0.4298257 0.6401889 0.3790047 0.6401889 0.4298257 0.3615481 0.4298254 0.3615478 0.4972391 0.6777077 0.4998832 0.3636246 0.4998832 0.363625 0.4317783 0.09093695 0.5073913 0.09093701 0.560534 0.05763977 0.560534 0.2991853 0.6267621 0.2991853 0.560534 0.3848327 0.560534 0.6401886 0.4972392 0.6647745 0.4972392 0.6647745 0.4298256 0.5330292 0.6267621 0.5330292 0.560534 0.5923731 0.560534 0.1356882 0.6267621 0.05875355 0.6267621 0.05875355 0.560534 0.4645554 0.6267621 0.4645554 0.560534 0.5330292 0.560534 0.2341692 0.6278739 -0.08501309 0.6278739 -0.08499407 0.5616092 0.02434283 0.5616092 -0.008954346 0.5616092 -0.008942365 0.5085031 0.5330292 0.560534 0.5330292 0.5073913 0.5923731 0.5073913 0.09093695 0.5616092 0.05763977 0.5616092 0.05765163 0.5085031 0.4645554 0.6267621 0.3848327 0.6267621 0.3848327 0.560534 0.677708 0.4317783 0.7054204 0.4317783 0.7054204 0.4998834 1.067924 0.5073913 1.067924 0.560534 0.6255208 0.560534 0.5576737 0.5085031 0.8789981 0.5085032 0.8789787 0.5616093 0.3636246 0.4998832 0.3359119 0.4998834 0.3359116 0.4317783 0.6401889 0.4298257 0.6647745 0.4298256 0.6647745 0.3790047 0.677708 0.4317783 0.677708 0.3763522 0.7054207 0.3763522 -1.203749 0.6267621 -1.210175 0.560534 -0.8888505 0.560534 0.363625 0.4317783 0.363625 0.3763522 0.677708 0.3763522 0.1801687 0.6267621 -0.2592853 0.6267621 -0.2592856 0.560534 0.3359116 0.4317783 0.3359116 0.3763522 0.363625 0.3763522 0.3369618 0.4298256 0.3615481 0.4298254 0.3615481 0.3790043 0.3848327 0.560534 0.3848327 0.5073913 0.4645554 0.5073913 0.2991853 0.5073913 0.2991853 0.560534 0.2159906 0.560534 0.2159906 0.6267621 0.2159906 0.560534 0.2991853 0.560534 0.2159906 0.5073913 0.2159906 0.560534 0.1356882 0.560534 0.3848327 0.560534 0.3848327 0.5073913 0.4645554 0.5073913 0.4645554 0.5073913 0.5330292 0.5073913 0.5330292 0.560534 0.1356882 0.5073913 0.1356882 0.560534 0.05875355 0.560534 0.2991853 0.560534 0.2159906 0.560534 0.2159906 0.5073913 0.4645554 0.560534 0.4645554 0.5073913 0.5330292 0.5073913 0.2159906 0.560534 0.1356882 0.560534 0.1356882 0.5073913 0.3848327 0.6267621 0.2991853 0.6267621 0.2991853 0.560534 0.2991853 0.5073913 0.3848327 0.5073913 0.3848327 0.560534 0.2159906 0.6267621 0.1356882 0.6267621 0.1356882 0.560534 0.1356882 0.560534 0.05875355 0.560534 0.05875355 0.5073913 0.5330292 0.6267621 0.5330292 0.560534 0.5923731 0.560534 0.4645554 0.6267621 0.3848327 0.6267621 0.3848327 0.560534 0.1356882 0.6267621 0.05875355 0.6267621 0.05875355 0.560534 0.2159906 0.6267621 0.1356882 0.6267621 0.1356882 0.560534 0.4645554 0.6267621 0.4645554 0.560534 0.5330292 0.560534 0.3848327 0.5073913 0.3848327 0.560534 0.2991853 0.560534 0.5330292 0.5073913 0.5923731 0.5073913 0.5923731 0.560534 -0.9236153 0.508503 -0.4812121 0.5085031 -0.4812387 0.5616092 -0.2462019 0.5073913 -0.2462019 0.560534 -0.5675262 0.560534 -1.799628 0.6278738 -1.808448 0.561609 -1.366045 0.561609 0.2159906 0.6267621 0.2159906 0.560534 0.2991853 0.560534 0.02434271 0.5073913 0.02434271 0.560534 -0.008954346 0.560534 0.3615481 0.4298254 0.3369618 0.4298256 0.3369618 0.4972392 0.3615481 0.4298254 0.6401889 0.4298257 0.6401889 0.3790047 0.6401889 0.4298257 0.3615481 0.4298254 0.3615478 0.4972391 0.6777077 0.4998832 0.3636246 0.4998832 0.363625 0.4317783 0.09093695 0.5073913 0.09093701 0.560534 0.05763977 0.560534 0.3848327 0.6267621 0.2991853 0.6267621 0.2991853 0.560534 0.6401886 0.4972392 0.6647745 0.4972392 0.6647745 0.4298256 0.5330292 0.6267621 0.5330292 0.560534 0.5923731 0.560534 0.1356882 0.6267621 0.05875355 0.6267621 0.05875355 0.560534 0.5330292 0.6267621 0.4645554 0.6267621 0.4645554 0.560534 0.2341692 0.6278739 -0.08501309 0.6278739 -0.08499407 0.5616092 0.02434283 0.5616092 -0.008954346 0.5616092 -0.008942365 0.5085031 0.5330292 0.560534 0.5330292 0.5073913 0.5923731 0.5073913 0.09093695 0.5616092 0.05763977 0.5616092 0.05765163 0.5085031 0.4645554 0.6267621 0.3848327 0.6267621 0.3848327 0.560534 0.677708 0.4317783 0.7054204 0.4317783 0.7054204 0.4998834 1.067924 0.5073913 1.067924 0.560534 0.6255208 0.560534 0.5576737 0.5085031 0.8789981 0.5085032 0.8789787 0.5616093 0.3636246 0.4998832 0.3359119 0.4998834 0.3359116 0.4317783 0.6401889 0.4298257 0.6647745 0.4298256 0.6647745 0.3790047 0.677708 0.4317783 0.677708 0.3763522 0.7054207 0.3763522 -1.203749 0.6267621 -1.210175 0.560534 -0.8888505 0.560534 0.363625 0.4317783 0.363625 0.3763522 0.677708 0.3763522 0.1801687 0.6267621 -0.2592853 0.6267621 -0.2592856 0.560534 0.3359116 0.4317783 0.3359116 0.3763522 0.363625 0.3763522 0.3369618 0.4298256 0.3615481 0.4298254 0.3615481 0.3790043 0.3848327 0.5073913 0.4645554 0.5073913 0.4645554 0.560534 0.2991853 0.5073913 0.2991853 0.560534 0.2159906 0.560534 0.2159906 0.6267621 0.2159906 0.560534 0.2991853 0.560534 0.2159906 0.5073913 0.2159906 0.560534 0.1356882 0.560534 0.3848327 0.560534 0.3848327 0.5073913 0.4645554 0.5073913 0.4645554 0.5073913 0.5330292 0.5073913 0.5330292 0.560534 0.1356882 0.5073913 0.1356882 0.560534 0.05875355 0.560534 0.2991853 0.560534 0.2159906 0.560534 0.2159906 0.5073913 0.4645554 0.560534 0.4645554 0.5073913 0.5330292 0.5073913 0.2159906 0.560534 0.1356882 0.560534 0.1356882 0.5073913 0.2991853 0.6267621 0.2991853 0.560534 0.3848327 0.560534 0.2991853 0.5073913 0.3848327 0.5073913 0.3848327 0.560534 0.2159906 0.6267621 0.1356882 0.6267621 0.1356882 0.560534 0.1356882 0.560534 0.05875355 0.560534 0.05875355 0.5073913 0.5330292 0.6267621 0.5330292 0.560534 0.5923731 0.560534 0.4645554 0.6267621 0.3848327 0.6267621 0.3848327 0.560534 0.1356882 0.6267621 0.05875355 0.6267621 0.05875355 0.560534 0.2159906 0.6267621 0.1356882 0.6267621 0.1356882 0.560534 0.4645554 0.6267621 0.4645554 0.560534 0.5330292 0.560534 0.3848327 0.5073913 0.3848327 0.560534 0.2991853 0.560534 0.5330292 0.5073913 0.5923731 0.5073913 0.5923731 0.560534 -0.9236153 0.508503 -0.4812121 0.5085031 -0.4812387 0.5616092 -0.2462019 0.5073913 -0.2462019 0.560534 -0.5675262 0.560534 -1.799628 0.6278738 -1.808448 0.561609 -1.366045 0.561609 0.2159906 0.6267621 0.2159906 0.560534 0.2991853 0.560534 0.02434271 0.5073913 0.02434271 0.560534 -0.008954346 0.560534 0.3615481 0.4298254 0.3369618 0.4298256 0.3369618 0.4972392 0.3615481 0.4298254 0.6401889 0.4298257 0.6401889 0.3790047 0.3615481 0.4298254 0.3615478 0.4972391 0.6401886 0.4972392 0.6777077 0.4998832 0.3636246 0.4998832 0.363625 0.4317783 0.09093695 0.5073913 0.09093701 0.560534 0.05763977 0.560534 0.3848327 0.6267621 0.2991853 0.6267621 0.2991853 0.560534 0.6647745 0.4972392 0.6647745 0.4298256 0.6401889 0.4298257 0.5330292 0.6267621 0.5330292 0.560534 0.5923731 0.560534 0.1356882 0.6267621 0.05875355 0.6267621 0.05875355 0.560534 0.4645554 0.6267621 0.4645554 0.560534 0.5330292 0.560534 0.2341692 0.6278739 -0.08501309 0.6278739 -0.08499407 0.5616092 0.02434283 0.5616092 -0.008954346 0.5616092 -0.008942365 0.5085031 0.5330292 0.560534 0.5330292 0.5073913 0.5923731 0.5073913 0.09093695 0.5616092 0.05763977 0.5616092 0.05765163 0.5085031 0.4645554 0.6267621 0.3848327 0.6267621 0.3848327 0.560534 0.677708 0.4317783 0.7054204 0.4317783 0.7054204 0.4998834 1.067924 0.5073913 1.067924 0.560534 0.6255208 0.560534 0.5576737 0.5085031 0.8789981 0.5085032 0.8789787 0.5616093 0.3636246 0.4998832 0.3359119 0.4998834 0.3359116 0.4317783 0.6401889 0.4298257 0.6647745 0.4298256 0.6647745 0.3790047 0.677708 0.4317783 0.677708 0.3763522 0.7054207 0.3763522 -1.203749 0.6267621 -1.210175 0.560534 -0.8888505 0.560534 0.363625 0.4317783 0.363625 0.3763522 0.677708 0.3763522 0.1801687 0.6267621 -0.2592853 0.6267621 -0.2592856 0.560534 0.3359116 0.4317783 0.3359116 0.3763522 0.363625 0.3763522 0.3369618 0.4298256 0.3615481 0.4298254 0.3615481 0.3790043 0.3848327 0.5073913 0.4645554 0.5073913 0.4645554 0.560534 0.2991853 0.5073913 0.2991853 0.560534 0.2159906 0.560534 0.2159906 0.6267621 0.2159906 0.560534 0.2991853 0.560534 0.2159906 0.5073913 0.2159906 0.560534 0.1356882 0.560534 0.3848327 0.560534 0.3848327 0.5073913 0.4645554 0.5073913 0.4645554 0.5073913 0.5330292 0.5073913 0.5330292 0.560534 0.1356882 0.5073913 0.1356882 0.560534 0.05875355 0.560534 0.2991853 0.560534 0.2159906 0.560534 0.2159906 0.5073913 0.4645554 0.560534 0.4645554 0.5073913 0.5330292 0.5073913 1.059077 0.6267621 0.6196228 0.6267621 0.6255208 0.560534 0.6196228 0.6267621 0.1801687 0.6267621 0.1831175 0.560534 -0.5653846 0.6267621 -0.5675262 0.560534 -0.2462019 0.560534 -0.8845669 0.6267621 -0.8888505 0.560534 -0.5675262 0.560534 -0.08497482 0.5085031 0.2363494 0.5085031 0.2363301 0.5616092 0.2363494 0.5085031 0.5576737 0.5085031 0.5576544 0.5616092 0.1831175 0.5073913 0.1831176 0.560534 -0.2592855 0.560534 0.6255208 0.5073913 0.6255208 0.560534 0.1831176 0.560534 0.8725339 0.627874 0.5533515 0.627874 0.5576545 0.5616092 0.5533515 0.627874 0.2341692 0.6278739 0.2363302 0.5616092 -0.9207196 0.6278738 -0.9236418 0.5616091 -0.4812386 0.5616092 -1.360174 0.6278738 -1.366045 0.561609 -0.9236418 0.5616091 -0.8888505 0.5073913 -0.8888505 0.560534 -1.210175 0.560534 -0.5675262 0.5073913 -0.5675262 0.560534 -0.8888505 0.560534 -1.808422 0.508503 -1.366019 0.508503 -1.366045 0.561609 -1.366019 0.508503 -0.9236153 0.508503 -0.9236419 0.5616091 1.059077 0.6267621 0.6196228 0.6267621 0.6255208 0.560534 0.6196228 0.6267621 0.1801687 0.6267621 0.1831175 0.560534 -0.5653846 0.6267621 -0.5675262 0.560534 -0.2462019 0.560534 -0.8845669 0.6267621 -0.8888505 0.560534 -0.5675262 0.560534 -0.08497482 0.5085031 0.2363494 0.5085031 0.2363301 0.5616092 0.2363494 0.5085031 0.5576737 0.5085031 0.5576544 0.5616092 0.1831175 0.5073913 0.1831176 0.560534 -0.2592855 0.560534 0.6255208 0.5073913 0.6255208 0.560534 0.1831176 0.560534 0.8725339 0.627874 0.5533515 0.627874 0.5576545 0.5616092 0.5533515 0.627874 0.2341692 0.6278739 0.2363302 0.5616092 -0.9207196 0.6278738 -0.9236418 0.5616091 -0.4812386 0.5616092 -1.360174 0.6278738 -1.366045 0.561609 -0.9236418 0.5616091 -0.8888505 0.5073913 -0.8888505 0.560534 -1.210175 0.560534 -0.5675262 0.5073913 -0.5675262 0.560534 -0.8888505 0.560534 -1.808422 0.508503 -1.366019 0.508503 -1.366045 0.561609 -1.366019 0.508503 -0.9236153 0.508503 -0.9236419 0.5616091 1.059077 0.6267621 0.6196228 0.6267621 0.6255208 0.560534 0.6196228 0.6267621 0.1801687 0.6267621 0.1831175 0.560534 -0.5653846 0.6267621 -0.5675262 0.560534 -0.2462019 0.560534 -0.8845669 0.6267621 -0.8888505 0.560534 -0.5675262 0.560534 -0.08497482 0.5085031 0.2363494 0.5085031 0.2363301 0.5616092 0.2363494 0.5085031 0.5576737 0.5085031 0.5576544 0.5616092 0.1831175 0.5073913 0.1831176 0.560534 -0.2592855 0.560534 0.6255208 0.5073913 0.6255208 0.560534 0.1831176 0.560534 0.8725339 0.627874 0.5533515 0.627874 0.5576545 0.5616092 0.5533515 0.627874 0.2341692 0.6278739 0.2363302 0.5616092 -0.9207196 0.6278738 -0.9236418 0.5616091 -0.4812386 0.5616092 -1.360174 0.6278738 -1.366045 0.561609 -0.9236418 0.5616091 -0.8888505 0.5073913 -0.8888505 0.560534 -1.210175 0.560534 -0.5675262 0.5073913 -0.5675262 0.560534 -0.8888505 0.560534 -1.808422 0.508503 -1.366019 0.508503 -1.366045 0.561609 -1.366019 0.508503 -0.9236153 0.508503 -0.9236419 0.5616091 0.5926735 0.6892749 0.7521726 0.354317 0.7521726 0.6892749 0.5599266 0.8787115 0.6250281 0.7485069 0.5931898 0.8608859 0.5926735 0.6892749 0.7521726 0.354317 0.7521726 0.6892749 0.5599266 0.8787115 0.6250281 0.7485069 0.5931898 0.8608859 0.5926735 0.6892749 0.7521726 0.354317 0.7521726 0.6892749 0.5599266 0.8787115 0.6250281 0.7485069 0.5931898 0.8608859 -0.000420988 0.8787085 0.1863623 0.5437506 0.1863615 0.8787094 0.1863615 0.8787094 0.3731449 0.5437506 0.3731441 0.8787105 0.4331744 0.6892749 0.5926734 0.354317 0.5926735 0.6892749 -0.000420988 0.8787085 0.1863623 0.5437506 0.1863615 0.8787094 0.1863615 0.8787094 0.3731449 0.5437506 0.3731441 0.8787105 0.4331744 0.6892749 0.5926734 0.354317 0.5926735 0.6892749 -0.000420988 0.8787085 0.1863623 0.5437506 0.1863615 0.8787094 0.1863615 0.8787094 0.3731449 0.5437506 0.3731441 0.8787105 0.4331744 0.6892749 0.5926734 0.354317 0.5926735 0.6892749 0.2736753 0.6892749 0.2404124 0.6714492 0.2085739 0.5590733 0.273675 0.354317 0.2736753 0.6892749 0.2085739 0.5590733 0.2404124 0.6714492 0.2174869 0.6255985 0.2085739 0.5590733 0.2085739 0.5590733 0.2085739 0.4845199 0.273675 0.354317 0.2085739 0.4845199 0.2174869 0.4179947 0.2404122 0.372141 0.273675 0.354317 0.2085739 0.4845199 0.2404122 0.372141 0.4331742 0.354317 0.2736753 0.6892749 0.273675 0.354317 0.2736753 0.6892749 0.2404124 0.6714492 0.2085739 0.5590733 0.273675 0.354317 0.2736753 0.6892749 0.2085739 0.5590733 0.2404124 0.6714492 0.2174869 0.6255985 0.2085739 0.5590733 0.2085739 0.5590733 0.2085739 0.4845199 0.273675 0.354317 0.2085739 0.4845199 0.2174869 0.4179947 0.2404122 0.372141 0.273675 0.354317 0.2085739 0.4845199 0.2404122 0.372141 0.4331742 0.354317 0.2736753 0.6892749 0.273675 0.354317 0.2736753 0.6892749 0.2404124 0.6714492 0.2085739 0.5590733 0.273675 0.354317 0.2736753 0.6892749 0.2085739 0.5590733 0.2404124 0.6714492 0.2174869 0.6255985 0.2085739 0.5590733 0.2085739 0.5590733 0.2085739 0.4845199 0.273675 0.354317 0.2085739 0.4845199 0.2174869 0.4179947 0.2404122 0.372141 0.273675 0.354317 0.2085739 0.4845199 0.2404122 0.372141 0.4331742 0.354317 0.2736753 0.6892749 0.273675 0.354317 0.5926735 0.6892749 0.5926734 0.354317 0.7521726 0.354317 0.5599266 0.8787115 0.3731441 0.8787105 0.5599275 0.5437506 0.3731441 0.8787105 0.3731449 0.5437506 0.5599275 0.5437506 0.5599275 0.5437506 0.5931898 0.5615759 0.6250281 0.6739531 0.5599266 0.8787115 0.5599275 0.5437506 0.6250281 0.6739531 0.5931898 0.5615759 0.6161159 0.6074266 0.6250281 0.6739531 0.6250281 0.6739531 0.6250281 0.7485069 0.5599266 0.8787115 0.6250281 0.7485069 0.6161155 0.8150333 0.5931898 0.8608859 0.5926735 0.6892749 0.5926734 0.354317 0.7521726 0.354317 0.5599266 0.8787115 0.3731441 0.8787105 0.5599275 0.5437506 0.3731441 0.8787105 0.3731449 0.5437506 0.5599275 0.5437506 0.5599275 0.5437506 0.5931898 0.5615759 0.6161159 0.6074266 0.5599266 0.8787115 0.5599275 0.5437506 0.6250281 0.6739531 0.6161159 0.6074266 0.6250281 0.6739531 0.5599275 0.5437506 0.6250281 0.6739531 0.6250281 0.7485069 0.5599266 0.8787115 0.6250281 0.7485069 0.6161155 0.8150333 0.5931898 0.8608859 0.5926735 0.6892749 0.5926734 0.354317 0.7521726 0.354317 0.5599266 0.8787115 0.3731441 0.8787105 0.5599275 0.5437506 0.3731441 0.8787105 0.3731449 0.5437506 0.5599275 0.5437506 0.5599275 0.5437506 0.5931898 0.5615759 0.6250281 0.6739531 0.5599266 0.8787115 0.5599275 0.5437506 0.6250281 0.6739531 0.5931898 0.5615759 0.6161159 0.6074266 0.6250281 0.6739531 0.6250281 0.6739531 0.6250281 0.7485069 0.5599266 0.8787115 0.6250281 0.7485069 0.6161155 0.8150333 0.5931898 0.8608859 -0.000420988 0.8787085 -0.000420153 0.5437506 0.1863623 0.5437506 0.1863615 0.8787094 0.1863623 0.5437506 0.3731449 0.5437506 0.4331744 0.6892749 0.4331742 0.354317 0.5926734 0.354317 -0.000420988 0.8787085 -0.000420153 0.5437506 0.1863623 0.5437506 0.1863615 0.8787094 0.1863623 0.5437506 0.3731449 0.5437506 0.4331744 0.6892749 0.4331742 0.354317 0.5926734 0.354317 -0.000420988 0.8787085 -0.000420153 0.5437506 0.1863623 0.5437506 0.1863615 0.8787094 0.1863623 0.5437506 0.3731449 0.5437506 0.4331744 0.6892749 0.4331742 0.354317 0.5926734 0.354317 0.4331742 0.354317 0.4331744 0.6892749 0.2736753 0.6892749 0.4331742 0.354317 0.4331744 0.6892749 0.2736753 0.6892749 0.4331742 0.354317 0.4331744 0.6892749 0.2736753 0.6892749 0.3974943 0.5703608 0.1523837 0.5559636 0.3974943 0.5559638 0.512609 0.570361 0.3974943 0.5559638 0.512609 0.5559637 0.8728342 0.570361 0.7577195 0.5559636 0.8728342 0.5559637 0.7577195 0.5703608 0.512609 0.5559637 0.7577195 0.5559636 0.7389194 0.5683713 0.5673182 0.5582684 0.7533061 0.5582684 0.7700832 0.5583247 0.4116259 0.5678141 0.425138 0.5583253 0.7389194 0.5582684 0.5673182 0.5683713 0.5817049 0.5582684 0.7700842 0.5678135 0.4116259 0.5583247 0.7835962 0.5583247 0.3974943 0.5703608 0.1523837 0.570361 0.1523837 0.5559636 0.512609 0.570361 0.3974943 0.5703608 0.3974943 0.5559638 0.8728342 0.570361 0.7577195 0.5703608 0.7577195 0.5559636 0.7577195 0.5703608 0.512609 0.570361 0.512609 0.5559637 0.7389194 0.5683713 0.5817049 0.5683712 0.5673182 0.5582684 0.7700832 0.5583247 0.7835962 0.5678141 0.4116259 0.5678141 0.7389194 0.5582684 0.7533061 0.5683713 0.5673182 0.5683713 0.7700842 0.5678135 0.4251389 0.5678141 0.4116259 0.5583247 -0.001298487 0.2150577 0.5710842 0.1420102 -0.001268327 0.1420102 -0.001320362 0.2150577 0.5710539 0.1420102 -0.001298487 0.1420102 -0.001246333 0.2150577 0.5711363 0.1420102 -0.001216173 0.1420102 -0.001268327 0.2150577 0.5711061 0.1420102 -0.001246333 0.1420102 0.5303253 0.526617 0.5472429 0.5614967 0.5795515 0.5266159 0.5249616 0.2138006 0.4788825 0.1420374 0.4788826 0.2138 0.5795981 0.5760016 0.5472677 0.5616458 0.5795981 0.526744 0.6164295 0.526744 0.5795981 0.5760016 0.5795981 0.526744 0.283913 0.4393018 0.3185068 0.5028339 0.3185067 0.4393006 0.5249616 0.2138006 0.5729448 0.1420392 0.5249616 0.1420379 0.6163632 0.5758431 0.5795515 0.5266159 0.5795515 0.5758431 0.5795981 0.526744 0.5472677 0.5616458 0.5303441 0.526744 0.4788826 0.2138 0.4283519 0.1420378 0.4283518 0.2138004 0.5472429 0.5614967 0.5795515 0.5758431 0.5795515 0.5266159 0.6128017 0.337416 0.810054 0.3177137 0.6128017 0.3177137 0.4735618 0.3184742 -0.5760744 0.3362033 0.4530389 0.3362033 0.5262338 0.5200902 1.093149 0.4331727 0.5262338 0.4331727 -0.5760732 0.3363856 0.4735162 0.3186541 0.4529909 0.336387 -0.4735106 0.3365217 1.292815 0.3182079 1.27698 0.3365345 1.293051 0.3175448 -0.473509 0.3358626 1.277225 0.3358626 0.5136985 0.5200902 -0.05321663 0.4331727 0.5136985 0.4331727 0.5502293 0.5200902 -0.5076782 0.4331727 0.5502293 0.4331727 0.5353328 0.5200902 1.59324 0.4331727 0.5353328 0.4331727 0.547051 0.337416 0.3497987 0.3177157 0.547051 0.3177157 0.5159301 0.337416 0.2675037 0.3177157 0.5159301 0.3177137 0.5881104 0.3397273 0.8253406 0.3194145 0.5881104 0.3194146 0.5090336 0.3397219 0.2718035 0.3194091 0.5090336 0.3194091 0.5947977 0.3399673 1.162899 0.31966 1.162901 0.3399726 0.5947977 0.3399673 1.162899 0.31966 1.162901 0.3399726 0.5090336 0.3397219 0.2718035 0.3194091 0.5090336 0.3194091 0.719502 0.8513758 0.2102491 0.8776789 0.2102493 0.8513753 0.2102493 0.8308364 0.719502 0.8511099 0.719502 0.8308358 0.2102493 0.8511099 0.719502 0.8774129 0.719502 0.8511099 0.719502 0.8513758 0.2102491 0.8776789 0.2102493 0.8513753 0.2102493 0.8308364 0.719502 0.8511099 0.719502 0.8308358 0.2102493 0.8511099 0.719502 0.8774129 0.719502 0.8511099 0.2102493 0.8511099 0.719502 0.8774129 0.719502 0.8511099 0.2102493 0.8308364 0.719502 0.8511099 0.719502 0.8308358 0.719502 0.8513758 0.2102491 0.8776789 0.2102493 0.8513753 0.719502 0.8513758 0.2102491 0.8776789 0.2102493 0.8513753 0.2102493 0.8308364 0.719502 0.8511099 0.719502 0.8308358 0.2102493 0.8511099 0.719502 0.8774129 0.719502 0.8511099 0.2102493 0.8511099 0.719502 0.8774129 0.719502 0.8511099 0.2102493 0.8308364 0.719502 0.8511099 0.719502 0.8308358 0.719502 0.8513758 0.2102491 0.8776789 0.2102493 0.8513753 0.719502 0.8513758 0.2102491 0.8776789 0.2102493 0.8513753 0.2102493 0.8308364 0.719502 0.85111 0.719502 0.8308358 0.2102493 0.8511099 0.719502 0.8774129 0.719502 0.85111 2.250093 0.8521096 0.5473322 0.894515 0.5473322 0.8521096 -1.31493 0.8521096 0.3878311 0.894515 0.3878311 0.8521096 -0.2128674 0.8521096 0.7022577 0.894515 0.7022577 0.8521096 1.447163 0.8521096 0.5320374 0.894515 0.5320374 0.8521096 0.5881104 0.3397273 0.8253406 0.3194145 0.5881104 0.3194146 -0.001298487 0.2150577 0.5710842 0.1420102 -0.001268327 0.1420102 -0.001320362 0.2150577 0.5710539 0.1420102 -0.001298487 0.1420102 -0.001246333 0.2150577 0.5711363 0.1420102 -0.001216173 0.1420102 -0.001268327 0.2150577 0.5711061 0.1420102 -0.001246333 0.1420102 0.5303253 0.526617 0.5472429 0.5614967 0.5795514 0.5266159 0.4788826 0.2138 0.5249616 0.1420379 0.4788825 0.1420374 0.5796054 0.5760016 0.5472768 0.5616458 0.5796054 0.526744 0.6164386 0.526744 0.5796054 0.5760016 0.5796054 0.526744 0.3185067 0.4393006 0.283913 0.502835 0.3185068 0.5028339 0.5729447 0.213802 0.5249616 0.1420379 0.5249616 0.2138006 0.6163632 0.5758431 0.5795514 0.5266159 0.5795516 0.5758431 0.5796054 0.526744 0.5472768 0.5616458 0.530346 0.526744 0.4788826 0.2138 0.4283518 0.1420378 0.4283518 0.2138004 0.5472429 0.5614967 0.5795516 0.5758431 0.5795514 0.5266159 0.719502 0.8513758 0.2102491 0.8776789 0.2102493 0.8513753 0.2102493 0.8308364 0.719502 0.85111 0.719502 0.8308358 0.2102493 0.8511099 0.719502 0.8774129 0.719502 0.85111 0.719502 0.8513758 0.2102491 0.8776789 0.2102493 0.8513753 0.2102493 0.8308364 0.719502 0.85111 0.719502 0.8308358 0.2102493 0.8511099 0.719502 0.8774129 0.719502 0.85111 0.6891735 0.4351675 0.2559044 0.5196613 0.2559044 0.4351675 2.250093 0.8521096 0.5473322 0.894515 0.5473322 0.8521096 -1.31493 0.8521096 0.3878311 0.894515 0.3878311 0.8521096 -0.2128674 0.8521096 0.7022577 0.894515 0.7022577 0.8521096 1.447163 0.8521096 0.5320374 0.894515 0.5320374 0.8521096 2.250093 0.8521096 0.5473322 0.894515 0.5473322 0.8521096 -1.31493 0.8521096 0.3878311 0.894515 0.3878311 0.8521096 -0.2128674 0.8521096 0.7022577 0.894515 0.7022577 0.8521096 1.447163 0.8521096 0.5320374 0.894515 0.5320374 0.8521096 -0.001298487 0.2150577 0.5710539 0.2150577 0.5710842 0.1420102 -0.001320362 0.2150577 0.5710321 0.2150577 0.5710539 0.1420102 -0.001246333 0.2150577 0.571106 0.2150577 0.5711363 0.1420102 -0.001268327 0.2150577 0.5710842 0.2150577 0.5711061 0.1420102 0.5249616 0.2138006 0.5249616 0.1420379 0.4788825 0.1420374 0.6164295 0.526744 0.6164367 0.5760016 0.5795981 0.5760016 0.283913 0.4393018 0.283913 0.502835 0.3185068 0.5028339 0.5249616 0.2138006 0.5729447 0.213802 0.5729448 0.1420392 0.6163632 0.5758431 0.6163631 0.5266159 0.5795515 0.5266159 0.4788826 0.2138 0.4788825 0.1420374 0.4283519 0.1420378 0.6128017 0.337416 0.810054 0.337416 0.810054 0.3177137 0.4735618 0.3184742 -0.5965949 0.3184731 -0.5760744 0.3362033 0.5262338 0.5200902 1.093149 0.5200902 1.093149 0.4331727 -0.5760732 0.3363856 -0.5965949 0.3186541 0.4735162 0.3186541 -0.4735106 0.3365217 -0.4893338 0.318208 1.292815 0.3182079 1.293051 0.3175448 -0.4893339 0.3175436 -0.473509 0.3358626 0.5136985 0.5200902 -0.05321663 0.5200902 -0.05321663 0.4331727 0.5502293 0.5200902 -0.5076782 0.5200902 -0.5076782 0.4331727 0.5353328 0.5200902 1.59324 0.5200902 1.59324 0.4331727 0.547051 0.337416 0.3497987 0.337416 0.3497987 0.3177157 0.5159301 0.337416 0.2675043 0.337416 0.2675037 0.3177157 0.5881104 0.3397273 0.8253406 0.3397273 0.8253406 0.3194145 0.5090336 0.3397219 0.2718035 0.3397219 0.2718035 0.3194091 0.5947977 0.3399673 0.5947977 0.3196545 1.162899 0.31966 0.5947977 0.3399673 0.5947977 0.3196545 1.162899 0.31966 0.5090336 0.3397219 0.2718035 0.3397219 0.2718035 0.3194091 0.719502 0.8513758 0.719502 0.8776789 0.2102491 0.8776789 0.2102493 0.8308364 0.2102493 0.8511099 0.719502 0.8511099 0.2102493 0.8511099 0.2102493 0.8774129 0.719502 0.8774129 0.719502 0.8513758 0.719502 0.8776789 0.2102491 0.8776789 0.2102493 0.8308364 0.2102493 0.8511099 0.719502 0.8511099 0.2102493 0.8511099 0.2102493 0.8774129 0.719502 0.8774129 0.2102493 0.8511099 0.2102493 0.8774129 0.719502 0.8774129 0.2102493 0.8308364 0.2102493 0.8511099 0.719502 0.8511099 0.719502 0.8513758 0.719502 0.8776789 0.2102491 0.8776789 0.719502 0.8513758 0.719502 0.8776789 0.2102491 0.8776789 0.2102493 0.8308364 0.2102493 0.8511099 0.719502 0.8511099 0.2102493 0.8511099 0.2102493 0.8774129 0.719502 0.8774129 0.2102493 0.8511099 0.2102493 0.8774129 0.719502 0.8774129 0.2102493 0.8308364 0.2102493 0.8511099 0.719502 0.8511099 0.719502 0.8513758 0.719502 0.8776789 0.2102491 0.8776789 0.719502 0.8513758 0.719502 0.8776789 0.2102491 0.8776789 0.2102493 0.8308364 0.2102493 0.8511099 0.719502 0.85111 0.2102493 0.8511099 0.2102493 0.8774129 0.719502 0.8774129 2.250093 0.8521096 2.250093 0.894515 0.5473322 0.894515 -1.31493 0.8521096 -1.31493 0.894515 0.3878311 0.894515 -0.2128674 0.8521096 -0.2128674 0.894515 0.7022577 0.894515 1.447163 0.8521096 1.447163 0.894515 0.5320374 0.894515 0.5881104 0.3397273 0.8253406 0.3397273 0.8253406 0.3194145 -0.001298487 0.2150577 0.5710539 0.2150577 0.5710842 0.1420102 -0.001320362 0.2150577 0.5710321 0.2150577 0.5710539 0.1420102 -0.001246333 0.2150577 0.5711061 0.2150577 0.5711363 0.1420102 -0.001268327 0.2150577 0.5710842 0.2150577 0.5711061 0.1420102 0.4788826 0.2138 0.5249616 0.2138006 0.5249616 0.1420379 0.6164386 0.526744 0.6164386 0.5760016 0.5796054 0.5760016 0.3185067 0.4393006 0.283913 0.4393018 0.283913 0.502835 0.5729447 0.213802 0.5729448 0.1420392 0.5249616 0.1420379 0.6163632 0.5758431 0.6163631 0.5266159 0.5795514 0.5266159 0.4788826 0.2138 0.4788825 0.1420374 0.4283518 0.1420378 0.719502 0.8513758 0.719502 0.8776789 0.2102491 0.8776789 0.2102493 0.8308364 0.2102493 0.8511099 0.719502 0.85111 0.2102493 0.8511099 0.2102493 0.8774129 0.719502 0.8774129 0.719502 0.8513758 0.719502 0.8776789 0.2102491 0.8776789 0.2102493 0.8308364 0.2102493 0.8511099 0.719502 0.85111 0.2102493 0.8511099 0.2102493 0.8774129 0.719502 0.8774129 0.6891735 0.4351675 0.6891735 0.5196613 0.2559044 0.5196613 2.250093 0.8521096 2.250093 0.894515 0.5473322 0.894515 -1.31493 0.8521096 -1.31493 0.894515 0.3878311 0.894515 -0.2128674 0.8521096 -0.2128674 0.894515 0.7022577 0.894515 1.447163 0.8521096 1.447163 0.894515 0.5320374 0.894515 2.250093 0.8521096 2.250093 0.894515 0.5473322 0.894515 -1.31493 0.8521096 -1.31493 0.894515 0.3878311 0.894515 -0.2128674 0.8521096 -0.2128674 0.894515 0.7022577 0.894515 1.447163 0.8521096 1.447163 0.894515 0.5320374 0.894515 0.1782827 0.5692746 0.00100553 0.4243043 0.00100553 0.5692746 0.7653626 0.3810798 0.8401806 0.5301335 0.8401806 0.3810798 0.8398893 0.1843872 0.7569379 0.3778442 0.7569379 0.1843872 0.7569379 0.1843872 0.8398893 0.3778442 0.8398893 0.1843872 0.1782827 0.5692746 0.1782827 0.4243043 0.00100553 0.4243043 0.7653626 0.3810798 0.7653626 0.5301335 0.8401806 0.5301335 0.8398893 0.1843872 0.8398893 0.3778442 0.7569379 0.3778442 0.7569379 0.1843872 0.7569379 0.3778442 0.8398893 0.3778442 0.5356674 0.3121147 3.274231 1.779665 3.274231 0.3121147 0.5356674 0.3121147 0.5356674 1.779665 3.274231 1.779665 0.7125549 1.716313 4.970612 0.9663134 0.7125549 0.9663134 0.6534081 0.7163134 0.300396 -0.03368651 0.300396 0.7163134 0.7889137 1.716313 -1.302614 0.9663134 0.7889137 0.9663134 0.9706116 1.716313 0.7296066 0.9663134 0.9706116 0.9663134 0.5979843 1.716313 0.7889137 0.9663134 0.5979843 0.9663134 0.9335556 0.9663134 0.5846329 1.716313 0.5846329 0.9663134 1.061478 0.9663134 0.7125549 1.716313 0.7125549 0.9663134 0.7285156 0.9663134 0.7889118 1.716313 0.7889118 0.9663134 0.0503959 0.4663134 0.300396 0.7163134 0.300396 0.4663134 1.050396 0.7163134 0.6973858 -0.03368651 0.6973858 0.7163134 0.7970505 0.05039787 0.970604 0.300396 0.9706116 0.0503959 0.7970505 0.4663134 0.9706116 -0.03368651 0.9706116 0.4663134 0.970604 0.300396 0.7970505 0.05039787 0.9706116 0.0503959 0.7970505 0.9663134 0.970604 1.466313 0.970604 0.9663134 0.7125549 1.716313 4.970612 1.716313 4.970612 0.9663134 0.6534081 0.7163134 0.6534081 -0.03368651 0.300396 -0.03368651 0.7889137 1.716313 -1.302614 1.716313 -1.302614 0.9663134 0.9706116 1.716313 0.7296066 1.716313 0.7296066 0.9663134 0.5979843 1.716313 0.7889137 1.716313 0.7889137 0.9663134 0.9335556 0.9663134 0.9335556 1.716313 0.5846329 1.716313 1.061478 0.9663134 1.061478 1.716313 0.7125549 1.716313 0.7285156 0.9663134 0.7285156 1.716313 0.7889118 1.716313 0.0503959 0.4663134 0.0503959 0.7163134 0.300396 0.7163134 1.050396 0.7163134 1.050396 -0.03368651 0.6973858 -0.03368651 0.7970505 0.05039787 0.7970505 0.3003979 0.970604 0.300396 0.7970505 0.4663134 0.7970505 -0.03368651 0.9706116 -0.03368651 0.970604 0.300396 0.7970505 0.3003979 0.7970505 0.05039787 0.7970505 0.9663134 0.7970505 1.466313 0.970604 1.466313 0.513408 -3.941141 0.009072661 4.517726 0.00906825 -3.723279 0.00280565 -3.723277 0.5071106 4.735715 0.00280112 4.517846 0.4943 -4.29968 0.003180146 0.5471283 0.003126204 -4.015448 0.01221787 -4.01545 0.503296 0.8313114 0.01217335 0.5471017 0.513408 -3.941141 0.5134071 4.735563 0.009072661 4.517726 0.00280565 -3.723277 0.5071095 -3.941141 0.5071106 4.735715 0.4943 -4.29968 0.4943 0.8313593 0.003180146 0.5471283 0.01221787 -4.01545 0.503296 -4.29968 0.503296 0.8313114 0.6763538 0.9788429 0.6763538 0.9648715 0.689209 0.9648715 0.689209 0.9788429 0.5669788 0.9788429 0.5669788 0.9648715 0.5768857 0.9648715 0.5768857 0.9788429 0.5557484 0.9788429 0.5557484 0.9648715 0.5656552 0.9648715 0.5656552 0.9788429 0.7173695 0.9788429 0.7173695 0.9648715 0.7299805 0.9648715 0.7299805 0.9788429 0.7409668 0.9788429 0.7409668 0.9648715 0.752667 0.9648715 0.752667 0.9788429 0.503014 0.9788429 0.503014 0.9648715 0.5168271 0.9648715 0.5168271 0.9788429 0.6471728 0.9790647 0.6471728 0.9632512 0.6611498 0.9632512 0.6611498 0.9790647 0.5031298 0.9790647 0.5031298 0.9632512 0.5168457 0.9632512 0.5168457 0.9790647 0.529497 0.9790647 0.529497 0.9632512 0.5410326 0.9632512 0.5410326 0.9790647 0.8071289 0.949707 0.8071289 0.9433594 0.8120117 0.9433594 0.8120117 0.949707 0.6764697 0.9790647 0.6764697 0.9632512 0.689209 0.9632512 0.689209 0.9790647 0.6471728 0.9790647 0.6471728 0.9632512 0.6611498 0.9632512 0.6611498 0.9790647 0.5031298 0.9790647 0.5031298 0.9632512 0.5168457 0.9632512 0.5168457 0.9790647 0.529497 0.9790647 0.529497 0.9632512 0.5410326 0.9632512 0.5410326 0.9790647 0.8071289 0.949707 0.8071289 0.9433594 0.8120117 0.9433594 0.8120117 0.949707 0.6764697 0.9790647 0.6764697 0.9632512 0.689209 0.9632512 0.689209 0.9790647 0.5030549 0.9788429 0.5030549 0.9648715 0.5168457 0.9648715 0.5168457 0.9788429 0.5172151 0.9788429 0.5172151 0.9648715 0.5287376 0.9648715 0.5287376 0.9788429 0.5557893 0.9788429 0.5557893 0.9648715 0.565847 0.9648715 0.565847 0.9788429 0.7174104 0.9788429 0.7174104 0.9648715 0.7299805 0.9648715 0.7299805 0.9788429 0.7409668 0.9788429 0.7409668 0.9648715 0.7528587 0.9648715 0.7528587 0.9788429 0.6763947 0.9788429 0.6763947 0.9648715 0.689209 0.9648715 0.689209 0.9788429 0.5297045 0.9788429 0.5297045 0.9648715 0.5410506 0.9648715 0.5410506 0.9788429 0.5033373 0.9788429 0.5033373 0.9648715 0.5168457 0.9648715 0.5168457 0.9788429 0.6048998 0.9788429 0.6048998 0.9648715 0.612793 0.9648715 0.612793 0.9788429 0.7972826 0.9788429 0.7972826 0.9648715 0.8100586 0.9648715 0.8100586 0.9788429 0.5033373 0.9788429 0.5033373 0.9648715 0.5168457 0.9648715 0.5168457 0.9788429 0.7172852 0.9785156 0.7172852 0.9648438 0.7299805 0.9648438 0.7299805 0.9785156 0.8457031 1 0.8457031 0.9550781 0.8764648 0.9550781 0.8764648 1 0.7172852 0.9785156 0.7172852 0.9648438 0.7299805 0.9648438 0.7299805 0.9785156 0.8457031 1 0.8457031 0.9550781 0.8764648 0.9550781 0.8764648 1 0.7172852 0.9785156 0.7172852 0.9648438 0.7299805 0.9648438 0.7299805 0.9785156 0.8457031 1 0.8457031 0.9550781 0.8764648 0.9550781 0.8764648 1 0.7172852 0.9785156 0.7172852 0.9648438 0.7299805 0.9648438 0.7299805 0.9785156 0.8457031 1 0.8457031 0.9550781 0.8764648 0.9550781 0.8764648 1 0.7172852 0.9785156 0.7172852 0.9648438 0.7299805 0.9648438 0.7299805 0.9785156 0.8457031 1 0.8457031 0.9550781 0.8764648 0.9550781 0.8764648 1</float_array>
          <technique_common>
            <accessor source="#Plane_688-mesh-map-0-array" count="2686" stride="2">
              <param name="S" type="float"/>
              <param name="T" type="float"/>
            </accessor>
          </technique_common>
        </source>
        <source id="Plane_688-mesh-map-1">
          <float_array id="Plane_688-mesh-map-1-array" count="5372">0 0 0 0 0 0 0 0 0 0 0 0 0 0 0 0 0 0 0 0 0 0 0 0 0 0 0 0 0 0 0 0 0 0 0 0 0 0 0 0 0 0 0 0 0 0 0 0 0 0 0 0 0 0 0 0 0 0 0 0 0 0 0 0 0 0 0 0 0 0 0 0 0 0 0 0 0 0 0 0 0 0 0 0 0 0 0 0 0 0 0 0 0 0 0 0 0 0 0 0 0 0 0 0 0 0 0 0 0 0 0 0 0 0 0 0 0 0 0 0 0 0 0 0 0 0 0 0 0 0 0 0 0 0 0 0 0 0 0 0 0 0 0 0 0 0 0 0 0 0 0 0 0 0 0 0 0 0 0 0 0 0 0 0 0 0 0 0 0 0 0 0 0 0 0 0 0 0 0 0 0 0 0 0 0 0 0 0 0 0 0 0 0 0 0 0 0 0 0 0 0 0 0 0 0 0 0 0 0 0 0 0 0 0 0 0 0 0 0 0 0 0 0 0 0 0 0 0 0 0 0 0 0 0 0 0 0 0 0 0 0 0 0 0 0 0 0 0 0 0 0 0 0 0 0 0 0 0 0 0 0 0 0 0 0 0 0 0 0 0 0 0 0 0 0 0 0 0 0 0 0 0 0 0 0 0 0 0 0 0 0 0 0 0 0 0 0 0 0 0 0 0 0 0 0 0 0 0 0 0 0 0 0 0 0 0 0 0 0 0 0 0 0 0 0 0 0 0 0 0 0 0 0 0 0 0 0 0 0 0 0 0 0 0 0 0 0 0 0 0 0 0 0 0 0 0 0 0 0 0 0 0 0 0 0 0 0 0 0 0 0 0 0 0 0 0 0 0 0 0 0 0 0 0 0 0 0 0 0 0 0 0 0 0 0 0 0 0 0 0 0 0 0 0 0 0 0 0 0 0 0 0 0 0 0 0 0 0 0 0 0 0 0 0 0 0 0 0 0 0 0 0 0 0 0 0 0 0 0 0 0 0 0 0 0 0 0 0 0 0 0 0 0 0 0 0 0 0 0 0 0 0 0 0 0 0 0 0 0 0 0 0 0 0 0 0 0 0 0 0 0 0 0 0 0 0 0 0 0 0 0 0 0 0 0 0 0 0 0 0 0 0 0 0 0 0 0 0 0 0 0 0 0 0 0 0 0 0 0 0 0 0 0 0 0 0 0 0 0 0 0 0 0 0 0 0 0 0 0 0 0 0 0 0 0 0 0 0 0 0 0 0 0 0 0 0 0 0 0 0 0 0 0 0 0 0 0 0 0 0 0 0 0 0 0 0 0 0 0 0 0 0 0 0 0 0 0 0 0 0 0 0 0 0 0 0 0 0 0 0 0 0 0 0 0 0 0 0 0 0 0 0 0 0 0 0 0 0 0 0 0 0 0 0 0 0 0 0 0 0 0 0 0 0 0 0 0 0 0 0 0 0 0 0 0 0 0 0 0 0 0 0 0 0 0 0 0 0 0 0 0 0 0 0 0 0 0 0 0 0 0 0 0 0 0 0 0 0 0 0 0 0 0 0 0 0 0 0 0 0 0 0 0 0 0 0 0 0 0 0 0 0 0 0 0 0 0 0 0 0 0 0 0 0 0 0 0 0 0 0 0 0 0 0 0 0 0 0 0 0 0 0 0 0 0 0 0 0 0 0 0 0 0 0 0 0 0 0 0 0 0 0 0 0 0 0 0 0 0 0 0 0 0 0 0 0 0 0 0 0 0 0 0 0 0 0 0 0 0 0 0 0 0 0 0 0 0 0 0 0 0 0 0 0 0 0 0 0 0 0 0 0 0 0 0 0 0 0 0 0 0 0 0 0 0 0 0 0 0 0 0 0 0 0 0 0 0 0 0 0 0 0 0 0 0 0 0 0 0 0 0 0 0 0 0 0 0 0 0 0 0 0 0 0 0 0 0 0 0 0 0 0 0 0 0 0 0 0 0 0 0 0 0 0 0 0 0 0 0 0 0 0 0 0 0 0 0 0 0 0 0 0 0 0 0 0 0 0 0 0 0 0 0 0 0 0 0 0 0 0 0 0 0 0 0 0 0 0 0 0 0 0 0 0 0 0 0 0 0 0 0 0 0 0 0 0 0 0 0 0 0 0 0 0 0 0 0 0 0 0 0 0 0 0 0 0 0 0 0 0 0 0 0 0 0 0 0 0 0 0 0 0 0 0 0 0 0 0 0 0 0 0 0 0 0 0 0 0 0 0 0 0 0 0 0 0 0 0 0 0 0 0 0 0 0 0 0 0 0 0 0 0 0 0 0 0 0 0 0 0 0 0 0 0 0 0 0 0 0 0 0 0 0 0 0 0 0 0 0 0 0 0 0 0 0 0 0 0 0 0 0 0 0 0 0 0 0 0 0 0 0 0 0 0 0 0 0 0 0 0 0 0 0 0 0 0 0 0 0 0 0 0 0 0 0 0 0 0 0 0 0 0 0 0 0 0 0 0 0 0 0 0 0 0 0 0 0 0 0 0 0 0 0 0 0 0 0 0 0 0 0 0 0 0 0 0 0 0 0 0 0 0 0 0 0 0 0 0 0 0 0 0 0 0 0 0 0 0 0 0 0 0 0 0 0 0 0 0 0 0 0 0 0 0 0 0 0 0 0 0 0 0 0 0 0 0 0 0 0 0 0 0 0 0 0 0 0 0 0 0 0 0 0 0 0 0 0 0 0 0 0 0 0 0 0 0 0 0 0 0 0 0 0 0 0 0 0 0 0 0 0 0 0 0 0 0 0 0 0 0 0 0 0 0 0 0 0 0 0 0 0 0 0 0 0 0 0 0 0 0 0 0 0 0 0 0 0 0 0 0 0 0 0 0 0 0 0 0 0 0 0 0 0 0 0 0 0 0 0 0 0 0 0 0 0 0 0 0 0 0 0 0 0 0 0 0 0 0 0 0 0 0 0 0 0 0 0 0 0 0 0 0 0 0 0 0 0 0 0 0 0 0 0 0 0 0 0 0 0 0 0 0 0 0 0 0 0 0 0 0 0 0 0 0 0 0 0 0 0 0 0 0 0 0 0 0 0 0 0 0 0 0 0 0 0 0 0 0 0 0 0 0 0 0 0 0 0 0 0 0 0 0 0 0 0 0 0 0 0 0 0 0 0 0 0 0 0 0 0 0 0 0 0 0 0 0 0 0 0 0 0 0 0 0 0 0 0 0 0 0 0 0 0 0 0 0 0 0 0 0 0 0 0 0 0 0 0 0 0 0 0 0 0 0 0 0 0 0 0 0 0 0 0 0 0 0 0 0 0 0 0 0 0 0 0 0 0 0 0 0 0 0 0 0 0 0 0 0 0 0 0 0 0 0 0 0 0 0 0 0 0 0 0 0 0 0 0 0 0 0 0 0 0 0 0 0 0 0 0 0 0 0 0 0 0 0 0 0 0 0 0 0 0 0 0 0 0 0 0 0 0 0 0 0 0 0 0 0 0 0 0 0 0 0 0 0 0 0 0 0 0 0 0 0 0 0 0 0 0 0 0 0 0 0 0 0 0 0 0 0 0 0 0 0 0 0 0 0 0 0 0 0 0 0 0 0 0 0 0 0 0 0 0 0 0 0 0 0 0 0 0 0 0 0 0 0 0 0 0 0 0 0 0 0 0 0 0 0 0 0 0 0 0 0 0 0 0 0 0 0 0 0 0 0 0 0 0 0 0 0 0 0 0 0 0 0 0 0 0 0 0 0 0 0 0 0 0 0 0 0 0 0 0 0 0 0 0 0 0 0 0 0 0 0 0 0 0 0 0 0 0 0 0 0 0 0 0 0 0 0 0 0 0 0 0 0 0 0 0 0 0 0 0 0 0 0 0 0 0 0 0 0 0 0 0 0 0 0 0 0 0 0 0 0 0 0 0 0 0 0 0 0 0 0 0 0 0 0 0 0 0 0 0 0 0 0 0 0 0 0 0 0 0 0 0 0 0 0 0 0 0 0 0 0 0 0 0 0 0 0 0 0 0 0 0 0 0 0 0 0 0 0 0 0 0 0 0 0 0 0 0 0 0 0 0 0 0 0 0 0 0 0 0 0 0 0 0 0 0 0 0 0 0 0 0 0 0 0 0 0 0 0 0 0 0 0 0 0 0 0 0 0 0 0 0 0 0 0 0 0 0 0 0 0 0 0 0 0 0 0 0 0 0 0 0 0 0 0 0 0 0 0 0 0 0 0 0 0 0 0 0 0 0 0 0 0 0 0 0 0 0 0 0 0 0 0 0 0 0 0 0 0 0 0 0 0 0 0 0 0 0 0 0 0 0 0 0 0 0 0 0 0 0 0 0 0 0 0 0 0 0 0 0 0 0 0 0 0 0 0 0 0 0 0 0 0 0 0 0 0 0 0 0 0 0 0 0 0 0 0 0 0 0 0 0 0 0 0 0 0 0 0 0 0 0 0 0 0 0 0 0 0 0 0 0 0 0 0 0 0 0 0 0 0 0 0 0 0 0 0 0 0 0 0 0 0 0 0 0 0 0 0 0 0 0 0 0 0 0 0 0 0 0 0 0 0 0 0 0 0 0 0 0 0 0 0 0 0 0 0 0 0 0 0 0 0 0 0 0 0 0 0 0 0 0 0 0 0 0 0 0 0 0 0 0 0 0 0 0 0 0 0 0 0 0 0 0 0 0 0 0 0 0 0 0 0 0 0 0 0 0 0 0 0 0 0 0 0 0 0 0 0 0 0 0 0 0 0 0 0 0 0 0 0 0 0 0 0 0 0 0 0 0 0 0 0 0 0 0 0 0 0 0 0 0 0 0 0 0 0 0 0 0 0 0 0 0 0 0 0 0 0 0 0 0 0 0 0 0 0 0 0 0 0 0 0 0 0 0 0 0 0 0 0 0 0 0 0 0 0 0 0 0 0 0 0 0 0 0 0 0 0 0 0 0 0 0 0 0 0 0 0 0 0 0 0 0 0 0 0 0 0 0 0 0 0 0 0 0 0 0 0 0 0 0 0 0 0 0 0 0 0 0 0 0 0 0 0 0 0 0 0 0 0 0 0 0 0 0 0 0 0 0 0 0 0 0 0 0 0 0 0 0 0 0 0 0 0 0 0 0 0 0 0 0 0 0 0 0 0 0 0 0 0 0 0 0 0 0 0 0 0 0 0 0 0 0 0 0 0 0 0 0 0 0 0 0 0 0 0 0 0 0 0 0 0 0 0 0 0 0 0 0 0 0 0 0 0 0 0 0 0 0 0 0 0 0 0 0 0 0 0 0 0 0 0 0 0 0 0 0 0 0 0 0 0 0 0 0 0 0 0 0 0 0 0 0 0 0 0 0 0 0 0 0 0 0 0 0 0 0 0 0 0 0 0 0 0 0 0 0 0 0 0 0 0 0 0 0 0 0 0 0 0 0 0 0 0 0 0 0 0 0 0 0 0 0 0 0 0 0 0 0 0 0 0 0 0 0 0 0 0 0 0 0 0 0 0 0 0 0 0 0 0 0 0 0 0 0 0 0 0 0 0 0 0 0 0 0 0 0 0 0 0 0 0 0 0 0 0 0 0 0 0 0 0 0 0 0 0 0 0 0 0 0 0 0 0 0 0 0 0 0 0 0 0 0 0 0 0 0 0 0 0 0 0 0 0 0 0 0 0 0 0 0 0 0 0 0 0 0 0 0 0 0 0 0 0 0 0 0 0 0 0 0 0 0 0 0 0 0 0 0 0 0 0 0 0 0 0 0 0 0 0 0 0 0 0 0 0 0 0 0 0 0 0 0 0 0 0 0 0 0 0 0 0 0 0 0 0 0 0 0 0 0 0 0 0 0 0 0 0 0 0 0 0 0 0 0 0 0 0 0 0 0 0 0 0 0 0 0 0 0 0 0 0 0 0 0 0 0 0 0 0 0 0 0 0 0 0 0 0 0 0 0 0 0 0 0 0 0 0 0 0 0 0 0 0 0 0 0 0 0 0 0 0 0 0 0 0 0 0 0 0 0 0 0 0 0 0 0 0 0 0 0 0 0 0 0 0 0 0 0 0 0 0 0 0 0 0 0 0 0 0 0 0 0 0 0 0 0 0 0 0 0 0 0 0 0 0 0 0 0 0 0 0 0 0 0 0 0 0 0 0 0 0 0 0 0 0 0 0 0 0 0 0 0 0 0 0 0 0 0 0 0 0 0 0 0 0 0 0 0 0 0 0 0 0 0 0 0 0 0 0 0 0 0 0 0 0 0 0 0 0 0 0 0 0 0 0 0 0 0 0 0 0 0 0 0 0 0 0 0 0 0 0 0 0 0 0 0 0 0 0 0 0 0 0 0 0 0 0 0 0 0 0 0 0 0 0 0 0 0 0 0 0 0 0 0 0 0 0 0 0 0 0 0 0 0 0 0 0 0 0 0 0 0 0 0 0 0 0 0 0 0 0 0 0 0 0 0 0 0 0 0 0 0 0 0 0 0 0 0 0 0 0 0 0 0 0 0 0 0 0 0 0 0 0 0 0 0 0 0 0 0 0 0 0 0 0 0 0 0 0 0 0 0 0 0 0 0 0 0 0 0 0 0 0 0 0 0 0 0 0 0 0 0 0 0 0 0 0 0 0 0 0 0 0 0 0 0 0 0 0 0 0 0 0 0 0 0 0 0 0 0 0 0 0 0 0 0 0 0 0 0 0 0 0 0 0 0 0 0 0 0 0 0 0 0 0 0 0 0 0 0 0 0 0 0 0 0 0 0 0 0 0 0 0 0 0 0 0 0 0 0 0 0 0 0 0 0 0 0 0 0 0 0 0 0 0 0 0 0 0 0 0 0 0 0 0 0 0 0 0 0 0 0 0 0 0 0 0 0 0 0 0 0 0 0 0 0 0 0 0 0 0 0 0 0 0 0 0 0 0 0 0 0 0 0 0 0 0 0 0 0 0 0 0 0 0 0 0 0 0 0 0 0 0 0 0 0 0 0 0 0 0 0 0 0 0 0 0 0 0 0 0 0 0 0 0 0 0 0 0 0 0 0 0 0 0 0 0 0 0 0 0 0 0 0 0 0 0 0 0 0 0 0 0 0 0 0 0 0 0 0 0 0 0 0 0 0 0 0 0 0 0 0 0 0 0 0 0 0 0 0 0 0 0 0 0 0 0 0 0 0 0 0 0 0 0 0 0 0 0 0 0 0 0 0 0 0 0 0 0 0 0 0 0 0 0 0 0 0 0 0 0 0 0 0 0 0 0 0 0 0 0 0 0 0 0 0 0 0 0 0 0 0 0 0 0 0 0 0 0 0 0 0 0 0 0 0 0 0 0 0 0 0 0 0 0 0 0 0 0 0 0 0 0 0 0 0 0 0 0 0 0 0 0 0 0 0 0 0 0 0 0 0 0 0 0 0 0 0 0 0 0 0 0 0 0 0 0 0 0 0 0 0 0 0 0 0 0 0 0 0 0 0 0 0 0 0 0 0 0 0 0 0 0 0 0 0 0 0 0 0 0 0 0 0 0 0 0 0 0 0 0 0 0 0 0 0 0 0 0 0 0 0 0 0 0 0 0 0 0 0 0 0 0 0 0 0 0 0 0 0 0 0 0 0 0 0 0 0 0 0 0 0 0 0 0 0 0 0 0 0 0 0 0 0 0 0 0 0 0 0 0 0 0 0 0 0 0 0 0 0 0 0 0 0 0 0 0 0 0 0 0 0 0 0 0 0 0 0 0 0 0 0 0 0 0 0 0 0 0 0 0 0 0 0 0 0 0 0 0 0 0 0 0 0 0 0 0 0 0 0 0 0 0 0 0 0 0 0 0 0 0 0 0 0 0 0 0 0 0 0 0 0 0 0 0 0 0 0 0 0 0 0 0 0 0 0 0 0 0 0 0 0 0 0 0 0 0 0 0 0 0 0 0 0 0 0 0 0 0 0 0 0 0 0 0 0 0 0 0 0 0 0 0 0 0 0 0 0 0 0 0 0 0 0 0 0 0 0 0 0 0 0 0 0 0 0 0 0 0 0 0 0 0 0 0 0 0 0 0 0 0 0 0 0 0 0 0 0 0 0 0 0 0 0 0 0 0 0 0 0 0 0 0 0 0 0 0 0 0 0 0 0 0 0 0 0 0 0 0 0 0 0 0 0 0 0 0 0 0 0 0 0 0 0 0 0 0 0 0 0 0 0 0 0 0 0 0 0 0 0 0 0 0 0 0 0 0 0 0 0 0 0 0 0 0 0 0 0 0 0 0 0 0 0 0 0 0 0 0 0 0 0 0 0 0 0 0 0 0 0 0 0 0 0 0 0 0 0 0 0 0 0 0 0 0 0 0 0 0 0 0 0 0 0 0 0 0 0 0 0 0 0 0 0 0 0 0 0 0 0 0 0 0 0 0 0 0 0 0 0 0 0 0 0 0 0 0 0 0 0 0 0 0 0 0 0 0 0 0 0 0 0 0 0 0 0 0 0 0 0 0 0 0 0 0 0 0 0 0 0 0 0 0 0 0 0 0 0 0 0 0 0 0 0 0 0 0 0 0 0 0 0 0 0 0 0 0 0 0 0 0 0 0 0 0 0 0 0 0 0 0 0 0 0 0 0 0 0 0 0 0 0 0 0 0 0 0 0 0 0 0 0 0 0 0 0 0 0 0 0 0 0 0 0 0 0 0 0 0 0 0 0 0 0 0 0 0 0 0 0 0 0 0 0 0 0 0 0 0 0 0 0 0 0 0 0 0 0 0 0 0 0 0 0 0 0 0 0 0 0 0 0 0 0 0 0 0 0 0 0 0 0 0 0 0 0 0 0 0 0 0 0 0 0 0 0 0 0 0 0 0 0 0 0 0 0 0 0 0 0 0 0 0 0 0 0 0 0 0 0 0 0 0 0 0 0 0 0 0 0 0 0 0 0 0 0 0 0 0 0 0 0 0 0 0 0 0 0 0 0 0 0 0 0 0 0 0 0 0 0 0 0 0 0 0 0 0 0 0 0 0 0 0 0 0 0 0 0 0 0 0 0 0 0 0 0 0 0 0 0 0 0 0 0 0 0 0 0 0 0 0 0 0 0 0 0 0 0 0 0 0 0 0 0 0 0 0 0 0 0 0 0 0 0 0 0 0 0 0 0 0 0 0 0 0 0 0 0 0 0 0 0 0 0 0 0 0 0 0 0 0 0 0 0 0 0 0 0 0 0 0 0 0 0 0 0 0 0 0 0 0 0 0 0 0 0 0 0 0 0 0 0 0 0 0 0 0 0 0 0 0 0 0 0 0 0 0 0 0 0 0 0 0 0 0 0 0 0 0 0 0 0 0 0 0 0 0 0 0 0 0 0 0 0 0 0 0 0 0 0 0 0 0 0 0 0 0 0 0 0 0 0 0 0 0 0 0 0 0 0 0 0 0 0 0 0 0 0 0 0 0 0 0 0 0 0 0 0 0 0 0 0 0 0 0 0 0 0 0 0 0 0 0 0 0 0 0 0 0 0 0 0 0 0 0 0 0 0 0 0 0 0 0 0 0 0 0 0 0 0 0 0 0 0 0 0 0 0 0 0 0 0 0 0 0 0 0 0 0 0 0 0 0 0 0 0 0 0 0 0 0 0 0 0 0 0 0 0 0 0 0 0 0 0 0 0 0 0 0 0 0 0 0 0 0 0 0 0 0 0 0 0 0 0 0 0 0 0 0 0 0 0 0 0 0 0 0 0 0 0 0 0 0 0 0 0 0 0 0 0 0 0 0 0 0 0 0 0 0 0 0 0 0 0 0 0 0 0 0 0 0 0 0 0 0 0 0 0 0 0 0 0 0 0 0 0 0 0 0 0 0 0 0 0 0 0 0 0 0 0 0 0 0 0 0 0 0 0 0 0 0 0 0 0 0 0 0 0 0 0 0 0 0 0 0 0 0 0 0 0 0 0 0 0 0 0 0 0 0 0 0 0 0 0 0 0 0 0 0 0 0 0 0 0 0 0 0 0 0 0 0 0 0 0 0 0 0 0 0 0 0 0 0 0 0 0 0 0 0 0 0 0 0 0 0 0 0 0 0 0 0 0 0 0 0 0 0 0 0 0 0 0 0 0 0 0 0 0 0 0 0 0 0 0 0 0 0 0 0 0 0 0 0 0 0 0 0 0 0 0 0 0 0 0 0 0 0 0 0 0 0 0 0 0 0 0 0 0 0 0 0 0 0 0 0 0 0 0 0 0 0 0 0 0 0 0 0 0 0 0 0 0 0 0 0 0 0 0 0 0 0 0 0 0 0 0 0 0 0 0 0 0 0 0 0 0 0 0 0 0 0 0 0 0 0 0 0 0 0 0 0 0 0 0 0 0 0 0 0 0 0 0 0 0 0 0 0 0 0 0 0 0 0 0 0 0 0 0 0 0 0 0 0 0 0 0 0 0 0 0 0 0 0 0 0 0 0 0 0 0 0 0 0 0 0 0 0 0 0 0 0 0 0 0 0 0 0 0 0 0 0 0 0 0 0 0 0 0 0 0 0 0 0 0 0 0 0 0 0 0 0 0 0 0 0 0 0 0 0 0 0 0 0 0 0 0 0 0 0 0 0 0 0 0 0 0 0 0 0 0 0 0 0 0 0 0 0 0 0 0 0 0 0 0 0 0 0 0 0 0 0 0 0 0 0 0 0 0 0 0 0 0 0 0 0 0 0 0 0 0 0 0 0 0 0 0 0 0 0 0 0 0 0 0 0 0 0 0 0 0 0 0 0 0 0 0 0 0 0 0 0 0 0 0 0 0 0 0 0 0 0 0 0 0 0 0 0 0 0 0 0 0 0 0 0 0 0 0 0 0 0 0 0 0 0 0 0 0 0 0 0 0 0 0 0 0 0 0 0 0 0 0 0 0 0 0 0 0 0 0 0 0 0 0 0 0 0 0 0 0 0 0 0 0 0 0 0 0 0 0 0 0 0 0 0 0 0 0 0 0 0 0 0 0 0 0 0 0 0 0 0 0 0 0 0 0 0 0 0 0 0 0 0 0 0 0 0 0 0 0 0 0 0 0 0 0 0 0 0 0 0 0 0 0 0 0 0 0 0 0 0 0 0 0 0 0 0 0 0 0 0 0 0 0 0 0 0 0 0 0 0 0 0 0 0 0 0 0 0 0 0 0 0 0 0 0 0 0 0 0 0 0 0 0 0 0 0 0 0 0 0 0 0 0 0 0 0 0 0 0 0 0 0 0 0 0 0 0 0 0 0 0 0 0 0 0 0 0 0 0 0 0 0 0 0 0 0 0 0 0 0 0 0 0 0 0 0 0 0 0 0 0 0 0 0 0 0 0 0 0 0 0 0 0 0 0 0 0 0 0 0 0 0 0 0 0 0 0 0 0 0 0 0 0 0 0 0 0 0 0 0 0 0 0 0 0 0 0 0 0 0 0 0 0 0 0 0 0 0 0 0 0 0 0 0 0 0 0 0 0 0 0 0 0 0 0 0 0 0 0 0 0 0 0 0 0 0 0 0 0 0 0 0 0 0 0 0 0 0 0 0 0 0 0 0 0 0 0 0 0 0 0 0 0 0 0 0 0 0 0 0 0 0 0 0 0 0 0 0 0 0 0 0 0 0 0 0 0 0 0 0 0 0 0 0 0 0 0 0 0 0 0 0 0 0 0 0 0 0 0 0 0 0 0 0 0 0 0 0 0 0 0 0 0 0 0 0 0 0 0 0 0 0 0 0 0 0 0 0 0 0 0 0 0 0 0 0 0 0 0 0 0 0 0 0 0 0 0 0 0 0 0 0 0 0 0 0 0 0 0 0 0 0 0 0 0 0 0 0 0 0 0 0 0 0 0 0 0 0 0 0 0 0 0 0 0 0 0 0 0 0 0 0 0 0 0 0 0 0 0 0 0 0 0 0 0 0 0 0 0 0 0 0 0 0 0 0 0 0 0 0 0 0 0 0 0 0 0 0 0 0 0 0 0 0 0 0 0 0 0 0 0 0 0 0 0 0 0 0 0 0 0 0 0 0 0 0 0 0 0 0 0 0 0 0 0 0 0 0 0 0 0 0 0 0 0 0 0 0 0 0 0 0 0 0 0 0 0 0 0 0 0 0 0 0 0 0 0 0 0 0 0 0 0 0 0 0 0 0 0 0 0 0 0 0 0 0</float_array>
          <technique_common>
            <accessor source="#Plane_688-mesh-map-1-array" count="2686" stride="2">
              <param name="S" type="float"/>
              <param name="T" type="float"/>
            </accessor>
          </technique_common>
        </source>
        <source id="Plane_688-mesh-map-2">
          <float_array id="Plane_688-mesh-map-2-array" count="5372">0 0 0 0 0 0 0 0 0 0 0 0 0 0 0 0 0 0 0 0 0 0 0 0 0 0 0 0 0 0 0 0 0 0 0 0 0 0 0 0 0 0 0 0 0 0 0 0 0 0 0 0 0 0 0 0 0 0 0 0 0 0 0 0 0 0 0 0 0 0 0 0 0 0 0 0 0 0 0 0 0 0 0 0 0 0 0 0 0 0 0 0 0 0 0 0 0 0 0 0 0 0 0 0 0 0 0 0 0 0 0 0 0 0 0 0 0 0 0 0 0 0 0 0 0 0 0 0 0 0 0 0 0 0 0 0 0 0 0 0 0 0 0 0 0 0 0 0 0 0 0 0 0 0 0 0 0 0 0 0 0 0 0 0 0 0 0 0 0 0 0 0 0 0 0 0 0 0 0 0 0 0 0 0 0 0 0 0 0 0 0 0 0 0 0 0 0 0 0 0 0 0 0 0 0 0 0 0 0 0 0 0 0 0 0 0 0 0 0 0 0 0 0 0 0 0 0 0 0 0 0 0 0 0 0 0 0 0 0 0 0 0 0 0 0 0 0 0 0 0 0 0 0 0 0 0 0 0 0 0 0 0 0 0 0 0 0 0 0 0 0 0 0 0 0 0 0 0 0 0 0 0 0 0 0 0 0 0 0 0 0 0 0 0 0 0 0 0 0 0 0 0 0 0 0 0 0 0 0 0 0 0 0 0 0 0 0 0 0 0 0 0 0 0 0 0 0 0 0 0 0 0 0 0 0 0 0 0 0 0 0 0 0 0 0 0 0 0 0 0 0 0 0 0 0 0 0 0 0 0 0 0 0 0 0 0 0 0 0 0 0 0 0 0 0 0 0 0 0 0 0 0 0 0 0 0 0 0 0 0 0 0 0 0 0 0 0 0 0 0 0 0 0 0 0 0 0 0 0 0 0 0 0 0 0 0 0 0 0 0 0 0 0 0 0 0 0 0 0 0 0 0 0 0 0 0 0 0 0 0 0 0 0 0 0 0 0 0 0 0 0 0 0 0 0 0 0 0 0 0 0 0 0 0 0 0 0 0 0 0 0 0 0 0 0 0 0 0 0 0 0 0 0 0 0 0 0 0 0 0 0 0 0 0 0 0 0 0 0 0 0 0 0 0 0 0 0 0 0 0 0 0 0 0 0 0 0 0 0 0 0 0 0 0 0 0 0 0 0 0 0 0 0 0 0 0 0 0 0 0 0 0 0 0 0 0 0 0 0 0 0 0 0 0 0 0 0 0 0 0 0 0 0 0 0 0 0 0 0 0 0 0 0 0 0 0 0 0 0 0 0 0 0 0 0 0 0 0 0 0 0 0 0 0 0 0 0 0 0 0 0 0 0 0 0 0 0 0 0 0 0 0 0 0 0 0 0 0 0 0 0 0 0 0 0 0 0 0 0 0 0 0 0 0 0 0 0 0 0 0 0 0 0 0 0 0 0 0 0 0 0 0 0 0 0 0 0 0 0 0 0 0 0 0 0 0 0 0 0 0 0 0 0 0 0 0 0 0 0 0 0 0 0 0 0 0 0 0 0 0 0 0 0 0 0 0 0 0 0 0 0 0 0 0 0 0 0 0 0 0 0 0 0 0 0 0 0 0 0 0 0 0 0 0 0 0 0 0 0 0 0 0 0 0 0 0 0 0 0 0 0 0 0 0 0 0 0 0 0 0 0 0 0 0 0 0 0 0 0 0 0 0 0 0 0 0 0 0 0 0 0 0 0 0 0 0 0 0 0 0 0 0 0 0 0 0 0 0 0 0 0 0 0 0 0 0 0 0 0 0 0 0 0 0 0 0 0 0 0 0 0 0 0 0 0 0 0 0 0 0 0 0 0 0 0 0 0 0 0 0 0 0 0 0 0 0 0 0 0 0 0 0 0 0 0 0 0 0 0 0 0 0 0 0 0 0 0 0 0 0 0 0 0 0 0 0 0 0 0 0 0 0 0 0 0 0 0 0 0 0 0 0 0 0 0 0 0 0 0 0 0 0 0 0 0 0 0 0 0 0 0 0 0 0 0 0 0 0 0 0 0 0 0 0 0 0 0 0 0 0 0 0 0 0 0 0 0 0 0 0 0 0 0 0 0 0 0 0 0 0 0 0 0 0 0 0 0 0 0 0 0 0 0 0 0 0 0 0 0 0 0 0 0 0 0 0 0 0 0 0 0 0 0 0 0 0 0 0 0 0 0 0 0 0 0 0 0 0 0 0 0 0 0 0 0 0 0 0 0 0 0 0 0 0 0 0 0 0 0 0 0 0 0 0 0 0 0 0 0 0 0 0 0 0 0 0 0 0 0 0 0 0 0 0 0 0 0 0 0 0 0 0 0 0 0 0 0 0 0 0 0 0 0 0 0 0 0 0 0 0 0 0 0 0 0 0 0 0 0 0 0 0 0 0 0 0 0 0 0 0 0 0 0 0 0 0 0 0 0 0 0 0 0 0 0 0 0 0 0 0 0 0 0 0 0 0 0 0 0 0 0 0 0 0 0 0 0 0 0 0 0 0 0 0 0 0 0 0 0 0 0 0 0 0 0 0 0 0 0 0 0 0 0 0 0 0 0 0 0 0 0 0 0 0 0 0 0 0 0 0 0 0 0 0 0 0 0 0 0 0 0 0 0 0 0 0 0 0 0 0 0 0 0 0 0 0 0 0 0 0 0 0 0 0 0 0 0 0 0 0 0 0 0 0 0 0 0 0 0 0 0 0 0 0 0 0 0 0 0 0 0 0 0 0 0 0 0 0 0 0 0 0 0 0 0 0 0 0 0 0 0 0 0 0 0 0 0 0 0 0 0 0 0 0 0 0 0 0 0 0 0 0 0 0 0 0 0 0 0 0 0 0 0 0 0 0 0 0 0 0 0 0 0 0 0 0 0 0 0 0 0 0 0 0 0 0 0 0 0 0 0 0 0 0 0 0 0 0 0 0 0 0 0 0 0 0 0 0 0 0 0 0 0 0 0 0 0 0 0 0 0 0 0 0 0 0 0 0 0 0 0 0 0 0 0 0 0 0 0 0 0 0 0 0 0 0 0 0 0 0 0 0 0 0 0 0 0 0 0 0 0 0 0 0 0 0 0 0 0 0 0 0 0 0 0 0 0 0 0 0 0 0 0 0 0 0 0 0 0 0 0 0 0 0 0 0 0 0 0 0 0 0 0 0 0 0 0 0 0 0 0 0 0 0 0 0 0 0 0 0 0 0 0 0 0 0 0 0 0 0 0 0 0 0 0 0 0 0 0 0 0 0 0 0 0 0 0 0 0 0 0 0 0 0 0 0 0 0 0 0 0 0 0 0 0 0 0 0 0 0 0 0 0 0 0 0 0 0 0 0 0 0 0 0 0 0 0 0 0 0 0 0 0 0 0 0 0 0 0 0 0 0 0 0 0 0 0 0 0 0 0 0 0 0 0 0 0 0 0 0 0 0 0 0 0 0 0 0 0 0 0 0 0 0 0 0 0 0 0 0 0 0 0 0 0 0 0 0 0 0 0 0 0 0 0 0 0 0 0 0 0 0 0 0 0 0 0 0 0 0 0 0 0 0 0 0 0 0 0 0 0 0 0 0 0 0 0 0 0 0 0 0 0 0 0 0 0 0 0 0 0 0 0 0 0 0 0 0 0 0 0 0 0 0 0 0 0 0 0 0 0 0 0 0 0 0 0 0 0 0 0 0 0 0 0 0 0 0 0 0 0 0 0 0 0 0 0 0 0 0 0 0 0 0 0 0 0 0 0 0 0 0 0 0 0 0 0 0 0 0 0 0 0 0 0 0 0 0 0 0 0 0 0 0 0 0 0 0 0 0 0 0 0 0 0 0 0 0 0 0 0 0 0 0 0 0 0 0 0 0 0 0 0 0 0 0 0 0 0 0 0 0 0 0 0 0 0 0 0 0 0 0 0 0 0 0 0 0 0 0 0 0 0 0 0 0 0 0 0 0 0 0 0 0 0 0 0 0 0 0 0 0 0 0 0 0 0 0 0 0 0 0 0 0 0 0 0 0 0 0 0 0 0 0 0 0 0 0 0 0 0 0 0 0 0 0 0 0 0 0 0 0 0 0 0 0 0 0 0 0 0 0 0 0 0 0 0 0 0 0 0 0 0 0 0 0 0 0 0 0 0 0 0 0 0 0 0 0 0 0 0 0 0 0 0 0 0 0 0 0 0 0 0 0 0 0 0 0 0 0 0 0 0 0 0 0 0 0 0 0 0 0 0 0 0 0 0 0 0 0 0 0 0 0 0 0 0 0 0 0 0 0 0 0 0 0 0 0 0 0 0 0 0 0 0 0 0 0 0 0 0 0 0 0 0 0 0 0 0 0 0 0 0 0 0 0 0 0 0 0 0 0 0 0 0 0 0 0 0 0 0 0 0 0 0 0 0 0 0 0 0 0 0 0 0 0 0 0 0 0 0 0 0 0 0 0 0 0 0 0 0 0 0 0 0 0 0 0 0 0 0 0 0 0 0 0 0 0 0 0 0 0 0 0 0 0 0 0 0 0 0 0 0 0 0 0 0 0 0 0 0 0 0 0 0 0 0 0 0 0 0 0 0 0 0 0 0 0 0 0 0 0 0 0 0 0 0 0 0 0 0 0 0 0 0 0 0 0 0 0 0 0 0 0 0 0 0 0 0 0 0 0 0 0 0 0 0 0 0 0 0 0 0 0 0 0 0 0 0 0 0 0 0 0 0 0 0 0 0 0 0 0 0 0 0 0 0 0 0 0 0 0 0 0 0 0 0 0 0 0 0 0 0 0 0 0 0 0 0 0 0 0 0 0 0 0 0 0 0 0 0 0 0 0 0 0 0 0 0 0 0 0 0 0 0 0 0 0 0 0 0 0 0 0 0 0 0 0 0 0 0 0 0 0 0 0 0 0 0 0 0 0 0 0 0 0 0 0 0 0 0 0 0 0 0 0 0 0 0 0 0 0 0 0 0 0 0 0 0 0 0 0 0 0 0 0 0 0 0 0 0 0 0 0 0 0 0 0 0 0 0 0 0 0 0 0 0 0 0 0 0 0 0 0 0 0 0 0 0 0 0 0 0 0 0 0 0 0 0 0 0 0 0 0 0 0 0 0 0 0 0 0 0 0 0 0 0 0 0 0 0 0 0 0 0 0 0 0 0 0 0 0 0 0 0 0 0 0 0 0 0 0 0 0 0 0 0 0 0 0 0 0 0 0 0 0 0 0 0 0 0 0 0 0 0 0 0 0 0 0 0 0 0 0 0 0 0 0 0 0 0 0 0 0 0 0 0 0 0 0 0 0 0 0 0 0 0 0 0 0 0 0 0 0 0 0 0 0 0 0 0 0 0 0 0 0 0 0 0 0 0 0 0 0 0 0 0 0 0 0 0 0 0 0 0 0 0 0 0 0 0 0 0 0 0 0 0 0 0 0 0 0 0 0 0 0 0 0 0 0 0 0 0 0 0 0 0 0 0 0 0 0 0 0 0 0 0 0 0 0 0 0 0 0 0 0 0 0 0 0 0 0 0 0 0 0 0 0 0 0 0 0 0 0 0 0 0 0 0 0 0 0 0 0 0 0 0 0 0 0 0 0 0 0 0 0 0 0 0 0 0 0 0 0 0 0 0 0 0 0 0 0 0 0 0 0 0 0 0 0 0 0 0 0 0 0 0 0 0 0 0 0 0 0 0 0 0 0 0 0 0 0 0 0 0 0 0 0 0 0 0 0 0 0 0 0 0 0 0 0 0 0 0 0 0 0 0 0 0 0 0 0 0 0 0 0 0 0 0 0 0 0 0 0 0 0 0 0 0 0 0 0 0 0 0 0 0 0 0 0 0 0 0 0 0 0 0 0 0 0 0 0 0 0 0 0 0 0 0 0 0 0 0 0 0 0 0 0 0 0 0 0 0 0 0 0 0 0 0 0 0 0 0 0 0 0 0 0 0 0 0 0 0 0 0 0 0 0 0 0 0 0 0 0 0 0 0 0 0 0 0 0 0 0 0 0 0 0 0 0 0 0 0 0 0 0 0 0 0 0 0 0 0 0 0 0 0 0 0 0 0 0 0 0 0 0 0 0 0 0 0 0 0 0 0 0 0 0 0 0 0 0 0 0 0 0 0 0 0 0 0 0 0 0 0 0 0 0 0 0 0 0 0 0 0 0 0 0 0 0 0 0 0 0 0 0 0 0 0 0 0 0 0 0 0 0 0 0 0 0 0 0 0 0 0 0 0 0 0 0 0 0 0 0 0 0 0 0 0 0 0 0 0 0 0 0 0 0 0 0 0 0 0 0 0 0 0 0 0 0 0 0 0 0 0 0 0 0 0 0 0 0 0 0 0 0 0 0 0 0 0 0 0 0 0 0 0 0 0 0 0 0 0 0 0 0 0 0 0 0 0 0 0 0 0 0 0 0 0 0 0 0 0 0 0 0 0 0 0 0 0 0 0 0 0 0 0 0 0 0 0 0 0 0 0 0 0 0 0 0 0 0 0 0 0 0 0 0 0 0 0 0 0 0 0 0 0 0 0 0 0 0 0 0 0 0 0 0 0 0 0 0 0 0 0 0 0 0 0 0 0 0 0 0 0 0 0 0 0 0 0 0 0 0 0 0 0 0 0 0 0 0 0 0 0 0 0 0 0 0 0 0 0 0 0 0 0 0 0 0 0 0 0 0 0 0 0 0 0 0 0 0 0 0 0 0 0 0 0 0 0 0 0 0 0 0 0 0 0 0 0 0 0 0 0 0 0 0 0 0 0 0 0 0 0 0 0 0 0 0 0 0 0 0 0 0 0 0 0 0 0 0 0 0 0 0 0 0 0 0 0 0 0 0 0 0 0 0 0 0 0 0 0 0 0 0 0 0 0 0 0 0 0 0 0 0 0 0 0 0 0 0 0 0 0 0 0 0 0 0 0 0 0 0 0 0 0 0 0 0 0 0 0 0 0 0 0 0 0 0 0 0 0 0 0 0 0 0 0 0 0 0 0 0 0 0 0 0 0 0 0 0 0 0 0 0 0 0 0 0 0 0 0 0 0 0 0 0 0 0 0 0 0 0 0 0 0 0 0 0 0 0 0 0 0 0 0 0 0 0 0 0 0 0 0 0 0 0 0 0 0 0 0 0 0 0 0 0 0 0 0 0 0 0 0 0 0 0 0 0 0 0 0 0 0 0 0 0 0 0 0 0 0 0 0 0 0 0 0 0 0 0 0 0 0 0 0 0 0 0 0 0 0 0 0 0 0 0 0 0 0 0 0 0 0 0 0 0 0 0 0 0 0 0 0 0 0 0 0 0 0 0 0 0 0 0 0 0 0 0 0 0 0 0 0 0 0 0 0 0 0 0 0 0 0 0 0 0 0 0 0 0 0 0 0 0 0 0 0 0 0 0 0 0 0 0 0 0 0 0 0 0 0 0 0 0 0 0 0 0 0 0 0 0 0 0 0 0 0 0 0 0 0 0 0 0 0 0 0 0 0 0 0 0 0 0 0 0 0 0 0 0 0 0 0 0 0 0 0 0 0 0 0 0 0 0 0 0 0 0 0 0 0 0 0 0 0 0 0 0 0 0 0 0 0 0 0 0 0 0 0 0 0 0 0 0 0 0 0 0 0 0 0 0 0 0 0 0 0 0 0 0 0 0 0 0 0 0 0 0 0 0 0 0 0 0 0 0 0 0 0 0 0 0 0 0 0 0 0 0 0 0 0 0 0 0 0 0 0 0 0 0 0 0 0 0 0 0 0 0 0 0 0 0 0 0 0 0 0 0 0 0 0 0 0 0 0 0 0 0 0 0 0 0 0 0 0 0 0 0 0 0 0 0 0 0 0 0 0 0 0 0 0 0 0 0 0 0 0 0 0 0 0 0 0 0 0 0 0 0 0 0 0 0 0 0 0 0 0 0 0 0 0 0 0 0 0 0 0 0 0 0 0 0 0 0 0 0 0 0 0 0 0 0 0 0 0 0 0 0 0 0 0 0 0 0 0 0 0 0 0 0 0 0 0 0 0 0 0 0 0 0 0 0 0 0 0 0 0 0 0 0 0 0 0 0 0 0 0 0 0 0 0 0 0 0 0 0 0 0 0 0 0 0 0 0 0 0 0 0 0 0 0 0 0 0 0 0 0 0 0 0 0 0 0 0 0 0 0 0 0 0 0 0 0 0 0 0 0 0 0 0 0 0 0 0 0 0 0 0 0 0 0 0 0 0 0 0 0 0 0 0 0 0 0 0 0 0 0 0 0 0 0 0 0 0 0 0 0 0 0 0 0 0 0 0 0 0 0 0 0 0 0 0 0 0 0 0 0 0 0 0 0 0 0 0 0 0 0 0 0 0 0 0 0 0 0 0 0 0 0 0 0 0 0 0 0 0 0 0 0 0 0 0 0 0 0 0 0 0 0 0 0 0 0 0 0 0 0 0 0 0 0 0 0 0 0 0 0 0 0 0 0 0 0 0 0 0 0 0 0 0 0 0 0 0 0 0 0 0 0 0 0 0 0 0 0 0 0 0 0 0 0 0 0 0 0 0 0 0 0 0 0 0 0 0 0 0 0 0 0 0 0 0 0 0 0 0 0 0 0 0 0 0 0 0 0 0 0 0 0 0 0 0 0 0 0 0 0 0 0 0 0 0 0 0 0 0 0 0 0 0 0 0 0 0 0 0 0 0 0 0 0 0 0 0 0 0 0 0 0 0 0 0 0 0 0 0 0 0 0 0 0 0 0 0 0 0 0 0 0 0 0 0 0 0 0 0 0 0 0 0 0 0 0 0 0 0 0 0 0 0 0 0 0 0 0 0 0 0 0 0 0 0 0 0 0 0 0 0 0 0 0 0 0 0 0 0 0 0 0 0 0 0 0 0 0 0 0 0 0 0 0 0 0 0 0 0 0 0 0 0 0 0 0 0 0 0 0 0 0 0 0 0 0 0 0 0 0 0 0 0 0 0 0 0 0 0 0 0 0 0 0 0 0 0 0 0 0 0 0 0 0 0 0 0 0 0 0 0 0 0 0 0 0 0 0 0 0 0 0 0 0 0 0 0 0 0 0 0 0 0 0 0 0 0 0 0 0 0 0 0 0 0 0 0 0 0 0 0 0 0 0 0 0 0 0 0 0 0 0 0 0 0 0 0 0 0 0 0 0 0 0 0 0 0 0 0 0 0 0 0 0 0 0 0 0 0 0 0 0 0 0 0 0 0 0 0 0 0 0 0 0 0 0 0 0 0 0 0 0 0 0 0 0 0 0 0 0 0 0 0 0 0 0 0 0 0 0 0 0 0 0 0 0 0 0 0 0 0 0 0 0 0 0 0 0 0 0 0 0 0 0 0 0 0 0 0 0 0 0 0 0 0 0 0 0 0 0 0 0 0 0 0 0 0 0 0 0 0 0 0 0 0 0 0 0 0 0 0 0 0 0 0 0 0 0 0 0 0 0 0 0 0 0 0 0 0 0 0 0 0 0 0 0 0 0 0 0 0 0 0 0 0 0 0 0 0 0 0 0 0 0 0 0 0 0 0 0 0 0 0 0 0 0 0 0 0 0 0 0 0 0 0 0 0 0 0 0 0 0 0 0 0 0 0 0 0 0 0 0 0 0 0 0 0 0 0 0 0 0 0 0 0 0 0 0 0 0 0 0 0 0 0 0 0 0 0 0 0 0 0 0 0 0 0 0 0 0 0 0 0 0 0 0 0 0 0 0 0 0 0 0 0 0 0 0 0 0 0 0 0 0 0 0 0 0 0 0 0 0 0 0 0 0 0 0 0 0 0 0 0 0 0 0 0 0 0 0 0 0 0 0 0 0 0 0 0 0 0 0 0 0 0 0 0 0 0 0 0 0 0 0 0 0 0 0 0 0 0 0 0 0 0 0 0 0 0 0 0 0 0 0 0 0 0 0 0 0 0 0 0 0 0 0 0 0 0 0 0 0 0 0 0 0 0 0 0 0 0 0 0 0 0 0 0 0 0 0 0 0 0 0 0 0 0 0 0 0 0 0 0 0 0 0 0 0 0 0 0 0 0 0 0 0 0 0 0 0 0 0 0 0 0 0 0 0 0 0 0 0 0 0 0 0 0 0 0 0 0 0 0 0 0 0 0 0 0 0 0 0 0 0 0 0 0 0 0 0 0 0 0 0 0 0 0 0 0 0 0 0 0 0 0 0 0 0 0 0 0 0 0 0 0 0 0 0 0 0 0 0 0 0 0 0 0 0 0 0 0 0 0 0 0 0 0 0 0 0 0 0 0 0 0 0 0 0 0 0 0 0 0 0 0 0 0 0 0 0 0 0 0 0 0 0 0 0 0 0 0 0 0 0 0 0 0 0 0 0 0 0 0 0 0 0 0 0 0 0 0 0 0 0 0 0 0 0 0 0 0 0 0 0 0 0 0 0 0 0 0 0 0 0 0 0 0 0 0 0 0 0 0 0 0 0 0 0 0 0 0 0 0 0 0 0 0 0 0 0 0 0 0 0 0 0 0 0 0 0 0 0 0 0 0 0 0 0 0 0 0 0 0 0 0 0 0 0 0 0 0 0 0 0 0 0 0 0 0 0 0 0 0 0 0 0 0 0 0 0 0 0 0 0 0 0 0 0 0 0 0 0 0 0 0 0 0 0 0 0 0 0 0 0 0 0 0 0 0 0 0 0 0 0 0 0 0 0 0 0 0 0 0 0 0 0 0 0 0 0 0 0 0 0 0 0 0 0 0 0 0 0 0 0 0 0 0 0 0 0 0 0 0 0 0 0 0 0 0 0 0 0 0 0 0 0 0 0 0 0 0 0 0 0 0 0 0 0 0 0 0 0 0 0 0 0 0 0 0 0 0 0 0 0 0 0 0 0 0 0 0 0 0 0 0 0 0 0 0 0 0 0 0 0 0 0 0 0 0 0 0 0 0 0 0 0 0 0 0 0 0 0 0 0 0 0 0 0 0 0 0 0 0 0 0 0 0 0 0 0 0 0 0 0 0 0 0 0 0 0 0 0 0 0 0 0 0 0 0 0 0 0 0 0 0 0 0 0 0 0 0 0 0 0 0 0 0 0 0 0 0 0 0 0 0 0 0 0 0 0 0 0 0 0 0 0 0 0 0 0 0 0 0 0 0 0 0 0 0 0 0 0 0 0 0 0 0 0 0 0 0 0 0 0 0 0 0 0 0 0 0 0 0 0 0 0 0 0 0 0 0 0 0 0 0 0 0 0 0 0 0 0 0 0 0 0 0 0 0 0 0 0 0 0 0 0 0 0 0 0 0 0 0 0 0 0 0 0 0 0 0 0 0 0 0 0 0 0 0 0 0 0 0 0 0 0 0 0 0 0 0 0 0 0 0 0 0 0 0 0 0 0 0 0 0 0 0 0 0 0 0 0 0 0 0 0 0 0 0 0 0 0 0 0 0 0 0 0 0 0 0 0 0 0 0 0 0 0 0 0 0 0 0 0 0 0 0 0 0 0 0 0 0 0 0 0 0 0 0 0 0 0 0 0 0 0 0 0 0 0 0 0 0 0 0 0 0 0 0 0 0 0 0 0 0 0 0 0 0 0 0 0 0 0 0 0 0 0 0 0 0 0 0 0 0 0 0 0 0 0 0 0 0 0 0 0 0 0 0 0 0 0 0 0 0 0 0 0 0 0 0 0 0 0 0 0 0 0 0 0 0 0 0 0 0 0 0 0 0 0 0 0 0 0 0 0 0 0 0 0 0 0 0 0 0 0 0 0 0 0 0 0 0 0 0 0 0 0 0 0 0 0 0 0 0 0 0 0 0 0 0 0 0 0 0 0 0 0 0 0 0 0 0 0 0 0 0 0 0 0 0 0 0 0 0 0 0 0 0 0 0 0 0 0 0 0 0 0 0 0 0 0 0 0 0 0 0 0 0 0 0 0 0 0 0 0 0 0 0 0 0 0 0 0 0 0 0 0 0 0 0 0 0 0 0 0 0 0 0 0 0 0 0 0 0 0 0 0 0 0 0 0 0 0 0 0 0 0 0 0 0 0 0 0 0 0 0 0 0 0 0 0 0 0 0 0 0 0 0 0 0 0 0 0 0 0 0 0 0 0 0 0 0 0 0 0 0 0 0 0 0 0 0</float_array>
          <technique_common>
            <accessor source="#Plane_688-mesh-map-2-array" count="2686" stride="2">
              <param name="S" type="float"/>
              <param name="T" type="float"/>
            </accessor>
          </technique_common>
        </source>
        <source id="Plane_688-mesh-colors-Col" name="Col">
          <float_array id="Plane_688-mesh-colors-Col-array" count="10152">1 1 1 1 1 1 1 1 1 1 1 1 1 1 1 1 1 1 1 1 1 1 1 1 1 1 1 1 1 1 1 1 1 1 1 1 1 1 1 1 1 1 1 1 1 1 1 1 1 1 1 1 1 1 1 1 1 1 1 1 1 1 1 1 1 1 1 1 1 1 1 1 1 1 1 1 1 1 1 1 1 1 1 1 1 1 1 1 1 1 1 1 1 1 1 1 1 1 1 1 1 1 1 1 1 1 1 1 1 1 1 1 1 1 1 1 1 1 1 1 1 1 1 1 1 1 1 1 1 1 1 1 1 1 1 1 1 1 1 1 1 1 1 1 1 1 1 1 1 1 1 1 1 1 1 1 1 1 1 1 1 1 1 1 1 1 1 1 0.2313725 0.4235294 0.5960785 1 0.2588235 0.4470588 0.6039216 1 0.2588235 0.4431372 0.6078432 1 0.2980392 0.4901961 0.6509804 1 0.2980392 0.4901961 0.6509804 1 0.2980392 0.4901961 0.6509804 1 0.9215686 0.1490196 0.1529412 1 0.9254902 0.1294118 0.1372549 1 0.9215686 0.1568627 0.1647059 1 0.9215686 0.1607843 0.1686275 1 0.9215686 0.1529412 0.1607843 1 0.9215686 0.1647059 0.172549 1 0.9176471 0.1490196 0.1568627 1 0.9215686 0.1647059 0.172549 1 0.9215686 0.1529412 0.1607843 1 0.9803922 0.9803922 0.9803922 1 0.9647059 0.9647059 0.9647059 1 0.9764706 0.9764706 0.9764706 1 0.9764706 0.9764706 0.9764706 1 0.9882353 0.9882353 0.9882353 1 0.9803922 0.9803922 0.9803922 1 0.9882353 0.9882353 0.9882353 1 0.9803922 0.9803922 0.9803922 1 0.9882353 0.9882353 0.9882353 1 0.9882353 0.9882353 0.9882353 1 0.9803922 0.9803922 0.9803922 1 0.9882353 0.9882353 0.9882353 1 0.9882353 0.9882353 0.9882353 1 0.9843137 0.9843137 0.9843137 1 0.9882353 0.9882353 0.9882353 1 0.9882353 0.9882353 0.9882353 1 0.9843137 0.9843137 0.9843137 1 0.9882353 0.9882353 0.9882353 1 1 1 1 1 1 1 1 1 1 1 1 1 0.9803922 0.9803922 0.9803922 1 0.9764706 0.9764706 0.9764706 1 0.9803922 0.9803922 0.9803922 1 1 1 1 1 1 1 1 1 1 1 1 1 0.9803922 0.9803922 0.9803922 1 0.9803922 0.9803922 0.9803922 1 0.9803922 0.9803922 0.9803922 1 0.9803922 0.9803922 0.9803922 1 0.9803922 0.9803922 0.9803922 1 0.9803922 0.9803922 0.9803922 1 1 1 1 1 1 1 1 1 1 1 1 1 0.9882353 0.9882353 0.9882353 1 0.9843137 0.9843137 0.9843137 1 0.9882353 0.9882353 0.9882353 1 0.8588235 0.2392157 0.2627451 1 0.8588235 0.254902 0.2784314 1 0.8588235 0.2352941 0.2627451 1 0.8588235 0.2392157 0.2627451 1 0.8588235 0.2588235 0.2823529 1 0.8588235 0.2392157 0.2627451 1 0.8588235 0.2431373 0.2627451 1 0.8588235 0.2588235 0.2823529 1 0.8588235 0.2431373 0.2627451 1 0.8588235 0.2431373 0.2627451 1 0.8588235 0.2588235 0.2823529 1 0.8588235 0.2431373 0.2627451 1 0.8588235 0.2431373 0.2627451 1 0.8588235 0.254902 0.2784314 1 0.8588235 0.2431373 0.2627451 1 0.9764706 0.9764706 0.9764706 1 0.9764706 0.9764706 0.9764706 1 0.9803922 0.9803922 0.9803922 1 0.9764706 0.9764706 0.9764706 1 0.9764706 0.9764706 0.9764706 1 0.9764706 0.9764706 0.9764706 1 0.9764706 0.9764706 0.9764706 1 0.9764706 0.9764706 0.9764706 1 0.9764706 0.9764706 0.9764706 1 0.9764706 0.9764706 0.9764706 1 0.9764706 0.9764706 0.9764706 1 0.9764706 0.9764706 0.9764706 1 0.8588235 0.2392157 0.2666667 1 0.854902 0.2627451 0.2901961 1 0.8588235 0.2392157 0.2666667 1 0.854902 0.2470588 0.2705882 1 0.854902 0.254902 0.2823529 1 0.854902 0.2470588 0.2705882 1 0.8588235 0.1529412 0.1803922 1 0.8588235 0.1529412 0.1803922 1 0.8588235 0.1529412 0.1803922 1 0.854902 0.2470588 0.2705882 1 0.854902 0.2627451 0.2823529 1 0.854902 0.2470588 0.2705882 1 0.8588235 0.2352941 0.2627451 1 0.8588235 0.2745098 0.2941176 1 0.8588235 0.2313725 0.254902 1 0.9764706 0.9764706 0.9764706 1 0.9686275 0.9686275 0.9686275 1 0.9764706 0.9764706 0.9764706 1 0.9764706 0.9764706 0.9764706 1 0.9647059 0.9647059 0.9647059 1 0.9764706 0.9764706 0.9764706 1 0.972549 0.972549 0.972549 1 0.9647059 0.9647059 0.9647059 1 0.9764706 0.9764706 0.9764706 1 0.9764706 0.9764706 0.9764706 1 0.9686275 0.9686275 0.9686275 1 0.9764706 0.9764706 0.9764706 1 0.972549 0.972549 0.972549 1 0.9686275 0.9686275 0.9686275 1 0.972549 0.972549 0.972549 1 0.9294118 0 0.007843136 1 0.9294118 0 0.007843136 1 0.9294118 0 0.007843136 1 0.9294118 0 0.007843136 1 0.9294118 0 0.007843136 1 0.9294118 0 0.007843136 1 0.9294118 0 0.007843136 1 0.9294118 0 0.007843136 1 0.9294118 0 0.007843136 1 0.9176471 0.1019608 0.1098039 1 0.9176471 0.1372549 0.145098 1 0.9176471 0.1215686 0.1294118 1 0.9215686 0.07843136 0.08235293 1 0.9176471 0.1137255 0.1215686 1 0.9176471 0.1019608 0.1098039 1 0.9294118 0 0.007843136 1 0.9294118 0 0.007843136 1 0.9294118 0 0.007843136 1 0.9294118 0 0.007843136 1 0.9294118 0 0.007843136 1 0.9294118 0 0.007843136 1 1 1 1 1 1 1 1 1 1 1 1 1 1 1 1 1 1 1 1 1 1 1 1 1 1 1 1 1 1 1 1 1 1 1 1 1 1 1 1 1 1 1 1 1 1 1 1 1 1 1 1 1 1 1 1 1 1 1 1 1 1 1 1 1 1 1 1 1 1 1 1 1 1 1 1 1 1 1 1 1 1 1 1 1 1 1 1 1 1 1 1 1 1 1 1 1 1 1 1 1 1 1 1 1 1 1 1 1 1 1 1 1 1 1 1 1 1 1 1 1 1 1 1 1 1 1 1 1 1 1 1 1 0.9294118 0 0.007843136 1 0.9294118 0 0.007843136 1 0.9294118 0 0.007843136 1 0.9294118 0 0.007843136 1 0.9294118 0 0.007843136 1 0.9294118 0 0.007843136 1 0.9294118 0 0.007843136 1 0.9294118 0 0.007843136 1 0.9294118 0 0.007843136 1 0.9294118 0 0.007843136 1 0.9294118 0 0.007843136 1 0.9294118 0 0.007843136 1 1 1 1 1 1 1 1 1 1 1 1 1 0.9450981 0.9450981 0.9450981 1 0.9294118 0.9294118 0.9294118 1 0.9411765 0.9411765 0.9411765 1 0.9490196 0.9490196 0.9490196 1 0.9254902 0.9254902 0.9254902 1 0.9450981 0.9450981 0.9450981 1 0.3215686 0.6784314 0.8901961 1 0.509804 0.7333334 0.8705883 1 0.4431372 0.7176471 0.8784314 1 1 1 1 1 1 1 1 1 1 1 1 1 1 1 1 1 1 1 1 1 1 1 1 1 1 1 1 1 1 1 1 1 1 1 1 1 1 1 1 1 1 1 1 1 1 1 1 1 1 1 1 1 1 1 1 1 1 1 1 1 1 1 1 1 1 1 1 1 1 1 1 1 1 1 1 1 1 1 1 1 1 1 1 1 0.2313725 0.4235294 0.5960785 1 0.2392157 0.427451 0.6 1 0.2588235 0.4470588 0.6039216 1 0.2980392 0.4901961 0.6509804 1 0.2980392 0.4901961 0.6509804 1 0.2980392 0.4901961 0.6509804 1 0.9215686 0.1490196 0.1529412 1 0.9254902 0.1254902 0.1294118 1 0.9254902 0.1294118 0.1372549 1 0.9215686 0.1607843 0.1686275 1 0.9215686 0.1529412 0.1568627 1 0.9215686 0.1529412 0.1607843 1 0.9176471 0.1490196 0.1568627 1 0.9215686 0.1607843 0.1686275 1 0.9215686 0.1647059 0.172549 1 0.9803922 0.9803922 0.9803922 1 0.9647059 0.9647059 0.9647059 1 0.9647059 0.9647059 0.9647059 1 0.9764706 0.9764706 0.9764706 1 0.9882353 0.9882353 0.9882353 1 0.9882353 0.9882353 0.9882353 1 0.9882353 0.9882353 0.9882353 1 0.9803922 0.9803922 0.9803922 1 0.9803922 0.9803922 0.9803922 1 0.9882353 0.9882353 0.9882353 1 0.9803922 0.9803922 0.9803922 1 0.9803922 0.9803922 0.9803922 1 0.9882353 0.9882353 0.9882353 1 0.9843137 0.9843137 0.9843137 1 0.9843137 0.9843137 0.9843137 1 0.9882353 0.9882353 0.9882353 1 0.9843137 0.9843137 0.9843137 1 0.9843137 0.9843137 0.9843137 1 1 1 1 1 1 1 1 1 1 1 1 1 0.9803922 0.9803922 0.9803922 1 0.9803922 0.9803922 0.9803922 1 0.9764706 0.9764706 0.9764706 1 1 1 1 1 1 1 1 1 1 1 1 1 0.9803922 0.9803922 0.9803922 1 0.9803922 0.9803922 0.9803922 1 0.9803922 0.9803922 0.9803922 1 0.9803922 0.9803922 0.9803922 1 0.9803922 0.9803922 0.9803922 1 0.9803922 0.9803922 0.9803922 1 1 1 1 1 1 1 1 1 1 1 1 1 0.9882353 0.9882353 0.9882353 1 0.9843137 0.9843137 0.9843137 1 0.9843137 0.9843137 0.9843137 1 0.8588235 0.2392157 0.2627451 1 0.8588235 0.2588235 0.2823529 1 0.8588235 0.254902 0.2784314 1 0.8588235 0.2392157 0.2627451 1 0.8588235 0.2588235 0.2823529 1 0.8588235 0.2588235 0.2823529 1 0.8588235 0.2431373 0.2627451 1 0.8588235 0.2588235 0.2823529 1 0.8588235 0.2588235 0.2823529 1 0.8588235 0.2431373 0.2627451 1 0.8588235 0.2588235 0.2823529 1 0.8588235 0.2588235 0.2823529 1 0.8588235 0.2431373 0.2627451 1 0.8588235 0.254902 0.2784314 1 0.8588235 0.254902 0.2784314 1 0.9764706 0.9764706 0.9764706 1 0.9764706 0.9764706 0.9764706 1 0.9764706 0.9764706 0.9764706 1 0.9764706 0.9764706 0.9764706 1 0.9764706 0.9764706 0.9764706 1 0.9764706 0.9764706 0.9764706 1 0.9764706 0.9764706 0.9764706 1 0.9764706 0.9764706 0.9764706 1 0.9764706 0.9764706 0.9764706 1 0.9764706 0.9764706 0.9764706 1 0.9764706 0.9764706 0.9764706 1 0.9764706 0.9764706 0.9764706 1 0.8588235 0.2392157 0.2666667 1 0.854902 0.2627451 0.2862745 1 0.854902 0.2627451 0.2901961 1 0.854902 0.2470588 0.2705882 1 0.854902 0.254902 0.2823529 1 0.854902 0.254902 0.2823529 1 0.8588235 0.1529412 0.1803922 1 0.8588235 0.1529412 0.1803922 1 0.8588235 0.1529412 0.1803922 1 0.854902 0.2470588 0.2705882 1 0.854902 0.2627451 0.2862745 1 0.854902 0.2627451 0.2823529 1 0.8588235 0.2352941 0.2627451 1 0.8588235 0.2745098 0.2980392 1 0.8588235 0.2745098 0.2941176 1 0.9764706 0.9764706 0.9764706 1 0.9686275 0.9686275 0.9686275 1 0.9686275 0.9686275 0.9686275 1 0.9764706 0.9764706 0.9764706 1 0.9647059 0.9647059 0.9647059 1 0.9647059 0.9647059 0.9647059 1 0.972549 0.972549 0.972549 1 0.9686275 0.9686275 0.9686275 1 0.9647059 0.9647059 0.9647059 1 0.9764706 0.9764706 0.9764706 1 0.9686275 0.9686275 0.9686275 1 0.9686275 0.9686275 0.9686275 1 0.972549 0.972549 0.972549 1 0.9686275 0.9686275 0.9686275 1 0.9686275 0.9686275 0.9686275 1 0.9294118 0 0.007843136 1 0.9294118 0 0.007843136 1 0.9294118 0 0.007843136 1 0.9294118 0 0.007843136 1 0.9294118 0 0.007843136 1 0.9294118 0 0.007843136 1 0.9294118 0 0.007843136 1 0.9294118 0 0.007843136 1 0.9294118 0 0.007843136 1 0.9176471 0.1019608 0.1098039 1 0.9176471 0.1137255 0.1215686 1 0.9176471 0.1372549 0.145098 1 0.9215686 0.07843136 0.08235293 1 0.9215686 0.09019607 0.0980392 1 0.9176471 0.1137255 0.1215686 1 0.9294118 0 0.007843136 1 0.9294118 0 0.007843136 1 0.9294118 0 0.007843136 1 0.9294118 0 0.007843136 1 0.9294118 0 0.007843136 1 0.9294118 0 0.007843136 1 1 1 1 1 1 1 1 1 1 1 1 1 1 1 1 1 1 1 1 1 1 1 1 1 1 1 1 1 1 1 1 1 1 1 1 1 1 1 1 1 1 1 1 1 1 1 1 1 1 1 1 1 1 1 1 1 1 1 1 1 1 1 1 1 1 1 1 1 1 1 1 1 1 1 1 1 1 1 1 1 1 1 1 1 1 1 1 1 1 1 1 1 1 1 1 1 1 1 1 1 1 1 1 1 1 1 1 1 1 1 1 1 1 1 1 1 1 1 1 1 1 1 1 1 1 1 1 1 1 1 1 1 0.9294118 0 0.007843136 1 0.9294118 0 0.007843136 1 0.9294118 0 0.007843136 1 0.9294118 0 0.007843136 1 0.9294118 0 0.007843136 1 0.9294118 0 0.007843136 1 0.9294118 0 0.007843136 1 0.9294118 0 0.007843136 1 0.9294118 0 0.007843136 1 0.9294118 0 0.007843136 1 0.9294118 0 0.007843136 1 0.9294118 0 0.007843136 1 1 1 1 1 1 1 1 1 1 1 1 1 0.9450981 0.9450981 0.9450981 1 0.9294118 0.9294118 0.9294118 1 0.9294118 0.9294118 0.9294118 1 0.9490196 0.9490196 0.9490196 1 0.9372549 0.9372549 0.9372549 1 0.9254902 0.9254902 0.9254902 1 0.3215686 0.6784314 0.8901961 1 0.4392157 0.7176471 0.8745098 1 0.509804 0.7333334 0.8705883 1 1 1 1 1 1 1 1 1 1 1 1 1 1 1 1 1 1 1 1 1 1 1 1 1 1 1 1 1 1 1 1 1 1 1 1 1 1 1 1 1 1 1 1 1 1 1 1 1 1 1 1 1 1 1 1 1 1 1 1 1 1 1 1 1 1 1 1 1 1 1 1 1 1 1 1 1 1 1 1 1 1 1 1 1 1 1 1 1 1 1 1 1 1 1 1 1 1 1 1 1 1 1 1 1 1 1 1 1 1 1 1 1 1 1 1 1 1 1 1 1 1 1 1 1 1 1 1 1 1 1 1 1 1 1 1 1 1 1 1 1 1 1 1 1 1 1 1 1 1 1 1 1 1 1 1 1 1 1 1 1 1 1 1 1 1 1 1 1 1 1 1 1 1 1 1 1 1 1 1 1 1 1 1 1 1 1 1 1 1 1 1 1 1 1 1 1 1 1 1 1 1 1 1 1 1 1 1 1 1 1 1 1 1 1 1 1 1 1 1 1 1 1 1 1 1 1 1 1 0.9960784 0.9960784 0.9960784 0.9960784 1 1 1 1 0.9960784 0.9960784 0.9960784 0.9960784 1 1 1 1 1 1 1 1 1 1 1 1 1 1 1 1 1 1 1 1 0.9960784 0.9960784 0.9960784 0.9960784 1 1 1 1 1 1 1 1 1 1 1 1 1 1 1 1 1 1 1 1 1 1 1 1 1 1 1 1 1 1 1 1 0.9960784 0.9960784 0.9960784 0.9960784 1 1 1 1 1 1 1 1 1 1 1 1 1 1 1 1 1 1 1 1 1 1 1 1 1 1 1 1 1 1 1 1 1 1 1 1 1 1 1 1 1 1 1 1 1 1 1 1 1 1 1 1 1 1 1 1 1 1 1 1 1 1 1 1 1 1 1 1 1 1 1 1 1 1 1 1 1 1 1 1 1 1 1 1 1 1 1 1 1 1 1 1 1 1 1 1 1 1 1 1 1 1 1 1 1 1 1 1 1 1 1 1 1 1 1 1 1 1 1 1 1 1 1 1 1 1 1 1 1 1 1 1 1 1 1 1 1 1 1 1 0.9960784 0.9960784 0.9960784 0.9960784 0.9960784 0.9960784 0.9960784 0.9960784 1 1 1 1 0.9960784 0.9960784 0.9960784 0.9960784 1 1 1 1 1 1 1 1 1 1 1 1 1 1 1 1 1 1 1 1 1 1 1 1 1 1 1 1 0.9960784 0.9960784 0.9960784 0.9960784 0.9960784 0.9960784 0.9960784 0.9960784 1 1 1 1 1 1 1 1 1 1 1 1 1 1 1 1 0.9960784 0.9960784 0.9960784 0.9960784 0.9960784 0.9960784 0.9960784 0.9960784 1 1 1 1 1 1 1 1 1 1 1 1 1 1 1 1 1 1 1 1 1 1 1 1 1 1 1 1 1 1 1 1 1 1 1 1 1 1 1 1 1 1 1 1 1 1 1 1 1 1 1 1 1 1 1 1 1 1 1 1 1 1 1 1 1 1 1 1 1 1 1 1 1 1 1 1 1 1 1 1 1 1 1 1 1 1 1 1 1 1 1 1 1 1 1 1 1 1 1 1 1 1 1 1 1 1 1 1 1 1 1 1 1 1 1 1 1 1 1 1 1 1 1 1 1 1 1 1 1 1 1 1 1 1 1 1 1 1 1 1 1 1 1 1 1 1 1 1 1 1 1 1 1 1 1 1 1 1 1 1 1 1 1 1 1 1 1 1 1 1 1 1 1 1 1 1 1 1 1 1 1 1 1 1 1 1 1 1 1 1 1 1 1 1 1 1 1 1 1 1 1 1 1 1 1 1 1 1 1 1 1 1 1 1 1 1 1 1 1 1 1 1 1 1 1 1 1 1 1 1 1 1 1 1 1 1 1 1 1 1 1 1 1 1 1 1 1 1 1 1 1 1 1 1 1 1 1 1 1 1 1 1 1 1 1 1 1 1 1 1 1 1 1 1 1 1 1 1 1 1 1 1 1 1 1 1 1 1 1 1 1 1 1 1 1 1 1 1 1 1 1 1 1 1 1 1 1 1 1 1 1 1 1 1 1 1 1 1 1 1 1 1 1 1 1 1 1 1 1 1 1 1 1 1 1 1 0.9960784 0.9960784 0.9960784 0.9960784 1 1 1 1 0.9960784 0.9960784 0.9960784 0.9960784 1 1 1 1 1 1 1 1 1 1 1 1 1 1 1 1 1 1 1 1 0.9960784 0.9960784 0.9960784 0.9960784 1 1 1 1 1 1 1 1 1 1 1 1 1 1 1 1 1 1 1 1 1 1 1 1 1 1 1 1 1 1 1 1 0.9960784 0.9960784 0.9960784 0.9960784 1 1 1 1 1 1 1 1 1 1 1 1 1 1 1 1 1 1 1 1 1 1 1 1 1 1 1 1 1 1 1 1 1 1 1 1 1 1 1 1 1 1 1 1 1 1 1 1 1 1 1 1 1 1 1 1 1 1 1 1 1 1 1 1 1 1 1 1 1 1 1 1 1 1 1 1 1 1 1 1 1 1 1 1 1 1 1 1 1 1 1 1 1 1 1 1 1 1 1 1 1 1 1 1 1 1 1 1 1 1 1 1 1 1 1 1 1 1 1 1 1 1 1 1 1 1 1 1 1 1 1 1 1 1 1 1 1 1 1 1 0.9960784 0.9960784 0.9960784 0.9960784 0.9960784 0.9960784 0.9960784 0.9960784 1 1 1 1 0.9960784 0.9960784 0.9960784 0.9960784 1 1 1 1 1 1 1 1 1 1 1 1 1 1 1 1 1 1 1 1 1 1 1 1 1 1 1 1 0.9960784 0.9960784 0.9960784 0.9960784 0.9960784 0.9960784 0.9960784 0.9960784 1 1 1 1 1 1 1 1 1 1 1 1 1 1 1 1 0.9960784 0.9960784 0.9960784 0.9960784 0.9960784 0.9960784 0.9960784 0.9960784 1 1 1 1 1 1 1 1 1 1 1 1 1 1 1 1 1 1 1 1 1 1 1 1 1 1 1 1 1 1 1 1 1 1 1 1 1 1 1 1 1 1 1 1 1 1 1 1 1 1 1 1 1 1 1 1 1 1 1 1 1 1 1 1 1 1 1 1 1 1 1 1 1 1 1 1 1 1 1 1 1 1 1 1 1 1 1 1 1 1 1 1 1 1 1 1 1 1 1 1 1 1 1 1 1 1 1 1 1 1 1 1 1 1 1 1 1 1 1 1 1 1 1 1 1 1 1 1 1 1 1 1 1 1 1 1 1 1 1 1 1 1 1 1 1 1 1 1 1 1 1 1 1 1 1 1 1 1 1 1 1 1 1 1 1 1 1 1 1 1 1 1 1 1 1 1 1 1 1 1 1 1 1 1 1 1 1 1 1 1 1 1 1 1 1 1 1 1 1 1 1 1 1 1 1 1 1 1 1 1 1 1 1 1 1 1 1 1 1 1 1 1 1 1 1 1 1 1 1 1 1 1 1 1 1 1 1 1 1 1 1 1 1 1 1 1 1 1 1 1 1 1 1 1 1 1 1 1 1 1 1 1 1 1 1 1 1 1 1 1 1 1 1 1 1 1 1 1 1 1 1 1 1 1 1 1 1 1 1 1 1 1 1 1 1 1 1 1 1 1 1 1 1 1 1 1 1 1 1 1 1 1 1 1 1 1 1 1 1 1 1 1 1 1 1 1 1 1 1 1 1 1 1 1 1 1 0.9960784 0.9960784 0.9960784 0.9960784 1 1 1 1 0.9960784 0.9960784 0.9960784 0.9960784 0.9960784 0.9960784 0.9960784 0.9960784 1 1 1 1 1 1 1 1 1 1 1 1 1 1 1 1 0.9960784 0.9960784 0.9960784 0.9960784 1 1 1 1 1 1 1 1 1 1 1 1 1 1 1 1 1 1 1 1 1 1 1 1 1 1 1 1 0.9960784 0.9960784 0.9960784 0.9960784 1 1 1 1 1 1 1 1 1 1 1 1 1 1 1 1 1 1 1 1 1 1 1 1 1 1 1 1 1 1 1 1 1 1 1 1 1 1 1 1 1 1 1 1 1 1 1 1 1 1 1 1 1 1 1 1 1 1 1 1 1 1 1 1 1 1 1 1 1 1 1 1 1 1 1 1 1 1 1 1 1 1 1 1 1 1 1 1 1 1 1 1 1 1 1 1 1 1 1 1 1 1 1 1 1 1 1 1 1 1 1 1 1 1 1 1 1 1 1 1 1 1 1 1 1 1 1 1 1 1 1 1 1 1 1 1 1 1 1 1 1 1 1 1 0.9960784 0.9960784 0.9960784 0.9960784 0.9960784 0.9960784 0.9960784 0.9960784 1 1 1 1 0.9960784 0.9960784 0.9960784 0.9960784 1 1 1 1 1 1 1 1 1 1 1 1 1 1 1 1 1 1 1 1 1 1 1 1 1 1 1 1 0.9960784 0.9960784 0.9960784 0.9960784 0.9960784 0.9960784 0.9960784 0.9960784 1 1 1 1 1 1 1 1 1 1 1 1 1 1 1 1 0.9960784 0.9960784 0.9960784 0.9960784 0.9960784 0.9960784 0.9960784 0.9960784 1 1 1 1 1 1 1 1 1 1 1 1 1 1 1 1 1 1 1 1 1 1 1 1 1 1 1 1 1 1 1 1 1 1 1 1 1 1 1 1 1 1 1 1 1 1 1 1 1 1 1 1 1 1 1 1 1 1 1 1 1 1 1 1 1 1 1 1 1 1 1 1 1 1 1 1 1 1 1 1 1 1 1 1 1 1 1 1 1 1 1 1 1 1 1 1 1 1 1 1 1 1 1 1 1 1 1 1 1 1 1 1 1 1 1 1 1 1 1 1 1 1 1 1 1 1 1 1 1 1 1 1 1 1 1 1 1 1 1 1 1 1 1 1 1 1 1 1 1 1 1 1 1 1 1 1 1 1 1 1 1 1 1 1 1 1 1 1 1 1 1 1 1 1 1 1 1 1 1 1 1 1 1 1 1 1 1 1 1 1 1 1 1 1 1 1 1 1 1 1 1 1 1 1 1 1 1 1 1 1 1 1 1 1 1 1 1 1 1 1 1 1 1 1 1 1 1 1 1 1 1 1 1 1 1 1 1 1 1 1 1 1 1 1 1 1 1 1 1 1 1 1 1 1 1 1 1 1 1 1 1 1 1 1 1 1 1 1 1 1 1 1 1 1 1 1 1 1 1 1 1 1 1 1 1 1 1 1 1 1 1 1 1 1 1 1 1 1 1 1 1 1 1 1 1 1 1 1 1 1 1 1 1 1 1 1 1 1 1 1 1 1 1 1 1 1 1 1 1 1 1 1 1 1 1 1 1 1 1 1 1 1 1 1 1 1 1 1 1 1 1 1 1 1 1 1 1 1 1 1 1 1 1 1 1 1 1 1 1 1 1 1 1 1 1 1 1 1 1 1 1 1 1 1 1 1 1 1 1 1 1 1 1 1 1 1 1 1 1 1 1 1 1 1 1 1 1 1 1 1 1 1 1 1 1 1 1 1 1 1 1 1 1 1 1 1 1 1 1 1 1 1 1 1 1 1 1 1 1 1 1 1 1 1 1 1 1 1 1 1 1 1 1 1 1 1 1 1 1 1 1 1 1 1 1 1 1 1 1 1 1 1 1 1 1 1 1 1 1 1 1 1 1 1 1 1 1 1 1 1 1 1 1 1 1 1 1 1 1 1 1 1 1 1 1 1 1 1 1 1 1 1 1 1 1 1 1 1 1 1 1 1 1 1 1 1 1 1 1 1 1 1 1 1 1 1 1 1 1 1 1 1 1 1 1 1 1 1 1 1 1 1 1 1 1 1 1 1 1 1 1 1 1 1 1 1 1 1 1 1 1 1 1 1 1 1 1 1 1 1 1 1 1 1 1 1 1 1 1 1 1 1 1 1 1 1 1 1 1 1 1 1 1 1 1 1 1 1 1 1 1 1 1 1 1 1 1 1 1 1 1 1 1 1 1 1 1 1 1 1 1 1 1 1 1 1 1 1 1 1 1 1 1 1 1 1 1 1 1 1 1 1 1 1 1 1 1 1 1 1 1 1 1 1 1 1 1 1 1 1 1 1 1 1 1 1 1 1 1 1 1 1 1 1 1 1 1 1 1 1 1 1 1 1 1 1 1 1 1 1 1 1 1 1 1 1 1 1 1 1 1 1 1 1 1 1 1 1 1 1 1 1 1 1 1 1 1 1 1 1 1 1 1 1 1 1 1 1 1 1 1 1 1 1 1 1 1 1 1 1 1 1 1 1 1 1 1 1 1 1 1 1 1 1 1 1 1 1 1 1 1 1 1 1 1 1 1 1 1 1 1 1 1 1 1 1 1 1 1 1 1 1 1 1 1 1 1 1 1 1 1 1 1 1 1 1 1 1 1 1 1 1 1 1 1 1 1 1 1 1 1 1 1 1 1 1 1 1 1 1 1 1 1 1 1 1 1 1 1 1 1 1 1 1 1 1 1 1 1 1 1 1 1 1 1 1 1 1 1 1 1 1 1 1 1 1 1 1 1 1 1 1 1 1 1 1 1 1 1 1 1 1 1 1 1 1 1 1 1 1 1 1 1 1 1 1 1 1 1 1 1 1 1 1 1 1 1 1 1 1 1 1 0.9960784 0.9960784 0.9960784 0.9960784 1 1 1 1 1 1 1 1 1 1 1 1 0.9960784 0.9960784 0.9960784 0.9960784 1 1 1 1 1 1 1 1 1 1 1 1 1 1 1 1 1 1 1 1 1 1 1 1 1 1 1 1 1 1 1 1 1 1 1 1 1 1 1 1 1 1 1 1 1 1 1 1 1 1 1 1 1 1 1 1 1 1 1 1 1 1 1 1 1 1 1 1 1 1 1 1 1 1 1 1 1 1 1 1 1 1 1 1 1 1 1 1 1 1 1 1 1 1 1 1 1 1 1 1 1 1 1 1 1 1 1 1 1 1 1 1 1 1 1 1 1 1 1 1 1 1 1 1 1 1 1 1 1 1 1 1 1 1 1 1 1 1 1 1 1 1 1 1 1 1 1 1 1 1 1 1 1 1 1 1 1 1 1 1 1 1 1 1 1 1 1 1 1 1 1 1 1 1 1 1 1 1 1 1 1 1 1 1 1 1 1 1 1 1 1 1 1 1 1 1 0.9960784 0.9960784 0.9960784 0.9960784 1 1 1 1 1 1 1 1 1 1 1 1 1 1 1 1 1 1 1 1 1 1 1 1 1 1 1 1 1 1 1 1 1 1 1 1 1 1 1 1 0.9960784 0.9960784 0.9960784 0.9960784 1 1 1 1 1 1 1 1 1 1 1 1 1 1 1 1 1 1 1 1 0.9960784 0.9960784 0.9960784 0.9960784 1 1 1 1 1 1 1 1 1 1 1 1 1 1 1 1 1 1 1 1 1 1 1 1 1 1 1 1 1 1 1 1 1 1 1 1 1 1 1 1 1 1 1 1 1 1 1 1 1 1 1 1 1 1 1 1 1 1 1 1 1 1 1 1 1 1 1 1 1 1 1 1 1 1 1 1 1 1 1 1 1 1 1 1 1 1 1 1 1 1 1 1 1 1 1 1 1 1 1 1 1 1 1 1 1 1 1 1 1 1 1 1 1 1 1 1 1 1 1 1 1 1 1 1 1 1 1 1 1 1 1 1 1 1 1 1 1 1 1 1 1 1 1 1 1 1 1 1 1 1 1 1 1 1 1 1 1 1 1 1 1 1 1 1 1 1 1 1 1 1 1 1 1 1 1 1 1 1 1 1 1 1 1 1 1 1 1 1 1 1 1 1 1 1 1 1 1 1 1 1 1 1 1 1 1 1 1 1 1 1 1 1 1 1 1 1 1 1 1 1 1 1 1 1 1 1 1 1 1 1 1 1 1 1 1 1 1 1 1 1 1 1 1 1 1 1 1 1 1 1 1 1 1 1 1 1 1 1 1 1 1 1 1 1 1 1 1 1 1 1 1 1 1 1 1 1 1 1 1 1 1 1 1 1 1 1 1 1 1 1 1 1 1 1 1 1 1 1 1 1 1 1 1 1 1 1 1 1 1 1 1 1 1 1 1 1 1 1 1 1 1 1 1 1 1 1 1 1 1 1 1 1 1 1 1 1 0.9960784 0.9960784 0.9960784 0.9960784 1 1 1 1 1 1 1 1 1 1 1 1 0.9960784 0.9960784 0.9960784 0.9960784 1 1 1 1 1 1 1 1 1 1 1 1 1 1 1 1 1 1 1 1 1 1 1 1 1 1 1 1 1 1 1 1 1 1 1 1 1 1 1 1 1 1 1 1 1 1 1 1 1 1 1 1 1 1 1 1 1 1 1 1 1 1 1 1 1 1 1 1 1 1 1 1 1 1 1 1 1 1 1 1 1 1 1 1 1 1 1 1 1 1 1 1 1 1 1 1 1 1 1 1 1 1 1 1 1 1 1 1 1 1 1 1 1 1 1 1 1 1 1 1 1 1 1 1 1 1 1 1 1 1 1 1 1 1 1 1 1 1 1 1 1 1 1 1 1 1 1 1 1 1 1 1 1 1 1 1 1 1 1 1 1 1 1 1 1 1 1 1 1 1 1 1 1 1 1 1 1 1 1 1 1 1 1 1 1 1 1 1 1 1 1 1 1 1 1 1 0.9960784 0.9960784 0.9960784 0.9960784 1 1 1 1 1 1 1 1 1 1 1 1 1 1 1 1 1 1 1 1 1 1 1 1 1 1 1 1 1 1 1 1 1 1 1 1 1 1 1 1 0.9960784 0.9960784 0.9960784 0.9960784 1 1 1 1 1 1 1 1 1 1 1 1 1 1 1 1 1 1 1 1 0.9960784 0.9960784 0.9960784 0.9960784 1 1 1 1 1 1 1 1 1 1 1 1 1 1 1 1 1 1 1 1 1 1 1 1 1 1 1 1 1 1 1 1 1 1 1 1 1 1 1 1 1 1 1 1 1 1 1 1 1 1 1 1 1 1 1 1 1 1 1 1 1 1 1 1 1 1 1 1 1 1 1 1 1 1 1 1 1 1 1 1 1 1 1 1 1 1 1 1 1 1 1 1 1 1 1 1 1 1 1 1 1 1 1 1 1 1 1 1 1 1 1 1 1 1 1 1 1 1 1 1 1 1 1 1 1 1 1 1 1 1 1 1 1 1 1 1 1 1 1 1 1 1 1 1 1 1 1 1 1 1 1 1 1 1 1 1 1 1 1 1 1 1 1 1 1 1 1 1 1 1 1 1 1 1 1 1 1 1 1 1 1 1 1 1 1 1 1 1 1 1 1 1 1 1 1 1 1 1 1 1 1 1 1 1 1 1 1 1 1 1 1 1 1 1 1 1 1 1 1 1 1 1 1 1 1 1 1 1 1 1 1 1 1 1 1 1 1 1 1 1 1 1 1 1 1 1 1 1 1 1 1 1 1 1 1 1 1 1 1 1 1 1 1 1 1 1 1 1 1 1 1 1 1 1 1 1 1 1 1 1 1 1 1 1 1 1 1 1 1 1 1 1 1 1 1 1 1 1 1 1 1 1 1 1 1 1 1 1 1 1 1 1 1 1 1 1 1 1 1 1 1 1 1 1 1 1 1 1 1 1 1 1 1 1 1 1 0.9960784 0.9960784 0.9960784 0.9960784 1 1 1 1 1 1 1 1 0.9960784 0.9960784 0.9960784 0.9960784 1 1 1 1 1 1 1 1 1 1 1 1 1 1 1 1 1 1 1 1 1 1 1 1 1 1 1 1 1 1 1 1 1 1 1 1 1 1 1 1 1 1 1 1 1 1 1 1 1 1 1 1 0.9960784 0.9960784 0.9960784 0.9960784 1 1 1 1 1 1 1 1 1 1 1 1 1 1 1 1 1 1 1 1 1 1 1 1 1 1 1 1 1 1 1 1 1 1 1 1 1 1 1 1 1 1 1 1 1 1 1 1 1 1 1 1 1 1 1 1 1 1 1 1 1 1 1 1 1 1 1 1 1 1 1 1 1 1 1 1 1 1 1 1 1 1 1 1 1 1 1 1 1 1 1 1 1 1 1 1 1 1 1 1 1 1 1 1 1 1 1 1 1 1 1 1 1 1 1 1 1 1 1 1 1 1 1 1 1 1 1 1 1 1 1 1 1 1 1 1 1 1 1 1 1 1 1 1 0.9960784 0.9960784 0.9960784 0.9960784 1 1 1 1 1 1 1 1 1 1 1 1 1 1 1 1 1 1 1 1 1 1 1 1 1 1 1 1 1 1 1 1 1 1 1 1 1 1 1 1 0.9960784 0.9960784 0.9960784 0.9960784 1 1 1 1 1 1 1 1 1 1 1 1 1 1 1 1 1 1 1 1 0.9960784 0.9960784 0.9960784 0.9960784 1 1 1 1 1 1 1 1 1 1 1 1 1 1 1 1 1 1 1 1 1 1 1 1 1 1 1 1 1 1 1 1 1 1 1 1 1 1 1 1 1 1 1 1 1 1 1 1 1 1 1 1 1 1 1 1 1 1 1 1 1 1 1 1 1 1 1 1 1 1 1 1 1 1 1 1 1 1 1 1 1 1 1 1 1 1 1 1 1 1 1 1 1 1 1 1 1 1 1 1 1 1 1 1 1 1 1 1 1 1 1 1 1 1 1 1 1 1 1 1 1 1 1 1 1 1 1 1 1 1 1 1 1 1 1 1 1 1 1 1 1 1 1 1 1 1 1 1 1 1 1 1 1 1 1 1 1 1 1 1 1 1 1 1 1 1 1 1 1 1 1 1 1 1 1 1 1 1 1 1 1 1 1 1 1 1 1 1 1 1 1 1 1 1 1 1 1 1 1 1 1 1 1 1 1 1 1 1 1 1 1 1 1 1 1 1 1 1 1 1 1 1 1 1 1 1 1 1 1 1 1 1 1 1 1 1 1 1 1 1 1 1 1 1 1 1 1 1 1 1 1 1 1 1 1 1 1 1 1 1 1 1 1 1 1 1 1 1 1 1 1 1 1 1 1 1 1 1 1 1 1 1 1 1 1 1 1 1 1 1 1 1 1 1 1 1 1 1 1 1 1 1 1 1 1 1 1 1 1 1 1 1 1 1 1 1 1 1 1 1 1 1 1 1 1 1 1 1 1 1 1 1 1 1 1 1 1 1 1 1 1 1 1 1 1 1 1 1 1 1 1 1 1 1 1 1 1 1 1 1 1 1 1 1 1 1 1 1 1 1 1 1 1 1 1 1 1 1 1 1 1 1 1 1 1 1 1 1 1 1 1 1 1 1 1 1 1 1 1 1 1 1 1 1 1 1 1 1 1 1 1 1 1 1 1 1 1 1 1 1 1 1 1 1 1 1 1 1 1 1 1 1 1 1 1 1 1 1 1 1 1 1 1 1 1 1 1 1 1 1 1 1 1 1 1 1 1 1 1 1 1 1 1 1 1 1 1 1 1 1 1 1 1 1 1 1 1 1 1 1 1 1 1 1 1 1 1 1 1 1 1 1 1 1 1 1 1 1 1 1 1 1 1 1 1 1 1 1 1 1 1 1 1 1 1 1 1 1 1 1 1 1 1 1 1 1 1 1 1 1 1 1 1 1 1 1 1 1 1 1 1 1 1 1 1 1 1 1 1 1 1 1 1 1 1 1 1 1 1 1 1 1 1 1 1 1 1 1 1 1 1 1 1 1 1 1 1 1 1 1 1 1 1 1 1 1 1 1 1 1 1 1 1 1 1 1 1 1 1 1 1 1 1 1 1 1 1 1 1 1 1 1 1 1 1 1 1 1 1 1 1 1 1 1 1 1 1 1 1 1 1 1 1 1 1 1 1 1 1 1 1 1 1 1 1 1 1 1 1 1 1 1 1 1 1 1 1 1 1 1 1 1 1 1 1 1 1 1 1 1 1 1 1 1 1 1 1 1 1 1 1 1 1 1 1 1 1 1 1 1 1 1 1 1 1 1 1 1 1 1 1 1 1 1 1 1 1 1 1 1 1 1 1 1 1 1 1 1 1 1 1 1 1 1 1 1 1 1 1 1 1 1 1 1 1 1 1 1 1 1 1 1 1 1 1 1 1 1 1 1 1 1 1 1 1 1 1 1 1 1 1 1 1 1 1 1 1 1 1 1 1 1 1 1 1 1 1 1 1 1 1 1 1 1 1 1 1 1 1 1 1 1 1 1 1 1 1 1 1 1 1 1 1 1 1 1 1 1 1 1 1 1 1 1 1 1 1 1 1 1 1 1 1 1 1 1 1 1 1 1 1 1 1 1 1 1 1 1 1 1 1 1 1 1 1 1 1 1 1 1 1 1 1 1 1 1 1 1 1 1 1 1 1 1 1 1 1 1 1 1 1 1 1 1 1 1 1 1 1 1 1 1 1 1 1 1 1 1 1 1 1 1 1 1 1 1 1 1 1 1 1 1 1 1 1 1 1 1 1 1 1 1 1 1 1 1 1 1 1 1 1 1 1 1 1 1 1 1 1 1 1 1 1 1 1 1 1 1 1 1 1 1 1 1 1 1 1 1 1 1 1 1 1 1 1 1 1 1 1 1 1 1 1 1 1 1 1 1 1 1 1 1 1 1 1 1 1 1 1 1 1 1 1 1 1 1 1 1 1 1 1 1 1 1 1 1 1 1 1 1 1 1 1 1 1 1 1 1 1 1 1 1 1 1 1 1 1 1 1 1 1 1 1 1 1 1 1 1 1 1 1 1 1 1 1 1 1 1 1 1 1 1 1 1 1 1 1 1 1 1 1 1 1 1 1 1 1 1 1 1 1 1 1 1 1 1 1 1 1 1 1 1 1 1 1 1 1 1 1 1 1 1 1 1 1 1 1 1 1 1 1 1 1 1 1 1 1 1 1 1 1 1 1 1 1 1 1 1 1 1 1 1 1 1 1 1 1 1 1 1 1 1 1 1 1 1 1 1 1 1 1 1 1 1 1 1 1 1 1 1 1 1 1 1 1 1 1 1 1 1 1 1 1 1 1 1 1 1 1 1 1 1 1 1 1 1 1 1 1 1 1 1 1 1 1 1 1 1 1 1 1 1 1 1 1 1 1 1 1 1 1 1 1 1 1 1 1 1 1 1 1 1 1 1 1 1 1 1 1 1 1 1 1 1 1 1 1 1 1 1 1 1 1 1 1 1 1 1 1 1 1 1 1 1 1 1 1 1 1 1 1 1 1 1 1 1 1 1 1 1 1 1 1 1 1 1 1 1 1 1 1 1 1 1 1 1 1 1 1 1 1 1 1 1 1 1 1 1 1 1 1 1 1 1 1 1 1 1 1 1 1 1 1 1 1 1 1 1 1 1 1 1 1 1 1 1 1 1 1 1 1 1 1 1 1 1 1 1 1 1 1 1 1 1 1 1 1 1 1 1 1 1 1 1 1 1 1 1 1 1 1 1 1 1 1 1 1 1 1 1 1 1 1 1 1 1 1 1 1 1 1 1 1 1 1 1 1 1 1 1 1 1 1 1 1 1 1 1 1 1 1 1 1 1 1 1 1 1 1 1 1 1 1 1 1 1 1 1 1 1 1 1 1 1 1 1 1 1 1 1 1 1 1 1 1 1 1 1 1 1 1 1 1 1 1 1 1 1 1 1 1 1 1 1 1 1 1 1 1 1 1 1 1 1 1 1 1 1 1 1 1 1 1 1 1 1 1 1 1 1 1 1 1 1 1 1 1 1 1 1 1 1 1 1 1 1 1 1 1 1 1 1 1 1 1 1 1 1 1 1 1 1 1 1 1 1 1 1 1 1 1 1 1 1 1 1 1 1 1 1 1 1 1 1 1 1 1 1 1 1 1 1 1 1 1 1 1 1 1 1 1 1 1 1 1 1 1 1 1 1 1 1 1 1 1 1 1 1 1 1 1 1 1 1 1 1 1 1 1 1 0.3490196 0.3490196 0.3490196 1 0.3490196 0.3490196 0.3490196 1 0.3490196 0.3490196 0.3490196 1 0.4 0.4 0.4 1 0.4156863 0.4156863 0.4156863 1 0.4078431 0.4078431 0.4078431 1 0.3568627 0.3568627 0.3568627 1 0.3490196 0.3490196 0.3490196 1 0.3568627 0.3568627 0.3568627 1 0.4 0.4 0.4 1 0.4117647 0.4117647 0.4117647 1 0.4039216 0.4039216 0.4039216 1 0.9764706 0.9764706 0.9764706 1 0.972549 0.972549 0.972549 1 0.9764706 0.9764706 0.9764706 1 0.972549 0.972549 0.972549 1 0.972549 0.972549 0.972549 1 0.972549 0.972549 0.972549 1 0.9764706 0.9764706 0.9764706 1 0.972549 0.972549 0.972549 1 0.972549 0.972549 0.972549 1 0.9764706 0.9764706 0.9764706 1 0.9764706 0.9764706 0.9764706 1 0.9764706 0.9764706 0.9764706 1 0.3490196 0.3490196 0.3490196 1 0.3490196 0.3490196 0.3490196 1 0.3490196 0.3490196 0.3490196 1 0.4 0.4 0.4 1 0.4156863 0.4156863 0.4156863 1 0.4156863 0.4156863 0.4156863 1 0.3568627 0.3568627 0.3568627 1 0.3490196 0.3490196 0.3490196 1 0.3490196 0.3490196 0.3490196 1 0.4 0.4 0.4 1 0.4039216 0.4039216 0.4039216 1 0.4117647 0.4117647 0.4117647 1 0.9764706 0.9764706 0.9764706 1 0.972549 0.972549 0.972549 1 0.972549 0.972549 0.972549 1 0.972549 0.972549 0.972549 1 0.9686275 0.9686275 0.9686275 1 0.972549 0.972549 0.972549 1 0.9764706 0.9764706 0.9764706 1 0.9764706 0.9764706 0.9764706 1 0.972549 0.972549 0.972549 1 0.9764706 0.9764706 0.9764706 1 0.9764706 0.9764706 0.9764706 1 0.9764706 0.9764706 0.9764706 1 1 1 1 1 1 1 1 1 1 1 1 1 1 1 1 1 1 1 1 1 1 1 1 1 1 1 1 1 1 1 1 1 1 1 1 1 1 1 1 1 1 1 1 1 1 1 1 1 1 1 1 1 1 1 1 1 1 1 1 1 1 1 1 1 1 1 1 1 1 1 1 1 1 1 1 1 1 1 1 1 1 1 1 1 1 1 1 1 1 1 1 1 1 1 1 1 1 1 1 1 1 1 1 1 1 1 1 1 1 1 1 1 1 1 1 1 1 1 1 1 1 1 1 1 1 1 1 1 1 1 1 1 1 1 1 1 1 1 1 1 1 1 1 1 1 1 1 1 1 1 1 1 1 1 1 1 1 1 1 1 1 1 1 1 1 1 1 1 1 1 1 1 1 1 1 1 1 1 1 1 1 1 1 1 1 1 1 1 1 1 1 1 1 1 1 1 1 1 1 1 1 1 1 1 1 1 1 1 1 1 1 1 1 1 1 1 1 1 1 1 1 1 1 1 1 1 1 1 1 1 1 1 1 1 1 1 1 1 1 1 1 1 1 1 1 1 1 1 1 1 1 1 1 1 1 1 1 1 1 1 1 1 1 1 1 1 1 1 1 1 1 1 1 1 1 1 1 1 1 1 1 1 1 1 1 1 1 1 1 1 1 1 1 1 1 1 1 1 1 1 1 1 1 1 1 1 1 1 1 1 1 1 1 1 1 1 1 1 1 1 1 1 1 1 1 1 1 1 1 1 1 1 1 1 1 1 1 1 1 1 1 1 1 1 1 1 1 1 1 1 1 1 1 1 1 1 1 1 1 1 1 1 1 1 1 1 1 1 1 1 1 1 1 1 1 1 1 1 1 1 1 1 1 1 1 1 1 1 1 1 1 1 1 1 1 1 1 1 1 1 1 1 1 1 1 1 1 1 1 1 1 1 1 1 1 1 1 1 1 1 1 1 1 1 1 1 1 1 1 1 1 1 1 1 1 1 1 1 1 1 1 1 1 1 1 1 1 1 1 1 1 1 1 1 1 1 1 1 1 1 1 1 1 1 1 1 1 1 1 1 1 1 1 1 1 1 1 1 1 1 1 1 1 1 1 1 1 1 1 1 1 1 1 1 1 1 1 1 1 1 1 1 1 1 1 1 1 1 1 1 1 1 1 1 1 1 1 1 1 1 1 1 1 1 1 1 1 1 1 1 1 1 1 1 1 1 1 1 1 1 1 1 1 1 1 1 1 1 1 1 1 1 1 1 1 1 1 1 1 1 1 1 1 1 1 1 1 1 1 1 1 1 1 1 1 1 1 0.9019608 0.172549 1 1 0.9019608 0.172549 1 1 0.9019608 0.172549 1 1 0.9019608 0.172549 1 1 0.9019608 0.172549 1 1 0.9019608 0.172549 1 1 0.9019608 0.172549 1 1 0.9019608 0.172549 1 1 0.9019608 0.172549 1 1 0.9019608 0.172549 1 1 0.9019608 0.172549 1 1 0.9019608 0.172549 1 1 1 1 1 1 1 1 1 1 1 1 1 1 1 1 1 1 1 1 1 1 1 1 1 1 1 1 1 1 1 1 1 1 1 1 1 1 1 1 1 1 1 1 1 1 1 1 1 1 1 1 1 1 1 1 1 1 1 1 1 1 1 1 1 1 1 1 1 1 1 1 1 1 1 1 1 1 1 1 1 1 1 1 1 1 1 1 1 1 1 1 1 1 1 1 1 1 1 1 1 1 1 1 1 1 1 1 1 1 1 1 1 1 1 1 1 1 1 1 1 1 1 1 1 1 1 1 1 1 1 1 1 1 1 1 1 1 1 1 1 1 1 1 1 1 1 1 1 1 1 1 1 1 1 1 1 1 1 1 1 1 1 1 1 1 1 1 1 1 1 1 1 1 1 1 1 1 1 1 1 1 1 1 1 1 1 1 1 1 1 1 1 1 1 1 1 1 1 1 1 1 1 1 1 1 1 1 1 1 1 1 1 1 1 1 1 1 1 1 1 1 1 1 1 1 1 1 1 1 1 1 1 1 1 1 1 1 1 1 1 1 1 1 1 1 1 1 1 1 1 1 1 1 1 1 1 1 1 1 1 1 1 1 1 1 0.2156863 0.1568627 1 1 0.2156863 0.1568627 1 1 0.2156863 0.1568627 1 1 0.2156863 0.1568627 1 1 0.2156863 0.1568627 1 1 0.2156863 0.1568627 1 1 0.2156863 0.1568627 1 1 0.2156863 0.1568627 1 1 0.2156863 0.1568627 1 1 0.2156863 0.1568627 1 1 0.2156863 0.1568627 1 1 0.2156863 0.1568627 1 1 0.2156863 0.1568627 1 1 0.2156863 0.1568627 1 1 0.2156863 0.1568627 1 1 0.2156863 0.1568627 1 1 0.2156863 0.1568627 1 1 0.2156863 0.1568627 1 1 0.2156863 0.1568627 1 1 0.2156863 0.1568627 1 1 0.2156863 0.1568627 1 1 0.2156863 0.1568627 1 1 0.2156863 0.1568627 1 1 0.2156863 0.1568627 1 1 1 1 1 1 1 1 1 1 1 1 1 1 1 1 1 1 1 1 1 1 1 1 1 1 1 1 1 1 1 1 1 1 1 1 1 1 1 1 1 1 1 1 1 1 1 1 1 1 1 1 1 1 1 1 1 1 1 1 1 1 1 1 1 1 1 1 1 1 1 1 1 1 1 1 1 1 1 1 1 1 1 1 1 1 1 1 1 1 1 1 1 1 1 1 1 1 1 1 1 1 1 1 1 1 1 1 1 1 1 1 1 1 1 1 1 1 1 1 1 1 1 1 1 1 1 1 1 1 1 1 1 1 1 1 1 1 1 1 1 1 1 1 1 1 1 1 1 1 1 1 1 1 1 1 1 1 1 1 1 1 1 1 1 1 1 1 1 1 1 1 1 1 1 1 1 1 1 1 1 1 1 1 1 1 1 1 1 1 1 1 1 1 1 1 1 1 1 1 1 1 1 1 1 1 1 1 1 1 1 1 1 1 1 1 1 1 1 1 1 1 1 1 1 1 1 1 1 1 1 1 1 1 1 1 1 1 1 1 1 1 1 1 1 1 1 1 1 1 1 1 1 1 1 1 1 1 1 1 1 1 1 1 1 1 1 1 1 1 1 1 1 1 1 1 1 1 1 1 1 1 1 1 1 1 1 1 1 1 1 1 1 1 1 1 1 1 1 1 1 1 1 1 1 1 1 1 1 1 1 1 1 1 1 1 1 1 1 1 1 1 1 1 1 1 1 1 1 1 1 1 1 1 1 1 1 1 1 1 1 1 1 1 1 1 1 1 1 1 1 1 1 1 1 1 1 1 1 1 1 1 1 1 1 1 1 1 1 1 1 1 1 1 1 1 1 1 1 1 1 1 1 1 1 1 1 1 1 1 1 1 1 1 1 1 1 1 1 1 1 1 1 1 1 1 1 1 1 1 1 1 1 1 1 1 1 1 1 1 1 1 1 1 1 1 1 1 1 1 1 1 1 1 1 1 1 1 1 1 1 1 1 1 1 1 1 1 1 1 1 1 1 1 1 1 1 1 1 1 1 1 1 1 1 1 1 1 1 1 1 1 1 1 1 1 1 1 1 1 1 1 1 1 1 1 1 1 1 1 1 1 1 1 1 1 1 1 1 1 1 1 1 1 1 1 1 1 1 1 1 1 1 1 1 1 1 1 1 1 1 1 1 1 1 1 1 1 1 1 0.9019608 0.172549 1 1 0.9019608 0.172549 1 1 0.9019608 0.172549 1 1 0.9019608 0.172549 1 1 0.9019608 0.172549 1 1 0.9019608 0.172549 1 1 0.9019608 0.172549 1 1 0.9019608 0.172549 1 1 0.9019608 0.172549 1 1 0.9019608 0.172549 1 1 0.9019608 0.172549 1 1 0.9019608 0.172549 1 1 1 1 1 1 1 1 1 1 1 1 1 1 1 1 1 1 1 1 1 1 1 1 1 1 1 1 1 1 1 1 1 1 1 1 1 1 1 1 1 1 1 1 1 1 1 1 1 1 1 1 1 1 1 1 1 1 1 1 1 1 1 1 1 1 1 1 1 1 1 1 1 1 1 1 1 1 1 1 1 1 1 1 1 1 1 1 1 1 1 1 1 1 1 1 1 1 1 1 1 1 1 1 1 1 1 1 1 1 1 1 1 1 1 1 1 1 1 1 1 1 1 1 1 1 1 1 1 1 1 1 1 1 1 1 1 1 1 1 1 1 1 1 1 1 1 1 1 1 1 1 1 1 1 1 1 1 1 1 1 1 1 1 1 1 1 1 1 1 1 1 1 1 1 1 1 1 1 1 1 1 1 1 1 1 1 1 1 1 1 1 1 1 1 1 1 1 1 1 1 1 1 1 1 1 1 1 1 1 1 1 1 1 1 1 1 1 0.2156863 0.1568627 1 1 0.2156863 0.1568627 1 1 0.2156863 0.1568627 1 1 0.2156863 0.1568627 1 1 0.2156863 0.1568627 1 1 0.2156863 0.1568627 1 1 0.2156863 0.1568627 1 1 0.2156863 0.1568627 1 1 0.2156863 0.1568627 1 1 0.2156863 0.1568627 1 1 0.2156863 0.1568627 1 1 0.2156863 0.1568627 1 1 0.2156863 0.1568627 1 1 0.2156863 0.1568627 1 1 0.2156863 0.1568627 1 1 0.2156863 0.1568627 1 1 0.2156863 0.1568627 1 1 0.2156863 0.1568627 1 1 0.2156863 0.1568627 1 1 0.2156863 0.1568627 1 1 0.2156863 0.1568627 1 1 0.2156863 0.1568627 1 1 0.2156863 0.1568627 1 1 0.2156863 0.1568627 1 1 1 1 1 1 1 1 1 1 1 1 1 1 1 1 1 1 1 1 1 1 1 1 1 1 1 1 1 1 1 1 1 1 1 1 1 1 1 1 1 1 1 1 1 1 1 1 1 1 1 1 1 1 1 1 1 1 1 1 1 1 1 1 1 1 1 1 1 1 1 1 1 1 1 1 1 1 1 1 1 1 1 1 1 1 1 1 1 1 1 1 1 1 1 1 1 1 1 1 1 1 1 1 1 1 1 1 1 1 1 1 1 1 1 1 1 1 1 1 1 1 1 1 1 1 1 1 1 1 1 1 1 1 0.8980392 0.3764706 1 1 0.8980392 0.3764706 1 1 0.8980392 0.3764706 1 1 0.8980392 0.3764706 1 1 0.8980392 0.3764706 1 1 0.8980392 0.3764706 1 1 0.2117647 0.1137255 1 1 0.2117647 0.1137255 1 1 0.2117647 0.1137255 1 1 0.2117647 0.1137255 1 1 0.2117647 0.1137255 1 1 0.2117647 0.1137255 1 1 0.8980392 0.3764706 1 1 0.8980392 0.3764706 1 1 0.8980392 0.3764706 1 1 0.8980392 0.3764706 1 1 0.8980392 0.3764706 1 1 0.8980392 0.3764706 1 1 1 1 1 1 1 1 1 1 1 1 1 1 0.8980392 0.3764706 1 1 0.8980392 0.3764706 1 1 0.8980392 0.3764706 1 1 0.8980392 0.3764706 1 1 0.8980392 0.3764706 1 1 0.8980392 0.3764706 1 1 1 1 1 1 1 1 1 1 1 1 1 1 1 1 1 1 1 1 1 1 1 1 1 1 1 1 1 1 1 1 1 1 1 1 1 1 1 1 1 1 1 1 1 1 1 1 1 1 1 1 1 1 1 1 1 1 1 1 1 1 0.8980392 0.3764706 1 1 0.8980392 0.3764706 1 1 0.8980392 0.3764706 1 1 0.8980392 0.3764706 1 1 0.8980392 0.3764706 1 1 0.8980392 0.3764706 1 1 0.2117647 0.1137255 1 1 0.2117647 0.1137255 1 1 0.2117647 0.1137255 1 1 0.2117647 0.1137255 1 1 0.2117647 0.1137255 1 1 0.2117647 0.1137255 1 1 0.8980392 0.3764706 1 1 0.8980392 0.3764706 1 1 0.8980392 0.3764706 1 1 0.8980392 0.3764706 1 1 0.8980392 0.3764706 1 1 0.8980392 0.3764706 1 1 1 1 1 1 1 1 1 1 1 1 1 1 0.8980392 0.3764706 1 1 0.8980392 0.3764706 1 1 0.8980392 0.3764706 1 1 0.8980392 0.3764706 1 1 0.8980392 0.3764706 1 1 0.8980392 0.3764706 1 1 1 1 1 1 1 1 1 1 1 1 1 1 1 1 1 1 1 1 1 1 1 1 1 1 1 1 1 1 1 1 1 1 1 1 1 1 1 1 1 1 1 1 1 1 1 1 1 1 1 1 1 1 1 1 1 1 1 1 1 1 1 1 1 1 1 1 1 1 1 1 1 1 1 1 1 1 1 1 1 1 1 1 1 1 1 1 1 1 1 1 1 1 1 1 1 1 1 1 1 1 1 1 1 1 1 1 1 1 1 1 1 1 1 1 1 1 1 1 1 1 1 1 1 1 1 1 1 1 1 1 1 1 1 1 1 1 1 1 1 1 1 1 1</float_array>
          <technique_common>
            <accessor source="#Plane_688-mesh-colors-Col-array" count="2538" stride="4">
              <param name="R" type="float"/>
              <param name="G" type="float"/>
              <param name="B" type="float"/>
              <param name="A" type="float"/>
            </accessor>
          </technique_common>
        </source>
        <vertices id="Plane_688-mesh-vertices">
          <input semantic="POSITION" source="#Plane_688-mesh-positions"/>
        </vertices>
        <triangles material="highrise-material" count="8">
          <input semantic="VERTEX" source="#Plane_688-mesh-vertices" offset="0"/>
          <input semantic="NORMAL" source="#Plane_688-mesh-normals" offset="1"/>
          <input semantic="TEXCOORD" source="#Plane_688-mesh-map-0" offset="2" set="0"/>
          <input semantic="TEXCOORD" source="#Plane_688-mesh-map-1" offset="2" set="1"/>
          <input semantic="TEXCOORD" source="#Plane_688-mesh-map-2" offset="2" set="2"/>
          <input semantic="COLOR" source="#Plane_688-mesh-colors-Col" offset="3" set="0"/>
          <p>154 0 0 0 152 0 1 1 153 0 2 2 149 1 3 3 141 1 4 4 142 1 5 5 144 1 6 6 147 1 7 7 150 1 8 8 202 1 9 9 199 1 10 10 200 1 11 11 154 2 12 12 151 2 13 13 152 2 14 14 149 1 15 15 148 1 16 16 141 1 17 17 144 1 18 18 143 1 19 19 147 1 20 20 202 1 21 21 201 1 22 22 199 1 23 23</p>
        </triangles>
        <triangles material="clutter_commercial-material" count="160">
          <input semantic="VERTEX" source="#Plane_688-mesh-vertices" offset="0"/>
          <input semantic="NORMAL" source="#Plane_688-mesh-normals" offset="1"/>
          <input semantic="TEXCOORD" source="#Plane_688-mesh-map-0" offset="2" set="0"/>
          <input semantic="TEXCOORD" source="#Plane_688-mesh-map-1" offset="2" set="1"/>
          <input semantic="TEXCOORD" source="#Plane_688-mesh-map-2" offset="2" set="2"/>
          <input semantic="COLOR" source="#Plane_688-mesh-colors-Col" offset="3" set="0"/>
          <p>176 1 24 24 177 1 25 25 175 1 26 26 220 1 27 27 221 1 28 28 219 1 29 29 225 1 30 30 224 1 31 31 223 1 32 32 228 1 33 33 229 1 34 34 230 1 35 35 232 1 36 36 233 1 37 37 234 1 38 38 236 1 39 39 237 1 40 40 238 1 41 41 245 1 42 42 244 1 43 43 243 1 44 44 249 3 45 45 247 3 46 46 248 3 47 47 268 1 57 57 269 1 58 58 267 1 59 59 267 1 60 60 272 1 61 61 268 1 62 62 274 1 63 63 275 1 64 64 273 1 65 65 278 1 66 66 279 1 67 67 277 1 68 68 282 1 69 69 283 1 70 70 281 1 71 71 286 5 72 72 287 5 73 73 285 5 74 74 290 1 75 75 291 1 76 76 289 1 77 77 294 1 78 78 295 1 79 79 293 1 80 80 318 1 96 96 319 1 97 97 317 1 98 98 322 1 99 99 323 1 100 100 321 1 101 101 326 1 102 102 327 1 103 103 325 1 104 104 330 1 105 105 331 1 106 106 329 1 107 107 338 1 111 111 339 1 112 112 337 1 113 113 342 1 114 114 343 1 115 115 341 1 116 116 346 1 117 117 347 1 118 118 345 1 119 119 354 1 123 123 355 1 124 124 353 1 125 125 358 1 126 126 359 1 127 127 357 1 128 128 362 1 129 129 363 1 130 130 361 1 131 131 370 1 135 135 371 1 136 136 369 1 137 137 374 1 138 138 375 1 139 139 373 1 140 140 378 1 141 141 379 1 142 142 377 1 143 143 382 1 144 144 383 1 145 145 381 1 146 146 386 1 147 147 387 1 148 148 385 1 149 149 390 1 150 150 391 1 151 151 389 1 152 152 422 1 174 174 423 1 175 175 421 1 176 176 426 1 177 177 427 1 178 178 425 1 179 179 430 1 180 180 431 1 181 181 429 1 182 182 434 1 183 183 435 1 184 184 433 1 185 185 438 1 186 186 439 1 187 187 437 1 188 188 442 1 189 189 443 1 190 190 441 1 191 191 482 1 219 219 483 1 220 220 481 1 221 221 486 1 222 222 487 1 223 223 485 1 224 224 490 1 225 225 491 1 226 226 489 1 227 227 494 1 228 228 495 1 229 229 493 1 230 230 498 22 231 231 499 22 232 232 497 22 233 233 176 1 234 234 178 1 235 235 177 1 236 236 220 1 237 237 222 1 238 238 221 1 239 239 225 23 240 240 226 23 241 241 224 23 242 242 228 1 243 243 227 1 244 244 229 1 245 245 232 24 246 246 231 24 247 247 233 24 248 248 236 25 249 249 235 25 250 250 237 25 251 251 245 1 252 252 246 1 253 253 244 1 254 254 249 26 255 255 250 26 256 256 247 26 257 257 268 1 267 267 270 1 268 268 269 1 269 269 267 1 270 270 271 1 271 271 272 1 272 272 274 1 273 273 276 1 274 274 275 1 275 275 278 1 276 276 280 1 277 277 279 1 278 278 282 1 279 279 284 1 280 280 283 1 281 281 286 27 282 282 288 27 283 283 287 27 284 284 290 1 285 285 292 1 286 286 291 1 287 287 294 1 288 288 296 1 289 289 295 1 290 290 318 1 306 306 320 1 307 307 319 1 308 308 322 1 309 309 324 1 310 310 323 1 311 311 326 1 312 312 328 1 313 313 327 1 314 314 330 1 315 315 332 1 316 316 331 1 317 317 338 1 321 321 340 1 322 322 339 1 323 323 342 1 324 324 344 1 325 325 343 1 326 326 346 1 327 327 348 1 328 328 347 1 329 329 354 1 333 333 356 1 334 334 355 1 335 335 358 1 336 336 360 1 337 337 359 1 338 338 362 1 339 339 364 1 340 340 363 1 341 341 370 1 345 345 372 1 346 346 371 1 347 347 374 1 348 348 376 1 349 349 375 1 350 350 378 1 351 351 380 1 352 352 379 1 353 353 382 1 354 354 384 1 355 355 383 1 356 356 386 1 357 357 388 1 358 358 387 1 359 359 390 1 360 360 392 1 361 361 391 1 362 362 422 1 384 384 424 1 385 385 423 1 386 386 426 1 387 387 428 1 388 388 427 1 389 389 430 1 390 390 432 1 391 391 431 1 392 392 434 1 393 393 436 1 394 394 435 1 395 395 438 1 396 396 440 1 397 397 439 1 398 398 442 1 399 399 444 1 400 400 443 1 401 401 482 1 429 429 484 1 430 430 483 1 431 431 486 1 432 432 488 1 433 433 487 1 434 434 490 1 435 435 492 1 436 436 491 1 437 437 494 1 438 438 496 1 439 439 495 1 440 440 498 44 441 441 500 44 442 442 499 44 443 443 801 1 2538 207 802 1 2539 207 803 1 2540 207 801 1 2538 207 803 1 2540 207 804 1 2541 207 805 1 2542 207 806 1 2543 207 807 1 2544 207 805 1 2542 207 807 1 2544 207 808 1 2545 207 809 1 2546 207 810 1 2547 207 811 1 2548 207 809 1 2546 207 811 1 2548 207 812 1 2549 207 813 1 2550 207 814 1 2551 207 815 1 2552 207 813 1 2550 207 815 1 2552 207 816 1 2553 207 817 1 2554 207 818 1 2555 207 819 1 2556 207 817 1 2554 207 819 1 2556 207 820 1 2557 207 821 1 2558 207 822 1 2559 207 823 1 2560 207 821 1 2558 207 823 1 2560 207 824 1 2561 207 825 1 2562 192 826 1 2563 192 827 1 2564 192 825 1 2562 192 827 1 2564 192 828 1 2565 192 829 1 2566 192 830 1 2567 192 831 1 2568 192 829 1 2566 192 831 1 2568 192 832 1 2569 192 833 1 2570 192 834 1 2571 192 835 1 2572 192 833 1 2570 192 835 1 2572 192 836 1 2573 192 837 1 2574 192 838 1 2575 192 839 1 2576 192 837 1 2574 192 839 1 2576 192 840 1 2577 192 841 1 2578 192 842 1 2579 192 843 1 2580 192 841 1 2578 192 843 1 2580 192 844 1 2581 192 845 1 2582 81 846 1 2583 81 847 1 2584 81 845 1 2582 81 847 1 2584 81 848 1 2585 81 849 1 2586 81 850 1 2587 81 851 1 2588 81 849 1 2586 81 851 1 2588 81 852 1 2589 81 853 1 2590 81 854 1 2591 81 855 1 2592 81 853 1 2590 81 855 1 2592 81 856 1 2593 81 857 1 2594 81 858 1 2595 81 859 1 2596 81 857 1 2594 81 859 1 2596 81 860 1 2597 81 861 1 2598 81 862 1 2599 81 863 1 2600 81 861 1 2598 81 863 1 2600 81 864 1 2601 81 865 14 2602 153 866 14 2603 153 867 14 2604 153 865 14 2602 153 867 14 2604 153 868 14 2605 153 869 14 2606 153 870 14 2607 153 871 14 2608 153 869 14 2606 153 871 14 2608 153 872 14 2609 153 873 14 2610 153 874 14 2611 153 875 14 2612 153 873 14 2610 153 875 14 2612 153 876 14 2613 153 877 14 2614 153 878 14 2615 153 879 14 2616 153 877 14 2614 153 879 14 2616 153 880 14 2617 153 881 14 2618 153 882 14 2619 153 883 14 2620 153 881 14 2618 153 883 14 2620 153 884 14 2621 153 885 14 2622 153 886 14 2623 153 887 14 2624 153 885 14 2622 153 887 14 2624 153 888 14 2625 153 889 1 2626 48 890 1 2627 48 891 1 2628 48 889 1 2626 48 891 1 2628 48 892 1 2629 48 893 1 2630 48 894 1 2631 48 895 1 2632 48 893 1 2630 48 895 1 2632 48 896 1 2633 48 897 1 2634 48 898 1 2635 48 899 1 2636 48 897 1 2634 48 899 1 2636 48 900 1 2637 48 901 1 2638 48 902 1 2639 48 903 1 2640 48 901 1 2638 48 903 1 2640 48 904 1 2641 48 905 1 2642 48 906 1 2643 48 907 1 2644 48 905 1 2642 48 907 1 2644 48 908 1 2645 48 909 7 2646 93 910 7 2647 93 911 7 2648 93 909 7 2646 93 911 7 2648 93 912 7 2649 93 913 7 2650 93 914 7 2651 93 915 7 2652 93 913 7 2650 93 915 7 2652 93 916 7 2653 93 917 1 2654 108 918 1 2655 108 919 1 2656 108 917 1 2654 108 919 1 2656 108 920 1 2657 108 921 1 2658 108 922 1 2659 108 923 1 2660 108 921 1 2658 108 923 1 2660 108 924 1 2661 108 925 8 2662 120 926 8 2663 120 927 8 2664 120 925 8 2662 120 927 8 2664 120 928 8 2665 120 929 8 2666 120 930 8 2667 120 931 8 2668 120 929 8 2666 120 931 8 2668 120 932 8 2669 120 933 11 2670 132 934 11 2671 132 935 11 2672 132 933 11 2670 132 935 11 2672 132 936 11 2673 132 937 11 2674 132 938 11 2675 132 939 11 2676 132 937 11 2674 132 939 11 2676 132 940 11 2677 132 941 1 2678 204 942 1 2679 204 943 1 2680 204 941 1 2678 204 943 1 2680 204 944 1 2681 204 945 1 2682 204 946 1 2683 204 947 1 2684 204 945 1 2682 204 947 1 2684 204 948 1 2685 204</p>
        </triangles>
        <triangles material="curbs-material" count="408">
          <input semantic="VERTEX" source="#Plane_688-mesh-vertices" offset="0"/>
          <input semantic="NORMAL" source="#Plane_688-mesh-normals" offset="1"/>
          <input semantic="TEXCOORD" source="#Plane_688-mesh-map-0" offset="2" set="0"/>
          <input semantic="TEXCOORD" source="#Plane_688-mesh-map-1" offset="2" set="1"/>
          <input semantic="TEXCOORD" source="#Plane_688-mesh-map-2" offset="2" set="2"/>
          <input semantic="COLOR" source="#Plane_688-mesh-colors-Col" offset="3" set="0"/>
          <p>526 45 444 444 508 46 445 445 507 47 446 446 517 48 447 447 533 49 448 448 530 50 449 449 505 51 450 450 538 52 451 451 525 53 452 452 523 54 453 453 526 45 454 454 524 55 455 455 527 56 456 456 506 57 457 457 508 46 458 458 512 58 459 459 540 59 460 460 510 60 461 461 511 61 462 462 538 52 463 463 537 62 464 464 515 63 465 465 536 64 466 466 535 65 467 467 516 66 468 468 535 65 469 469 534 67 470 470 519 68 471 471 531 69 472 472 520 70 473 473 571 71 474 474 533 49 475 475 576 72 476 476 570 73 477 477 532 74 478 478 531 69 479 479 735 75 480 480 555 76 481 481 751 77 482 482 546 78 483 483 731 79 484 484 741 80 485 485 518 81 486 486 752 82 487 487 740 83 488 488 516 66 489 489 533 49 490 490 514 84 491 491 542 85 492 492 551 86 493 493 546 78 494 494 561 87 495 495 552 88 496 496 559 89 497 497 561 87 498 498 544 90 499 499 567 91 500 500 566 92 501 501 559 89 502 502 564 93 503 503 563 94 504 504 562 95 505 505 565 96 506 506 545 97 507 507 554 98 508 508 568 99 509 509 522 100 510 510 538 52 511 511 509 101 512 512 564 93 513 513 557 102 514 514 566 92 515 515 520 70 516 516 532 74 517 517 518 81 518 518 523 54 519 519 528 103 520 520 527 56 521 521 511 61 522 522 539 104 523 523 512 58 524 524 748 105 525 525 556 106 526 526 750 107 527 527 557 102 528 528 548 108 529 529 550 109 530 530 539 104 531 531 501 110 532 532 540 59 533 533 556 106 534 534 549 111 535 535 547 112 536 536 519 68 537 537 530 50 538 538 529 113 539 539 565 96 540 540 556 106 541 541 563 94 542 542 575 114 543 543 733 115 544 544 745 116 545 545 729 117 546 546 528 103 547 547 749 118 548 548 560 119 549 549 553 120 550 550 562 95 551 551 566 92 552 552 550 109 553 553 544 90 554 554 565 96 555 555 549 111 556 556 558 121 557 557 510 60 558 558 732 122 559 559 738 123 560 560 562 95 561 561 543 124 562 562 565 96 563 563 744 125 564 564 552 88 565 565 734 126 566 566 553 120 567 567 541 127 568 568 562 95 569 569 554 98 570 570 567 91 571 571 568 99 572 572 530 50 573 573 569 128 574 574 529 113 575 575 576 72 576 576 534 67 577 577 574 129 578 578 524 55 579 579 525 53 580 580 522 100 581 581 574 129 582 582 535 65 583 583 573 130 584 584 538 52 585 585 504 131 586 586 537 62 587 587 569 128 588 588 531 69 589 589 529 113 590 590 573 130 591 591 536 64 592 592 575 114 593 593 525 53 594 594 507 47 595 595 505 51 596 596 537 62 597 597 503 132 598 598 539 104 599 599 602 133 600 600 584 134 601 601 583 135 602 602 593 136 603 603 609 137 604 604 606 138 605 605 581 139 606 606 614 140 607 607 601 141 608 608 600 142 609 609 603 143 610 610 602 133 611 611 603 143 612 612 582 144 613 613 584 134 614 614 588 145 615 615 616 146 616 616 586 147 617 617 587 148 618 618 614 140 619 619 613 149 620 620 591 150 621 621 612 151 622 622 611 152 623 623 592 153 624 624 611 152 625 625 610 154 626 626 595 155 627 627 607 156 628 628 596 157 629 629 647 158 630 630 609 137 631 631 652 159 632 632 646 160 633 633 608 161 634 634 607 156 635 635 759 162 636 636 631 163 637 637 775 164 638 638 622 165 639 639 755 166 640 640 765 167 641 641 594 168 642 642 776 169 643 643 764 170 644 644 592 153 645 645 609 137 646 646 590 171 647 647 618 172 648 648 627 173 649 649 622 165 650 650 637 174 651 651 628 175 652 652 635 176 653 653 637 174 654 654 620 177 655 655 643 178 656 656 642 179 657 657 635 176 658 658 640 180 659 659 639 181 660 660 638 182 661 661 641 183 662 662 621 184 663 663 630 185 664 664 644 186 665 665 585 187 666 666 601 141 667 667 614 140 668 668 640 180 669 669 633 188 670 670 642 179 671 671 596 157 672 672 608 161 673 673 594 168 674 674 599 189 675 675 604 190 676 676 603 143 677 677 588 145 678 678 613 149 679 679 615 191 680 680 772 192 681 681 632 193 682 682 774 194 683 683 633 188 684 684 624 195 685 685 626 196 686 686 615 191 687 687 577 197 688 688 616 146 689 689 632 193 690 690 625 198 691 691 623 199 692 692 595 155 693 693 606 138 694 694 605 200 695 695 641 183 696 696 632 193 697 697 639 181 698 698 651 201 699 699 757 202 700 700 769 203 701 701 753 204 702 702 604 190 703 703 773 205 704 704 636 206 705 705 629 207 706 706 638 182 707 707 642 179 708 708 626 196 709 709 620 177 710 710 641 183 711 711 625 198 712 712 634 208 713 713 586 147 714 714 756 209 715 715 762 210 716 716 638 182 717 717 619 211 718 718 641 183 719 719 768 212 720 720 628 175 721 721 758 213 722 722 629 207 723 723 617 214 724 724 638 182 725 725 630 185 726 726 643 178 727 727 644 186 728 728 647 158 729 729 605 200 730 730 606 138 731 731 652 159 732 732 610 154 733 733 650 215 734 734 600 142 735 735 601 141 736 736 598 216 737 737 650 215 738 738 611 152 739 739 649 217 740 740 614 140 741 741 580 218 742 742 613 149 743 743 645 219 744 744 607 156 745 745 605 200 746 746 649 217 747 747 612 151 748 748 651 201 749 749 601 141 750 750 583 135 751 751 581 139 752 752 613 149 753 753 579 220 754 754 615 191 755 755 678 221 756 756 660 222 757 757 659 223 758 758 666 224 759 759 682 225 760 760 669 226 761 761 657 227 762 762 690 228 763 763 677 229 764 764 676 230 765 765 679 231 766 766 678 221 767 767 679 231 768 768 658 232 769 769 660 222 770 770 664 233 771 771 692 234 772 772 662 235 773 773 663 236 774 774 690 228 775 775 689 237 776 776 667 238 777 777 688 239 778 778 687 240 779 779 668 241 780 780 687 240 781 781 686 242 782 782 671 243 783 783 683 244 784 784 672 245 785 785 723 246 786 786 685 247 787 787 728 248 788 788 722 249 789 789 684 250 790 790 683 244 791 791 783 251 792 792 707 252 793 793 799 253 794 794 698 254 795 795 779 255 796 796 789 256 797 797 670 257 798 798 800 258 799 799 788 259 800 800 668 241 801 801 685 247 802 802 666 224 803 803 694 260 804 804 703 261 805 805 698 254 806 806 713 262 807 807 704 263 808 808 711 264 809 809 713 262 810 810 696 265 811 811 719 266 812 812 713 262 813 813 716 267 814 814 718 268 815 815 715 269 816 816 714 270 817 817 717 271 818 818 697 272 819 819 706 273 820 820 720 274 821 821 661 275 822 822 677 229 823 823 690 228 824 824 707 252 825 825 718 268 826 826 716 267 827 827 672 245 828 828 684 250 829 829 670 257 830 830 675 276 831 831 680 277 832 832 679 231 833 833 663 236 834 834 691 278 835 835 664 233 836 836 796 279 837 837 708 280 838 838 798 281 839 839 709 282 840 840 700 283 841 841 702 284 842 842 691 278 843 843 653 285 844 844 692 234 845 845 708 280 846 846 701 286 847 847 699 287 848 848 671 243 849 849 682 225 850 850 681 288 851 851 717 271 852 852 708 280 853 853 715 269 854 854 727 289 855 855 781 290 856 856 793 291 857 857 777 292 858 858 680 277 859 859 797 293 860 860 712 294 861 861 705 295 862 862 714 270 863 863 718 268 864 864 702 284 865 865 696 265 866 866 717 271 867 867 701 286 868 868 710 296 869 869 662 235 870 870 780 297 871 871 786 298 872 872 714 270 873 873 695 299 874 874 717 271 875 875 792 300 876 876 704 263 877 877 782 301 878 878 705 295 879 879 693 302 880 880 714 270 881 881 706 273 882 882 719 266 883 883 720 274 884 884 723 246 885 885 681 288 886 886 682 225 887 887 728 248 888 888 686 242 889 889 726 303 890 890 676 230 891 891 677 229 892 892 674 304 893 893 726 303 894 894 687 240 895 895 725 305 896 896 690 228 897 897 656 306 898 898 689 237 899 899 721 307 900 900 683 244 901 901 681 288 902 902 725 305 903 903 688 239 904 904 727 289 905 905 677 229 906 906 659 223 907 907 657 227 908 908 689 237 909 909 655 308 910 910 691 278 911 911 665 309 912 912 781 290 913 913 688 239 914 914 791 310 915 915 782 301 916 916 781 290 917 917 785 311 918 918 703 261 919 919 712 294 920 920 786 298 921 921 779 255 922 922 785 311 923 923 699 287 924 924 798 281 925 925 708 280 926 926 778 312 927 927 797 293 928 928 798 281 929 929 794 313 930 930 704 263 931 931 697 272 932 932 793 291 933 933 782 301 934 934 794 313 935 935 673 314 936 936 797 293 937 937 680 277 938 938 795 315 939 939 798 281 940 940 797 293 941 941 787 316 942 942 707 252 943 943 716 267 944 944 788 259 945 945 799 253 946 946 787 316 947 947 790 317 948 948 692 234 949 949 653 285 950 950 789 256 951 951 780 297 952 952 790 317 953 953 724 318 954 954 800 258 955 955 684 250 956 956 784 319 957 957 799 253 958 958 800 258 959 959 589 320 960 960 757 202 961 961 612 151 962 962 767 321 963 963 758 213 964 964 757 202 965 965 761 322 966 966 627 173 967 967 636 206 968 968 762 210 969 969 755 166 970 970 761 322 971 971 623 199 972 972 774 194 973 973 632 193 974 974 754 323 975 975 773 205 976 976 774 194 977 977 770 324 978 978 628 175 979 979 621 184 980 980 769 203 981 981 758 213 982 982 770 324 983 983 597 325 984 984 773 205 985 985 604 190 986 986 771 326 987 987 774 194 988 988 773 205 989 989 763 327 990 990 631 163 991 991 640 180 992 992 764 170 993 993 775 164 994 994 763 327 995 995 766 328 996 996 616 146 997 997 577 197 998 998 765 167 999 999 756 209 1000 1000 766 328 1001 1001 648 329 1002 1002 776 169 1003 1003 608 161 1004 1004 760 330 1005 1005 775 164 1006 1006 776 169 1007 1007 513 331 1008 1008 733 115 1009 1009 536 64 1010 1010 743 332 1011 1011 734 126 1012 1012 733 115 1013 1013 737 333 1014 1014 551 86 1015 1015 560 119 1016 1016 738 123 1017 1017 731 79 1018 1018 737 333 1019 1019 547 112 1020 1020 750 107 1021 1021 556 106 1022 1022 730 334 1023 1023 749 118 1024 1024 750 107 1025 1025 746 335 1026 1026 552 88 1027 1027 545 97 1028 1028 745 116 1029 1029 734 126 1030 1030 746 335 1031 1031 521 336 1032 1032 749 118 1033 1033 528 103 1034 1034 747 337 1035 1035 750 107 1036 1036 749 118 1037 1037 739 338 1038 1038 555 76 1039 1039 564 93 1040 1040 740 83 1041 1041 751 77 1042 1042 739 338 1043 1043 742 339 1044 1044 540 59 1045 1045 501 110 1046 1046 741 80 1047 1047 732 122 1048 1048 742 339 1049 1049 572 340 1050 1050 752 82 1051 1051 532 74 1052 1052 736 341 1053 1053 751 77 1054 1054 752 82 1055 1055 526 45 1056 1056 527 56 1057 1057 508 46 1058 1058 517 48 1059 1059 514 84 1060 1060 533 49 1061 1061 505 51 1062 1062 502 342 1063 1063 538 52 1064 1064 523 54 1065 1065 527 56 1066 1066 526 45 1067 1067 527 56 1068 1068 528 103 1069 1069 506 57 1070 1070 512 58 1071 1071 539 104 1072 1072 540 59 1073 1073 511 61 1074 1074 509 101 1075 1075 538 52 1076 1076 515 63 1077 1077 513 331 1078 1078 536 64 1079 1079 516 66 1080 1080 515 63 1081 1081 535 65 1082 1082 519 68 1083 1083 529 113 1084 1084 531 69 1085 1085 571 71 1086 1086 530 50 1087 1087 533 49 1088 1088 570 73 1089 1089 572 340 1090 1090 532 74 1091 1091 735 75 1092 1092 548 108 1093 1093 555 76 1094 1094 546 78 1095 1095 551 86 1096 1096 731 79 1097 1097 518 81 1098 1098 532 74 1099 1099 752 82 1100 1100 516 66 1101 1101 534 67 1102 1102 533 49 1103 1103 542 85 1104 1104 553 120 1105 1105 551 86 1106 1106 561 87 1107 1107 554 98 1108 1108 552 88 1109 1109 561 87 1110 1110 566 92 1111 1111 544 90 1112 1112 566 92 1113 1113 561 87 1114 1114 559 89 1115 1115 563 94 1116 1116 560 119 1117 1117 562 95 1118 1118 545 97 1119 1119 552 88 1120 1120 554 98 1121 1121 522 100 1122 1122 525 53 1123 1123 538 52 1124 1124 564 93 1125 1125 555 76 1126 1126 557 102 1127 1127 520 70 1128 1128 531 69 1129 1129 532 74 1130 1130 523 54 1131 1131 521 336 1132 1132 528 103 1133 1133 511 61 1134 1134 537 62 1135 1135 539 104 1136 1136 748 105 1137 1137 563 94 1138 1138 556 106 1139 1139 557 102 1140 1140 555 76 1141 1141 548 108 1142 1142 539 104 1143 1143 503 132 1144 1144 501 110 1145 1145 556 106 1146 1146 558 121 1147 1147 549 111 1148 1148 519 68 1149 1149 517 48 1150 1150 530 50 1151 1151 565 96 1152 1152 558 121 1153 1153 556 106 1154 1154 575 114 1155 1155 536 64 1156 1156 733 115 1157 1157 729 117 1158 1158 506 57 1159 1159 528 103 1160 1160 560 119 1161 1161 551 86 1162 1162 553 120 1163 1163 566 92 1164 1164 557 102 1165 1165 550 109 1166 1166 565 96 1167 1167 543 124 1168 1168 549 111 1169 1169 510 60 1170 1170 540 59 1171 1171 732 122 1172 1172 562 95 1173 1173 541 127 1174 1174 543 124 1175 1175 744 125 1176 1176 559 89 1177 1177 552 88 1178 1178 553 120 1179 1179 542 85 1180 1180 541 127 1181 1181 554 98 1182 1182 561 87 1183 1183 567 91 1184 1184 530 50 1185 1185 571 71 1186 1186 569 128 1187 1187 576 72 1188 1188 533 49 1189 1189 534 67 1190 1190 524 55 1191 1191 526 45 1192 1192 525 53 1193 1193 574 129 1194 1194 534 67 1195 1195 535 65 1196 1196 538 52 1197 1197 502 342 1198 1198 504 131 1199 1199 569 128 1200 1200 570 73 1201 1201 531 69 1202 1202 573 130 1203 1203 535 65 1204 1204 536 64 1205 1205 525 53 1206 1206 526 45 1207 1207 507 47 1208 1208 537 62 1209 1209 504 131 1210 1210 503 132 1211 1211 602 133 1212 1212 603 143 1213 1213 584 134 1214 1214 593 136 1215 1215 590 171 1216 1216 609 137 1217 1217 581 139 1218 1218 578 343 1219 1219 614 140 1220 1220 600 142 1221 1221 599 189 1222 1222 603 143 1223 1223 603 143 1224 1224 604 190 1225 1225 582 144 1226 1226 588 145 1227 1227 615 191 1228 1228 616 146 1229 1229 587 148 1230 1230 585 187 1231 1231 614 140 1232 1232 591 150 1233 1233 589 320 1234 1234 612 151 1235 1235 592 153 1236 1236 591 150 1237 1237 611 152 1238 1238 595 155 1239 1239 605 200 1240 1240 607 156 1241 1241 647 158 1242 1242 606 138 1243 1243 609 137 1244 1244 646 160 1245 1245 648 329 1246 1246 608 161 1247 1247 759 162 1248 1248 624 195 1249 1249 631 163 1250 1250 622 165 1251 1251 627 173 1252 1252 755 166 1253 1253 594 168 1254 1254 608 161 1255 1255 776 169 1256 1256 592 153 1257 1257 610 154 1258 1258 609 137 1259 1259 618 172 1260 1260 629 207 1261 1261 627 173 1262 1262 637 174 1263 1263 630 185 1264 1264 628 175 1265 1265 637 174 1266 1266 642 179 1267 1267 620 177 1268 1268 642 179 1269 1269 637 174 1270 1270 635 176 1271 1271 639 181 1272 1272 636 206 1273 1273 638 182 1274 1274 621 184 1275 1275 628 175 1276 1276 630 185 1277 1277 585 187 1278 1278 598 216 1279 1279 601 141 1280 1280 640 180 1281 1281 631 163 1282 1282 633 188 1283 1283 596 157 1284 1284 607 156 1285 1285 608 161 1286 1286 599 189 1287 1287 597 325 1288 1288 604 190 1289 1289 588 145 1290 1290 587 148 1291 1291 613 149 1292 1292 772 192 1293 1293 639 181 1294 1294 632 193 1295 1295 633 188 1296 1296 631 163 1297 1297 624 195 1298 1298 615 191 1299 1299 579 220 1300 1300 577 197 1301 1301 632 193 1302 1302 634 208 1303 1303 625 198 1304 1304 595 155 1305 1305 593 136 1306 1306 606 138 1307 1307 641 183 1308 1308 634 208 1309 1309 632 193 1310 1310 651 201 1311 1311 612 151 1312 1312 757 202 1313 1313 753 204 1314 1314 582 144 1315 1315 604 190 1316 1316 636 206 1317 1317 627 173 1318 1318 629 207 1319 1319 642 179 1320 1320 633 188 1321 1321 626 196 1322 1322 641 183 1323 1323 619 211 1324 1324 625 198 1325 1325 586 147 1326 1326 616 146 1327 1327 756 209 1328 1328 638 182 1329 1329 617 214 1330 1330 619 211 1331 1331 768 212 1332 1332 635 176 1333 1333 628 175 1334 1334 629 207 1335 1335 618 172 1336 1336 617 214 1337 1337 630 185 1338 1338 637 174 1339 1339 643 178 1340 1340 647 158 1341 1341 645 219 1342 1342 605 200 1343 1343 652 159 1344 1344 609 137 1345 1345 610 154 1346 1346 600 142 1347 1347 602 133 1348 1348 601 141 1349 1349 650 215 1350 1350 610 154 1351 1351 611 152 1352 1352 614 140 1353 1353 578 343 1354 1354 580 218 1355 1355 645 219 1356 1356 646 160 1357 1357 607 156 1358 1358 649 217 1359 1359 611 152 1360 1360 612 151 1361 1361 601 141 1362 1362 602 133 1363 1363 583 135 1364 1364 613 149 1365 1365 580 218 1366 1366 579 220 1367 1367 678 221 1368 1368 679 231 1369 1369 660 222 1370 1370 666 224 1371 1371 685 247 1372 1372 682 225 1373 1373 657 227 1374 1374 654 344 1375 1375 690 228 1376 1376 676 230 1377 1377 675 276 1378 1378 679 231 1379 1379 679 231 1380 1380 680 277 1381 1381 658 232 1382 1382 664 233 1383 1383 691 278 1384 1384 692 234 1385 1385 663 236 1386 1386 661 275 1387 1387 690 228 1388 1388 667 238 1389 1389 665 309 1390 1390 688 239 1391 1391 668 241 1392 1392 667 238 1393 1393 687 240 1394 1394 671 243 1395 1395 681 288 1396 1396 683 244 1397 1397 723 246 1398 1398 682 225 1399 1399 685 247 1400 1400 722 249 1401 1401 724 318 1402 1402 684 250 1403 1403 783 251 1404 1404 700 283 1405 1405 707 252 1406 1406 698 254 1407 1407 703 261 1408 1408 779 255 1409 1409 670 257 1410 1410 684 250 1411 1411 800 258 1412 1412 668 241 1413 1413 686 242 1414 1414 685 247 1415 1415 694 260 1416 1416 705 295 1417 1417 703 261 1418 1418 713 262 1419 1419 706 273 1420 1420 704 263 1421 1421 713 262 1422 1422 718 268 1423 1423 696 265 1424 1424 713 262 1425 1425 711 264 1426 1426 716 267 1427 1427 715 269 1428 1428 712 294 1429 1429 714 270 1430 1430 697 272 1431 1431 704 263 1432 1432 706 273 1433 1433 661 275 1434 1434 674 304 1435 1435 677 229 1436 1436 707 252 1437 1437 709 282 1438 1438 718 268 1439 1439 672 245 1440 1440 683 244 1441 1441 684 250 1442 1442 675 276 1443 1443 673 314 1444 1444 680 277 1445 1445 663 236 1446 1446 689 237 1447 1447 691 278 1448 1448 796 279 1449 1449 715 269 1450 1450 708 280 1451 1451 709 282 1452 1452 707 252 1453 1453 700 283 1454 1454 691 278 1455 1455 655 308 1456 1456 653 285 1457 1457 708 280 1458 1458 710 296 1459 1459 701 286 1460 1460 671 243 1461 1461 669 226 1462 1462 682 225 1463 1463 717 271 1464 1464 710 296 1465 1465 708 280 1466 1466 727 289 1467 1467 688 239 1468 1468 781 290 1469 1469 777 292 1470 1470 658 232 1471 1471 680 277 1472 1472 712 294 1473 1473 703 261 1474 1474 705 295 1475 1475 718 268 1476 1476 709 282 1477 1477 702 284 1478 1478 717 271 1479 1479 695 299 1480 1480 701 286 1481 1481 662 235 1482 1482 692 234 1483 1483 780 297 1484 1484 714 270 1485 1485 693 302 1486 1486 695 299 1487 1487 792 300 1488 1488 711 264 1489 1489 704 263 1490 1490 705 295 1491 1491 694 260 1492 1492 693 302 1493 1493 706 273 1494 1494 713 262 1495 1495 719 266 1496 1496 723 246 1497 1497 721 307 1498 1498 681 288 1499 1499 728 248 1500 1500 685 247 1501 1501 686 242 1502 1502 676 230 1503 1503 678 221 1504 1504 677 229 1505 1505 726 303 1506 1506 686 242 1507 1507 687 240 1508 1508 690 228 1509 1509 654 344 1510 1510 656 306 1511 1511 721 307 1512 1512 722 249 1513 1513 683 244 1514 1514 725 305 1515 1515 687 240 1516 1516 688 239 1517 1517 677 229 1518 1518 678 221 1519 1519 659 223 1520 1520 689 237 1521 1521 656 306 1522 1522 655 308 1523 1523 665 309 1524 1524 791 310 1525 1525 781 290 1526 1526 791 310 1527 1527 792 300 1528 1528 782 301 1529 1529 785 311 1530 1530 779 255 1531 1531 703 261 1532 1532 786 298 1533 1533 780 297 1534 1534 779 255 1535 1535 699 287 1536 1536 778 312 1537 1537 798 281 1538 1538 778 312 1539 1539 777 292 1540 1540 797 293 1541 1541 794 313 1542 1542 782 301 1543 1543 704 263 1544 1544 793 291 1545 1545 781 290 1546 1546 782 301 1547 1547 673 314 1548 1548 795 315 1549 1549 797 293 1550 1550 795 315 1551 1551 796 279 1552 1552 798 281 1553 1553 787 316 1554 1554 799 253 1555 1555 707 252 1556 1556 788 259 1557 1557 800 258 1558 1558 799 253 1559 1559 790 317 1560 1560 780 297 1561 1561 692 234 1562 1562 789 256 1563 1563 779 255 1564 1564 780 297 1565 1565 724 318 1566 1566 784 319 1567 1567 800 258 1568 1568 784 319 1569 1569 783 251 1570 1570 799 253 1571 1571 589 320 1572 1572 767 321 1573 1573 757 202 1574 1574 767 321 1575 1575 768 212 1576 1576 758 213 1577 1577 761 322 1578 1578 755 166 1579 1579 627 173 1580 1580 762 210 1581 1581 756 209 1582 1582 755 166 1583 1583 623 199 1584 1584 754 323 1585 1585 774 194 1586 1586 754 323 1587 1587 753 204 1588 1588 773 205 1589 1589 770 324 1590 1590 758 213 1591 1591 628 175 1592 1592 769 203 1593 1593 757 202 1594 1594 758 213 1595 1595 597 325 1596 1596 771 326 1597 1597 773 205 1598 1598 771 326 1599 1599 772 192 1600 1600 774 194 1601 1601 763 327 1602 1602 775 164 1603 1603 631 163 1604 1604 764 170 1605 1605 776 169 1606 1606 775 164 1607 1607 766 328 1608 1608 756 209 1609 1609 616 146 1610 1610 765 167 1611 1611 755 166 1612 1612 756 209 1613 1613 648 329 1614 1614 760 330 1615 1615 776 169 1616 1616 760 330 1617 1617 759 162 1618 1618 775 164 1619 1619 513 331 1620 1620 743 332 1621 1621 733 115 1622 1622 743 332 1623 1623 744 125 1624 1624 734 126 1625 1625 737 333 1626 1626 731 79 1627 1627 551 86 1628 1628 738 123 1629 1629 732 122 1630 1630 731 79 1631 1631 547 112 1632 1632 730 334 1633 1633 750 107 1634 1634 730 334 1635 1635 729 117 1636 1636 749 118 1637 1637 746 335 1638 1638 734 126 1639 1639 552 88 1640 1640 745 116 1641 1641 733 115 1642 1642 734 126 1643 1643 521 336 1644 1644 747 337 1645 1645 749 118 1646 1646 747 337 1647 1647 748 105 1648 1648 750 107 1649 1649 739 338 1650 1650 751 77 1651 1651 555 76 1652 1652 740 83 1653 1653 752 82 1654 1654 751 77 1655 1655 742 339 1656 1656 732 122 1657 1657 540 59 1658 1658 741 80 1659 1659 731 79 1660 1660 732 122 1661 1661 572 340 1662 1662 736 341 1663 1663 752 82 1664 1664 736 341 1665 1665 735 75 1666 1666 751 77 1667 1667</p>
        </triangles>
        <triangles material="slabs_large-material" count="72">
          <input semantic="VERTEX" source="#Plane_688-mesh-vertices" offset="0"/>
          <input semantic="NORMAL" source="#Plane_688-mesh-normals" offset="1"/>
          <input semantic="TEXCOORD" source="#Plane_688-mesh-map-0" offset="2" set="0"/>
          <input semantic="TEXCOORD" source="#Plane_688-mesh-map-1" offset="2" set="1"/>
          <input semantic="TEXCOORD" source="#Plane_688-mesh-map-2" offset="2" set="2"/>
          <input semantic="COLOR" source="#Plane_688-mesh-colors-Col" offset="3" set="0"/>
          <p>744 125 1668 1668 564 93 1669 1669 559 89 1670 1670 510 345 1671 1671 509 346 1672 1672 512 347 1673 1673 768 348 1674 1674 640 349 1675 1675 635 349 1676 1676 586 147 1677 1677 585 187 1678 1678 588 145 1679 1679 792 350 1680 1680 716 350 1681 1681 711 350 1682 1682 662 235 1683 1683 661 275 1684 1684 664 233 1685 1685 712 294 1686 1686 796 279 1687 1687 785 311 1688 1688 785 351 1689 1689 795 352 1690 1690 786 353 1691 1691 791 310 1692 1692 787 316 1693 1693 792 300 1694 1694 636 354 1695 1695 772 355 1696 1696 761 356 1697 1697 761 357 1698 1698 771 358 1699 1699 762 359 1700 1700 767 321 1701 1701 763 327 1702 1702 768 212 1703 1703 560 119 1704 1704 748 105 1705 1705 737 333 1706 1706 737 333 1707 1707 747 337 1708 1708 738 123 1709 1709 743 332 1710 1710 739 338 1711 1711 744 125 1712 1712 665 360 1713 1713 667 361 1714 1714 666 361 1715 1715 670 362 1716 1716 665 363 1717 1717 666 364 1718 1718 667 365 1719 1719 668 366 1720 1720 666 367 1721 1721 666 368 1722 1722 669 368 1723 1723 670 369 1724 1724 669 370 1725 1725 671 371 1726 1726 672 372 1727 1727 670 257 1728 1728 669 373 1729 1729 672 245 1730 1730 740 83 1731 1731 513 331 1732 1732 518 81 1733 1733 589 320 1734 1734 591 150 1735 1735 590 171 1736 1736 594 168 1737 1737 589 320 1738 1738 590 171 1739 1739 591 150 1740 1740 592 153 1741 1741 590 171 1742 1742 590 171 1743 1743 593 136 1744 1744 594 168 1745 1745 593 374 1746 1746 595 374 1747 1747 596 374 1748 1748 594 168 1749 1749 593 136 1750 1750 596 157 1751 1751 788 259 1752 1752 665 309 1753 1753 670 257 1754 1754 513 375 1755 1755 515 375 1756 1756 514 375 1757 1757 518 376 1758 1758 513 376 1759 1759 514 376 1760 1760 515 377 1761 1761 516 377 1762 1762 514 378 1763 1763 514 379 1764 1764 517 379 1765 1765 518 380 1766 1766 517 381 1767 1767 519 381 1768 1768 520 381 1769 1769 518 382 1770 1770 517 382 1771 1771 520 382 1772 1772 764 170 1773 1773 589 320 1774 1774 594 168 1775 1775 744 125 1776 1776 739 338 1777 1777 564 93 1778 1778 510 60 1779 1779 738 123 1780 1780 521 336 1781 1781 738 123 1782 1782 747 337 1783 1783 521 336 1784 1784 521 383 1785 1785 523 384 1786 1786 522 385 1787 1787 510 60 1788 1788 521 336 1789 1789 522 100 1790 1790 523 386 1791 1791 524 387 1792 1792 522 388 1793 1793 522 100 1794 1794 509 101 1795 1795 510 60 1796 1796 509 101 1797 1797 511 61 1798 1798 512 58 1799 1799 768 389 1800 1800 763 390 1801 1801 640 391 1802 1802 586 392 1803 1803 762 393 1804 1804 597 392 1805 1805 762 394 1806 1806 771 395 1807 1807 597 396 1808 1808 597 325 1809 1809 599 189 1810 1810 600 142 1811 1811 586 147 1812 1812 597 325 1813 1813 598 216 1814 1814 600 142 1815 1815 598 216 1816 1816 597 325 1817 1817 598 216 1818 1818 585 187 1819 1819 586 147 1820 1820 585 187 1821 1821 587 148 1822 1822 588 145 1823 1823 792 397 1824 1824 787 397 1825 1825 716 397 1826 1826 662 235 1827 1827 786 298 1828 1828 673 314 1829 1829 786 298 1830 1830 795 315 1831 1831 673 314 1832 1832 673 314 1833 1833 675 276 1834 1834 674 304 1835 1835 662 235 1836 1836 673 314 1837 1837 674 304 1838 1838 675 276 1839 1839 676 230 1840 1840 674 304 1841 1841 674 304 1842 1842 661 275 1843 1843 662 235 1844 1844 661 398 1845 1845 663 398 1846 1846 664 398 1847 1847 712 399 1848 1848 715 400 1849 1849 796 401 1850 1850 785 311 1851 1851 796 279 1852 1852 795 315 1853 1853 791 310 1854 1854 788 259 1855 1855 787 316 1856 1856 636 402 1857 1857 639 403 1858 1858 772 404 1859 1859 761 405 1860 1860 772 406 1861 1861 771 407 1862 1862 767 321 1863 1863 764 170 1864 1864 763 327 1865 1865 560 119 1866 1866 563 94 1867 1867 748 105 1868 1868 737 333 1869 1869 748 105 1870 1870 747 337 1871 1871 743 332 1872 1872 740 83 1873 1873 739 338 1874 1874 740 83 1875 1875 743 332 1876 1876 513 331 1877 1877 788 259 1878 1878 791 310 1879 1879 665 309 1880 1880 764 170 1881 1881 767 321 1882 1882 589 320 1883 1883</p>
        </triangles>
        <triangles material="architraves-material" count="16">
          <input semantic="VERTEX" source="#Plane_688-mesh-vertices" offset="0"/>
          <input semantic="NORMAL" source="#Plane_688-mesh-normals" offset="1"/>
          <input semantic="TEXCOORD" source="#Plane_688-mesh-map-0" offset="2" set="0"/>
          <input semantic="TEXCOORD" source="#Plane_688-mesh-map-1" offset="2" set="1"/>
          <input semantic="TEXCOORD" source="#Plane_688-mesh-map-2" offset="2" set="2"/>
          <input semantic="COLOR" source="#Plane_688-mesh-colors-Col" offset="3" set="0"/>
          <p>249 408 1884 1884 252 408 1885 1885 253 408 1886 1886 250 409 1887 1887 253 410 1888 1888 254 411 1889 1889 248 412 1890 1890 251 412 1891 1891 252 412 1892 1892 247 413 1893 1893 254 413 1894 1894 251 413 1895 1895 245 1 1896 1896 252 1 1897 1897 251 1 1898 1898 244 414 1899 1899 252 415 1900 1900 243 416 1901 1901 246 417 1902 1902 253 418 1903 1903 244 419 1904 1904 246 420 1905 1905 251 421 1906 1906 254 422 1907 1907 249 423 1908 1908 248 423 1909 1909 252 423 1910 1910 250 424 1911 1911 249 425 1912 1912 253 426 1913 1913 248 412 1914 1914 247 412 1915 1915 251 412 1916 1916 247 427 1917 1917 250 427 1918 1918 254 427 1919 1919 245 1 1920 1920 243 1 1921 1921 252 1 1922 1922 244 428 1923 1923 253 429 1924 1924 252 430 1925 1925 246 431 1926 1926 254 432 1927 1927 253 433 1928 1928 246 434 1929 1929 245 435 1930 1930 251 436 1931 1931</p>
        </triangles>
        <triangles material="industrial-material" count="156">
          <input semantic="VERTEX" source="#Plane_688-mesh-vertices" offset="0"/>
          <input semantic="NORMAL" source="#Plane_688-mesh-normals" offset="1"/>
          <input semantic="TEXCOORD" source="#Plane_688-mesh-map-0" offset="2" set="0"/>
          <input semantic="TEXCOORD" source="#Plane_688-mesh-map-1" offset="2" set="1"/>
          <input semantic="TEXCOORD" source="#Plane_688-mesh-map-2" offset="2" set="2"/>
          <input semantic="COLOR" source="#Plane_688-mesh-colors-Col" offset="3" set="0"/>
          <p>2 437 1932 1932 1 437 1933 1933 0 437 1934 1934 5 438 1935 1935 3 438 1936 1936 2 438 1937 1937 4 439 1938 1938 9 439 1939 1939 5 439 1940 1940 0 440 1941 1941 8 440 1942 1942 4 440 1943 1943 1 441 1944 1944 15 441 1945 1945 8 441 1946 1946 7 442 1947 1947 15 442 1948 1948 14 442 1949 1949 7 443 1950 1950 14 443 1951 1951 9 443 1952 1952 13 444 1953 1953 7 444 1954 1954 9 444 1955 1955 12 445 1956 1956 9 445 1957 1957 8 445 1958 1958 7 427 1959 1959 10 427 1960 1960 6 427 1961 1961 10 446 1962 1962 8 446 1963 1963 6 446 1964 1964 9 447 1965 1965 14 447 1966 1966 3 447 1967 1967 14 448 1968 1968 1 448 1969 1969 3 448 1970 1970 15 449 1971 1971 6 449 1972 1972 8 449 1973 1973 41 450 1974 1974 35 450 1975 1975 32 450 1976 1976 25 423 1977 1977 239 423 1978 1978 240 423 1979 1979 29 412 1980 1980 26 412 1981 1981 25 412 1982 1982 242 451 1983 1983 24 451 1984 1984 241 451 1985 1985 239 423 1986 1986 23 423 1987 1987 242 423 1988 1988 24 423 1989 1989 240 423 1990 1990 241 423 1991 1991 27 452 1992 1992 24 452 1993 1993 23 452 1994 1994 30 453 1995 1995 23 453 1996 1996 26 453 1997 1997 28 450 1998 1998 25 450 1999 1999 24 450 2000 2000 40 1 2001 2001 37 1 2002 2002 38 1 2003 2003 42 423 2004 2004 38 423 2005 2005 35 423 2006 2006 47 412 2007 2007 44 412 2008 2008 43 412 2009 2009 46 452 2010 2010 31 452 2011 2011 34 452 2012 2012 44 423 2013 2013 46 423 2014 2014 34 423 2015 2015 137 423 2016 2016 135 423 2017 2017 139 423 2018 2018 135 452 2019 2019 140 452 2020 2020 139 452 2021 2021 62 452 2022 2022 63 452 2023 2023 61 452 2024 2024 61 1 2025 2025 66 1 2026 2026 62 1 2027 2027 65 454 2028 2028 68 455 2029 2029 66 456 2030 2030 70 452 2031 2031 71 452 2032 2032 69 452 2033 2033 69 1 2034 2034 74 1 2035 2035 70 1 2036 2036 73 412 2037 2037 76 412 2038 2038 74 412 2039 2039 80 457 2040 2040 77 457 2041 2041 79 457 2042 2042 84 458 2043 2043 79 459 2044 2044 83 459 2045 2045 83 460 2046 2046 82 461 2047 2047 84 462 2048 2048 86 452 2049 2049 87 452 2050 2050 85 452 2051 2051 85 463 2052 2052 90 463 2053 2053 86 463 2054 2054 89 412 2055 2055 92 412 2056 2056 90 412 2057 2057 96 464 2058 2058 93 464 2059 2059 95 464 2060 2060 100 1 2061 2061 95 1 2062 2062 99 1 2063 2063 99 452 2064 2064 98 452 2065 2065 100 452 2066 2066 120 427 2067 2067 121 427 2068 2068 119 427 2069 2069 119 1 2070 2070 124 1 2071 2071 120 1 2072 2072 123 423 2073 2073 126 423 2074 2074 124 423 2075 2075 130 465 2076 2076 131 465 2077 2077 127 465 2078 2078 128 466 2079 2079 133 466 2080 2080 129 466 2081 2081 129 412 2082 2082 134 412 2083 2083 130 412 2084 2084 127 452 2085 2085 132 452 2086 2086 128 452 2087 2087 60 412 2088 2088 137 412 2089 2089 138 412 2090 2090 161 467 2091 2091 160 467 2092 2092 159 467 2093 2093 164 468 2094 2094 162 469 2095 2095 161 470 2096 2096 163 471 2097 2097 168 471 2098 2098 164 471 2099 2099 159 472 2100 2100 167 473 2101 2101 163 474 2102 2102 160 475 2103 2103 174 476 2104 2104 167 477 2105 2105 173 478 2106 2106 165 478 2107 2107 174 478 2108 2108 166 479 2109 2109 173 479 2110 2110 168 479 2111 2111 172 480 2112 2112 166 481 2113 2113 168 482 2114 2114 167 483 2115 2115 172 483 2116 2116 168 483 2117 2117 170 484 2118 2118 165 484 2119 2119 166 484 2120 2120 169 485 2121 2121 167 486 2122 2122 165 487 2123 2123 168 488 2124 2124 173 488 2125 2125 162 488 2126 2126 173 489 2127 2127 160 489 2128 2128 162 489 2129 2129 174 490 2130 2130 165 491 2131 2131 167 492 2132 2132 180 427 2133 2133 181 427 2134 2134 179 427 2135 2135 179 1 2136 2136 184 1 2137 2137 180 1 2138 2138 183 423 2139 2139 186 423 2140 2140 184 423 2141 2141 188 427 2142 2142 189 427 2143 2143 187 427 2144 2144 187 1 2145 2145 192 1 2146 2146 188 1 2147 2147 191 423 2148 2148 194 423 2149 2149 192 423 2150 2150 195 1 2151 2151 198 1 2152 2152 196 1 2153 2153 206 493 2154 2154 207 493 2155 2155 203 493 2156 2156 204 494 2157 2157 209 494 2158 2158 205 494 2159 2159 205 412 2160 2160 210 412 2161 2161 206 412 2162 2162 203 452 2163 2163 208 452 2164 2164 204 452 2165 2165 214 495 2166 2166 215 495 2167 2167 211 495 2168 2168 212 496 2169 2169 217 496 2170 2170 213 496 2171 2171 213 412 2172 2172 218 412 2173 2173 214 412 2174 2174 211 452 2175 2175 216 452 2176 2176 212 452 2177 2177 2 437 2178 2178 3 437 2179 2179 1 437 2180 2180 5 497 2181 2181 9 497 2182 2182 3 497 2183 2183 4 498 2184 2184 8 498 2185 2185 9 498 2186 2186 0 499 2187 2187 1 499 2188 2188 8 499 2189 2189 7 500 2190 2190 6 500 2191 2191 15 500 2192 2192 13 501 2193 2193 11 501 2194 2194 7 501 2195 2195 12 423 2196 2196 13 423 2197 2197 9 423 2198 2198 7 502 2199 2199 11 502 2200 2200 10 502 2201 2201 10 503 2202 2202 12 503 2203 2203 8 503 2204 2204 14 504 2205 2205 15 504 2206 2206 1 504 2207 2207 41 450 2208 2208 42 450 2209 2209 35 450 2210 2210 25 505 2211 2211 26 505 2212 2212 239 505 2213 2213 29 412 2214 2214 30 412 2215 2215 26 412 2216 2216 242 423 2217 2217 23 423 2218 2218 24 423 2219 2219 239 506 2220 2220 26 506 2221 2221 23 506 2222 2222 24 423 2223 2223 25 423 2224 2224 240 423 2225 2225 27 452 2226 2226 28 452 2227 2227 24 452 2228 2228 30 453 2229 2229 27 453 2230 2230 23 453 2231 2231 28 450 2232 2232 29 450 2233 2233 25 450 2234 2234 40 1 2235 2235 39 1 2236 2236 37 1 2237 2237 42 423 2238 2238 40 423 2239 2239 38 423 2240 2240 47 412 2241 2241 48 412 2242 2242 44 412 2243 2243 46 452 2244 2244 45 452 2245 2245 31 452 2246 2246 44 507 2247 2247 48 507 2248 2248 46 507 2249 2249 137 508 2250 2250 59 508 2251 2251 135 508 2252 2252 135 452 2253 2253 136 452 2254 2254 140 452 2255 2255 62 452 2256 2256 64 452 2257 2257 63 452 2258 2258 61 1 2259 2259 65 1 2260 2260 66 1 2261 2261 65 509 2262 2262 67 510 2263 2263 68 511 2264 2264 70 452 2265 2265 72 452 2266 2266 71 452 2267 2267 69 1 2268 2268 73 1 2269 2269 74 1 2270 2270 73 412 2271 2271 75 412 2272 2272 76 412 2273 2273 80 457 2274 2274 78 457 2275 2275 77 457 2276 2276 84 512 2277 2277 80 512 2278 2278 79 512 2279 2279 83 513 2280 2280 81 514 2281 2281 82 515 2282 2282 86 452 2283 2283 88 452 2284 2284 87 452 2285 2285 85 463 2286 2286 89 463 2287 2287 90 463 2288 2288 89 412 2289 2289 91 412 2290 2290 92 412 2291 2291 96 412 2292 2292 94 412 2293 2293 93 412 2294 2294 100 1 2295 2295 96 1 2296 2296 95 1 2297 2297 99 452 2298 2298 97 452 2299 2299 98 452 2300 2300 120 427 2301 2301 122 427 2302 2302 121 427 2303 2303 119 1 2304 2304 123 1 2305 2305 124 1 2306 2306 123 423 2307 2307 125 423 2308 2308 126 423 2309 2309 130 516 2310 2310 134 516 2311 2311 131 516 2312 2312 128 517 2313 2313 132 517 2314 2314 133 517 2315 2315 129 412 2316 2316 133 412 2317 2317 134 412 2318 2318 127 452 2319 2319 131 452 2320 2320 132 452 2321 2321 60 412 2322 2322 59 412 2323 2323 137 412 2324 2324 161 518 2325 2325 162 518 2326 2326 160 518 2327 2327 164 519 2328 2328 168 520 2329 2329 162 521 2330 2330 163 522 2331 2331 167 522 2332 2332 168 522 2333 2333 159 523 2334 2334 160 524 2335 2335 167 525 2336 2336 173 526 2337 2337 166 526 2338 2338 165 526 2339 2339 172 527 2340 2340 170 528 2341 2341 166 529 2342 2342 167 530 2343 2343 171 530 2344 2344 172 530 2345 2345 170 427 2346 2346 169 427 2347 2347 165 427 2348 2348 169 531 2349 2349 171 532 2350 2350 167 533 2351 2351 173 534 2352 2352 174 534 2353 2353 160 534 2354 2354 180 427 2355 2355 182 427 2356 2356 181 427 2357 2357 179 1 2358 2358 183 1 2359 2359 184 1 2360 2360 183 423 2361 2361 185 423 2362 2362 186 423 2363 2363 188 427 2364 2364 190 427 2365 2365 189 427 2366 2366 187 1 2367 2367 191 1 2368 2368 192 1 2369 2369 191 423 2370 2370 193 423 2371 2371 194 423 2372 2372 195 1 2373 2373 197 1 2374 2374 198 1 2375 2375 206 535 2376 2376 210 535 2377 2377 207 535 2378 2378 204 536 2379 2379 208 536 2380 2380 209 536 2381 2381 205 412 2382 2382 209 412 2383 2383 210 412 2384 2384 203 452 2385 2385 207 452 2386 2386 208 452 2387 2387 214 537 2388 2388 218 537 2389 2389 215 537 2390 2390 212 538 2391 2391 216 538 2392 2392 217 538 2393 2393 213 412 2394 2394 217 412 2395 2395 218 412 2396 2396 211 452 2397 2397 215 452 2398 2398 216 452 2399 2399</p>
        </triangles>
        <triangles material="windows_doors_reflective-material" count="8">
          <input semantic="VERTEX" source="#Plane_688-mesh-vertices" offset="0"/>
          <input semantic="NORMAL" source="#Plane_688-mesh-normals" offset="1"/>
          <input semantic="TEXCOORD" source="#Plane_688-mesh-map-0" offset="2" set="0"/>
          <input semantic="TEXCOORD" source="#Plane_688-mesh-map-1" offset="2" set="1"/>
          <input semantic="TEXCOORD" source="#Plane_688-mesh-map-2" offset="2" set="2"/>
          <input semantic="COLOR" source="#Plane_688-mesh-colors-Col" offset="3" set="0"/>
          <p>42 412 2400 2400 39 412 2401 2401 40 412 2402 2402 116 412 2403 2403 118 412 2404 2404 117 412 2405 2405 145 539 2406 2406 157 539 2407 2407 156 539 2408 2408 155 1 2409 2409 146 1 2410 2410 145 1 2411 2411 42 412 2412 2412 41 412 2413 2413 39 412 2414 2414 116 412 2415 2415 115 412 2416 2416 118 412 2417 2417 145 540 2418 2418 146 540 2419 2419 157 540 2420 2420 155 1 2421 2421 158 1 2422 2422 146 1 2423 2423</p>
        </triangles>
        <triangles material="corrugation-material" count="2">
          <input semantic="VERTEX" source="#Plane_688-mesh-vertices" offset="0"/>
          <input semantic="NORMAL" source="#Plane_688-mesh-normals" offset="1"/>
          <input semantic="TEXCOORD" source="#Plane_688-mesh-map-0" offset="2" set="0"/>
          <input semantic="TEXCOORD" source="#Plane_688-mesh-map-1" offset="2" set="1"/>
          <input semantic="TEXCOORD" source="#Plane_688-mesh-map-2" offset="2" set="2"/>
          <input semantic="COLOR" source="#Plane_688-mesh-colors-Col" offset="3" set="0"/>
          <p>28 427 2424 2424 30 427 2425 2425 29 427 2426 2426 28 541 2427 2427 27 541 2428 2428 30 541 2429 2429</p>
        </triangles>
        <triangles material="brick_painted-material" count="28">
          <input semantic="VERTEX" source="#Plane_688-mesh-vertices" offset="0"/>
          <input semantic="NORMAL" source="#Plane_688-mesh-normals" offset="1"/>
          <input semantic="TEXCOORD" source="#Plane_688-mesh-map-0" offset="2" set="0"/>
          <input semantic="TEXCOORD" source="#Plane_688-mesh-map-1" offset="2" set="1"/>
          <input semantic="TEXCOORD" source="#Plane_688-mesh-map-2" offset="2" set="2"/>
          <input semantic="COLOR" source="#Plane_688-mesh-colors-Col" offset="3" set="0"/>
          <p>20 450 2430 2430 18 450 2431 2431 17 450 2432 2432 104 412 2433 2433 109 412 2434 2434 108 412 2435 2435 19 452 2436 2436 17 452 2437 2437 16 452 2438 2438 36 1 2439 2439 31 1 2440 2440 33 1 2441 2441 35 412 2442 2442 33 412 2443 2443 32 412 2444 2444 51 542 2445 2445 56 542 2446 2446 55 542 2447 2447 54 1 2448 2448 50 1 2449 2449 49 1 2450 2450 58 412 2451 2451 57 412 2452 2452 54 412 2453 2453 114 543 2454 2454 105 543 2455 2455 113 543 2456 2456 107 412 2457 2457 101 412 2458 2458 102 412 2459 2459 116 427 2460 2460 111 427 2461 2461 112 427 2462 2462 115 1 2463 2463 112 1 2464 2464 114 1 2465 2465 113 423 2466 2466 115 423 2467 2467 114 423 2468 2468 117 450 2469 2469 113 450 2470 2470 111 450 2471 2471 20 450 2472 2472 21 450 2473 2473 18 450 2474 2474 104 412 2475 2475 103 412 2476 2476 109 412 2477 2477 19 452 2478 2478 20 452 2479 2479 17 452 2480 2480 36 1 2481 2481 34 1 2482 2482 31 1 2483 2483 35 412 2484 2484 36 412 2485 2485 33 412 2486 2486 51 542 2487 2487 52 542 2488 2488 56 542 2489 2489 54 1 2490 2490 57 1 2491 2491 50 1 2492 2492 58 412 2493 2493 53 412 2494 2494 57 412 2495 2495 114 544 2496 2496 106 544 2497 2497 105 544 2498 2498 107 412 2499 2499 110 412 2500 2500 101 412 2501 2501 116 427 2502 2502 117 427 2503 2503 111 427 2504 2504 115 1 2505 2505 116 1 2506 2506 112 1 2507 2507 113 423 2508 2508 118 423 2509 2509 115 423 2510 2510 117 450 2511 2511 118 450 2512 2512 113 450 2513 2513</p>
        </triangles>
        <triangles material="concrete_precast1-material" count="8">
          <input semantic="VERTEX" source="#Plane_688-mesh-vertices" offset="0"/>
          <input semantic="NORMAL" source="#Plane_688-mesh-normals" offset="1"/>
          <input semantic="TEXCOORD" source="#Plane_688-mesh-map-0" offset="2" set="0"/>
          <input semantic="TEXCOORD" source="#Plane_688-mesh-map-1" offset="2" set="1"/>
          <input semantic="TEXCOORD" source="#Plane_688-mesh-map-2" offset="2" set="2"/>
          <input semantic="COLOR" source="#Plane_688-mesh-colors-Col" offset="3" set="0"/>
          <p>241 423 2514 2514 21 423 2515 2515 20 423 2516 2516 22 423 2517 2517 242 423 2518 2518 19 423 2519 2519 242 423 2520 2520 20 423 2521 2521 19 423 2522 2522 21 545 2523 2523 239 545 2524 2524 22 545 2525 2525 241 423 2526 2526 240 423 2527 2527 21 423 2528 2528 22 423 2529 2529 239 423 2530 2530 242 423 2531 2531 242 546 2532 2532 241 546 2533 2533 20 546 2534 2534 21 547 2535 2535 240 547 2536 2536 239 547 2537 2537</p>
        </triangles>
      </mesh>
    </geometry>
  </library_geometries>
  <library_visual_scenes>
    <visual_scene id="Scene" name="Scene">
      <node id="base00" name="base00" type="NODE">
        <matrix sid="transform">1 0 0 9.54475e-5 0 1 0 2.05673e-4 0 0 1 6.57132e-5 0 0 0 1</matrix>
        <node id="start01" name="start01" type="NODE">
          <matrix sid="transform">1 0 0 0 0 1 0 0 0 0 1 0 0 0 0 1</matrix>
          <node id="gasstation_north_a600" name="gasstation_north_a600" type="NODE">
            <matrix sid="transform">0.9779294 0.2089359 0 -9.54475e-5 -0.2089359 0.9779294 0 -2.05673e-4 0 0 1 -6.57132e-5 0 0 0 1</matrix>
            <instance_geometry url="#Plane_688-mesh" name="gasstation_north_a600">
              <bind_material>
                <technique_common>
                  <instance_material symbol="highrise-material" target="#highrise-material">
                    <bind_vertex_input semantic="Plane_688-mesh-map-0" input_semantic="TEXCOORD" input_set="0"/>
                    <bind_vertex_input semantic="Plane_688-mesh-map-1" input_semantic="TEXCOORD" input_set="1"/>
                    <bind_vertex_input semantic="Plane_688-mesh-map-2" input_semantic="TEXCOORD" input_set="2"/>
                  </instance_material>
                  <instance_material symbol="clutter_commercial-material" target="#clutter_commercial-material">
                    <bind_vertex_input semantic="Plane_688-mesh-map-0" input_semantic="TEXCOORD" input_set="0"/>
                    <bind_vertex_input semantic="Plane_688-mesh-map-1" input_semantic="TEXCOORD" input_set="1"/>
                    <bind_vertex_input semantic="Plane_688-mesh-map-2" input_semantic="TEXCOORD" input_set="2"/>
                  </instance_material>
                  <instance_material symbol="curbs-material" target="#curbs-material">
                    <bind_vertex_input semantic="Plane_688-mesh-map-0" input_semantic="TEXCOORD" input_set="0"/>
                    <bind_vertex_input semantic="Plane_688-mesh-map-1" input_semantic="TEXCOORD" input_set="1"/>
                    <bind_vertex_input semantic="Plane_688-mesh-map-2" input_semantic="TEXCOORD" input_set="2"/>
                  </instance_material>
                  <instance_material symbol="slabs_large-material" target="#slabs_large-material">
                    <bind_vertex_input semantic="Plane_688-mesh-map-0" input_semantic="TEXCOORD" input_set="0"/>
                    <bind_vertex_input semantic="Plane_688-mesh-map-1" input_semantic="TEXCOORD" input_set="1"/>
                    <bind_vertex_input semantic="Plane_688-mesh-map-2" input_semantic="TEXCOORD" input_set="2"/>
                  </instance_material>
                  <instance_material symbol="architraves-material" target="#architraves-material">
                    <bind_vertex_input semantic="Plane_688-mesh-map-0" input_semantic="TEXCOORD" input_set="0"/>
                    <bind_vertex_input semantic="Plane_688-mesh-map-1" input_semantic="TEXCOORD" input_set="1"/>
                    <bind_vertex_input semantic="Plane_688-mesh-map-2" input_semantic="TEXCOORD" input_set="2"/>
                  </instance_material>
                  <instance_material symbol="industrial-material" target="#industrial-material">
                    <bind_vertex_input semantic="Plane_688-mesh-map-0" input_semantic="TEXCOORD" input_set="0"/>
                    <bind_vertex_input semantic="Plane_688-mesh-map-1" input_semantic="TEXCOORD" input_set="1"/>
                    <bind_vertex_input semantic="Plane_688-mesh-map-2" input_semantic="TEXCOORD" input_set="2"/>
                  </instance_material>
                  <instance_material symbol="windows_doors_reflective-material" target="#windows_doors_reflective-material">
                    <bind_vertex_input semantic="Plane_688-mesh-map-0" input_semantic="TEXCOORD" input_set="0"/>
                    <bind_vertex_input semantic="Plane_688-mesh-map-1" input_semantic="TEXCOORD" input_set="1"/>
                    <bind_vertex_input semantic="Plane_688-mesh-map-2" input_semantic="TEXCOORD" input_set="2"/>
                  </instance_material>
                  <instance_material symbol="corrugation-material" target="#corrugation-material">
                    <bind_vertex_input semantic="Plane_688-mesh-map-0" input_semantic="TEXCOORD" input_set="0"/>
                    <bind_vertex_input semantic="Plane_688-mesh-map-1" input_semantic="TEXCOORD" input_set="1"/>
                    <bind_vertex_input semantic="Plane_688-mesh-map-2" input_semantic="TEXCOORD" input_set="2"/>
                  </instance_material>
                  <instance_material symbol="brick_painted-material" target="#brick_painted-material">
                    <bind_vertex_input semantic="Plane_688-mesh-map-0" input_semantic="TEXCOORD" input_set="0"/>
                    <bind_vertex_input semantic="Plane_688-mesh-map-1" input_semantic="TEXCOORD" input_set="1"/>
                    <bind_vertex_input semantic="Plane_688-mesh-map-2" input_semantic="TEXCOORD" input_set="2"/>
                  </instance_material>
                  <instance_material symbol="concrete_precast1-material" target="#concrete_precast1-material">
                    <bind_vertex_input semantic="Plane_688-mesh-map-0" input_semantic="TEXCOORD" input_set="0"/>
                    <bind_vertex_input semantic="Plane_688-mesh-map-1" input_semantic="TEXCOORD" input_set="1"/>
                    <bind_vertex_input semantic="Plane_688-mesh-map-2" input_semantic="TEXCOORD" input_set="2"/>
                  </instance_material>
                </technique_common>
              </bind_material>
            </instance_geometry>
          </node>
          <node id="gasstation_north_a300" name="gasstation_north_a300" type="NODE">
            <matrix sid="transform">0.9779294 0.2089359 0 -9.54475e-5 -0.2089359 0.9779294 0 -2.05673e-4 0 0 1 -6.57132e-5 0 0 0 1</matrix>
            <instance_geometry url="#Plane_697-mesh" name="gasstation_north_a300">
              <bind_material>
                <technique_common>
                  <instance_material symbol="lod_vertcol-material" target="#lod_vertcol-material">
                    <bind_vertex_input semantic="Plane_697-mesh-map-0" input_semantic="TEXCOORD" input_set="0"/>
                    <bind_vertex_input semantic="Plane_697-mesh-map-1" input_semantic="TEXCOORD" input_set="1"/>
                    <bind_vertex_input semantic="Plane_697-mesh-map-2" input_semantic="TEXCOORD" input_set="2"/>
                  </instance_material>
                  <instance_material symbol="highrise-material" target="#highrise-material">
                    <bind_vertex_input semantic="Plane_697-mesh-map-0" input_semantic="TEXCOORD" input_set="0"/>
                    <bind_vertex_input semantic="Plane_697-mesh-map-1" input_semantic="TEXCOORD" input_set="1"/>
                    <bind_vertex_input semantic="Plane_697-mesh-map-2" input_semantic="TEXCOORD" input_set="2"/>
                  </instance_material>
                  <instance_material symbol="clutter_commercial-material" target="#clutter_commercial-material">
                    <bind_vertex_input semantic="Plane_697-mesh-map-0" input_semantic="TEXCOORD" input_set="0"/>
                    <bind_vertex_input semantic="Plane_697-mesh-map-1" input_semantic="TEXCOORD" input_set="1"/>
                    <bind_vertex_input semantic="Plane_697-mesh-map-2" input_semantic="TEXCOORD" input_set="2"/>
                  </instance_material>
                </technique_common>
              </bind_material>
            </instance_geometry>
          </node>
          <node id="gasstation_north_a150" name="gasstation_north_a150" type="NODE">
            <matrix sid="transform">0.9779294 0.2089358 0 -9.54475e-5 -0.2089358 0.9779294 0 -2.05673e-4 0 0 1 -6.57132e-5 0 0 0 1</matrix>
            <instance_geometry url="#Plane_698-mesh" name="gasstation_north_a150">
              <bind_material>
                <technique_common>
                  <instance_material symbol="lod_vertcol-material" target="#lod_vertcol-material">
                    <bind_vertex_input semantic="Plane_698-mesh-map-0" input_semantic="TEXCOORD" input_set="0"/>
                    <bind_vertex_input semantic="Plane_698-mesh-map-1" input_semantic="TEXCOORD" input_set="1"/>
                    <bind_vertex_input semantic="Plane_698-mesh-map-2" input_semantic="TEXCOORD" input_set="2"/>
                  </instance_material>
                  <instance_material symbol="highrise-material" target="#highrise-material">
                    <bind_vertex_input semantic="Plane_698-mesh-map-0" input_semantic="TEXCOORD" input_set="0"/>
                    <bind_vertex_input semantic="Plane_698-mesh-map-1" input_semantic="TEXCOORD" input_set="1"/>
                    <bind_vertex_input semantic="Plane_698-mesh-map-2" input_semantic="TEXCOORD" input_set="2"/>
                  </instance_material>
                  <instance_material symbol="clutter_commercial-material" target="#clutter_commercial-material">
                    <bind_vertex_input semantic="Plane_698-mesh-map-0" input_semantic="TEXCOORD" input_set="0"/>
                    <bind_vertex_input semantic="Plane_698-mesh-map-1" input_semantic="TEXCOORD" input_set="1"/>
                    <bind_vertex_input semantic="Plane_698-mesh-map-2" input_semantic="TEXCOORD" input_set="2"/>
                  </instance_material>
                  <instance_material symbol="windows_doors_reflective-material" target="#windows_doors_reflective-material">
                    <bind_vertex_input semantic="Plane_698-mesh-map-0" input_semantic="TEXCOORD" input_set="0"/>
                    <bind_vertex_input semantic="Plane_698-mesh-map-1" input_semantic="TEXCOORD" input_set="1"/>
                    <bind_vertex_input semantic="Plane_698-mesh-map-2" input_semantic="TEXCOORD" input_set="2"/>
                  </instance_material>
                </technique_common>
              </bind_material>
            </instance_geometry>
          </node>
          <node id="Colmesh_gasstation_north-1" name="Colmesh_gasstation_north-1" type="NODE">
            <matrix sid="transform">0.9779294 0.2089359 0 -9.54475e-5 -0.2089359 0.9779294 0 -2.05673e-4 0 0 1 -6.57132e-5 0 0 0 1</matrix>
            <instance_geometry url="#Plane_001-mesh" name="Colmesh_gasstation_north-1">
              <bind_material>
                <technique_common>
                  <instance_material symbol="highrise-material" target="#highrise-material">
                    <bind_vertex_input semantic="Plane_688-mesh-map-0" input_semantic="TEXCOORD" input_set="0"/>
                    <bind_vertex_input semantic="Plane_688-mesh-map-1" input_semantic="TEXCOORD" input_set="1"/>
                    <bind_vertex_input semantic="Plane_688-mesh-map-2" input_semantic="TEXCOORD" input_set="2"/>
                  </instance_material>
                  <instance_material symbol="curbs-material" target="#curbs-material">
                    <bind_vertex_input semantic="Plane_688-mesh-map-0" input_semantic="TEXCOORD" input_set="0"/>
                    <bind_vertex_input semantic="Plane_688-mesh-map-1" input_semantic="TEXCOORD" input_set="1"/>
                    <bind_vertex_input semantic="Plane_688-mesh-map-2" input_semantic="TEXCOORD" input_set="2"/>
                  </instance_material>
                  <instance_material symbol="slabs_large-material" target="#slabs_large-material">
                    <bind_vertex_input semantic="Plane_688-mesh-map-0" input_semantic="TEXCOORD" input_set="0"/>
                    <bind_vertex_input semantic="Plane_688-mesh-map-1" input_semantic="TEXCOORD" input_set="1"/>
                    <bind_vertex_input semantic="Plane_688-mesh-map-2" input_semantic="TEXCOORD" input_set="2"/>
                  </instance_material>
                  <instance_material symbol="industrial-material" target="#industrial-material">
                    <bind_vertex_input semantic="Plane_688-mesh-map-0" input_semantic="TEXCOORD" input_set="0"/>
                    <bind_vertex_input semantic="Plane_688-mesh-map-1" input_semantic="TEXCOORD" input_set="1"/>
                    <bind_vertex_input semantic="Plane_688-mesh-map-2" input_semantic="TEXCOORD" input_set="2"/>
                  </instance_material>
                  <instance_material symbol="windows_doors_reflective-material" target="#windows_doors_reflective-material">
                    <bind_vertex_input semantic="Plane_688-mesh-map-0" input_semantic="TEXCOORD" input_set="0"/>
                    <bind_vertex_input semantic="Plane_688-mesh-map-1" input_semantic="TEXCOORD" input_set="1"/>
                    <bind_vertex_input semantic="Plane_688-mesh-map-2" input_semantic="TEXCOORD" input_set="2"/>
                  </instance_material>
                  <instance_material symbol="corrugation-material" target="#corrugation-material">
                    <bind_vertex_input semantic="Plane_688-mesh-map-0" input_semantic="TEXCOORD" input_set="0"/>
                    <bind_vertex_input semantic="Plane_688-mesh-map-1" input_semantic="TEXCOORD" input_set="1"/>
                    <bind_vertex_input semantic="Plane_688-mesh-map-2" input_semantic="TEXCOORD" input_set="2"/>
                  </instance_material>
                  <instance_material symbol="brick_painted-material" target="#brick_painted-material">
                    <bind_vertex_input semantic="Plane_688-mesh-map-0" input_semantic="TEXCOORD" input_set="0"/>
                    <bind_vertex_input semantic="Plane_688-mesh-map-1" input_semantic="TEXCOORD" input_set="1"/>
                    <bind_vertex_input semantic="Plane_688-mesh-map-2" input_semantic="TEXCOORD" input_set="2"/>
                  </instance_material>
                </technique_common>
              </bind_material>
            </instance_geometry>
          </node>
        </node>
        <node id="collision-1" name="collision-1" type="NODE">
          <matrix sid="transform">1 0 0 -1.90895e-4 0 1 0 -4.11346e-4 0 0 1 -1.31426e-4 0 0 0 1</matrix>
        </node>
      </node>
    </visual_scene>
  </library_visual_scenes>
  <scene>
    <instance_visual_scene url="#Scene"/>
  </scene>
</COLLADA>