<?xml version="1.0" encoding="utf-8"?>
<COLLADA xmlns="http://www.collada.org/2005/11/COLLADASchema" version="1.4.1" xmlns:xsi="http://www.w3.org/2001/XMLSchema-instance">
  <asset>
    <contributor>
      <author>Blender User</author>
      <authoring_tool>Blender 4.5.5 LTS commit date:2025-11-17, commit time:16:03, hash:836beaaf597a</authoring_tool>
    </contributor>
    <created>2026-06-26T18:36:22</created>
    <modified>2026-06-26T18:36:22</modified>
    <unit name="meter" meter="1"/>
    <up_axis>Z_UP</up_axis>
  </asset>
  <library_effects>
    <effect id="m_bld_shops_001_LOD-effect">
      <profile_COMMON>
        <technique sid="common">
          <lambert>
            <emission>
              <color sid="emission">0 0 0 1</color>
            </emission>
            <diffuse>
              <color sid="diffuse">0.8 0.8 0.8 1</color>
            </diffuse>
            <index_of_refraction>
              <float sid="ior">1.5</float>
            </index_of_refraction>
          </lambert>
        </technique>
      </profile_COMMON>
    </effect>
    <effect id="architraves-effect">
      <profile_COMMON>
        <technique sid="common">
          <lambert>
            <emission>
              <color sid="emission">0 0 0 1</color>
            </emission>
            <diffuse>
              <color sid="diffuse">0.8 0.8 0.8 1</color>
            </diffuse>
            <reflectivity>
              <float sid="specular">0.5</float>
            </reflectivity>
          </lambert>
        </technique>
      </profile_COMMON>
    </effect>
    <effect id="industrial_trim-effect">
      <profile_COMMON>
        <technique sid="common">
          <lambert>
            <emission>
              <color sid="emission">0 0 0 1</color>
            </emission>
            <diffuse>
              <color sid="diffuse">0.8 0.8 0.8 1</color>
            </diffuse>
            <reflectivity>
              <float sid="specular">0.5</float>
            </reflectivity>
          </lambert>
        </technique>
      </profile_COMMON>
    </effect>
    <effect id="windows_doors_reflective-effect">
      <profile_COMMON>
        <technique sid="common">
          <lambert>
            <emission>
              <color sid="emission">0 0 0 1</color>
            </emission>
            <diffuse>
              <color sid="diffuse">0.8 0.8 0.8 1</color>
            </diffuse>
            <reflectivity>
              <float sid="specular">0.5</float>
            </reflectivity>
          </lambert>
        </technique>
      </profile_COMMON>
    </effect>
    <effect id="corrugation-effect">
      <profile_COMMON>
        <technique sid="common">
          <lambert>
            <emission>
              <color sid="emission">0 0 0 1</color>
            </emission>
            <diffuse>
              <color sid="diffuse">0.8 0.8 0.8 1</color>
            </diffuse>
            <reflectivity>
              <float sid="specular">0.5</float>
            </reflectivity>
          </lambert>
        </technique>
      </profile_COMMON>
    </effect>
    <effect id="slabs_large-effect">
      <profile_COMMON>
        <technique sid="common">
          <lambert>
            <emission>
              <color sid="emission">0 0 0 1</color>
            </emission>
            <diffuse>
              <color sid="diffuse">0.8 0.8 0.8 1</color>
            </diffuse>
            <reflectivity>
              <float sid="specular">0.5</float>
            </reflectivity>
          </lambert>
        </technique>
      </profile_COMMON>
    </effect>
    <effect id="brick_painted-effect">
      <profile_COMMON>
        <technique sid="common">
          <lambert>
            <emission>
              <color sid="emission">0 0 0 1</color>
            </emission>
            <diffuse>
              <color sid="diffuse">0.8 0.8 0.8 1</color>
            </diffuse>
            <reflectivity>
              <float sid="specular">0.5</float>
            </reflectivity>
          </lambert>
        </technique>
      </profile_COMMON>
    </effect>
    <effect id="m_plaster_worn_01-effect">
      <profile_COMMON>
        <technique sid="common">
          <lambert>
            <emission>
              <color sid="emission">0 0 0 1</color>
            </emission>
            <diffuse>
              <color sid="diffuse">0.8 0.8 0.8 1</color>
            </diffuse>
            <reflectivity>
              <float sid="specular">0.5</float>
            </reflectivity>
          </lambert>
        </technique>
      </profile_COMMON>
    </effect>
    <effect id="clutter_commercial-effect">
      <profile_COMMON>
        <technique sid="common">
          <lambert>
            <emission>
              <color sid="emission">0 0 0 1</color>
            </emission>
            <diffuse>
              <color sid="diffuse">0.8 0.8 0.8 1</color>
            </diffuse>
            <reflectivity>
              <float sid="specular">0.5</float>
            </reflectivity>
          </lambert>
        </technique>
      </profile_COMMON>
    </effect>
    <effect id="tiles_marble_square-effect">
      <profile_COMMON>
        <technique sid="common">
          <lambert>
            <emission>
              <color sid="emission">0 0 0 1</color>
            </emission>
            <diffuse>
              <color sid="diffuse">0.8 0.8 0.8 1</color>
            </diffuse>
            <reflectivity>
              <float sid="specular">0.5</float>
            </reflectivity>
          </lambert>
        </technique>
      </profile_COMMON>
    </effect>
  </library_effects>
  <library_images/>
  <library_materials>
    <material id="m_bld_shops_001_LOD-material" name="m_bld_shops_001_LOD">
      <instance_effect url="#m_bld_shops_001_LOD-effect"/>
    </material>
    <material id="architraves-material" name="architraves">
      <instance_effect url="#architraves-effect"/>
    </material>
    <material id="industrial_trim-material" name="industrial_trim">
      <instance_effect url="#industrial_trim-effect"/>
    </material>
    <material id="windows_doors_reflective-material" name="windows_doors_reflective">
      <instance_effect url="#windows_doors_reflective-effect"/>
    </material>
    <material id="corrugation-material" name="corrugation">
      <instance_effect url="#corrugation-effect"/>
    </material>
    <material id="slabs_large-material" name="slabs_large">
      <instance_effect url="#slabs_large-effect"/>
    </material>
    <material id="brick_painted-material" name="brick_painted">
      <instance_effect url="#brick_painted-effect"/>
    </material>
    <material id="m_plaster_worn_01-material" name="m_plaster_worn_01">
      <instance_effect url="#m_plaster_worn_01-effect"/>
    </material>
    <material id="clutter_commercial-material" name="clutter_commercial">
      <instance_effect url="#clutter_commercial-effect"/>
    </material>
    <material id="tiles_marble_square-material" name="tiles_marble_square">
      <instance_effect url="#tiles_marble_square-effect"/>
    </material>
  </library_materials>
  <library_geometries>
    <geometry id="Plane_061-mesh" name="Plane.061">
      <mesh>
        <source id="Plane_061-mesh-positions">
          <float_array id="Plane_061-mesh-positions-array" count="1407">-707.4099 131.5453 118.5093 -708.4707 132.606 118.5093 -706.3493 132.606 118.5093 -708.4706 132.606 123.0093 -706.3493 132.606 123.0093 -707.41 131.5453 127.0093 -707.5979 131.7333 118.5093 -708.2826 132.4181 127.0093 -707.5979 131.7333 127.0093 -707.7393 131.5919 118.5093 -708.4241 132.2767 127.0093 -707.7393 131.5919 127.0093 -706.5372 132.4181 118.5093 -706.5372 132.4181 129.4436 -707.4196 131.931 129.4436 -707.2205 131.7319 118.5093 -706.3958 132.2766 118.5093 -706.3958 132.2766 129.4436 -707.0805 131.5919 129.4436 -701.5763 137.379 123.0093 -695.7427 143.2126 117.7369 -695.7427 145.3339 123.0093 -696.8034 144.2733 117.7369 -694.682 144.2733 117.7369 -695.7427 145.3339 128.5093 -696.8034 144.2733 127.0093 -694.8699 144.0853 117.7369 -694.8699 144.0853 123.0093 -695.7525 143.5982 129.4436 -695.5533 143.3992 117.7369 -694.7285 143.9439 117.7369 -694.7285 143.9439 129.4436 -695.4132 143.2591 129.4436 -714.1275 138.2628 118.5093 -713.0668 137.2022 118.5093 -713.0668 139.3235 118.5093 -713.0668 139.3235 121.2593 -712.0062 138.2629 118.5093 -714.1275 138.2628 127.0093 -713.0668 137.2022 123.0093 -712.0062 138.2629 127.0093 -713.0668 137.2022 127.0093 -713.9395 138.0749 118.5093 -713.9395 138.0749 127.0093 -713.2548 137.3902 127.0093 -713.2562 137.3888 118.5093 -714.0809 137.9334 118.5093 -713.3961 137.2487 127.0093 -714.0809 137.9334 127.0093 -708.1538 132.9228 123.0093 -708.5151 132.5615 119.1591 -713.1113 137.1577 119.1591 -708.5151 132.5615 118.8422 -713.1113 137.1577 118.8422 -708.8036 132.273 118.8422 -713.3998 136.8692 118.8422 -708.8036 132.273 118.3573 -713.3998 136.8692 118.3573 -712.75 137.519 123.0093 -708.1538 132.9228 119.1591 -712.75 137.519 119.1591 -708.4706 132.606 123.0492 -708.4706 132.606 122.5945 -713.0681 137.2037 122.5945 -708.9542 132.5198 122.5945 -713.0681 137.2037 123.0492 -708.9107 132.5089 123.0492 -713.1541 136.7208 123.0493 -713.1659 136.7625 122.5945 -708.696 132.7034 122.5419 -708.696 132.7034 122.0541 -712.9707 136.9782 122.5419 -712.9707 136.9782 122.0541 -708.312 133.0875 122.5419 -708.312 133.0875 122.0541 -712.5867 137.3622 122.0541 -712.5867 137.3622 122.5419 -701.8842 139.8067 118.1013 -700.5156 138.4397 123.0093 -700.7036 138.2517 123.0093 -701.3883 137.567 123.0093 -701.5861 137.7646 129.4436 -701.3869 137.5655 118.1013 -700.5622 138.1103 118.1013 -701.2468 137.4255 129.4436 -700.5621 138.1102 129.4436 -695.7427 143.2126 123.0093 -695.7427 143.2126 127.0093 -703.9511 134.9336 118.4394 -703.9039 134.9807 123.0093 -704.1924 135.0807 123.0093 -704.1924 135.0807 118.4394 -704.051 135.2221 123.0093 -704.051 135.2221 118.4394 -706.3493 132.606 123.0492 -706.3493 132.606 122.5945 -705.8663 132.5201 122.5945 -701.3095 137.0762 123.0494 -701.2985 137.1179 122.5946 -701.3956 137.5597 123.0492 -701.3956 137.5597 122.5945 -705.9096 132.5083 123.0493 -705.9393 132.519 122.5419 -705.9393 132.519 122.0541 -701.4849 136.9736 122.5419 -701.4849 136.9736 122.0541 -706.5078 133.0874 122.5419 -706.5078 133.0874 122.0541 -702.0534 137.542 122.0541 -702.0534 137.542 122.5419 -695.7413 143.214 123.0492 -700.2305 138.156 122.5945 -695.6551 142.7305 123.0494 -695.6442 142.7724 122.5946 -700.7134 138.2419 123.0492 -700.7134 138.2419 122.5945 -695.7413 143.214 122.5945 -700.2738 138.1442 123.0493 -700.0888 138.3696 122.5419 -700.0888 138.3696 122.0541 -695.6543 142.8042 122.5419 -695.6543 142.8042 122.0541 -700.6572 138.9381 122.5419 -700.6572 138.9381 122.0541 -696.2228 143.3726 122.0541 -696.2228 143.3726 122.5419 -698.1174 140.7672 117.9727 -698.0702 140.8144 123.0093 -698.3588 140.9143 123.0093 -698.3588 140.9143 117.9727 -698.2173 141.0558 123.0093 -698.2173 141.0558 117.9727 -705.112 133.8433 118.1013 -705.1119 133.8433 119.1013 -701.5763 137.379 119.1013 -705.7004 134.4316 118.1013 -705.7003 134.4316 119.1013 -702.1646 137.9673 119.1013 -701.541 137.3436 118.1482 -701.4939 137.3908 123.0036 -701.7824 137.4907 123.0036 -701.7824 137.4907 118.1482 -701.641 137.6321 123.0093 -701.641 137.6321 118.4394 -706.3451 132.5394 123.0036 -706.3451 132.5394 118.1482 -706.2036 132.6808 118.1482 -706.5394 132.7336 123.0036 -706.5394 132.7336 118.1482 -706.2036 132.6808 123.0036 -706.398 132.8751 123.0036 -706.398 132.8751 118.1482 -707.4099 131.5453 128.5093 -714.1275 138.2628 128.5093 -694.682 144.2733 127.0093 -700.8794 138.0758 128.5093 -701.7024 137.4107 123.0036 -701.7024 137.4107 120.599 -703.9699 135.1431 123.0036 -703.9699 135.1431 120.599 -706.0833 132.9013 125.9353 -706.0835 132.9015 126.7703 -704.6135 134.3715 125.9353 -704.6133 134.3713 126.7703 -703.3257 135.6589 125.9353 -703.3259 135.6591 126.7703 -701.8558 137.1291 125.9353 -701.8556 137.1289 126.7703 -701.6967 137.516 119.1013 -701.6967 137.5159 122.0747 -705.2456 133.9671 119.1013 -705.2456 133.9671 122.0747 -705.4957 134.2171 119.1013 -706.5302 132.7566 118.7612 -705.4957 134.2171 118.8212 -705.4957 134.2171 122.0747 -706.7433 132.9696 118.8212 -705.2827 134.0042 118.7012 -706.3534 132.5798 118.6412 -706.3534 132.5798 118.4612 -705.1058 133.8274 118.463 -699.2817 139.6737 117.7253 -695.7427 143.2127 118.7253 -700.0576 140.4495 118.7253 -696.3311 143.801 118.7253 -695.866 143.2472 123.0036 -695.866 143.2472 119.6637 -698.1336 140.9796 123.0036 -698.1336 140.9796 119.6637 -699.4092 139.8035 118.7253 -701.2376 139.1368 118.7312 -700.6483 141.0425 118.8212 -699.99 140.3843 118.7312 -701.0608 138.96 118.5812 -699.8132 140.2076 118.5212 -695.8604 143.3524 118.7253 -699.4092 139.8035 122.0747 -695.8604 143.3524 122.0747 -700.6483 141.0425 118.7253 -700.884 138.7832 118.4012 -699.6364 140.0308 118.3412 -700.7072 138.6064 118.2212 -699.4597 139.854 118.1612 -700.5304 138.4297 117.9212 -699.2831 139.6774 117.923 -708.3974 132.0805 125.7462 -708.4481 132.1312 129.4436 -707.9857 131.6689 125.7462 -707.8337 131.5168 125.7462 -707.9351 131.6182 129.4436 -708.224 131.9071 125.7462 -708.2747 131.9579 130.0741 -708.1546 131.8377 125.7462 -708.0025 131.6856 125.7462 -708.1039 131.787 130.0741 -707.8977 132.4788 125.7462 -707.9484 132.5295 129.4436 -707.4354 132.0165 129.4436 -707.8764 132.4575 125.7462 -707.775 132.3561 130.0741 -707.6549 132.236 125.7462 -707.6042 132.1853 130.0741 -714.0108 137.6941 125.7462 -714.1121 137.7954 129.4436 -713.6499 137.3331 125.7462 -713.4978 137.181 125.7462 -713.5991 137.2825 129.4436 -713.888 137.5714 125.7462 -713.9387 137.6221 130.0741 -713.8186 137.5019 125.7462 -713.6665 137.3498 125.7462 -713.7679 137.4512 130.0741 -713.6632 138.2444 125.7462 -713.6125 138.1937 129.4436 -713.1502 137.7315 125.7462 -713.0994 137.6807 129.4436 -713.5404 138.1217 125.7462 -713.3884 137.9697 125.7462 -713.4391 138.0204 130.0741 -713.3189 137.9002 125.7462 -713.2683 137.8495 130.0741 -714.1628 137.8461 125.7462 -707.0654 131.6174 123.4514 -700.7355 137.9459 123.4514 -706.9447 131.4968 123.4514 -700.6155 137.826 125.7462 -697.5512 141.4336 125.9353 -697.5513 141.4338 126.7703 -696.0814 142.9038 125.9353 -696.0812 142.9036 126.7703 -708.135 132.9416 118.3573 -701.3995 150.9909 118.5093 -701.3995 150.9909 117.7369 -694.6821 144.2734 128.5093 -701.3996 150.991 128.5093 -708.0498 132.6309 125.7462 -707.4861 132.0672 125.7462 -707.7243 132.3054 125.7462 -706.7434 132.9696 123.9182 -700.5294 138.4288 118.1012 -701.8834 139.8074 123.2495 -701.8958 139.795 118.8212 -702.1083 139.5825 118.8212 -699.4092 139.8035 123.2495 -700.6483 141.0425 123.2495 -702.1083 139.5826 123.2495 -700.8692 138.3435 123.2495 -702.1082 139.5825 123.2495 -695.7808 143.432 122.0747 -695.7808 143.432 123.2495 -701.1521 138.5608 122.0747 -701.1521 138.5608 123.9182 -706.5679 131.9494 130.8712 -705.9439 131.3253 130.8712 -706.216 131.0531 130.8712 -706.2161 131.0531 126.024 -705.9439 131.3253 126.024 -706.5679 131.9495 126.024 -706.8399 131.6775 130.8712 -706.8402 131.6773 126.024 -700.1483 137.0769 125.873 -700.794 137.6574 128.36 -700.7614 137.69 125.873 -700.7288 137.7227 128.36 -700.1483 137.0769 128.36 -706.7349 132.6157 129.4436 -713.0668 139.3235 128.5093 -706.7795 132.638 127.0093 -706.0827 133.3348 127.0093 -706.488 132.3654 127.0093 -705.8086 133.0375 127.0093 -706.7669 132.6409 129.0688 -706.5077 132.3878 128.9364 -706.0747 133.3167 129.0758 -705.8352 133.0717 128.9324 -705.8875 133.53 127.0093 -705.1906 134.2268 127.0093 -705.596 133.2574 127.0093 -704.9166 133.9295 127.0093 -705.1963 134.2207 129.055 -705.8712 133.525 129.0818 -705.6156 133.2758 128.9207 -704.9594 133.9789 128.9841 -704.9955 134.422 127.0093 -704.2987 135.1188 127.0093 -704.704 134.1494 127.0093 -704.0246 134.8215 127.0093 -704.9829 134.4248 129.0688 -704.7237 134.1718 128.9363 -704.2907 135.1007 129.0758 -704.0511 134.8557 128.9323 -704.1035 135.314 127.0093 -703.4066 136.0108 127.0093 -703.812 135.0414 127.0093 -703.1326 135.7135 127.0093 -703.4124 136.0047 129.055 -704.0874 135.309 129.0818 -703.8316 135.0598 128.9206 -703.1753 135.7629 128.9841 -703.2115 136.206 127.0093 -702.5146 136.9029 127.0093 -702.92 135.9334 127.0093 -702.2406 136.6055 127.0093 -702.5205 136.8966 129.0551 -703.2001 136.2028 129.0735 -702.9401 135.9557 128.9364 -702.2839 136.6548 128.9856 -702.3195 137.098 127.0093 -701.6226 137.7949 127.0093 -702.028 136.8254 127.0093 -701.3486 137.4975 127.0093 -702.3135 137.1041 129.0554 -702.0616 136.8623 128.9835 -701.6167 137.7819 129.0677 -701.3785 137.5326 128.945 -700.9214 138.4961 127.0093 -700.2245 139.193 127.0093 -700.6298 138.2235 127.0093 -699.9505 138.8956 127.0093 -700.9154 138.5022 129.0554 -700.6635 138.2604 128.9835 -700.2185 139.18 129.0677 -699.9804 138.9307 128.945 -700.0294 139.3881 127.0093 -699.3325 140.085 127.0093 -699.7379 139.1155 127.0093 -699.0585 139.7876 127.0093 -699.3383 140.0788 129.0551 -700.018 139.3849 129.0735 -699.758 139.1379 128.9364 -699.1018 139.8369 128.9856 -699.1373 140.2801 127.0093 -698.4405 140.977 127.0093 -698.8458 140.0075 127.0093 -698.1665 140.6796 127.0093 -699.1085 140.2628 129.0758 -698.8656 140.0259 128.9205 -698.434 140.964 129.0669 -698.1964 140.7147 128.9451 -698.2454 141.1721 127.0093 -697.5485 141.869 127.0093 -697.9538 140.8995 127.0093 -697.2745 141.5716 127.0093 -698.2327 141.175 129.0688 -697.9736 140.922 128.9363 -697.5404 141.8508 129.0758 -697.301 141.6058 128.9323 -697.3533 142.0641 127.0093 -696.6565 142.761 127.0093 -697.0619 141.7915 127.0093 -696.3825 142.4636 127.0093 -697.3331 142.0523 129.0684 -697.0822 141.8138 128.9362 -696.6478 142.7426 129.0751 -696.4089 142.4978 128.9323 -696.4614 142.9561 127.0093 -695.7645 143.653 127.0093 -696.1699 142.6835 127.0093 -695.4905 143.3556 127.0093 -695.7702 143.6469 129.055 -696.4451 142.9512 129.0818 -696.1894 142.7019 128.9207 -695.5332 143.4051 128.9841 -713.0386 137.6199 127.0093 -712.3638 136.9451 127.0093 -713.3115 137.3281 127.0093 -712.6613 136.6708 127.0093 -713.0462 137.6023 129.0782 -713.2932 137.3477 128.9208 -712.3842 136.9336 129.0692 -712.6264 136.7006 128.9449 -712.1748 136.7562 127.0093 -711.5 136.0813 127.0093 -712.4478 136.4644 127.0093 -711.7976 135.807 127.0093 -712.1921 136.7273 129.0761 -712.4294 136.484 128.9206 -711.513 136.0748 129.0672 -711.7626 135.8369 128.9453 -711.311 135.8924 127.0093 -710.6362 135.2175 127.0093 -711.584 135.6006 127.0093 -710.9338 134.9432 127.0093 -711.3186 135.8747 129.0782 -711.5656 135.6202 128.9208 -710.6566 135.206 129.0692 -710.8988 134.9731 128.9449 -710.4473 135.0286 127.0093 -709.7725 134.3538 127.0093 -710.7202 134.7368 127.0093 -710.07 134.0794 127.0093 -709.7781 134.3594 129.0538 -710.4526 135.0165 129.0695 -710.6979 134.757 128.9365 -710.0257 134.1228 128.9821 -709.5835 134.1648 127.0093 -708.9086 133.49 127.0093 -709.8564 133.8729 127.0093 -709.2062 133.2156 127.0093 -709.6009 134.1359 129.0761 -709.838 133.8927 128.9206 -708.9216 133.4835 129.0672 -709.1712 133.2456 128.9452 -708.7197 133.301 127.0093 -708.0449 132.6262 127.0093 -708.9926 133.0091 127.0093 -708.3424 132.3518 127.0093 -708.7315 133.2808 129.0687 -708.9703 133.0296 128.9364 -708.0633 132.6175 129.0754 -708.3084 132.3784 128.9325 -707.41 131.5455 126.8243 -707.41 131.5455 127.1943 -713.902 138.0335 126.8243 -694.9205 144.0331 126.8243 -707.41 131.3455 127.1943 -713.9011 138.0345 127.1943 -707.749 131.6016 125.7462 -714.0788 137.9301 125.7462 -707.8697 131.4809 125.7462 -714.1989 137.8101 123.4514 -707.7496 131.601 123.4514 -714.0782 137.9308 123.4514 -707.0648 131.6168 125.7462 -700.7362 137.9466 125.7462 -708.0885 132.9882 118.5093 -708.0885 132.9882 123.0093 -705.963 132.9215 123.0036 -705.963 132.9215 118.1482 -706.5372 132.4181 123.0093 -706.7349 132.6157 123.0093 -707.4196 131.9309 123.0093 -707.2219 131.7333 123.0093 -708.284 132.4167 118.5093 -700.7036 138.2517 118.1013 -700.5156 138.4397 123.2495 -699.2818 139.6737 118.7253 -700.0576 140.4495 117.7253 -695.5547 143.4006 123.0093 -695.7427 145.3339 117.7369 -695.7427 143.2126 117.9846 -694.9195 144.0321 127.1943 -707.41 131.3455 126.8243 -695.0676 144.283 123.0093 -695.7524 143.5982 123.0093 -695.0676 144.283 129.4436 -700.9013 138.4494 123.0093 -701.586 137.7646 123.0093 -700.9013 138.4494 129.4436</float_array>
          <technique_common>
            <accessor source="#Plane_061-mesh-positions-array" count="469" stride="3">
              <param name="X" type="float"/>
              <param name="Y" type="float"/>
              <param name="Z" type="float"/>
            </accessor>
          </technique_common>
        </source>
        <source id="Plane_061-mesh-normals">
          <float_array id="Plane_061-mesh-normals-array" count="1512">-0.8342851 -0.5508608 -0.02282357 0.7070418 -0.7071719 0 0.707017 0.7071966 0 -0.7072842 -0.7069293 1.23665e-6 0.7071096 -0.707104 1.24331e-5 -0.7070656 -0.707148 2.74642e-5 0.7071724 -0.7070413 1.41444e-4 0.7070683 -0.7071453 -2.44556e-5 0.7070314 0.7071822 -1.23599e-6 -0.7069987 -0.707215 -1.23604e-6 -0.7071708 -0.7070428 -4.91069e-6 0.7071627 -0.7070509 0 -0.7070845 0.7071291 0 -0.7070809 -0.7071328 0 0.7074041 -0.7068093 -4.48939e-6 -0.7071068 -0.7071068 -4.87767e-6 0.7070661 -0.7071475 0 0.7071033 -0.7071102 -4.16771e-6 0.7070623 0.7071513 4.94373e-6 -0.7076675 -0.7065456 -2.93892e-6 -0.7070153 -0.7071983 -2.47203e-6 0.7070904 -0.7071232 0 -0.7070759 -0.7071378 -3.63053e-5 0.7184261 -0.6916828 -0.07374936 0.7071192 -0.7070944 1.04674e-4 0.7071647 -0.707049 0 0.7071304 -0.7070832 0 0.7070346 0.707179 -4.1959e-5 0.7069033 -0.7073103 0 -0.7071736 -0.70704 4.24251e-6 -0.7071114 0.7071023 -9.61089e-6 0.8339079 -0.5514935 0.02127248 0.7335569 0.6796267 -0.001379311 0.8301204 -0.5312325 0.1693879 -0.6846744 -0.7288466 0.001957654 0.53931 -0.8418565 0.02055591 0.5269123 -0.8313159 0.1768544 0.8477716 -0.5300269 0.01884055 0.7334525 0.6797405 -5.55849e-4 0.8487449 -0.5162205 0.1146668 -0.6846563 -0.728866 4.63416e-4 0.5569973 -0.8304077 0.01330238 0.5403427 -0.8355768 0.09920263 0.8338406 -0.5515971 0.02122879 0.7330906 0.6801298 -0.001315593 0.830092 -0.5313123 0.1692767 -0.6847298 -0.7287945 0.001962244 0.539268 -0.8418841 0.02052831 0.5268276 -0.8313758 0.1768248 0.8478007 -0.5299794 0.01886653 0.7333125 0.6798915 -5.49323e-4 0.8488197 -0.5160841 0.1147276 -0.6844881 -0.7290239 4.36377e-4 0.5569775 -0.8304213 0.01329392 0.5402816 -0.835609 0.09926474 0.8471219 -0.5310258 0.01990491 0.733761 0.6794078 -3.743e-4 0.846457 -0.5200786 0.1141443 -0.6835784 -0.7298756 0.001490712 0.5556136 -0.8312871 0.01598197 0.54385 -0.8330692 0.1011094 0.8306983 -0.5562512 0.02291548 0.7342734 0.6788536 -6.45227e-4 0.8336434 -0.5436907 0.09715569 -0.6840198 -0.72946 0.002274751 0.5332345 -0.8456091 0.0246244 0.5282901 -0.8414703 0.1133035 0.8307467 -0.5561782 0.02293479 0.7340549 0.6790899 -5.71547e-4 0.8335934 -0.5437605 0.0971933 -0.6839015 -0.7295709 0.002260088 0.5332595 -0.8455936 0.02461618 0.5282841 -0.8414699 0.1133333 0.8471035 -0.531055 0.01991242 0.7331929 0.6800207 -2.6456e-4 0.8463987 -0.5201671 0.1141727 -0.6836135 -0.7298428 0.001484155 0.5555514 -0.8313285 0.01598829 0.5437999 -0.8331029 0.1011009 0.8438821 -0.5362839 0.0162087 0.7341299 0.6790089 -5.984e-4 0.8355078 -0.5185214 0.1818305 -0.684565 -0.7289518 3.58961e-4 0.5514537 -0.8341007 0.01323086 0.5429299 -0.8246956 0.158444 0.8338708 -0.5515517 0.0212168 0.7334068 0.6797888 -0.001327514 0.8300701 -0.5313298 0.1693293 -0.6845458 -0.7289673 0.001947581 0.5392869 -0.8418721 0.02051955 0.5267915 -0.8313893 0.1768694 0.8337731 -0.5517005 0.02118992 0.7334284 0.6797654 -0.00139147 0.8305384 -0.5308475 0.1685441 -0.683546 -0.7299062 0.001392364 0.5392691 -0.8418886 0.02031159 0.5352342 -0.8267155 0.1733954 0.8477954 -0.5299904 0.01879549 0.7335567 0.6796281 -5.59109e-4 0.8488143 -0.5161038 0.1146787 -0.684706 -0.7288193 4.86711e-4 0.5570314 -0.830385 0.01329731 0.5402798 -0.8356204 0.09917944 -0.5301845 -0.8477298 0.01608175 0.6794859 -0.7336884 -4.77072e-4 -0.5182362 -0.8358411 0.1811103 -0.7289901 0.6845242 4.10223e-4 -0.8377785 -0.5458496 0.01324605 -0.8332964 -0.5283159 0.1627864 -0.5301882 -0.847727 0.01611822 0.6791026 -0.7340432 -5.61062e-4 -0.5121263 -0.8394978 0.181577 -0.7289176 0.6846013 4.05251e-4 -0.8378199 -0.5457862 0.01324743 -0.8288022 -0.5366533 0.1583989 -0.5301476 -0.8477527 0.01609081 0.6796614 -0.7335259 -4.8602e-4 -0.5182343 -0.8358604 0.1810268 -0.7289307 0.6845874 4.10932e-4 -0.8377893 -0.5458326 0.01326012 -0.8332499 -0.5283727 0.1628407 -0.5252292 -0.8507331 0.01968806 0.6791449 -0.7340031 0.001303851 -0.5142702 -0.8500151 0.1140198 -0.7300627 0.6833788 0.001407921 -0.8357047 -0.5489476 0.01594901 -0.8372703 -0.5375429 0.1001309 -0.5302118 -0.8477121 0.01611751 0.6791517 -0.7339978 -5.36718e-4 -0.5122272 -0.8394269 0.1816198 -0.7290109 0.684502 3.8784e-4 -0.8378224 -0.5457819 0.01326155 -0.8288248 -0.5366355 0.1583415 -0.5460116 -0.8375099 0.02117687 0.6801209 -0.7330989 -0.001280248 -0.5240794 -0.8348278 0.1685332 -0.7297843 0.6836762 0.001356065 -0.8457742 -0.5331547 0.02030283 -0.8306561 -0.5291655 0.1731887 0.712626 -0.7015342 -0.003743588 -0.7071021 0.7071115 9.41109e-6 0.7072623 0.7069513 0 0.7071068 0.7071068 0 0.7071226 -0.707091 0 0.7071011 -0.7071126 0 -0.7069298 -0.7072839 -6.36108e-6 -0.7069287 -0.7072849 -2.12036e-6 -0.7070679 -0.7071457 -1.85357e-6 0.7073671 -0.7068464 0 -0.7064655 -0.7077476 4.17619e-6 0.7069786 0.707235 0 -0.7071011 -0.7071126 0 -0.7070683 -0.7071453 -4.03994e-6 -0.7075304 -0.7066829 0 -0.7070322 -0.7071814 0 -0.7070559 -0.7071577 0 -0.5509306 -0.8342391 -0.02281939 -0.7071092 -0.7071044 0 0.5510276 -0.8343119 -0.01710522 0.7072708 0.7069428 -3.36358e-6 0.7071068 -0.7071068 0 0.7070986 -0.707115 9.87821e-5 0.7072277 -0.7069484 -0.00728327 -0.7071105 0.7071031 0 0.7070301 0.7071835 4.79589e-6 -0.7071543 0.7070593 2.71278e-5 0.7071458 0.7070679 4.0979e-6 0.707074 0.7071396 8.19663e-6 0.707111 -0.7071026 3.34977e-5 -0.707092 -0.7071216 -1.48244e-5 0.707123 -0.7070906 0 0 0 1 -0.2530663 -0.6390924 0.7263047 0.7071185 0.7070952 4.56377e-6 -0.4360537 -0.7407091 0.5110844 -0.2532277 -0.6389083 0.7264103 -0.4358074 -0.7409207 0.5109879 -0.4633601 -0.7354127 0.4944346 -0.5385196 -0.7004949 0.4682986 0.7272933 0.4741802 0.496183 -0.5388 -0.7002827 0.4682934 0.7275573 0.4738862 0.496077 -0.4635308 -0.7353328 0.4943935 -0.1870779 -0.6493028 0.7371619 -0.2531823 -0.6390316 0.7263178 -0.2266554 -0.6438284 0.73083 -0.4362882 -0.7406122 0.5110248 -0.663958 0.2185721 0.7151126 -0.6553723 0.1990678 0.7286009 -0.6636751 0.2189415 0.7152622 -0.7373412 0.4742685 0.4810377 -0.6555135 0.1987639 0.7285568 -0.6501803 0.2381432 0.7214938 9.16243e-5 0 1 5.58298e-5 0 -1 0.7069479 0.7072657 7.84182e-6 2.49787e-5 -3.10191e-5 -1 0.691676 -0.7184301 0.07377356 -0.707329 0.7068845 0 -0.7071021 0.7071115 0 -0.7071555 -0.7070581 0 0 0 -1 0.7125929 -0.7015777 0 0.7069292 0.7072843 -2.12036e-6 0.7072283 0.7069853 -1.31325e-6 3.94027e-5 0 1 0.7070535 -0.7071602 0 1.64312e-5 0 1 0.707104 -0.7071095 0 0.7071102 0.7071034 0 -0.7071074 -0.7071062 0 0.7071418 -0.7070718 0 0.7074123 0.7068011 0 -0.7070883 0.7071253 0 0.7071537 -0.7070599 -1.44282e-5 -7.88084e-5 0 1 -0.7068309 0.7073826 0 -0.7071149 -0.7070987 -8.58315e-6 -0.7071364 -0.7070772 0 -0.7070971 -0.7071165 0 1.4001e-4 1.07284e-4 1 -0.7539594 -0.6564191 -0.02567857 -0.9804407 0.1956984 0.0209366 -0.9763406 0.2162384 0 9.3188e-5 1.07106e-4 -1 -0.7369127 -0.6758477 -0.01377135 -0.6756386 -0.7370056 0.01831215 -0.6561444 -0.7540485 0.02975779 0.1955019 -0.9804924 -0.02034085 0.2156154 -0.9764784 0 -0.7071275 -0.7070861 0 3.51914e-5 0 1 4.31137e-6 0 1 2.32384e-6 0 1 0.7071212 -0.7070924 0 3.34714e-5 0 -1 -2.41741e-5 0 -1 3.71816e-5 0 -1 -0.707078 0.7071356 0 0.7078583 -0.7063543 -4.18367e-4 3.28483e-5 0 1 0.7071068 -0.7071068 3.69911e-6 0.9449806 0.3268628 -0.01313102 -0.3274824 -0.9447662 0.01312589 -1.80027e-4 1.46142e-4 1 3.92543e-5 -5.36416e-5 -1 0.9805843 0.1950792 0.01996678 0.750382 -0.6604363 -0.02740556 0.9766436 0.2148659 0 0.6792324 -0.7337371 0.01653897 0.7341365 -0.678808 -0.01622682 0.6600832 -0.7506613 0.02824616 -0.1959677 -0.98038 -0.02125406 -0.2169927 -0.9761732 0 0.7071167 -0.7070969 0 -4.86806e-7 0 1 -5.53918e-6 0 1 -0.707029 -0.7071846 0 -2.09392e-5 0 -1 1.19008e-5 0 -1 1.5065e-5 0 -1 0.7070095 0.7072041 0 -1.66943e-4 1.46193e-4 1 3.91114e-5 -5.36465e-5 -1 0.9805949 0.1950235 0.01998466 0.7502092 -0.6606252 -0.02758026 0.9766657 0.2147658 0 0.6793562 -0.7336236 0.01648235 0.7340141 -0.6789368 -0.01637953 0.6603064 -0.7504679 0.0281682 -0.1959471 -0.9803853 -0.02120333 -0.2169976 -0.9761722 0 0.7071168 -0.7070969 0 -2.45587e-7 0 1 -2.78082e-6 0 1 -3.02641e-6 0 1 -0.7071263 -0.7070874 0 -2.45587e-7 0 -1 -2.78082e-6 0 -1 0.7071263 0.7070874 0 0.9448366 0.3273255 -0.0119124 -0.3273544 -0.9448267 0.01190739 0.7073419 -0.70687 -0.001562714 -0.7070683 -0.7071453 4.13295e-5 -1.46701e-5 0 1 0.8538668 0.5204917 0 -0.3273009 -0.9448394 0.01235747 0.7069949 -0.7072187 0 -0.7072626 -0.7069509 0 0.7070797 0.707134 0 -0.7070983 -0.7071154 2.95936e-5 0.7071068 -0.7071068 -2.64352e-5 0.7071266 -0.707087 0 0.7072474 -0.7069661 -3.16458e-4 0.7070416 -0.7071719 -3.26102e-4 -0.7068167 -0.7073969 0 0.2838414 -0.239178 0.9285624 0.7070989 -0.7071148 0 0.5379676 -0.4348696 0.7221353 0.7071308 -0.7070828 0 0.7070983 -0.7071154 0 -0.7071224 -0.7070912 0 0.06803607 -0.06804531 0.9953597 0.7071127 -0.707101 0 0.3637939 -0.3638532 0.8574759 0.7071159 -0.7070978 0 0.4324406 -0.393453 0.8112891 0.4325438 -0.3935189 0.8112021 0.5387266 -0.4348158 0.7216017 0.6231744 -0.7818456 -0.01926958 -0.7072663 -0.7069473 -7.19769e-6 -0.707074 -0.7071396 -8.19663e-6 0.623156 -0.7819244 -0.01645648 0.6232757 -0.781765 0.0192638 0.6231414 -0.7819363 0.01644843 -0.8450022 0.5334245 0.03780972 -0.8449811 0.5338199 0.03230285 0.6231594 -0.7818576 -0.01927149 -0.7069581 -0.7072555 -9.59277e-6 -0.7070289 -0.7071847 9.59181e-6 -0.7068825 -0.7073311 0 0.6232281 -0.7818673 -0.01644623 0.6231739 -0.7818464 -0.01925104 0.6232424 -0.7818555 0.01646149 -0.8450543 0.5337052 0.03228271 0.7072123 -0.7070013 -3.34022e-4 -0.7071435 -0.7070702 9.74409e-6 0.7071484 -0.7070652 6.65661e-5 0.7071182 0.7070955 0 7.13856e-7 0 1 0.7130246 0.7011301 -0.003543078 -8.43483e-6 0 -1 0.707122 -0.7070916 0 0.7072013 0.7070123 0 0.707111 -0.7071027 0 -0.7070536 0.70716 0 -0.7070151 -0.7071985 7.87857e-5 -0.6684041 -0.7435676 -0.01853126 0.7435781 0.6683925 -0.01852005 -0.7071691 0.7070445 -8.30644e-6 0.6367315 0.1995992 0.7448043 -0.7070878 0.7071179 0.003352761 0.6956505 0.54473 0.4683372 -0.7071292 0.7070844 1.70292e-4 0.6366024 0.1996895 0.7448902 -0.7071405 0.7070652 0.003353059 0.6956373 0.5446227 0.4684816 -0.7071219 0.7070917 1.52555e-4 0.6946415 0.5441718 0.4704788 -0.7070888 0.7071248 1.13456e-4 -0.7070047 0.7072089 -3.783e-5 -0.7071333 0.7070803 -3.78361e-5 0.6947688 0.5439512 0.470546 -0.7070812 0.7071324 1.14403e-4 0.6384042 0.2533224 0.7268204 -0.7071659 0.7070158 0.006718099 0.6366395 0.1996261 0.7448756 -0.7071479 0.7070577 0.003360569 0.6442058 0.2075634 0.7361498 -0.7071226 -0.707091 1.09593e-5 -0.707049 0.7070791 0.0109992 0.6958057 0.5445181 0.4683532 -0.7071214 0.7070922 1.38128e-4 0.2362205 -0.6371367 0.7336598 0.710681 0.703462 0.008599042 0.2653353 -0.644508 0.7170821 0.7071081 0.7070738 0.00669682 0.2362481 -0.6369739 0.7337923 0.7107251 0.7034174 0.008601963 0.5418196 -0.7054693 0.4568858 0.697862 0.7162072 0.006005942 0.2652999 -0.6445857 0.7170253 0.7071039 0.7070779 0.006709814 0.2193215 -0.6505061 0.727145 0.7070369 0.7070912 0.01099199 -0.7175511 -0.696506 0 -0.6916711 -0.7184345 0.07377642 1.17547e-5 0 1 0.7071185 -0.7070952 0 -5.49397e-5 -3.16084e-5 -1 0.7068195 -0.7073941 -1.94767e-5 -0.7065757 0.7076375 0 -6.24594e-6 0 1 0.7069022 0.7073114 0 -0.7071509 0.7070627 0 0.7070768 -0.7071368 0 -0.7070819 0.7071317 -7.34637e-6 -0.7070819 0.7071317 -1.37015e-5 0.7071134 -0.7071002 6.7465e-6 -7.87712e-5 0 1 0.5510503 -0.8342834 -0.01774084 0.7071017 -0.7071119 0 0.7071049 0.7071086 3.69904e-6 -0.7071068 -0.7071068 0 0.550996 -0.8343433 -0.01657527 -1.64271e-5 0 1 0.7069585 0.7072551 0 -0.7071475 0.7070661 -4.78731e-6 0.707102 -0.7071116 2.39342e-6 3.93918e-5 0 1 -0.7074053 0.7068082 0 -0.7070772 -0.7071364 0 -2.87652e-6 0 1 -0.7071165 -0.7070971 0 -1.14872e-5 0 1 2.10445e-5 1.9684e-5 1 5.36946e-5 4.40447e-5 -1 -0.7071171 -0.7070965 0 3.71789e-5 0 1 -2.78843e-5 0 -1 -0.7070924 0.7071212 0 0.7070701 -0.7071436 -5.20571e-6 0.7071068 -0.7071068 0 0.8538811 0.5204681 0 -0.5204004 -0.8539225 0 -2.59549e-4 2.54464e-4 1 9.90786e-5 -8.42582e-5 -1 0.7071266 -0.7070869 0 -6.02598e-6 0 1 -2.41034e-5 0 -1 0.7070679 0.7071458 0 -2.15471e-4 2.54441e-4 1 9.86972e-5 -8.42735e-5 -1 -0.7070484 -0.7071651 0 -3.02641e-6 0 -1 0.7070484 0.7071651 0 0.853978 0.5203092 0 -0.5202041 -0.8540419 0 0.7071171 -0.7070964 -6.4858e-5 -0.7070426 -0.707171 3.6679e-5 -3.66811e-6 0 1 0.9409189 0.3384039 -0.01242184 -0.5204999 -0.8538618 0 -0.7070797 -0.707134 0 0.7068966 0.7073169 0 -0.7071111 -0.7071025 2.56991e-5 0.7071046 -0.7071091 -4.97321e-5 0.7071147 -0.7070989 0 0.7070064 -0.7072071 3.79343e-4 0.7071507 -0.7070629 3.33985e-4 -0.7070506 -0.707163 0 0.1381011 -0.1381011 0.9807428 0.7070968 -0.7071169 1.3987e-5 0.3275081 -0.2841744 0.9011012 3.66428e-6 0 1 0.7071011 -0.7071125 0 -0.7070914 -0.7071222 0 0.06806242 -0.06804394 0.995358 0.7071045 -0.7071091 1.20991e-5 0.4730695 -0.4362294 0.765447 0.4324986 -0.3934791 0.8112455 0.4325731 -0.3935124 0.8111895 0.3261613 -0.2827239 0.9020455 0.8448138 -0.533724 0.03779506 0.8451181 -0.5336026 0.03231066 -0.6231882 0.781835 0.019252 -0.6232982 0.7818111 0.0164532 0.6231737 -0.7818462 0.01926034 0.6232841 -0.7818224 0.01645761 0.8448334 -0.5336924 0.03780233 0.8451244 -0.5335929 0.03229922 -0.623102 0.7819036 0.01925867 -0.6231974 0.7818912 0.01646566 0.8449753 -0.5334685 0.03779304 0.6232975 -0.7818115 0.01646977 -0.6232458 0.7817887 0.01926481 0.7069977 -0.7072159 3.12847e-4 0.7070612 -0.7071524 1.82482e-5 0.7071167 0.7070969 0 -1.42772e-6 0 1 0.7070823 0.7071313 -1.9613e-4 0.7071203 -0.7070933 0 0.7070941 0.7071195 0 0.7071865 -0.7070271 0 -0.7068469 0.7073666 1.14801e-5 -2.24527e-5 0 -1 -0.7074545 -0.7067589 2.14014e-5 -0.7071272 -0.7070865 0 -0.698619 0.7154376 0.008978068 -0.7175478 0.6964709 0.007320463 -0.6986652 0.7153921 0.009006738 -0.7174803 0.6965407 0.007282316 -0.7142683 0.6998538 0.005037546 -0.6973416 0.7167094 0.006503224 -0.6971705 0.7168755 0.006546676 -0.7142827 0.6998392 0.005030095 -0.7204344 0.6933417 0.0158658 -0.6984859 0.7155671 0.009019792 -0.7070949 -0.7071188 -2.39344e-6 -0.7095806 0.7045634 0.009263038 -0.7175596 0.6964592 0.007275819 0.7069829 0.7071458 0.01095795 0.692826 0.7209299 0.01587963 0.7070528 0.7070761 0.01095104 0.7071107 0.7071029 7.82055e-6 0.6927933 0.720961 0.0159024 0.7044739 0.7096692 0.00928384 -0.7176352 -0.6964097 0.003665328 -0.7184295 -0.6916753 -0.07378596 0.7071736 0.70704 0 -0.70716 0.7070536 -2.44906e-6 0.707094 -0.7071197 4.45444e-5 -0.7071043 0.7071093 -4.89742e-6 -0.7070958 0.7071179 -7.34622e-6</float_array>
          <technique_common>
            <accessor source="#Plane_061-mesh-normals-array" count="504" stride="3">
              <param name="X" type="float"/>
              <param name="Y" type="float"/>
              <param name="Z" type="float"/>
            </accessor>
          </technique_common>
        </source>
        <source id="Plane_061-mesh-map-0">
          <float_array id="Plane_061-mesh-map-0-array" count="3054">0.9334679 0.8229076 0.9374164 0.6125727 0.9423303 0.8252031 0.6147103 0.9495104 0.6232959 0.9628008 0.6183242 0.9620602 0.9718398 0.6124975 0.9668099 0.8872104 0.9668099 0.6124917 0.9646837 0.7262858 0.9666399 0.7274619 0.9655002 0.8877941 0.957906 0.1479079 0.9587747 0.3528358 0.9539941 0.3175571 0.9260412 0.340015 0.9299421 0.3218944 0.9299421 0.3509582 0.2860887 0.7534227 0.2874756 0.7905005 0.2864388 0.7909753 0.8697182 0.9210613 0.8770878 0.9554097 0.8711021 0.9581392 0.5326877 0.5048906 0.5276594 0.6665434 0.5206295 0.5048764 0.9951972 0.0187332 0.9971511 0.01990991 0.9960122 0.1802416 0.9725282 0.3192386 0.9786463 0.1102074 0.9786463 0.3229176 0.3312273 0.9249988 0.3312267 0.9627084 0.3256354 0.9652596 0.8697175 0.650634 0.906942 0.6124918 0.9069418 0.7939212 0.9323217 0.3784701 0.9362252 0.3809174 0.9323217 0.593592 0.01702934 0.9679802 0.02205586 0.9680315 0.02233284 0.9799138 0.4611879 0.7756981 0.4876981 0.8879919 0.4611887 0.872048 0.9587746 0.1102073 0.9587747 0.3528358 0.957906 0.1479079 0.2501371 0.9270437 0.2744809 0.927043 0.2573715 0.9428968 0.9191598 0.6130166 0.907303 0.7743124 0.9071129 0.6124927 0.9973215 0.01873332 0.9981373 0.1802417 0.9981373 0.3030626 0.9973215 0.01873332 0.9992762 0.01991003 0.9981373 0.1802417 0.9990189 0.4403436 0.9948632 0.568414 0.9948632 0.4422398 0.9578247 0.7540014 0.9533503 0.7513103 0.953348 0.7262858 0.9950262 0.3116911 0.9918397 0.08669161 0.9950262 0.08518105 0.9872094 0.3070011 0.9851133 0.0876196 0.9872134 0.08666127 0.8063278 0.6115758 0.8063278 0.612321 0.796994 0.6073172 0.796994 0.6068306 0.796994 0.6073172 0.7853087 0.6014983 0.8718995 0.3218946 0.898536 0.3485788 0.8718996 0.3752392 0.8563442 0.4507482 0.8495408 0.4507482 0.8526758 0.4438749 0.9666399 0.7274619 0.9666399 0.8884796 0.9655002 0.8877941 8.5422e-5 0.8920593 8.54233e-5 0.4825567 0.2502997 0.4866204 0.8371021 0.9686841 0.8269334 0.9686911 0.8355688 0.9205712 0.7558588 0.9142479 0.7545677 0.9132604 0.7546632 0.8659598 0.8930161 0.9668372 0.8828489 0.9668434 0.8906116 0.9180275 0.7033672 0.914492 0.7020771 0.9135012 0.7022808 0.8663254 0.8265438 0.9686839 0.8163766 0.9686903 0.8250133 0.9205712 0.4625912 0.939625 0.4612994 0.9386373 0.4613969 0.8913374 0.647801 0.9663506 0.6376323 0.9663568 0.6453962 0.9175419 0.7295548 0.9144912 0.7282662 0.9135004 0.72847 0.866325 0.7525599 0.9663503 0.7423911 0.9663564 0.7500934 0.9175066 0.6247937 0.9144912 0.6235043 0.9135003 0.6237286 0.8660812 0.858215 0.9686682 0.8480463 0.968675 0.8565902 0.9202989 0.8711211 0.9149774 0.8698284 0.9139898 0.8699468 0.8664441 0.9294989 0.9688718 0.9193301 0.9688785 0.9278718 0.9205023 0.4975863 0.930203 0.496296 0.9292154 0.4964129 0.8816696 0.7948681 0.9688445 0.7847008 0.9688506 0.7924017 0.920001 0.6509867 0.9144917 0.6496974 0.913501 0.6499216 0.8660818 0.8687749 0.9686682 0.8586046 0.9686748 0.867147 0.9202978 0.02741765 0.9434974 0.02612906 0.9425068 0.02632194 0.8954601 0.847658 0.9686842 0.8374907 0.9686909 0.8461677 0.9207243 0.9001098 0.3733577 0.8988188 0.3723701 0.8989252 0.3249506 0.815988 0.968684 0.8058192 0.9686907 0.8144971 0.9207233 0.001375257 0.9434978 8.51053e-5 0.9425072 3.09261e-4 0.8950887 0.8054267 0.9688445 0.7952595 0.9688506 0.8030229 0.9200351 0.6771768 0.9144919 0.6758866 0.9135013 0.6760907 0.8663256 0.2329597 0.9671927 0.2227852 0.967235 0.2302139 0.9642558 0.637463 0.9659729 0.6275006 0.9660962 0.6287268 0.9185525 0.2200454 0.967151 0.2098699 0.9671937 0.2172982 0.9642118 0.7422199 0.9658938 0.7322559 0.9660157 0.7334914 0.9184801 0.5207226 0.9570246 0.5105453 0.9570668 0.5180168 0.9541248 0.431836 0.9585614 0.4218721 0.9586846 0.42315 0.9109759 0.244497 0.9671923 0.2343236 0.9672338 0.2410086 0.964246 0.689847 0.9659588 0.6798831 0.9660823 0.68126 0.9180791 0.9071484 0.9690654 0.8969723 0.9691063 0.9044012 0.9661241 0.7280964 0.9658943 0.7181325 0.966016 0.7193689 0.9184817 0.2085071 0.9671528 0.1983313 0.967195 0.2058597 0.9642518 0.7139739 0.9658679 0.7040076 0.9659893 0.7053556 0.918154 0.5051369 8.59166e-5 0.5088704 0.001535117 0.3193465 0.4072644 0.9581644 0.3802696 0.9714562 0.3784702 0.9714562 0.4920937 0.9972158 0.9611757 0.9921934 0.9609652 0.9972158 0.8377574 0.9652327 0.3124135 0.9712215 0.3606692 0.9652327 0.3614196 0.3376874 0.925 0.3313974 0.9655798 0.3313974 0.9278702 0.2860887 0.7534227 0.2864388 0.7909753 0.2860918 0.7911337 0.5339977 0.5048764 0.5339977 0.6658939 0.532858 0.6652081 0.5339977 0.6660644 0.5339977 0.8270816 0.532858 0.8263961 0.9873843 0.5245727 0.9873842 0.3118622 0.9913336 0.3142377 0.6147103 0.9495104 0.6196818 0.9502511 0.6232959 0.9628008 0.964685 0.9999148 0.9646837 0.7262858 0.9655002 0.8877941 0.9718398 0.6124975 0.9718398 0.8872162 0.9668099 0.8872104 0.2881805 0.7532519 0.2504725 0.753208 0.2504717 0.6207413 0.9299421 0.3509582 0.9247368 0.3460742 0.9260412 0.340015 0.9650624 0.3459267 0.9589458 0.3175138 0.9589458 0.2103065 0.9951972 0.3116918 0.9951972 0.0187332 0.9960122 0.1802416 0.8933547 0.6123214 0.8999829 0.4999049 0.9117625 0.4040125 0.8999829 0.4999049 0.9058739 0.3999793 0.9117625 0.4040125 0.9810438 0.9870035 0.9849473 0.774329 0.9849473 0.9894508 0.4876981 0.7916418 0.4876981 0.8879919 0.4611879 0.7756981 0.505173 0.7756987 0.512493 0.7978459 0.4950665 0.7978459 0.9191598 0.6130166 0.9071129 0.8977306 0.907303 0.7743124 0.9990189 0.4403436 0.9990189 0.5665178 0.9948632 0.568414 0.2864388 0.7909753 0.2874756 0.7905005 0.287487 0.9163253 0.5333273 0.8273661 0.533542 0.8716022 0.5333248 0.8717216 0.7845304 0.8626159 0.5343159 0.8585505 0.7845304 0.4531118 0.9616248 0.7323854 0.963427 0.8252831 0.958021 0.8252769 0.3934261 0.8302361 0.4293928 0.8194916 0.4406282 0.8549836 0.9676902 8.92802e-5 0.9694929 0.1088271 0.9640854 0.108821 0.973268 8.92796e-5 0.9750708 0.1088271 0.9696648 0.108821 0.9697791 0.2658144 0.9723573 0.1102074 0.9723573 0.3089929 0.2670798 0.9724681 0.2670798 0.9430688 0.2742255 0.9473668 0.9697791 0.2658144 0.9697802 0.1113833 0.9723573 0.1102074 0.9284226 0.3512725 0.9258965 0.3729286 0.9261083 0.3511283 0.6686996 0.9146692 0.6757169 0.9146778 0.6757169 0.9390217 0.7546632 0.8659598 0.7564309 0.8632575 0.7558588 0.9142479 0.9301181 8.45157e-5 0.9301181 0.3217235 0.7730215 0.1256512 0.7022808 0.8663254 0.7037883 0.8634865 0.7033672 0.914492 0.4613969 0.8913374 0.4631648 0.8886346 0.4625912 0.939625 0.72847 0.866325 0.7299769 0.8634863 0.7295548 0.9144912 0.6237286 0.8660812 0.6252173 0.8634861 0.6247937 0.9144912 0.8699468 0.8664441 0.871696 0.8639847 0.8711211 0.9149774 0.2873103 0.9306911 0.2875419 0.9548484 0.2797173 0.9547723 0.2797173 0.9547723 0.2787202 0.9314102 0.2873103 0.9306911 0.4964129 0.8816696 0.4981628 0.8792104 0.4975863 0.930203 0.9245685 0.5824709 0.9248038 0.6066293 0.9169791 0.6065529 0.9169791 0.6065529 0.9159808 0.5831927 0.9245685 0.5824709 0.6499216 0.8660818 0.6514095 0.8634865 0.6509867 0.9144917 0.02632194 0.8954601 0.02789199 0.8923424 0.02741765 0.9434974 0.8989252 0.3249506 0.9006823 0.3223676 0.9001098 0.3733577 3.09261e-4 0.8950887 0.001846253 0.8923433 0.001375257 0.9434978 0.6760907 0.8663256 0.6775986 0.863487 0.6771768 0.9144919 0.6287268 0.9185525 0.6369591 0.9149077 0.637463 0.9659729 0.7334914 0.9184801 0.7413933 0.9147021 0.7422199 0.9658938 0.42315 0.9109759 0.4313317 0.9074962 0.431836 0.9585614 0.68126 0.9180791 0.689504 0.9149062 0.689847 0.9659588 0.7193689 0.9184817 0.7272689 0.9147024 0.7280964 0.9658943 0.7053556 0.918154 0.7134073 0.9146826 0.7139739 0.9658679 0.5088704 0.001535117 0.3246197 0.4055084 0.3199152 0.4072644 0.1682742 0.002551972 0.005114674 0.1658113 8.51748e-5 0.1658113 0.985106 9.01757e-5 0.9808391 0.05774128 0.9808174 8.51873e-5 0.9893846 0.8375862 0.9851154 0.6124921 0.9894063 0.6124916 0.994693 0.5368661 0.9915059 0.5383735 0.9915058 0.3118635 0.9423795 0.6124919 0.9423303 0.8252031 0.9374164 0.6125727 0.9533473 0.7261154 0.9533473 0.6124919 0.9666391 0.724316 0.9578247 0.7289767 0.9578247 0.7540014 0.953348 0.7262858 0.005114674 0.1658113 0.3191519 0.4798977 8.51748e-5 0.1658113 0.3193465 0.4072644 0.5088704 0.001535117 0.3199152 0.4072644 0.4948971 0.9373651 0.4878688 0.9373566 0.4878688 0.775698 0.9849427 0.5401375 0.9779145 0.540129 0.9779144 0.3784703 0.6183217 0.9254655 0.6196818 0.9502511 0.6147103 0.9495104 0.6636768 0.9390054 0.6483925 0.9216358 0.6636768 0.9146615 0.6636768 0.9390054 0.6686996 0.9146692 0.6757169 0.9390217 0.882679 0.9151475 0.8770878 0.9554097 0.8697182 0.9210613 0.2504717 0.6207413 0.2881805 0.5202876 0.2881805 0.7532519 0.9589458 0.2103065 0.9650624 0.1138865 0.9650624 0.3459267 0.7708186 0.9387642 0.7544553 0.9218874 0.7708186 0.9144197 0.7708186 0.9387642 0.7828602 0.9144346 0.7828614 0.9387819 0.5326877 0.7990158 0.5276594 0.6665434 0.5326877 0.5048906 0.8697198 0.8633442 0.9069418 0.7939212 0.906942 0.8627393 0.3193459 0.9304202 0.3256354 0.9652596 0.3193459 0.9681311 0.01702934 0.9679802 0.02233284 0.943718 0.02205586 0.9680315 0.9362252 0.3809174 0.9372855 0.5936025 0.9323217 0.593592 0.9058739 0.3999793 0.874457 0.482429 0.874457 0.3784705 0.9141169 0.9424592 0.9073208 0.9774811 0.9073208 0.9465466 0.8742873 0.4631894 0.796994 0.6073172 0.864955 0.4589301 0.3538499 0.9249994 0.3434512 0.9621881 0.3434512 0.9312535 0.864955 0.4584435 0.7853087 0.6014983 0.8532683 0.4531112 0.3930348 0.7863687 0.3193465 0.924131 0.3873244 0.7756987 0.9430683 0.809667 0.9569877 0.8146589 0.9464969 0.8190658 0.9521956 0.6198522 0.9425508 0.7760015 0.9425508 0.6124913 0.9533613 0.8045744 0.9464678 0.7805188 0.9569877 0.7761705 0.3302422 0.9220977 0.3193465 0.9248294 0.3193465 0.924131 0.9169584 0.5414296 0.9233312 0.5653933 0.9119327 0.5697602 0.9329863 0.7642859 0.9193342 0.6125113 0.9329863 0.6124919 0.9329863 0.7642859 0.919643 0.7649869 0.9193311 0.7643059 0.9193314 0.9171899 0.9329888 0.7651604 0.9329888 0.9171903 0.9119327 0.5697602 0.9283568 0.5778995 0.9169584 0.5822664 0.9587746 0.1102073 0.9523887 0.1502733 0.9518854 0.1136167 0.2744809 0.927043 0.2501545 0.9149994 0.2744987 0.9149994 0.3125535 0.6548005 0.3181458 0.4825581 0.3181458 0.8973646 0.5222135 0.9935568 0.5291191 0.8787485 0.5291191 0.9935649 0.7845305 0.8634589 0.7834101 0.9771459 0.7834101 0.8627851 0.9319078 0.007429301 0.9415352 0.1762018 0.9324934 0.1698206 0.9517159 0.3528364 0.9420778 0.1840128 0.9517159 0.1766631 0.8957483 0.88626 0.9050021 0.8974174 0.8957483 0.8976839 0.9312767 0.1691296 0.9319078 0.007429301 0.9324934 0.1698206 0.9408999 0.1764917 0.9324934 0.1698206 0.9415352 0.1762018 0.8511946 0.6124905 0.7847002 0.7565706 0.8504456 0.6124905 0.7854493 0.7565706 0.8695468 0.6208972 0.8038014 0.7649758 0.9331655 0.9458872 0.9298869 0.9317089 0.9331655 0.9336808 0.9119333 0.3784699 0.932149 0.5368914 0.9119323 0.5368919 0.08859181 0.9437656 0.07633674 0.9639901 0.07633674 0.94378 0.2762905 0.7607703 0.2859184 0.9301975 0.2768767 0.923818 0.9409173 0.3534925 0.9312797 0.1840095 0.9409173 0.1766614 0.9334686 0.6008971 0.9427182 0.6120548 0.9334686 0.612321 0.2756611 0.923129 0.2762905 0.7607703 0.2768767 0.923818 0.285283 0.9304874 0.2768767 0.923818 0.2859184 0.9301975 0.8508977 0.7651477 0.7847002 0.9085801 0.8501486 0.7651477 0.8508977 0.7651477 0.8038021 0.9169852 0.7854493 0.9085801 0.933167 0.9315383 0.9298877 0.91736 0.933167 0.919332 0.4408002 0.9334083 0.461018 0.7756975 0.461018 0.9334086 0.9409177 0.3536616 0.928663 0.3738861 0.928663 0.353676 0.9720101 0.9671848 0.9789157 0.8406498 0.9789157 0.9671928 0.3123818 0.8063874 0.3112614 0.9317544 0.3112614 0.8057136 0.3107722 0.8423483 0.3094128 0.9686923 0.3094128 0.8057135 0.6997722 0.9167034 0.6963806 0.9396876 0.6963783 0.9146626 0.2883518 0.9314165 0.3092411 0.805741 0.3092445 0.9314475 0.9920223 0.8379077 0.9851167 0.9525736 0.9851167 0.8377569 0.9843991 0.2332311 0.9832802 0.354063 0.9832802 0.2325573 0.5194499 0.7842541 0.5126639 0.7923811 0.512663 0.7873519 0.9844007 0.2323868 0.9832794 0.1102073 0.9844007 0.1108812 0.9964842 0.6124998 0.9895772 0.7344815 0.9895772 0.6124917 0.4293928 0.8194916 0.4046616 0.7864427 0.4406282 0.7756974 0.9851181 0.540137 0.9872094 0.3070011 0.9872134 0.5391792 0.9668092 0.9695376 0.9701703 0.8873865 0.9701703 0.9680038 0.2458662 0.89282 0.2215952 0.9397771 0.2432904 0.8922303 0.3960046 0.9553917 0.4151201 0.9072493 0.4176938 0.9078406 0.2474914 0.9675062 0.2460501 0.8922299 0.2474914 0.8930975 0.4395702 0.9072626 0.4320055 0.9516039 0.4320055 0.9072506 0.9697791 0.2658144 0.9652314 0.3122444 0.9652317 0.2678893 0.4602689 0.9335904 0.4539906 0.9779353 0.4539906 0.9335802 0.8218229 0.4477189 0.8427135 0.3219247 0.8493717 0.4477568 0.2879309 0.7535375 0.2881797 0.797779 0.2879284 0.7978937 0.5292901 0.9614889 0.533959 0.8787391 0.533959 0.9593586 0.9581645 0.5173653 0.9653103 0.6054829 0.9581645 0.6011849 0.9191593 0.9422872 0.8957858 0.8978992 0.91916 0.8979339 0.696207 0.9146636 0.6900174 0.9618412 0.6900174 0.9174879 0.9779147 0.5846623 0.9841917 0.5403168 0.9841917 0.5846714 0.9948617 0.4401735 0.9995431 0.3118636 0.9995431 0.4380373 0.9779024 0.3339452 0.9716248 0.3782915 0.9716248 0.3339365 0.487869 0.9818873 0.494146 0.9375413 0.494146 0.9818964 0.3078017 0.9316248 0.3015227 0.9759694 0.3015227 0.9316197 0.04215121 0.9519297 0.0261287 0.9542574 0.02687859 0.9469406 0.5520007 0.9558395 0.551122 0.9553121 0.5517078 0.8631368 0.9425814 0.1089171 0.9417049 0.1083895 0.9422893 4.36981e-4 0.09841299 0.9597344 0.08876371 0.9465256 0.09661304 0.9437686 0.2508862 0.946342 0.2646593 0.9602865 0.250136 0.9536596 0.1325093 0.943767 0.1246595 0.962487 0.1246595 0.9465249 0.5850242 0.9554882 0.6013656 0.8630569 0.6013656 0.9555839 0.9416521 0.4869505 0.9579934 0.378742 0.9579934 0.4870463 0.01610887 0.9519312 8.59548e-5 0.954259 8.35576e-4 0.9469414 0.5688048 0.9558395 0.5679276 0.9553121 0.5685124 0.8631367 0.5351935 0.9558399 0.5343163 0.9553123 0.5349011 0.863137 0.9422376 0.5963046 0.9413596 0.595777 0.9419448 0.4878243 0.1217706 0.9597344 0.1121205 0.9465284 0.1199703 0.9437698 0.06819427 0.9520295 0.0521745 0.9543564 0.05292361 0.9470391 0.1083514 0.9437701 0.1005018 0.9624914 0.1005018 0.9465276 0.9337596 0.9339337 0.9501017 0.8257251 0.9501017 0.9340295 0.221413 0.8928231 0.1971419 0.9397786 0.218837 0.8922303 0.3191281 0.8995861 0.3191316 0.9570155 0.3184363 0.9565968 0.7847025 0.6024538 0.796994 0.6073172 0.8063278 0.612321 0.5204591 0.7755275 0.3193465 0.755885 0.5204591 0.5048764 0.7728501 0.4529411 0.5343144 8.62996e-5 0.7728501 4.21839e-4 0.773062 0.4512391 0.821648 0.3279715 0.821648 0.4512655 0.3934267 0.9070789 0.4374922 0.8551545 0.4374932 0.9070789 0.9807302 0.8406426 0.9790881 0.9703948 0.9790881 0.8413919 0.8717286 0.4437042 0.8495415 0.3218948 0.8717286 0.3219209 0.3636425 0.9480562 0.35638 0.9540983 0.3540204 0.9470346 0.9634273 0.9487636 0.953881 0.8276182 0.963425 0.827463 0.895749 0.8857126 0.9054309 0.8635156 0.9054309 0.8857139 0.3540204 0.9470346 0.3660038 0.92602 0.3636425 0.9480562 0.9502731 0.946754 0.953881 0.8276182 0.9538741 0.9489191 0.9320642 0.601427 0.9285278 0.5370632 0.9320642 0.5391899 0.6233332 0.8628108 0.6015359 0.92527 0.6015359 0.8627851 0.871899 0.3754481 0.874189 0.3754109 0.8730444 0.4376665 0.3700912 0.9257611 0.3661748 0.950506 0.3661748 0.926481 0.8355688 0.9205712 0.8269334 0.9686911 0.8274508 0.9174346 0.3702073 0.949113 0.3786653 0.9250509 0.3788675 0.9491914 0.7564309 0.8632575 0.7803155 0.9139212 0.7558588 0.9142479 0.941088 0.3541803 0.9450584 0.3768215 0.941088 0.3782039 0.8906116 0.9180275 0.8828489 0.9668434 0.8828605 0.9156418 0.7033672 0.914492 0.7276785 0.8632512 0.7278247 0.9142259 0.9535161 0.3771227 0.9459703 0.3533797 0.9541091 0.3534348 0.9535161 0.3771227 0.9450584 0.3768215 0.9459703 0.3533797 0.5001004 0.9311351 0.4961852 0.9558806 0.4961852 0.9318549 0.8250133 0.9205712 0.8163766 0.9686903 0.8168941 0.9174338 0.5002185 0.9544883 0.5086737 0.9304251 0.5088784 0.9545649 0.4631648 0.8886346 0.4870479 0.9392992 0.4625912 0.939625 0.4407984 0.9347509 0.4447705 0.9573938 0.4407984 0.9587749 0.6453962 0.9175419 0.6376323 0.9663568 0.6376439 0.9151543 0.7295548 0.9144912 0.753867 0.8632504 0.7540123 0.9142258 0.4532308 0.9576951 0.4456806 0.9339515 0.4538209 0.934006 0.4532308 0.9576951 0.4447705 0.9573938 0.4456806 0.9339515 0.4611891 0.9409288 0.4652812 0.9635365 0.4611891 0.9649541 0.7500934 0.9175066 0.7423911 0.9663564 0.7424029 0.915152 0.6247937 0.9144912 0.649104 0.8632483 0.6492519 0.9142259 0.4737555 0.9638902 0.4661288 0.9401291 0.4742122 0.9401857 0.4661288 0.9401291 0.4737555 0.9638902 0.4652812 0.9635365 0.2787202 0.9314102 0.2746711 0.9561609 0.2746711 0.9321362 0.8565902 0.9202989 0.8480463 0.968675 0.8484147 0.9174304 0.871696 0.8639847 0.8955777 0.9146509 0.8711211 0.9149774 0.9159808 0.5831927 0.9119328 0.6079426 0.9119328 0.5839155 0.9278718 0.9205023 0.9193301 0.9688785 0.9196996 0.9176346 0.4981628 0.8792104 0.5220445 0.9298771 0.4975863 0.930203 0.4743812 0.9409258 0.4784727 0.9635339 0.4743812 0.9649508 0.7924017 0.920001 0.7847008 0.9688506 0.7847118 0.9176457 0.6509867 0.9144917 0.6752961 0.8632482 0.6754449 0.914226 0.4869487 0.9638874 0.4793221 0.9401276 0.4874056 0.9401841 0.4793221 0.9401276 0.4869487 0.9638874 0.4784727 0.9635339 0.6015368 0.9269481 0.6054451 0.9496189 0.6015368 0.9509727 0.867147 0.9202978 0.8586046 0.9686748 0.8589809 0.9174299 0.6055855 0.9262223 0.6135908 0.949815 0.6054451 0.9496189 0.02741765 0.9434974 0.05200248 0.89223 0.05187511 0.9432324 0.2921956 0.9323834 0.2883471 0.9571245 0.2883471 0.9331007 0.8461677 0.9207243 0.8374907 0.9686909 0.8380097 0.917434 0.2924364 0.9557047 0.300835 0.9316706 0.3010417 0.9558125 0.9006823 0.3223676 0.9245673 0.3730314 0.9001098 0.3733577 0.3831968 0.9257624 0.3793484 0.9505055 0.3793484 0.9264791 0.8144971 0.9207233 0.8058192 0.9686907 0.8063512 0.917433 0.9716264 0.5911803 0.9777446 0.4822486 0.9777446 0.5948598 0.3834429 0.9490932 0.3918233 0.9250515 0.3916597 0.9493755 0.001846253 0.8923433 0.02583271 0.9432319 0.001375257 0.9434978 0.9334648 0.9356286 0.9374354 0.958269 0.9334648 0.9596525 0.8030229 0.9200351 0.7952595 0.9688506 0.7952712 0.9176489 0.6771768 0.9144919 0.7014884 0.8632509 0.7016342 0.9142258 0.9458962 0.9585705 0.938347 0.9348282 0.9464866 0.934884 0.9458962 0.9585705 0.9374354 0.958269 0.938347 0.9348282 0.6236045 0.9638285 0.6287268 0.9185525 0.6275006 0.9660962 0.2302139 0.9642558 0.2227852 0.967235 0.222161 0.9641092 0.2302139 0.9642558 0.2229859 0.9406135 0.231646 0.9417814 0.07590687 0.8922302 0.05217576 0.9435963 0.05226641 0.8923794 0.7283595 0.9637475 0.7334914 0.9184801 0.7322559 0.9660157 0.2172982 0.9642118 0.2098699 0.9671937 0.2090553 0.9641229 0.2172982 0.9642118 0.2103915 0.9406421 0.2187344 0.9417425 0.1246618 0.9435965 0.1484406 0.8923796 0.1486524 0.9435965 0.4179762 0.9564168 0.42315 0.9109759 0.4218721 0.9586846 0.5180168 0.9541248 0.5105453 0.9570668 0.5099228 0.9539402 0.5180168 0.9541248 0.5107511 0.930445 0.5193395 0.931603 0.1967118 0.8922303 0.1729837 0.9435961 0.1730744 0.8923788 0.6759878 0.9638143 0.68126 0.9180791 0.6798831 0.9660823 0.2410086 0.964246 0.2343236 0.9672338 0.2331327 0.9641304 0.1000663 0.89223 0.07633674 0.9435958 0.0764274 0.8923792 0.2343639 0.9405891 0.2410086 0.964246 0.2331327 0.9641304 0.2410086 0.964246 0.2343639 0.9405891 0.2429726 0.9417492 0.7142368 0.9637476 0.7193689 0.9184817 0.7181325 0.966016 0.9044012 0.9661241 0.8969723 0.9691063 0.896159 0.9660349 0.9044012 0.9661241 0.8974969 0.9425532 0.9058386 0.943654 0.1488227 0.9435959 0.1726031 0.8923794 0.1728134 0.9435959 0.7000212 0.9187535 0.7040076 0.9659893 0.7001135 0.963721 0.2058597 0.9642518 0.1983313 0.967195 0.1976718 0.9641096 0.2070523 0.9417199 0.1976718 0.9641096 0.1985954 0.9406075 0.1004979 0.8922298 0.12449 0.9435303 0.1004979 0.9435963 0.9496387 0.1090868 0.941705 0.1582109 0.941705 0.1138586 0.4961839 0.8566135 0.5326883 0.8211421 0.5326883 0.8785695 0.5341303 0.5015034 0.3199152 0.4072644 0.3246197 0.4055084 0.9763013 0.8372565 0.9720115 0.8372361 0.9734792 0.6124936 0.5194499 0.7756965 0.5126639 0.7923811 0.512663 0.7787942 0.9788382 0.110207 0.9831091 0.3353038 0.9788171 0.3353021 0.9720115 0.8372361 0.9763013 0.8372565 0.9734804 0.8404518 0.9885762 0.5403084 0.9885969 0.5977354 0.9843613 0.5978042 0.9916484 0.3116919 0.9873852 0.0866627 0.9916696 0.08667165 0.9779195 0.7741504 0.9849463 0.6124998 0.9849463 0.7741584 0.2744988 0.9144404 0.2504706 0.753813 0.2744988 0.7534228 0.2864388 0.7909753 0.2860887 0.9169619 0.2860918 0.7911337 0.2883499 0.6439652 0.3123826 0.4825574 0.3123811 0.6435748 0.2883507 0.8055433 0.3123819 0.6441357 0.3123812 0.8051531 0.3376874 0.925 0.3432806 0.960159 0.3313974 0.9655798 0.6183217 0.9254655 0.6232959 0.9262039 0.6196818 0.9502511 0.6636768 0.9390054 0.6483931 0.9459811 0.6483925 0.9216358 0.6636768 0.9390054 0.6636768 0.9146615 0.6686996 0.9146692 0.882679 0.9151475 0.882679 0.9528585 0.8770878 0.9554097 0.2504717 0.6207413 0.2504707 0.4825568 0.2881805 0.5202876 0.9589458 0.2103065 0.9589458 0.1102074 0.9650624 0.1138865 0.7708186 0.9387642 0.7544553 0.9462319 0.7544553 0.9218874 0.7708186 0.9387642 0.7708186 0.9144197 0.7828602 0.9144346 0.5326877 0.7990158 0.5276578 0.7990101 0.5276594 0.6665434 0.8697198 0.8633442 0.8697175 0.650634 0.9069418 0.7939212 0.3193459 0.9304202 0.3312273 0.9249988 0.3256354 0.9652596 0.01702934 0.9679802 0.01730382 0.9436686 0.02233284 0.943718 0.9362252 0.3809174 0.941189 0.3809279 0.9372855 0.5936025 0.9058739 0.3999793 0.8999829 0.4999049 0.874457 0.482429 0.9141169 0.9424592 0.9141169 0.9733937 0.9073208 0.9774811 0.8742873 0.4631894 0.8063278 0.6115758 0.796994 0.6073172 0.3538499 0.9249994 0.3538499 0.9559339 0.3434512 0.9621881 0.864955 0.4584435 0.796994 0.6068306 0.7853087 0.6014983 0.3930348 0.7863687 0.3302422 0.9220977 0.3193465 0.924131 0.9430683 0.809667 0.9533613 0.8045744 0.9569877 0.8146589 0.9521956 0.6198522 0.951626 0.7695989 0.9425508 0.7760015 0.9533613 0.8045744 0.9430683 0.809667 0.9464678 0.7805188 0.3302422 0.9220977 0.3311786 0.9221492 0.3193465 0.9248294 0.9169584 0.5414296 0.9283568 0.5370628 0.9233312 0.5653933 0.9329863 0.7642859 0.9193311 0.7643059 0.9193342 0.6125113 0.9329863 0.7642859 0.9332982 0.764967 0.919643 0.7649869 0.9193314 0.9171899 0.9193308 0.7651606 0.9329888 0.7651604 0.9119327 0.5697602 0.9233312 0.5653933 0.9283568 0.5778995 0.9587746 0.1102073 0.957906 0.1479079 0.9523887 0.1502733 0.2744809 0.927043 0.2501371 0.9270437 0.2501545 0.9149994 0.3125535 0.6548005 0.3125546 0.4851093 0.3181458 0.4825581 0.5222135 0.9935568 0.5222135 0.87874 0.5291191 0.8787485 0.7845305 0.8634589 0.7845305 0.9778198 0.7834101 0.9771459 0.9319078 0.007429301 0.9415352 8.46904e-5 0.9415352 0.1762018 0.9517159 0.3528364 0.9426333 0.3464187 0.9420778 0.1840128 0.8957483 0.88626 0.9055875 0.8859533 0.9050021 0.8974174 0.9312767 0.1691296 0.9303634 0.009307265 0.9319078 0.007429301 0.9408999 0.1764917 0.9312767 0.1691296 0.9324934 0.1698206 0.8511946 0.6124905 0.7854493 0.7565706 0.7847002 0.7565706 0.7854493 0.7565706 0.8511946 0.6124905 0.8695468 0.6208972 0.9331655 0.9458872 0.9298869 0.9439152 0.9298869 0.9317089 0.9119333 0.3784699 0.9321505 0.3784699 0.932149 0.5368914 0.08859181 0.9437656 0.08859181 0.9639757 0.07633674 0.9639901 0.2762905 0.7607703 0.2859184 0.7534251 0.2859184 0.9301975 0.9409173 0.3534925 0.9318374 0.3470752 0.9312797 0.1840095 0.9334686 0.6008971 0.9433074 0.6005905 0.9427182 0.6120548 0.2756611 0.923129 0.2747454 0.7626467 0.2762905 0.7607703 0.285283 0.9304874 0.2756611 0.923129 0.2768767 0.923818 0.8508977 0.7651477 0.7854493 0.9085801 0.7847002 0.9085801 0.8508977 0.7651477 0.8692521 0.7735544 0.8038021 0.9169852 0.933167 0.9315383 0.9298877 0.9295663 0.9298877 0.91736 0.4408002 0.9334083 0.4408002 0.7756972 0.461018 0.7756975 0.9409177 0.3536616 0.940918 0.3738717 0.928663 0.3738861 0.9720101 0.9671848 0.9720101 0.8406421 0.9789157 0.8406498 0.3123818 0.8063874 0.3123818 0.9324282 0.3112614 0.9317544 0.3107722 0.8423483 0.3108091 0.9680529 0.3094128 0.9686923 0.6997722 0.9167034 0.6997722 0.9417281 0.6963806 0.9396876 0.2883518 0.9314165 0.2883518 0.8057119 0.3092411 0.805741 0.9920223 0.8379077 0.9920223 0.9598974 0.9851167 0.9525736 0.9843991 0.2332311 0.9843991 0.3547368 0.9832802 0.354063 0.5194499 0.7842541 0.5194507 0.7892833 0.5126639 0.7923811 0.9844007 0.2323868 0.9832794 0.231713 0.9832794 0.1102073 0.9964842 0.6124998 0.9964842 0.7344895 0.9895772 0.7344815 0.4293928 0.8194916 0.3934261 0.8302361 0.4046616 0.7864427 0.9851181 0.540137 0.9851133 0.0876196 0.9872094 0.3070011 0.9668092 0.9695376 0.9668092 0.8889202 0.9701703 0.8873865 0.2458662 0.89282 0.2241774 0.9403712 0.2215952 0.9397771 0.3960046 0.9553917 0.3934257 0.9547992 0.4151201 0.9072493 0.2474914 0.9675062 0.2460501 0.9666386 0.2460501 0.8922299 0.4395702 0.9072626 0.4395702 0.9516176 0.4320055 0.9516039 0.9697791 0.2658144 0.9723573 0.3089929 0.9652314 0.3122444 0.4602689 0.9335904 0.4602689 0.9779437 0.4539906 0.9779353 0.8218229 0.4477189 0.8218229 0.321894 0.8427135 0.3219247 0.5292901 0.9614889 0.5292901 0.8808694 0.533959 0.8787391 0.9581645 0.5173653 0.9653103 0.492264 0.9653103 0.6054829 0.9191593 0.9422872 0.8957858 0.942254 0.8957858 0.8978992 0.696207 0.9146636 0.6962081 0.9665715 0.6900174 0.9618412 0.9779147 0.5846623 0.9779147 0.5403076 0.9841917 0.5403168 0.9948617 0.4401735 0.9948617 0.3139998 0.9995431 0.3118636 0.9779024 0.3339452 0.9779031 0.3783 0.9716248 0.3782915 0.487869 0.9818873 0.4878697 0.9375337 0.494146 0.9375413 0.3078017 0.9316248 0.3078338 0.9759784 0.3015227 0.9759694 0.04215121 0.9519297 0.04065197 0.9608836 0.0261287 0.9542574 0.09841299 0.9597344 0.08876293 0.9624897 0.08876371 0.9465256 0.5677565 0.9555836 0.5520007 0.9558395 0.5517078 0.8631368 0.9603098 0.1088232 0.9425814 0.1089171 0.9422893 4.36981e-4 0.2508862 0.946342 0.2661581 0.9513325 0.2646593 0.9602865 0.1325093 0.943767 0.1343094 0.9597327 0.1246595 0.962487 0.01610887 0.9519312 0.01461076 0.9608859 8.59548e-5 0.954259 0.1217706 0.9597344 0.1121219 0.9624906 0.1121205 0.9465284 0.5509516 0.9555838 0.5351935 0.9558399 0.5349011 0.863137 0.9579934 0.5960485 0.9422376 0.5963046 0.9419448 0.4878243 0.06819427 0.9520295 0.06669628 0.9609834 0.0521745 0.9543564 0.1083514 0.9437701 0.1101511 0.9597353 0.1005018 0.9624914 0.5845622 0.9555836 0.5688048 0.9558395 0.5685124 0.8631367 0.221413 0.8928231 0.1997233 0.9403727 0.1971419 0.9397786 0.7847025 0.6024538 0.7853087 0.6014983 0.796994 0.6073172 0.5204591 0.7755275 0.3193465 0.7752916 0.3193465 0.755885 0.7728501 0.4529411 0.5343137 0.4526042 0.5343144 8.62996e-5 0.773062 0.4512391 0.7730202 0.3218944 0.821648 0.3279715 0.3934267 0.9070789 0.3934273 0.8551539 0.4374922 0.8551545 0.9807302 0.8406426 0.9807302 0.9696455 0.9790881 0.9703948 0.8717286 0.4437042 0.8495415 0.4436781 0.8495415 0.3218948 0.3636425 0.9480562 0.3660038 0.95512 0.35638 0.9540983 0.9634273 0.9487636 0.9538741 0.9489191 0.953881 0.8276182 0.895749 0.8857126 0.895749 0.8635165 0.9054309 0.8635156 0.3540204 0.9470346 0.3563873 0.9250007 0.3660038 0.92602 0.9502731 0.946754 0.9502731 0.8254535 0.953881 0.8276182 0.9320642 0.601427 0.9285278 0.5993002 0.9285278 0.5370632 0.3700912 0.9257611 0.3702073 0.949113 0.3661748 0.950506 0.3702073 0.949113 0.3700912 0.9257611 0.3786653 0.9250509 0.7564309 0.8632575 0.7803155 0.8629194 0.7803155 0.9139212 0.941088 0.3541803 0.9459703 0.3533797 0.9450584 0.3768215 0.7033672 0.914492 0.7037883 0.8634865 0.7276785 0.8632512 0.5001004 0.9311351 0.5002185 0.9544883 0.4961852 0.9558806 0.5002185 0.9544883 0.5001004 0.9311351 0.5086737 0.9304251 0.4631648 0.8886346 0.4870479 0.8882972 0.4870479 0.9392992 0.4407984 0.9347509 0.4456806 0.9339515 0.4447705 0.9573938 0.7295548 0.9144912 0.7299769 0.8634863 0.753867 0.8632504 0.4611891 0.9409288 0.4661288 0.9401291 0.4652812 0.9635365 0.6247937 0.9144912 0.6252173 0.8634861 0.649104 0.8632483 0.2787202 0.9314102 0.2797173 0.9547723 0.2746711 0.9561609 0.871696 0.8639847 0.8955777 0.8636488 0.8955777 0.9146509 0.9159808 0.5831927 0.9169791 0.6065529 0.9119328 0.6079426 0.4981628 0.8792104 0.5220445 0.878875 0.5220445 0.9298771 0.4743812 0.9409258 0.4793221 0.9401276 0.4784727 0.9635339 0.6509867 0.9144917 0.6514095 0.8634865 0.6752961 0.8632482 0.6015368 0.9269481 0.6055855 0.9262223 0.6054451 0.9496189 0.6055855 0.9262223 0.6141673 0.9255042 0.6135908 0.949815 0.02741765 0.9434974 0.02789199 0.8923424 0.05200248 0.89223 0.2921956 0.9323834 0.2924364 0.9557047 0.2883471 0.9571245 0.2924364 0.9557047 0.2921956 0.9323834 0.300835 0.9316706 0.9006823 0.3223676 0.9245673 0.3220295 0.9245673 0.3730314 0.3831968 0.9257624 0.3834429 0.9490932 0.3793484 0.9505055 0.9716264 0.5911803 0.9716264 0.3784703 0.9777446 0.4822486 0.3834429 0.9490932 0.3831968 0.9257624 0.3918233 0.9250515 0.001846253 0.8923433 0.02595907 0.8922302 0.02583271 0.9432319 0.9334648 0.9356286 0.938347 0.9348282 0.9374354 0.958269 0.6771768 0.9144919 0.6775986 0.863487 0.7014884 0.8632509 0.6236045 0.9638285 0.6235042 0.918861 0.6287268 0.9185525 0.2302139 0.9642558 0.222161 0.9641092 0.2229859 0.9406135 0.07590687 0.8922302 0.07616794 0.9435963 0.05217576 0.9435963 0.7283595 0.9637475 0.7282672 0.9187799 0.7334914 0.9184801 0.2172982 0.9642118 0.2090553 0.9641229 0.2103915 0.9406421 0.1246618 0.9435965 0.1248013 0.8922306 0.1484406 0.8923796 0.4179762 0.9564168 0.4178764 0.9114493 0.42315 0.9109759 0.5180168 0.9541248 0.5099228 0.9539402 0.5107511 0.930445 0.1967118 0.8922303 0.1969728 0.9435961 0.1729837 0.9435961 0.6759878 0.9638143 0.6758875 0.9188469 0.68126 0.9180791 0.1000663 0.89223 0.1003289 0.9435957 0.07633674 0.9435958 0.7142368 0.9637476 0.7141445 0.9187802 0.7193689 0.9184817 0.9044012 0.9661241 0.896159 0.9660349 0.8974969 0.9425532 0.1488227 0.9435959 0.1489623 0.8922301 0.1726031 0.8923794 0.7000212 0.9187535 0.7053556 0.918154 0.7040076 0.9659893 0.2070523 0.9417199 0.2058597 0.9642518 0.1976718 0.9641096 0.1004979 0.8922298 0.1241375 0.8923142 0.12449 0.9435303 0.9496387 0.1090868 0.9496387 0.1534392 0.941705 0.1582109 0.4961839 0.8566135 0.4961847 0.7991863 0.5326883 0.8211421 0.5194499 0.7756965 0.5194507 0.7892833 0.5126639 0.7923811 0.9779195 0.7741504 0.9779195 0.6124917 0.9849463 0.6124998 0.2744988 0.9144404 0.2504699 0.9148307 0.2504706 0.753813 0.2864388 0.7909753 0.287487 0.9163253 0.2860887 0.9169619 0.2883499 0.6439652 0.2883498 0.4829477 0.3123826 0.4825574 0.2883507 0.8055433 0.2883507 0.644526 0.3123819 0.6441357</float_array>
          <technique_common>
            <accessor source="#Plane_061-mesh-map-0-array" count="1527" stride="2">
              <param name="S" type="float"/>
              <param name="T" type="float"/>
            </accessor>
          </technique_common>
        </source>
        <source id="Plane_061-mesh-colors-Col" name="Col">
          <float_array id="Plane_061-mesh-colors-Col-array" count="6108">0.7490196 0.2705882 0.2784314 1 0.7490196 0.2705882 0.2784314 1 0.7490196 0.2705882 0.2784314 1 1 1 1 1 1 1 1 1 1 1 1 1 1 0.8941177 0.8235294 1 1 0.8941177 0.8235294 1 1 0.8941177 0.8235294 1 1 0.8941177 0.8235294 1 1 0.8941177 0.8235294 1 1 0.8941177 0.8235294 1 1 0.9803922 0.6862745 1 1 0.9803922 0.6862745 1 1 0.9803922 0.6862745 1 1 1 1 1 1 1 1 1 1 1 1 1 0.7490196 0.2705882 0.2784314 1 0.7490196 0.2705882 0.2784314 1 0.7490196 0.2705882 0.2784314 1 0.7137255 0.8901961 0.882353 1 0.7137255 0.8901961 0.882353 1 0.7137255 0.8901961 0.882353 1 0.7137255 0.8901961 0.882353 1 0.7137255 0.8901961 0.882353 1 0.7137255 0.8901961 0.882353 1 0.7137255 0.8901961 0.882353 1 0.7137255 0.8901961 0.882353 1 0.7137255 0.8901961 0.882353 1 1 1 1 1 1 1 1 1 1 1 1 1 1 1 1 1 1 1 1 1 1 1 1 1 1 1 1 1 1 1 1 1 1 1 1 1 1 1 1 1 1 1 1 1 1 1 1 1 1 1 1 1 1 1 1 1 1 1 1 1 1 1 1 1 1 1 1 1 1 1 1 1 0.7137255 0.8901961 0.882353 1 0.7137255 0.8901961 0.882353 1 0.7137255 0.8901961 0.882353 1 1 1 1 1 1 1 1 1 1 1 1 1 0.7137255 0.8901961 0.882353 1 0.7137255 0.8901961 0.882353 1 0.7137255 0.8901961 0.882353 1 1 1 1 1 1 1 1 1 1 1 1 1 0.7137255 0.8901961 0.882353 1 0.7137255 0.8901961 0.882353 1 0.7137255 0.8901961 0.882353 1 1 1 1 1 1 1 1 1 1 1 1 1 0.4509804 0.4509804 0.4509804 1 0.4509804 0.4509804 0.4509804 1 0.4509804 0.4509804 0.4509804 1 1 1 1 1 1 1 1 1 1 1 1 1 0.7137255 0.8901961 0.882353 1 0.7137255 0.8901961 0.882353 1 0.7137255 0.8901961 0.882353 1 1 1 1 1 1 1 1 1 1 1 1 1 1 1 1 1 1 1 1 1 1 1 1 1 1 1 1 1 1 1 1 1 1 1 1 1 1 1 1 1 1 1 1 1 1 1 1 1 1 0.8941177 0.8235294 1 1 0.8392157 0.8509804 1 1 0.8392157 0.8509804 1 1 1 1 1 1 1 1 1 1 1 1 1 1 1 1 1 1 1 1 1 1 1 1 1 1 1 1 1 1 1 1 1 1 1 1 1 1 1 1 1 1 1 1 1 1 1 1 1 1 1 1 1 1 1 1 1 1 1 1 1 1 1 1 1 1 1 1 1 1 1 1 1 1 1 1 1 1 1 1 1 1 1 1 1 1 1 1 1 1 1 1 1 1 1 1 1 1 1 1 1 1 1 1 1 1 1 1 1 1 1 1 1 1 1 1 1 1 1 1 1 1 1 1 1 1 1 1 1 1 1 1 1 1 1 1 1 1 1 1 1 1 1 1 1 1 1 1 1 1 1 1 1 1 1 1 1 0.7137255 0.8901961 0.882353 1 0.7137255 0.8901961 0.882353 1 0.7137255 0.8901961 0.882353 1 0.7137255 0.8901961 0.882353 1 0.7137255 0.8901961 0.882353 1 0.7137255 0.8901961 0.882353 1 0.7137255 0.8901961 0.882353 1 0.7137255 0.8901961 0.882353 1 0.7137255 0.8901961 0.882353 1 0.7137255 0.8901961 0.882353 1 0.7137255 0.8901961 0.882353 1 0.7137255 0.8901961 0.882353 1 0.7137255 0.8901961 0.882353 1 0.7137255 0.8901961 0.882353 1 0.7137255 0.8901961 0.882353 1 0.7137255 0.8901961 0.882353 1 0.7137255 0.8901961 0.882353 1 0.7137255 0.8901961 0.882353 1 0.7137255 0.8901961 0.882353 1 0.7137255 0.8901961 0.882353 1 0.7137255 0.8901961 0.882353 1 0.7137255 0.8901961 0.882353 1 0.7137255 0.8901961 0.882353 1 0.7137255 0.8901961 0.882353 1 0.7137255 0.8901961 0.882353 1 0.7137255 0.8901961 0.882353 1 0.7137255 0.8901961 0.882353 1 0.7137255 0.8901961 0.882353 1 0.7137255 0.8901961 0.882353 1 0.7137255 0.8901961 0.882353 1 0.7137255 0.8901961 0.882353 1 0.7137255 0.8901961 0.882353 1 0.7137255 0.8901961 0.882353 1 0.7137255 0.8901961 0.882353 1 0.7137255 0.8901961 0.882353 1 0.7137255 0.8901961 0.882353 1 1 1 1 1 1 1 1 1 1 1 1 1 1 1 1 1 1 1 1 1 1 1 1 1 1 1 1 1 1 1 1 1 1 1 1 1 1 1 1 1 1 1 1 1 1 1 1 1 1 1 1 1 1 1 1 1 1 1 1 1 1 1 1 1 1 1 1 1 1 1 1 1 1 1 1 1 1 1 1 1 1 1 1 1 1 1 1 1 1 1 1 1 1 1 1 1 1 1 1 1 1 1 1 1 1 1 1 1 1 1 1 1 1 1 1 1 1 1 1 1 1 1 1 1 1 1 1 1 1 1 1 1 1 1 1 1 1 1 1 1 1 1 1 1 0.7137255 0.8901961 0.882353 1 0.7137255 0.8901961 0.882353 1 0.7137255 0.8901961 0.882353 1 1 1 1 1 1 1 1 1 1 1 1 1 0.7490196 0.2705882 0.2784314 1 0.7490196 0.2705882 0.2784314 1 0.7490196 0.2705882 0.2784314 1 1 1 1 1 1 1 1 1 1 1 1 1 1 1 1 1 1 1 1 1 1 1 1 1 0.4509804 0.4509804 0.4509804 1 0.4509804 0.4509804 0.4509804 1 0.4509804 0.4509804 0.4509804 1 0.7137255 0.8901961 0.882353 1 0.7137255 0.8901961 0.882353 1 0.7137255 0.8901961 0.882353 1 0.7137255 0.8901961 0.882353 1 0.7137255 0.8901961 0.882353 1 0.7137255 0.8901961 0.882353 1 1 0.8941177 0.8235294 1 1 0.8941177 0.8235294 1 1 0.8941177 0.8235294 1 1 0.8941177 0.8235294 1 1 0.8941177 0.8235294 1 1 0.8941177 0.8235294 1 1 1 1 1 1 1 1 1 1 1 1 1 1 1 1 1 1 1 1 1 1 1 1 1 1 1 1 1 1 1 1 1 1 1 1 1 1 1 1 1 1 1 1 1 1 1 1 1 1 1 1 1 1 1 1 1 1 1 1 1 0.7137255 0.8901961 0.882353 1 0.7137255 0.8901961 0.882353 1 0.7137255 0.8901961 0.882353 1 1 1 1 1 1 1 1 1 1 1 1 1 1 0.8941177 0.8235294 1 1 0.8941177 0.8235294 1 1 0.8941177 0.8235294 1 1 1 1 1 1 1 1 1 1 1 1 1 1 1 1 1 1 1 1 1 1 1 1 1 0.7490196 0.2705882 0.2784314 1 0.7490196 0.2705882 0.2784314 1 0.7490196 0.2705882 0.2784314 1 1 1 1 1 1 1 1 1 1 1 1 1 1 1 1 1 1 1 1 1 1 1 1 1 0.7490196 0.2705882 0.2784314 1 0.7490196 0.2705882 0.2784314 1 0.7490196 0.2705882 0.2784314 1 1 1 1 1 1 1 1 1 1 1 1 1 1 1 1 1 1 1 1 1 1 1 1 1 1 0.8941177 0.8235294 1 1 0.8941177 0.8235294 1 1 0.8941177 0.8235294 1 1 1 1 1 1 1 1 1 1 1 1 1 1 0.8941177 0.8235294 1 1 0.8941177 0.8235294 1 1 0.8941177 0.8235294 1 1 0.8941177 0.8235294 1 1 0.8941177 0.8235294 1 1 0.8941177 0.8235294 1 1 1 1 1 1 1 1 1 1 1 1 1 1 1 1 1 1 1 1 1 1 1 1 1 1 1 1 1 1 1 1 1 1 1 1 1 1 1 1 1 1 1 1 1 1 1 1 1 1 0.8941177 0.8235294 1 1 0.8941177 0.8235294 1 1 0.8941177 0.8235294 1 1 1 1 1 1 1 1 1 1 1 1 1 1 1 1 1 1 1 1 1 1 1 1 1 1 1 1 1 1 1 1 1 1 1 1 1 1 1 1 1 1 1 1 1 1 1 1 1 1 1 1 1 1 1 1 1 1 1 1 1 1 1 1 1 1 1 1 1 1 1 1 1 1 1 1 1 1 1 1 1 1 1 1 1 1 1 1 1 1 1 1 1 1 1 1 1 1 1 1 1 1 1 1 1 1 1 1 1 0.7137255 0.8901961 0.882353 1 0.7137255 0.8901961 0.882353 1 0.7137255 0.8901961 0.882353 1 0.7137255 0.8901961 0.882353 1 0.7137255 0.8901961 0.882353 1 0.7137255 0.8901961 0.882353 1 0.7137255 0.8901961 0.882353 1 0.7137255 0.8901961 0.882353 1 0.7137255 0.8901961 0.882353 1 0.7137255 0.8901961 0.882353 1 0.7137255 0.8901961 0.882353 1 0.7137255 0.8901961 0.882353 1 0.7137255 0.8901961 0.882353 1 0.7137255 0.8901961 0.882353 1 0.7137255 0.8901961 0.882353 1 0.7137255 0.8901961 0.882353 1 0.7137255 0.8901961 0.882353 1 0.7137255 0.8901961 0.882353 1 0.7137255 0.8901961 0.882353 1 0.7137255 0.8901961 0.882353 1 0.7137255 0.8901961 0.882353 1 0.7137255 0.8901961 0.882353 1 0.7137255 0.8901961 0.882353 1 0.7137255 0.8901961 0.882353 1 1 1 1 1 1 1 1 1 1 1 1 1 1 1 1 1 1 1 1 1 1 1 1 1 1 1 1 1 1 1 1 1 1 1 1 1 1 1 1 1 1 1 1 1 1 1 1 1 1 1 1 1 1 1 1 1 1 1 1 1 1 1 1 1 1 1 1 1 1 1 1 1 1 1 1 1 1 1 1 1 1 1 1 1 1 1 1 1 1 1 1 1 1 1 1 1 1 1 1 1 1 1 1 1 1 1 1 1 1 1 1 1 1 1 1 1 1 1 1 1 1 0.9372549 0.6509804 1 1 0.9372549 0.6509804 1 1 0.9372549 0.6509804 1 0.7490196 0.2705882 0.2784314 1 0.7490196 0.2705882 0.2784314 1 0.7490196 0.2705882 0.2784314 1 0.4509804 0.4509804 0.4509804 1 0.4509804 0.4509804 0.4509804 1 0.4509804 0.4509804 0.4509804 1 0.7490196 0.2705882 0.2784314 1 0.7490196 0.2705882 0.2784314 1 0.7490196 0.2705882 0.2784314 1 1 1 1 1 1 1 1 1 1 1 1 1 1 1 1 1 1 1 1 1 1 1 1 1 0.7137255 0.8901961 0.882353 1 0.7137255 0.8901961 0.882353 1 0.7137255 0.8901961 0.882353 1 0.7137255 0.8901961 0.882353 1 0.7137255 0.8901961 0.882353 1 0.7137255 0.8901961 0.882353 1 1 1 1 1 1 1 1 1 1 1 1 1 1 1 1 1 1 1 1 1 1 1 1 1 1 0.8941177 0.8235294 1 1 0.8941177 0.8235294 1 1 0.8941177 0.8235294 1 0.7137255 0.8901961 0.882353 1 0.7137255 0.8901961 0.882353 1 0.7137255 0.8901961 0.882353 1 1 1 1 1 1 1 1 1 1 1 1 1 1 1 1 1 1 1 1 1 1 1 1 1 0.7137255 0.8901961 0.882353 1 0.7137255 0.8901961 0.882353 1 0.7137255 0.8901961 0.882353 1 0.7137255 0.8901961 0.882353 1 0.7137255 0.8901961 0.882353 1 0.7137255 0.8901961 0.882353 1 0.7137255 0.8901961 0.882353 1 0.7137255 0.8901961 0.882353 1 0.7137255 0.8901961 0.882353 1 1 1 1 1 1 1 1 1 1 1 1 1 1 1 1 1 1 1 1 1 1 1 1 1 1 1 1 1 1 1 1 1 1 1 1 1 1 1 1 1 1 1 1 1 1 1 1 1 1 0.9803922 0.6862745 1 1 0.9803922 0.6862745 1 1 0.9803922 0.6862745 1 1 1 1 1 1 1 1 1 1 1 1 1 1 1 1 1 1 1 1 1 1 1 1 1 1 1 1 1 1 1 1 1 1 1 1 1 1 1 1 1 1 1 1 1 1 1 1 1 1 1 1 1 1 1 1 1 1 1 1 1 1 1 1 1 1 1 1 1 1 1 1 1 1 1 1 1 1 1 1 1 1 1 1 1 1 1 1 1 1 1 1 1 1 1 1 1 1 1 1 1 1 1 1 1 1 1 1 1 1 1 1 1 1 1 1 1 1 1 1 1 1 1 1 1 1 1 1 1 1 1 1 1 1 1 1 1 1 1 1 1 1 1 1 1 1 1 1 1 1 1 1 1 1 1 1 1 1 1 1 1 1 1 1 1 1 1 1 1 1 1 1 1 1 1 1 1 1 1 1 1 0.7137255 0.8901961 0.882353 1 0.7137255 0.8901961 0.882353 1 0.7137255 0.8901961 0.882353 1 0.7137255 0.8901961 0.882353 1 0.7137255 0.8901961 0.882353 1 0.7137255 0.8901961 0.882353 1 1 1 1 1 1 1 1 1 1 1 1 1 1 1 1 1 1 1 1 1 1 1 1 1 1 1 1 1 1 1 1 1 1 1 1 1 1 1 1 1 1 1 1 1 1 1 1 1 1 1 1 1 1 1 1 1 1 1 1 1 1 1 1 1 1 1 1 1 1 1 1 1 1 1 1 1 1 1 1 1 1 1 1 1 1 1 1 1 1 1 1 1 1 1 1 1 1 1 1 1 1 1 1 1 1 1 1 1 1 1 1 1 1 1 1 1 1 1 1 1 1 1 1 1 1 1 1 1 1 1 1 1 1 1 1 1 1 1 1 1 1 1 1 1 1 1 1 1 1 1 1 1 1 1 1 1 1 1 1 1 1 1 1 1 1 1 1 1 1 1 1 1 1 1 1 1 1 1 1 1 1 1 1 1 1 1 1 1 1 1 1 1 1 1 1 1 1 1 1 1 1 1 1 1 1 1 1 1 1 1 1 1 1 1 1 1 1 1 1 1 1 1 1 1 1 1 1 1 1 1 1 1 1 1 1 1 1 1 1 1 1 1 1 1 1 1 1 1 1 1 1 1 1 1 1 1 1 1 1 1 1 1 1 1 1 1 1 1 1 1 1 1 1 1 1 1 1 1 1 1 1 1 1 1 1 1 1 1 0.7490196 0.2705882 0.2784314 1 0.7490196 0.2705882 0.2784314 1 0.7490196 0.2705882 0.2784314 1 0.7490196 0.2705882 0.2784314 1 0.7490196 0.2705882 0.2784314 1 0.7490196 0.2705882 0.2784314 1 1 1 1 1 1 1 1 1 1 1 1 1 1 1 1 1 1 1 1 1 1 1 1 1 1 1 1 1 1 1 1 1 1 1 1 1 1 1 1 1 1 1 1 1 1 1 1 1 1 1 1 1 1 1 1 1 1 1 1 1 1 1 1 1 1 1 1 1 1 1 1 1 1 1 1 1 1 1 1 1 1 1 1 1 1 1 1 1 1 1 1 1 1 1 1 1 1 1 1 1 1 1 1 1 1 1 1 1 1 1 1 1 1 1 1 1 1 1 1 1 1 1 1 1 1 1 1 1 1 1 1 1 1 1 1 1 1 1 1 1 1 1 1 1 1 1 1 1 1 1 1 1 1 1 1 1 1 1 1 1 1 1 1 1 1 1 1 1 1 1 1 1 1 1 1 1 1 1 1 1 1 1 1 1 1 1 1 1 1 1 1 1 1 1 1 1 1 1 1 1 1 1 1 1 1 1 1 1 1 1 1 1 1 1 1 1 1 1 1 1 1 1 1 1 1 1 1 1 1 1 1 1 1 1 1 1 1 1 1 1 1 1 1 1 1 1 1 1 1 1 1 1 1 1 1 1 1 1 1 1 1 1 1 1 1 1 1 1 1 1 1 1 1 1 1 1 1 1 1 1 1 1 1 1 1 1 1 1 1 1 1 1 1 1 1 1 1 1 1 1 1 1 1 1 1 1 1 1 1 1 1 1 1 0.8941177 0.8235294 1 1 0.8941177 0.8235294 1 1 0.8941177 0.8235294 1 1 0.8941177 0.8235294 1 1 0.8941177 0.8235294 1 1 0.8941177 0.8235294 1 1 0.8941177 0.8235294 1 1 0.8941177 0.8235294 1 1 0.8941177 0.8235294 1 1 0.8941177 0.8235294 1 1 0.8941177 0.8235294 1 1 0.8941177 0.8235294 1 1 0.8941177 0.8235294 1 1 0.8941177 0.8235294 1 1 0.8941177 0.8235294 1 1 0.8941177 0.8235294 1 1 0.8941177 0.8235294 1 1 0.8941177 0.8235294 1 1 0.8941177 0.8235294 1 1 0.8941177 0.8235294 1 1 0.8941177 0.8235294 1 1 0.8941177 0.8235294 1 1 0.8941177 0.8235294 1 1 0.8941177 0.8235294 1 1 0.8941177 0.8235294 1 1 0.8941177 0.8235294 1 1 0.8941177 0.8235294 1 1 0.8941177 0.8235294 1 1 0.8941177 0.8235294 1 1 0.8941177 0.8235294 1 1 0.8941177 0.8235294 1 1 0.8941177 0.8235294 1 1 0.8941177 0.8235294 1 1 0.8941177 0.8235294 1 1 0.8941177 0.8235294 1 1 0.8941177 0.8235294 1 1 0.8941177 0.8235294 1 1 0.8941177 0.8235294 1 1 0.8941177 0.8235294 1 1 0.8941177 0.8235294 1 1 0.8941177 0.8235294 1 1 0.8941177 0.8235294 1 1 0.8941177 0.8235294 1 1 0.8941177 0.8235294 1 1 0.8941177 0.8235294 1 1 0.8941177 0.8235294 1 1 0.8941177 0.8235294 1 1 0.8941177 0.8235294 1 1 1 1 1 1 1 1 1 1 1 1 1 1 1 1 1 1 1 1 1 1 1 1 1 1 1 1 1 1 1 1 1 1 1 1 1 1 1 1 1 1 1 1 1 1 1 1 1 1 1 1 1 1 1 1 1 1 1 1 1 1 1 1 1 1 1 1 1 1 1 1 1 1 1 1 1 1 1 1 1 1 1 1 1 1 1 1 1 1 1 1 1 1 1 1 1 1 0.8627451 0.4196078 1 1 0.8627451 0.4196078 1 1 0.8627451 0.4196078 1 0.5333334 0.5333334 0.5333334 1 0.5333334 0.5333334 0.5333334 1 0.5333334 0.5333334 0.5333334 1 0.5333334 0.5333334 0.5333334 1 0.5333334 0.5333334 0.5333334 1 0.5333334 0.5333334 0.5333334 1 0.5333334 0.5333334 0.5333334 1 0.5333334 0.5333334 0.5333334 1 0.5333334 0.5333334 0.5333334 1 0.5333334 0.5333334 0.5333334 1 0.5333334 0.5333334 0.5333334 1 0.5333334 0.5333334 0.5333334 1 1 0.8627451 0.4196078 1 1 0.8627451 0.4196078 1 1 0.8627451 0.4196078 1 1 1 1 1 1 1 1 1 1 1 1 1 0.5176471 0.6235294 0.7333334 1 0.2980392 0.4901961 0.6509804 1 0.2980392 0.4901961 0.6509804 1 1 1 1 1 1 1 1 1 1 1 1 1 1 1 1 1 1 1 1 1 1 1 1 1 1 1 1 1 1 1 1 1 1 1 1 1 1 1 1 1 1 1 1 1 1 1 1 1 1 1 1 1 1 1 1 1 1 1 1 1 1 1 1 1 1 1 1 1 1 1 1 1 1 1 1 1 1 1 1 1 1 1 1 1 1 1 1 1 1 1 1 1 1 1 1 1 1 1 1 1 1 1 1 1 1 1 1 1 1 1 1 1 1 1 1 1 1 1 1 1 1 1 1 1 1 1 1 1 1 1 1 1 1 1 1 1 1 1 1 1 1 1 1 1 1 1 1 1 1 1 1 1 1 1 1 1 1 1 1 1 1 1 1 1 1 1 1 1 1 1 1 1 1 1 1 1 1 1 1 1 1 1 1 1 1 1 1 1 1 1 1 1 1 1 1 1 1 1 1 1 1 1 1 1 1 1 1 1 1 1 1 1 1 1 1 1 1 1 1 1 1 1 1 1 1 1 1 1 1 1 1 1 1 1 1 1 1 1 1 1 1 1 1 1 1 1 1 1 1 1 1 1 1 1 1 1 1 1 1 1 1 1 1 1 1 1 1 1 1 1 1 1 1 1 1 1 1 1 1 1 1 1 1 1 1 1 1 1 1 1 1 1 1 1 1 1 1 1 1 1 1 1 1 1 1 1 1 1 1 1 1 1 1 1 1 1 1 1 1 1 1 1 1 1 0.7137255 0.8901961 0.882353 1 0.7137255 0.8901961 0.882353 1 0.7137255 0.8901961 0.882353 1 0.7137255 0.8901961 0.882353 1 0.7137255 0.8901961 0.882353 1 0.7137255 0.8901961 0.882353 1 0.7137255 0.8901961 0.882353 1 0.7137255 0.8901961 0.882353 1 0.7137255 0.8901961 0.882353 1 0.7137255 0.8901961 0.882353 1 0.7137255 0.8901961 0.882353 1 0.7137255 0.8901961 0.882353 1 0.7137255 0.8901961 0.882353 1 0.7137255 0.8901961 0.882353 1 0.7137255 0.8901961 0.882353 1 0.7137255 0.8901961 0.882353 1 0.7137255 0.8901961 0.882353 1 0.7137255 0.8901961 0.882353 1 0.7137255 0.8901961 0.882353 1 0.7137255 0.8901961 0.882353 1 0.7137255 0.8901961 0.882353 1 0.7137255 0.8901961 0.882353 1 0.7137255 0.8901961 0.882353 1 0.7137255 0.8901961 0.882353 1 0.7137255 0.8901961 0.882353 1 0.7137255 0.8901961 0.882353 1 0.7137255 0.8901961 0.882353 1 0.7137255 0.8901961 0.882353 1 0.7137255 0.8901961 0.882353 1 0.7137255 0.8901961 0.882353 1 0.7137255 0.8901961 0.882353 1 0.7137255 0.8901961 0.882353 1 0.7137255 0.8901961 0.882353 1 0.7137255 0.8901961 0.882353 1 0.7137255 0.8901961 0.882353 1 0.7137255 0.8901961 0.882353 1 0.7137255 0.8901961 0.882353 1 0.7137255 0.8901961 0.882353 1 0.7137255 0.8901961 0.882353 1 0.7137255 0.8901961 0.882353 1 0.7137255 0.8901961 0.882353 1 0.7137255 0.8901961 0.882353 1 0.7137255 0.8901961 0.882353 1 0.7137255 0.8901961 0.882353 1 0.7137255 0.8901961 0.882353 1 0.7137255 0.8901961 0.882353 1 0.7137255 0.8901961 0.882353 1 0.7137255 0.8901961 0.882353 1 0.7137255 0.8901961 0.882353 1 0.7137255 0.8901961 0.882353 1 0.7137255 0.8901961 0.882353 1 0.7137255 0.8901961 0.882353 1 0.7137255 0.8901961 0.882353 1 0.7137255 0.8901961 0.882353 1 1 1 1 1 1 1 1 1 1 1 1 1 0.7137255 0.8901961 0.882353 1 0.7137255 0.8901961 0.882353 1 0.7137255 0.8901961 0.882353 1 0.7137255 0.8901961 0.882353 1 0.7137255 0.8901961 0.882353 1 0.7137255 0.8901961 0.882353 1 0.7137255 0.8901961 0.882353 1 0.7137255 0.8901961 0.882353 1 0.7137255 0.8901961 0.882353 1 0.7137255 0.8901961 0.882353 1 0.7137255 0.8901961 0.882353 1 0.7137255 0.8901961 0.882353 1 0.7137255 0.8901961 0.882353 1 0.7137255 0.8901961 0.882353 1 0.7137255 0.8901961 0.882353 1 0.7137255 0.8901961 0.882353 1 0.7137255 0.8901961 0.882353 1 0.7137255 0.8901961 0.882353 1 0.7137255 0.8901961 0.882353 1 0.7137255 0.8901961 0.882353 1 0.7137255 0.8901961 0.882353 1 1 1 1 1 1 1 1 1 1 1 1 1 1 1 1 1 1 1 1 1 1 1 1 1 1 1 1 1 1 1 1 1 1 1 1 1 1 1 1 1 1 1 1 1 1 1 1 1 1 1 1 1 1 1 1 1 1 1 1 1 1 1 1 1 1 1 1 1 1 1 1 1 1 1 1 1 1 1 1 1 1 1 1 1 1 1 1 1 1 1 1 1 1 1 1 1 1 1 1 1 1 1 1 1 1 1 1 1 1 1 1 1 1 1 1 1 1 1 1 1 1 1 1 1 1 1 1 1 1 1 1 1 1 1 1 1 1 1 1 1 1 1 1 1 1 1 1 1 1 1 1 1 1 1 1 1 1 1 1 1 1 1 1 1 1 1 1 1 1 1 1 1 1 1 1 1 1 1 1 1 1 1 1 1 1 1 1 1 1 1 1 1 1 1 1 1 1 1 1 1 1 1 1 1 1 1 1 1 1 1 1 1 1 1 1 1 1 1 1 1 1 1 1 1 1 1 1 1 1 1 1 1 1 1 1 1 1 1 1 1 1 1 1 1 1 1 1 1 1 1 1 1 1 1 1 1 1 1 1 1 1 1 1 1 1 1 1 1 1 1 1 1 1 1 1 1 1 1 1 1 1 1 1 1 1 1 1 1 1 1 1 1 1 1 1 1 1 1 1 1 1 1 1 1 1 1 1 1 1 1 1 1 1 0.9372549 0.6509804 1 1 0.9372549 0.6509804 1 1 0.9372549 0.6509804 1 1 1 1 1 1 1 1 1 1 1 1 1 1 1 1 1 1 1 1 1 1 1 1 1 1 1 1 1 1 1 1 1 1 1 1 1 1 1 1 1 1 1 1 1 1 1 1 1 1 1 1 1 1 1 1 1 1 1 1 1 1 1 1 1 1 1 1 1 1 1 1 1 1 1 1 1 1 1 1 1 1 1 1 1 1 0.8941177 0.8235294 1 1 0.8941177 0.8235294 1 1 0.8941177 0.8235294 1 1 0.8941177 0.8235294 1 1 0.8941177 0.8235294 1 1 0.8941177 0.8235294 1 0.4509804 0.4509804 0.4509804 1 0.4509804 0.4509804 0.4509804 1 0.4509804 0.4509804 0.4509804 1 0.7137255 0.8901961 0.882353 1 0.7137255 0.8901961 0.882353 1 0.7137255 0.8901961 0.882353 1 0.7137255 0.8901961 0.882353 1 0.7137255 0.8901961 0.882353 1 0.7137255 0.8901961 0.882353 1 1 1 1 1 1 1 1 1 1 1 1 1 1 1 1 1 1 1 1 1 1 1 1 1 1 1 1 1 1 1 1 1 1 1 1 1 1 0.8941177 0.8235294 1 1 0.8941177 0.8235294 1 1 0.8941177 0.8235294 1 0.7137255 0.8901961 0.882353 1 0.7137255 0.8901961 0.882353 1 0.7137255 0.8901961 0.882353 1 1 1 1 1 1 1 1 1 1 1 1 1 1 1 1 1 1 1 1 1 1 1 1 1 0.7137255 0.8901961 0.882353 1 0.7137255 0.8901961 0.882353 1 0.7137255 0.8901961 0.882353 1 0.7137255 0.8901961 0.882353 1 0.7137255 0.8901961 0.882353 1 0.7137255 0.8901961 0.882353 1 0.7137255 0.8901961 0.882353 1 0.7137255 0.8901961 0.882353 1 0.7137255 0.8901961 0.882353 1 1 1 1 1 1 1 1 1 1 1 1 1 1 1 1 1 1 1 1 1 1 1 1 1 1 1 1 1 1 1 1 1 1 1 1 1 1 1 1 1 1 1 1 1 1 1 1 1 1 0.9803922 0.6862745 1 1 0.9803922 0.6862745 1 1 0.9803922 0.6862745 1 1 1 1 1 1 1 1 1 1 1 1 1 1 1 1 1 1 1 1 1 1 1 1 1 1 1 1 1 1 1 1 1 1 1 1 1 1 1 1 1 1 1 1 1 1 1 1 1 1 1 1 1 1 1 1 1 1 1 1 1 1 1 1 1 1 1 1 1 1 1 1 1 1 1 1 1 1 1 1 1 1 1 1 1 1 1 1 1 1 1 1 1 1 1 1 1 1 1 1 1 1 1 1 1 1 1 1 1 1 1 1 1 1 1 1 1 1 1 1 1 1 1 1 1 1 1 1 1 1 1 1 1 1 1 1 1 1 1 1 1 1 1 1 1 1 1 1 1 1 1 1 1 1 1 1 1 1 1 1 1 1 1 1 1 1 1 1 1 1 1 1 1 1 1 1 1 1 1 1 1 0.7137255 0.8901961 0.882353 1 0.7137255 0.8901961 0.882353 1 0.7137255 0.8901961 0.882353 1 0.7137255 0.8901961 0.882353 1 0.7137255 0.8901961 0.882353 1 0.7137255 0.8901961 0.882353 1 1 1 1 1 1 1 1 1 1 1 1 1 1 1 1 1 1 1 1 1 1 1 1 1 1 1 1 1 1 1 1 1 1 1 1 1 1 1 1 1 1 1 1 1 1 1 1 1 1 1 1 1 1 1 1 1 1 1 1 1 1 1 1 1 1 1 1 1 1 1 1 1 1 1 1 1 1 1 1 1 1 1 1 1 1 1 1 1 1 1 1 1 1 1 1 1 1 1 1 1 1 1 1 1 1 1 1 1 1 1 1 1 1 1 1 1 1 1 1 1 1 1 1 1 1 1 1 1 1 1 1 1 1 1 1 1 1 1 1 1 1 1 1 1 1 1 1 1 1 1 1 1 1 1 1 1 1 1 1 1 1 1 1 1 1 1 1 1 1 1 1 1 1 1 1 1 1 1 1 1 1 1 1 1 1 1 1 1 1 1 1 1 1 1 1 1 1 1 1 1 1 1 1 1 1 1 1 1 1 1 1 1 1 1 1 1 1 1 1 1 1 1 1 1 1 1 1 1 1 1 1 1 1 1 1 1 1 1 1 1 1 1 1 1 1 1 1 1 1 1 1 1 1 1 1 1 1 1 1 1 1 1 1 1 1 1 1 1 1 1 1 1 1 1 1 1 1 1 1 1 1 1 1 1 1 1 1 1 0.7490196 0.2705882 0.2784314 1 0.7490196 0.2705882 0.2784314 1 0.7490196 0.2705882 0.2784314 1 0.7490196 0.2705882 0.2784314 1 0.7490196 0.2705882 0.2784314 1 0.7490196 0.2705882 0.2784314 1 1 1 1 1 1 1 1 1 1 1 1 1 1 1 1 1 1 1 1 1 1 1 1 1 1 1 1 1 1 1 1 1 1 1 1 1 1 1 1 1 1 1 1 1 1 1 1 1 1 1 1 1 1 1 1 1 1 1 1 1 1 1 1 1 1 1 1 1 1 1 1 1 1 1 1 1 1 1 1 1 1 1 1 1 1 1 1 1 1 1 1 1 1 1 1 1 1 1 1 1 1 1 1 1 1 1 1 1 1 1 1 1 1 1 1 1 1 1 1 1 1 1 1 1 1 1 1 1 1 1 1 1 1 1 1 1 1 1 1 1 1 1 1 1 1 1 1 1 1 1 1 1 1 1 1 1 1 1 1 1 1 1 1 1 1 1 1 1 1 1 1 1 1 1 1 1 1 1 1 1 1 1 1 1 1 1 1 1 1 1 1 1 1 1 1 1 1 1 1 1 1 1 1 1 1 1 1 1 1 1 1 1 1 1 1 1 1 1 1 1 1 1 1 1 1 1 1 1 1 1 1 1 1 1 1 1 1 1 1 1 1 1 1 1 1 1 1 1 1 1 1 1 1 1 1 1 1 1 1 1 1 1 1 1 1 1 1 1 1 1 1 1 1 1 1 1 1 1 1 1 1 1 1 1 1 1 1 1 1 1 1 1 1 1 1 1 1 1 1 1 1 0.8941177 0.8235294 1 1 0.8941177 0.8235294 1 1 0.8941177 0.8235294 1 1 0.8941177 0.8235294 1 1 0.8941177 0.8235294 1 1 0.8941177 0.8235294 1 1 0.8941177 0.8235294 1 1 0.8941177 0.8235294 1 1 0.8941177 0.8235294 1 1 0.8941177 0.8235294 1 1 0.8941177 0.8235294 1 1 0.8941177 0.8235294 1 1 0.8941177 0.8235294 1 1 0.8941177 0.8235294 1 1 0.8941177 0.8235294 1 1 0.8941177 0.8235294 1 1 0.8941177 0.8235294 1 1 0.8941177 0.8235294 1 1 0.8941177 0.8235294 1 1 0.8941177 0.8235294 1 1 0.8941177 0.8235294 1 1 0.8941177 0.8235294 1 1 0.8941177 0.8235294 1 1 0.8941177 0.8235294 1 1 0.8941177 0.8235294 1 1 0.8941177 0.8235294 1 1 0.8941177 0.8235294 1 1 0.8941177 0.8235294 1 1 0.8941177 0.8235294 1 1 0.8941177 0.8235294 1 1 0.8941177 0.8235294 1 1 0.8941177 0.8235294 1 1 0.8941177 0.8235294 1 1 0.8941177 0.8235294 1 1 0.8941177 0.8235294 1 1 0.8941177 0.8235294 1 1 0.8941177 0.8235294 1 1 0.8941177 0.8235294 1 1 0.8941177 0.8235294 1 1 1 1 1 1 1 1 1 1 1 1 1 1 1 1 1 1 1 1 1 1 1 1 1 1 1 1 1 1 1 1 1 1 1 1 1 1 1 1 1 1 1 1 1 1 1 1 1 1 1 1 1 1 1 1 1 1 1 1 1 1 1 1 1 1 1 1 1 1 1 1 1 1 1 1 1 1 1 1 1 1 1 1 1 1 0.8627451 0.4196078 1 1 0.8627451 0.4196078 1 1 0.8627451 0.4196078 1 0.5333334 0.5333334 0.5333334 1 0.5333334 0.5333334 0.5333334 1 0.5333334 0.5333334 0.5333334 1 0.5333334 0.5333334 0.5333334 1 0.5333334 0.5333334 0.5333334 1 0.5333334 0.5333334 0.5333334 1 0.5333334 0.5333334 0.5333334 1 0.5333334 0.5333334 0.5333334 1 0.5333334 0.5333334 0.5333334 1 0.5333334 0.5333334 0.5333334 1 0.5333334 0.5333334 0.5333334 1 0.5333334 0.5333334 0.5333334 1 1 0.8627451 0.4196078 1 1 0.8627451 0.4196078 1 1 0.8627451 0.4196078 1 1 1 1 1 1 1 1 1 1 1 1 1 1 1 1 1 1 1 1 1 1 1 1 1 1 1 1 1 1 1 1 1 1 1 1 1 1 1 1 1 1 1 1 1 1 1 1 1 1 1 1 1 1 1 1 1 1 1 1 1 1 1 1 1 1 1 1 1 1 1 1 1 1 1 1 1 1 1 1 1 1 1 1 1 1 1 1 1 1 1 1 1 1 1 1 1 1 1 1 1 1 1 1 1 1 1 1 1 1 1 1 1 1 1 1 1 1 1 1 1 1 1 1 1 1 1 1 1 1 1 1 1 1 1 1 1 1 1 1 1 1 1 1 1 1 1 1 1 1 1 1 1 1 1 1 1 1 1 1 1 1 1 1 1 1 1 1 1 1 1 1 1 1 1 1 1 1 1 1 1 0.7137255 0.8901961 0.882353 1 0.7137255 0.8901961 0.882353 1 0.7137255 0.8901961 0.882353 1 0.7137255 0.8901961 0.882353 1 0.7137255 0.8901961 0.882353 1 0.7137255 0.8901961 0.882353 1 0.7137255 0.8901961 0.882353 1 0.7137255 0.8901961 0.882353 1 0.7137255 0.8901961 0.882353 1 0.7137255 0.8901961 0.882353 1 0.7137255 0.8901961 0.882353 1 0.7137255 0.8901961 0.882353 1 0.7137255 0.8901961 0.882353 1 0.7137255 0.8901961 0.882353 1 0.7137255 0.8901961 0.882353 1 0.7137255 0.8901961 0.882353 1 0.7137255 0.8901961 0.882353 1 0.7137255 0.8901961 0.882353 1 0.7137255 0.8901961 0.882353 1 0.7137255 0.8901961 0.882353 1 0.7137255 0.8901961 0.882353 1 0.7137255 0.8901961 0.882353 1 0.7137255 0.8901961 0.882353 1 0.7137255 0.8901961 0.882353 1 0.7137255 0.8901961 0.882353 1 0.7137255 0.8901961 0.882353 1 0.7137255 0.8901961 0.882353 1 0.7137255 0.8901961 0.882353 1 0.7137255 0.8901961 0.882353 1 0.7137255 0.8901961 0.882353 1 0.7137255 0.8901961 0.882353 1 0.7137255 0.8901961 0.882353 1 0.7137255 0.8901961 0.882353 1 1 1 1 1 1 1 1 1 1 1 1 1 0.7137255 0.8901961 0.882353 1 0.7137255 0.8901961 0.882353 1 0.7137255 0.8901961 0.882353 1 0.7137255 0.8901961 0.882353 1 0.7137255 0.8901961 0.882353 1 0.7137255 0.8901961 0.882353 1 0.7137255 0.8901961 0.882353 1 0.7137255 0.8901961 0.882353 1 0.7137255 0.8901961 0.882353 1 0.7137255 0.8901961 0.882353 1 0.7137255 0.8901961 0.882353 1 0.7137255 0.8901961 0.882353 1 1 1 1 1 1 1 1 1 1 1 1 1 1 1 1 1 1 1 1 1 1 1 1 1 1 1 1 1 1 1 1 1 1 1 1 1 1 1 1 1 1 1 1 1 1 1 1 1 1 1 1 1 1 1 1 1 1 1 1 1 1 1 1 1 1 1 1 1 1 1 1 1 1 1 1 1 1 1 1 1 1 1 1 1 1 1 1 1 1 1 1 1 1 1 1 1 1 1 1 1 1 1 1 1 1 1 1 1 1 1 1 1 1 1 1 1 1 1 1 1 1 1 1 1 1 1 1 1 1 1 1 1 1 1 1 1 1 1 1 1 1 1 1 1 1 1 1 1 1 1 1 1 1 1 1 1 1 1 1 1 1 1 1 1 1 1 1 1 1 1 1 1 1 1 1 1 1 1 1 1 1 1 1 1 1 1 1 1 1 1 1 1 1 1 1 1 1 1 1 1 1 1 1 1 1 1 1 1 1 1 1 1 1 1 1 1 1 0.9372549 0.6509804 1 1 0.9372549 0.6509804 1 1 0.9372549 0.6509804 1 1 1 1 1 1 1 1 1 1 1 1 1 1 0.8941177 0.8235294 1 1 0.8941177 0.8235294 1 1 0.8941177 0.8235294 1 1 0.8941177 0.8235294 1 1 0.8941177 0.8235294 1 1 0.8941177 0.8235294 1 0.4509804 0.4509804 0.4509804 1 0.4509804 0.4509804 0.4509804 1 0.4509804 0.4509804 0.4509804 1 0.7137255 0.8901961 0.882353 1 0.7137255 0.8901961 0.882353 1 0.7137255 0.8901961 0.882353 1 0.7137255 0.8901961 0.882353 1 0.7137255 0.8901961 0.882353 1 0.7137255 0.8901961 0.882353 1</float_array>
          <technique_common>
            <accessor source="#Plane_061-mesh-colors-Col-array" count="1527" stride="4">
              <param name="R" type="float"/>
              <param name="G" type="float"/>
              <param name="B" type="float"/>
              <param name="A" type="float"/>
            </accessor>
          </technique_common>
        </source>
        <vertices id="Plane_061-mesh-vertices">
          <input semantic="POSITION" source="#Plane_061-mesh-positions"/>
        </vertices>
        <triangles material="m_bld_shops_001_LOD-material" count="509">
          <input semantic="VERTEX" source="#Plane_061-mesh-vertices" offset="0"/>
          <input semantic="NORMAL" source="#Plane_061-mesh-normals" offset="1"/>
          <input semantic="TEXCOORD" source="#Plane_061-mesh-map-0" offset="2" set="0"/>
          <input semantic="COLOR" source="#Plane_061-mesh-colors-Col" offset="3" set="0"/>
          <p>9 0 0 0 10 0 1 1 453 0 2 2 8 1 3 3 9 1 4 4 6 1 5 5 17 2 6 6 12 2 7 7 13 2 8 8 18 3 9 9 14 3 10 10 452 3 11 11 19 4 12 12 5 4 13 13 4 4 14 14 460 5 15 15 182 5 16 16 22 5 17 17 23 6 18 18 182 6 19 19 460 6 20 20 23 7 21 21 86 7 22 22 182 7 23 23 31 8 24 24 27 8 25 25 465 8 26 26 32 9 27 27 28 9 28 28 458 9 29 29 34 10 30 30 38 10 31 31 33 10 32 32 40 11 33 33 41 11 34 34 39 11 35 35 38 12 36 36 286 12 37 37 36 12 38 38 47 13 39 39 48 13 40 40 46 13 41 41 44 14 42 42 47 14 43 43 45 14 44 44 49 15 45 45 60 15 46 46 59 15 47 47 78 16 48 48 5 16 49 49 19 16 50 50 85 17 51 51 84 17 52 52 83 17 53 53 85 18 54 54 79 18 55 55 468 18 56 56 84 19 57 57 80 19 58 58 82 19 59 59 84 20 60 60 81 20 61 61 80 20 62 62 169 21 63 63 170 21 64 64 168 21 65 65 457 22 66 66 181 22 67 67 456 22 68 68 244 23 69 69 243 23 70 70 245 23 71 71 155 24 72 72 154 24 73 73 253 24 74 74 54 25 75 75 56 25 76 76 52 25 77 77 50 26 78 78 52 26 79 79 59 26 80 80 24 27 81 81 253 27 82 82 154 27 83 83 265 28 84 84 262 28 85 85 261 28 86 86 14 29 87 87 451 29 88 88 452 29 89 89 286 30 90 90 254 30 91 91 251 30 92 92 290 31 93 93 288 32 94 94 294 33 95 95 287 34 96 96 289 35 97 97 292 36 98 98 298 37 99 99 296 38 100 100 302 39 101 101 295 40 102 102 297 41 103 103 301 42 104 104 306 43 105 105 304 44 106 106 310 45 107 107 303 46 108 108 305 47 109 109 308 48 110 110 314 49 111 111 312 50 112 112 318 51 113 113 311 52 114 114 313 53 115 115 317 54 116 116 322 55 117 117 320 56 118 118 326 57 119 119 319 58 120 120 321 59 121 121 325 60 122 122 330 61 123 123 328 62 124 124 334 63 125 125 327 64 126 126 329 65 127 127 332 66 128 128 338 67 129 129 336 68 130 130 342 69 131 131 335 70 132 132 337 71 133 133 340 72 134 134 346 73 135 135 344 74 136 136 350 75 137 137 343 76 138 138 345 77 139 139 349 78 140 140 354 79 141 141 352 80 142 142 358 81 143 143 351 82 144 144 353 83 145 145 356 84 146 146 362 85 147 147 360 86 148 148 366 87 149 149 359 88 150 150 361 89 151 151 364 90 152 152 370 91 153 153 368 92 154 154 374 93 155 155 367 94 156 156 369 95 157 157 372 96 158 158 378 97 159 159 376 98 160 160 382 99 161 161 375 100 162 162 377 101 163 163 381 102 164 164 386 103 165 165 384 104 166 166 390 105 167 167 383 106 168 168 385 107 169 169 388 108 170 170 394 109 171 171 392 110 172 172 398 111 173 173 391 112 174 174 393 113 175 175 396 114 176 176 402 115 177 177 400 116 178 178 406 117 179 179 399 118 180 180 401 119 181 181 404 120 182 182 410 121 183 183 408 122 184 184 414 123 185 185 407 124 186 186 409 125 187 187 413 126 188 188 418 127 189 189 416 128 190 190 422 129 191 191 415 130 192 192 417 131 193 193 420 132 194 194 426 133 195 195 424 134 196 196 430 135 197 197 423 136 198 198 425 137 199 199 428 138 200 200 434 139 201 201 461 139 202 202 462 139 203 203 3 140 204 204 446 140 205 205 1 140 206 206 83 141 207 207 454 141 208 208 79 141 209 209 260 142 210 210 455 142 211 211 78 142 212 212 4 143 213 213 0 143 214 214 2 143 215 215 23 144 216 216 460 144 217 217 20 144 218 218 28 145 219 219 464 145 220 220 458 145 221 221 81 146 222 222 467 146 223 223 80 146 224 224 9 147 225 225 11 147 226 226 10 147 227 227 8 148 228 228 11 148 229 229 9 148 230 230 15 149 231 231 18 149 232 232 452 149 233 233 17 150 234 234 16 150 235 235 12 150 236 236 23 142 237 237 459 142 238 238 21 142 239 239 22 151 240 240 20 151 241 241 460 151 242 242 22 152 243 243 182 152 244 244 86 152 245 245 29 153 246 246 32 153 247 247 458 153 248 248 34 154 249 249 39 154 250 250 38 154 251 251 39 155 252 252 41 155 253 253 38 155 254 254 45 156 255 255 47 156 256 256 46 156 257 257 58 157 258 258 60 157 259 259 49 157 260 260 83 158 261 261 84 158 262 262 82 158 263 263 85 159 264 264 83 159 265 265 79 159 266 266 169 160 267 267 171 160 268 268 170 160 269 269 460 161 270 270 182 161 271 271 456 161 272 272 204 162 273 273 259 162 274 274 203 162 275 275 35 163 276 276 286 163 277 277 251 163 278 278 216 164 279 279 215 164 280 280 255 164 281 281 38 165 282 282 153 165 283 283 286 165 284 284 219 166 285 285 257 166 286 286 218 166 287 287 238 167 288 288 237 167 289 289 236 167 290 290 175 168 291 291 271 168 292 292 258 168 293 293 196 169 294 294 263 169 295 295 264 169 296 296 175 170 297 297 270 170 298 298 271 170 299 299 281 171 300 300 284 171 301 301 283 171 302 302 13 171 303 303 285 171 304 304 14 171 305 305 292 36 306 306 291 172 307 307 287 34 308 308 24 173 309 309 251 173 310 310 254 173 311 311 301 42 312 312 300 174 313 313 295 40 314 314 308 48 315 315 307 175 316 316 303 46 317 317 317 54 318 318 316 176 319 319 311 52 320 320 325 60 321 321 324 177 322 322 319 58 323 323 332 66 324 324 331 178 325 325 327 64 326 326 333 179 327 327 331 178 328 328 332 66 329 329 332 66 330 330 334 63 331 331 333 179 332 332 340 72 333 333 339 180 334 334 335 70 335 335 341 181 336 336 339 180 337 337 340 72 338 338 340 72 339 339 342 69 340 340 341 181 341 341 349 78 342 342 348 182 343 343 343 76 344 344 356 84 345 345 355 183 346 346 351 82 347 347 364 90 348 348 363 184 349 349 359 88 350 350 372 96 351 351 371 185 352 352 367 94 353 353 381 102 354 354 380 186 355 355 375 100 356 356 388 108 357 357 387 187 358 358 383 106 359 359 396 114 360 360 395 188 361 361 391 112 362 362 404 120 363 363 403 189 364 364 399 118 365 365 413 126 366 366 412 190 367 367 407 124 368 368 420 132 369 369 419 191 370 370 415 130 371 371 428 138 372 372 427 192 373 373 423 136 374 374 461 193 375 375 432 193 376 376 435 193 377 377 433 194 378 378 431 194 379 379 462 194 380 380 245 195 381 381 243 195 382 382 444 195 383 383 243 196 384 384 244 196 385 385 242 196 386 386 443 197 387 387 244 197 388 388 245 197 389 389 7 198 390 390 453 198 391 391 10 198 392 392 1 199 393 393 446 199 394 394 445 199 395 395 183 200 396 396 457 200 397 397 456 200 398 398 431 201 399 399 434 201 400 400 462 201 401 401 462 202 402 402 461 202 403 403 435 202 404 404 27 203 405 405 463 203 406 406 465 203 407 407 79 204 408 408 466 204 409 409 468 204 410 410 7 205 411 411 11 205 412 412 8 205 413 413 18 206 414 414 16 206 415 415 17 206 416 416 18 207 417 417 13 207 418 418 14 207 419 419 154 208 420 420 86 208 421 421 23 208 422 422 21 209 423 423 154 209 424 424 23 209 425 425 86 210 426 426 25 210 427 427 22 210 428 428 32 211 429 429 30 211 430 430 31 211 431 431 32 171 432 432 465 171 433 433 28 171 434 434 30 212 435 435 27 212 436 436 31 212 437 437 33 213 438 438 36 213 439 439 35 213 440 440 37 214 441 441 39 214 442 442 34 214 443 443 44 215 444 444 48 215 445 445 47 215 446 446 48 216 447 447 42 216 448 448 46 216 449 449 41 217 450 450 3 217 451 451 5 217 452 452 50 218 453 453 53 218 454 454 52 218 455 455 55 171 456 456 52 171 457 457 53 171 458 458 54 219 459 459 57 219 460 460 56 219 461 461 51 171 462 462 59 171 463 463 60 171 464 464 67 220 465 465 61 220 466 466 65 220 467 467 68 221 468 468 65 222 469 469 63 223 470 470 64 224 471 471 63 224 472 472 62 224 473 473 67 225 474 474 64 226 475 475 66 227 476 476 66 227 477 477 62 228 478 478 61 229 479 479 70 230 480 480 71 230 481 481 72 230 482 482 69 231 483 483 76 232 484 484 71 233 485 485 69 234 486 486 74 234 487 487 73 234 488 488 75 235 489 489 70 236 490 490 72 237 491 491 72 238 492 492 76 238 493 493 75 238 494 494 78 239 495 495 134 239 496 496 259 239 497 497 84 240 498 498 468 240 499 499 81 240 500 500 78 241 501 501 87 241 502 502 5 241 503 503 93 242 504 504 89 242 505 505 88 242 506 506 90 243 507 507 88 243 508 508 89 243 509 509 97 244 510 510 94 244 511 511 101 244 512 512 100 245 513 513 96 245 514 514 95 245 515 515 99 246 516 516 98 247 517 517 100 248 518 518 96 249 519 519 97 250 520 520 101 251 521 521 95 252 522 522 101 251 523 523 94 253 524 524 104 254 525 525 103 254 526 526 105 254 527 527 102 255 528 528 109 256 529 529 106 171 530 530 107 257 531 531 102 257 532 532 106 257 533 533 103 258 534 534 108 259 535 535 105 260 536 536 109 261 537 537 105 261 538 538 108 261 539 539 112 262 540 540 114 262 541 541 117 262 542 542 116 263 543 543 111 263 544 544 115 263 545 545 110 264 546 546 113 265 547 547 116 266 548 548 111 267 549 549 112 268 550 550 117 269 551 551 115 270 552 552 117 269 553 553 114 271 554 554 120 272 555 555 119 272 556 556 121 272 557 557 120 273 558 558 122 274 559 559 118 275 560 560 123 276 561 561 118 276 562 562 122 276 563 563 121 277 564 564 123 278 565 565 124 201 566 566 125 279 567 567 121 279 568 568 124 279 569 569 131 280 570 570 127 280 571 571 126 280 572 572 128 281 573 573 126 281 574 574 127 281 575 575 134 282 576 576 132 282 577 577 259 282 578 578 136 283 579 579 132 283 580 580 133 283 581 581 133 284 582 582 137 284 583 583 136 284 584 584 139 285 585 585 143 285 586 586 142 285 587 587 140 286 588 588 138 286 589 589 139 286 590 590 149 287 591 591 145 287 592 592 146 287 593 593 148 288 594 594 144 288 595 595 147 288 596 596 149 289 597 597 151 289 598 598 150 289 599 599 153 290 600 600 5 290 601 601 152 290 602 602 5 291 603 603 155 291 604 604 152 291 605 605 159 292 606 606 156 292 607 607 158 292 608 608 163 293 609 609 160 293 610 610 162 293 611 611 165 294 612 612 166 294 613 613 167 294 614 614 172 295 615 615 171 295 616 616 175 295 617 617 174 296 618 618 173 296 619 619 177 296 620 620 175 297 621 621 176 297 622 622 174 297 623 623 177 298 624 624 178 298 625 625 180 298 626 626 456 171 627 627 184 171 628 628 183 171 629 629 180 299 630 630 178 299 631 631 179 299 632 632 188 300 633 633 185 300 634 634 187 300 635 635 196 301 636 636 198 301 637 637 189 301 638 638 261 302 639 639 192 302 640 640 191 302 641 641 264 303 642 642 261 303 643 643 191 303 644 644 193 304 645 645 192 304 646 646 190 304 647 647 189 305 648 648 197 305 649 649 196 305 650 650 194 306 651 651 199 306 652 652 200 306 653 653 201 307 654 654 200 307 655 655 199 307 656 656 202 308 657 657 259 308 658 658 204 308 659 659 209 309 660 660 256 309 661 661 217 309 662 662 207 310 663 663 208 310 664 664 209 310 665 665 212 311 666 666 213 311 667 667 214 311 668 668 214 312 669 669 220 312 670 670 221 312 671 671 216 313 672 672 205 313 673 673 215 313 674 674 219 314 675 675 210 314 676 676 257 314 677 677 205 315 678 678 216 315 679 679 255 315 680 680 210 316 681 681 219 316 682 682 218 316 683 683 226 317 684 684 234 317 685 685 235 317 686 686 241 318 687 687 222 318 688 688 223 318 689 689 224 319 690 690 225 319 691 691 226 319 692 692 229 320 693 693 230 320 694 694 231 320 695 695 231 321 696 696 239 321 697 697 240 321 698 698 223 322 699 699 232 322 700 700 233 322 701 701 238 323 702 702 227 323 703 703 237 323 704 704 227 324 705 705 238 324 706 706 236 324 707 707 249 325 708 708 246 325 709 709 248 325 710 710 443 326 711 711 242 326 712 712 244 326 713 713 250 327 714 714 52 327 715 715 56 327 716 716 459 328 717 717 251 328 718 718 24 328 719 719 153 329 720 720 253 329 721 721 254 329 722 722 77 330 723 723 78 330 724 724 259 330 725 725 263 331 726 726 267 331 727 727 264 331 728 728 269 332 729 729 196 332 730 730 268 332 731 731 276 333 732 732 272 333 733 733 273 333 734 734 274 334 735 735 276 334 736 736 273 334 737 737 277 335 738 738 278 335 739 739 272 335 740 740 277 201 741 741 275 201 742 742 279 201 743 743 273 171 744 744 278 171 745 745 274 171 746 746 275 336 747 747 278 336 748 748 279 336 749 749 282 337 750 750 284 337 751 751 281 337 752 752 284 338 753 753 282 338 754 754 283 338 755 755 281 339 756 756 283 339 757 757 282 339 758 758 294 33 759 759 289 35 760 760 290 31 761 761 294 33 762 762 288 32 763 763 293 340 764 764 292 36 765 765 293 340 766 766 291 172 767 767 291 341 768 768 288 341 769 769 287 341 770 770 298 37 771 771 301 42 772 772 297 41 773 773 302 39 774 774 296 38 775 775 299 342 776 776 295 343 777 777 299 343 778 778 296 343 779 779 300 174 780 780 302 39 781 781 299 342 782 782 300 174 783 783 301 42 784 784 302 39 785 785 310 45 786 786 305 47 787 787 306 43 788 788 310 45 789 789 304 44 790 790 309 344 791 791 308 48 792 792 309 344 793 793 307 175 794 794 307 345 795 795 304 345 796 796 303 345 797 797 314 49 798 798 317 54 799 799 313 53 800 800 318 51 801 801 312 50 802 802 315 346 803 803 311 347 804 804 315 347 805 805 312 347 806 806 316 176 807 807 318 51 808 808 315 346 809 809 316 176 810 810 317 54 811 811 318 51 812 812 322 55 813 813 325 60 814 814 321 59 815 815 326 57 816 816 320 56 817 817 323 348 818 818 319 349 819 819 323 349 820 820 320 349 821 821 324 177 822 822 326 57 823 823 323 348 824 824 326 57 825 825 324 177 826 826 325 60 827 827 334 63 828 828 329 65 829 829 330 61 830 830 334 63 831 831 328 62 832 832 333 179 833 833 331 350 834 834 328 350 835 835 327 350 836 836 342 69 837 837 337 71 838 838 338 67 839 839 342 69 840 840 336 68 841 841 341 181 842 842 339 351 843 843 336 351 844 844 335 351 845 845 346 73 846 846 349 78 847 847 345 77 848 848 350 75 849 849 344 74 850 850 347 352 851 851 343 353 852 852 347 353 853 853 344 353 854 854 348 182 855 855 350 75 856 856 347 352 857 857 350 75 858 858 348 182 859 859 349 78 860 860 354 79 861 861 356 84 862 862 353 83 863 863 358 81 864 864 352 80 865 865 357 354 866 866 358 81 867 867 355 183 868 868 356 84 869 869 351 355 870 870 357 355 871 871 352 355 872 872 366 87 873 873 361 89 874 874 362 85 875 875 366 87 876 876 360 86 877 877 365 356 878 878 364 90 879 879 365 356 880 880 363 184 881 881 363 357 882 882 360 357 883 883 359 357 884 884 374 93 885 885 369 95 886 886 370 91 887 887 374 93 888 888 368 92 889 889 373 358 890 890 0 359 891 891 3 359 892 892 1 359 893 893 372 96 894 894 373 358 895 895 371 185 896 896 371 360 897 897 368 360 898 898 367 360 899 899 378 97 900 900 381 102 901 901 377 101 902 902 382 99 903 903 376 98 904 904 379 361 905 905 375 362 906 906 379 362 907 907 376 362 908 908 380 186 909 909 382 99 910 910 379 361 911 911 380 186 912 912 381 102 913 913 382 99 914 914 386 103 915 915 388 108 916 916 385 107 917 917 390 105 918 918 384 104 919 919 389 363 920 920 390 105 921 921 387 187 922 922 388 108 923 923 389 364 924 924 383 364 925 925 387 364 926 926 394 109 927 927 396 114 928 928 393 113 929 929 398 111 930 930 392 110 931 931 397 365 932 932 398 111 933 933 395 188 934 934 396 114 935 935 391 366 936 936 397 366 937 937 392 366 938 938 402 115 939 939 404 120 940 940 401 119 941 941 406 117 942 942 400 116 943 943 405 367 944 944 406 117 945 945 403 189 946 946 404 120 947 947 405 368 948 948 399 368 949 949 403 368 950 950 410 121 951 951 413 126 952 952 409 125 953 953 414 123 954 954 408 122 955 955 411 369 956 956 411 370 957 957 407 370 958 958 412 370 959 959 412 190 960 960 414 123 961 961 411 369 962 962 414 123 963 963 412 190 964 964 413 126 965 965 418 127 966 966 420 132 967 967 417 131 968 968 422 129 969 969 416 128 970 970 421 371 971 971 422 129 972 972 419 191 973 973 420 132 974 974 415 372 975 975 421 372 976 976 416 372 977 977 430 135 978 978 425 137 979 979 426 133 980 980 430 135 981 981 424 134 982 982 429 373 983 983 428 138 984 984 429 373 985 985 427 192 986 986 427 374 987 987 424 374 988 988 423 374 989 989 435 375 990 990 433 375 991 991 462 375 992 992 441 376 993 993 438 376 994 994 440 376 995 995 436 377 996 996 435 377 997 997 432 377 998 998 439 171 999 999 437 171 1000 1000 438 171 1001 1001 447 378 1002 1002 145 378 1003 1003 448 378 1004 1004 441 379 1005 1005 440 379 1006 1006 442 379 1007 1007 437 380 1008 1008 439 380 1009 1009 441 380 1010 1010 438 381 1011 1011 442 381 1012 1012 440 381 1013 1013 443 382 1014 1014 245 382 1015 1015 444 382 1016 1016 450 383 1017 1017 13 383 1018 1018 449 383 1019 1019 450 384 1020 1020 14 384 1021 1021 285 384 1022 1022 460 385 1023 1023 181 385 1024 1024 20 385 1025 1025 464 386 1026 1026 465 386 1027 1027 463 386 1028 1028 467 387 1029 1029 468 387 1030 1030 466 387 1031 1031 4 388 1032 1032 5 388 1033 1033 0 388 1034 1034 7 389 1035 1035 10 389 1036 1036 11 389 1037 1037 18 390 1038 1038 15 390 1039 1039 16 390 1040 1040 18 171 1041 1041 17 171 1042 1042 13 171 1043 1043 154 391 1044 1044 87 391 1045 1045 86 391 1046 1046 21 392 1047 1047 24 392 1048 1048 154 392 1049 1049 86 393 1050 1050 87 393 1051 1051 25 393 1052 1052 32 394 1053 1053 29 394 1054 1054 30 394 1055 1055 32 395 1056 1056 31 395 1057 1057 465 395 1058 1058 30 396 1059 1059 26 396 1060 1060 27 396 1061 1061 33 397 1062 1062 38 397 1063 1063 36 397 1064 1064 37 398 1065 1065 40 398 1066 1066 39 398 1067 1067 44 399 1068 1068 43 399 1069 1069 48 399 1070 1070 48 400 1071 1071 43 400 1072 1072 42 400 1073 1073 41 393 1074 1074 39 393 1075 1075 3 393 1076 1076 50 401 1077 1077 51 401 1078 1078 53 401 1079 1079 55 402 1080 1080 54 402 1081 1081 52 402 1082 1082 54 403 1083 1083 55 403 1084 1084 57 403 1085 1085 51 404 1086 1086 50 404 1087 1087 59 404 1088 1088 67 405 1089 1089 66 405 1090 1090 61 405 1091 1091 68 221 1092 1092 67 225 1093 1093 65 222 1094 1094 64 406 1095 1095 68 406 1096 1096 63 406 1097 1097 67 225 1098 1098 68 221 1099 1099 64 226 1100 1100 66 227 1101 1101 64 226 1102 1102 62 228 1103 1103 70 407 1104 1104 69 407 1105 1105 71 407 1106 1106 69 231 1107 1107 73 408 1108 1108 76 232 1109 1109 69 234 1110 1110 70 234 1111 1111 74 234 1112 1112 75 235 1113 1113 74 409 1114 1114 70 236 1115 1115 72 410 1116 1116 71 410 1117 1117 76 410 1118 1118 78 411 1119 1119 19 411 1120 1120 134 411 1121 1121 84 171 1122 1122 85 171 1123 1123 468 171 1124 1124 78 412 1125 1125 86 412 1126 1126 87 412 1127 1127 93 413 1128 1128 92 413 1129 1129 89 413 1130 1130 90 414 1131 1131 91 414 1132 1132 88 414 1133 1133 97 415 1134 1134 99 415 1135 1135 94 415 1136 1136 100 416 1137 1137 98 416 1138 1138 96 416 1139 1139 99 246 1140 1140 97 250 1141 1141 98 247 1142 1142 96 249 1143 1143 98 247 1144 1144 97 250 1145 1145 95 252 1146 1146 96 249 1147 1147 101 251 1148 1148 104 417 1149 1149 102 417 1150 1150 103 417 1151 1151 102 255 1152 1152 104 418 1153 1153 109 256 1154 1154 107 393 1155 1155 103 393 1156 1156 102 393 1157 1157 103 258 1158 1158 107 419 1159 1159 108 259 1160 1160 109 420 1161 1161 104 420 1162 1162 105 420 1163 1163 112 421 1164 1164 110 421 1165 1165 114 421 1166 1166 116 422 1167 1167 113 422 1168 1168 111 422 1169 1169 110 264 1170 1170 112 268 1171 1171 113 265 1172 1172 111 267 1173 1173 113 265 1174 1174 112 268 1175 1175 115 270 1176 1176 111 267 1177 1177 117 269 1178 1178 120 272 1179 1179 118 272 1180 1180 119 272 1181 1181 120 273 1182 1182 125 171 1183 1183 122 274 1184 1184 123 423 1185 1185 119 423 1186 1186 118 423 1187 1187 121 277 1188 1188 119 424 1189 1189 123 278 1190 1190 125 425 1191 1191 120 425 1192 1192 121 425 1193 1193 131 426 1194 1194 130 426 1195 1195 127 426 1196 1196 128 427 1197 1197 129 427 1198 1198 126 427 1199 1199 134 428 1200 1200 133 428 1201 1201 132 428 1202 1202 136 429 1203 1203 135 429 1204 1204 132 429 1205 1205 133 430 1206 1206 134 430 1207 1207 137 430 1208 1208 139 431 1209 1209 138 431 1210 1210 143 431 1211 1211 140 432 1212 1212 141 432 1213 1213 138 432 1214 1214 149 287 1215 1215 144 287 1216 1216 145 287 1217 1217 148 433 1218 1218 145 433 1219 1219 144 433 1220 1220 149 434 1221 1221 146 434 1222 1222 151 434 1223 1223 153 435 1224 1224 38 435 1225 1225 5 435 1226 1226 5 436 1227 1227 154 436 1228 1228 155 436 1229 1229 159 437 1230 1230 157 437 1231 1231 156 437 1232 1232 163 438 1233 1233 161 438 1234 1234 160 438 1235 1235 165 439 1236 1236 164 439 1237 1237 166 439 1238 1238 172 440 1239 1239 170 440 1240 1240 171 440 1241 1241 174 441 1242 1242 176 441 1243 1243 173 441 1244 1244 175 442 1245 1245 258 442 1246 1246 176 442 1247 1247 177 443 1248 1248 173 443 1249 1249 178 443 1250 1250 456 444 1251 1251 182 444 1252 1252 184 444 1253 1253 188 445 1254 1254 186 445 1255 1255 185 445 1256 1256 196 446 1257 1257 264 446 1258 1258 198 446 1259 1259 261 447 1260 1260 190 447 1261 1261 192 447 1262 1262 264 448 1263 1263 265 448 1264 1264 261 448 1265 1265 193 449 1266 1266 194 449 1267 1267 192 449 1268 1268 189 305 1269 1269 195 305 1270 1270 197 305 1271 1271 194 450 1272 1272 193 450 1273 1273 199 450 1274 1274 201 451 1275 1275 202 451 1276 1276 200 451 1277 1277 202 452 1278 1278 201 452 1279 1279 259 452 1280 1280 209 453 1281 1281 208 453 1282 1282 256 453 1283 1283 214 454 1284 1284 213 454 1285 1285 220 454 1286 1286 256 455 1287 1287 207 455 1288 1288 209 455 1289 1289 220 456 1290 1290 212 456 1291 1291 214 456 1292 1292 216 457 1293 1293 206 457 1294 1294 205 457 1295 1295 219 458 1296 1296 211 458 1297 1297 210 458 1298 1298 226 459 1299 1299 225 459 1300 1300 234 459 1301 1301 231 460 1302 1302 230 460 1303 1303 239 460 1304 1304 234 461 1305 1305 224 461 1306 1306 226 461 1307 1307 239 462 1308 1308 229 462 1309 1309 231 462 1310 1310 223 463 1311 1311 222 463 1312 1312 232 463 1313 1313 238 464 1314 1314 228 464 1315 1315 227 464 1316 1316 232 465 1317 1317 241 465 1318 1318 223 465 1319 1319 249 466 1320 1320 247 466 1321 1321 246 466 1322 1322 250 467 1323 1323 59 467 1324 1324 52 467 1325 1325 459 468 1326 1326 252 468 1327 1327 251 468 1328 1328 153 469 1329 1329 152 469 1330 1330 253 469 1331 1331 77 470 1332 1332 260 470 1333 1333 78 470 1334 1334 263 201 1335 1335 266 201 1336 1336 267 201 1337 1337 269 471 1338 1338 263 471 1339 1339 196 471 1340 1340 276 472 1341 1341 277 472 1342 1342 272 472 1343 1343 274 473 1344 1344 275 473 1345 1345 276 473 1346 1346 277 474 1347 1347 279 474 1348 1348 278 474 1349 1349 277 475 1350 1350 276 475 1351 1351 275 475 1352 1352 273 171 1353 1353 272 171 1354 1354 278 171 1355 1355 275 476 1356 1356 274 476 1357 1357 278 476 1358 1358 282 477 1359 1359 280 477 1360 1360 284 477 1361 1361 294 33 1362 1362 292 36 1363 1363 289 35 1364 1364 292 36 1365 1365 294 33 1366 1366 293 340 1367 1367 291 478 1368 1368 293 478 1369 1369 288 478 1370 1370 298 37 1371 1371 302 39 1372 1372 301 42 1373 1373 295 479 1374 1374 300 479 1375 1375 299 479 1376 1376 310 45 1377 1377 308 48 1378 1378 305 47 1379 1379 308 48 1380 1380 310 45 1381 1381 309 344 1382 1382 307 480 1383 1383 309 480 1384 1384 304 480 1385 1385 314 49 1386 1386 318 51 1387 1387 317 54 1388 1388 311 481 1389 1389 316 481 1390 1390 315 481 1391 1391 322 55 1392 1392 326 57 1393 1393 325 60 1394 1394 319 482 1395 1395 324 482 1396 1396 323 482 1397 1397 334 63 1398 1398 332 66 1399 1399 329 65 1400 1400 331 483 1401 1401 333 483 1402 1402 328 483 1403 1403 342 69 1404 1404 340 72 1405 1405 337 71 1406 1406 339 484 1407 1407 341 484 1408 1408 336 484 1409 1409 346 73 1410 1410 350 75 1411 1411 349 78 1412 1412 343 485 1413 1413 348 485 1414 1414 347 485 1415 1415 354 79 1416 1416 358 81 1417 1417 356 84 1418 1418 358 81 1419 1419 357 354 1420 1420 355 183 1421 1421 351 486 1422 1422 355 486 1423 1423 357 486 1424 1424 366 87 1425 1425 364 90 1426 1426 361 89 1427 1427 364 90 1428 1428 366 87 1429 1429 365 356 1430 1430 363 487 1431 1431 365 487 1432 1432 360 487 1433 1433 374 93 1434 1434 372 96 1435 1435 369 95 1436 1436 0 488 1437 1437 5 488 1438 1438 3 488 1439 1439 372 96 1440 1440 374 93 1441 1441 373 358 1442 1442 371 489 1443 1443 373 489 1444 1444 368 489 1445 1445 378 97 1446 1446 382 99 1447 1447 381 102 1448 1448 375 490 1449 1449 380 490 1450 1450 379 490 1451 1451 386 103 1452 1452 390 105 1453 1453 388 108 1454 1454 390 105 1455 1455 389 363 1456 1456 387 187 1457 1457 389 491 1458 1458 384 491 1459 1459 383 491 1460 1460 394 109 1461 1461 398 111 1462 1462 396 114 1463 1463 398 111 1464 1464 397 365 1465 1465 395 188 1466 1466 391 492 1467 1467 395 492 1468 1468 397 492 1469 1469 402 115 1470 1470 406 117 1471 1471 404 120 1472 1472 406 117 1473 1473 405 367 1474 1474 403 189 1475 1475 405 493 1476 1476 400 493 1477 1477 399 493 1478 1478 410 121 1479 1479 414 123 1480 1480 413 126 1481 1481 411 494 1482 1482 408 494 1483 1483 407 494 1484 1484 418 127 1485 1485 422 129 1486 1486 420 132 1487 1487 422 129 1488 1488 421 371 1489 1489 419 191 1490 1490 415 495 1491 1491 419 495 1492 1492 421 495 1493 1493 430 135 1494 1494 428 138 1495 1495 425 137 1496 1496 428 138 1497 1497 430 135 1498 1498 429 373 1499 1499 427 496 1500 1500 429 496 1501 1501 424 496 1502 1502 435 497 1503 1503 436 497 1504 1504 433 497 1505 1505 441 498 1506 1506 439 498 1507 1507 438 498 1508 1508 447 378 1509 1509 144 378 1510 1510 145 378 1511 1511 450 499 1512 1512 285 499 1513 1513 13 499 1514 1514 450 500 1515 1515 451 500 1516 1516 14 500 1517 1517 460 501 1518 1518 456 501 1519 1519 181 501 1520 1520 464 502 1521 1521 28 502 1522 1522 465 502 1523 1523 467 503 1524 1524 81 503 1525 1525 468 503 1526 1526</p>
        </triangles>
      </mesh>
    </geometry>
    <geometry id="Plane_060-mesh" name="Plane.060">
      <mesh>
        <source id="Plane_060-mesh-positions">
          <float_array id="Plane_060-mesh-positions-array" count="3813">-707.4099 131.5453 118.5093 -708.4707 132.606 118.5093 -706.3493 132.606 118.5093 -708.4706 132.606 123.0093 -706.3493 132.606 123.0093 -707.41 131.5453 127.0093 -707.5979 131.7333 118.5093 -708.2826 132.4181 127.0093 -707.5979 131.7333 127.0093 -707.7393 131.5919 118.5093 -708.4241 132.2767 127.0093 -707.7393 131.5919 127.0093 -707.2219 131.7333 118.5093 -706.5372 132.4181 118.5093 -706.5372 132.4181 129.4436 -707.4196 131.931 129.4436 -707.0805 131.5919 118.5093 -706.3958 132.2766 118.5093 -706.3958 132.2766 129.4436 -707.0805 131.5919 129.4436 -701.5763 137.379 123.0093 -695.7427 143.2126 117.7369 -695.7427 145.3339 123.0093 -696.8034 144.2733 117.7369 -694.682 144.2733 117.7369 -695.7427 145.3339 128.5093 -696.8034 144.2733 127.0093 -695.5547 143.4006 117.7369 -694.8699 144.0853 117.7369 -694.8699 144.0853 123.0093 -695.7525 143.5982 129.4436 -695.4132 143.2591 117.7369 -694.7285 143.9439 117.7369 -694.7285 143.9439 129.4436 -695.4132 143.2591 129.4436 -714.1275 138.2628 118.5093 -713.0668 137.2022 118.5093 -713.0668 139.3235 118.5093 -713.0668 139.3235 121.2593 -712.0062 138.2629 118.5093 -714.1275 138.2628 127.0093 -713.0668 137.2022 123.0093 -712.0062 138.2629 127.0093 -713.0668 137.2022 127.0093 -713.2548 137.3902 118.5093 -713.9395 138.0749 118.5093 -713.9395 138.0749 127.0093 -713.2548 137.3902 127.0093 -713.3961 137.2487 118.5093 -714.0809 137.9334 118.5093 -713.3961 137.2487 127.0093 -714.0809 137.9334 127.0093 -708.1538 132.9228 123.0093 -708.5151 132.5615 119.1591 -713.1113 137.1577 119.1591 -708.5151 132.5615 118.8422 -713.1113 137.1577 118.8422 -708.8036 132.273 118.8422 -713.3998 136.8692 118.8422 -708.8036 132.273 118.3573 -713.3998 136.8692 118.3573 -712.75 137.519 123.0093 -708.1538 132.9228 119.1591 -712.75 137.519 119.1591 -708.4706 132.606 123.0492 -708.4706 132.606 122.5945 -713.0681 137.2037 122.5945 -709.0191 132.5609 123.0492 -709.022 132.5598 122.5945 -708.8279 132.5121 122.5945 -713.1143 136.6523 123.0492 -713.1644 136.8483 122.5945 -713.0681 137.2037 123.0492 -708.8259 132.5097 123.0492 -713.162 136.8464 123.0492 -713.1132 136.6552 122.5945 -708.696 132.7034 122.5419 -708.696 132.7034 122.0541 -712.9707 136.9782 122.5419 -712.9707 136.9782 122.0541 -708.312 133.0875 122.5419 -708.312 133.0875 122.0541 -712.5867 137.3622 122.0541 -712.5867 137.3622 122.5419 -701.8842 139.8067 118.1013 -700.5156 138.4397 123.0093 -701.3883 137.5669 118.1013 -700.7036 138.2517 123.0093 -701.3883 137.567 123.0093 -701.5861 137.7646 129.4436 -701.2468 137.4255 118.1013 -700.5622 138.1103 118.1013 -701.2468 137.4255 129.4436 -700.5621 138.1102 129.4436 -695.7427 143.2126 123.0093 -695.7427 143.2126 127.0093 -703.9982 134.8864 123.0093 -703.9982 134.8864 118.4394 -703.8567 135.0279 123.0093 -703.8567 135.0279 118.4394 -704.1924 135.0807 123.0093 -704.1924 135.0807 118.4394 -704.051 135.2221 123.0093 -704.051 135.2221 118.4394 -706.3493 132.606 123.0492 -706.3493 132.606 122.5945 -705.7977 132.5598 122.5945 -701.3495 137.0083 123.0492 -701.2994 137.2043 122.5945 -701.3505 137.0113 122.5945 -701.3956 137.5597 123.0492 -701.3956 137.5597 122.5945 -705.994 132.5097 123.0492 -705.8007 132.5609 123.0492 -705.9919 132.5121 122.5945 -701.3018 137.2023 123.0492 -705.9393 132.519 122.5419 -705.9393 132.519 122.0541 -701.4849 136.9736 122.5419 -701.4849 136.9736 122.0541 -706.5078 133.0874 122.5419 -706.5078 133.0874 122.0541 -702.0534 137.542 122.0541 -702.0534 137.542 122.5419 -695.7413 143.214 123.0492 -700.1618 138.1958 122.5945 -695.6951 142.6627 123.0492 -695.6475 142.857 123.0492 -695.6451 142.8591 122.5945 -700.7134 138.2419 123.0492 -700.7134 138.2419 122.5945 -695.7413 143.214 122.5945 -700.3579 138.1456 123.0492 -700.1647 138.1968 123.0492 -700.3558 138.148 122.5945 -695.6962 142.6656 122.5945 -700.0888 138.3696 122.5419 -700.0888 138.3696 122.0541 -695.6543 142.8042 122.5419 -695.6543 142.8042 122.0541 -700.6572 138.9381 122.5419 -700.6572 138.9381 122.0541 -696.2228 143.3726 122.0541 -696.2228 143.3726 122.5419 -698.1645 140.7201 123.0093 -698.1645 140.7201 117.9727 -698.0231 140.8615 123.0093 -698.0231 140.8615 117.9727 -698.3588 140.9143 123.0093 -698.3588 140.9143 117.9727 -698.2173 141.0558 123.0093 -698.2173 141.0558 117.9727 -705.112 133.8433 118.1013 -705.1119 133.8433 119.1013 -701.5763 137.379 119.1013 -705.7004 134.4316 118.1013 -705.7003 134.4316 119.1013 -702.1646 137.9673 119.1013 -701.5881 137.2965 123.0036 -701.5881 137.2965 118.1482 -701.4467 137.4379 123.0036 -701.4467 137.4379 118.1482 -701.7824 137.4907 123.0036 -701.7824 137.4907 118.1482 -701.641 137.6321 123.0093 -701.641 137.6321 118.4394 -706.3451 132.5394 123.0036 -706.3451 132.5394 118.1482 -706.2036 132.6808 118.1482 -706.5394 132.7336 123.0036 -706.5394 132.7336 118.1482 -706.2036 132.6808 123.0036 -706.398 132.8751 123.0036 -706.398 132.8751 118.1482 -707.4099 131.5453 128.5093 -714.1275 138.2628 128.5093 -694.682 144.2733 127.0093 -700.8794 138.0758 128.5093 -701.7024 137.4107 123.0036 -701.7024 137.4107 120.599 -703.9699 135.1431 123.0036 -703.9699 135.1431 120.599 -706.0433 132.8612 125.9353 -706.0433 132.8612 126.7703 -704.5733 134.3313 125.9353 -704.5733 134.3313 126.7703 -706.0837 132.9017 125.9353 -706.0837 132.9017 126.7703 -704.6137 134.3717 125.9353 -704.6137 134.3717 126.7703 -703.2857 135.619 125.9353 -703.2857 135.619 126.7703 -701.8156 137.089 125.9353 -701.8156 137.089 126.7703 -703.3261 135.6593 125.9353 -703.3261 135.6593 126.7703 -701.856 137.1294 125.9353 -701.856 137.1294 126.7703 -701.6967 137.516 119.1013 -701.6967 137.5159 122.0747 -705.2456 133.9671 119.1013 -705.2456 133.9671 122.0747 -705.4957 134.2171 119.1013 -706.5302 132.7566 118.8212 -705.2827 134.0041 118.8212 -705.4957 134.2171 118.8212 -705.4957 134.2171 122.0747 -706.7433 132.9696 118.8212 -706.5302 132.7566 118.6412 -705.2827 134.0041 118.6412 -706.3534 132.5798 118.6412 -705.1058 133.8274 118.6412 -706.3534 132.5798 118.4612 -705.1058 133.8274 118.4612 -699.2817 139.6737 117.7253 -695.7427 143.2127 118.7253 -700.0576 140.4495 118.7253 -696.3311 143.801 118.7253 -695.866 143.2472 123.0036 -695.866 143.2472 119.6637 -698.1336 140.9796 123.0036 -698.1336 140.9796 119.6637 -699.4092 139.8035 118.7253 -701.2376 139.1367 118.8212 -699.99 140.3843 118.8212 -700.6483 141.0425 118.8212 -701.2376 139.1367 118.6412 -699.99 140.3843 118.6412 -701.0608 138.96 118.6412 -699.8132 140.2075 118.6412 -701.0608 138.96 118.4612 -699.8132 140.2075 118.4612 -695.8604 143.3524 118.7253 -699.4092 139.8035 122.0747 -695.8604 143.3524 122.0747 -700.6483 141.0425 118.7253 -700.884 138.7832 118.4612 -699.6364 140.0308 118.4612 -700.884 138.7832 118.2812 -699.6364 140.0308 118.2812 -700.7072 138.6064 118.2812 -699.4597 139.854 118.2812 -700.7072 138.6064 118.1012 -699.4597 139.854 118.1012 -699.2828 139.6772 118.1012 -700.5304 138.4297 117.9212 -699.2828 139.6772 117.9212 -708.4988 132.1819 125.7462 -708.3467 132.0298 125.7462 -708.4988 132.1819 129.4436 -708.3467 132.0298 129.4436 -707.9857 131.6689 125.7462 -707.8337 131.5168 125.7462 -707.9857 131.6689 129.4436 -707.8337 131.5168 129.4436 -708.3254 132.0085 125.7462 -708.1733 131.8564 125.7462 -708.3254 132.0085 130.0741 -708.1733 131.8564 130.0741 -708.1546 131.8377 125.7462 -708.0025 131.6856 125.7462 -708.1546 131.8377 130.0741 -708.0025 131.6856 130.0741 -707.8977 132.4788 125.7462 -708.0498 132.6309 129.4436 -707.8977 132.4788 129.4436 -707.5368 132.1179 129.4436 -707.3847 131.9658 129.4436 -707.8764 132.4575 125.7462 -707.8764 132.4575 130.0741 -707.7243 132.3054 130.0741 -707.7056 132.2867 125.7462 -707.5535 132.1346 125.7462 -707.7056 132.2867 130.0741 -707.5535 132.1346 130.0741 -714.0108 137.6941 125.7462 -714.1628 137.8461 129.4436 -714.0108 137.6941 129.4436 -713.6499 137.3331 125.7462 -713.4978 137.181 125.7462 -713.6499 137.3331 129.4436 -713.4978 137.181 129.4436 -713.9894 137.6728 125.7462 -713.8374 137.5207 125.7462 -713.9894 137.6728 130.0741 -713.8374 137.5207 130.0741 -713.8186 137.5019 125.7462 -713.6665 137.3498 125.7462 -713.8186 137.5019 130.0741 -713.6665 137.3498 130.0741 -713.7138 138.2951 125.7462 -713.7138 138.2951 129.4436 -713.5618 138.143 129.4436 -713.2008 137.7821 125.7462 -713.2008 137.7821 129.4436 -713.0487 137.63 129.4436 -713.5404 138.1217 125.7462 -713.3884 137.9697 125.7462 -713.5404 138.1217 130.0741 -713.3884 137.9697 130.0741 -713.3696 137.9509 125.7462 -713.3696 137.9509 130.0741 -713.2175 137.7988 130.0741 -714.1628 137.8461 125.7462 -700.6155 137.826 123.4514 -706.9447 131.4967 125.7462 -707.0654 131.6174 123.4514 -700.7362 137.9466 123.4514 -706.9447 131.4968 123.4514 -700.6155 137.826 125.7462 -697.5111 141.3936 125.9353 -697.5111 141.3936 126.7703 -696.0411 142.8636 125.9353 -696.0411 142.8636 126.7703 -697.5515 141.434 125.9353 -697.5515 141.434 126.7703 -696.0816 142.904 125.9353 -696.0816 142.904 126.7703 -708.135 132.9416 118.3573 -701.3995 150.9909 118.5093 -701.3995 150.9909 117.7369 -694.6821 144.2734 128.5093 -701.3996 150.991 128.5093 -708.0498 132.6309 125.7462 -707.5368 132.1179 125.7462 -707.3847 131.9658 125.7462 -707.7243 132.3054 125.7462 -713.5618 138.143 125.7462 -713.0487 137.63 125.7462 -713.2175 137.7988 125.7462 -706.7434 132.9696 123.9182 -700.5294 138.4288 118.1012 -701.8834 139.8074 123.2495 -701.8958 139.795 118.8212 -702.1083 139.5825 118.8212 -699.4092 139.8035 123.2495 -700.6483 141.0425 123.2495 -702.1083 139.5826 123.2495 -700.8692 138.3435 123.2495 -702.1082 139.5825 123.2495 -695.7808 143.432 122.0747 -695.7808 143.432 123.2495 -701.1521 138.5608 122.0747 -701.1521 138.5608 123.9182 -706.5679 131.9494 130.8712 -705.9439 131.3253 130.8712 -706.216 131.0531 130.8712 -706.2161 131.0531 126.024 -705.9439 131.3253 126.024 -706.5679 131.9495 126.024 -706.8399 131.6775 130.8712 -706.8402 131.6773 126.024 -700.1809 137.0443 125.873 -700.794 137.6574 125.873 -700.794 137.6574 128.36 -700.1157 137.1095 128.36 -700.1157 137.1095 125.873 -700.7288 137.7227 125.873 -700.7288 137.7227 128.36 -700.1809 137.0443 128.36 -706.7349 132.6157 129.4436 -706.8012 131.7163 126.622 -706.8012 131.7163 126.7622 -706.5665 131.9508 126.622 -706.5665 131.9508 126.7622 -706.6596 132.0439 126.7622 -706.6596 132.0439 126.622 -706.8942 131.8094 126.7622 -706.8942 131.8094 126.622 -706.8012 131.7163 129.1324 -706.8012 131.7163 129.2727 -706.5665 131.9508 129.1324 -706.5665 131.9508 129.2727 -706.6596 132.0439 129.2727 -706.6596 132.0439 129.1324 -706.8942 131.8094 129.2727 -706.8942 131.8094 129.1324 -700.7785 137.673 128.0895 -700.7785 137.673 128.2298 -700.7349 137.7165 128.0895 -700.7349 137.7165 128.2298 -700.86 137.8415 128.2298 -700.86 137.8415 128.0895 -700.9036 137.798 128.2298 -700.9036 137.798 128.0895 -700.7785 137.673 126.1322 -700.7785 137.673 126.2724 -700.7349 137.7165 126.1322 -700.7349 137.7165 126.2724 -700.86 137.8415 126.2724 -700.86 137.8415 126.1322 -700.9036 137.798 126.2724 -700.9036 137.798 126.1322 -713.0668 139.3235 128.5093 -706.7795 132.638 127.0093 -706.0827 133.3348 127.0093 -706.488 132.3654 127.0093 -705.8086 133.0375 127.0093 -706.7795 132.638 129.0296 -706.7542 132.6632 129.0653 -706.0869 133.3307 129.0475 -706.5133 132.3717 128.8003 -706.4627 132.3717 128.8081 -706.6576 132.5436 129.0556 -706.5645 132.423 128.9571 -706.5202 132.4292 128.984 -705.9899 133.2101 129.0597 -705.8164 133.0686 128.8003 -705.8164 133.018 128.8081 -705.8676 133.1199 128.9571 -705.8739 133.0755 128.984 -705.8875 133.53 127.0093 -705.1906 134.2268 127.0093 -705.596 133.2574 127.0093 -704.9166 133.9295 127.0093 -705.8833 133.5342 129.0475 -705.2159 134.2016 129.0653 -705.1906 134.2268 129.0296 -705.6212 133.2637 128.8003 -705.5707 133.2637 128.8081 -705.7628 133.4371 129.0597 -705.6725 133.315 128.9571 -705.6282 133.3212 128.984 -705.0963 134.1049 129.0556 -704.9244 133.9606 128.8003 -704.9244 133.91 128.8081 -704.9757 134.0119 128.9571 -704.9819 133.9675 128.984 -704.9955 134.422 127.0093 -704.2987 135.1188 127.0093 -704.704 134.1494 127.0093 -704.0246 134.8215 127.0093 -704.9955 134.422 129.0296 -704.9702 134.4472 129.0653 -704.3029 135.1146 129.0475 -704.7293 134.1557 128.8003 -704.6787 134.1557 128.8081 -704.8736 134.3276 129.0556 -704.7805 134.207 128.9571 -704.7362 134.2132 128.984 -704.2058 134.9941 129.0597 -704.0324 134.8526 128.8003 -704.0324 134.802 128.8081 -704.0836 134.9039 128.9571 -704.0899 134.8595 128.984 -704.1035 135.314 127.0093 -703.4066 136.0108 127.0093 -703.812 135.0414 127.0093 -703.1326 135.7135 127.0093 -704.0994 135.3182 129.0475 -703.4319 135.9856 129.0653 -703.4066 136.0108 129.0296 -703.8372 135.0477 128.8003 -703.7867 135.0477 128.8081 -703.9788 135.2211 129.0597 -703.8885 135.099 128.9571 -703.8442 135.1052 128.984 -703.3123 135.8889 129.0556 -703.1403 135.7446 128.8003 -703.1403 135.694 128.8081 -703.1917 135.7959 128.9571 -703.1979 135.7515 128.984 -703.2115 136.206 127.0093 -702.5146 136.9029 127.0093 -702.92 135.9334 127.0093 -702.2406 136.6055 127.0093 -703.2073 136.2102 129.0475 -702.5399 136.8776 129.0653 -702.5146 136.9029 129.0296 -702.9453 135.9397 128.8003 -702.8947 135.9397 128.8081 -703.0921 136.1165 129.0591 -702.9965 135.991 128.9571 -702.9522 135.9972 128.984 -702.4171 136.7753 129.0566 -702.2484 136.6366 128.8003 -702.2484 136.586 128.8081 -702.2996 136.6879 128.9571 -702.3059 136.6435 128.984 -702.3195 137.098 127.0093 -701.6226 137.7949 127.0093 -702.028 136.8254 127.0093 -701.3486 137.4975 127.0093 -702.3195 137.098 129.0296 -702.2942 137.1233 129.0653 -701.6269 137.7906 129.0475 -702.0532 136.8317 128.8003 -702.0027 136.8317 128.8081 -702.192 137.0005 129.0566 -702.1045 136.883 128.9571 -702.0602 136.8892 128.984 -701.5332 137.6754 129.0591 -701.3563 137.5286 128.8003 -701.3563 137.478 128.8081 -701.4076 137.5799 128.9571 -701.4139 137.5355 128.984 -700.9214 138.4961 127.0093 -700.2245 139.193 127.0093 -700.6298 138.2235 127.0093 -699.9505 138.8956 127.0093 -700.9214 138.4961 129.0296 -700.8961 138.5214 129.0653 -700.2287 139.1888 129.0475 -700.6551 138.2298 128.8003 -700.6046 138.2298 128.8081 -700.7939 138.3985 129.0566 -700.7064 138.2811 128.9571 -700.6621 138.2873 128.984 -700.135 139.0735 129.0591 -699.9582 138.9267 128.8003 -699.9582 138.8762 128.8081 -700.0095 138.978 128.9571 -700.0158 138.9337 128.984 -700.0294 139.3881 127.0093 -699.3325 140.085 127.0093 -699.7379 139.1155 127.0093 -699.0585 139.7876 127.0093 -700.0252 139.3923 129.0475 -699.3578 140.0597 129.0653 -699.3325 140.085 129.0296 -699.7631 139.1218 128.8003 -699.7125 139.1218 128.8081 -699.9099 139.2986 129.0591 -699.8144 139.1731 128.9571 -699.77 139.1793 128.984 -699.2349 139.9575 129.0566 -699.0662 139.8187 128.8003 -699.0662 139.7682 128.8081 -699.1175 139.87 128.9571 -699.1237 139.8257 128.984 -699.1373 140.2801 127.0093 -698.4405 140.977 127.0093 -698.8458 140.0075 127.0093 -698.1665 140.6796 127.0093 -699.1317 140.2857 129.0534 -698.4447 140.9727 129.0475 -698.8711 140.0139 128.8003 -698.8206 140.0139 128.8081 -699.0098 140.1826 129.0566 -698.9224 140.0651 128.9571 -698.8781 140.0713 128.984 -698.351 140.8575 129.0591 -698.1742 140.7107 128.8003 -698.1742 140.6602 128.8081 -698.2255 140.762 128.9571 -698.2317 140.7177 128.984 -698.2454 141.1721 127.0093 -697.5485 141.869 127.0093 -697.9538 140.8995 127.0093 -697.2745 141.5716 127.0093 -698.2454 141.1721 129.0296 -698.2201 141.1974 129.0653 -697.5527 141.8648 129.0475 -697.9791 140.9058 128.8003 -697.9285 140.9058 128.8081 -698.1234 141.0777 129.0556 -698.0303 140.9571 128.9571 -697.986 140.9634 128.984 -697.4556 141.7442 129.0597 -697.2822 141.6027 128.8003 -697.2822 141.5522 128.8081 -697.3335 141.654 128.9571 -697.3397 141.6097 128.984 -697.3533 142.0641 127.0093 -696.6565 142.761 127.0093 -697.0619 141.7915 127.0093 -696.3825 142.4636 127.0093 -697.3478 142.0697 129.0534 -696.6607 142.7568 129.0475 -697.0871 141.7978 128.8003 -697.0365 141.7978 128.8081 -697.2315 141.9698 129.0556 -697.1384 141.8491 128.9571 -697.0941 141.8554 128.984 -696.5637 142.6362 129.0597 -696.3902 142.4947 128.8003 -696.3902 142.4442 128.8081 -696.4415 142.546 128.9571 -696.4477 142.5017 128.984 -696.4614 142.9561 127.0093 -695.7645 143.653 127.0093 -696.1699 142.6835 127.0093 -695.4905 143.3556 127.0093 -696.4572 142.9604 129.0475 -695.7897 143.6277 129.0653 -695.7645 143.653 129.0296 -696.1951 142.6898 128.8003 -696.1445 142.6898 128.8081 -696.3366 142.8633 129.0597 -696.2463 142.7411 128.9571 -696.202 142.7474 128.984 -695.6701 143.531 129.0556 -695.4982 143.3867 128.8003 -695.4982 143.3362 128.8081 -695.5495 143.438 128.9571 -695.5557 143.3937 128.984 -713.0386 137.6199 127.0093 -712.3638 136.9451 127.0093 -713.3115 137.3281 127.0093 -712.6613 136.6708 127.0093 -713.0344 137.6157 129.0478 -712.3695 136.9508 129.0538 -713.3049 137.3537 128.8003 -713.3057 137.3039 128.8081 -713.1318 137.4954 129.0599 -713.2536 137.4049 128.9571 -713.2482 137.3614 128.984 -712.4857 136.8505 129.056 -712.6301 136.6788 128.8003 -712.6798 136.678 128.8081 -712.5788 136.7301 128.9571 -712.6223 136.7355 128.984 -712.1748 136.7562 127.0093 -711.5 136.0813 127.0093 -712.4478 136.4644 127.0093 -711.7976 135.807 127.0093 -712.1692 136.7505 129.0538 -711.5043 136.0856 129.0478 -712.4411 136.4899 128.8003 -712.4419 136.4401 128.8081 -712.2725 136.6289 129.057 -712.3898 136.5412 128.9571 -712.3844 136.4976 128.984 -711.6195 135.9915 129.0594 -711.7663 135.8151 128.8003 -711.8161 135.8143 128.8081 -711.715 135.8663 128.9571 -711.7586 135.8718 128.984 -711.311 135.8924 127.0093 -710.6362 135.2175 127.0093 -711.584 135.6006 127.0093 -710.9338 134.9432 127.0093 -711.3068 135.8881 129.0478 -710.6419 135.2232 129.0538 -711.5773 135.6261 128.8003 -711.5781 135.5764 128.8081 -711.4041 135.7678 129.0599 -711.5261 135.6774 128.9571 -711.5206 135.6338 128.984 -710.7581 135.123 129.056 -710.9025 134.9513 128.8003 -710.9523 134.9505 128.8081 -710.8512 135.0025 128.9571 -710.8947 135.008 128.984 -710.4473 135.0286 127.0093 -709.7725 134.3538 127.0093 -710.7202 134.7368 127.0093 -710.07 134.0794 127.0093 -710.4431 135.0243 129.0478 -709.7781 134.3594 129.0538 -710.7136 134.7623 128.8003 -710.7144 134.7126 128.8081 -710.5372 134.9091 129.0594 -710.6622 134.8136 128.9571 -710.6568 134.7701 128.984 -709.8997 134.2561 129.057 -710.0387 134.0875 128.8003 -710.0885 134.0867 128.8081 -709.9874 134.1388 128.9571 -710.031 134.1442 128.984 -709.5835 134.1648 127.0093 -708.9086 133.49 127.0093 -709.8564 133.8729 127.0093 -709.2062 133.2156 127.0093 -709.5779 134.1591 129.0538 -708.9129 133.4942 129.0478 -709.8497 133.8985 128.8003 -709.8505 133.8488 128.8081 -709.6812 134.0375 129.0569 -709.7985 133.9498 128.9571 -709.793 133.9063 128.984 -709.0281 133.4001 129.0594 -709.1749 133.2237 128.8003 -709.2247 133.2229 128.8081 -709.1237 133.275 128.9571 -709.1672 133.2804 128.984 -708.7197 133.301 127.0093 -708.0449 132.6262 127.0093 -708.9926 133.0091 127.0093 -708.3424 132.3518 127.0093 -708.7141 133.2954 129.0538 -708.0491 132.6304 129.0478 -708.986 133.0348 128.8003 -708.9868 132.985 128.8081 -708.8143 133.1792 129.056 -708.9347 133.086 128.9571 -708.9293 133.0425 128.984 -708.1694 132.5331 129.0599 -708.3112 132.3599 128.8003 -708.3609 132.3591 128.8081 -708.2599 132.4112 128.9571 -708.3034 132.4166 128.984 -707.41 131.5455 126.8243 -707.41 131.5455 127.1943 -694.9215 144.034 126.8243 -713.9 138.0354 126.8243 -713.9 138.0354 127.1943 -694.8215 143.934 126.8243 -707.41 131.3455 127.1943 -714.0001 137.9354 126.8243 -714.0001 137.9354 127.1943 -707.749 131.6016 125.7462 -714.0782 137.9308 125.7462 -707.8697 131.4809 125.7462 -714.1989 137.8101 123.4514 -707.749 131.6016 123.4514 -714.0782 137.9308 123.4514 -707.0654 131.6174 125.7462 -700.7362 137.9466 125.7462 -714.1989 137.8101 125.7462 -707.8697 131.4809 123.4514 -708.0885 132.9882 118.5093 -708.0885 132.9882 123.0093 -705.963 132.9215 123.0036 -705.963 132.9215 118.1482 -706.5372 132.4181 123.0093 -706.7349 132.6157 123.0093 -707.4196 131.9309 123.0093 -707.2219 131.7333 123.0093 -708.2826 132.4181 118.5093 -708.4241 132.2767 118.5093 -700.7036 138.2517 118.1013 -700.5156 138.4397 123.2495 -699.2818 139.6737 118.7253 -700.0576 140.4495 117.7253 -695.5547 143.4006 123.0093 -695.7427 145.3339 117.7369 -695.7427 143.2126 117.9846 -694.9215 144.034 127.1943 -707.41 131.3455 126.8243 -694.8215 143.934 127.1943 -695.0676 144.283 123.0093 -695.7524 143.5982 123.0093 -695.0676 144.283 129.4436 -700.9013 138.4494 123.0093 -701.586 137.7646 123.0093 -700.9013 138.4494 129.4436 -706.4058 131.7999 126.8735 -706.0934 131.4874 126.8735 -706.4058 131.7999 127.4673 -706.0934 131.4874 127.4673 -706.4058 131.7999 127.4965 -706.0934 131.4874 127.4965 -706.4058 131.7999 128.0903 -706.0934 131.4874 128.0903 -706.3952 131.7891 128.1268 -706.0827 131.4766 128.1268 -706.3952 131.7891 128.7207 -706.0827 131.4766 128.7207 -706.0934 131.4874 129.3657 -706.4059 131.7999 129.3657 -706.0934 131.4874 128.7442 -706.4059 131.7999 128.7442 -706.0934 131.4874 130.0283 -706.4058 131.7999 130.0283 -706.0934 131.4874 129.4345 -706.4058 131.7999 129.4345 -706.0817 131.4757 130.6641 -706.3941 131.7881 130.6641 -706.0817 131.4757 130.0703 -706.3941 131.7881 130.0703 -706.6955 131.5261 130.0703 -706.3831 131.2136 130.0703 -706.6955 131.5261 130.6641 -706.3831 131.2136 130.6641 -706.6836 131.5142 129.4345 -706.3712 131.2017 129.4345 -706.6836 131.5142 130.0283 -706.3712 131.2017 130.0283 -706.6876 131.5182 128.7442 -706.3751 131.2057 128.7442 -706.6876 131.5182 129.3657 -706.3751 131.2057 129.3657 -706.3831 131.2136 128.7207 -706.6955 131.5261 128.7207 -706.3831 131.2136 128.1268 -706.6955 131.5261 128.1268 -706.3712 131.2017 128.0903 -706.6836 131.5142 128.0903 -706.3712 131.2017 127.4965 -706.6836 131.5142 127.4965 -706.3712 131.2017 127.4673 -706.6836 131.5142 127.4673 -706.3712 131.2017 126.8735 -706.6836 131.5142 126.8735 -700.3229 137.1717 128.2186 -700.6547 137.5035 128.2186 -700.3229 137.1717 127.5567 -700.6547 137.5035 127.5567 -700.2926 137.1413 127.3989 -700.6835 137.5323 127.3989 -700.2926 137.1413 126.737 -700.6835 137.5323 126.737 -700.2723 137.121 126.6885 -700.702 137.5507 126.6885 -700.2723 137.121 126.0266 -700.702 137.5507 126.0266 -706.9661 131.699 120.8073 -706.44 132.225 120.8073 -706.9661 131.699 121.2954 -706.44 132.225 121.2954 -707.0108 131.657 120.5521 -706.3981 132.2698 120.5521 -707.0108 131.657 121.3582 -706.3981 132.2698 121.3582 -706.7908 131.8543 121.2483 -706.9345 131.7106 121.2483 -706.7908 131.8543 120.8559 -706.9345 131.7106 120.8559 -706.8051 131.84 121.2483 -706.8051 131.84 120.8559 -706.4616 132.1835 121.2483 -706.6321 132.0131 121.2483 -706.4616 132.1835 120.8559 -706.6321 132.0131 120.8559 -697.8134 141.2867 120.4197 -697.64 141.4602 120.4197 -697.64 141.4602 120.7969 -697.6324 141.4678 120.5481 -697.6324 141.4678 120.7542 -697.5414 141.5588 120.5481 -697.4466 141.6535 120.5481 -697.5414 141.5588 120.7542 -697.4466 141.6535 120.7542 -697.9267 141.1736 120.5567 -697.8182 141.2822 120.5567 -697.9267 141.1736 120.7946 -697.8182 141.2822 120.7946 -703.4542 135.7477 119.7057 -703.2808 135.9211 119.7057 -703.2808 135.9211 120.0829 -703.2732 135.9288 119.8342 -703.2732 135.9288 120.0403 -703.1822 136.0197 119.8342 -703.0874 136.1145 119.8342 -703.1822 136.0197 120.0403 -703.0874 136.1145 120.0403 -703.5676 135.6345 119.8428 -703.459 135.7431 119.8428 -703.5676 135.6345 120.0807 -703.459 135.7431 120.0807 -702.5812 136.6207 119.7132 -702.4078 136.7941 119.7132 -702.4078 136.7941 120.0904 -702.4002 136.8017 119.8417 -702.3055 136.8964 119.8417 -702.4002 136.8017 120.0477 -702.2145 136.9874 119.8417 -702.3093 136.8927 120.0477 -702.2145 136.9874 120.0477 -702.6946 136.5075 119.8503 -702.586 136.6161 119.8503 -702.6946 136.5075 120.0882 -702.586 136.6161 120.0882 -698.0056 141.1015 120.3734 -697.3685 141.7387 120.3734 -698.0056 141.1015 121.192 -697.3685 141.7387 121.192 -697.9721 141.1281 120.8668 -697.6152 141.4849 120.8668 -697.9721 141.1281 121.1779 -697.6152 141.4849 121.1779 -705.0916 134.1179 120.0702 -704.4545 134.755 120.0702 -705.0916 134.1179 120.8887 -704.4545 134.755 120.8887 -705.0789 134.1237 120.5225 -704.457 134.7457 120.5225 -705.0789 134.1237 120.8544 -704.457 134.7457 120.8544 -704.8937 134.3088 120.0953 -704.7203 134.4823 120.0953 -704.7203 134.4823 120.4725 -704.7127 134.4899 120.2238 -704.7127 134.4899 120.4299 -704.6217 134.5809 120.2238 -704.527 134.6756 120.2238 -704.6217 134.5809 120.4299 -704.527 134.6756 120.4299 -705.0071 134.1957 120.2324 -704.8985 134.3043 120.2324 -705.0071 134.1957 120.4703 -704.8985 134.3043 120.4703 -703.664 135.5449 119.68 -703.0268 136.182 119.68 -703.664 135.5449 120.4986 -703.0268 136.182 120.4986 -703.6512 135.5507 120.1323 -703.0292 136.1727 120.1323 -703.6512 135.5507 120.4643 -703.0292 136.1727 120.4643 -702.7836 136.4252 119.68 -702.1466 137.0623 119.68 -702.7836 136.4252 120.4986 -702.1466 137.0623 120.4986 -702.7709 136.431 120.1323 -702.1489 137.053 120.1323 -702.7709 136.431 120.4643 -702.1489 137.053 120.4643 -700.5484 138.4745 120.3684 -701.4552 139.3813 120.3684 -700.5484 138.4745 121.5283 -701.4552 139.3813 121.5283 -700.5484 138.4745 119.505 -701.4552 139.3813 119.505 -700.7211 138.6755 119.6211 -700.9466 138.901 119.6211 -700.7211 138.6755 120.1116 -700.9466 138.901 120.1116 -700.9304 138.8848 119.6211 -701.1559 139.1103 119.6211 -700.9304 138.8848 120.1116 -701.1559 139.1103 120.1116 -701.156 139.1103 119.7881 -701.2791 139.2336 119.7881 -701.156 139.1103 120.0561 -701.2791 139.2336 120.0561 -701.3975 139.3519 119.7881 -701.3975 139.3519 120.0561 -700.7866 138.741 120.1477 -700.7866 138.741 120.2965 -700.8763 138.8307 120.2965 -700.8737 138.8282 120.1477 -700.9635 138.9179 120.1477 -700.9635 138.9179 120.2965 -701.0291 138.9835 120.1477 -701.0291 138.9835 120.2965 -701.1212 139.0756 120.1477 -701.2109 139.1654 120.1477 -701.1212 139.0756 120.2965 -701.3005 139.2549 120.1477 -701.2107 139.1651 120.2965 -701.3005 139.2549 120.2965 -701.3834 139.3379 120.1477 -701.3834 139.3379 120.2965 -700.5969 138.5513 119.737 -700.7381 138.6925 119.737 -700.5969 138.5513 120.0464 -700.7381 138.6925 120.0464 -713.4309 137.0191 123.9501 -712.8636 136.4518 123.9501 -713.4309 137.0191 125.2548 -712.8636 136.4518 125.2548 -712.7985 136.3868 123.9502 -712.3394 135.9277 123.9502 -712.7985 136.3868 125.2548 -712.3394 135.9277 125.2548 -712.3323 135.9206 123.8895 -711.717 135.3052 123.8895 -712.3323 135.9206 125.2548 -711.717 135.3052 125.2548 -711.2349 134.8231 125.2548 -711.7527 135.3409 125.2548 -711.2349 134.8231 123.9501 -711.7527 135.3409 123.9502 -710.2525 133.8408 125.2548 -710.8198 134.408 125.2548 -710.2525 133.8408 123.9501 -710.8198 134.408 123.9501 -709.6424 133.2306 125.2548 -710.2097 133.7979 125.2548 -709.6424 133.2306 123.9501 -710.2097 133.7979 123.9501 -709.0635 132.6518 125.2548 -709.6308 133.2191 125.2548 -709.0635 132.6518 123.9501 -709.6308 133.2191 123.9501 -708.551 132.1392 125.2548 -709.0684 132.6567 125.2548 -708.551 132.1392 123.9501 -709.0684 132.6567 123.9501 -706.2666 132.1668 123.9501 -705.6993 132.7341 123.9501 -706.2666 132.1668 125.2548 -705.6993 132.7341 125.2548 -705.6342 132.7991 123.9502 -705.1751 133.2582 123.9502 -705.6342 132.7991 125.2548 -705.1751 133.2582 125.2548 -705.168 133.2654 123.8895 -704.5527 133.8807 123.8895 -705.168 133.2654 125.2548 -704.5527 133.8807 125.2548 -704.0706 134.3628 125.2548 -704.5884 133.845 125.2548 -704.0706 134.3628 123.9501 -704.5884 133.845 123.9502 -703.0882 135.3452 125.2548 -703.6555 134.7779 125.2548 -703.0882 135.3452 123.9501 -703.6555 134.7779 123.9501 -702.4781 135.9553 125.2548 -703.0454 135.388 125.2548 -702.4781 135.9553 123.9501 -703.0454 135.388 123.9501 -701.8992 136.5341 125.2548 -702.4665 135.9669 125.2548 -701.8992 136.5341 123.9501 -702.4665 135.9669 123.9501 -701.3867 137.0467 125.2548 -701.9041 136.5293 125.2548 -701.3867 137.0467 123.9501 -701.9041 136.5293 123.9501 -706.3712 131.2017 126.8527 -706.6836 131.5142 126.8527 -706.3712 131.2017 126.2589 -706.6836 131.5142 126.2589 -706.0934 131.4874 126.8527 -706.4058 131.7999 126.8527 -706.0934 131.4874 126.2589 -706.4058 131.7999 126.2589 -712.9784 137.2906 119.2749 -712.9784 137.2906 122.7749 -710.8499 135.1621 119.2749 -710.8499 135.1621 122.7749 -698.2603 140.8528 122.0298 -698.2603 140.8528 118.6899 -699.3118 139.8013 122.0298 -699.3118 139.8013 118.6899 -713.4309 137.0191 125.2547 -713.4309 137.0191 123.95 -712.8749 136.4632 123.95 -712.8749 136.4632 125.2547 -712.8663 136.4545 125.2547 -712.8663 136.4545 123.95 -712.4656 136.0539 123.95 -712.4656 136.0539 125.2548 -712.457 136.0452 125.2548 -712.457 136.0452 123.95 -711.9449 135.5331 123.9501 -711.9449 135.5331 125.2548 -711.9362 135.5245 125.2548 -711.9362 135.5245 123.9501 -711.4773 135.0656 123.9501 -711.4773 135.0656 125.2548 -711.4687 135.0569 125.2548 -711.4687 135.0569 123.9501 -710.9128 134.501 123.9501 -710.9128 134.501 125.2548 -710.9041 134.4923 125.2548 -710.9041 134.4923 123.9501 -710.4064 133.9946 123.9501 -710.4064 133.9946 125.2548 -710.3977 133.986 125.2548 -710.3977 133.986 123.9501 -710.0747 133.663 123.9501 -710.0747 133.663 125.2548 -710.0661 133.6543 125.2548 -710.0661 133.6543 123.9501 -709.5684 133.1566 123.9501 -709.5684 133.1566 125.2549 -709.5597 133.148 125.2549 -709.5597 133.148 123.9501 -709.0814 132.6697 123.9502 -709.0814 132.6697 125.2549 -709.0728 132.661 125.2549 -709.0728 132.661 123.9502 -708.551 132.1392 123.9502 -708.551 132.1392 125.2549 -706.2666 132.1668 125.2547 -706.2666 132.1668 123.95 -705.7107 132.7227 123.95 -705.7107 132.7227 125.2547 -705.702 132.7314 125.2547 -705.702 132.7314 123.95 -705.3014 133.132 123.95 -705.3014 133.132 125.2548 -705.2927 133.1407 125.2548 -705.2927 133.1407 123.95 -704.7806 133.6528 123.9501 -704.7806 133.6528 125.2548 -704.7719 133.6615 125.2548 -704.7719 133.6615 123.9501 -704.3131 134.1203 123.9501 -704.3131 134.1203 125.2548 -704.3044 134.129 125.2548 -704.3044 134.129 123.9501 -703.7485 134.6849 123.9501 -703.7485 134.6849 125.2548 -703.7398 134.6936 125.2548 -703.7398 134.6936 123.9501 -703.2421 135.1913 123.9501 -703.2421 135.1913 125.2548 -703.2334 135.2 125.2548 -703.2334 135.2 123.9501 -702.9105 135.5229 123.9501 -702.9105 135.5229 125.2548 -702.9018 135.5316 125.2548 -702.9018 135.5316 123.9501 -702.4041 136.0293 123.9501 -702.4041 136.0293 125.2549 -702.3954 136.038 125.2549 -702.3954 136.038 123.9501 -701.9172 136.5162 123.9502 -701.9172 136.5162 125.2549 -701.9085 136.5249 125.2549 -701.9085 136.5249 123.9502 -701.3867 137.0467 123.9502 -701.3867 137.0467 125.2549 -706.9345 131.7106 121.2483 -706.9345 131.7106 120.8559 -706.8392 131.8059 120.8559 -706.8392 131.8059 121.2483 -706.845 131.8002 121.2483 -706.845 131.8002 120.8559 -706.7315 131.9137 120.8559 -706.7315 131.9137 121.2483 -706.7372 131.9079 121.2483 -706.7372 131.9079 120.8559 -706.6709 131.9742 120.8559 -706.6709 131.9742 121.2483 -706.6767 131.9685 121.2483 -706.6767 131.9685 120.8559 -706.5694 132.0758 120.8559 -706.5694 132.0758 121.2483 -706.5751 132.0701 121.2483 -706.5751 132.0701 120.8559 -706.4616 132.1835 120.8559 -706.4616 132.1835 121.2483 -700.5696 137.4183 128.2186 -700.5696 137.4183 127.8288 -700.4065 137.2553 127.8288 -700.4065 137.2553 128.2186 -700.5843 137.4331 127.768 -700.5843 137.4331 127.3782 -700.3918 137.2405 127.3782 -700.3918 137.2405 127.7681 -700.546 137.3948 127.3175 -700.546 137.3948 126.9277 -700.4301 137.2788 126.9277 -700.4301 137.2788 127.3175 -700.5764 137.4251 126.8669 -700.5764 137.4251 126.4771 -700.3997 137.2485 126.4771 -700.3997 137.2485 126.867 -700.5843 137.4331 126.4164 -700.5843 137.4331 126.0266 -700.3918 137.2405 126.0266 -700.3918 137.2405 126.4164 -701.0291 138.9835 120.2965 -701.0291 138.9835 120.1477 -701.1245 139.0789 120.1477 -701.1245 139.0789 120.2965 -701.1244 139.0788 120.2965 -701.1244 139.0788 120.1477 -701.218 139.1724 120.1477 -701.218 139.1724 120.2965 -701.2179 139.1723 120.2965 -701.2179 139.1723 120.1477 -701.2966 139.251 120.1477 -701.2966 139.251 120.2965 -701.2406 139.195 120.1765 -701.2406 139.195 120.1167 -701.2739 139.2283 120.1167 -701.2739 139.2283 120.1765 -701.2965 139.2509 120.2965 -701.2965 139.2509 120.1477 -701.3834 139.3378 120.1477 -701.3834 139.3378 120.2965 -706.666 131.4966 130.6641 -706.666 131.4966 130.1976 -706.3888 131.2193 130.1976 -706.3888 131.2193 130.6641 -706.6273 131.4578 130.1718 -706.6273 131.4578 129.7052 -706.4275 131.2581 129.7052 -706.4275 131.2581 130.1718 -706.6551 131.4857 129.6794 -706.6551 131.4857 129.2129 -706.3997 131.2302 129.2129 -706.3997 131.2302 129.6794 -706.6418 131.4724 129.1871 -706.6418 131.4724 128.7206 -706.413 131.2435 128.7206 -706.413 131.2435 129.1871 -706.6273 131.4578 128.6948 -706.6273 131.4578 128.2282 -706.4275 131.2581 128.2282 -706.4275 131.2581 128.6948 -706.666 131.4966 128.2024 -706.666 131.4966 127.7359 -706.3888 131.2193 127.7359 -706.3888 131.2193 128.2024 -706.6551 131.4857 127.7101 -706.6551 131.4857 127.2436 -706.3997 131.2302 127.2436 -706.3997 131.2302 127.7101 -706.6079 131.4384 127.2178 -706.6079 131.4384 126.7512 -706.4469 131.2775 126.7512 -706.4469 131.2775 127.2178 -706.666 131.4966 126.7254 -706.666 131.4966 126.2589 -706.3888 131.2193 126.2589 -706.3888 131.2193 126.7254 -706.111 131.505 130.6641 -706.111 131.505 130.1976 -706.3882 131.7823 130.1976 -706.3882 131.7823 130.6641 -706.1497 131.5438 130.1718 -706.1497 131.5438 129.7052 -706.3495 131.7435 129.7052 -706.3495 131.7435 130.1718 -706.1219 131.5159 129.6794 -706.1219 131.5159 129.2129 -706.3773 131.7714 129.2129 -706.3773 131.7714 129.6794 -706.1352 131.5292 129.1871 -706.1352 131.5292 128.7206 -706.364 131.7581 128.7206 -706.364 131.7581 129.1871 -706.1497 131.5438 128.6948 -706.1497 131.5438 128.2282 -706.3495 131.7435 128.2282 -706.3495 131.7435 128.6948 -706.111 131.505 128.2024 -706.111 131.505 127.7359 -706.3882 131.7823 127.7359 -706.3882 131.7823 128.2024 -706.1219 131.5159 127.7101 -706.1219 131.5159 127.2436 -706.3773 131.7714 127.2436 -706.3773 131.7714 127.7101 -706.1691 131.5632 127.2178 -706.1691 131.5632 126.7512 -706.3301 131.7241 126.7512 -706.3301 131.7241 127.2178 -706.111 131.505 126.7254 -706.111 131.505 126.2589 -706.3882 131.7823 126.2589 -706.3882 131.7823 126.7254 -697.9245 141.1758 120.7399 -697.9245 141.1758 120.5924 -697.8811 141.2192 120.5924 -697.8811 141.2192 120.7399 -697.8855 141.2149 120.7946 -697.8855 141.2149 120.5567 -697.8182 141.2822 120.5567 -697.8182 141.2822 120.7946 -703.5654 135.6367 120.026 -703.5654 135.6367 119.8785 -703.522 135.6801 119.8785 -703.522 135.6801 120.026 -703.5263 135.6758 120.0807 -703.5263 135.6758 119.8428 -703.459 135.7431 119.8428 -703.459 135.7431 120.0807 -702.6924 136.5097 120.0335 -702.6924 136.5097 119.886 -702.649 136.5531 119.886 -702.649 136.5531 120.0335 -702.6533 136.5488 120.0882 -702.6533 136.5488 119.8503 -702.586 136.6161 119.8503 -702.586 136.6161 120.0882 -705.0049 134.1979 120.4156 -705.0049 134.1979 120.2681 -704.9615 134.2413 120.2681 -704.9615 134.2413 120.4156 -704.9658 134.237 120.4703 -704.9658 134.237 120.2324 -704.8985 134.3043 120.2324 -704.8985 134.3043 120.4703 -700.5997 138.5541 119.9752 -700.5997 138.5541 119.7834 -700.6562 138.6106 119.7834 -700.6562 138.6106 119.9752 -700.6506 138.605 120.0464 -700.6506 138.605 119.737 -700.7381 138.6925 119.737 -700.7381 138.6925 120.0464</float_array>
          <technique_common>
            <accessor source="#Plane_060-mesh-positions-array" count="1271" stride="3">
              <param name="X" type="float"/>
              <param name="Y" type="float"/>
              <param name="Z" type="float"/>
            </accessor>
          </technique_common>
        </source>
        <source id="Plane_060-mesh-normals">
          <float_array id="Plane_060-mesh-normals-array" count="2562">-0.7071207 -0.707093 0 0.7070418 -0.7071719 0 0.707017 0.7071966 0 -0.7072842 -0.7069293 1.23665e-6 0.7071096 -0.707104 1.24331e-5 -0.7070656 -0.707148 2.74642e-5 0.7071724 -0.7070413 1.41444e-4 0.7070683 -0.7071453 -2.44556e-5 0.7070314 0.7071822 -1.23599e-6 -0.7069987 -0.707215 -1.23604e-6 -0.7071708 -0.7070428 -4.91069e-6 0.7071627 -0.7070509 0 -0.7070845 0.7071291 0 -0.7070809 -0.7071328 0 0.7074053 -0.7068082 -2.24469e-6 -0.7071068 -0.7071068 -4.87767e-6 0.7070661 -0.7071475 0 0.7071033 -0.7071102 -4.16771e-6 0.7070623 0.7071513 4.94373e-6 -0.7073507 -0.7068628 3.88625e-6 -0.7070153 -0.7071983 -2.47203e-6 0.7070904 -0.7071232 0 -0.7070759 -0.7071378 -3.63053e-5 0.7071034 -0.7071102 5.9429e-6 0.7071192 -0.7070944 1.04674e-4 0.7071647 -0.707049 0 0.7071304 -0.7070832 0 0.7070346 0.707179 -4.1959e-5 0.7069033 -0.7073103 0 -0.7071736 -0.70704 4.24251e-6 -0.7071114 0.7071023 -9.61089e-6 0.8389333 -0.5441734 -0.008153975 0.7300131 0.6833982 -0.006928563 0.7351853 0.6778572 0.003513574 0.126146 -0.1963174 0.9723923 -0.7100927 -0.7040294 0.01053667 -0.6969754 -0.7170043 0.01141256 0.7051082 0.7090563 0.007854878 0.1523857 -0.1147212 0.9816403 0.5023033 -0.4734655 0.7235481 -0.686286 -0.7273061 -0.006123483 0.542473 -0.8399668 -0.01338332 -0.6683521 -0.7438414 0.002336561 0.6042898 0.7065044 0.368355 0.8389399 -0.5441631 -0.008156001 0.7314744 0.6818296 -0.007329344 0.7438339 0.6683601 0.002462685 0.1142534 -0.1517477 0.9817937 -0.7066315 -0.6039277 0.3687049 -0.7093437 -0.7048159 0.008125126 0.7171757 0.6967994 0.0113939 0.1969003 -0.1267148 0.9722004 0.5009303 -0.4684116 0.727777 -0.688018 -0.7256723 -0.005577147 0.5425314 -0.8399289 -0.01338922 -0.6784149 -0.7346699 0.003653705 0.7071816 0.7069527 0.01059401 -0.7071067 0.7071067 6.93459e-4 0.8389852 -0.5440932 -0.008148789 0.729708 0.6837238 -0.006926119 0.7349689 0.6780917 0.003527581 0.1261766 -0.196345 0.9723827 -0.7100821 -0.7040399 0.01055532 -0.6969725 -0.7170107 0.01118642 0.7047761 0.7093865 0.007851004 0.1523904 -0.1148127 0.9816289 0.5024126 -0.4732804 0.7235933 -0.6866465 -0.7269666 -0.006022572 0.5426145 -0.8398751 -0.01340013 -0.6683942 -0.743803 0.00252974 0.6040099 0.7066183 0.3685956 0.8389455 -0.544155 -0.008128762 0.7314741 0.6818299 -0.007337749 0.7444254 0.6677009 0.002565443 0.1142106 -0.1517612 0.9817966 -0.706501 -0.6042641 0.3684036 -0.7091393 -0.7050234 0.007980942 0.7169458 0.6970345 0.01147651 0.1969233 -0.1267425 0.9721922 0.5001007 -0.4689707 0.7279875 -0.6880628 -0.7256298 -0.005575239 0.5425156 -0.8399395 -0.01336443 -0.6781077 -0.7349542 0.003515124 0.7072358 0.7068973 0.01067364 -0.7072523 0.7069612 -4.15925e-5 0.8389448 -0.5441555 -0.008167743 0.7315582 0.681739 -0.007393479 0.7445327 0.6675816 0.002451837 0.1043474 -0.1549902 0.9823899 -0.7058865 -0.604183 0.3697122 -0.709348 -0.7048135 0.007959306 0.7173398 0.6966289 0.01147985 0.1882134 -0.1402721 0.9720594 0.5032473 -0.4709308 0.7245457 -0.6879755 -0.725712 -0.005651593 0.542517 -0.8399379 -0.01341396 -0.6782949 -0.7347821 0.003376722 0.7074872 0.7066383 0.0111472 -0.7070505 0.7071614 -0.001580953 0.8389085 -0.5442113 -0.008160889 0.7297946 0.6836317 -0.006906092 0.7350357 0.6780197 0.003447055 0.1396771 -0.1875838 0.9722668 -0.7080953 -0.7060288 0.01115113 -0.6970123 -0.7169675 0.01147264 0.7047231 0.7094377 0.007973551 0.1554984 -0.104853 0.9822557 0.5008571 -0.4712124 0.7260172 -0.6865683 -0.7270407 -0.005996882 0.5424941 -0.839953 -0.01338797 -0.6684587 -0.743745 0.002534866 0.6043881 0.7057893 0.3695624 0.8389489 -0.5441495 -0.008134186 0.7302321 0.6831637 -0.006959438 0.7349132 0.6781526 0.00342983 0.1397119 -0.1875531 0.9722677 -0.7082557 -0.7058691 0.01108008 -0.6968761 -0.7171005 0.01142978 0.704886 0.7092759 0.007971942 0.1554555 -0.1048133 0.9822667 0.5007089 -0.4713418 0.7260355 -0.6863569 -0.7272397 -0.006058931 0.542522 -0.8399353 -0.01337009 -0.668371 -0.7438238 0.002549052 0.6043176 0.7058571 0.3695485 0.838945 -0.5441551 -0.00816524 0.731334 0.6819801 -0.007324099 0.7440289 0.668143 0.002431809 0.1043427 -0.1549879 0.9823907 -0.7058314 -0.6042698 0.3696755 -0.7094125 -0.7047499 0.007842838 0.7172175 0.696756 0.01141577 0.1882501 -0.1402733 0.9720521 0.5032804 -0.470771 0.7246266 -0.6881755 -0.7255228 -0.005591809 0.5425015 -0.8399481 -0.01340121 -0.6782964 -0.7347801 0.003494739 0.7074698 0.7066552 0.01117485 -0.7070298 0.7071824 -0.001428425 0.8389244 -0.5441871 -0.008148074 0.7297708 0.683657 -0.006907939 0.734888 0.6781793 0.003522098 0.1192485 -0.1549327 0.9807017 -0.6684059 -0.6356315 0.3862724 -0.7137823 -0.7003397 0.006257474 0.7043581 0.709802 0.007808506 0.1432633 -0.1008334 0.9845346 0.5021082 -0.4698902 0.7260101 -0.6884605 -0.7252532 -0.005470693 0.5425579 -0.8399119 -0.01337546 -0.681699 -0.731622 0.003977775 0.6127171 0.69256 0.3807079 0.8389554 -0.5441393 -0.008147239 0.7299726 0.6834414 -0.006929695 0.7350583 0.6779947 0.003537595 0.1260991 -0.1962915 0.9724037 -0.7100199 -0.7041029 0.01053309 -0.6968883 -0.7170899 0.01135718 0.7051203 0.7090416 0.008091807 0.1523777 -0.1147561 0.9816375 0.5039201 -0.4721656 0.7232733 -0.686585 -0.7270247 -0.006022095 0.5425635 -0.8399085 -0.01336735 -0.6682571 -0.743927 0.002290487 0.6039919 0.7066563 0.3685523 0.8389718 -0.5441137 -0.008162617 0.7299392 0.6834771 -0.006912648 0.7350942 0.6779559 0.003515958 0.1044069 -0.1639568 0.9809268 -0.6619951 -0.6414164 0.3877467 -0.7136291 -0.7004939 0.006471991 0.7048037 0.7093588 0.00786966 0.140435 -0.1105822 0.9838951 0.5023797 -0.4734306 0.7235178 -0.6885623 -0.7251569 -0.005429983 0.5425685 -0.8399047 -0.01340192 -0.6814455 -0.7318585 0.003902018 0.6124811 0.6934674 0.3794338 0.8389307 -0.5441775 -0.008146047 0.7316177 0.6816753 -0.007378458 0.7440925 0.668072 0.002490699 0.1141813 -0.1516939 0.9818105 -0.7066458 -0.6040568 0.3684659 -0.709159 -0.7050048 0.007866203 0.7169578 0.6970232 0.01141786 0.1969107 -0.1267431 0.9721947 0.5011124 -0.4681678 0.7278085 -0.6881026 -0.7255922 -0.005550324 0.5425609 -0.83991 -0.01337325 -0.6782557 -0.7348172 0.003609418 0.7071709 0.706963 0.01062023 -0.7072732 0.7069404 0 -0.5381287 -0.8428249 -0.007991433 0.6843585 -0.7291151 -0.006686925 0.6824011 -0.7309677 0.003897488 -0.1419175 -0.1105322 0.983688 -0.6140468 0.697281 0.3697918 -0.7046411 0.7095216 0.007745862 0.7138947 -0.7002262 0.006136417 -0.1045266 -0.1660811 0.9805566 -0.4698385 -0.5010123 0.7268002 -0.7255352 0.6881625 -0.005572676 -0.8436025 -0.5368076 -0.01312637 -0.7336781 0.6794883 0.003512263 0.664862 -0.6445515 0.3775075 -0.5381385 -0.8428189 -0.007952868 0.6837012 -0.7297301 -0.006846666 0.6791099 -0.7340293 0.003305017 -0.1567202 -0.1192289 0.98042 -0.6423448 0.6679373 0.3758363 -0.7004246 0.7137001 0.006125688 0.7096777 -0.7044849 0.007661044 -0.101042 -0.1454256 0.9841962 -0.4716517 -0.5018175 0.7250683 -0.7250498 0.6886751 -0.00542593 -0.8436147 -0.5367888 -0.01312184 -0.7306106 0.6827834 0.003888905 0.6948522 -0.6161186 0.3709157 -0.5381312 -0.8428232 -0.008007109 0.6840887 -0.7293677 -0.006739735 0.6823765 -0.7309904 0.00391227 -0.1419525 -0.1105576 0.9836801 -0.6140289 0.6973521 0.3696873 -0.7045567 0.7096064 0.007664501 0.7140488 -0.7000683 0.006221711 -0.1045714 -0.1660992 0.9805487 -0.4686602 -0.5021005 0.7268099 -0.7255172 0.6881817 -0.005561649 -0.8436247 -0.5367732 -0.01311802 -0.7336868 0.6794789 0.003486275 0.6649931 -0.6444523 0.377446 -0.5380958 -0.842846 -0.007983863 0.6841576 -0.7293035 -0.006702959 0.6824499 -0.7309224 0.0038383 -0.1450637 -0.100783 0.984276 -0.6131399 0.6974017 0.3710664 -0.7046073 0.7095543 0.007841825 0.7139995 -0.7001189 0.006202757 -0.1194302 -0.1568428 0.9803759 -0.4711189 -0.5044566 0.7235817 -0.7255317 0.6881663 -0.005570888 -0.8435886 -0.5368298 -0.01312345 -0.7339738 0.6791684 0.003599345 0.6678805 -0.6422774 0.3760523 -0.5380632 -0.842867 -0.007967233 0.6836785 -0.7297513 -0.006846547 0.6791419 -0.7339994 0.003346323 -0.156672 -0.1192268 0.980428 -0.6423721 0.6678111 0.3760139 -0.7003687 0.7137551 0.006124973 0.7096738 -0.7044876 0.007773339 -0.1010758 -0.1454067 0.9841955 -0.4716747 -0.5017929 0.7250704 -0.7252799 0.6884325 -0.005449116 -0.8435551 -0.5368825 -0.01311916 -0.7306109 0.6827829 0.003900825 0.6947489 -0.6161664 0.3710297 -0.5380807 -0.8428558 -0.007969796 0.6836685 -0.7297605 -0.006853878 0.6792123 -0.7339339 0.003405034 -0.1659709 -0.10439 0.9805899 -0.6445021 0.6649011 0.3775231 -0.7001258 0.713994 0.006039798 0.7096809 -0.7044815 0.007673561 -0.1109278 -0.1422917 0.9835895 -0.473676 -0.5032834 0.7227288 -0.7251298 0.6885905 -0.005478739 -0.8436064 -0.5368021 -0.01310861 -0.7308568 0.6825198 0.003894269 0.6958036 -0.6156948 0.3698342 0.707093 -0.7071207 0 -0.7071021 0.7071115 9.41109e-6 -0.7075011 -0.7067123 0 0.7072623 0.7069513 0 0.7071068 0.7071068 0 -0.70719 -0.7070236 0 0.7071011 -0.7071126 0 -0.7069298 -0.7072839 -6.36108e-6 -0.7069287 -0.7072849 -2.12036e-6 0.707114 -0.7070996 7.18052e-6 -3.93864e-5 0 1 -0.7070679 -0.7071457 -1.85357e-6 0.7071615 -0.7070521 0 0.7073671 -0.7068464 0 0 0 1 0.7071017 -0.7071119 0 -0.7067781 -0.7074354 0 0.7069786 0.707235 0 -0.7071011 -0.7071126 0 0.7071193 0.7070943 3.69912e-6 -0.7070683 -0.7071453 -4.03994e-6 -0.7071068 -0.7071068 0 0.7071418 -0.7070718 0 0.7069585 0.707255 0 -0.7070335 -0.7071801 0 -0.7071475 0.7070661 -4.66429e-6 0.7070832 -0.7071304 2.39335e-6 -0.7070322 -0.7071814 0 7.87836e-5 0 1 -0.7070559 -0.7071577 0 0.7071561 -0.7070574 0 -0.7068309 0.7073826 0 -0.7070772 -0.7071364 0 -0.7071165 -0.7070971 0 -0.7071092 -0.7071044 0 -3.11745e-5 0 1 -0.9662452 0.257601 0.00348711 -0.9968814 0.07881718 0.00391972 -0.996631 0.0819863 0.002263367 9.74231e-6 0 -1 -0.6936295 -0.7203137 0.005141556 -0.7204424 -0.6934959 -0.005130946 -0.7194024 -0.6945897 -0.002330899 -0.6945577 -0.7194331 0.002380609 0.08163535 -0.9966598 -0.002209126 0.07899719 -0.9968675 -0.003847897 0.2573391 -0.966315 -0.00345391 -0.7071171 -0.7070965 0 1.32503e-6 0 1 2.19119e-5 0 1 2.32369e-5 0 1 0.7071212 -0.7070924 0 -3.34687e-5 0 -1 2.41758e-5 0 -1 -3.71789e-5 0 -1 -0.707078 0.7071356 0 0.7070704 -0.7071433 -5.20571e-6 0.7071992 -0.7070144 0 -0.7068235 -0.70739 0 0.7071068 -0.7071068 0 0.7072708 0.7069428 -3.36358e-6 0.7067981 -0.7074154 0 0.707046 0.7071676 0 -0.7071008 -0.7071129 0 2.86885e-5 0 1 -1.03804e-5 0 -1 0.9968953 0.07866108 0.003499269 0.9663006 0.2573933 0.003480792 0.9966263 0.08202886 0.002721011 0.7195704 -0.694401 -0.005086123 0.6946887 -0.7192919 0.00517857 0.7183948 -0.6956319 -0.002292931 0.6954669 -0.7185539 0.00246942 -0.0815131 -0.9966688 -0.00269097 -0.07899504 -0.9968691 -0.003440558 -0.2573771 -0.9663048 -0.003499269 0.7071167 -0.7070969 0 -7.30197e-7 0 1 -8.30859e-6 0 1 -0.707029 -0.7071846 0 2.09397e-5 0 -1 -1.19004e-5 0 -1 -1.50646e-5 0 -1 0.7069901 0.7072235 0 -1.7141e-5 0 1 1.55109e-5 0 -1 0.9968694 0.07898986 0.003474533 0.9662977 0.257403 0.003530502 0.9966663 0.08154088 0.002732694 0.7193335 -0.6946457 -0.005171418 0.6947154 -0.7192661 0.005176246 0.7185211 -0.6955012 -0.002373993 0.6955811 -0.7184437 0.002369523 -0.08145499 -0.9966734 -0.002690553 -0.07887464 -0.9968786 -0.003461718 -0.2571977 -0.9663526 -0.003495573 0.7071168 -0.7070969 0 2.45585e-7 0 1 2.78079e-6 0 1 3.02638e-6 0 1 -0.7071263 -0.7070874 0 2.45585e-7 0 -1 2.78079e-6 0 -1 0 0 -1 0.7071263 0.7070874 0 0.7070443 -0.7071693 0 0.7072198 0.7069938 0 -0.706867 -0.7073466 0 0.707119 -0.7070946 -6.10322e-5 -0.7070389 -0.7071747 4.49826e-5 0.7069949 -0.7072187 0 0.7071511 0.7070624 0 -0.7072069 -0.7070067 0 -0.7072626 -0.7069509 0 0.7068966 0.7073169 0 -0.7071111 -0.7071025 2.79508e-5 0.7071068 -0.7071068 -5.4253e-5 0.7071306 -0.7070831 0 0.7070892 -0.7071244 0 -0.7065777 -0.7076355 0 -8.02362e-5 0 1 0.7065977 0.7076156 0 2.56739e-4 0 -1 -0.7073269 -0.7068867 0 -5.62534e-5 0 1 0.7060574 0.7081546 0 -0.7068185 -0.7073951 0 0.7071068 -0.7071068 0 0.7070966 -0.707117 1.35744e-5 0.7071549 -0.7070587 0 0.7070828 -0.7071309 0 0.7070986 -0.707115 9.87821e-5 0.7071011 -0.7071125 0 -0.7070914 -0.7071222 0 0.7071051 -0.7071084 1.33507e-5 0.7071308 -0.7070828 0 -6.91946e-5 0 1 0.7071159 -0.7070978 0 6.91994e-5 0 1 -6.88184e-5 1.0731e-4 1 0.70706 -0.7071171 -0.007187426 -0.7073346 -0.7068789 0 -0.7069581 -0.7072555 0 -0.7071437 -0.7070699 0 -0.707072 -0.7071416 0 5.58659e-5 0 1 0.7070955 -0.7071182 0 0.707086 -0.7071276 0 -0.7070955 0.7071182 0 -0.7070735 0.7071402 0 2.79291e-5 0 1 0.7070749 -0.7071387 0 -0.7071995 0.7070142 0 -0.7071623 0.7070513 0 -0.7072651 -0.7069485 0 -0.7070277 -0.7071859 0 0.7070158 -0.7071977 0 -0.7071182 0.7070955 0 -2.79423e-5 0 1 0.7071638 -0.7070499 0 5.58534e-5 0 1 -0.7074391 -0.7067743 -9.747e-6 0.7071244 -0.7070893 0 -0.7078562 -0.7063566 0 -2.56805e-4 0 1 0.7075967 0.7066166 0 1.12345e-4 0 -1 0.7070652 -0.7071484 1.3686e-5 0.7071167 0.7070969 0 -0.7071105 0.7071031 0 -7.1386e-7 0 1 0.7070301 0.7071835 0 -0.7071543 0.7070593 2.71278e-5 0.7070371 0.7071765 0 0.7071437 0.7070699 0 0.7069581 0.7072555 0 0.707074 0.7071396 0 0.7072651 0.7069485 0 0.707075 0.7071386 -1.95329e-4 0.707111 -0.7071026 3.34977e-5 -0.707092 -0.7071216 -1.48244e-5 0.707122 -0.7070916 0 0.7070943 0.7071193 0 0.707123 -0.7070906 0 0.7071868 -0.7070267 -6.13883e-7 -0.7068472 0.7073663 1.22625e-5 -0.7074537 -0.7067597 1.98857e-5 -0.7070714 -0.7071422 0 0.7070962 0.7071174 0 -7.1512e-5 0 -1 -0.7071732 0.7070404 0 0.707539 -0.7066743 0 -1.90694e-4 0 1 4.36891e-5 0 1 -0.7072618 -0.7069517 0 0.7073135 0.7069001 0 -8.76271e-5 0 1 -0.7068761 -0.7073374 0 0.7067992 0.7074143 0 1.75254e-4 0 1 -0.7067992 -0.7074143 0 0.7068761 0.7073374 0 0.7071185 0.7070952 4.56377e-6 0.7129395 -0.6889761 0.1304967 0.9105923 -0.3620726 -0.1993119 0.4415863 -0.7894212 0.4263987 0.01081168 -0.02787387 0.999553 -0.7072731 0.7069404 -4.4371e-4 -0.7070901 0.7071235 0 0.7106749 -0.6911746 0.1312208 0.9099685 -0.3611973 -0.2037003 0.4394106 -0.7977927 0.4128503 0.02796679 -0.01093822 0.9995491 -0.7071017 0.7071119 -5.37338e-6 0.7129848 -0.6889221 0.1305342 0.910611 -0.3621057 -0.1991662 0.4411612 -0.7895725 0.4265584 0.01094603 -0.02792912 0.99955 -0.7072455 0.7069681 0 -0.7071388 0.7070748 7.64293e-6 0.7129697 -0.6889423 0.1305094 0.9105497 -0.3618723 -0.1998697 0.4378388 -0.7976024 0.4148828 0.02795207 -0.01090788 0.9995498 -0.7070217 0.7071919 -1.49849e-5 0.7106634 -0.6911982 0.1311584 0.9097902 -0.3618396 -0.2033563 0.4390872 -0.7940148 0.4204081 0.0236361 -0.008077085 0.999688 -0.7071017 0.7071119 1.07468e-6 0.712876 -0.6890491 0.1304576 0.9105841 -0.3619721 -0.1995319 0.4408974 -0.7939807 0.4185743 0.007987201 -0.02347838 0.9996925 -0.7070784 0.7071339 0.001331567 -0.7071064 0.7071073 -2.2927e-5 0.7129591 -0.6889374 0.1305931 0.910645 -0.3617408 -0.1996729 0.4413057 -0.7937648 0.4185529 0.008149862 -0.02359789 0.9996883 -0.7071065 0.7071065 8.4602e-4 -0.7070877 0.7071259 0 0.7107168 -0.6911374 0.13119 0.9099421 -0.3615753 -0.2031474 0.4390445 -0.7940555 0.4203759 0.02364927 -0.008068144 0.9996879 -0.7071015 0.7071121 1.21797e-5 0.7106596 -0.6912041 0.131148 0.9098873 -0.3614667 -0.2035851 0.4420427 -0.7943105 0.4167366 -0.7071264 0.7070872 -1.80072e-6 0.7106795 -0.6911984 0.1310703 0.9098737 -0.361283 -0.2039718 0.4425963 -0.7895287 0.4251506 0.01085722 -0.02795118 0.9995504 -0.7071068 0.7071068 4.16076e-5 0.7129334 -0.6889817 0.1305003 0.9105425 -0.3623449 -0.1990447 0.4415063 -0.7894735 0.4263846 -0.7071134 -0.7071002 -1.95948e-6 -0.7070806 0.7071331 -2.0886e-5 0.7107389 -0.691123 0.1311462 0.9098831 -0.3614214 -0.2036846 0.4394533 -0.7978704 0.4126543 0.02800714 -0.01096552 0.9995477 -0.7070829 0.7071308 3.58235e-7 -0.6899605 -0.7120091 0.1303749 -0.3566372 -0.9113493 -0.205554 -0.8029379 -0.4351707 0.4073294 0.707051 0.7071626 0 -0.689957 -0.7119932 0.13048 -0.3567177 -0.9112581 -0.2058183 -0.7997709 -0.4379011 0.4106204 0.7070724 0.7071412 1.22142e-5 -0.6922512 -0.7096529 0.1310763 -0.3563084 -0.9105074 -0.2098113 -0.8035195 -0.4361606 0.4051178 0.7070468 0.7071668 0 -0.6919928 -0.7098962 0.1311238 -0.3561251 -0.9105611 -0.2098892 -0.7999149 -0.4361494 0.4122012 0.707059 0.7071547 2.38083e-5 -0.6899517 -0.7119482 0.1307537 -0.3566481 -0.9113161 -0.2056823 -0.7997251 -0.4378387 0.4107761 0.7070091 0.7072044 1.4135e-5 -0.6898815 -0.712063 0.1304987 -0.3566353 -0.9113077 -0.2057415 -0.7953384 -0.4385047 0.4185099 0.707132 0.7070817 -3.78242e-6 -0.707098 -0.7071157 0 -6.06149e-6 0 1 5.4987e-5 0 -1 2.12234e-5 0 1 -0.7071048 -0.7071089 -5.94289e-6 0 -3.16107e-5 -1 0.706699 -0.7075144 0 -0.7068606 0.7073531 9.73779e-6 0.7066391 0.7075742 0 1.04902e-4 -3.16161e-5 -1 0.7071068 -0.7071068 -5.94287e-6 0.7071185 -0.7070952 0 0.7071736 0.70704 0 -0.7071595 0.7070541 -2.44906e-6 -0.7070418 0.7071719 0 -0.7071021 0.7071115 0 0.7070946 -0.707119 4.87803e-5 -0.7071555 -0.7070581 0 -0.7071043 0.7071093 -5.42172e-6 0.7071148 -0.7070989 0 0.7069292 0.7072843 -2.12036e-6 0.7072283 0.7069853 -1.31325e-6 -0.7070963 0.7071173 -7.05985e-6 0.7072522 0.7069614 0 0.7071213 0.7070922 0 0.7070513 0.7071624 0 0.7072668 0.7069469 0 0.7072086 0.707005 0 -0.7070923 -0.7071214 0 -0.7071504 -0.7070631 0 -0.7072736 -0.7069401 0 -0.7071213 -0.7070922 0 -0.7071359 -0.7070778 0 -0.7070945 -0.7071191 0 -0.7071173 -0.7070964 0 -0.7072301 -0.7069835 0 0.7071833 -0.7070304 0 0.707059 -0.7071546 0 0.7073451 -0.7068684 0 0.7070867 -0.707127 0 0.7065334 -0.7076795 4.84674e-4 0.7073227 -0.706891 0 0.7070378 -0.7071759 0 0.7074983 -0.7067151 0 0.7064201 -0.7077928 3.63364e-4 0.7067112 -0.7075022 0 0.7064855 -0.7077276 0 0.707394 -0.7068195 0 0.7064718 -0.7077412 2.82637e-4 0.7072867 -0.7069269 0 0.707625 -0.7065883 6.91107e-5 0.7068719 -0.7073416 0 0.7071481 -0.7070654 0 0.707204 -0.7070096 0 0.7071378 -0.7070758 0 0.7071591 -0.7070545 0 0.7067204 -0.7074929 4.03933e-4 0.7074869 -0.7067265 0 0.7070447 -0.7071689 0 0.7071275 -0.7070862 0 0.7070546 -0.7071591 0 0.7071017 0.707112 0 0.7071206 0.7070931 0 0.7070459 0.7071678 0 0.7072896 0.7069239 0 0.7071885 0.7070251 0 0.7068942 0.7073193 0 0.7075229 0.7066905 0 0.707061 0.7071526 -1.57847e-4 0.707156 0.7070576 0 0.7073601 0.7068535 0 0.7068039 0.7074096 0 0.7073801 0.7068334 0 0.707045 0.7071685 0 -0.7070922 -0.7071214 0 -0.7070933 -0.7071203 0 -0.707126 -0.7070875 0 -0.7070669 -0.7071468 0 -0.7070828 -0.7071308 0 0.7070922 -0.7071214 0 0.7070798 -0.7071338 0 0.7071774 -0.7070361 0 0.7070669 -0.7071468 0 0.7071651 -0.7070485 0 0.7071468 -0.7070668 0 -0.7070924 -0.7071213 0 0.707136 -0.7070776 0 0.7071226 -0.707091 0 7.88022e-5 0 1 0.7070535 -0.7071601 0 1.64312e-5 0 1 0.7071045 -0.7071092 0 0.7071107 0.707103 0 -0.7071074 -0.7071062 0 1.64236e-5 0 1 0.7072038 0.7070099 0 -0.7070883 0.7071253 0 0.7071532 -0.7070605 -1.35639e-5 -3.94042e-5 0 1 -0.7074053 0.7068082 0 -0.7071145 -0.7070992 -7.62947e-6 -0.7071364 -0.7070772 0 2.87653e-6 0 1 -0.7070971 -0.7071165 0 -4.59445e-6 0 1 4.47287e-5 0 1 -0.9652199 0.2614393 0 -2.23634e-5 0 -1 0.261596 -0.9651775 0 -0.7071275 -0.7070861 0 2.7886e-5 0 -1 -0.7070924 0.7071212 0 0.7078663 -0.7063463 -4.17686e-4 1.64241e-5 0 1 0.7071068 -0.7071068 1.84955e-6 0.7070671 -0.7071464 0 0.7068501 0.7073635 0 -0.7072952 -0.7069183 0 -1.62147e-5 0 1 2.76025e-5 0 -1 0.9652293 0.2614049 0 -0.2616385 -0.965166 0 0.7071266 -0.7070869 0 -9.03879e-6 0 1 2.41039e-5 0 -1 0.7070873 0.7071263 0 3.5535e-6 0 1 -4.15293e-4 0 -1 -4.64087e-6 0 -1 0.9651607 0.2616581 0 -0.2614544 -0.9652159 0 -0.7070484 -0.7071651 0 3.02638e-6 0 -1 0.7070484 0.7071651 0 0.7070424 -0.7071712 0 0.7070434 0.7071702 0 -0.7072198 -0.7069938 0 0.7073366 -0.7068753 -0.001562714 -0.7070701 -0.7071435 3.66776e-5 -1.10026e-5 0 1 0.7074977 -0.7067157 0 0.7068309 0.7073826 0 -0.7068409 -0.7073726 0 -0.7070797 -0.707134 0 0.7070797 0.707134 0 -0.7070983 -0.7071154 2.5699e-5 0.7071068 -0.7071068 -3.04415e-5 0.7071108 -0.7071028 0 -0.7078762 -0.7063366 0 0.7078562 0.7063566 0 -1.44456e-4 0 -1 -0.7073369 -0.7068766 0 0.7086086 0.7056018 0 4.82241e-5 0 -1 -0.7070487 -0.7071648 0 0.7070989 -0.7071148 0 1.72942e-5 0 1 -2.77872e-6 0 1 0.7070983 -0.7071154 0 -0.7071224 -0.7070912 0 0.7071127 -0.707101 0 3.45982e-5 0 1 -1.72942e-5 0 1 -5.18955e-5 0 1 5.18928e-5 1.52874e-5 1 0.7075999 -0.7066134 0 -0.7070301 -0.7071835 0 -0.7075724 -0.706641 0 -0.707074 -0.7071396 0 -2.79353e-5 0 1 0.7071748 -0.7070388 0 -0.7071638 0.7070499 0 0.7071623 -0.7070513 0 -0.7070749 0.7071387 0 -0.7073371 -0.7068765 0 -0.7073364 -0.7068772 0 0.7071182 -0.7070955 0 -0.7071198 0.7070938 0 5.5869e-5 0 1 0.7070735 -0.7071402 0 -2.79275e-5 0 1 -0.7068318 -0.7073818 0 -0.7065977 -0.7076156 0 6.41704e-5 0 1 0.7050411 0.7091665 0 0.7071401 -0.7070735 6.65669e-5 0.7071183 0.7070953 0 1.42771e-6 0 1 0.7070277 0.7071859 0 0.7073343 0.7068793 0 0.7130331 0.7011215 -0.003542602 -8.43483e-6 0 -1 0.7071203 -0.7070933 0 0.7072013 0.7070123 0 0.707111 -0.7071027 0 -0.7070532 0.7071604 0 2.24492e-5 0 -1 -0.7070159 -0.7071977 7.84444e-5 -0.7071352 -0.7070785 -1.41529e-5 0.7071564 0.7070573 0 -0.7077009 0.7065122 0 0.706924 -0.7072896 0 2.38305e-5 0 1 -0.7073135 -0.7069001 0 0.7072618 0.7069517 0 4.36948e-5 0 -1 0.7076753 0.7065378 0 -8.7604e-5 0 -1 0.7071837 0.7070299 0 8.7604e-5 0 -1 -1.75193e-4 0 1 -0.7074915 -0.706722 0 0.7074146 0.7067989 0 -0.7071528 0.7070608 0 -0.7071451 0.7070685 0 -0.7070838 0.7071298 0 -0.7070915 0.7071221 0 -0.7071486 0.707065 1.51939e-5 -0.7071226 -0.707091 9.04208e-6 -0.7070954 0.7071182 0 0.7071456 0.707068 2.32862e-5 0.7071539 0.7070598 7.84367e-6 0.7070909 0.7071228 2.02202e-5 0.7071536 0.70706 1.09689e-5 0.7071539 0.7070598 1.56873e-5 0.7070911 0.7071225 7.84297e-6 0 -3.05772e-7 1 1.15762e-5 0 1 -9.4038e-5 0 -1 -0.7071039 -0.7071098 0 -5.49353e-5 -3.16089e-5 -1 0.7068156 -0.7073978 -9.73841e-6 -0.7068873 0.7073262 0 0.7073066 0.7069069 0 0 -6.03203e-7 -1 -6.24594e-6 0 1 0.7069022 0.7073114 0 -0.7071509 0.7070627 0 -0.7067545 0.7074589 0 0.7070839 -0.7071297 0 -0.7070823 0.7071313 -7.34636e-6 -0.7070823 0.7071313 -1.46927e-5 0.7070342 0.7071795 0 0.7071504 0.7070631 0 0.7069905 0.7072231 0 0.7071624 0.7070512 0 0.7070196 0.707194 0 0.706976 0.7072376 0 -0.7070513 -0.7071624 0 -0.7071068 -0.7071068 0 -0.7072668 -0.7069469 0 -0.7071805 -0.7070331 0 -0.7071902 -0.7070234 0 -0.7071447 -0.7070689 0 0.7072119 -0.7070018 0 0.7070351 -0.7071786 0 0.7070473 -0.7071664 0 0.7067641 -0.7074493 0 0.707045 -0.7071686 0 0.7070723 -0.7071413 0 0.7069764 -0.7072373 0 0.707313 -0.7069005 0 0.706946 -0.7072676 1.12237e-4 0.7068192 -0.7073943 0 0.7072896 -0.706924 0 0.7070339 -0.7071797 0 0.7073955 -0.706818 0 0.7066752 -0.7075381 0 0.7068996 -0.707314 0 0.7073157 -0.7068979 0 0.7070807 -0.7071329 0 0.707112 0.7071017 0 0.7072531 0.7069604 0 0.7070946 0.707119 0 0.7075357 0.7066777 0 0.7069155 0.707298 0 0.7072078 0.7070058 -1.01001e-4 0.7074189 0.7067945 0 0.7066956 0.7075178 -3.07608e-5 0.7074613 0.7067521 0 0.7065058 0.7077072 0 0.7070142 0.7071994 0 -0.7071579 -0.7070558 0 -0.7070811 -0.7071325 0 -0.7071468 -0.7070669 0 -0.7070995 -0.7071141 0 -0.7071468 -0.7070668 0 0.7070995 -0.7071141 0 0.7070811 -0.7071325 0 0.7071307 -0.7070829 0 0.7071579 -0.7070558 0 0.7070828 -0.7071308 0 -0.707117 -0.7070967 0 0.7071344 -0.7070791 0</float_array>
          <technique_common>
            <accessor source="#Plane_060-mesh-normals-array" count="854" stride="3">
              <param name="X" type="float"/>
              <param name="Y" type="float"/>
              <param name="Z" type="float"/>
            </accessor>
          </technique_common>
        </source>
        <source id="Plane_060-mesh-map-0">
          <float_array id="Plane_060-mesh-map-0-array" count="7350">0.9334679 0.8229076 0.9374164 0.6125727 0.9374164 0.8252831 0.6147103 0.9495104 0.6232959 0.9628008 0.6183242 0.9620602 0.9718398 0.6124975 0.9668099 0.8872104 0.9668099 0.6124917 0.9646837 0.7262858 0.9666399 0.7274619 0.9655002 0.8877941 0.957906 0.1479079 0.9587747 0.3528358 0.9539941 0.3175571 0.9260412 0.340015 0.9299421 0.3218944 0.9299421 0.3509582 0.2860887 0.7534227 0.2874756 0.7905005 0.2864388 0.7909753 0.8697182 0.9210613 0.8770878 0.9554097 0.8711021 0.9581392 0.5326877 0.5048906 0.5276594 0.6665434 0.5206295 0.5048764 0.9951972 0.0187332 0.9971511 0.01990991 0.9960122 0.1802416 0.9725282 0.3192386 0.9786463 0.1102074 0.9786463 0.3229176 0.3312273 0.9249988 0.3312267 0.9627084 0.3256354 0.9652596 0.8697175 0.650634 0.906942 0.6124918 0.9069418 0.7939212 0.9323217 0.3784701 0.9362252 0.3809174 0.9323217 0.593592 0.01702934 0.9679802 0.02205586 0.9680315 0.02233284 0.9799138 0.4611879 0.7756981 0.4876981 0.8879919 0.4611887 0.872048 0.9587746 0.1102073 0.9587747 0.3528358 0.957906 0.1479079 0.2501371 0.9270437 0.2744809 0.927043 0.2573715 0.9428968 0.9191598 0.6130166 0.907303 0.7743124 0.9071129 0.6124927 0.9973215 0.01873332 0.9981373 0.1802417 0.9981373 0.3030626 0.9973215 0.01873332 0.9992762 0.01991003 0.9981373 0.1802417 0.9990189 0.4403436 0.9948632 0.568414 0.9948632 0.4422398 0.9578247 0.7540014 0.9533503 0.7513103 0.953348 0.7262858 0.9950262 0.3116911 0.9918397 0.08669161 0.9950262 0.08518105 0.9872094 0.3070011 0.9851133 0.0876196 0.9872134 0.08666127 0.8063278 0.6115758 0.8063278 0.612321 0.796994 0.6073172 0.796994 0.6068306 0.796994 0.6073172 0.7853087 0.6014983 0.8718995 0.3218946 0.898536 0.3485788 0.8718996 0.3752392 0.8563442 0.4507482 0.8495408 0.4507482 0.8526758 0.4438749 0.9666399 0.7274619 0.9666399 0.8884796 0.9655002 0.8877941 8.5422e-05 0.8920593 8.54233e-05 0.4825567 0.2502997 0.4866204 0.8371021 0.9686841 0.8269334 0.9686911 0.8363966 0.9237045 0.3752197 0.9491055 0.379019 0.9496367 0.3712842 0.9496318 0.8345728 0.9197634 0.8308105 0.9171559 0.8352742 0.9190484 0.7558588 0.9142479 0.7545677 0.9132604 0.7544553 0.8685016 0.8269334 0.9174774 0.8308105 0.9171559 0.8345728 0.9197634 0.8930161 0.9668372 0.8828489 0.9668434 0.8923147 0.9218572 0.9501134 0.3767226 0.953958 0.3771746 0.9461953 0.3773288 0.8904912 0.9179159 0.8867061 0.9154155 0.8911926 0.9172011 0.7033672 0.914492 0.7020771 0.9135012 0.7020771 0.8687421 0.8828489 0.9160851 0.8867061 0.9154155 0.8904912 0.9179159 0.7037883 0.8634865 0.7272136 0.8627851 0.728096 0.8636699 0.8265438 0.9686839 0.8163766 0.9686903 0.8258396 0.9237036 0.50523 0.9544795 0.5090301 0.9550102 0.5012953 0.9550057 0.8240175 0.9197628 0.8202568 0.917156 0.8247189 0.9190478 0.4625912 0.939625 0.4612994 0.9386373 0.461189 0.8938786 0.8163766 0.9174766 0.8202568 0.917156 0.8240175 0.9197628 0.647801 0.9663506 0.6376323 0.9663568 0.6470996 0.9213706 0.4498258 0.9572941 0.4536717 0.957747 0.4459071 0.9578989 0.6452745 0.9174293 0.6414895 0.9149282 0.645976 0.9167144 0.7295548 0.9144912 0.7282662 0.9135004 0.7282662 0.8687413 0.6376323 0.9155986 0.6414895 0.9149282 0.6452745 0.9174293 0.7299769 0.8634863 0.753403 0.8627851 0.7542853 0.8636698 0.7525599 0.9663503 0.7423911 0.9663564 0.7518569 0.9213706 0.4703677 0.9635083 0.4740598 0.9639245 0.4662986 0.9640781 0.750035 0.9174293 0.7464064 0.9149017 0.7507364 0.9167144 0.6247937 0.9144912 0.6235043 0.9135003 0.6235043 0.8687415 0.7423912 0.9155986 0.7464064 0.9149017 0.750035 0.9174293 0.6252173 0.8634861 0.6486418 0.8627853 0.6495249 0.8636699 0.858215 0.9686682 0.8480463 0.968675 0.8575109 0.9236882 0.28356 0.954713 0.2875161 0.9552916 0.27978 0.9552837 0.8556872 0.9197474 0.8517715 0.9171556 0.8563886 0.9190321 0.8711211 0.9149774 0.8698284 0.9139898 0.8697182 0.8692308 0.8480463 0.9174605 0.8517715 0.9171556 0.8556872 0.9197474 0.9294989 0.9688718 0.9193301 0.9688785 0.9287934 0.9238919 0.9208222 0.6064955 0.9247777 0.6070725 0.9170423 0.6070665 0.9269696 0.9199508 0.9230538 0.9173598 0.9276694 0.9192358 0.4975863 0.930203 0.496296 0.9292154 0.4961849 0.8844564 0.9193301 0.9176648 0.9230538 0.9173598 0.9269696 0.9199508 0.7948681 0.9688445 0.7847008 0.9688506 0.7941651 0.9238644 0.4835597 0.9635069 0.4872518 0.9639214 0.4794905 0.9640765 0.7923431 0.9199236 0.7887146 0.917396 0.7930446 0.9192087 0.6509867 0.9144917 0.6496974 0.913501 0.6496973 0.8687419 0.7847008 0.9180924 0.7887146 0.917396 0.7923431 0.9199236 0.6514095 0.8634865 0.674834 0.8627853 0.6757171 0.86367 0.8687749 0.9686682 0.8586046 0.9686748 0.8680679 0.9236882 0.6104269 0.9495276 0.6144152 0.9498898 0.6066462 0.9500986 0.8662441 0.9197471 0.8623299 0.9171558 0.8669455 0.9190322 0.02741765 0.9434974 0.02612906 0.9425068 0.02612906 0.8977479 0.8586046 0.9174607 0.8623299 0.9171558 0.8662441 0.9197471 0.847658 0.9686842 0.8374907 0.9686909 0.8469523 0.9237042 0.2973905 0.9557241 0.3011932 0.956257 0.2934565 0.95625 0.8451301 0.9197635 0.8413709 0.9171559 0.8458315 0.9190485 0.9001098 0.3733577 0.8988188 0.3723701 0.898707 0.3276113 0.8374907 0.9174769 0.8413709 0.9171559 0.8451301 0.9197635 0.815988 0.968684 0.8058192 0.9686907 0.8152825 0.923704 0.388392 0.9491041 0.3922268 0.9494226 0.3844572 0.94963 0.8134586 0.919763 0.8096994 0.9171559 0.8141615 0.919048 0.001375257 0.9434978 8.51053e-05 0.9425072 8.51102e-05 0.8977483 0.8058192 0.917477 0.8096994 0.9171559 0.8134586 0.919763 0.8054267 0.9688445 0.7952595 0.9688506 0.8047252 0.9238644 0.9424917 0.9581704 0.9463362 0.9586222 0.9385735 0.9587766 0.8029018 0.9199236 0.7991182 0.9174228 0.8036032 0.9192087 0.6771768 0.9144919 0.6758866 0.9135013 0.6758866 0.868742 0.7952595 0.9180928 0.7991182 0.9174228 0.8029018 0.9199236 0.7019056 0.8636698 0.6775986 0.863487 0.7010246 0.862785 0.2329597 0.9671927 0.2227852 0.967235 0.2311946 0.9650347 0.6335783 0.9146618 0.637463 0.9149444 0.6299423 0.9173498 0.2292816 0.9647456 0.2254477 0.9639837 0.2299751 0.9638637 0.637463 0.9659729 0.6275006 0.9660962 0.6281415 0.9213017 0.2215942 0.9641308 0.2254477 0.9639837 0.2292816 0.9647456 0.2200454 0.967151 0.2098699 0.9671937 0.2182811 0.9649943 0.7382207 0.914662 0.7422199 0.9147125 0.7347056 0.9172697 0.2163639 0.9647067 0.2124072 0.9638922 0.2170603 0.9638237 0.7422199 0.9658938 0.7322559 0.9660157 0.7329041 0.9212213 0.2086803 0.9641487 0.2124072 0.9638922 0.2163639 0.9647067 0.5207226 0.9570246 0.5105453 0.9570668 0.5189549 0.9548676 0.4279521 0.9072499 0.431836 0.9075329 0.4243153 0.909938 0.517042 0.9545782 0.5132094 0.9538145 0.5177359 0.9536971 0.431836 0.9585614 0.4218721 0.9586846 0.4225137 0.9138901 0.509356 0.9539619 0.5132094 0.9538145 0.517042 0.9545782 0.244497 0.9671923 0.2343236 0.9672338 0.2427318 0.9650344 0.6861127 0.9146627 0.689847 0.9149308 0.6823264 0.9173356 0.2408187 0.9647454 0.2371383 0.9639451 0.2415125 0.9638641 0.689847 0.9659588 0.6798831 0.9660823 0.680524 0.9212877 0.2331327 0.9641304 0.2371383 0.9639451 0.2408187 0.9647454 0.9071484 0.9690654 0.8969723 0.9691063 0.9053834 0.9669064 0.724098 0.9146628 0.7280964 0.9147128 0.7205837 0.91727 0.9034689 0.9666176 0.8995097 0.9658049 0.9041626 0.9657358 0.7280964 0.9658943 0.7181325 0.966016 0.7187815 0.9212215 0.8957843 0.9660606 0.8995097 0.9658049 0.9034689 0.9666176 0.2085071 0.9671528 0.1983313 0.967195 0.2067405 0.9649945 0.7101305 0.9146626 0.7139739 0.914686 0.7064596 0.9172434 0.2048278 0.964706 0.2010161 0.9638648 0.2055214 0.9638241 0.7139739 0.9658679 0.7040076 0.9659893 0.704658 0.921195 0.1971411 0.9641485 0.2010161 0.9638648 0.2048278 0.964706 0.5051369 8.59166e-05 0.5057056 8.59166e-05 0.3193465 0.4072644 0.9581644 0.3802696 0.9714562 0.3784702 0.9714562 0.4920937 0.4950664 0.9101364 0.4958822 0.7980157 0.4958822 0.910627 0.9972158 0.9611757 0.9921934 0.9609652 0.9972158 0.8377574 0.9652327 0.3124135 0.9712215 0.3606692 0.9652327 0.3614196 0.3183158 0.8985081 0.3191308 0.767058 0.3191308 0.8989989 0.2860887 0.7534227 0.2864388 0.7909753 0.2860918 0.7911337 0.5339977 0.5048764 0.5339977 0.6658939 0.532858 0.6652081 0.5339977 0.6660644 0.5339977 0.8270816 0.532858 0.8263961 0.3313974 0.9655798 0.3376874 0.925 0.3432806 0.960159 0.6196818 0.9502511 0.6183217 0.9254655 0.6232959 0.9262039 0.9873843 0.5245727 0.9873842 0.3118622 0.9913336 0.3142377 0.6483925 0.9216358 0.6636768 0.9390054 0.6483931 0.9459811 0.6147103 0.9495104 0.6196818 0.9502511 0.6232959 0.9628008 0.6686996 0.9146692 0.6636768 0.9390054 0.6636768 0.9146615 0.8770878 0.9554097 0.882679 0.9151475 0.882679 0.9528585 0.964685 0.9999148 0.9646837 0.7262858 0.9655002 0.8877941 0.9718398 0.6124975 0.9718398 0.8872162 0.9668099 0.8872104 0.2881805 0.7532519 0.2504725 0.753208 0.2504717 0.6207413 0.9299421 0.3509582 0.9247368 0.3460742 0.9260412 0.340015 0.2881805 0.5202876 0.2504717 0.6207413 0.2504707 0.4825568 0.9650624 0.3459267 0.9589458 0.3175138 0.9589458 0.2103065 0.9650624 0.1138865 0.9589458 0.2103065 0.9589458 0.1102074 0.7544553 0.9218874 0.7708186 0.9387642 0.7544553 0.9462319 0.7828602 0.9144346 0.7708186 0.9387642 0.7708186 0.9144197 0.5276594 0.6665434 0.5326877 0.7990158 0.5276578 0.7990101 0.9951972 0.3116918 0.9951972 0.0187332 0.9960122 0.1802416 0.9069418 0.7939212 0.8697198 0.8633442 0.8697175 0.650634 0.3256354 0.9652596 0.3193459 0.9304202 0.3312273 0.9249988 0.8933547 0.6123214 0.8999829 0.4999049 0.9117625 0.4040125 0.02233284 0.943718 0.01702934 0.9679802 0.01730382 0.9436686 0.8999829 0.4999049 0.9058739 0.3999793 0.9117625 0.4040125 0.9810438 0.9870035 0.9849473 0.774329 0.9849473 0.9894508 0.9417049 0.1693531 0.9462774 0.1583824 0.9462774 0.1714421 0.941189 0.3809279 0.9323217 0.593592 0.9362252 0.3809174 0.874457 0.482429 0.9058739 0.3999793 0.8999829 0.4999049 0.9141169 0.9733937 0.9073208 0.9465466 0.9141169 0.9424592 0.796994 0.6073172 0.8742873 0.4631894 0.8063278 0.6115758 0.3538499 0.9559339 0.3434512 0.9312535 0.3538499 0.9249994 0.7853087 0.6014983 0.864955 0.4584435 0.796994 0.6068306 0.4876981 0.7916418 0.4876981 0.8879919 0.4611879 0.7756981 0.3326679 0.9203859 0.3873244 0.7756987 0.3932553 0.7882627 0.9569877 0.8146589 0.943434 0.810947 0.9539299 0.8065322 0.9531064 0.7670518 0.9425508 0.6124913 0.9531779 0.6214742 0.9464678 0.7805188 0.9530127 0.8033738 0.9425498 0.8078522 0.3326679 0.9203859 0.3285912 0.9239069 0.3285636 0.9232823 0.9539299 0.8065322 0.9425498 0.8078522 0.9530127 0.8033738 0.3193465 0.9248294 0.3285636 0.9232823 0.3285912 0.9239069 0.9283568 0.5370628 0.9119327 0.5697602 0.9169584 0.5414296 0.9193342 0.6125113 0.9329863 0.7642859 0.9193311 0.7643059 0.9332982 0.764967 0.9193311 0.7643059 0.9329863 0.7642859 0.9329888 0.7651604 0.9193314 0.9171899 0.9193308 0.7651606 0.9233312 0.5653933 0.9169584 0.5822664 0.9119327 0.5697602 0.9523887 0.1502733 0.9587746 0.1102073 0.957906 0.1479079 0.2501545 0.9149994 0.2744809 0.927043 0.2501371 0.9270437 0.505173 0.7756987 0.512493 0.7978459 0.4950665 0.7978459 0.3183161 0.7663944 0.3191305 0.482557 0.3191305 0.7668875 0.3181458 0.4825581 0.3125535 0.6548005 0.3125546 0.4851093 0.9191598 0.6130166 0.9071129 0.8977306 0.907303 0.7743124 0.9510249 0.1644207 0.9464493 0.1693546 0.9464493 0.1623332 0.5291191 0.8787485 0.5222135 0.9935568 0.5222135 0.87874 0.7834101 0.9771459 0.7845305 0.8634589 0.7845305 0.9778198 0.9309943 0.167236 0.9309269 0.00905019 0.9415352 8.46904e-05 0.9517159 0.1766631 0.9517159 0.3528364 0.941162 0.3438867 0.9039016 0.8974944 0.8957483 0.88626 0.9038955 0.886067 0.9309269 0.00905019 0.930288 0.1674925 0.9303634 0.009307265 0.9309943 0.167236 0.9328871 0.1717965 0.930288 0.1674925 0.9038955 0.886067 0.9065417 0.8973098 0.9039016 0.8974944 0.9335176 0.1715865 0.9408999 0.1764917 0.9328871 0.1717965 0.7854493 0.7565706 0.8504456 0.6124905 0.8511946 0.6124905 0.8695468 0.6208972 0.7854493 0.7565706 0.8511946 0.6124905 0.9298869 0.9439152 0.9331655 0.9336808 0.9331655 0.9458872 0.932149 0.5368914 0.9119333 0.3784699 0.9321505 0.3784699 0.08859181 0.9639757 0.07633674 0.94378 0.08859181 0.9437656 0.2753774 0.9212318 0.2753088 0.7623896 0.2859184 0.7534251 0.9409173 0.1766614 0.9409173 0.3534925 0.9303631 0.3445425 0.9416128 0.6121318 0.9334686 0.6008971 0.9416097 0.6007045 0.2753088 0.7623896 0.2746711 0.9214882 0.2747454 0.7626467 0.2753774 0.9212318 0.2772669 0.9257904 0.2746711 0.9214882 0.9416097 0.6007045 0.9442605 0.6119473 0.9416128 0.6121318 0.2778974 0.9255786 0.285283 0.9304874 0.2772669 0.9257904 0.7854493 0.9085801 0.8501486 0.7651477 0.8508977 0.7651477 0.8038021 0.9169852 0.8508977 0.7651477 0.8692521 0.7735544 0.9298877 0.9295663 0.933167 0.919332 0.933167 0.9315383 0.461018 0.7756975 0.4408002 0.9334083 0.4408002 0.7756972 0.940918 0.3738717 0.928663 0.353676 0.9409177 0.3536616 0.9331018 0.6036848 0.9285278 0.6093356 0.9285278 0.6015973 0.9789157 0.8406498 0.9720101 0.9671848 0.9720101 0.8406421 0.3112614 0.9317544 0.3123818 0.8063874 0.3123818 0.9324282 0.3094128 0.9686923 0.3107722 0.8423483 0.3108091 0.9680529 0.6963806 0.9396876 0.6997722 0.9167034 0.6997722 0.9417281 0.3092411 0.805741 0.2883518 0.9314165 0.2883518 0.8057119 0.9490786 0.6026089 0.9445046 0.6079818 0.9445046 0.6005214 0.9851167 0.9525736 0.9920223 0.8379077 0.9920223 0.9598974 0.9832802 0.354063 0.9843991 0.2332311 0.9843991 0.3547368 0.5194507 0.7892833 0.512663 0.7873519 0.5194499 0.7842541 0.9832794 0.231713 0.9844007 0.1108812 0.9844007 0.2323868 0.9964842 0.7344895 0.9895772 0.6124917 0.9964842 0.6124998 0.4046616 0.7864427 0.4293928 0.8194916 0.3934261 0.8302361 0.9872094 0.3070011 0.9851181 0.540137 0.9851133 0.0876196 0.9668092 0.8889202 0.9701703 0.9680038 0.9668092 0.9695376 0.2215952 0.9397771 0.2445735 0.8922303 0.2228784 0.9397771 0.7830056 0.8627852 0.7832389 0.883821 0.7830056 0.8836809 0.2241839 0.9403742 0.2445735 0.8922303 0.245879 0.8928259 0.7819258 0.8837657 0.7804876 0.8627851 0.7819258 0.862787 0.2476637 0.9445102 0.2491013 0.8922298 0.2491013 0.9445108 0.3934257 0.9547992 0.4164032 0.9072493 0.3947089 0.9547992 0.7820947 0.8627851 0.7823272 0.8838205 0.7820947 0.8836807 0.3960113 0.9553948 0.4164032 0.9072493 0.4177064 0.9078464 0.7819228 0.9049171 0.7804876 0.8839365 0.7819228 0.883938 0.8934052 0.9674304 0.8948406 0.9151489 0.8948406 0.967431 0.2460501 0.9666386 0.2474914 0.8930975 0.2474914 0.9675062 0.9990189 0.4403436 0.9990189 0.5665178 0.9948632 0.568414 0.4320055 0.9516039 0.4395702 0.9072626 0.4395702 0.9516176 0.9652314 0.3122444 0.9697791 0.2658144 0.9723573 0.3089929 0.5339988 0.8272523 0.5337468 0.8717206 0.5337468 0.8273673 0.4539906 0.9779353 0.4602689 0.9335904 0.4602689 0.9779437 0.2881797 0.753424 0.2879284 0.7978937 0.2879284 0.7535387 0.8427135 0.3219247 0.8218229 0.4477189 0.8218229 0.321894 0.2864388 0.7909753 0.2874756 0.7905005 0.287487 0.9163253 0.5292901 0.8808694 0.533959 0.9593586 0.5292901 0.9614889 0.9653103 0.6054829 0.9581645 0.5173653 0.9653103 0.492264 0.8957858 0.8978992 0.9191593 0.9422872 0.8957858 0.942254 0.6900174 0.9618412 0.696207 0.9146636 0.6962081 0.9665715 0.2881824 0.7980651 0.2879304 0.8425348 0.2879304 0.7981801 0.9841917 0.5403168 0.9779147 0.5846623 0.9779147 0.5403076 0.53311 0.8272518 0.5328587 0.8717212 0.5328587 0.8273665 0.9948617 0.3139998 0.9995431 0.4380373 0.9948617 0.4401735 0.9716248 0.3782915 0.9779024 0.3339452 0.9779031 0.3783 0.4404079 0.8551542 0.4401566 0.8996239 0.4401566 0.8552688 0.494146 0.9375413 0.487869 0.9818873 0.4878697 0.9375337 0.2881803 0.8427038 0.2879282 0.8871724 0.2879282 0.8428187 0.3015227 0.9759694 0.3078017 0.9316248 0.3078338 0.9759784 0.5333248 0.8273672 0.533542 0.8716022 0.5333248 0.8717216 0.585609 0.9558399 0.5847318 0.8627852 0.585609 0.8633129 0.5520007 0.9558395 0.551122 0.8627851 0.5520007 0.8633125 0.9422368 0.4873023 0.9413596 0.3784703 0.9422368 0.3789979 0.9425814 0.1089171 0.9417049 8.51873e-05 0.9425814 0.000612811 0.1002127 0.9437749 0.09481215 0.9597295 0.09481292 0.9437654 0.04065197 0.9608836 0.0261287 0.9485768 0.04065197 0.9552029 0.08876293 0.9624897 0.09481292 0.9437654 0.09481215 0.9597295 0.5520007 0.8633125 0.5677565 0.9555836 0.5520007 0.9558395 0.9425814 0.000612811 0.958338 0.1086612 0.9425814 0.1089171 0.2669079 0.9496949 0.250136 0.9479789 0.2523862 0.9430688 0.13611 0.9597355 0.1307087 0.9437647 0.13611 0.9437717 0.2646593 0.9602865 0.250136 0.9479789 0.2646593 0.9546058 0.1246595 0.962487 0.1307087 0.9437647 0.1307088 0.9597268 0.585609 0.8633129 0.6013656 0.9555839 0.585609 0.9558399 0.9422368 0.3789979 0.9579934 0.4870463 0.9422368 0.4873023 0.04290062 0.9502936 0.0261287 0.9485768 0.02837884 0.9436674 0.5688048 0.9558395 0.5679276 0.8627851 0.5688048 0.8633125 0.5351935 0.9558399 0.5343163 0.8627852 0.5351935 0.8633129 0.9343451 0.9342854 0.9334671 0.8254536 0.9343451 0.8259811 0.9422376 0.5963046 0.9413596 0.4874726 0.9422376 0.4880002 0.1235715 0.9597367 0.1181695 0.9437677 0.1235715 0.9437741 0.01461076 0.9608859 8.59548e-05 0.9485782 0.01461076 0.9552052 0.1121219 0.9624906 0.1181695 0.9437677 0.1181709 0.9597298 0.5351935 0.8633129 0.5509516 0.9555838 0.5351935 0.9558399 0.9422376 0.4880002 0.9579934 0.5960485 0.9422376 0.5963046 0.06894338 0.9503926 0.0521745 0.9486758 0.0544216 0.9437664 0.1119502 0.9597375 0.106551 0.9437674 0.1119502 0.9437754 0.06669628 0.9609834 0.0521745 0.9486758 0.06669628 0.9553027 0.1005018 0.9624914 0.106551 0.9437674 0.106551 0.9597312 0.5688048 0.8633125 0.5845622 0.9555836 0.5688048 0.9558395 0.9343451 0.8259811 0.9501017 0.9340295 0.9343451 0.9342854 0.002334535 0.9436681 0.01461076 0.9552052 8.59548e-05 0.9485782 0.3191316 0.8995881 0.3184363 0.9565968 0.3184355 0.8991696 0.1971419 0.9397786 0.2201202 0.8922303 0.1984251 0.9397786 0.5202258 0.775698 0.5204599 0.796734 0.5202258 0.7965936 0.1984251 0.9397786 0.2214256 0.8928289 0.1997298 0.9403757 0.4390983 0.8981102 0.4376617 0.8771295 0.4390983 0.8771315 0.9512501 0.1613667 0.9498126 0.1090868 0.9512501 0.1090873 0.796994 0.6073172 0.7847025 0.6024538 0.7853087 0.6014983 0.3193465 0.755885 0.5204591 0.7755275 0.3193465 0.7752916 0.7845304 0.8626159 0.5343159 0.8585505 0.7845304 0.4531118 0.5343144 8.62996e-05 0.7728501 0.4529411 0.5343137 0.4526042 0.958021 0.7323814 0.963427 0.8252831 0.958021 0.8252769 0.3934261 0.8302361 0.4293928 0.8194916 0.4406282 0.8549836 0.9585076 8.51873e-05 0.9639151 0.1088275 0.9585076 0.108821 0.9640854 8.51873e-05 0.9694929 0.1088271 0.9640854 0.108821 0.9752411 8.51873e-05 0.9806471 0.09298688 0.9752411 0.09298074 0.9654806 0.4922644 0.9708866 0.6010068 0.9654806 0.6010003 0.9696648 8.51873e-05 0.9750708 0.1088271 0.9696648 0.108821 0.312553 0.8975353 0.3179589 0.9904371 0.312553 0.990431 0.9895772 0.7346603 0.9949831 0.827562 0.9895772 0.8275559 0.821648 0.3279715 0.773062 0.4512391 0.7730202 0.3218944 0.9697791 0.2658144 0.9723573 0.1102074 0.9723573 0.3089929 0.4374922 0.8551545 0.3934267 0.9070789 0.3934273 0.8551539 0.2670798 0.9724681 0.2670798 0.9430688 0.2742255 0.9473668 0.9807302 0.8406426 0.9790881 0.9703948 0.9790881 0.8413919 0.8495415 0.3218948 0.8717286 0.4437042 0.8495415 0.4436781 0.9697791 0.2658144 0.9697802 0.1113833 0.9723573 0.1102074 0.35638 0.9540983 0.3636425 0.9480562 0.3660038 0.95512 0.953881 0.8276182 0.9634273 0.9487636 0.9538741 0.9489191 0.9054309 0.8635156 0.895749 0.8857126 0.895749 0.8635165 0.3660038 0.92602 0.3540204 0.9470346 0.3563873 0.9250007 0.953881 0.8276182 0.9502731 0.946754 0.9502731 0.8254535 0.9285278 0.5993002 0.9320642 0.5391899 0.9320642 0.601427 0.6233332 0.9252957 0.6015359 0.8627851 0.6233332 0.8628108 0.4376635 0.8551545 0.439984 0.8769589 0.4376627 0.8769596 0.871899 0.3754481 0.874189 0.4376478 0.871899 0.4376851 0.9284226 0.3765679 0.9247389 0.3728564 0.9270532 0.3730006 0.9284226 0.3512725 0.9247389 0.3728564 0.9261083 0.3511283 0.8565159 0.4522178 0.8598251 0.4438757 0.8598251 0.4522182 0.6686996 0.9146692 0.6757169 0.9146778 0.6757169 0.9390217 0.8667776 0.4522187 0.8634739 0.443875 0.8667783 0.4438794 0.8374342 0.4479275 0.8379722 0.4517596 0.8374342 0.4514369 0.8251273 0.4514547 0.8218196 0.4479279 0.8251273 0.4479317 0.859996 0.4522176 0.8633053 0.4438756 0.8633053 0.4522181 0.8702518 0.4522182 0.8669481 0.4438745 0.8702524 0.4438789 0.8381425 0.4479275 0.8386805 0.4517594 0.8381425 0.4514366 0.8286069 0.4514544 0.8252992 0.4479275 0.8286069 0.4479314 0.828777 0.4523726 0.830325 0.4479275 0.830325 0.4523748 0.8354821 0.4523677 0.8339359 0.4479319 0.8354821 0.447928 0.8365432 0.4479275 0.837263 0.4518705 0.8365432 0.4514366 0.5126636 0.7970012 0.5161866 0.7925518 0.5161866 0.796997 0.8304963 0.4523729 0.8320442 0.4479278 0.8320442 0.4523749 0.833763 0.4523664 0.8322168 0.4479306 0.833763 0.4479267 0.8356521 0.4479275 0.836372 0.4518707 0.8356521 0.4514369 0.5163572 0.7970013 0.5198802 0.792552 0.5198802 0.7969971 0.7544553 0.8685016 0.7560049 0.8636915 0.7558588 0.9142479 0.9301181 8.45157e-05 0.9301181 0.3217235 0.7730215 0.1256512 0.8363966 0.9237045 0.8269334 0.9174774 0.8345728 0.9197634 0.3683611 0.9488074 0.3712842 0.9496318 0.3692437 0.9497182 0.8373191 0.9234688 0.8345728 0.9197634 0.8352742 0.9190484 0.3683611 0.9488074 0.3661748 0.926481 0.3684852 0.925829 0.3712842 0.9496318 0.3706494 0.9487106 0.3752197 0.9491055 0.3661748 0.950506 0.3683611 0.9488074 0.3692437 0.9497182 0.3790733 0.9487153 0.379019 0.9496367 0.3752197 0.9491055 0.8363966 0.9237045 0.8373191 0.9234688 0.8371021 0.9686841 0.3753302 0.9253842 0.3790733 0.9487153 0.3752197 0.9491055 0.3683611 0.9488074 0.3707734 0.9257322 0.3706494 0.9487106 0.7560049 0.8636915 0.7568947 0.8627852 0.7803155 0.8629194 0.3753302 0.9253842 0.3706494 0.9487106 0.3707734 0.9257322 0.7803155 0.9139212 0.7560049 0.8636915 0.7803155 0.8629194 0.7020771 0.8687421 0.7037883 0.8634865 0.7033672 0.914492 0.8923147 0.9218572 0.8828489 0.9160851 0.8904912 0.9179159 0.9432736 0.3765056 0.9461953 0.3773288 0.9441555 0.3774149 0.8932371 0.9216216 0.8904912 0.9179159 0.8911926 0.9172011 0.9432736 0.3765056 0.941088 0.3541803 0.9433977 0.3535286 0.9461953 0.3773288 0.9455618 0.3764087 0.9501134 0.3767226 0.941088 0.3782039 0.9432736 0.3765056 0.9441555 0.3774149 0.8923147 0.9218572 0.8932371 0.9216216 0.8930161 0.9668372 0.8867061 0.9154155 0.8828489 0.9160851 0.8828734 0.9151481 0.9501134 0.3767226 0.9541091 0.3534348 0.953958 0.3771746 0.9455618 0.3764087 0.9433977 0.3535286 0.9456853 0.3534303 0.9501134 0.3767226 0.9456853 0.3534303 0.9502582 0.3530059 0.728096 0.8636699 0.7033672 0.914492 0.7037883 0.8634865 0.461189 0.8938786 0.4627388 0.8890684 0.4625912 0.939625 0.8258396 0.9237036 0.8163766 0.9174766 0.8240175 0.9197628 0.4983714 0.9541818 0.5012953 0.9550057 0.4992548 0.9550922 0.8267636 0.9234682 0.8240175 0.9197628 0.8247189 0.9190478 0.4983714 0.9541818 0.4961852 0.9318549 0.4984942 0.9312034 0.5012953 0.9550057 0.5006611 0.954086 0.50523 0.9544795 0.4961852 0.9558806 0.4983714 0.9541818 0.4992548 0.9550922 0.5090844 0.9540888 0.5090301 0.9550102 0.50523 0.9544795 0.8258396 0.9237036 0.8267636 0.9234682 0.8265438 0.9686839 0.5053384 0.9307585 0.5090844 0.9540888 0.50523 0.9544795 0.4983714 0.9541818 0.5007831 0.9311061 0.5006611 0.954086 0.4627388 0.8890684 0.4636286 0.8881622 0.4870479 0.8882972 0.5053384 0.9307585 0.5006611 0.954086 0.5007831 0.9311061 0.4870479 0.9392992 0.4627388 0.8890684 0.4870479 0.8882972 0.7282662 0.8687413 0.7299769 0.8634863 0.7295548 0.9144912 0.6470996 0.9213706 0.6376323 0.9155986 0.6452745 0.9174293 0.442986 0.9570772 0.4459071 0.9578989 0.4438672 0.9579868 0.6480221 0.9211354 0.6452745 0.9174293 0.645976 0.9167144 0.442986 0.9570772 0.4407984 0.9347509 0.443108 0.9340991 0.4459071 0.9578989 0.4452735 0.9569806 0.4498258 0.9572941 0.4407984 0.9587749 0.442986 0.9570772 0.4438672 0.9579868 0.6470996 0.9213706 0.6480221 0.9211354 0.647801 0.9663506 0.6414895 0.9149282 0.6376323 0.9155986 0.6376568 0.9146615 0.4498258 0.9572941 0.4538209 0.934006 0.4536717 0.957747 0.442986 0.9570772 0.445397 0.9340019 0.4452735 0.9569806 0.4498258 0.9572941 0.445397 0.9340019 0.4499698 0.933579 0.7542853 0.8636698 0.7295548 0.9144912 0.7299769 0.8634863 0.6235043 0.8687415 0.6252173 0.8634861 0.6247937 0.9144912 0.7518569 0.9213706 0.7423912 0.9155986 0.750035 0.9174293 0.4633754 0.9632555 0.4662986 0.9640781 0.4642587 0.9641659 0.7527809 0.921135 0.750035 0.9174293 0.7507364 0.9167144 0.4633754 0.9632555 0.4611891 0.9409288 0.4634987 0.940277 0.4662986 0.9640781 0.4656637 0.9631586 0.4703677 0.9635083 0.4611891 0.9649541 0.4633754 0.9632555 0.4642587 0.9641659 0.7518569 0.9213706 0.7527809 0.921135 0.7525599 0.9663503 0.7464064 0.9149017 0.7423912 0.9155986 0.7424157 0.9146615 0.4703677 0.9635083 0.4742122 0.9401857 0.4740598 0.9639245 0.4656637 0.9631586 0.4634987 0.940277 0.465787 0.9401802 0.4702058 0.9397965 0.4656637 0.9631586 0.465787 0.9401802 0.6495249 0.8636699 0.6247937 0.9144912 0.6252173 0.8634861 0.8697182 0.8692308 0.8712679 0.8644209 0.8711211 0.9149774 0.8575109 0.9236882 0.8480463 0.9174605 0.8556872 0.9197474 0.2768575 0.9544624 0.27978 0.9552837 0.2777394 0.9553717 0.8584334 0.9234529 0.8556872 0.9197474 0.8563886 0.9190321 0.2768575 0.9544624 0.2746711 0.9321362 0.2769822 0.9314839 0.27978 0.9552837 0.2791458 0.9543656 0.28356 0.954713 0.2746711 0.9561609 0.2768575 0.9544624 0.2777394 0.9553717 0.2875697 0.9543705 0.2875161 0.9552916 0.28356 0.954713 0.8575109 0.9236882 0.8584334 0.9234529 0.858215 0.9686682 0.2839798 0.9310061 0.2875697 0.9543705 0.28356 0.954713 0.2792712 0.9313868 0.2768575 0.9544624 0.2769822 0.9314839 0.8712679 0.8644209 0.8721576 0.8635144 0.8955777 0.8636488 0.28356 0.954713 0.2792712 0.9313868 0.2839798 0.9310061 0.8955777 0.9146509 0.8712679 0.8644209 0.8955777 0.8636488 0.4961849 0.8844564 0.4977339 0.8796465 0.4975863 0.930203 0.9287934 0.9238919 0.9193301 0.9176648 0.9269696 0.9199508 0.9141198 0.6062436 0.9170423 0.6070665 0.915001 0.6071532 0.9297159 0.9236562 0.9269696 0.9199508 0.9276694 0.9192358 0.9141198 0.6062436 0.9119328 0.5839155 0.9142423 0.5832654 0.9170423 0.6070665 0.9164074 0.6061453 0.9208222 0.6064955 0.9119328 0.6079426 0.9141198 0.6062436 0.915001 0.6071532 0.9248319 0.6061511 0.9247777 0.6070725 0.9208222 0.6064955 0.9287934 0.9238919 0.9297159 0.9236562 0.9294989 0.9688718 0.9212399 0.5827872 0.9248319 0.6061511 0.9208222 0.6064955 0.9165319 0.5831696 0.9141198 0.6062436 0.9142423 0.5832654 0.5220445 0.878875 0.4977339 0.8796465 0.4986252 0.87874 0.9208222 0.6064955 0.9165319 0.5831696 0.9212399 0.5827872 0.5220445 0.9298771 0.4977339 0.8796465 0.5220445 0.878875 0.6496973 0.8687419 0.6514095 0.8634865 0.6509867 0.9144917 0.7941651 0.9238644 0.7847008 0.9180924 0.7923431 0.9199236 0.4765668 0.9632525 0.4794905 0.9640765 0.4774487 0.9641618 0.7950891 0.9236292 0.7923431 0.9199236 0.7930446 0.9192087 0.4765668 0.9632525 0.4743812 0.9409258 0.4766921 0.9402751 0.4794905 0.9640765 0.478855 0.9631557 0.4835597 0.9635069 0.4743812 0.9649508 0.4765668 0.9632525 0.4774487 0.9641618 0.7941651 0.9238644 0.7950891 0.9236292 0.7948681 0.9688445 0.7887146 0.917396 0.7847008 0.9180924 0.7847239 0.9171553 0.4835597 0.9635069 0.4874056 0.9401841 0.4872518 0.9639214 0.478855 0.9631557 0.4766921 0.9402751 0.4789804 0.9401783 0.4833998 0.9397962 0.478855 0.9631557 0.4789804 0.9401783 0.6757171 0.86367 0.6509867 0.9144917 0.6514095 0.8634865 0.02612906 0.8977479 0.02789199 0.8923424 0.02741765 0.9434974 0.8680679 0.9236882 0.8586046 0.9174607 0.8662441 0.9197471 0.6037237 0.9492756 0.6066462 0.9500986 0.6046056 0.950185 0.8689904 0.9234525 0.8662441 0.9197471 0.8669455 0.9190322 0.6037237 0.9492756 0.6015368 0.9269481 0.6038471 0.9262961 0.6066462 0.9500986 0.6060107 0.9491778 0.6104269 0.9495276 0.6015368 0.9509727 0.6037237 0.9492756 0.6046056 0.950185 0.8680679 0.9236882 0.8689904 0.9234525 0.8687749 0.9686682 0.6108446 0.9258199 0.6144152 0.9498898 0.6104269 0.9495276 0.6060107 0.9491778 0.6038471 0.9262961 0.6061361 0.926199 0.6104269 0.9495276 0.6061361 0.926199 0.6108446 0.9258199 0.05200248 0.89223 0.02741765 0.9434974 0.02789199 0.8923424 0.898707 0.3276113 0.9002566 0.3228012 0.9001098 0.3733577 0.8469523 0.9237042 0.8374907 0.9174769 0.8451301 0.9197635 0.290534 0.9554272 0.2934565 0.95625 0.291416 0.9563365 0.8478763 0.9234689 0.8451301 0.9197635 0.8458315 0.9190485 0.290534 0.9554272 0.2883471 0.9331007 0.2906568 0.9324488 0.2934565 0.95625 0.2928223 0.9553303 0.2973905 0.9557241 0.2883471 0.9571245 0.290534 0.9554272 0.291416 0.9563365 0.3012481 0.9553369 0.3011932 0.956257 0.2973905 0.9557241 0.8469523 0.9237042 0.8478763 0.9234689 0.847658 0.9686842 0.2975011 0.9320039 0.3012481 0.9553369 0.2973905 0.9557241 0.2928223 0.9553303 0.2906568 0.9324488 0.2929458 0.9323515 0.9245673 0.3220295 0.9002566 0.3228012 0.9011465 0.3218949 0.2975011 0.9320039 0.2928223 0.9553303 0.2929458 0.9323515 0.9245673 0.3730314 0.9002566 0.3228012 0.9245673 0.3220295 8.51102e-05 0.8977483 0.001846253 0.8923433 0.001375257 0.9434978 0.8152825 0.923704 0.8058192 0.917477 0.8134586 0.919763 0.3815327 0.9488062 0.3844572 0.94963 0.382416 0.9497166 0.8162065 0.9234684 0.8134586 0.919763 0.8141615 0.919048 0.3815327 0.9488062 0.3793484 0.9264791 0.3816581 0.9258275 0.3844572 0.94963 0.3838217 0.9487091 0.388392 0.9491041 0.3793484 0.9505055 0.3815327 0.9488062 0.382416 0.9497166 0.9777446 0.4822486 0.9716264 0.5911803 0.9716264 0.3784703 0.8152825 0.923704 0.8162065 0.9234684 0.815988 0.968684 0.3885017 0.9253835 0.3922268 0.9494226 0.388392 0.9491041 0.3839463 0.9257307 0.3815327 0.9488062 0.3816581 0.9258275 0.3885017 0.9253835 0.3838217 0.9487091 0.3839463 0.9257307 0.02595907 0.8922302 0.001375257 0.9434978 0.001846253 0.8923433 0.6758866 0.868742 0.6775986 0.863487 0.6771768 0.9144919 0.8047252 0.9238644 0.7952595 0.9180928 0.8029018 0.9199236 0.9356504 0.9579541 0.9385735 0.9587766 0.936533 0.9588631 0.8056477 0.9236292 0.8029018 0.9199236 0.8036032 0.9192087 0.9356504 0.9579541 0.9334648 0.9356286 0.9357745 0.9349768 0.9385735 0.9587766 0.9379394 0.9578568 0.9424917 0.9581704 0.9334648 0.9596525 0.9356504 0.9579541 0.936533 0.9588631 0.8047252 0.9238644 0.8056477 0.9236292 0.8054267 0.9688445 0.7991182 0.9174228 0.7952595 0.9180928 0.795284 0.9171553 0.9424917 0.9581704 0.9464866 0.934884 0.9463362 0.9586222 0.9379394 0.9578568 0.9357745 0.9349768 0.9380621 0.9348784 0.9424917 0.9581704 0.9380621 0.9348784 0.9426349 0.9344556 0.7019056 0.8636698 0.6771768 0.9144919 0.6775986 0.863487 0.6281415 0.9213017 0.637463 0.9149444 0.637463 0.9659729 0.2311946 0.9650347 0.2215942 0.9641308 0.2292816 0.9647456 0.6271132 0.9210339 0.6299423 0.9173498 0.6281415 0.9213017 0.2321203 0.9641882 0.2292816 0.9647456 0.2299751 0.9638637 0.6271132 0.9210339 0.6236045 0.9638285 0.6235042 0.918861 0.6299423 0.9173498 0.629133 0.9166015 0.6335783 0.9146618 0.6275006 0.9660962 0.6271132 0.9210339 0.6281415 0.9213017 0.2311946 0.9650347 0.2321203 0.9641882 0.2329597 0.9671927 0.2263311 0.9410735 0.2215942 0.9641308 0.2224873 0.9405449 0.2299751 0.9638637 0.2329597 0.9419795 0.2321203 0.9641882 0.2263311 0.9410735 0.2299751 0.9638637 0.2254477 0.9639837 0.07616794 0.9435963 0.05226641 0.8923794 0.07590687 0.8922302 0.7329041 0.9212213 0.7422199 0.9147125 0.7422199 0.9658938 0.2182811 0.9649943 0.2086803 0.9641487 0.2163639 0.9647067 0.7318759 0.9209531 0.7347056 0.9172697 0.7329041 0.9212213 0.2192057 0.9641491 0.2163639 0.9647067 0.2170603 0.9638237 0.7318759 0.9209531 0.7283595 0.9637475 0.7282672 0.9187799 0.7347056 0.9172697 0.7338964 0.9165212 0.7382207 0.914662 0.7322559 0.9660157 0.7318759 0.9209531 0.7329041 0.9212213 0.2182811 0.9649943 0.2192057 0.9641491 0.2200454 0.967151 0.2124072 0.9638922 0.2095685 0.9405457 0.2135506 0.9410117 0.2170603 0.9638237 0.2200454 0.9419404 0.2192057 0.9641491 0.2135506 0.9410117 0.2170603 0.9638237 0.2124072 0.9638922 0.1484406 0.8923796 0.1246618 0.9435965 0.1248013 0.8922306 0.4225137 0.9138901 0.431836 0.9075329 0.431836 0.9585614 0.5189549 0.9548676 0.509356 0.9539619 0.517042 0.9545782 0.4214854 0.9136221 0.4243153 0.909938 0.4225137 0.9138901 0.5198836 0.95402 0.517042 0.9545782 0.5177359 0.9536971 0.4214854 0.9136221 0.4179762 0.9564168 0.4178764 0.9114493 0.4243153 0.909938 0.4235053 0.9091899 0.4279521 0.9072499 0.4218721 0.9586846 0.4214854 0.9136221 0.4225137 0.9138901 0.5189549 0.9548676 0.5198836 0.95402 0.5207226 0.9570246 0.514095 0.9309071 0.509356 0.9539619 0.5102521 0.930376 0.5185778 0.9314879 0.5198836 0.95402 0.5177359 0.9536971 0.514095 0.9309071 0.5177359 0.9536971 0.5132094 0.9538145 0.1969728 0.9435961 0.1730744 0.8923788 0.1967118 0.8922303 0.680524 0.9212877 0.689847 0.9149308 0.689847 0.9659588 0.2427318 0.9650344 0.2331327 0.9641304 0.2408187 0.9647454 0.6794958 0.9210197 0.6823264 0.9173356 0.680524 0.9212877 0.2436591 0.9641879 0.2408187 0.9647454 0.2415125 0.9638641 0.6794958 0.9210197 0.6759878 0.9638143 0.6758875 0.9188469 0.6823264 0.9173356 0.6815171 0.9165874 0.6861127 0.9146627 0.6798831 0.9660823 0.6794958 0.9210197 0.680524 0.9212877 0.2427318 0.9650344 0.2436591 0.9641879 0.244497 0.9671923 0.2377225 0.9410375 0.2331327 0.9641304 0.2340242 0.9405437 0.2423489 0.9416553 0.2436591 0.9641879 0.2415125 0.9638641 0.2371383 0.9639451 0.2423489 0.9416553 0.2415125 0.9638641 0.1003289 0.9435957 0.0764274 0.8923792 0.1000663 0.89223 0.7187815 0.9212215 0.7280964 0.9147128 0.7280964 0.9658943 0.9053834 0.9669064 0.8957843 0.9660606 0.9034689 0.9666176 0.717754 0.9209536 0.7205837 0.91727 0.7187815 0.9212215 0.9063094 0.9660606 0.9034689 0.9666176 0.9041626 0.9657358 0.717754 0.9209536 0.7142368 0.9637476 0.7141445 0.9187802 0.7205837 0.91727 0.7197745 0.9165215 0.724098 0.9146628 0.7181325 0.966016 0.717754 0.9209536 0.7187815 0.9212215 0.9053834 0.9669064 0.9063094 0.9660606 0.9071484 0.9690654 0.8995097 0.9658049 0.896673 0.942457 0.9006545 0.9429217 0.9041626 0.9657358 0.9071484 0.9438526 0.9063094 0.9660606 0.9006545 0.9429217 0.9041626 0.9657358 0.8995097 0.9658049 0.1726031 0.8923794 0.1488227 0.9435959 0.1489623 0.8922301 0.704658 0.921195 0.7139739 0.914686 0.7139739 0.9658679 0.2067405 0.9649945 0.1971411 0.9641485 0.2048278 0.964706 0.7036306 0.9209271 0.7064596 0.9172434 0.704658 0.921195 0.207668 0.9641481 0.2048278 0.964706 0.2055214 0.9638241 0.7036306 0.9209271 0.7001135 0.963721 0.7000212 0.9187535 0.7064596 0.9172434 0.7056512 0.916495 0.7101305 0.9146626 0.7040076 0.9659893 0.7036306 0.9209271 0.704658 0.921195 0.2067405 0.9649945 0.207668 0.9641481 0.2085071 0.9671528 0.2010161 0.9638648 0.1980304 0.9405457 0.2018621 0.940965 0.2085071 0.9419394 0.2055214 0.9638241 0.2063605 0.9416154 0.2010161 0.9638648 0.2063605 0.9416154 0.2055214 0.9638241 0.1241375 0.8923142 0.1004979 0.9435963 0.1004979 0.8922298 0.941705 0.1582109 0.9496387 0.1090868 0.9496387 0.1534392 0.5057056 8.59166e-05 0.3246197 0.4055084 0.3199152 0.4072644 0.5326701 0.5047063 0.3246197 0.4055084 0.5341451 0.5014708 0.1658094 8.59673e-05 0.005114674 0.1658113 8.51748e-05 0.1658113 0.3191764 0.4798731 0.3166619 0.4823873 8.51748e-05 0.1658113 0.9763013 0.8372565 0.9734575 0.6124936 0.9777491 0.612514 0.4961839 0.8566135 0.5326883 0.8211421 0.5326883 0.8785695 0.9831091 0.1102086 0.9788171 0.3353021 0.9788171 0.110207 0.9720115 0.8372361 0.9777491 0.8404721 0.9734593 0.8404517 0.9885976 0.540308 0.9843613 0.5978042 0.9843613 0.5403769 0.985106 9.01757e-05 0.9808174 0.05774122 0.9808174 8.51873e-05 0.9894063 0.8375862 0.9851154 0.6124921 0.9894063 0.6124916 0.9873858 0.3116878 0.9916696 0.08667165 0.9916696 0.3116919 0.994693 0.5368661 0.9915059 0.5383735 0.9915058 0.3118635 0.5194507 0.7892833 0.512663 0.7787942 0.5194499 0.7756965 0.9779195 0.6124917 0.9849463 0.7741584 0.9779195 0.7741504 0.2504706 0.753813 0.2744988 0.9144404 0.2504699 0.9148307 0.9423795 0.6124919 0.9374164 0.8252831 0.9374164 0.6125727 0.9533473 0.7261154 0.9533473 0.6124919 0.9666391 0.724316 0.2860887 0.9169619 0.2864388 0.7909753 0.287487 0.9163253 0.9578247 0.7289767 0.9578247 0.7540014 0.953348 0.7262858 0.3123826 0.4825574 0.2883499 0.6439652 0.2883498 0.4829477 0.005114674 0.1658113 0.3191764 0.4798731 8.51748e-05 0.1658113 0.3193465 0.4072644 0.5057056 8.59166e-05 0.3199152 0.4072644 0.4948971 0.9373651 0.4878688 0.9373566 0.4878688 0.775698 0.9849427 0.5401375 0.9779145 0.540129 0.9779144 0.3784703 0.3123819 0.6441357 0.2883507 0.8055433 0.2883507 0.644526 0.7297653 0.9788429 0.7165144 0.9648715 0.7297653 0.9648719 0.5661856 0.9788429 0.5554241 0.9648715 0.5661856 0.9648719 0.540754 0.9788429 0.5293381 0.9648715 0.540754 0.9648719 0.689904 0.9788429 0.676104 0.9640745 0.689904 0.9640749 0.7297653 0.9788429 0.7165144 0.9648715 0.7297653 0.9648719 0.5894782 0.9788429 0.5771219 0.9648715 0.5894782 0.9648719 0.5894782 0.9648715 0.5771219 0.9788429 0.5771219 0.9648719 0.7297653 0.9648715 0.7165144 0.9788429 0.7165144 0.9648719 0.6899041 0.9640745 0.676104 0.9788429 0.676104 0.9640749 0.540754 0.9648715 0.5293381 0.9788429 0.5293381 0.9648719 0.5661856 0.9648715 0.5554241 0.9788429 0.5554241 0.9648719 0.7297653 0.9648715 0.7165144 0.9788429 0.7165144 0.9648719 0.5027415 0.9648719 0.5170531 0.9788429 0.5027415 0.9788429 0.7529647 0.9648715 0.7409288 0.9788429 0.7409288 0.964872 0.6614063 0.9648715 0.6464028 0.9788429 0.6464028 0.964872 0.7398439 0.6380592 0.6213128 0.7473177 0.6213128 0.6380632 0.6213128 0.6380632 0.7398439 0.7473177 0.6213128 0.7473177 0.5170531 0.9648715 0.5033373 0.9788429 0.5033373 0.9648719 0.7529647 0.9648715 0.741306 0.9788429 0.741306 0.9648719 0.6614062 0.9648715 0.6473053 0.978843 0.6473053 0.964872 0.920538 0.9368144 0.9408883 0.9660494 0.920538 0.9660494 0.9778817 0.9411535 0.9580963 0.9638783 0.9580963 0.9411545 0.9778816 0.9410451 0.9580963 0.9637697 0.9580963 0.9410459 0.8769085 0.9547121 0.8460649 0.9999493 0.8460649 0.9547137 0.9393105 0.9368141 0.9596607 0.966049 0.9393101 0.966049 0.977882 0.9411535 0.9580968 0.9638781 0.9580967 0.9411543 0.9778821 0.9410451 0.9580969 0.9637697 0.9580969 0.9410459 0.8769056 0.9547121 0.8460621 0.9999493 0.8460621 0.9547137 0.9581699 0.9693651 0.97852 0.9986001 0.9581695 0.9986 0.958099 0.9737042 0.9778844 0.996428 0.9580993 0.996428 0.9580949 0.941047 0.9778802 0.9637706 0.9580947 0.9637708 0.8769054 0.9547121 0.8460618 0.9999493 0.8460618 0.9547137 0.7398441 0.6380592 0.6213128 0.7473177 0.6213128 0.6380632 0.6202232 0.7068217 0.5561271 0.7502556 0.5561271 0.7068234 0.7398445 0.6380592 0.6213135 0.7473177 0.6213135 0.6380633 0.166687 0.6963037 0.1332857 0.7121629 0.1332857 0.6963043 0.9393076 0.9693655 0.9596577 0.9986004 0.9393074 0.9986005 0.9778777 0.9737023 0.9580924 0.9964269 0.9580923 0.9737032 0.9778823 0.9410451 0.958097 0.9637697 0.958097 0.9410459 0.8769054 0.9547121 0.8460618 0.9999493 0.8460618 0.9547137 0.7398439 0.6380592 0.6213128 0.7473177 0.6213128 0.6380633 0.1180838 0.7041149 0.0846824 0.7199741 0.0846824 0.7041155 0.7398444 0.6380591 0.6213134 0.7473177 0.6213133 0.6380631 0.2826017 0.7930309 0.2508386 0.8081122 0.2508386 0.7930315 0.5412615 0.5927104 0.4988988 0.6356999 0.4988988 0.592712 0.4988988 0.592712 0.5412615 0.5927104 0.5412615 0.5927104 0.9210168 0.9706615 0.8995299 0.9998975 0.8995299 0.9706625 0.9986948 0.9376808 0.9772078 0.9669169 0.9772078 0.9376819 0.9580954 0.9739181 0.9778807 0.9966418 0.9580954 0.9966418 0.977884 0.9410451 0.9580987 0.9637697 0.9580987 0.9410459 0.9210143 0.9706607 0.8995274 0.9998969 0.8995274 0.9706617 0.941195 0.9706607 0.9197081 0.9998968 0.919708 0.9706617 0.7027558 0.9632512 0.6897205 0.9790647 0.6897204 0.9632518 0.5037721 0.9632518 0.5168074 0.9790647 0.5037721 0.9790647 0.5289406 0.9632518 0.5419759 0.9790647 0.5289406 0.9790647 0.6361444 0.9632512 0.6231091 0.9790647 0.6231091 0.9632518 0.8769062 0.954712 0.8460627 0.9999493 0.8460627 0.9547136 0.6604026 0.9648715 0.6471517 0.9788429 0.6471517 0.9648719 0.6134197 0.9648715 0.6039955 0.9788429 0.6039955 0.9648719 0.6614612 0.9642292 0.6760635 0.9784609 0.6614612 0.9784609 0.6031008 0.9648719 0.6130005 0.9788429 0.6031008 0.9788429 0.6604026 0.9648715 0.6471517 0.9788429 0.6471517 0.9648719 0.5163238 0.9648715 0.5030728 0.9788429 0.5030728 0.9648719 0.7297145 0.9648715 0.7164635 0.9788429 0.7164635 0.9648719 0.7529352 0.9648715 0.7408474 0.9788429 0.7408474 0.9648719 0.6604026 0.9648715 0.6471517 0.9788429 0.6471517 0.9648719 0.6134197 0.9648715 0.6039955 0.9788429 0.6039955 0.9648719 0.6614612 0.9642292 0.6760635 0.9784609 0.6614612 0.9784609 0.6031008 0.9648719 0.6130005 0.9788429 0.6031008 0.9788429 0.6604026 0.9648715 0.6471517 0.9788429 0.6471517 0.9648719 0.5163238 0.9648715 0.5030728 0.9788429 0.5030728 0.9648719 0.7297145 0.9648715 0.7164635 0.9788429 0.7164635 0.9648719 0.7529352 0.9648715 0.7408474 0.9788429 0.7408474 0.9648719 0.8219862 0.9648715 0.8100724 0.9788429 0.8100724 0.9648719 0.8219863 0.9788429 0.8100724 0.9648715 0.8219863 0.9648719 0.5714408 0.000992287 0.7293787 0.1815915 0.5714408 0.1815915 0.5942367 0.001894295 0.6899309 0.1811149 0.5942367 0.1811149 0.3313974 0.9655798 0.3313974 0.9278702 0.3376874 0.925 0.6196818 0.9502511 0.6147103 0.9495104 0.6183217 0.9254655 0.6483925 0.9216358 0.6636768 0.9146615 0.6636768 0.9390054 0.6686996 0.9146692 0.6757169 0.9390217 0.6636768 0.9390054 0.8770878 0.9554097 0.8697182 0.9210613 0.882679 0.9151475 0.2881805 0.5202876 0.2881805 0.7532519 0.2504717 0.6207413 0.9650624 0.1138865 0.9650624 0.3459267 0.9589458 0.2103065 0.7544553 0.9218874 0.7708186 0.9144197 0.7708186 0.9387642 0.7828602 0.9144346 0.7828614 0.9387819 0.7708186 0.9387642 0.5276594 0.6665434 0.5326877 0.5048906 0.5326877 0.7990158 0.9069418 0.7939212 0.906942 0.8627393 0.8697198 0.8633442 0.3256354 0.9652596 0.3193459 0.9681311 0.3193459 0.9304202 0.02233284 0.943718 0.02205586 0.9680315 0.01702934 0.9679802 0.941189 0.3809279 0.9372855 0.5936025 0.9323217 0.593592 0.874457 0.482429 0.874457 0.3784705 0.9058739 0.3999793 0.9141169 0.9733937 0.9073208 0.9774811 0.9073208 0.9465466 0.796994 0.6073172 0.864955 0.4589301 0.8742873 0.4631894 0.3538499 0.9559339 0.3434512 0.9621881 0.3434512 0.9312535 0.7853087 0.6014983 0.8532683 0.4531112 0.864955 0.4584435 0.3326679 0.9203859 0.3285636 0.9232823 0.3193465 0.924131 0.3193465 0.924131 0.3873244 0.7756987 0.3326679 0.9203859 0.3873244 0.7756987 0.3926751 0.7832804 0.3932553 0.7882627 0.9569877 0.8146589 0.9464969 0.8190658 0.943434 0.810947 0.9531064 0.7670518 0.950582 0.7713953 0.9425508 0.7760015 0.9425508 0.7760015 0.9425508 0.6124913 0.9531064 0.7670518 0.9425508 0.6124913 0.9505743 0.6171749 0.9531779 0.6214742 0.9464678 0.7805188 0.9569877 0.7761705 0.9530127 0.8033738 0.3326679 0.9203859 0.3327462 0.9210842 0.3285912 0.9239069 0.9539299 0.8065322 0.943434 0.810947 0.9425498 0.8078522 0.3193465 0.9248294 0.3193465 0.924131 0.3285636 0.9232823 0.9283568 0.5370628 0.9233312 0.5653933 0.9119327 0.5697602 0.9193342 0.6125113 0.9329863 0.6124919 0.9329863 0.7642859 0.9332982 0.764967 0.919643 0.7649869 0.9193311 0.7643059 0.9329888 0.7651604 0.9329888 0.9171903 0.9193314 0.9171899 0.9233312 0.5653933 0.9283568 0.5778995 0.9169584 0.5822664 0.9523887 0.1502733 0.9518854 0.1136167 0.9587746 0.1102073 0.2501545 0.9149994 0.2744987 0.9149994 0.2744809 0.927043 0.3181458 0.4825581 0.3181458 0.8973646 0.3125535 0.6548005 0.9510249 0.1644207 0.9510249 0.1714421 0.9464493 0.1693546 0.5291191 0.8787485 0.5291191 0.9935649 0.5222135 0.9935568 0.7834101 0.9771459 0.7834101 0.8627851 0.7845305 0.8634589 0.9335249 0.004756987 0.9415352 8.46904e-05 0.9309269 0.00905019 0.9415352 8.46904e-05 0.9415352 0.1762018 0.9309943 0.167236 0.9415352 0.1762018 0.9335176 0.1715865 0.9309943 0.167236 0.9436849 0.3482286 0.941162 0.3438867 0.9517159 0.3528364 0.941162 0.3438867 0.9410874 0.1856489 0.9517159 0.1766631 0.9410874 0.1856489 0.9436911 0.1813476 0.9517159 0.1766631 0.9039016 0.8974944 0.8957483 0.8976839 0.8957483 0.88626 0.9309269 0.00905019 0.9309943 0.167236 0.930288 0.1674925 0.9309943 0.167236 0.9335176 0.1715865 0.9328871 0.1717965 0.9038955 0.886067 0.9066138 0.8858844 0.9065417 0.8973098 0.9335176 0.1715865 0.9415352 0.1762018 0.9408999 0.1764917 0.7854493 0.7565706 0.7847002 0.7565706 0.8504456 0.6124905 0.8695468 0.6208972 0.8038014 0.7649758 0.7854493 0.7565706 0.9298869 0.9439152 0.9298869 0.9317089 0.9331655 0.9336808 0.932149 0.5368914 0.9119323 0.5368919 0.9119333 0.3784699 0.08859181 0.9639757 0.07633674 0.9639901 0.07633674 0.94378 0.2779138 0.7580932 0.2859184 0.7534251 0.2753088 0.7623896 0.2859184 0.7534251 0.2859184 0.9301975 0.2753774 0.9212318 0.2859184 0.9301975 0.2778974 0.9255786 0.2753774 0.9212318 0.9328941 0.3488904 0.9303631 0.3445425 0.9409173 0.3534925 0.9303631 0.3445425 0.9302882 0.1856488 0.9409173 0.1766614 0.9302882 0.1856488 0.9328882 0.1813503 0.9409173 0.1766614 0.9416128 0.6121318 0.9334686 0.612321 0.9334686 0.6008971 0.2753088 0.7623896 0.2753774 0.9212318 0.2746711 0.9214882 0.2753774 0.9212318 0.2778974 0.9255786 0.2772669 0.9257904 0.9416097 0.6007045 0.9443342 0.6005215 0.9442605 0.6119473 0.2778974 0.9255786 0.2859184 0.9301975 0.285283 0.9304874 0.7854493 0.9085801 0.7847002 0.9085801 0.8501486 0.7651477 0.8038021 0.9169852 0.7854493 0.9085801 0.8508977 0.7651477 0.9298877 0.9295663 0.9298877 0.91736 0.933167 0.919332 0.461018 0.7756975 0.461018 0.9334086 0.4408002 0.9334083 0.940918 0.3738717 0.928663 0.3738861 0.928663 0.353676 0.9331018 0.6036848 0.9331018 0.611423 0.9285278 0.6093356 0.9789157 0.8406498 0.9789157 0.9671928 0.9720101 0.9671848 0.3112614 0.9317544 0.3112614 0.8057136 0.3123818 0.8063874 0.3094128 0.9686923 0.3094128 0.8057135 0.3107722 0.8423483 0.6963806 0.9396876 0.6963783 0.9146626 0.6997722 0.9167034 0.3092411 0.805741 0.3092445 0.9314475 0.2883518 0.9314165 0.9490786 0.6026089 0.9490786 0.6100693 0.9445046 0.6079818 0.9851167 0.9525736 0.9851167 0.8377569 0.9920223 0.8379077 0.9832802 0.354063 0.9832802 0.2325573 0.9843991 0.2332311 0.5194507 0.7892833 0.5126639 0.7923811 0.512663 0.7873519 0.9832794 0.231713 0.9832794 0.1102073 0.9844007 0.1108812 0.9964842 0.7344895 0.9895772 0.7344815 0.9895772 0.6124917 0.4046616 0.7864427 0.4406282 0.7756974 0.4293928 0.8194916 0.9872094 0.3070011 0.9872134 0.5391792 0.9851181 0.540137 0.9668092 0.8889202 0.9701703 0.8873865 0.9701703 0.9680038 0.2215952 0.9397771 0.2432904 0.8922303 0.2445735 0.8922303 0.7830056 0.8627852 0.7832389 0.8629253 0.7832389 0.883821 0.2241839 0.9403742 0.2228784 0.9397771 0.2445735 0.8922303 0.7819258 0.8837657 0.7804876 0.8837642 0.7804876 0.8627851 0.2476637 0.9445102 0.2476637 0.8922293 0.2491013 0.8922298 0.3934257 0.9547992 0.4151201 0.9072493 0.4164032 0.9072493 0.7820947 0.8627851 0.7823272 0.8629249 0.7823272 0.8838205 0.3960113 0.9553948 0.3947089 0.9547992 0.4164032 0.9072493 0.7819228 0.9049171 0.7804876 0.9049152 0.7804876 0.8839365 0.8934052 0.9674304 0.8934052 0.9151484 0.8948406 0.9151489 0.2460501 0.9666386 0.2460501 0.8922299 0.2474914 0.8930975 0.4320055 0.9516039 0.4320055 0.9072506 0.4395702 0.9072626 0.9652314 0.3122444 0.9652317 0.2678893 0.9697791 0.2658144 0.5339988 0.8272523 0.5339988 0.8716056 0.5337468 0.8717206 0.4539906 0.9779353 0.4539906 0.9335802 0.4602689 0.9335904 0.2881797 0.753424 0.2881797 0.797779 0.2879284 0.7978937 0.8427135 0.3219247 0.8493717 0.4477568 0.8218229 0.4477189 0.5292901 0.8808694 0.533959 0.8787391 0.533959 0.9593586 0.9653103 0.6054829 0.9581645 0.6011849 0.9581645 0.5173653 0.8957858 0.8978992 0.91916 0.8979339 0.9191593 0.9422872 0.6900174 0.9618412 0.6900174 0.9174879 0.696207 0.9146636 0.2881824 0.7980651 0.2881824 0.8424198 0.2879304 0.8425348 0.9841917 0.5403168 0.9841917 0.5846714 0.9779147 0.5846623 0.53311 0.8272518 0.53311 0.8716065 0.5328587 0.8717212 0.9948617 0.3139998 0.9995431 0.3118636 0.9995431 0.4380373 0.9716248 0.3782915 0.9716248 0.3339365 0.9779024 0.3339452 0.4404079 0.8551542 0.4404079 0.8995091 0.4401566 0.8996239 0.494146 0.9375413 0.494146 0.9818964 0.487869 0.9818873 0.2881803 0.8427038 0.2881803 0.8870574 0.2879282 0.8871724 0.3015227 0.9759694 0.3015227 0.9316197 0.3078017 0.9316248 0.5333248 0.8273672 0.5335761 0.8272525 0.533542 0.8716022 0.585609 0.9558399 0.5847318 0.9553123 0.5847318 0.8627852 0.5520007 0.9558395 0.551122 0.9553121 0.551122 0.8627851 0.9422368 0.4873023 0.9413596 0.4867746 0.9413596 0.3784703 0.9425814 0.1089171 0.9417049 0.1083895 0.9417049 8.51873e-05 0.1002127 0.9437749 0.1002127 0.959737 0.09481215 0.9597295 0.04065197 0.9608836 0.0261287 0.9542574 0.0261287 0.9485768 0.08876293 0.9624897 0.08876371 0.9465256 0.09481292 0.9437654 0.5520007 0.8633125 0.5677565 0.8630566 0.5677565 0.9555836 0.9425814 0.000612811 0.958338 0.000356866 0.958338 0.1086612 0.2669079 0.9496949 0.2646593 0.9546058 0.250136 0.9479789 0.13611 0.9597355 0.1307088 0.9597268 0.1307087 0.9437647 0.2646593 0.9602865 0.250136 0.9536596 0.250136 0.9479789 0.1246595 0.962487 0.1246595 0.9465249 0.1307087 0.9437647 0.585609 0.8633129 0.6013656 0.8630569 0.6013656 0.9555839 0.9422368 0.3789979 0.9579934 0.378742 0.9579934 0.4870463 0.04290062 0.9502936 0.04065197 0.9552029 0.0261287 0.9485768 0.5688048 0.9558395 0.5679276 0.9553121 0.5679276 0.8627851 0.5351935 0.9558399 0.5343163 0.9553123 0.5343163 0.8627852 0.9343451 0.9342854 0.9334671 0.933758 0.9334671 0.8254536 0.9422376 0.5963046 0.9413596 0.595777 0.9413596 0.4874726 0.1235715 0.9597367 0.1181709 0.9597298 0.1181695 0.9437677 0.01461076 0.9608859 8.59548e-05 0.954259 8.59548e-05 0.9485782 0.1121219 0.9624906 0.1121205 0.9465284 0.1181695 0.9437677 0.5351935 0.8633129 0.5509516 0.8630567 0.5509516 0.9555838 0.9422376 0.4880002 0.9579934 0.4877441 0.9579934 0.5960485 0.06894338 0.9503926 0.06669628 0.9553027 0.0521745 0.9486758 0.1119502 0.9597375 0.106551 0.9597312 0.106551 0.9437674 0.06669628 0.9609834 0.0521745 0.9543564 0.0521745 0.9486758 0.1005018 0.9624914 0.1005018 0.9465276 0.106551 0.9437674 0.5688048 0.8633125 0.5845622 0.8630566 0.5845622 0.9555836 0.9343451 0.8259811 0.9501017 0.8257251 0.9501017 0.9340295 0.002334535 0.9436681 0.01685786 0.9502943 0.01461076 0.9552052 0.3191316 0.8995881 0.3191316 0.9570155 0.3184363 0.9565968 0.1971419 0.9397786 0.218837 0.8922303 0.2201202 0.8922303 0.5202258 0.775698 0.5204599 0.7758384 0.5204599 0.796734 0.1984251 0.9397786 0.2201202 0.8922303 0.2214256 0.8928289 0.4390983 0.8981102 0.4376617 0.8981086 0.4376617 0.8771295 0.9512501 0.1613667 0.9498121 0.1613677 0.9498126 0.1090868 0.796994 0.6073172 0.8063278 0.612321 0.7847025 0.6024538 0.3193465 0.755885 0.5204591 0.5048764 0.5204591 0.7755275 0.5343144 8.62996e-05 0.7728501 0.000421839 0.7728501 0.4529411 0.958021 0.7323814 0.963427 0.7323875 0.963427 0.8252831 0.9585076 8.51873e-05 0.9639151 9.17107e-05 0.9639151 0.1088275 0.9640854 8.51873e-05 0.9694929 9.13269e-05 0.9694929 0.1088271 0.9752411 8.51873e-05 0.9806471 9.13269e-05 0.9806471 0.09298688 0.9654806 0.4922644 0.9708866 0.492271 0.9708866 0.6010068 0.9696648 8.51873e-05 0.9750708 9.13269e-05 0.9750708 0.1088271 0.312553 0.8975353 0.3179589 0.8975415 0.3179589 0.9904371 0.9895772 0.7346603 0.9949831 0.7346664 0.9949831 0.827562 0.821648 0.3279715 0.821648 0.4512655 0.773062 0.4512391 0.4374922 0.8551545 0.4374932 0.9070789 0.3934267 0.9070789 0.9807302 0.8406426 0.9807302 0.9696455 0.9790881 0.9703948 0.8495415 0.3218948 0.8717286 0.3219209 0.8717286 0.4437042 0.35638 0.9540983 0.3540204 0.9470346 0.3636425 0.9480562 0.953881 0.8276182 0.963425 0.827463 0.9634273 0.9487636 0.9054309 0.8635156 0.9054309 0.8857139 0.895749 0.8857126 0.3660038 0.92602 0.3636425 0.9480562 0.3540204 0.9470346 0.953881 0.8276182 0.9538741 0.9489191 0.9502731 0.946754 0.9285278 0.5993002 0.9285278 0.5370632 0.9320642 0.5391899 0.6233332 0.9252957 0.6015359 0.92527 0.6015359 0.8627851 0.4376635 0.8551545 0.439984 0.8551546 0.439984 0.8769589 0.871899 0.3754481 0.874189 0.3754109 0.874189 0.4376478 0.9284226 0.3765679 0.9261083 0.3764238 0.9247389 0.3728564 0.9284226 0.3512725 0.9270532 0.3730006 0.9247389 0.3728564 0.8565159 0.4522178 0.8565159 0.4438753 0.8598251 0.4438757 0.8667776 0.4522187 0.8634739 0.4522156 0.8634739 0.443875 0.8374342 0.4479275 0.8379722 0.4482502 0.8379722 0.4517596 0.8251273 0.4514547 0.8218196 0.4514509 0.8218196 0.4479279 0.859996 0.4522176 0.859996 0.4438752 0.8633053 0.4438756 0.8702518 0.4522182 0.8669481 0.4522151 0.8669481 0.4438745 0.8381425 0.4479275 0.8386805 0.4482502 0.8386805 0.4517594 0.8286069 0.4514544 0.8252992 0.4514505 0.8252992 0.4479275 0.828777 0.4523726 0.828777 0.4479255 0.830325 0.4479275 0.8354821 0.4523677 0.8339346 0.4523723 0.8339359 0.4479319 0.8365432 0.4479275 0.837263 0.4483613 0.837263 0.4518705 0.5126636 0.7970012 0.5126636 0.7925561 0.5161866 0.7925518 0.8304963 0.4523729 0.8304963 0.4479257 0.8320442 0.4479278 0.833763 0.4523664 0.8322154 0.452371 0.8322168 0.4479306 0.8356521 0.4479275 0.836372 0.4483613 0.836372 0.4518707 0.5163572 0.7970013 0.5163572 0.7925562 0.5198802 0.792552 0.7544553 0.8685016 0.7547616 0.8647567 0.7560049 0.8636915 0.8363966 0.9237045 0.8269334 0.9686911 0.8269334 0.9174774 0.3683611 0.9488074 0.3706494 0.9487106 0.3712842 0.9496318 0.8373191 0.9234688 0.8363966 0.9237045 0.8345728 0.9197634 0.3683611 0.9488074 0.3661748 0.950506 0.3661748 0.926481 0.3753302 0.9253842 0.3791788 0.9249996 0.3790733 0.9487153 0.3683611 0.9488074 0.3684852 0.925829 0.3707734 0.9257322 0.3753302 0.9253842 0.3752197 0.9491055 0.3706494 0.9487106 0.7803155 0.9139212 0.7558588 0.9142479 0.7560049 0.8636915 0.7020771 0.8687421 0.7023926 0.864998 0.7037883 0.8634865 0.8923147 0.9218572 0.8828489 0.9668434 0.8828489 0.9160851 0.9432736 0.3765056 0.9455618 0.3764087 0.9461953 0.3773288 0.8932371 0.9216216 0.8923147 0.9218572 0.8904912 0.9179159 0.9432736 0.3765056 0.941088 0.3782039 0.941088 0.3541803 0.9501134 0.3767226 0.9502582 0.3530059 0.9541091 0.3534348 0.9455618 0.3764087 0.9432736 0.3765056 0.9433977 0.3535286 0.9501134 0.3767226 0.9455618 0.3764087 0.9456853 0.3534303 0.728096 0.8636699 0.7278247 0.9142259 0.7033672 0.914492 0.461189 0.8938786 0.4614954 0.8901337 0.4627388 0.8890684 0.8258396 0.9237036 0.8163766 0.9686903 0.8163766 0.9174766 0.4983714 0.9541818 0.5006611 0.954086 0.5012953 0.9550057 0.8267636 0.9234682 0.8258396 0.9237036 0.8240175 0.9197628 0.4983714 0.9541818 0.4961852 0.9558806 0.4961852 0.9318549 0.5053384 0.9307585 0.5091871 0.9303737 0.5090844 0.9540888 0.4983714 0.9541818 0.4984942 0.9312034 0.5007831 0.9311061 0.5053384 0.9307585 0.50523 0.9544795 0.5006611 0.954086 0.4870479 0.9392992 0.4625912 0.939625 0.4627388 0.8890684 0.7282662 0.8687413 0.728582 0.8649972 0.7299769 0.8634863 0.6470996 0.9213706 0.6376323 0.9663568 0.6376323 0.9155986 0.442986 0.9570772 0.4452735 0.9569806 0.4459071 0.9578989 0.6480221 0.9211354 0.6470996 0.9213706 0.6452745 0.9174293 0.442986 0.9570772 0.4407984 0.9587749 0.4407984 0.9347509 0.4498258 0.9572941 0.4499698 0.933579 0.4538209 0.934006 0.442986 0.9570772 0.443108 0.9340991 0.445397 0.9340019 0.4498258 0.9572941 0.4452735 0.9569806 0.445397 0.9340019 0.7542853 0.8636698 0.7540123 0.9142258 0.7295548 0.9144912 0.6235043 0.8687415 0.62382 0.8649973 0.6252173 0.8634861 0.7518569 0.9213706 0.7423911 0.9663564 0.7423912 0.9155986 0.4633754 0.9632555 0.4656637 0.9631586 0.4662986 0.9640781 0.7527809 0.921135 0.7518569 0.9213706 0.750035 0.9174293 0.4633754 0.9632555 0.4611891 0.9649541 0.4611891 0.9409288 0.4703677 0.9635083 0.4702058 0.9397965 0.4742122 0.9401857 0.4656637 0.9631586 0.4633754 0.9632555 0.4634987 0.940277 0.4702058 0.9397965 0.4703677 0.9635083 0.4656637 0.9631586 0.6495249 0.8636699 0.6492519 0.9142259 0.6247937 0.9144912 0.8697182 0.8692308 0.8700253 0.865486 0.8712679 0.8644209 0.8575109 0.9236882 0.8480463 0.968675 0.8480463 0.9174605 0.2768575 0.9544624 0.2791458 0.9543656 0.27978 0.9552837 0.8584334 0.9234529 0.8575109 0.9236882 0.8556872 0.9197474 0.2768575 0.9544624 0.2746711 0.9561609 0.2746711 0.9321362 0.2839798 0.9310061 0.2876758 0.9306566 0.2875697 0.9543705 0.2792712 0.9313868 0.2791458 0.9543656 0.2768575 0.9544624 0.28356 0.954713 0.2791458 0.9543656 0.2792712 0.9313868 0.8955777 0.9146509 0.8711211 0.9149774 0.8712679 0.8644209 0.4961849 0.8844564 0.4964913 0.8807117 0.4977339 0.8796465 0.9287934 0.9238919 0.9193301 0.9688785 0.9193301 0.9176648 0.9141198 0.6062436 0.9164074 0.6061453 0.9170423 0.6070665 0.9297159 0.9236562 0.9287934 0.9238919 0.9269696 0.9199508 0.9141198 0.6062436 0.9119328 0.6079426 0.9119328 0.5839155 0.9212399 0.5827872 0.9249352 0.582436 0.9248319 0.6061511 0.9165319 0.5831696 0.9164074 0.6061453 0.9141198 0.6062436 0.9208222 0.6064955 0.9164074 0.6061453 0.9165319 0.5831696 0.5220445 0.9298771 0.4975863 0.930203 0.4977339 0.8796465 0.6496973 0.8687419 0.650013 0.8649979 0.6514095 0.8634865 0.7941651 0.9238644 0.7847008 0.9688506 0.7847008 0.9180924 0.4765668 0.9632525 0.478855 0.9631557 0.4794905 0.9640765 0.7950891 0.9236292 0.7941651 0.9238644 0.7923431 0.9199236 0.4765668 0.9632525 0.4743812 0.9649508 0.4743812 0.9409258 0.4835597 0.9635069 0.4833998 0.9397962 0.4874056 0.9401841 0.478855 0.9631557 0.4765668 0.9632525 0.4766921 0.9402751 0.4833998 0.9397962 0.4835597 0.9635069 0.478855 0.9631557 0.6757171 0.86367 0.6754449 0.914226 0.6509867 0.9144917 0.02612906 0.8977479 0.02644479 0.8940038 0.02789199 0.8923424 0.8680679 0.9236882 0.8586046 0.9686748 0.8586046 0.9174607 0.6037237 0.9492756 0.6060107 0.9491778 0.6066462 0.9500986 0.8689904 0.9234525 0.8680679 0.9236882 0.8662441 0.9197471 0.6037237 0.9492756 0.6015368 0.9509727 0.6015368 0.9269481 0.6108446 0.9258199 0.6145407 0.9254688 0.6144152 0.9498898 0.6060107 0.9491778 0.6037237 0.9492756 0.6038471 0.9262961 0.6104269 0.9495276 0.6060107 0.9491778 0.6061361 0.926199 0.05200248 0.89223 0.05187511 0.9432324 0.02741765 0.9434974 0.898707 0.3276113 0.8990141 0.3238663 0.9002566 0.3228012 0.8469523 0.9237042 0.8374907 0.9686909 0.8374907 0.9174769 0.290534 0.9554272 0.2928223 0.9553303 0.2934565 0.95625 0.8478763 0.9234689 0.8469523 0.9237042 0.8451301 0.9197635 0.290534 0.9554272 0.2883471 0.9571245 0.2883471 0.9331007 0.2975011 0.9320039 0.3013496 0.9316191 0.3012481 0.9553369 0.2928223 0.9553303 0.290534 0.9554272 0.2906568 0.9324488 0.2975011 0.9320039 0.2973905 0.9557241 0.2928223 0.9553303 0.9245673 0.3730314 0.9001098 0.3733577 0.9002566 0.3228012 8.51102e-05 0.8977483 0.00040068 0.894004 0.001846253 0.8923433 0.8152825 0.923704 0.8058192 0.9686907 0.8058192 0.917477 0.3815327 0.9488062 0.3838217 0.9487091 0.3844572 0.94963 0.8162065 0.9234684 0.8152825 0.923704 0.8134586 0.919763 0.3815327 0.9488062 0.3793484 0.9505055 0.3793484 0.9264791 0.9777446 0.4822486 0.9777446 0.5948598 0.9716264 0.5911803 0.3885017 0.9253835 0.392351 0.9249987 0.3922268 0.9494226 0.3839463 0.9257307 0.3838217 0.9487091 0.3815327 0.9488062 0.3885017 0.9253835 0.388392 0.9491041 0.3838217 0.9487091 0.02595907 0.8922302 0.02583271 0.9432319 0.001375257 0.9434978 0.6758866 0.868742 0.6762029 0.8649981 0.6775986 0.863487 0.8047252 0.9238644 0.7952595 0.9688506 0.7952595 0.9180928 0.9356504 0.9579541 0.9379394 0.9578568 0.9385735 0.9587766 0.8056477 0.9236292 0.8047252 0.9238644 0.8029018 0.9199236 0.9356504 0.9579541 0.9334648 0.9596525 0.9334648 0.9356286 0.9424917 0.9581704 0.9426349 0.9344556 0.9464866 0.934884 0.9379394 0.9578568 0.9356504 0.9579541 0.9357745 0.9349768 0.9424917 0.9581704 0.9379394 0.9578568 0.9380621 0.9348784 0.7019056 0.8636698 0.7016342 0.9142258 0.6771768 0.9144919 0.6281415 0.9213017 0.6299423 0.9173498 0.637463 0.9149444 0.2311946 0.9650347 0.2227852 0.967235 0.2215942 0.9641308 0.6271132 0.9210339 0.629133 0.9166015 0.6299423 0.9173498 0.2321203 0.9641882 0.2311946 0.9650347 0.2292816 0.9647456 0.6271132 0.9210339 0.6275006 0.9660962 0.6236045 0.9638285 0.2263311 0.9410735 0.2254477 0.9639837 0.2215942 0.9641308 0.2299751 0.9638637 0.2308131 0.9416557 0.2329597 0.9419795 0.2263311 0.9410735 0.2308131 0.9416557 0.2299751 0.9638637 0.07616794 0.9435963 0.05217576 0.9435963 0.05226641 0.8923794 0.7329041 0.9212213 0.7347056 0.9172697 0.7422199 0.9147125 0.2182811 0.9649943 0.2098699 0.9671937 0.2086803 0.9641487 0.7318759 0.9209531 0.7338964 0.9165212 0.7347056 0.9172697 0.2192057 0.9641491 0.2182811 0.9649943 0.2163639 0.9647067 0.7318759 0.9209531 0.7322559 0.9660157 0.7283595 0.9637475 0.2124072 0.9638922 0.2086803 0.9641487 0.2095685 0.9405457 0.2170603 0.9638237 0.2178989 0.9416164 0.2200454 0.9419404 0.2135506 0.9410117 0.2178989 0.9416164 0.2170603 0.9638237 0.1484406 0.8923796 0.1486524 0.9435965 0.1246618 0.9435965 0.4225137 0.9138901 0.4243153 0.909938 0.431836 0.9075329 0.5189549 0.9548676 0.5105453 0.9570668 0.509356 0.9539619 0.4214854 0.9136221 0.4235053 0.9091899 0.4243153 0.909938 0.5198836 0.95402 0.5189549 0.9548676 0.517042 0.9545782 0.4214854 0.9136221 0.4218721 0.9586846 0.4179762 0.9564168 0.514095 0.9309071 0.5132094 0.9538145 0.509356 0.9539619 0.5185778 0.9314879 0.5207226 0.9318119 0.5198836 0.95402 0.514095 0.9309071 0.5185778 0.9314879 0.5177359 0.9536971 0.1969728 0.9435961 0.1729837 0.9435961 0.1730744 0.8923788 0.680524 0.9212877 0.6823264 0.9173356 0.689847 0.9149308 0.2427318 0.9650344 0.2343236 0.9672338 0.2331327 0.9641304 0.6794958 0.9210197 0.6815171 0.9165874 0.6823264 0.9173356 0.2436591 0.9641879 0.2427318 0.9650344 0.2408187 0.9647454 0.6794958 0.9210197 0.6798831 0.9660823 0.6759878 0.9638143 0.2377225 0.9410375 0.2371383 0.9639451 0.2331327 0.9641304 0.2423489 0.9416553 0.244497 0.9419785 0.2436591 0.9641879 0.2371383 0.9639451 0.2377225 0.9410375 0.2423489 0.9416553 0.1003289 0.9435957 0.07633674 0.9435958 0.0764274 0.8923792 0.7187815 0.9212215 0.7205837 0.91727 0.7280964 0.9147128 0.9053834 0.9669064 0.8969723 0.9691063 0.8957843 0.9660606 0.717754 0.9209536 0.7197745 0.9165215 0.7205837 0.91727 0.9063094 0.9660606 0.9053834 0.9669064 0.9034689 0.9666176 0.717754 0.9209536 0.7181325 0.966016 0.7142368 0.9637476 0.8995097 0.9658049 0.8957843 0.9660606 0.896673 0.942457 0.9041626 0.9657358 0.905003 0.9435272 0.9071484 0.9438526 0.9006545 0.9429217 0.905003 0.9435272 0.9041626 0.9657358 0.1726031 0.8923794 0.1728134 0.9435959 0.1488227 0.9435959 0.704658 0.921195 0.7064596 0.9172434 0.7139739 0.914686 0.2067405 0.9649945 0.1983313 0.967195 0.1971411 0.9641485 0.7036306 0.9209271 0.7056512 0.916495 0.7064596 0.9172434 0.207668 0.9641481 0.2067405 0.9649945 0.2048278 0.964706 0.7036306 0.9209271 0.7040076 0.9659893 0.7001135 0.963721 0.2010161 0.9638648 0.1971411 0.9641485 0.1980304 0.9405457 0.2085071 0.9419394 0.207668 0.9641481 0.2055214 0.9638241 0.2010161 0.9638648 0.2018621 0.940965 0.2063605 0.9416154 0.1241375 0.8923142 0.12449 0.9435303 0.1004979 0.9435963 0.941705 0.1582109 0.941705 0.1138586 0.9496387 0.1090868 0.5057056 8.59166e-05 0.5089335 0.001564025 0.3246197 0.4055084 0.5326701 0.5047063 0.3199152 0.4072644 0.3246197 0.4055084 0.1658094 8.59673e-05 0.1683239 0.002601623 0.005114674 0.1658113 0.9763013 0.8372565 0.9720115 0.8372361 0.9734575 0.6124936 0.4961839 0.8566135 0.4961847 0.7991863 0.5326883 0.8211421 0.9831091 0.1102086 0.9831091 0.3353038 0.9788171 0.3353021 0.9720115 0.8372361 0.9763013 0.8372565 0.9777491 0.8404721 0.9885976 0.540308 0.9885969 0.5977354 0.9843613 0.5978042 0.985106 9.01757e-05 0.985106 0.05774623 0.9808174 0.05774122 0.9894063 0.8375862 0.985116 0.8375873 0.9851154 0.6124921 0.9873858 0.3116878 0.9873852 0.0866627 0.9916696 0.08667165 0.5194507 0.7892833 0.5126639 0.7923811 0.512663 0.7787942 0.9779195 0.6124917 0.9849463 0.6124998 0.9849463 0.7741584 0.2504706 0.753813 0.2744988 0.7534228 0.2744988 0.9144404 0.9423795 0.6124919 0.9423795 0.8252023 0.9374164 0.8252831 0.2860887 0.9169619 0.2860918 0.7911337 0.2864388 0.7909753 0.3123826 0.4825574 0.3123811 0.6435748 0.2883499 0.6439652 0.3123819 0.6441357 0.3123812 0.8051531 0.2883507 0.8055433 0.7297653 0.9788429 0.7165144 0.9788429 0.7165144 0.9648715 0.5661856 0.9788429 0.5554241 0.9788429 0.5554241 0.9648715 0.540754 0.9788429 0.5293381 0.9788429 0.5293381 0.9648715 0.689904 0.9788429 0.676104 0.9788429 0.676104 0.9640745 0.7297653 0.9788429 0.7165144 0.9788429 0.7165144 0.9648715 0.5894782 0.9788429 0.5771219 0.9788429 0.5771219 0.9648715 0.5894782 0.9648715 0.5894782 0.9788429 0.5771219 0.9788429 0.7297653 0.9648715 0.7297653 0.9788429 0.7165144 0.9788429 0.6899041 0.9640745 0.6899041 0.9788429 0.676104 0.9788429 0.540754 0.9648715 0.540754 0.9788429 0.5293381 0.9788429 0.5661856 0.9648715 0.5661856 0.9788429 0.5554241 0.9788429 0.7297653 0.9648715 0.7297653 0.9788429 0.7165144 0.9788429 0.5027415 0.9648719 0.5170531 0.9648715 0.5170531 0.9788429 0.7529647 0.9648715 0.7529647 0.9788429 0.7409288 0.9788429 0.6614063 0.9648715 0.6614063 0.9788429 0.6464028 0.9788429 0.7398439 0.6380592 0.7398439 0.7473177 0.6213128 0.7473177 0.6213128 0.6380632 0.7398439 0.6380592 0.7398439 0.7473177 0.5170531 0.9648715 0.5170531 0.9788429 0.5033373 0.9788429 0.7529647 0.9648715 0.7529647 0.9788427 0.741306 0.9788429 0.6614062 0.9648715 0.6614062 0.9788429 0.6473053 0.978843 0.920538 0.9368144 0.9408882 0.9368134 0.9408883 0.9660494 0.9778817 0.9411535 0.9778817 0.9638782 0.9580963 0.9638783 0.9778816 0.9410451 0.9778816 0.9637697 0.9580963 0.9637697 0.8769085 0.9547121 0.8769084 0.9999493 0.8460649 0.9999493 0.9393105 0.9368141 0.9596604 0.9368129 0.9596607 0.966049 0.977882 0.9411535 0.977882 0.9638782 0.9580968 0.9638781 0.9778821 0.9410451 0.9778821 0.9637697 0.9580969 0.9637697 0.8769056 0.9547121 0.8769057 0.9999494 0.8460621 0.9999493 0.9581699 0.9693651 0.9785197 0.9693641 0.97852 0.9986001 0.958099 0.9737042 0.9778845 0.9737033 0.9778844 0.996428 0.9580949 0.941047 0.9778797 0.9410458 0.9778802 0.9637706 0.8769054 0.9547121 0.8769054 0.9999493 0.8460618 0.9999493 0.7398441 0.6380592 0.7398442 0.7473177 0.6213128 0.7473177 0.6202232 0.7068217 0.6202232 0.7502557 0.5561271 0.7502556 0.7398445 0.6380592 0.7398445 0.7473178 0.6213135 0.7473177 0.166687 0.6963037 0.1666871 0.7121629 0.1332857 0.7121629 0.9393076 0.9693655 0.9596573 0.9693641 0.9596577 0.9986004 0.9778777 0.9737023 0.9778777 0.9964269 0.9580924 0.9964269 0.9778823 0.9410451 0.9778823 0.9637697 0.958097 0.9637697 0.8769054 0.9547121 0.8769054 0.9999493 0.8460618 0.9999493 0.7398439 0.6380592 0.7398439 0.7473177 0.6213128 0.7473177 0.1180838 0.7041149 0.1180838 0.7199741 0.0846824 0.7199741 0.7398444 0.6380591 0.7398445 0.7473177 0.6213134 0.7473177 0.2826017 0.7930309 0.2826016 0.8081122 0.2508386 0.8081122 0.5412615 0.5927104 0.5412615 0.6356999 0.4988988 0.6356999 0.4988988 0.592712 0.4988988 0.592712 0.5412615 0.5927104 0.9210168 0.9706615 0.9210169 0.9998975 0.8995299 0.9998975 0.9986948 0.9376808 0.9986948 0.9669169 0.9772078 0.9669169 0.9580954 0.9739181 0.9778807 0.9739173 0.9778807 0.9966418 0.977884 0.9410451 0.977884 0.9637697 0.9580987 0.9637697 0.9210143 0.9706607 0.9210144 0.9998968 0.8995274 0.9998969 0.941195 0.9706607 0.9411949 0.9998967 0.9197081 0.9998968 0.7027558 0.9632512 0.7027558 0.9790647 0.6897205 0.9790647 0.5037721 0.9632518 0.5168074 0.9632512 0.5168074 0.9790647 0.5289406 0.9632518 0.5419759 0.9632512 0.5419759 0.9790647 0.6361444 0.9632512 0.6361444 0.9790647 0.6231091 0.9790647 0.8769062 0.954712 0.8769063 0.9999493 0.8460627 0.9999493 0.6604026 0.9648715 0.6604026 0.9788429 0.6471517 0.9788429 0.6134197 0.9648715 0.6134197 0.9788429 0.6039955 0.9788429 0.6614612 0.9642292 0.6760635 0.9642288 0.6760635 0.9784609 0.6031008 0.9648719 0.6130005 0.9648715 0.6130005 0.9788429 0.6604026 0.9648715 0.6604026 0.9788429 0.6471517 0.9788429 0.5163238 0.9648715 0.5163238 0.9788429 0.5030728 0.9788429 0.7297145 0.9648715 0.7297145 0.9788429 0.7164635 0.9788429 0.7529352 0.9648715 0.7529352 0.9788429 0.7408474 0.9788429 0.6604026 0.9648715 0.6604026 0.9788429 0.6471517 0.9788429 0.6134197 0.9648715 0.6134197 0.9788429 0.6039955 0.9788429 0.6614612 0.9642292 0.6760635 0.9642288 0.6760635 0.9784609 0.6031008 0.9648719 0.6130005 0.9648715 0.6130005 0.9788429 0.6604026 0.9648715 0.6604026 0.9788429 0.6471517 0.9788429 0.5163238 0.9648715 0.5163238 0.9788429 0.5030728 0.9788429 0.7297145 0.9648715 0.7297145 0.9788429 0.7164635 0.9788429 0.7529352 0.9648715 0.7529352 0.9788429 0.7408474 0.9788429 0.8219862 0.9648715 0.8219862 0.9788429 0.8100724 0.9788429 0.8219863 0.9788429 0.8100724 0.9788429 0.8100724 0.9648715 0.5714408 0.000992287 0.7293787 0.000992257 0.7293787 0.1815915 0.5942367 0.001894295 0.6899308 0.001894295 0.6899309 0.1811149 0.6467867 0.9788429 0.6467867 0.9648715 0.6607705 0.9648715 0.6607705 0.9788429 0.5554781 0.9788429 0.5554781 0.9648715 0.5655556 0.9648715 0.5655556 0.9788429 0.7170992 0.9788429 0.7170992 0.9648715 0.7299805 0.9648715 0.7299805 0.9788429 0.5291109 0.9788429 0.5291109 0.9648715 0.5406533 0.9648715 0.5406533 0.9788429 0.5027437 0.9788429 0.5027437 0.9648715 0.5167275 0.9648715 0.5167275 0.9788429 0.5418062 0.9788429 0.5418062 0.9648715 0.5543251 0.9648715 0.5543251 0.9788429 0.6043062 0.9788429 0.6043062 0.9648715 0.6124306 0.9648715 0.6124306 0.9788429 0.6624117 0.9788429 0.6624117 0.9648715 0.6749306 0.9648715 0.6749306 0.9788429 0.5911226 0.9788429 0.5911226 0.9648715 0.6031533 0.9648715 0.6031533 0.9788429 0.6760836 0.9788429 0.6760836 0.9648715 0.689209 0.9648715 0.689209 0.9788429 0.6467867 0.9788429 0.6467867 0.9648715 0.6607705 0.9648715 0.6607705 0.9788429 0.5554781 0.9788429 0.5554781 0.9648715 0.5655556 0.9648715 0.5655556 0.9788429 0.7170992 0.9788429 0.7170992 0.9648715 0.7299805 0.9648715 0.7299805 0.9788429 0.5291109 0.9788429 0.5291109 0.9648715 0.5406533 0.9648715 0.5406533 0.9788429 0.5027437 0.9788429 0.5027437 0.9648715 0.5167275 0.9648715 0.5167275 0.9788429 0.5418062 0.9788429 0.5418062 0.9648715 0.5543251 0.9648715 0.5543251 0.9788429 0.6043062 0.9788429 0.6043062 0.9648715 0.6124306 0.9648715 0.6124306 0.9788429 0.6624117 0.9788429 0.6624117 0.9648715 0.6749306 0.9648715 0.6749306 0.9788429 0.5911226 0.9788429 0.5911226 0.9648715 0.6031533 0.9648715 0.6031533 0.9788429 0.6760836 0.9788429 0.6760836 0.9648715 0.689209 0.9648715 0.689209 0.9788429 0.5297045 0.9788429 0.5297045 0.9648715 0.5410506 0.9648715 0.5410506 0.9788429 0.5033373 0.9788429 0.5033373 0.9648715 0.5168457 0.9648715 0.5168457 0.9788429 0.6048998 0.9788429 0.6048998 0.9648715 0.612793 0.9648715 0.612793 0.9788429 0.7972826 0.9788429 0.7972826 0.9648715 0.8100586 0.9648715 0.8100586 0.9788429 0.5033373 0.9788429 0.5033373 0.9648715 0.5168457 0.9648715 0.5168457 0.9788429 0.5291087 0.9788429 0.5291087 0.9648715 0.5410506 0.9648715 0.5410506 0.9788429 0.5027415 0.9788429 0.5027415 0.9648715 0.5168457 0.9648715 0.5168457 0.9788429 0.604304 0.9788429 0.604304 0.9648715 0.612793 0.9648715 0.612793 0.9788429 0.7971191 0.9788429 0.7971191 0.9648715 0.8100586 0.9648715 0.8100586 0.9788429 0.5027415 0.9788429 0.5027415 0.9648715 0.5168457 0.9648715 0.5168457 0.9788429 0.6471723 0.9790647 0.6471723 0.9632512 0.6611493 0.9632512 0.6611493 0.9790647 0.5031293 0.9790647 0.5031293 0.9632512 0.5168457 0.9632512 0.5168457 0.9790647 0.5294965 0.9790647 0.5294965 0.9632512 0.5410321 0.9632512 0.5410321 0.9790647 0.8071289 0.949707 0.8071289 0.9433594 0.8120117 0.9433594 0.8120117 0.949707 0.6764692 0.9790647 0.6764692 0.9632512 0.689209 0.9632512 0.689209 0.9790647 0.6468071 0.9788429 0.6468071 0.9648715 0.6607673 0.9648715 0.6607673 0.9788429 0.5554985 0.9788429 0.5554985 0.9648715 0.5655524 0.9648715 0.5655524 0.9788429 0.7171196 0.9788429 0.7171196 0.9648715 0.7299805 0.9648715 0.7299805 0.9788429 0.5291313 0.9788429 0.5291313 0.9648715 0.5406501 0.9648715 0.5406501 0.9788429 0.5554985 0.9788429 0.5554985 0.9648715 0.5655524 0.9648715 0.5655524 0.9788429 0.5027642 0.9788429 0.5027642 0.9648715 0.5167243 0.9648715 0.5167243 0.9788429 0.7171196 0.9788429 0.7171196 0.9648715 0.7299805 0.9648715 0.7299805 0.9788429 0.6043267 0.9788429 0.6043267 0.9648715 0.6124274 0.9648715 0.6124274 0.9788429 0.5027642 0.9788429 0.5027642 0.9648715 0.5167243 0.9648715 0.5167243 0.9788429 0.6468071 0.9788429 0.6468071 0.9648715 0.6607673 0.9648715 0.6607673 0.9788429 0.5554985 0.9788429 0.5554985 0.9648715 0.5655524 0.9648715 0.5655524 0.9788429 0.7171196 0.9788429 0.7171196 0.9648715 0.7299805 0.9648715 0.7299805 0.9788429 0.5291313 0.9788429 0.5291313 0.9648715 0.5406501 0.9648715 0.5406501 0.9788429 0.5554985 0.9788429 0.5554985 0.9648715 0.5655524 0.9648715 0.5655524 0.9788429 0.5027642 0.9788429 0.5027642 0.9648715 0.5167243 0.9648715 0.5167243 0.9788429 0.7171196 0.9788429 0.7171196 0.9648715 0.7299805 0.9648715 0.7299805 0.9788429 0.6043267 0.9788429 0.6043267 0.9648715 0.6124274 0.9648715 0.6124274 0.9788429 0.5027642 0.9788429 0.5027642 0.9648715 0.5167243 0.9648715 0.5167243 0.9788429 0.7172852 0.9785156 0.7172852 0.9648438 0.7299805 0.9648438 0.7299805 0.9785156 0.8457031 1 0.8457031 0.9550781 0.8764648 0.9550781 0.8764648 1 0.7172852 0.9785156 0.7172852 0.9648438 0.7299805 0.9648438 0.7299805 0.9785156 0.8457031 1 0.8457031 0.9550781 0.8764648 0.9550781 0.8764648 1 0.7172852 0.9785156 0.7172852 0.9648438 0.7299805 0.9648438 0.7299805 0.9785156 0.8457031 1 0.8457031 0.9550781 0.8764648 0.9550781 0.8764648 1 0.7172852 0.9785156 0.7172852 0.9648438 0.7299805 0.9648438 0.7299805 0.9785156 0.8457031 1 0.8457031 0.9550781 0.8764648 0.9550781 0.8764648 1 0.7172852 0.9785156 0.7172852 0.9648438 0.7299805 0.9648438 0.7299805 0.9785156 0.8457031 1 0.8457031 0.9550781 0.8764648 0.9550781 0.8764648 1</float_array>
          <technique_common>
            <accessor source="#Plane_060-mesh-map-0-array" count="3675" stride="2">
              <param name="S" type="float"/>
              <param name="T" type="float"/>
            </accessor>
          </technique_common>
        </source>
        <source id="Plane_060-mesh-map-1">
          <float_array id="Plane_060-mesh-map-1-array" count="7350">0 0 0 0 0 0 0 0 0 0 0 0 0 0 0 0 0 0 0 0 0 0 0 0 0 0 0 0 0 0 0 0 0 0 0 0 0 0 0 0 0 0 0 0 0 0 0 0 0 0 0 0 0 0 0 0 0 0 0 0 0 0 0 0 0 0 0 0 0 0 0 0 0 0 0 0 0 0 0 0 0 0 0 0 0 0 0 0 0 0 0 0 0 0 0 0 0 0 0 0 0 0 0 0 0 0 0 0 0 0 0 0 0 0 0 0 0 0 0 0 0 0 0 0 0 0 0 0 0 0 0 0 0 0 0 0 0 0 0 0 0 0 0 0 0 0 0 0 0 0 0 0 0 0 0 0 0 0 0 0 0 0 0 0 0 0 0 0 0 0 0 0 0 0 0 0 0 0 0 0 0 0 0 0 0 0 0 0 0 0 0 0 0 0 0 0 0 0 0 0 0 0 0 0 0 0 0 0 0 0 0 0 0 0 0 0 0 0 0 0 0 0 0 0 0 0 0 0 0 0 0 0 0 0 0 0 0 0 0 0 0 0 0 0 0 0 0 0 0 0 0 0 0 0 0 0 0 0 0 0 0 0 0 0 0 0 0 0 0 0 0 0 0 0 0 0 0 0 0 0 0 0 0 0 0 0 0 0 0 0 0 0 0 0 0 0 0 0 0 0 0 0 0 0 0 0 0 0 0 0 0 0 0 0 0 0 0 0 0 0 0 0 0 0 0 0 0 0 0 0 0 0 0 0 0 0 0 0 0 0 0 0 0 0 0 0 0 0 0 0 0 0 0 0 0 0 0 0 0 0 0 0 0 0 0 0 0 0 0 0 0 0 0 0 0 0 0 0 0 0 0 0 0 0 0 0 0 0 0 0 0 0 0 0 0 0 0 0 0 0 0 0 0 0 0 0 0 0 0 0 0 0 0 0 0 0 0 0 0 0 0 0 0 0 0 0 0 0 0 0 0 0 0 0 0 0 0 0 0 0 0 0 0 0 0 0 0 0 0 0 0 0 0 0 0 0 0 0 0 0 0 0 0 0 0 0 0 0 0 0 0 0 0 0 0 0 0 0 0 0 0 0 0 0 0 0 0 0 0 0 0 0 0 0 0 0 0 0 0 0 0 0 0 0 0 0 0 0 0 0 0 0 0 0 0 0 0 0 0 0 0 0 0 0 0 0 0 0 0 0 0 0 0 0 0 0 0 0 0 0 0 0 0 0 0 0 0 0 0 0 0 0 0 0 0 0 0 0 0 0 0 0 0 0 0 0 0 0 0 0 0 0 0 0 0 0 0 0 0 0 0 0 0 0 0 0 0 0 0 0 0 0 0 0 0 0 0 0 0 0 0 0 0 0 0 0 0 0 0 0 0 0 0 0 0 0 0 0 0 0 0 0 0 0 0 0 0 0 0 0 0 0 0 0 0 0 0 0 0 0 0 0 0 0 0 0 0 0 0 0 0 0 0 0 0 0 0 0 0 0 0 0 0 0 0 0 0 0 0 0 0 0 0 0 0 0 0 0 0 0 0 0 0 0 0 0 0 0 0 0 0 0 0 0 0 0 0 0 0 0 0 0 0 0 0 0 0 0 0 0 0 0 0 0 0 0 0 0 0 0 0 0 0 0 0 0 0 0 0 0 0 0 0 0 0 0 0 0 0 0 0 0 0 0 0 0 0 0 0 0 0 0 0 0 0 0 0 0 0 0 0 0 0 0 0 0 0 0 0 0 0 0 0 0 0 0 0 0 0 0 0 0 0 0 0 0 0 0 0 0 0 0 0 0 0 0 0 0 0 0 0 0 0 0 0 0 0 0 0 0 0 0 0 0 0 0 0 0 0 0 0 0 0 0 0 0 0 0 0 0 0 0 0 0 0 0 0 0 0 0 0 0 0 0 0 0 0 0 0 0 0 0 0 0 0 0 0 0 0 0 0 0 0 0 0 0 0 0 0 0 0 0 0 0 0 0 0 0 0 0 0 0 0 0 0 0 0 0 0 0 0 0 0 0 0 0 0 0 0 0 0 0 0 0 0 0 0 0 0 0 0 0 0 0 0 0 0 0 0 0 0 0 0 0 0 0 0 0 0 0 0 0 0 0 0 0 0 0 0 0 0 0 0 0 0 0 0 0 0 0 0 0 0 0 0 0 0 0 0 0 0 0 0 0 0 0 0 0 0 0 0 0 0 0 0 0 0 0 0 0 0 0 0 0 0 0 0 0 0 0 0 0 0 0 0 0 0 0 0 0 0 0 0 0 0 0 0 0 0 0 0 0 0 0 0 0 0 0 0 0 0 0 0 0 0 0 0 0 0 0 0 0 0 0 0 0 0 0 0 0 0 0 0 0 0 0 0 0 0 0 0 0 0 0 0 0 0 0 0 0 0 0 0 0 0 0 0 0 0 0 0 0 0 0 0 0 0 0 0 0 0 0 0 0 0 0 0 0 0 0 0 0 0 0 0 0 0 0 0 0 0 0 0 0 0 0 0 0 0 0 0 0 0 0 0 0 0 0 0 0 0 0 0 0 0 0 0 0 0 0 0 0 0 0 0 0 0 0 0 0 0 0 0 0 0 0 0 0 0 0 0 0 0 0 0 0 0 0 0 0 0 0 0 0 0 0 0 0 0 0 0 0 0 0 0 0 0 0 0 0 0 0 0 0 0 0 0 0 0 0 0 0 0 0 0 0 0 0 0 0 0 0 0 0 0 0 0 0 0 0 0 0 0 0 0 0 0 0 0 0 0 0 0 0 0 0 0 0 0 0 0 0 0 0 0 0 0 0 0 0 0 0 0 0 0 0 0 0 0 0 0 0 0 0 0 0 0 0 0 0 0 0 0 0 0 0 0 0 0 0 0 0 0 0 0 0 0 0 0 0 0 0 0 0 0 0 0 0 0 0 0 0 0 0 0 0 0 0 0 0 0 0 0 0 0 0 0 0 0 0 0 0 0 0 0 0 0 0 0 0 0 0 0 0 0 0 0 0 0 0 0 0 0 0 0 0 0 0 0 0 0 0 0 0 0 0 0 0 0 0 0 0 0 0 0 0 0 0 0 0 0 0 0 0 0 0 0 0 0 0 0 0 0 0 0 0 0 0 0 0 0 0 0 0 0 0 0 0 0 0 0 0 0 0 0 0 0 0 0 0 0 0 0 0 0 0 0 0 0 0 0 0 0 0 0 0 0 0 0 0 0 0 0 0 0 0 0 0 0 0 0 0 0 0 0 0 0 0 0 0 0 0 0 0 0 0 0 0 0 0 0 0 0 0 0 0 0 0 0 0 0 0 0 0 0 0 0 0 0 0 0 0 0 0 0 0 0 0 0 0 0 0 0 0 0 0 0 0 0 0 0 0 0 0 0 0 0 0 0 0 0 0 0 0 0 0 0 0 0 0 0 0 0 0 0 0 0 0 0 0 0 0 0 0 0 0 0 0 0 0 0 0 0 0 0 0 0 0 0 0 0 0 0 0 0 0 0 0 0 0 0 0 0 0 0 0 0 0 0 0 0 0 0 0 0 0 0 0 0 0 0 0 0 0 0 0 0 0 0 0 0 0 0 0 0 0 0 0 0 0 0 0 0 0 0 0 0 0 0 0 0 0 0 0 0 0 0 0 0 0 0 0 0 0 0 0 0 0 0 0 0 0 0 0 0 0 0 0 0 0 0 0 0 0 0 0 0 0 0 0 0 0 0 0 0 0 0 0 0 0 0 0 0 0 0 0 0 0 0 0 0 0 0 0 0 0 0 0 0 0 0 0 0 0 0 0 0 0 0 0 0 0 0 0 0 0 0 0 0 0 0 0 0 0 0 0 0 0 0 0 0 0 0 0 0 0 0 0 0 0 0 0 0 0 0 0 0 0 0 0 0 0 0 0 0 0 0 0 0 0 0 0 0 0 0 0 0 0 0 0 0 0 0 0 0 0 0 0 0 0 0 0 0 0 0 0 0 0 0 0 0 0 0 0 0 0 0 0 0 0 0 0 0 0 0 0 0 0 0 0 0 0 0 0 0 0 0 0 0 0 0 0 0 0 0 0 0 0 0 0 0 0 0 0 0 0 0 0 0 0 0 0 0 0 0 0 0 0 0 0 0 0 0 0 0 0 0 0 0 0 0 0 0 0 0 0 0 0 0 0 0 0 0 0 0 0 0 0 0 0 0 0 0 0 0 0 0 0 0 0 0 0 0 0 0 0 0 0 0 0 0 0 0 0 0 0 0 0 0 0 0 0 0 0 0 0 0 0 0 0 0 0 0 0 0 0 0 0 0 0 0 0 0 0 0 0 0 0 0 0 0 0 0 0 0 0 0 0 0 0 0 0 0 0 0 0 0 0 0 0 0 0 0 0 0 0 0 0 0 0 0 0 0 0 0 0 0 0 0 0 0 0 0 0 0 0 0 0 0 0 0 0 0 0 0 0 0 0 0 0 0 0 0 0 0 0 0 0 0 0 0 0 0 0 0 0 0 0 0 0 0 0 0 0 0 0 0 0 0 0 0 0 0 0 0 0 0 0 0 0 0 0 0 0 0 0 0 0 0 0 0 0 0 0 0 0 0 0 0 0 0 0 0 0 0 0 0 0 0 0 0 0 0 0 0 0 0 0 0 0 0 0 0 0 0 0 0 0 0 0 0 0 0 0 0 0 0 0 0 0 0 0 0 0 0 0 0 0 0 0 0 0 0 0 0 0 0 0 0 0 0 0 0 0 0 0 0 0 0 0 0 0 0 0 0 0 0 0 0 0 0 0 0 0 0 0 0 0 0 0 0 0 0 0 0 0 0 0 0 0 0 0 0 0 0 0 0 0 0 0 0 0 0 0 0 0 0 0 0 0 0 0 0 0 0 0 0 0 0 0 0 0 0 0 0 0 0 0 0 0 0 0 0 0 0 0 0 0 0 0 0 0 0 0 0 0 0 0 0 0 0 0 0 0 0 0 0 0 0 0 0 0 0 0 0 0 0 0 0 0 0 0 0 0 0 0 0 0 0 0 0 0 0 0 0 0 0 0 0 0 0 0 0 0 0 0 0 0 0 0 0 0 0 0 0 0 0 0 0 0 0 0 0 0 0 0 0 0 0 0 0 0 0 0 0 0 0 0 0 0 0 0 0 0 0 0 0 0 0 0 0 0 0 0 0 0 0 0 0 0 0 0 0 0 0 0 0 0 0 0 0 0 0 0 0 0 0 0 0 0 0 0 0 0 0 0 0 0 0 0 0 0 0 0 0 0 0 0 0 0 0 0 0 0 0 0 0 0 0 0 0 0 0 0 0 0 0 0 0 0 0 0 0 0 0 0 0 0 0 0 0 0 0 0 0 0 0 0 0 0 0 0 0 0 0 0 0 0 0 0 0 0 0 0 0 0 0 0 0 0 0 0 0 0 0 0 0 0 0 0 0 0 0 0 0 0 0 0 0 0 0 0 0 0 0 0 0 0 0 0 0 0 0 0 0 0 0 0 0 0 0 0 0 0 0 0 0 0 0 0 0 0 0 0 0 0 0 0 0 0 0 0 0 0 0 0 0 0 0 0 0 0 0 0 0 0 0 0 0 0 0 0 0 0 0 0 0 0 0 0 0 0 0 0 0 0 0 0 0 0 0 0 0 0 0 0 0 0 0 0 0 0 0 0 0 0 0 0 0 0 0 0 0 0 0 0 0 0 0 0 0 0 0 0 0 0 0 0 0 0 0 0 0 0 0 0 0 0 0 0 0 0 0 0 0 0 0 0 0 0 0 0 0 0 0 0 0 0 0 0 0 0 0 0 0 0 0 0 0 0 0 0 0 0 0 0 0 0 0 0 0 0 0 0 0 0 0 0 0 0 0 0 0 0 0 0 0 0 0 0 0 0 0 0 0 0 0 0 0 0 0 0 0 0 0 0 0 0 0 0 0 0 0 0 0 0 0 0 0 0 0 0 0 0 0 0 0 0 0 0 0 0 0 0 0 0 0 0 0 0 0 0 0 0 0 0 0 0 0 0 0 0 0 0 0 0 0 0 0 0 0 0 0 0 0 0 0 0 0 0 0 0 0 0 0 0 0 0 0 0 0 0 0 0 0 0 0 0 0 0 0 0 0 0 0 0 0 0 0 0 0 0 0 0 0 0 0 0 0 0 0 0 0 0 0 0 0 0 0 0 0 0 0 0 0 0 0 0 0 0 0 0 0 0 0 0 0 0 0 0 0 0 0 0 0 0 0 0 0 0 0 0 0 0 0 0 0 0 0 0 0 0 0 0 0 0 0 0 0 0 0 0 0 0 0 0 0 0 0 0 0 0 0 0 0 0 0 0 0 0 0 0 0 0 0 0 0 0 0 0 0 0 0 0 0 0 0 0 0 0 0 0 0 0 0 0 0 0 0 0 0 0 0 0 0 0 0 0 0 0 0 0 0 0 0 0 0 0 0 0 0 0 0 0 0 0 0 0 0 0 0 0 0 0 0 0 0 0 0 0 0 0 0 0 0 0 0 0 0 0 0 0 0 0 0 0 0 0 0 0 0 0 0 0 0 0 0 0 0 0 0 0 0 0 0 0 0 0 0 0 0 0 0 0 0 0 0 0 0 0 0 0 0 0 0 0 0 0 0 0 0 0 0 0 0 0 0 0 0 0 0 0 0 0 0 0 0 0 0 0 0 0 0 0 0 0 0 0 0 0 0 0 0 0 0 0 0 0 0 0 0 0 0 0 0 0 0 0 0 0 0 0 0 0 0 0 0 0 0 0 0 0 0 0 0 0 0 0 0 0 0 0 0 0 0 0 0 0 0 0 0 0 0 0 0 0 0 0 0 0 0 0 0 0 0 0 0 0 0 0 0 0 0 0 0 0 0 0 0 0 0 0 0 0 0 0 0 0 0 0 0 0 0 0 0 0 0 0 0 0 0 0 0 0 0 0 0 0 0 0 0 0 0 0 0 0 0 0 0 0 0 0 0 0 0 0 0 0 0 0 0 0 0 0 0 0 0 0 0 0 0 0 0 0 0 0 0 0 0 0 0 0 0 0 0 0 0 0 0 0 0 0 0 0 0 0 0 0 0 0 0 0 0 0 0 0 0 0 0 0 0 0 0 0 0 0 0 0 0 0 0 0 0 0 0 0 0 0 0 0 0 0 0 0 0 0 0 0 0 0 0 0 0 0 0 0 0 0 0 0 0 0 0 0 0 0 0 0 0 0 0 0 0 0 0 0 0 0 0 0 0 0 0 0 0 0 0 0 0 0 0 0 0 0 0 0 0 0 0 0 0 0 0 0 0 0 0 0 0 0 0 0 0 0 0 0 0 0 0 0 0 0 0 0 0 0 0 0 0 0 0 0 0 0 0 0 0 0 0 0 0 0 0 0 0 0 0 0 0 0 0 0 0 0 0 0 0 0 0 0 0 0 0 0 0 0 0 0 0 0 0 0 0 0 0 0 0 0 0 0 0 0 0 0 0 0 0 0 0 0 0 0 0 0 0 0 0 0 0 0 0 0 0 0 0 0 0 0 0 0 0 0 0 0 0 0 0 0 0 0 0 0 0 0 0 0 0 0 0 0 0 0 0 0 0 0 0 0 0 0 0 0 0 0 0 0 0 0 0 0 0 0 0 0 0 0 0 0 0 0 0 0 0 0 0 0 0 0 0 0 0 0 0 0 0 0 0 0 0 0 0 0 0 0 0 0 0 0 0 0 0 0 0 0 0 0 0 0 0 0 0 0 0 0 0 0 0 0 0 0 0 0 0 0 0 0 0 0 0 0 0 0 0 0 0 0 0 0 0 0 0 0 0 0 0 0 0 0 0 0 0 0 0 0 0 0 0 0 0 0 0 0 0 0 0 0 0 0 0 0 0 0 0 0 0 0 0 0 0 0 0 0 0 0 0 0 0 0 0 0 0 0 0 0 0 0 0 0 0 0 0 0 0 0 0 0 0 0 0 0 0 0 0 0 0 0 0 0 0 0 0 0 0 0 0 0 0 0 0 0 0 0 0 0 0 0 0 0 0 0 0 0 0 0 0 0 0 0 0 0 0 0 0 0 0 0 0 0 0 0 0 0 0 0 0 0 0 0 0 0 0 0 0 0 0 0 0 0 0 0 0 0 0 0 0 0 0 0 0 0 0 0 0 0 0 0 0 0 0 0 0 0 0 0 0 0 0 0 0 0 0 0 0 0 0 0 0 0 0 0 0 0 0 0 0 0 0 0 0 0 0 0 0 0 0 0 0 0 0 0 0 0 0 0 0 0 0 0 0 0 0 0 0 0 0 0 0 0 0 0 0 0 0 0 0 0 0 0 0 0 0 0 0 0 0 0 0 0 0 0 0 0 0 0 0 0 0 0 0 0 0 0 0 0 0 0 0 0 0 0 0 0 0 0 0 0 0 0 0 0 0 0 0 0 0 0 0 0 0 0 0 0 0 0 0 0 0 0 0 0 0 0 0 0 0 0 0 0 0 0 0 0 0 0 0 0 0 0 0 0 0 0 0 0 0 0 0 0 0 0 0 0 0 0 0 0 0 0 0 0 0 0 0 0 0 0 0 0 0 0 0 0 0 0 0 0 0 0 0 0 0 0 0 0 0 0 0 0 0 0 0 0 0 0 0 0 0 0 0 0 0 0 0 0 0 0 0 0 0 0 0 0 0 0 0 0 0 0 0 0 0 0 0 0 0 0 0 0 0 0 0 0 0 0 0 0 0 0 0 0 0 0 0 0 0 0 0 0 0 0 0 0 0 0 0 0 0 0 0 0 0 0 0 0 0 0 0 0 0 0 0 0 0 0 0 0 0 0 0 0 0 0 0 0 0 0 0 0 0 0 0 0 0 0 0 0 0 0 0 0 0 0 0 0 0 0 0 0 0 0 0 0 0 0 0 0 0 0 0 0 0 0 0 0 0 0 0 0 0 0 0 0 0 0 0 0 0 0 0 0 0 0 0 0 0 0 0 0 0 0 0 0 0 0 0 0 0 0 0 0 0 0 0 0 0 0 0 0 0 0 0 0 0 0 0 0 0 0 0 0 0 0 0 0 0 0 0 0 0 0 0 0 0 0 0 0 0 0 0 0 0 0 0 0 0 0 0 0 0 0 0 0 0 0 0 0 0 0 0 0 0 0 0 0 0 0 0 0 0 0 0 0 0 0 0 0 0 0 0 0 0 0 0 0 0 0 0 0 0 0 0 0 0 0 0 0 0 0 0 0 0 0 0 0 0 0 0 0 0 0 0 0 0 0 0 0 0 0 0 0 0 0 0 0 0 0 0 0 0 0 0 0 0 0 0 0 0 0 0 0 0 0 0 0 0 0 0 0 0 0 0 0 0 0 0 0 0 0 0 0 0 0 0 0 0 0 0 0 0 0 0 0 0 0 0 0 0 0 0 0 0 0 0 0 0 0 0 0 0 0 0 0 0 0 0 0 0 0 0 0 0 0 0 0 0 0 0 0 0 0 0 0 0 0 0 0 0 0 0 0 0 0 0 0 0 0 0 0 0 0 0 0 0 0 0 0 0 0 0 0 0 0 0 0 0 0 0 0 0 0 0 0 0 0 0 0 0 0 0 0 0 0 0 0 0 0 0 0 0 0 0 0 0 0 0 0 0 0 0 0 0 0 0 0 0 0 0 0 0 0 0 0 0 0 0 0 0 0 0 0 0 0 0 0 0 0 0 0 0 0 0 0 0 0 0 0 0 0 0 0 0 0 0 0 0 0 0 0 0 0 0 0 0 0 0 0 0 0 0 0 0 0 0 0 0 0 0 0 0 0 0 0 0 0 0 0 0 0 0 0 0 0 0 0 0 0 0 0 0 0 0 0 0 0 0 0 0 0 0 0 0 0 0 0 0 0 0 0 0 0 0 0 0 0 0 0 0 0 0 0 0 0 0 0 0 0 0 0 0 0 0 0 0 0 0 0 0 0 0 0 0 0 0 0 0 0 0 0 0 0 0 0 0 0 0 0 0 0 0 0 0 0 0 0 0 0 0 0 0 0 0 0 0 0 0 0 0 0 0 0 0 0 0 0 0 0 0 0 0 0 0 0 0 0 0 0 0 0 0 0 0 0 0 0 0 0 0 0 0 0 0 0 0 0 0 0 0 0 0 0 0 0 0 0 0 0 0 0 0 0 0 0 0 0 0 0 0 0 0 0 0 0 0 0 0 0 0 0 0 0 0 0 0 0 0 0 0 0 0 0 0 0 0 0 0 0 0 0 0 0 0 0 0 0 0 0 0 0 0 0 0 0 0 0 0 0 0 0 0 0 0 0 0 0 0 0 0 0 0 0 0 0 0 0 0 0 0 0 0 0 0 0 0 0 0 0 0 0 0 0 0 0 0 0 0 0 0 0 0 0 0 0 0 0 0 0 0 0 0 0 0 0 0 0 0 0 0 0 0 0 0 0 0 0 0 0 0 0 0 0 0 0 0 0 0 0 0 0 0 0 0 0 0 0 0 0 0 0 0 0 0 0 0 0 0 0 0 0 0 0 0 0 0 0 0 0 0 0 0 0 0 0 0 0 0 0 0 0 0 0 0 0 0 0 0 0 0 0 0 0 0 0 0 0 0 0 0 0 0 0 0 0 0 0 0 0 0 0 0 0 0 0 0 0 0 0 0 0 0 0 0 0 0 0 0 0 0 0 0 0 0 0 0 0 0 0 0 0 0 0 0 0 0 0 0 0 0 0 0 0 0 0 0 0 0 0 0 0 0 0 0 0 0 0 0 0 0 0 0 0 0 0 0 0 0 0 0 0 0 0 0 0 0 0 0 0 0 0 0 0 0 0 0 0 0 0 0 0 0 0 0 0 0 0 0 0 0 0 0 0 0 0 0 0 0 0 0 0 0 0 0 0 0 0 0 0 0 0 0 0 0 0 0 0 0 0 0 0 0 0 0 0 0 0 0 0 0 0 0 0 0 0 0 0 0 0 0 0 0 0 0 0 0 0 0 0 0 0 0 0 0 0 0 0 0 0 0 0 0 0 0 0 0 0 0 0 0 0 0 0 0 0 0 0 0 0 0 0 0 0 0 0 0 0 0 0 0 0 0 0 0 0 0 0 0 0 0 0 0 0 0 0 0 0 0 0 0 0 0 0 0 0 0 0 0 0 0 0 0 0 0 0 0 0 0 0 0 0 0 0 0 0 0 0 0 0 0 0 0 0 0 0 0 0 0 0 0 0 0 0 0 0 0 0 0 0 0 0 0 0 0 0 0 0 0 0 0 0 0 0 0 0 0 0 0 0 0 0 0 0 0 0 0 0 0 0 0 0 0 0 0 0 0 0 0 0 0 0 0 0 0 0 0 0 0 0 0 0 0 0 0 0 0 0 0 0 0 0 0 0 0 0 0 0 0 0 0 0 0 0 0 0 0 0 0 0 0 0 0 0 0 0 0 0 0 0 0 0 0 0 0 0 0 0 0 0 0 0 0 0 0 0 0 0 0 0 0 0 0 0 0 0 0 0 0 0 0 0 0 0 0 0 0 0 0 0 0 0 0 0 0 0 0 0 0 0 0 0 0 0 0 0 0 0 0 0 0 0 0 0 0 0 0 0 0 0 0 0 0 0 0 0 0 0 0 0 0 0 0 0 0 0 0 0 0 0 0 0 0 0 0 0 0 0 0 0 0 0 0 0 0 0 0 0 0 0 0 0 0 0 0 0 0 0 0 0 0 0 0 0 0 0 0 0 0 0 0 0 0 0 0 0 0 0 0 0 0 0 0 0 0 0 0 0 0 0 0 0 0 0 0 0 0 0 0 0 0 0 0 0 0 0 0 0 0 0 0 0 0 0 0 0 0 0 0 0 0 0 0 0 0 0 0 0 0 0 0 0 0 0 0 0 0 0 0 0 0 0 0 0 0 0 0 0 0 0 0 0 0 0 0 0 0 0 0 0 0 0 0 0 0 0 0 0 0 0 0 0 0 0 0 0 0 0 0 0 0 0 0 0 0 0 0 0 0 0 0 0 0 0 0 0 0 0 0 0 0 0 0 0 0 0 0 0 0 0 0 0 0 0 0 0 0 0 0 0 0 0 0 0 0 0 0 0 0 0 0 0 0 0 0 0 0 0 0 0 0 0 0 0 0 0 0 0 0 0 0 0 0 0 0 0 0 0 0 0 0 0 0 0 0 0 0 0 0 0 0 0 0 0 0 0 0 0 0 0 0 0 0 0 0 0 0 0 0 0 0 0 0 0 0 0 0 0 0 0 0 0 0 0 0 0 0 0 0 0 0 0 0 0 0 0 0 0 0 0 0 0 0 0 0 0 0 0 0 0 0 0 0 0 0 0 0 0 0 0 0 0 0 0 0 0 0 0 0 0 0 0 0 0 0 0 0 0 0 0 0 0 0 0 0 0 0 0 0 0 0 0 0 0 0 0 0 0 0 0 0 0 0 0 0 0 0 0 0 0 0 0 0 0 0 0 0 0 0 0 0 0 0 0 0 0 0 0 0 0 0 0 0 0 0 0 0 0 0 0 0 0 0 0 0 0 0 0 0 0 0 0 0 0 0 0 0 0 0 0 0 0 0 0 0 0 0 0 0 0 0 0 0 0 0 0 0 0 0 0 0 0 0 0 0 0 0 0 0 0 0 0 0 0 0 0 0 0 0 0 0 0 0 0 0 0 0 0 0 0 0 0 0 0 0 0 0 0 0 0 0 0 0 0 0 0 0 0 0 0 0 0 0 0 0 0 0 0 0 0 0 0 0 0 0 0 0 0 0 0 0 0 0 0 0 0 0 0 0 0 0 0 0 0 0 0 0 0 0 0 0 0 0 0 0 0 0 0 0 0 0 0 0 0 0 0 0 0 0 0 0 0 0 0 0 0 0 0 0 0 0 0 0 0 0 0 0 0 0 0 0 0 0 0 0 0 0 0 0 0 0 0 0 0 0 0 0 0 0 0 0 0 0 0 0 0 0 0 0 0 0 0 0 0 0 0 0 0 0 0 0 0 0 0 0 0 0 0 0 0 0 0 0 0 0 0 0 0 0 0 0 0 0 0 0 0 0 0 0 0 0 0 0 0 0 0 0 0 0 0 0 0 0 0 0 0 0 0 0 0 0 0 0 0 0 0 0 0 0 0 0 0 0 0 0 0 0 0 0 0 0 0 0 0 0 0 0 0 0 0 0 0 0 0 0 0 0 0 0 0 0 0 0 0 0 0 0 0 0 0 0 0 0 0 0 0 0 0 0 0 0 0 0 0 0 0 0 0 0 0 0 0 0 0 0 0 0 0 0 0 0 0 0 0 0 0 0 0 0 0 0 0 0 0 0 0 0 0 0 0 0 0 0 0 0 0 0 0 0 0 0 0 0 0 0 0 0 0 0 0 0 0 0 0 0 0 0 0 0 0 0 0 0 0 0 0 0 0 0 0 0 0 0 0 0 0 0 0 0 0 0 0 0 0 0 0 0 0 0 0 0 0 0 0 0 0 0 0 0 0 0 0 0 0 0 0 0 0 0 0 0 0 0 0 0 0 0 0 0 0 0 0 0 0 0 0 0 0 0 0 0 0 0 0 0 0 0 0 0 0 0 0 0 0 0 0 0 0 0 0 0 0 0 0 0 0 0 0 0 0 0 0 0 0 0 0 0 0 0 0 0 0 0 0 0 0 0 0 0 0 0 0 0 0 0 0 0 0 0 0 0 0 0 0 0 0 0 0 0 0 0 0 0 0 0 0 0 0 0 0 0 0 0 0 0 0 0 0 0 0 0 0 0 0 0 0 0 0 0 0 0 0 0 0 0 0 0 0 0 0 0 0 0 0 0 0 0 0 0 0 0 0 0 0 0 0 0 0 0 0 0 0 0 0 0 0 0 0 0 0 0 0 0 0 0 0 0 0 0 0 0 0 0 0 0 0 0 0 0 0 0 0 0 0 0 0 0 0 0 0 0 0 0 0 0 0 0 0 0 0 0 0 0 0 0 0 0 0 0 0 0 0 0 0 0 0 0 0 0 0 0 0 0 0 0 0 0 0 0 0 0 0 0 0 0 0 0 0 0 0 0 0 0 0 0 0 0 0 0 0 0 0 0 0 0 0 0 0 0 0 0 0 0 0 0 0 0 0 0 0 0 0 0 0 0 0 0 0 0 0 0 0 0 0 0 0 0 0 0 0 0 0 0 0 0 0 0 0 0 0 0 0 0 0 0 0 0 0 0 0 0 0 0 0 0 0 0 0 0 0 0 0 0 0 0 0 0 0 0 0 0 0 0 0 0 0 0 0 0 0 0 0 0 0 0 0 0 0 0 0 0 0 0 0 0 0 0 0 0 0 0 0 0 0 0 0 0 0 0 0 0 0 0 0 0 0 0 0 0 0 0 0 0 0 0 0 0 0 0 0 0 0 0 0 0 0 0 0 0 0 0 0 0 0 0 0 0 0 0 0 0 0 0 0 0 0 0 0 0 0 0 0 0 0 0 0 0 0 0 0 0 0 0 0 0 0 0 0 0 0 0 0 0 0 0 0 0 0 0 0 0 0 0 0 0 0 0 0 0 0 0 0 0 0 0 0 0 0 0 0 0 0 0 0 0 0 0 0 0 0 0 0 0 0 0 0 0 0 0 0 0 0 0 0 0 0 0 0 0 0 0 0 0 0 0 0 0 0 0 0 0 0 0 0 0 0 0 0 0 0 0 0 0 0 0 0 0 0 0 0 0 0 0 0 0 0 0 0 0 0 0 0 0 0 0 0 0 0 0 0 0 0 0 0 0 0 0 0 0 0 0 0 0 0 0 0 0 0 0 0 0 0 0 0 0 0 0 0 0 0 0 0 0 0 0 0 0 0 0 0 0 0 0 0 0 0 0 0 0 0 0 0 0 0 0 0 0 0 0 0 0 0 0 0 0 0 0 0 0 0 0 0 0 0 0 0 0 0 0 0 0 0 0 0 0 0 0 0 0 0 0 0 0 0 0 0 0 0 0 0 0 0 0 0 0 0 0 0 0 0 0 0 0 0 0 0 0 0 0 0 0 0 0 0 0 0 0 0 0 0 0 0 0 0 0 0 0 0 0 0 0 0 0 0 0 0 0 0 0 0 0 0 0 0 0 0 0 0 0 0 0 0 0 0 0 0 0 0 0 0 0 0 0 0 0 0 0 0 0 0 0 0 0 0 0 0 0 0 0 0 0 0 0 0 0 0 0 0 0 0 0 0 0 0 0 0 0 0 0 0 0 0 0 0 0 0 0 0 0 0 0 0 0 0 0 0 0 0 0 0 0 0 0 0 0 0 0 0 0 0 0 0 0 0 0 0 0 0 0 0 0 0 0 0 0 0 0 0 0 0 0 0 0 0 0 0 0 0 0 0 0 0 0 0 0 0 0 0 0 0 0 0 0 0 0 0 0 0 0 0 0 0 0 0 0 0 0 0 0 0 0 0 0 0 0 0 0 0 0 0 0 0 0 0 0 0 0 0 0 0 0 0 0 0 0 0 0 0 0 0 0 0 0 0 0 0 0 0 0 0 0 0 0 0 0 0 0 0 0 0 0 0 0 0 0 0 0 0 0 0 0 0 0 0 0 0 0 0 0 0 0 0 0 0 0 0 0 0 0 0 0 0 0 0 0 0 0 0 0 0 0 0 0 0 0 0 0 0 0 0 0 0 0 0 0 0 0 0 0 0 0 0 0 0 0 0 0 0 0 0 0 0 0 0 0 0 0 0 0 0 0 0 0 0 0 0 0 0 0 0 0 0 0 0 0 0 0 0 0 0 0 0 0 0 0 0 0 0 0 0 0 0 0 0 0 0 0 0 0 0 0 0 0 0 0 0 0 0 0 0 0 0 0 0 0 0 0 0 0 0 0 0 0 0 0 0 0 0 0 0 0 0 0 0 0 0 0 0 0 0 0 0 0 0 0 0 0 0 0 0 0 0 0 0 0 0 0 0 0 0 0 0 0 0 0 0 0 0 0 0 0 0 0 0 0 0 0 0 0 0 0 0 0 0 0 0 0 0 0 0 0 0 0 0 0 0 0 0 0 0 0 0 0 0 0 0 0 0 0 0 0 0 0 0 0 0 0 0 0 0 0 0 0 0 0 0 0 0 0 0 0 0 0 0 0 0 0 0 0 0 0 0 0 0 0 0 0 0 0 0 0 0 0 0 0 0 0 0 0 0 0 0 0 0 0 0 0 0 0 0 0 0 0 0 0 0 0 0 0 0 0 0 0 0 0 0 0 0 0 0 0 0 0 0 0 0 0 0 0 0 0 0 0 0 0 0 0 0 0 0 0 0 0 0 0 0 0 0 0 0 0 0 0 0 0 0 0 0 0 0 0 0 0 0 0 0 0 0 0 0 0 0 0 0 0 0 0 0 0 0 0 0 0 0 0 0 0 0 0 0 0 0 0 0 0 0 0 0 0 0 0 0 0 0 0 0 0 0 0 0 0 0 0 0 0 0 0 0 0 0 0 0 0 0 0 0 0 0 0 0 0 0 0 0 0 0 0 0 0 0 0 0 0 0 0 0 0 0 0 0 0 0 0 0 0 0 0 0 0 0 0 0 0 0 0 0 0 0 0 0 0 0 0 0 0 0 0 0 0 0 0 0 0 0</float_array>
          <technique_common>
            <accessor source="#Plane_060-mesh-map-1-array" count="3675" stride="2">
              <param name="S" type="float"/>
              <param name="T" type="float"/>
            </accessor>
          </technique_common>
        </source>
        <source id="Plane_060-mesh-colors-Col" name="Col">
          <float_array id="Plane_060-mesh-colors-Col-array" count="13692">0.7490196 0.2705882 0.2784314 1 0.7490196 0.2705882 0.2784314 1 0.7490196 0.2705882 0.2784314 1 1 1 1 1 1 1 1 1 1 1 1 1 1 0.8941177 0.8235294 1 1 0.8941177 0.8235294 1 1 0.8941177 0.8235294 1 1 0.8941177 0.8235294 1 1 0.8941177 0.8235294 1 1 0.8941177 0.8235294 1 1 0.9803922 0.6862745 1 1 0.9803922 0.6862745 1 1 0.9803922 0.6862745 1 1 1 1 1 1 1 1 1 1 1 1 1 0.7490196 0.2705882 0.2784314 1 0.7490196 0.2705882 0.2784314 1 0.7490196 0.2705882 0.2784314 1 0.7137255 0.8901961 0.882353 1 0.7137255 0.8901961 0.882353 1 0.7137255 0.8901961 0.882353 1 0.7137255 0.8901961 0.882353 1 0.7137255 0.8901961 0.882353 1 0.7137255 0.8901961 0.882353 1 0.7137255 0.8901961 0.882353 1 0.7137255 0.8901961 0.882353 1 0.7137255 0.8901961 0.882353 1 1 1 1 1 1 1 1 1 1 1 1 1 1 1 1 1 1 1 1 1 1 1 1 1 1 1 1 1 1 1 1 1 1 1 1 1 1 1 1 1 1 1 1 1 1 1 1 1 1 1 1 1 1 1 1 1 1 1 1 1 1 1 1 1 1 1 1 1 1 1 1 1 0.7137255 0.8901961 0.882353 1 0.7137255 0.8901961 0.882353 1 0.7137255 0.8901961 0.882353 1 1 1 1 1 1 1 1 1 1 1 1 1 0.7137255 0.8901961 0.882353 1 0.7137255 0.8901961 0.882353 1 0.7137255 0.8901961 0.882353 1 1 1 1 1 1 1 1 1 1 1 1 1 0.7137255 0.8901961 0.882353 1 0.7137255 0.8901961 0.882353 1 0.7137255 0.8901961 0.882353 1 1 1 1 1 1 1 1 1 1 1 1 1 0.4509804 0.4509804 0.4509804 1 0.4509804 0.4509804 0.4509804 1 0.4509804 0.4509804 0.4509804 1 1 1 1 1 1 1 1 1 1 1 1 1 0.7137255 0.8901961 0.882353 1 0.7137255 0.8901961 0.882353 1 0.7137255 0.8901961 0.882353 1 1 1 1 1 1 1 1 1 1 1 1 1 1 1 1 1 1 1 1 1 1 1 1 1 1 1 1 1 1 1 1 1 1 1 1 1 1 1 1 1 1 1 1 1 1 1 1 1 1 0.8941177 0.8235294 1 1 0.8392157 0.8509804 1 1 0.8392157 0.8509804 1 1 1 1 1 1 1 1 1 1 1 1 1 1 1 1 1 1 1 1 1 1 1 1 1 1 1 1 1 1 1 1 1 1 1 1 1 1 1 1 1 1 1 1 1 1 1 1 1 1 1 1 1 1 1 1 1 1 1 1 1 1 1 1 1 1 1 1 1 1 1 1 1 1 1 1 1 1 1 1 1 1 1 1 1 1 1 1 1 1 1 1 1 1 1 1 1 1 1 1 1 1 1 1 1 1 1 1 1 1 1 1 1 1 1 1 1 1 1 1 1 1 1 1 1 1 1 1 1 1 1 1 1 1 1 1 1 1 1 1 1 1 1 1 1 1 1 1 1 1 1 1 1 1 1 1 1 1 1 1 1 1 1 1 1 1 1 1 1 1 1 1 1 1 1 1 1 1 1 1 1 1 1 1 1 1 1 1 1 1 1 1 1 1 1 1 1 1 1 1 1 1 1 1 1 1 1 1 1 1 1 1 1 1 1 1 1 1 1 1 1 1 1 1 1 1 1 1 1 1 1 1 1 1 1 1 1 1 1 1 1 1 1 1 1 1 1 1 1 1 1 1 1 1 1 1 1 1 1 1 1 1 1 1 1 1 1 1 1 1 1 1 1 1 1 1 1 1 1 1 1 1 1 1 1 1 1 1 1 1 1 1 1 1 1 1 1 1 1 1 1 1 1 1 1 1 1 1 1 1 1 1 1 1 1 1 1 1 1 1 1 1 1 1 1 1 1 1 1 1 1 1 1 1 1 1 1 1 1 1 1 1 1 1 1 1 1 1 1 1 1 1 1 1 1 1 1 1 1 1 1 1 1 1 1 1 1 1 1 1 1 1 1 1 1 1 1 1 1 1 1 1 1 1 1 1 1 1 1 1 1 1 1 1 1 1 1 1 1 1 1 1 1 1 1 1 1 1 1 0.7137255 0.8901961 0.882353 1 0.7137255 0.8901961 0.882353 1 0.7137255 0.8901961 0.882353 1 0.7137255 0.8901961 0.882353 1 0.7137255 0.8901961 0.882353 1 0.7137255 0.8901961 0.882353 1 0.7137255 0.8901961 0.882353 1 0.7137255 0.8901961 0.882353 1 0.7137255 0.8901961 0.882353 1 0.7137255 0.8901961 0.882353 1 0.7137255 0.8901961 0.882353 1 0.7137255 0.8901961 0.882353 1 0.7137255 0.8901961 0.882353 1 0.7137255 0.8901961 0.882353 1 0.7137255 0.8901961 0.882353 1 0.7137255 0.8901961 0.882353 1 0.7137255 0.8901961 0.882353 1 0.7137255 0.8901961 0.882353 1 0.7137255 0.8901961 0.882353 1 0.7137255 0.8901961 0.882353 1 0.7137255 0.8901961 0.882353 1 0.7137255 0.8901961 0.882353 1 0.7137255 0.8901961 0.882353 1 0.7137255 0.8901961 0.882353 1 0.7137255 0.8901961 0.882353 1 0.7137255 0.8901961 0.882353 1 0.7137255 0.8901961 0.882353 1 0.7137255 0.8901961 0.882353 1 0.7137255 0.8901961 0.882353 1 0.7137255 0.8901961 0.882353 1 0.7137255 0.8901961 0.882353 1 0.7137255 0.8901961 0.882353 1 0.7137255 0.8901961 0.882353 1 0.7137255 0.8901961 0.882353 1 0.7137255 0.8901961 0.882353 1 0.7137255 0.8901961 0.882353 1 0.7137255 0.8901961 0.882353 1 0.7137255 0.8901961 0.882353 1 0.7137255 0.8901961 0.882353 1 0.7137255 0.8901961 0.882353 1 0.7137255 0.8901961 0.882353 1 0.7137255 0.8901961 0.882353 1 0.7137255 0.8901961 0.882353 1 0.7137255 0.8901961 0.882353 1 0.7137255 0.8901961 0.882353 1 0.7137255 0.8901961 0.882353 1 0.7137255 0.8901961 0.882353 1 0.7137255 0.8901961 0.882353 1 0.7137255 0.8901961 0.882353 1 0.7137255 0.8901961 0.882353 1 0.7137255 0.8901961 0.882353 1 0.7137255 0.8901961 0.882353 1 0.7137255 0.8901961 0.882353 1 0.7137255 0.8901961 0.882353 1 0.7137255 0.8901961 0.882353 1 0.7137255 0.8901961 0.882353 1 0.7137255 0.8901961 0.882353 1 0.7137255 0.8901961 0.882353 1 0.7137255 0.8901961 0.882353 1 0.7137255 0.8901961 0.882353 1 0.7137255 0.8901961 0.882353 1 0.7137255 0.8901961 0.882353 1 0.7137255 0.8901961 0.882353 1 0.7137255 0.8901961 0.882353 1 0.7137255 0.8901961 0.882353 1 0.7137255 0.8901961 0.882353 1 0.7137255 0.8901961 0.882353 1 0.7137255 0.8901961 0.882353 1 0.7137255 0.8901961 0.882353 1 0.7137255 0.8901961 0.882353 1 0.7137255 0.8901961 0.882353 1 0.7137255 0.8901961 0.882353 1 0.7137255 0.8901961 0.882353 1 0.7137255 0.8901961 0.882353 1 0.7137255 0.8901961 0.882353 1 0.7137255 0.8901961 0.882353 1 0.7137255 0.8901961 0.882353 1 0.7137255 0.8901961 0.882353 1 0.7137255 0.8901961 0.882353 1 0.7137255 0.8901961 0.882353 1 0.7137255 0.8901961 0.882353 1 0.7137255 0.8901961 0.882353 1 0.7137255 0.8901961 0.882353 1 0.7137255 0.8901961 0.882353 1 0.7137255 0.8901961 0.882353 1 0.7137255 0.8901961 0.882353 1 0.7137255 0.8901961 0.882353 1 0.7137255 0.8901961 0.882353 1 0.7137255 0.8901961 0.882353 1 0.7137255 0.8901961 0.882353 1 0.7137255 0.8901961 0.882353 1 0.7137255 0.8901961 0.882353 1 0.7137255 0.8901961 0.882353 1 0.7137255 0.8901961 0.882353 1 0.7137255 0.8901961 0.882353 1 0.7137255 0.8901961 0.882353 1 1 1 1 1 1 1 1 1 1 1 1 1 1 1 1 1 1 1 1 1 1 1 1 1 1 1 1 1 1 1 1 1 1 1 1 1 1 1 1 1 1 1 1 1 1 1 1 1 1 1 1 1 1 1 1 1 1 1 1 1 1 1 1 1 1 1 1 1 1 1 1 1 1 1 1 1 1 1 1 1 1 1 1 1 1 1 1 1 1 1 1 1 1 1 1 1 1 1 1 1 1 1 1 1 1 1 1 1 1 1 1 1 1 1 1 1 1 1 1 1 1 1 1 1 1 1 1 1 1 1 1 1 1 1 1 1 1 1 1 1 1 1 1 1 1 1 1 1 1 1 1 1 1 1 1 1 1 1 1 1 1 1 1 1 1 1 1 1 1 1 1 1 1 1 1 1 1 1 1 1 1 1 1 1 1 1 1 1 1 1 1 1 1 1 1 1 1 1 1 1 1 1 1 1 1 1 1 1 1 1 1 1 1 1 1 1 1 1 1 1 1 1 1 1 1 1 1 1 1 1 1 1 1 1 1 1 1 1 1 1 1 1 1 1 1 1 1 1 1 1 1 1 1 1 1 1 1 1 1 1 1 1 1 1 1 1 1 1 1 1 1 1 1 1 1 1 1 1 1 1 1 1 1 1 1 1 1 1 1 1 1 1 1 1 1 1 1 1 1 1 1 1 1 1 1 1 1 1 1 1 1 1 1 1 1 1 1 1 1 1 1 1 1 1 1 1 1 1 1 1 1 1 1 1 1 1 1 1 1 1 1 1 1 1 1 1 1 1 1 1 1 1 1 1 1 1 1 1 1 1 0.7137255 0.8901961 0.882353 1 0.7137255 0.8901961 0.882353 1 0.7137255 0.8901961 0.882353 1 1 1 1 1 1 1 1 1 1 1 1 1 0.4509804 0.4509804 0.4509804 1 0.4509804 0.4509804 0.4509804 1 0.4509804 0.4509804 0.4509804 1 0.7490196 0.2705882 0.2784314 1 0.7490196 0.2705882 0.2784314 1 0.7490196 0.2705882 0.2784314 1 1 1 1 1 1 1 1 1 1 1 1 1 0.4509804 0.4509804 0.4509804 1 0.4509804 0.4509804 0.4509804 1 0.4509804 0.4509804 0.4509804 1 0.4509804 0.4509804 0.4509804 1 0.4509804 0.4509804 0.4509804 1 0.4509804 0.4509804 0.4509804 1 0.7137255 0.8901961 0.882353 1 0.7137255 0.8901961 0.882353 1 0.7137255 0.8901961 0.882353 1 0.7137255 0.8901961 0.882353 1 0.7137255 0.8901961 0.882353 1 0.7137255 0.8901961 0.882353 1 1 1 1 1 1 1 1 1 1 1 1 1 1 1 1 1 1 1 1 1 1 1 1 1 1 0.8941177 0.8235294 1 1 0.8941177 0.8235294 1 1 0.8941177 0.8235294 1 1 1 1 1 1 1 1 1 1 1 1 1 1 0.8941177 0.8235294 1 1 0.8941177 0.8235294 1 1 0.8941177 0.8235294 1 1 0.8941177 0.8235294 1 1 0.8941177 0.8235294 1 1 0.8941177 0.8235294 1 0.7137255 0.8901961 0.882353 1 0.7137255 0.8901961 0.882353 1 0.7137255 0.8901961 0.882353 1 1 1 1 1 1 1 1 1 1 1 1 1 1 1 1 1 1 1 1 1 1 1 1 1 1 1 1 1 1 1 1 1 1 1 1 1 1 1 1 1 1 1 1 1 1 1 1 1 1 1 1 1 1 1 1 1 1 1 1 1 1 1 1 1 1 1 1 1 1 1 1 1 1 1 1 1 1 1 1 1 1 1 1 1 0.7137255 0.8901961 0.882353 1 0.7137255 0.8901961 0.882353 1 0.7137255 0.8901961 0.882353 1 0.7137255 0.8901961 0.882353 1 0.7137255 0.8901961 0.882353 1 0.7137255 0.8901961 0.882353 1 0.7137255 0.8901961 0.882353 1 0.7137255 0.8901961 0.882353 1 0.7137255 0.8901961 0.882353 1 0.7137255 0.8901961 0.882353 1 0.7137255 0.8901961 0.882353 1 0.7137255 0.8901961 0.882353 1 1 1 1 1 1 1 1 1 1 1 1 1 1 1 1 1 1 1 1 1 1 1 1 1 1 1 1 1 1 1 1 1 1 1 1 1 1 1 1 1 1 1 1 1 1 1 1 1 1 0.8941177 0.8235294 1 1 0.8941177 0.8235294 1 1 0.8941177 0.8235294 1 1 1 1 1 1 1 1 1 1 1 1 1 1 1 1 1 1 1 1 1 1 1 1 1 1 1 1 1 1 1 1 1 1 1 1 1 1 0.9803922 0.6862745 1 1 0.9803922 0.6862745 1 1 0.9803922 0.6862745 1 1 1 1 1 1 1 1 1 1 1 1 1 1 1 1 1 1 1 1 1 1 1 1 1 1 1 1 1 1 1 1 1 1 1 1 1 1 1 1 1 1 1 1 1 1 1 1 1 1 1 1 1 1 1 1 1 1 1 1 1 1 1 1 1 1 1 1 1 1 1 1 1 1 1 1 1 1 1 1 1 1 1 1 1 1 1 1 1 1 1 1 1 1 1 1 1 1 1 1 1 1 1 1 1 1 1 1 1 1 1 1 1 1 1 1 1 1 1 1 1 1 1 1 1 1 1 1 1 1 1 1 1 1 1 1 1 1 1 1 1 1 1 1 1 1 1 1 1 1 1 1 1 1 1 1 1 1 1 1 1 1 1 1 1 1 1 1 1 1 1 1 1 1 1 1 1 1 1 1 1 1 1 1 1 1 1 1 1 1 1 1 1 1 1 1 1 1 1 1 1 1 1 1 1 1 1 1 1 1 1 1 1 1 1 1 1 0.7137255 0.8901961 0.882353 1 0.7137255 0.8901961 0.882353 1 0.7137255 0.8901961 0.882353 1 0.7490196 0.2705882 0.2784314 1 0.7490196 0.2705882 0.2784314 1 0.7490196 0.2705882 0.2784314 1 0.7490196 0.2705882 0.2784314 1 0.7490196 0.2705882 0.2784314 1 0.7490196 0.2705882 0.2784314 1 0.7137255 0.8901961 0.882353 1 0.7137255 0.8901961 0.882353 1 0.7137255 0.8901961 0.882353 1 1 1 1 1 1 1 1 1 1 1 1 1 1 1 1 1 1 1 1 1 1 1 1 1 1 1 1 1 1 1 1 1 1 1 1 1 1 1 1 1 1 1 1 1 1 1 1 1 1 1 1 1 1 1 1 1 1 1 1 1 1 1 1 1 1 1 1 1 1 1 1 1 1 1 1 1 1 1 1 1 1 1 1 1 1 1 1 1 1 1 1 1 1 1 1 1 1 1 1 1 1 1 1 1 1 1 1 1 1 1 1 1 1 1 1 1 1 1 1 1 1 1 1 1 1 1 1 1 1 1 1 1 1 1 1 1 1 1 1 1 1 1 1 1 1 1 1 1 1 1 1 1 1 1 1 1 1 1 1 1 1 1 1 1 1 1 1 1 1 1 1 1 1 1 1 1 1 1 1 1 1 1 1 1 1 1 1 1 1 1 1 1 1 1 1 1 1 1 1 1 1 1 1 1 1 1 1 1 1 1 1 1 1 1 1 1 1 1 1 1 1 1 1 1 1 1 1 1 1 1 1 1 1 1 1 1 1 1 1 1 1 1 1 1 1 1 1 1 1 1 1 1 1 1 1 1 1 1 1 1 1 1 1 1 1 1 1 1 1 1 1 1 1 1 1 1 1 1 1 1 1 1 1 1 1 1 1 1 1 1 1 1 1 1 1 1 1 1 1 1 1 1 1 1 1 1 1 1 1 1 1 1 1 1 1 1 1 1 1 1 1 1 1 1 1 1 1 1 1 1 1 1 1 1 1 1 1 1 1 1 1 1 1 1 1 1 1 1 1 1 1 1 1 1 1 1 1 1 1 1 1 1 1 1 1 1 1 1 1 1 1 1 0.7490196 0.2705882 0.2784314 1 0.7490196 0.2705882 0.2784314 1 0.7490196 0.2705882 0.2784314 1 0.7490196 0.2705882 0.2784314 1 0.7490196 0.2705882 0.2784314 1 0.7490196 0.2705882 0.2784314 1 1 1 1 1 1 1 1 1 1 1 1 1 1 1 1 1 1 1 1 1 1 1 1 1 1 1 1 1 1 1 1 1 1 1 1 1 1 1 1 1 1 1 1 1 1 1 1 1 1 1 1 1 1 1 1 1 1 1 1 1 1 1 1 1 1 1 1 1 1 1 1 1 1 1 1 1 1 1 1 1 1 1 1 1 1 1 1 1 1 1 1 1 1 1 1 1 1 1 1 1 1 1 1 1 1 1 1 1 1 1 1 1 1 1 1 1 1 1 1 1 1 1 1 1 1 1 1 1 1 1 1 1 1 1 1 1 1 1 1 1 1 1 1 1 1 1 1 1 1 1 1 1 1 1 1 1 1 1 1 1 1 1 1 1 1 1 1 1 1 1 1 1 1 1 1 1 1 1 1 1 1 1 1 1 1 1 1 1 1 1 1 1 1 1 1 1 1 1 1 1 1 1 1 1 1 1 1 1 1 1 1 1 1 1 1 1 1 1 1 1 1 1 1 1 1 1 1 1 1 1 1 1 1 1 1 1 1 1 1 1 1 1 1 1 1 1 1 1 1 1 1 1 1 1 1 1 1 1 1 1 1 1 1 1 1 1 1 1 1 1 1 1 1 1 1 1 1 1 1 1 1 1 1 1 1 1 1 1 1 1 1 1 1 1 1 1 1 1 1 1 1 1 1 1 1 1 1 1 1 1 1 1 1 1 1 1 1 1 1 1 1 1 1 1 1 1 1 1 1 1 1 1 1 1 1 1 0.7490196 0.2705882 0.2784314 1 0.7490196 0.2705882 0.2784314 1 0.7490196 0.2705882 0.2784314 1 1 1 1 1 1 1 1 1 1 1 1 1 1 1 1 1 1 1 1 1 1 1 1 1 1 1 1 1 1 1 1 1 1 1 1 1 1 1 1 1 1 1 1 1 1 1 1 1 1 1 1 1 1 1 1 1 1 1 1 1 1 1 1 1 1 1 1 1 1 1 1 1 1 1 1 1 1 1 1 1 1 1 1 1 1 1 1 1 1 1 1 1 1 1 1 1 1 1 1 1 1 1 1 1 1 1 1 1 1 1 1 1 1 1 1 1 1 1 1 1 1 1 1 1 1 1 1 1 1 1 1 1 1 1 1 1 1 1 1 1 1 1 1 1 1 1 1 1 1 1 1 1 1 1 1 1 1 1 1 1 1 1 1 1 1 1 1 1 1 0.8941177 0.8235294 1 1 0.8941177 0.8235294 1 1 0.8941177 0.8235294 1 1 0.8941177 0.8235294 1 1 0.8941177 0.8235294 1 1 0.8941177 0.8235294 1 1 0.8941177 0.8235294 1 1 0.8941177 0.8235294 1 1 0.8941177 0.8235294 1 1 0.8941177 0.8235294 1 1 0.8941177 0.8235294 1 1 0.8941177 0.8235294 1 1 0.8941177 0.8235294 1 1 0.8941177 0.8235294 1 1 0.8941177 0.8235294 1 1 0.8941177 0.8235294 1 1 0.8941177 0.8235294 1 1 0.8941177 0.8235294 1 1 0.8941177 0.8235294 1 1 0.8941177 0.8235294 1 1 0.8941177 0.8235294 1 1 0.8941177 0.8235294 1 1 0.8941177 0.8235294 1 1 0.8941177 0.8235294 1 1 0.8941177 0.8235294 1 1 0.8941177 0.8235294 1 1 0.8941177 0.8235294 1 1 0.8941177 0.8235294 1 1 0.8941177 0.8235294 1 1 0.8941177 0.8235294 1 1 0.8941177 0.8235294 1 1 0.8941177 0.8235294 1 1 0.8941177 0.8235294 1 1 0.8941177 0.8235294 1 1 0.8941177 0.8235294 1 1 0.8941177 0.8235294 1 1 0.8941177 0.8235294 1 1 0.8941177 0.8235294 1 1 0.8941177 0.8235294 1 1 0.8941177 0.8235294 1 1 0.8941177 0.8235294 1 1 0.8941177 0.8235294 1 1 0.8941177 0.8235294 1 1 0.8941177 0.8235294 1 1 0.8941177 0.8235294 1 1 0.8941177 0.8235294 1 1 0.8941177 0.8235294 1 1 0.8941177 0.8235294 1 1 0.8941177 0.8235294 1 1 0.8941177 0.8235294 1 1 0.8941177 0.8235294 1 1 0.8941177 0.8235294 1 1 0.8941177 0.8235294 1 1 0.8941177 0.8235294 1 1 0.8941177 0.8235294 1 1 0.8941177 0.8235294 1 1 0.8941177 0.8235294 1 1 0.8941177 0.8235294 1 1 0.8941177 0.8235294 1 1 0.8941177 0.8235294 1 1 0.8941177 0.8235294 1 1 0.8941177 0.8235294 1 1 0.8941177 0.8235294 1 1 0.8941177 0.8235294 1 1 0.8941177 0.8235294 1 1 0.8941177 0.8235294 1 1 0.8941177 0.8235294 1 1 0.8941177 0.8235294 1 1 0.8941177 0.8235294 1 1 0.8941177 0.8235294 1 1 0.8941177 0.8235294 1 1 0.8941177 0.8235294 1 1 0.8941177 0.8235294 1 1 0.8941177 0.8235294 1 1 0.8941177 0.8235294 1 1 0.8941177 0.8235294 1 1 0.8941177 0.8235294 1 1 0.8941177 0.8235294 1 1 0.8941177 0.8235294 1 1 0.8941177 0.8235294 1 1 0.8941177 0.8235294 1 1 0.8941177 0.8235294 1 1 0.8941177 0.8235294 1 1 0.8941177 0.8235294 1 1 0.8941177 0.8235294 1 1 0.8941177 0.8235294 1 1 0.8941177 0.8235294 1 1 0.8941177 0.8235294 1 1 0.8941177 0.8235294 1 1 0.8941177 0.8235294 1 1 0.8941177 0.8235294 1 1 0.8941177 0.8235294 1 1 0.8941177 0.8235294 1 1 0.8941177 0.8235294 1 1 0.8941177 0.8235294 1 1 0.8941177 0.8235294 1 1 1 1 1 1 1 1 1 1 1 1 1 1 1 1 1 1 1 1 1 1 1 1 1 1 1 1 1 1 1 1 1 1 1 1 1 1 1 1 1 1 1 1 1 1 1 1 1 1 1 1 1 1 1 1 1 1 1 1 1 1 1 1 1 1 1 1 1 1 1 1 1 1 1 1 1 1 1 1 1 1 1 1 1 1 1 1 1 1 1 1 1 1 1 1 1 1 1 1 1 1 1 1 1 1 1 1 1 1 1 1 1 1 1 1 1 1 1 1 1 1 0.8941177 0.8235294 1 1 0.8941177 0.8235294 1 1 0.8941177 0.8235294 1 1 1 1 1 1 1 1 1 1 1 1 1 1 0.8941177 0.8235294 1 1 0.8941177 0.8235294 1 1 0.8941177 0.8235294 1 1 0.8941177 0.8235294 1 1 0.8941177 0.8235294 1 1 0.8941177 0.8235294 1 1 0.8941177 0.8235294 1 1 0.8941177 0.8235294 1 1 0.8941177 0.8235294 1 1 0.8941177 0.8235294 1 1 0.8941177 0.8235294 1 1 0.8941177 0.8235294 1 1 0.8941177 0.8235294 1 1 0.8941177 0.8235294 1 1 0.8941177 0.8235294 1 1 0.8941177 0.8235294 1 1 0.8941177 0.8235294 1 1 0.8941177 0.8235294 1 1 0.8941177 0.8235294 1 1 0.8941177 0.8235294 1 1 0.8941177 0.8235294 1 1 1 1 1 1 1 1 1 1 1 1 1 1 1 1 1 1 1 1 1 1 1 1 1 1 1 1 1 1 1 1 1 1 1 1 1 1 1 1 1 1 1 1 1 1 1 1 1 1 1 1 1 1 1 1 1 1 1 1 1 1 0.8627451 0.4196078 1 1 0.8627451 0.4196078 1 1 0.8627451 0.4196078 1 1 1 1 1 1 1 1 1 1 1 1 1 0.5333334 0.5333334 0.5333334 1 0.5333334 0.5333334 0.5333334 1 0.5333334 0.5333334 0.5333334 1 0.5333334 0.5333334 0.5333334 1 0.5333334 0.5333334 0.5333334 1 0.5333334 0.5333334 0.5333334 1 0.5333334 0.5333334 0.5333334 1 0.5333334 0.5333334 0.5333334 1 0.5333334 0.5333334 0.5333334 1 0.5333334 0.5333334 0.5333334 1 0.5333334 0.5333334 0.5333334 1 0.5333334 0.5333334 0.5333334 1 1 0.8627451 0.4196078 1 1 0.8627451 0.4196078 1 1 0.8627451 0.4196078 1 1 1 1 1 1 1 1 1 1 1 1 1 0.2980392 0.4901961 0.6509804 1 0.2980392 0.4901961 0.6509804 1 0.5176471 0.6235294 0.7333334 1 1 1 1 1 1 1 1 1 1 1 1 1 1 1 1 1 1 1 1 1 1 1 1 1 1 1 1 1 1 1 1 1 1 1 1 1 1 1 1 1 1 1 1 1 1 1 1 1 1 1 1 1 1 1 1 1 1 1 1 1 1 0.8941177 0.8235294 1 1 0.8941177 0.8235294 1 1 0.8941177 0.8235294 1 1 1 1 1 1 1 1 1 1 1 1 1 1 1 1 1 1 1 1 1 1 1 1 1 1 1 1 1 1 1 1 1 1 1 1 1 1 1 1 1 1 1 1 1 1 1 1 1 1 1 1 1 1 1 1 1 1 1 1 1 1 1 1 1 1 1 1 1 1 1 1 1 1 1 1 1 1 1 1 1 1 1 1 1 1 1 1 1 1 1 1 1 1 1 1 1 1 1 1 1 1 1 1 1 1 1 1 1 1 1 1 1 1 1 1 1 1 1 1 1 1 1 1 1 1 1 1 1 1 1 1 1 1 1 1 1 1 1 1 1 1 1 1 1 1 1 1 1 1 1 1 1 1 1 1 1 1 1 1 1 1 1 1 1 1 1 1 1 1 1 1 1 1 1 1 1 1 1 1 1 1 1 1 1 1 1 1 1 1 1 1 1 1 1 1 1 1 1 1 1 1 1 1 1 1 1 1 1 1 1 1 1 1 1 1 1 1 1 1 1 1 1 1 1 1 1 1 1 1 1 1 1 1 1 1 1 1 1 1 1 1 1 1 1 1 1 1 1 1 1 1 1 1 1 1 1 1 1 1 1 1 1 1 1 1 1 1 1 1 1 1 1 1 1 1 1 1 1 1 1 1 1 1 1 1 1 1 1 1 1 1 1 1 1 1 1 1 1 1 1 1 1 1 1 1 1 1 1 1 1 1 1 1 1 1 1 1 1 1 1 1 1 1 1 1 1 1 1 1 1 1 1 1 1 1 1 1 1 1 1 1 1 1 1 1 1 1 1 1 1 1 1 1 1 1 1 1 1 1 1 1 1 1 1 1 1 1 1 1 1 1 1 1 1 1 1 1 1 1 1 1 1 1 1 1 1 1 1 1 1 1 1 1 1 1 1 1 1 1 1 1 1 1 1 1 1 1 1 1 1 1 1 1 1 1 1 1 1 1 1 1 1 1 1 1 1 1 1 1 1 1 1 1 1 1 1 1 1 1 1 1 1 1 1 1 1 1 1 1 1 1 1 1 1 1 1 1 1 1 1 1 1 1 1 1 1 1 1 1 1 1 1 1 1 1 1 1 1 1 1 1 1 1 1 1 1 1 1 1 1 1 1 1 1 1 1 1 1 1 1 1 1 1 1 1 1 1 1 1 1 1 1 1 1 1 1 1 1 1 1 1 1 1 1 1 1 1 1 1 1 1 1 1 1 1 1 1 1 1 1 1 1 1 1 1 1 1 1 1 1 1 1 1 1 1 1 1 1 1 1 1 1 1 1 1 1 1 1 1 1 1 1 1 1 1 1 1 1 1 1 1 1 1 1 1 1 1 1 1 1 1 1 1 1 1 1 1 1 1 1 1 1 1 1 1 1 1 1 1 1 1 1 1 1 1 1 1 1 1 1 1 1 1 1 1 1 1 1 1 1 1 1 1 1 1 1 1 1 1 1 1 1 1 1 1 1 1 1 1 1 1 1 1 1 1 1 1 1 1 1 1 1 1 1 1 1 1 1 1 1 1 1 1 1 1 1 1 1 1 1 1 1 1 1 1 1 1 1 1 1 1 1 1 1 1 1 1 1 1 1 1 1 1 1 1 1 1 1 1 1 1 1 1 1 1 1 1 1 1 1 1 1 1 1 1 1 1 1 1 1 1 1 1 1 1 1 1 1 1 1 1 1 1 1 1 1 1 1 1 1 1 1 1 1 1 1 1 1 1 1 1 1 1 1 1 1 1 1 1 1 1 1 1 1 1 1 1 1 1 1 1 1 1 1 1 1 1 1 1 1 1 1 1 1 1 1 1 1 1 1 1 1 1 1 1 1 1 1 1 1 1 1 1 1 1 1 1 1 1 1 1 1 1 1 1 1 1 1 1 1 1 1 1 1 1 1 1 1 1 1 1 1 1 1 1 1 1 1 1 1 1 1 1 1 1 1 1 1 1 1 1 1 1 1 1 1 1 1 1 1 1 1 1 1 1 1 1 1 1 1 1 1 1 1 1 1 1 1 1 1 1 1 1 1 1 1 1 1 1 1 1 1 1 1 1 1 1 1 1 1 1 1 1 1 1 1 1 1 1 1 1 1 1 1 1 1 1 1 1 1 1 1 1 1 1 1 1 1 1 1 1 1 1 1 1 1 1 1 1 1 1 1 1 1 1 1 1 1 1 1 1 1 1 1 1 1 1 1 1 1 1 1 1 1 1 1 1 1 1 1 1 1 1 1 1 1 1 1 1 1 1 1 1 1 1 1 1 1 1 1 1 1 1 1 1 1 1 1 1 1 1 1 1 1 1 1 1 1 1 1 1 1 1 1 1 1 1 1 1 1 1 1 1 1 1 1 1 1 1 1 1 1 1 1 1 1 1 1 1 1 1 1 1 1 1 1 1 1 1 1 1 1 1 1 1 1 1 1 1 1 1 1 1 1 1 1 1 1 1 1 1 1 1 1 1 1 1 1 1 1 1 1 1 1 1 1 1 1 1 1 1 1 1 1 1 1 1 1 1 1 1 1 1 1 1 1 1 1 1 1 1 1 1 1 1 1 1 1 1 1 1 1 1 1 1 1 1 1 1 1 1 1 1 1 1 1 1 1 1 1 1 1 1 1 1 1 1 1 1 1 1 1 1 1 0.7137255 0.8901961 0.882353 1 0.7137255 0.8901961 0.882353 1 0.7137255 0.8901961 0.882353 1 0.7137255 0.8901961 0.882353 1 0.7137255 0.8901961 0.882353 1 0.7137255 0.8901961 0.882353 1 0.7137255 0.8901961 0.882353 1 0.7137255 0.8901961 0.882353 1 0.7137255 0.8901961 0.882353 1 0.7137255 0.8901961 0.882353 1 0.7137255 0.8901961 0.882353 1 0.7137255 0.8901961 0.882353 1 0.7137255 0.8901961 0.882353 1 0.7137255 0.8901961 0.882353 1 0.7137255 0.8901961 0.882353 1 0.7137255 0.8901961 0.882353 1 0.7137255 0.8901961 0.882353 1 0.7137255 0.8901961 0.882353 1 0.7137255 0.8901961 0.882353 1 0.7137255 0.8901961 0.882353 1 0.7137255 0.8901961 0.882353 1 0.7137255 0.8901961 0.882353 1 0.7137255 0.8901961 0.882353 1 0.7137255 0.8901961 0.882353 1 0.7137255 0.8901961 0.882353 1 0.7137255 0.8901961 0.882353 1 0.7137255 0.8901961 0.882353 1 0.7137255 0.8901961 0.882353 1 0.7137255 0.8901961 0.882353 1 0.7137255 0.8901961 0.882353 1 0.7137255 0.8901961 0.882353 1 0.7137255 0.8901961 0.882353 1 0.7137255 0.8901961 0.882353 1 0.7137255 0.8901961 0.882353 1 0.7137255 0.8901961 0.882353 1 0.7137255 0.8901961 0.882353 1 0.7137255 0.8901961 0.882353 1 0.7137255 0.8901961 0.882353 1 0.7137255 0.8901961 0.882353 1 0.7137255 0.8901961 0.882353 1 0.7137255 0.8901961 0.882353 1 0.7137255 0.8901961 0.882353 1 0.7137255 0.8901961 0.882353 1 0.7137255 0.8901961 0.882353 1 0.7137255 0.8901961 0.882353 1 0.7137255 0.8901961 0.882353 1 0.7137255 0.8901961 0.882353 1 0.7137255 0.8901961 0.882353 1 0.7137255 0.8901961 0.882353 1 0.7137255 0.8901961 0.882353 1 0.7137255 0.8901961 0.882353 1 0.7137255 0.8901961 0.882353 1 0.7137255 0.8901961 0.882353 1 0.7137255 0.8901961 0.882353 1 0.7137255 0.8901961 0.882353 1 0.7137255 0.8901961 0.882353 1 0.7137255 0.8901961 0.882353 1 0.7137255 0.8901961 0.882353 1 0.7137255 0.8901961 0.882353 1 0.7137255 0.8901961 0.882353 1 0.7137255 0.8901961 0.882353 1 0.7137255 0.8901961 0.882353 1 0.7137255 0.8901961 0.882353 1 0.7137255 0.8901961 0.882353 1 0.7137255 0.8901961 0.882353 1 0.7137255 0.8901961 0.882353 1 0.7137255 0.8901961 0.882353 1 0.7137255 0.8901961 0.882353 1 0.7137255 0.8901961 0.882353 1 0.7137255 0.8901961 0.882353 1 0.7137255 0.8901961 0.882353 1 0.7137255 0.8901961 0.882353 1 0.7137255 0.8901961 0.882353 1 0.7137255 0.8901961 0.882353 1 0.7137255 0.8901961 0.882353 1 0.7137255 0.8901961 0.882353 1 0.7137255 0.8901961 0.882353 1 0.7137255 0.8901961 0.882353 1 0.7137255 0.8901961 0.882353 1 0.7137255 0.8901961 0.882353 1 0.7137255 0.8901961 0.882353 1 0.7137255 0.8901961 0.882353 1 0.7137255 0.8901961 0.882353 1 0.7137255 0.8901961 0.882353 1 0.7137255 0.8901961 0.882353 1 0.7137255 0.8901961 0.882353 1 0.7137255 0.8901961 0.882353 1 0.7137255 0.8901961 0.882353 1 0.7137255 0.8901961 0.882353 1 0.7137255 0.8901961 0.882353 1 0.7137255 0.8901961 0.882353 1 0.7137255 0.8901961 0.882353 1 0.7137255 0.8901961 0.882353 1 0.7137255 0.8901961 0.882353 1 0.7137255 0.8901961 0.882353 1 0.7137255 0.8901961 0.882353 1 0.7137255 0.8901961 0.882353 1 0.7137255 0.8901961 0.882353 1 0.7137255 0.8901961 0.882353 1 0.7137255 0.8901961 0.882353 1 0.7137255 0.8901961 0.882353 1 0.7137255 0.8901961 0.882353 1 0.7137255 0.8901961 0.882353 1 0.7137255 0.8901961 0.882353 1 0.7137255 0.8901961 0.882353 1 0.7137255 0.8901961 0.882353 1 0.7137255 0.8901961 0.882353 1 0.7137255 0.8901961 0.882353 1 0.7137255 0.8901961 0.882353 1 0.7137255 0.8901961 0.882353 1 0.7137255 0.8901961 0.882353 1 0.7137255 0.8901961 0.882353 1 0.7137255 0.8901961 0.882353 1 0.7137255 0.8901961 0.882353 1 0.7137255 0.8901961 0.882353 1 0.7137255 0.8901961 0.882353 1 0.7137255 0.8901961 0.882353 1 0.7137255 0.8901961 0.882353 1 0.7137255 0.8901961 0.882353 1 0.7137255 0.8901961 0.882353 1 0.7137255 0.8901961 0.882353 1 0.7137255 0.8901961 0.882353 1 0.7137255 0.8901961 0.882353 1 0.7137255 0.8901961 0.882353 1 0.7137255 0.8901961 0.882353 1 0.7137255 0.8901961 0.882353 1 0.7137255 0.8901961 0.882353 1 0.7137255 0.8901961 0.882353 1 0.7137255 0.8901961 0.882353 1 0.7137255 0.8901961 0.882353 1 0.7137255 0.8901961 0.882353 1 0.7137255 0.8901961 0.882353 1 0.7137255 0.8901961 0.882353 1 0.7137255 0.8901961 0.882353 1 0.7137255 0.8901961 0.882353 1 0.7137255 0.8901961 0.882353 1 0.7137255 0.8901961 0.882353 1 0.7137255 0.8901961 0.882353 1 0.7137255 0.8901961 0.882353 1 0.7137255 0.8901961 0.882353 1 0.7137255 0.8901961 0.882353 1 0.7137255 0.8901961 0.882353 1 0.7137255 0.8901961 0.882353 1 0.7137255 0.8901961 0.882353 1 0.7137255 0.8901961 0.882353 1 0.7137255 0.8901961 0.882353 1 0.7137255 0.8901961 0.882353 1 0.7137255 0.8901961 0.882353 1 0.7137255 0.8901961 0.882353 1 0.7137255 0.8901961 0.882353 1 0.7137255 0.8901961 0.882353 1 0.7137255 0.8901961 0.882353 1 0.7137255 0.8901961 0.882353 1 0.7137255 0.8901961 0.882353 1 0.7137255 0.8901961 0.882353 1 0.7137255 0.8901961 0.882353 1 0.7137255 0.8901961 0.882353 1 0.7137255 0.8901961 0.882353 1 0.7137255 0.8901961 0.882353 1 0.7137255 0.8901961 0.882353 1 0.7137255 0.8901961 0.882353 1 0.7137255 0.8901961 0.882353 1 0.7137255 0.8901961 0.882353 1 0.7137255 0.8901961 0.882353 1 0.7137255 0.8901961 0.882353 1 0.7137255 0.8901961 0.882353 1 0.7137255 0.8901961 0.882353 1 0.7137255 0.8901961 0.882353 1 0.7137255 0.8901961 0.882353 1 0.7137255 0.8901961 0.882353 1 0.7137255 0.8901961 0.882353 1 0.7137255 0.8901961 0.882353 1 0.7137255 0.8901961 0.882353 1 0.7137255 0.8901961 0.882353 1 0.7137255 0.8901961 0.882353 1 0.7137255 0.8901961 0.882353 1 0.7137255 0.8901961 0.882353 1 0.7137255 0.8901961 0.882353 1 0.7137255 0.8901961 0.882353 1 0.7137255 0.8901961 0.882353 1 1 1 1 1 1 1 1 1 1 1 1 1 0.7137255 0.8901961 0.882353 1 0.7137255 0.8901961 0.882353 1 0.7137255 0.8901961 0.882353 1 0.7137255 0.8901961 0.882353 1 0.7137255 0.8901961 0.882353 1 0.7137255 0.8901961 0.882353 1 0.7137255 0.8901961 0.882353 1 0.7137255 0.8901961 0.882353 1 0.7137255 0.8901961 0.882353 1 0.7137255 0.8901961 0.882353 1 0.7137255 0.8901961 0.882353 1 0.7137255 0.8901961 0.882353 1 0.7137255 0.8901961 0.882353 1 0.7137255 0.8901961 0.882353 1 0.7137255 0.8901961 0.882353 1 0.7137255 0.8901961 0.882353 1 0.7137255 0.8901961 0.882353 1 0.7137255 0.8901961 0.882353 1 0.7137255 0.8901961 0.882353 1 0.7137255 0.8901961 0.882353 1 0.7137255 0.8901961 0.882353 1 0.7137255 0.8901961 0.882353 1 0.7137255 0.8901961 0.882353 1 0.7137255 0.8901961 0.882353 1 0.7137255 0.8901961 0.882353 1 0.7137255 0.8901961 0.882353 1 0.7137255 0.8901961 0.882353 1 0.7137255 0.8901961 0.882353 1 0.7137255 0.8901961 0.882353 1 0.7137255 0.8901961 0.882353 1 0.7137255 0.8901961 0.882353 1 0.7137255 0.8901961 0.882353 1 0.7137255 0.8901961 0.882353 1 0.7137255 0.8901961 0.882353 1 0.7137255 0.8901961 0.882353 1 0.7137255 0.8901961 0.882353 1 0.7137255 0.8901961 0.882353 1 0.7137255 0.8901961 0.882353 1 0.7137255 0.8901961 0.882353 1 0.7137255 0.8901961 0.882353 1 0.7137255 0.8901961 0.882353 1 0.7137255 0.8901961 0.882353 1 0.7137255 0.8901961 0.882353 1 0.7137255 0.8901961 0.882353 1 0.7137255 0.8901961 0.882353 1 0.7137255 0.8901961 0.882353 1 0.7137255 0.8901961 0.882353 1 0.7137255 0.8901961 0.882353 1 0.7137255 0.8901961 0.882353 1 0.7137255 0.8901961 0.882353 1 0.7137255 0.8901961 0.882353 1 0.7137255 0.8901961 0.882353 1 0.7137255 0.8901961 0.882353 1 0.7137255 0.8901961 0.882353 1 1 1 1 1 1 1 1 1 1 1 1 1 1 1 1 1 1 1 1 1 1 1 1 1 1 1 1 1 1 1 1 1 1 1 1 1 1 1 1 1 1 1 1 1 1 1 1 1 1 1 1 1 1 1 1 1 1 1 1 1 1 1 1 1 1 1 1 1 1 1 1 1 1 1 1 1 1 1 1 1 1 1 1 1 1 1 1 1 1 1 1 1 1 1 1 1 1 1 1 1 1 1 1 1 1 1 1 1 1 1 1 1 1 1 1 1 1 1 1 1 1 1 1 1 1 1 1 1 1 1 1 1 1 1 1 1 1 1 1 1 1 1 1 1 1 1 1 1 1 1 1 1 1 1 1 1 1 1 1 1 1 1 1 1 1 1 1 1 1 1 1 1 1 1 1 1 1 1 1 1 1 1 1 1 1 1 1 1 1 1 1 1 1 1 1 1 1 1 1 1 1 1 1 1 1 1 1 1 1 1 1 1 1 1 1 1 1 1 1 1 1 1 1 1 1 1 1 1 1 1 1 1 1 1 1 1 1 1 1 1 1 1 1 1 1 1 1 1 1 1 1 1 1 1 1 1 1 1 1 1 1 1 1 1 1 1 1 1 1 1 1 1 1 1 1 1 1 1 1 1 1 1 1 1 1 1 1 1 1 1 1 1 1 1 1 1 1 1 1 1 1 1 1 1 1 1 1 1 1 1 1 1 1 1 1 1 1 1 1 1 1 1 1 1 1 1 1 1 1 1 1 1 1 1 1 1 1 1 1 1 1 1 1 1 1 1 1 1 1 1 1 1 1 1 1 1 1 1 1 1 1 1 1 1 1 1 1 1 1 1 1 1 1 1 1 1 1 1 1 1 1 1 1 1 1 1 1 1 1 1 1 1 1 1 1 1 1 1 1 1 1 1 1 1 1 1 1 1 1 1 1 1 1 1 1 1 1 1 1 1 1 1 1 1 1 1 1 1 1 1 1 1 1 1 1 1 1 1 1 1 1 1 1 1 1 1 1 1 1 1 1 1 1 1 1 1 1 1 1 1 1 1 1 1 1 1 1 1 1 1 1 1 1 1 1 1 1 1 1 1 1 1 1 1 1 1 1 1 1 1 1 1 1 1 1 1 1 1 1 1 1 1 1 1 1 1 1 1 1 1 1 1 1 1 1 1 1 1 1 1 1 1 1 1 1 1 1 1 1 1 1 1 1 1 1 1 1 1 1 1 1 1 1 1 1 1 1 1 1 1 1 1 1 1 1 1 1 1 1 1 1 1 1 1 1 1 1 1 1 1 1 1 1 1 1 1 1 1 1 1 1 1 1 1 1 1 1 1 1 1 1 1 1 1 1 1 1 1 1 1 1 1 1 1 1 1 1 1 1 1 1 1 1 1 1 1 1 1 1 1 1 1 1 1 1 1 1 1 1 1 1 1 1 1 1 1 1 1 1 1 1 1 1 1 1 1 1 1 1 1 1 1 1 1 1 1 1 1 1 1 1 1 1 1 1 1 1 1 1 1 1 1 1 1 1 1 1 1 1 1 1 1 1 1 1 1 1 1 1 1 1 1 1 1 1 1 1 1 1 1 1 1 1 1 1 1 1 1 1 1 1 1 1 1 1 1 1 1 1 1 1 1 1 1 1 1 1 1 1 1 1 1 1 1 1 1 1 1 1 1 1 1 1 1 1 1 1 1 1 1 1 1 1 1 1 1 1 1 1 1 1 1 1 1 1 1 1 1 1 1 1 1 1 1 1 1 1 1 1 1 1 1 1 1 1 1 1 1 1 1 1 1 1 1 1 1 1 1 1 1 1 1 1 1 1 1 1 1 1 1 1 1 1 1 1 1 1 1 1 1 1 1 1 1 1 1 1 1 1 1 1 1 1 1 1 1 1 1 1 1 1 1 1 1 1 1 1 1 1 1 1 1 1 1 1 1 1 1 1 1 1 1 1 1 1 1 1 1 1 1 1 1 1 1 1 1 1 1 1 1 1 1 1 1 1 1 1 1 1 1 1 1 1 1 1 1 1 1 1 1 1 1 1 1 1 1 1 1 1 1 1 1 0.7137255 0.8901961 0.882353 1 0.7137255 0.8901961 0.882353 1 0.7137255 0.8901961 0.882353 1 1 1 1 1 1 1 1 1 1 1 1 1 1 0.9372549 0.6509804 1 1 0.9372549 0.6509804 1 1 0.9372549 0.6509804 1 1 1 1 1 1 1 1 1 1 1 1 1 1 1 1 1 1 1 1 1 1 1 1 1 1 1 1 1 1 1 1 1 1 1 1 1 1 1 1 1 1 1 1 1 1 1 1 1 1 1 1 1 1 1 1 1 1 1 1 1 1 1 1 1 1 1 1 1 1 1 1 1 1 0.9372549 0.6509804 1 1 0.9372549 0.6509804 1 1 0.9372549 0.6509804 1 1 1 1 1 1 1 1 1 1 1 1 1 1 0.8941177 0.8235294 1 1 0.8941177 0.8235294 1 1 0.8941177 0.8235294 1 1 0.8941177 0.8235294 1 1 0.8941177 0.8235294 1 1 0.8941177 0.8235294 1 0.7490196 0.2705882 0.2784314 1 0.7490196 0.2705882 0.2784314 1 0.7490196 0.2705882 0.2784314 1 0.4509804 0.4509804 0.4509804 1 0.4509804 0.4509804 0.4509804 1 0.4509804 0.4509804 0.4509804 1 0.4509804 0.4509804 0.4509804 1 0.4509804 0.4509804 0.4509804 1 0.4509804 0.4509804 0.4509804 1 0.7490196 0.2705882 0.2784314 1 0.7490196 0.2705882 0.2784314 1 0.7490196 0.2705882 0.2784314 1 0.7137255 0.8901961 0.882353 1 0.7137255 0.8901961 0.882353 1 0.7137255 0.8901961 0.882353 1 1 1 1 1 1 1 1 1 1 1 1 1 1 1 1 1 1 1 1 1 1 1 1 1 0.7137255 0.8901961 0.882353 1 0.7137255 0.8901961 0.882353 1 0.7137255 0.8901961 0.882353 1 0.7137255 0.8901961 0.882353 1 0.7137255 0.8901961 0.882353 1 0.7137255 0.8901961 0.882353 1 0.7137255 0.8901961 0.882353 1 0.7137255 0.8901961 0.882353 1 0.7137255 0.8901961 0.882353 1 0.9294118 0 0.007843136 1 0.9294118 0 0.007843136 1 0.9294118 0 0.007843136 1 0.9294118 0 0.007843136 1 0.9294118 0 0.007843136 1 0.9294118 0 0.007843136 1 0.9294118 0 0.007843136 1 0.9294118 0 0.007843136 1 0.9294118 0 0.007843136 1 0.9294118 0 0.007843136 1 0.9294118 0 0.007843136 1 0.9294118 0 0.007843136 1 0.9294118 0 0.007843136 1 0.9294118 0 0.007843136 1 0.9294118 0 0.007843136 1 0.9294118 0 0.007843136 1 0.9294118 0 0.007843136 1 0.9294118 0 0.007843136 1 0.9294118 0 0.007843136 1 0.9294118 0 0.007843136 1 0.9294118 0 0.007843136 1 0.9294118 0 0.007843136 1 0.9294118 0 0.007843136 1 0.9294118 0 0.007843136 1 0.9294118 0 0.007843136 1 0.9294118 0 0.007843136 1 0.9294118 0 0.007843136 1 0.9294118 0 0.007843136 1 0.9294118 0 0.007843136 1 0.9294118 0 0.007843136 1 0.9294118 0 0.007843136 1 0.9294118 0 0.007843136 1 0.9294118 0 0.007843136 1 0.9294118 0 0.007843136 1 0.9294118 0 0.007843136 1 0.9294118 0 0.007843136 1 0.9294118 0 0.007843136 1 0.9294118 0 0.007843136 1 0.9294118 0 0.007843136 1 0.9294118 0 0.007843136 1 0.9294118 0 0.007843136 1 0.9294118 0 0.007843136 1 0.9294118 0 0.007843136 1 0.9294118 0 0.007843136 1 0.9294118 0 0.007843136 1 0.8588235 0.1529412 0.1803922 1 0.8588235 0.1529412 0.1803922 1 0.8588235 0.1529412 0.1803922 1 1 1 1 1 1 1 1 1 1 1 1 1 1 1 1 1 1 1 1 1 1 1 1 1 1 1 1 1 1 1 1 1 1 1 1 1 1 1 1 1 1 1 1 1 1 1 1 1 1 1 1 1 1 1 1 1 1 1 1 1 1 1 1 1 1 1 1 1 1 1 1 1 1 1 1 1 1 1 1 1 1 1 1 1 1 1 1 1 1 1 1 1 1 1 1 1 0.8588235 0.1529412 0.1803922 1 0.8588235 0.1529412 0.1803922 1 0.8588235 0.1529412 0.1803922 1 0.8588235 0.1529412 0.1803922 1 0.8588235 0.1529412 0.1803922 1 0.8588235 0.1529412 0.1803922 1 0.8588235 0.1529412 0.1803922 1 0.8588235 0.1529412 0.1803922 1 0.8588235 0.1529412 0.1803922 1 0.8588235 0.1529412 0.1803922 1 0.8588235 0.1529412 0.1803922 1 0.8588235 0.1529412 0.1803922 1 0.8588235 0.1529412 0.1803922 1 0.8588235 0.1529412 0.1803922 1 0.8588235 0.1529412 0.1803922 1 0.8588235 0.1529412 0.1803922 1 0.8588235 0.1529412 0.1803922 1 0.8588235 0.1529412 0.1803922 1 0.8588235 0.1529412 0.1803922 1 0.8588235 0.1529412 0.1803922 1 0.8588235 0.1529412 0.1803922 1 0.8588235 0.1529412 0.1803922 1 0.8588235 0.1529412 0.1803922 1 0.8588235 0.1529412 0.1803922 1 0.8588235 0.1529412 0.1803922 1 0.8588235 0.1529412 0.1803922 1 0.8588235 0.1529412 0.1803922 1 1 1 1 1 1 1 1 1 1 1 1 1 1 1 1 1 1 1 1 1 1 1 1 1 1 1 1 1 1 1 1 1 1 1 1 1 0.8588235 0.1529412 0.1803922 1 0.8588235 0.1529412 0.1803922 1 0.8588235 0.1529412 0.1803922 1 0.8588235 0.1529412 0.1803922 1 0.8588235 0.1529412 0.1803922 1 0.8588235 0.1529412 0.1803922 1 0.8588235 0.1529412 0.1803922 1 0.8588235 0.1529412 0.1803922 1 0.8588235 0.1529412 0.1803922 1 0.8588235 0.1529412 0.1803922 1 0.8588235 0.1529412 0.1803922 1 0.8588235 0.1529412 0.1803922 1 1 1 1 1 1 1 1 1 1 1 1 1 1 1 1 1 1 1 1 1 1 1 1 1 1 1 1 1 1 1 1 1 1 1 1 1 1 1 1 1 1 1 1 1 1 1 1 1 1 1 1 1 1 1 1 1 1 1 1 1 1 1 1 1 1 1 1 1 1 1 1 1 1 1 1 1 1 1 1 1 1 1 1 1 1 1 1 1 1 1 1 1 1 1 1 1 1 1 1 1 1 1 1 1 1 1 1 1 1 1 1 1 1 1 1 1 1 1 1 1 1 1 1 1 1 1 1 1 1 1 1 1 1 1 1 1 1 1 1 1 1 1 1 1 1 1 1 1 1 1 1 1 1 1 1 1 1 1 1 1 1 1 1 1 1 1 1 1 1 1 1 1 1 1 1 1 1 1 1 1 1 1 1 1 1 1 1 1 1 1 1 1 1 1 1 1 1 1 1 1 1 1 1 1 0.9294118 0 0.007843136 1 0.9294118 0 0.007843136 1 0.9294118 0 0.007843136 1 0.9294118 0 0.007843136 1 0.9294118 0 0.007843136 1 0.9294118 0 0.007843136 1 0.9294118 0 0.007843136 1 0.9294118 0 0.007843136 1 0.9294118 0 0.007843136 1 0.9294118 0 0.007843136 1 0.9294118 0 0.007843136 1 0.9294118 0 0.007843136 1 0.9294118 0 0.007843136 1 0.9294118 0 0.007843136 1 0.9294118 0 0.007843136 1 0.9294118 0 0.007843136 1 0.9294118 0 0.007843136 1 0.9294118 0 0.007843136 1 0.9294118 0 0.007843136 1 0.9294118 0 0.007843136 1 0.9294118 0 0.007843136 1 0.9294118 0 0.007843136 1 0.9294118 0 0.007843136 1 0.9294118 0 0.007843136 1 0.9294118 0 0.007843136 1 0.9294118 0 0.007843136 1 0.9294118 0 0.007843136 1 0.9294118 0 0.007843136 1 0.9294118 0 0.007843136 1 0.9294118 0 0.007843136 1 0.9294118 0 0.007843136 1 0.9294118 0 0.007843136 1 0.9294118 0 0.007843136 1 0.9294118 0 0.007843136 1 0.9294118 0 0.007843136 1 0.9294118 0 0.007843136 1 0.9294118 0 0.007843136 1 0.9294118 0 0.007843136 1 0.9294118 0 0.007843136 1 0.9294118 0 0.007843136 1 0.9294118 0 0.007843136 1 0.9294118 0 0.007843136 1 0.9294118 0 0.007843136 1 0.9294118 0 0.007843136 1 0.9294118 0 0.007843136 1 0.9294118 0 0.007843136 1 0.9294118 0 0.007843136 1 0.9294118 0 0.007843136 1 0.9294118 0 0.007843136 1 0.9294118 0 0.007843136 1 0.9294118 0 0.007843136 1 0.9294118 0 0.007843136 1 0.9294118 0 0.007843136 1 0.9294118 0 0.007843136 1 1 1 1 1 1 1 1 1 1 1 1 1 1 1 1 1 1 1 1 1 1 1 1 1 1 1 1 1 1 1 1 1 1 1 1 1 1 1 1 1 1 1 1 1 1 1 1 1 1 1 1 1 1 1 1 1 1 1 1 1 1 0.8941177 0.8235294 1 1 0.8941177 0.8235294 1 1 0.8941177 0.8235294 1 0.7137255 0.8901961 0.882353 1 0.7137255 0.8901961 0.882353 1 0.7137255 0.8901961 0.882353 1 1 1 1 1 1 1 1 1 1 1 1 1 1 1 1 1 1 1 1 1 1 1 1 1 0.7137255 0.8901961 0.882353 1 0.7137255 0.8901961 0.882353 1 0.7137255 0.8901961 0.882353 1 0.7137255 0.8901961 0.882353 1 0.7137255 0.8901961 0.882353 1 0.7137255 0.8901961 0.882353 1 0.7137255 0.8901961 0.882353 1 0.7137255 0.8901961 0.882353 1 0.7137255 0.8901961 0.882353 1 1 1 1 1 1 1 1 1 1 1 1 1 1 1 1 1 1 1 1 1 1 1 1 1 1 1 1 1 1 1 1 1 1 1 1 1 1 1 1 1 1 1 1 1 1 1 1 1 1 0.9803922 0.6862745 1 1 0.9803922 0.6862745 1 1 0.9803922 0.6862745 1 1 1 1 1 1 1 1 1 1 1 1 1 1 1 1 1 1 1 1 1 1 1 1 1 1 1 1 1 1 1 1 1 1 1 1 1 1 1 1 1 1 1 1 1 1 1 1 1 1 1 1 1 1 1 1 1 1 1 1 1 1 1 1 1 1 1 1 1 1 1 1 1 1 1 1 1 1 1 1 1 1 1 1 1 1 1 1 1 1 1 1 1 1 1 1 1 1 1 1 1 1 1 1 1 1 1 1 1 1 1 1 1 1 1 1 1 1 1 1 1 1 1 1 1 1 1 1 1 1 1 1 1 1 1 1 1 1 1 1 1 1 1 1 1 1 1 1 1 1 1 1 1 1 1 1 1 1 1 1 1 1 1 1 1 1 1 1 1 1 1 1 1 1 1 1 1 1 1 1 1 1 1 1 1 1 1 1 1 1 1 1 1 1 1 1 1 1 1 1 1 1 1 1 1 1 1 1 1 1 1 1 1 1 1 1 1 1 1 1 1 1 1 1 1 1 1 1 1 1 1 1 1 1 1 1 1 1 1 1 1 1 1 1 1 1 1 1 1 1 1 1 1 0.7137255 0.8901961 0.882353 1 0.7137255 0.8901961 0.882353 1 0.7137255 0.8901961 0.882353 1 0.7137255 0.8901961 0.882353 1 0.7137255 0.8901961 0.882353 1 0.7137255 0.8901961 0.882353 1 1 1 1 1 1 1 1 1 1 1 1 1 1 1 1 1 1 1 1 1 1 1 1 1 1 1 1 1 1 1 1 1 1 1 1 1 1 1 1 1 1 1 1 1 1 1 1 1 1 1 1 1 1 1 1 1 1 1 1 1 1 1 1 1 1 1 1 1 1 1 1 1 1 1 1 1 1 1 1 1 1 1 1 1 1 1 1 1 1 1 1 1 1 1 1 1 1 1 1 1 1 1 1 1 1 1 1 1 1 1 1 1 1 1 1 1 1 1 1 1 1 1 1 1 1 1 1 1 1 1 1 1 1 1 1 1 1 1 1 1 1 1 1 1 1 1 1 1 1 1 1 1 1 1 1 1 1 1 1 1 1 1 1 1 1 1 1 1 1 1 1 1 1 1 1 1 1 1 1 1 1 1 1 1 1 1 1 1 1 1 1 1 1 1 1 1 1 1 1 1 1 1 1 1 1 1 1 1 1 1 1 1 1 1 1 1 1 1 1 1 1 1 1 1 1 1 1 1 1 1 1 1 1 1 1 1 1 1 1 1 1 1 1 1 1 1 1 1 1 1 1 1 1 1 1 1 1 1 1 1 1 1 1 1 1 1 1 1 1 1 1 1 1 1 1 1 1 1 1 1 1 1 1 1 1 1 1 1 1 1 1 1 1 1 1 1 1 1 1 1 1 1 1 1 1 1 1 1 1 1 1 1 1 1 1 1 1 1 1 1 1 1 1 1 1 1 1 1 1 1 1 1 1 1 1 1 1 1 1 1 1 1 1 1 1 1 1 1 1 1 1 1 1 1 1 1 1 1 1 1 1 1 1 1 1 1 1 1 1 1 1 1 1 1 1 1 1 1 1 1 1 1 1 1 1 1 1 1 1 1 1 1 1 1 1 1 1 1 1 1 1 1 1 1 1 1 1 1 1 1 1 1 1 1 1 1 1 1 1 1 1 1 1 1 1 1 1 1 1 1 1 1 1 1 1 1 1 1 1 1 1 1 1 1 1 1 1 1 1 1 1 1 1 1 1 1 0.7490196 0.2705882 0.2784314 1 0.7490196 0.2705882 0.2784314 1 0.7490196 0.2705882 0.2784314 1 0.7490196 0.2705882 0.2784314 1 0.7490196 0.2705882 0.2784314 1 0.7490196 0.2705882 0.2784314 1 1 1 1 1 1 1 1 1 1 1 1 1 1 1 1 1 1 1 1 1 1 1 1 1 1 1 1 1 1 1 1 1 1 1 1 1 1 1 1 1 1 1 1 1 1 1 1 1 1 1 1 1 1 1 1 1 1 1 1 1 1 1 1 1 1 1 1 1 1 1 1 1 1 1 1 1 1 1 1 1 1 1 1 1 1 1 1 1 1 1 1 1 1 1 1 1 1 1 1 1 1 1 1 1 1 1 1 1 1 1 1 1 1 1 1 1 1 1 1 1 1 1 1 1 1 1 1 1 1 1 1 1 1 1 1 1 1 1 1 1 1 1 1 1 1 1 1 1 1 1 1 1 1 1 1 1 1 1 1 1 1 1 1 1 1 1 1 1 1 1 1 1 1 1 1 1 1 1 1 1 1 1 1 1 1 1 1 1 1 1 1 1 1 1 1 1 1 1 1 1 1 1 1 1 1 1 1 1 1 1 1 1 1 1 1 1 1 1 1 1 1 1 1 1 1 1 1 1 1 1 1 1 1 1 1 1 1 1 1 1 1 1 1 1 1 1 1 1 1 1 1 1 1 1 1 1 1 1 1 1 1 1 1 1 1 1 1 1 1 1 1 1 1 1 1 1 1 1 1 1 1 1 1 1 1 1 1 1 1 1 1 1 1 1 1 1 1 1 1 1 1 1 1 1 1 1 1 1 1 1 1 1 1 1 1 1 1 1 1 1 1 1 1 1 1 1 1 1 1 1 1 1 1 1 1 1 1 1 1 1 1 1 1 1 1 1 1 1 1 1 1 1 1 1 1 1 1 1 1 1 1 1 1 1 1 1 1 1 1 1 1 1 1 1 1 1 1 1 1 1 1 1 1 1 1 1 1 1 1 1 1 1 1 1 1 1 1 1 1 1 1 1 1 1 1 1 1 1 1 1 1 1 1 1 1 1 1 1 1 1 1 1 1 1 1 1 1 1 1 1 1 1 1 1 1 1 1 1 1 1 1 1 1 1 1 1 1 1 1 1 1 1 1 1 1 1 1 1 1 1 1 1 1 1 1 1 1 1 1 1 1 1 1 1 1 1 1 1 1 1 1 1 1 1 1 1 1 1 1 1 1 1 1 0.8941177 0.8235294 1 1 0.8941177 0.8235294 1 1 0.8941177 0.8235294 1 1 0.8941177 0.8235294 1 1 0.8941177 0.8235294 1 1 0.8941177 0.8235294 1 1 0.8941177 0.8235294 1 1 0.8941177 0.8235294 1 1 0.8941177 0.8235294 1 1 0.8941177 0.8235294 1 1 0.8941177 0.8235294 1 1 0.8941177 0.8235294 1 1 0.8941177 0.8235294 1 1 0.8941177 0.8235294 1 1 0.8941177 0.8235294 1 1 0.8941177 0.8235294 1 1 0.8941177 0.8235294 1 1 0.8941177 0.8235294 1 1 0.8941177 0.8235294 1 1 0.8941177 0.8235294 1 1 0.8941177 0.8235294 1 1 0.8941177 0.8235294 1 1 0.8941177 0.8235294 1 1 0.8941177 0.8235294 1 1 0.8941177 0.8235294 1 1 0.8941177 0.8235294 1 1 0.8941177 0.8235294 1 1 0.8941177 0.8235294 1 1 0.8941177 0.8235294 1 1 0.8941177 0.8235294 1 1 0.8941177 0.8235294 1 1 0.8941177 0.8235294 1 1 0.8941177 0.8235294 1 1 0.8941177 0.8235294 1 1 0.8941177 0.8235294 1 1 0.8941177 0.8235294 1 1 0.8941177 0.8235294 1 1 0.8941177 0.8235294 1 1 0.8941177 0.8235294 1 1 0.8941177 0.8235294 1 1 0.8941177 0.8235294 1 1 0.8941177 0.8235294 1 1 0.8941177 0.8235294 1 1 0.8941177 0.8235294 1 1 0.8941177 0.8235294 1 1 0.8941177 0.8235294 1 1 0.8941177 0.8235294 1 1 0.8941177 0.8235294 1 1 0.8941177 0.8235294 1 1 0.8941177 0.8235294 1 1 0.8941177 0.8235294 1 1 0.8941177 0.8235294 1 1 0.8941177 0.8235294 1 1 0.8941177 0.8235294 1 1 0.8941177 0.8235294 1 1 0.8941177 0.8235294 1 1 0.8941177 0.8235294 1 1 0.8941177 0.8235294 1 1 0.8941177 0.8235294 1 1 0.8941177 0.8235294 1 1 0.8941177 0.8235294 1 1 0.8941177 0.8235294 1 1 0.8941177 0.8235294 1 1 0.8941177 0.8235294 1 1 0.8941177 0.8235294 1 1 0.8941177 0.8235294 1 1 0.8941177 0.8235294 1 1 0.8941177 0.8235294 1 1 0.8941177 0.8235294 1 1 0.8941177 0.8235294 1 1 0.8941177 0.8235294 1 1 0.8941177 0.8235294 1 1 0.8941177 0.8235294 1 1 0.8941177 0.8235294 1 1 0.8941177 0.8235294 1 1 0.8941177 0.8235294 1 1 0.8941177 0.8235294 1 1 0.8941177 0.8235294 1 1 0.8941177 0.8235294 1 1 0.8941177 0.8235294 1 1 0.8941177 0.8235294 1 1 0.8941177 0.8235294 1 1 0.8941177 0.8235294 1 1 0.8941177 0.8235294 1 1 0.8941177 0.8235294 1 1 0.8941177 0.8235294 1 1 0.8941177 0.8235294 1 1 0.8941177 0.8235294 1 1 0.8941177 0.8235294 1 1 0.8941177 0.8235294 1 1 0.8941177 0.8235294 1 1 0.8941177 0.8235294 1 1 0.8941177 0.8235294 1 1 0.8941177 0.8235294 1 1 0.8941177 0.8235294 1 1 0.8941177 0.8235294 1 1 1 1 1 1 1 1 1 1 1 1 1 1 1 1 1 1 1 1 1 1 1 1 1 1 1 1 1 1 1 1 1 1 1 1 1 1 1 1 1 1 1 1 1 1 1 1 1 1 1 1 1 1 1 1 1 1 1 1 1 1 1 1 1 1 1 1 1 1 1 1 1 1 1 1 1 1 1 1 1 1 1 1 1 1 1 1 1 1 1 1 1 1 1 1 1 1 1 1 1 1 1 1 1 1 1 1 1 1 0.8941177 0.8235294 1 1 0.8941177 0.8235294 1 1 0.8941177 0.8235294 1 1 0.8941177 0.8235294 1 1 0.8941177 0.8235294 1 1 0.8941177 0.8235294 1 1 0.8941177 0.8235294 1 1 0.8941177 0.8235294 1 1 0.8941177 0.8235294 1 1 0.8941177 0.8235294 1 1 0.8941177 0.8235294 1 1 0.8941177 0.8235294 1 1 0.8941177 0.8235294 1 1 0.8941177 0.8235294 1 1 0.8941177 0.8235294 1 1 0.8941177 0.8235294 1 1 0.8941177 0.8235294 1 1 0.8941177 0.8235294 1 1 0.8941177 0.8235294 1 1 0.8941177 0.8235294 1 1 0.8941177 0.8235294 1 1 0.8941177 0.8235294 1 1 0.8941177 0.8235294 1 1 0.8941177 0.8235294 1 1 1 1 1 1 1 1 1 1 1 1 1 1 1 1 1 1 1 1 1 1 1 1 1 1 1 1 1 1 1 1 1 1 1 1 1 1 0.8627451 0.4196078 1 1 0.8627451 0.4196078 1 1 0.8627451 0.4196078 1 0.5333334 0.5333334 0.5333334 1 0.5333334 0.5333334 0.5333334 1 0.5333334 0.5333334 0.5333334 1 0.5333334 0.5333334 0.5333334 1 0.5333334 0.5333334 0.5333334 1 0.5333334 0.5333334 0.5333334 1 0.5333334 0.5333334 0.5333334 1 0.5333334 0.5333334 0.5333334 1 0.5333334 0.5333334 0.5333334 1 0.5333334 0.5333334 0.5333334 1 0.5333334 0.5333334 0.5333334 1 0.5333334 0.5333334 0.5333334 1 1 0.8627451 0.4196078 1 1 0.8627451 0.4196078 1 1 0.8627451 0.4196078 1 1 1 1 1 1 1 1 1 1 1 1 1 0.2980392 0.4901961 0.6509804 1 0.2980392 0.4901961 0.6509804 1 0.2980392 0.4901961 0.6509804 1 1 1 1 1 1 1 1 1 1 1 1 1 1 1 1 1 1 1 1 1 1 1 1 1 1 1 1 1 1 1 1 1 1 1 1 1 1 1 1 1 1 1 1 1 1 1 1 1 1 1 1 1 1 1 1 1 1 1 1 1 1 1 1 1 1 1 1 1 1 1 1 1 1 1 1 1 1 1 1 1 1 1 1 1 1 1 1 1 1 1 1 1 1 1 1 1 1 1 1 1 1 1 1 1 1 1 1 1 1 1 1 1 1 1 1 1 1 1 1 1 1 1 1 1 1 1 1 1 1 1 1 1 1 1 1 1 1 1 1 1 1 1 1 1 1 1 1 1 1 1 1 1 1 1 1 1 1 1 1 1 1 1 1 1 1 1 1 1 1 1 1 1 1 1 1 1 1 1 1 1 1 1 1 1 1 1 1 1 1 1 1 1 1 1 1 1 1 1 1 1 1 1 1 1 1 1 1 1 1 1 1 1 1 1 1 1 1 1 1 1 1 1 1 1 1 1 1 1 1 1 1 1 1 1 1 1 1 1 1 1 1 1 1 1 1 1 1 1 1 1 1 1 1 1 1 1 1 1 1 1 1 1 1 1 1 1 1 1 1 1 1 1 1 1 1 1 1 1 1 1 1 1 1 1 1 1 1 1 1 1 1 1 1 1 1 1 1 1 1 1 1 1 1 1 1 1 1 1 1 1 1 1 1 1 1 1 1 1 1 1 1 1 1 1 1 1 1 1 1 1 1 1 1 1 1 1 1 1 1 1 1 1 1 1 1 1 1 1 1 1 1 1 1 1 1 1 1 1 1 1 1 1 1 1 1 1 1 1 1 1 1 1 1 1 1 1 1 1 1 1 1 1 1 1 1 1 1 1 1 1 1 1 1 1 1 1 1 1 1 1 1 1 1 1 1 1 1 1 1 1 1 1 1 1 1 1 1 1 1 1 1 1 1 1 1 1 1 1 1 1 1 1 1 1 1 1 1 1 1 1 1 1 1 1 1 1 1 1 1 1 1 1 1 1 1 1 1 1 1 1 1 1 1 1 1 1 1 1 1 1 1 1 1 1 1 1 1 1 1 1 1 1 1 1 1 1 1 1 1 1 1 1 1 1 1 1 1 1 1 1 1 1 1 1 1 1 1 1 1 1 1 1 1 1 1 1 1 1 1 1 1 1 1 1 1 1 1 1 1 1 1 1 1 1 1 1 1 1 1 1 1 1 1 1 1 1 1 1 1 1 1 1 1 1 1 1 1 1 1 1 1 1 1 1 1 1 1 1 1 1 1 1 1 1 1 1 1 1 1 1 1 1 1 1 1 1 1 1 1 1 1 1 1 1 1 1 1 1 1 1 1 1 1 1 1 1 1 1 1 1 1 1 1 1 1 1 1 1 1 1 1 1 1 1 1 1 1 1 1 1 1 1 1 1 1 1 1 1 1 1 1 1 1 1 1 1 1 1 1 1 1 1 1 1 1 1 1 1 1 1 1 1 1 1 1 1 1 1 1 1 1 1 1 1 1 1 1 1 1 1 1 1 1 1 1 1 1 1 1 1 1 1 1 1 1 1 1 1 1 1 1 1 1 1 1 1 1 1 1 1 1 1 1 1 1 1 1 1 1 1 1 1 1 1 1 1 1 1 1 1 1 1 1 1 1 1 1 1 1 1 1 1 1 1 1 1 1 1 1 1 1 1 1 1 1 1 1 1 1 1 1 1 1 1 1 1 1 1 1 1 1 1 1 1 1 1 1 1 1 1 1 1 1 1 1 1 1 1 1 1 1 1 1 1 1 1 1 1 1 1 1 1 1 1 1 1 1 1 1 1 1 1 1 1 1 1 1 1 1 1 1 1 1 1 1 1 1 1 1 1 1 1 1 1 1 1 1 1 1 1 1 1 1 1 1 1 1 1 1 1 1 1 1 1 1 1 1 1 1 1 1 1 1 1 1 1 1 1 1 1 1 1 1 1 1 1 1 1 1 1 1 1 1 1 1 1 1 1 0.7137255 0.8901961 0.882353 1 0.7137255 0.8901961 0.882353 1 0.7137255 0.8901961 0.882353 1 0.7137255 0.8901961 0.882353 1 0.7137255 0.8901961 0.882353 1 0.7137255 0.8901961 0.882353 1 0.7137255 0.8901961 0.882353 1 0.7137255 0.8901961 0.882353 1 0.7137255 0.8901961 0.882353 1 0.7137255 0.8901961 0.882353 1 0.7137255 0.8901961 0.882353 1 0.7137255 0.8901961 0.882353 1 0.7137255 0.8901961 0.882353 1 0.7137255 0.8901961 0.882353 1 0.7137255 0.8901961 0.882353 1 0.7137255 0.8901961 0.882353 1 0.7137255 0.8901961 0.882353 1 0.7137255 0.8901961 0.882353 1 0.7137255 0.8901961 0.882353 1 0.7137255 0.8901961 0.882353 1 0.7137255 0.8901961 0.882353 1 0.7137255 0.8901961 0.882353 1 0.7137255 0.8901961 0.882353 1 0.7137255 0.8901961 0.882353 1 0.7137255 0.8901961 0.882353 1 0.7137255 0.8901961 0.882353 1 0.7137255 0.8901961 0.882353 1 0.7137255 0.8901961 0.882353 1 0.7137255 0.8901961 0.882353 1 0.7137255 0.8901961 0.882353 1 0.7137255 0.8901961 0.882353 1 0.7137255 0.8901961 0.882353 1 0.7137255 0.8901961 0.882353 1 0.7137255 0.8901961 0.882353 1 0.7137255 0.8901961 0.882353 1 0.7137255 0.8901961 0.882353 1 0.7137255 0.8901961 0.882353 1 0.7137255 0.8901961 0.882353 1 0.7137255 0.8901961 0.882353 1 0.7137255 0.8901961 0.882353 1 0.7137255 0.8901961 0.882353 1 0.7137255 0.8901961 0.882353 1 0.7137255 0.8901961 0.882353 1 0.7137255 0.8901961 0.882353 1 0.7137255 0.8901961 0.882353 1 0.7137255 0.8901961 0.882353 1 0.7137255 0.8901961 0.882353 1 0.7137255 0.8901961 0.882353 1 0.7137255 0.8901961 0.882353 1 0.7137255 0.8901961 0.882353 1 0.7137255 0.8901961 0.882353 1 0.7137255 0.8901961 0.882353 1 0.7137255 0.8901961 0.882353 1 0.7137255 0.8901961 0.882353 1 0.7137255 0.8901961 0.882353 1 0.7137255 0.8901961 0.882353 1 0.7137255 0.8901961 0.882353 1 0.7137255 0.8901961 0.882353 1 0.7137255 0.8901961 0.882353 1 0.7137255 0.8901961 0.882353 1 0.7137255 0.8901961 0.882353 1 0.7137255 0.8901961 0.882353 1 0.7137255 0.8901961 0.882353 1 0.7137255 0.8901961 0.882353 1 0.7137255 0.8901961 0.882353 1 0.7137255 0.8901961 0.882353 1 0.7137255 0.8901961 0.882353 1 0.7137255 0.8901961 0.882353 1 0.7137255 0.8901961 0.882353 1 0.7137255 0.8901961 0.882353 1 0.7137255 0.8901961 0.882353 1 0.7137255 0.8901961 0.882353 1 0.7137255 0.8901961 0.882353 1 0.7137255 0.8901961 0.882353 1 0.7137255 0.8901961 0.882353 1 0.7137255 0.8901961 0.882353 1 0.7137255 0.8901961 0.882353 1 0.7137255 0.8901961 0.882353 1 0.7137255 0.8901961 0.882353 1 0.7137255 0.8901961 0.882353 1 0.7137255 0.8901961 0.882353 1 0.7137255 0.8901961 0.882353 1 0.7137255 0.8901961 0.882353 1 0.7137255 0.8901961 0.882353 1 0.7137255 0.8901961 0.882353 1 0.7137255 0.8901961 0.882353 1 0.7137255 0.8901961 0.882353 1 0.7137255 0.8901961 0.882353 1 0.7137255 0.8901961 0.882353 1 0.7137255 0.8901961 0.882353 1 0.7137255 0.8901961 0.882353 1 0.7137255 0.8901961 0.882353 1 0.7137255 0.8901961 0.882353 1 0.7137255 0.8901961 0.882353 1 0.7137255 0.8901961 0.882353 1 0.7137255 0.8901961 0.882353 1 0.7137255 0.8901961 0.882353 1 0.7137255 0.8901961 0.882353 1 0.7137255 0.8901961 0.882353 1 0.7137255 0.8901961 0.882353 1 0.7137255 0.8901961 0.882353 1 0.7137255 0.8901961 0.882353 1 0.7137255 0.8901961 0.882353 1 0.7137255 0.8901961 0.882353 1 0.7137255 0.8901961 0.882353 1 0.7137255 0.8901961 0.882353 1 0.7137255 0.8901961 0.882353 1 0.7137255 0.8901961 0.882353 1 0.7137255 0.8901961 0.882353 1 0.7137255 0.8901961 0.882353 1 0.7137255 0.8901961 0.882353 1 0.7137255 0.8901961 0.882353 1 0.7137255 0.8901961 0.882353 1 0.7137255 0.8901961 0.882353 1 0.7137255 0.8901961 0.882353 1 0.7137255 0.8901961 0.882353 1 0.7137255 0.8901961 0.882353 1 0.7137255 0.8901961 0.882353 1 0.7137255 0.8901961 0.882353 1 0.7137255 0.8901961 0.882353 1 0.7137255 0.8901961 0.882353 1 0.7137255 0.8901961 0.882353 1 0.7137255 0.8901961 0.882353 1 1 1 1 1 1 1 1 1 1 1 1 1 0.7137255 0.8901961 0.882353 1 0.7137255 0.8901961 0.882353 1 0.7137255 0.8901961 0.882353 1 0.7137255 0.8901961 0.882353 1 0.7137255 0.8901961 0.882353 1 0.7137255 0.8901961 0.882353 1 0.7137255 0.8901961 0.882353 1 0.7137255 0.8901961 0.882353 1 0.7137255 0.8901961 0.882353 1 0.7137255 0.8901961 0.882353 1 0.7137255 0.8901961 0.882353 1 0.7137255 0.8901961 0.882353 1 0.7137255 0.8901961 0.882353 1 0.7137255 0.8901961 0.882353 1 0.7137255 0.8901961 0.882353 1 0.7137255 0.8901961 0.882353 1 0.7137255 0.8901961 0.882353 1 0.7137255 0.8901961 0.882353 1 0.7137255 0.8901961 0.882353 1 0.7137255 0.8901961 0.882353 1 0.7137255 0.8901961 0.882353 1 0.7137255 0.8901961 0.882353 1 0.7137255 0.8901961 0.882353 1 0.7137255 0.8901961 0.882353 1 0.7137255 0.8901961 0.882353 1 0.7137255 0.8901961 0.882353 1 0.7137255 0.8901961 0.882353 1 0.7137255 0.8901961 0.882353 1 0.7137255 0.8901961 0.882353 1 0.7137255 0.8901961 0.882353 1 0.7137255 0.8901961 0.882353 1 0.7137255 0.8901961 0.882353 1 0.7137255 0.8901961 0.882353 1 0.7137255 0.8901961 0.882353 1 0.7137255 0.8901961 0.882353 1 0.7137255 0.8901961 0.882353 1 0.7137255 0.8901961 0.882353 1 0.7137255 0.8901961 0.882353 1 0.7137255 0.8901961 0.882353 1 1 1 1 1 1 1 1 1 1 1 1 1 1 1 1 1 1 1 1 1 1 1 1 1 1 1 1 1 1 1 1 1 1 1 1 1 1 1 1 1 1 1 1 1 1 1 1 1 1 1 1 1 1 1 1 1 1 1 1 1 1 1 1 1 1 1 1 1 1 1 1 1 1 1 1 1 1 1 1 1 1 1 1 1 1 1 1 1 1 1 1 1 1 1 1 1 1 1 1 1 1 1 1 1 1 1 1 1 1 1 1 1 1 1 1 1 1 1 1 1 1 1 1 1 1 1 1 1 1 1 1 1 1 1 1 1 1 1 1 1 1 1 1 1 1 1 1 1 1 1 1 1 1 1 1 1 1 1 1 1 1 1 1 1 1 1 1 1 1 1 1 1 1 1 1 1 1 1 1 1 1 1 1 1 1 1 1 1 1 1 1 1 1 1 1 1 1 1 1 1 1 1 1 1 1 1 1 1 1 1 1 1 1 1 1 1 1 1 1 1 1 1 1 1 1 1 1 1 1 1 1 1 1 1 1 1 1 1 1 1 1 1 1 1 1 1 1 1 1 1 1 1 1 1 1 1 1 1 1 1 1 1 1 1 1 1 1 1 1 1 1 1 1 1 1 1 1 1 1 1 1 1 1 1 1 1 1 1 1 1 1 1 1 1 1 1 1 1 1 1 1 1 1 1 1 1 1 1 1 1 1 1 1 1 1 1 1 1 1 1 1 1 1 1 1 1 1 1 1 1 1 1 1 1 1 1 1 1 1 1 1 1 1 1 1 1 1 1 1 1 1 1 1 1 1 1 1 1 1 1 1 1 1 1 1 1 1 1 1 1 1 1 1 1 1 1 1 1 1 1 1 1 1 1 1 1 1 1 1 1 1 1 1 1 1 1 1 1 1 1 1 1 1 1 1 1 1 1 1 1 1 1 1 1 1 1 1 1 1 1 1 1 1 1 1 1 1 1 1 1 1 1 1 1 1 1 1 1 1 1 1 1 1 1 1 1 1 1 1 1 1 1 1 1 1 1 1 1 1 1 1 1 1 1 1 1 1 1 1 1 1 1 1 1 1 1 1 1 1 1 1 1 1 1 1 1 1 1 1 1 1 1 1 1 1 1 1 1 1 1 1 1 1 1 1 1 1 1 1 1 1 1 1 1 1 1 1 1 1 1 1 1 1 1 1 1 1 1 1 1 1 1 1 1 1 1 1 1 1 1 1 1 1 1 1 1 1 1 1 1 1 1 1 1 1 1 1 1 1 1 1 1 1 1 1 1 1 1 1 1 1 1 1 1 1 1 1 1 1 1 1 1 1 1 1 1 1 1 1 1 1 1 1 1 1 1 1 1 1 1 1 1 1 1 1 1 1 1 1 1 1 1 1 1 1 1 1 1 1 1 1 1 1 1 1 1 1 1 1 1 1 1 1 1 1 1 1 1 1 1 1 1 1 1 1 1 1 1 1 1 1 1 1 1 1 1 1 1 1 1 1 1 1 1 1 1 1 1 1 1 1 1 1 1 1 1 1 1 1 1 1 1 1 1 1 1 1 1 1 1 1 1 1 1 1 1 1 1 1 1 1 1 1 1 1 1 1 1 1 0.9372549 0.6509804 1 1 0.9372549 0.6509804 1 1 0.9372549 0.6509804 1 1 1 1 1 1 1 1 1 1 1 1 1 1 1 1 1 1 1 1 1 1 1 1 1 1 1 1 1 1 1 1 1 1 1 1 1 1 1 1 1 1 1 1 1 1 1 1 1 1 1 1 1 1 1 1 1 1 1 1 1 1 1 1 1 1 1 1 1 1 1 1 1 1 1 1 1 1 1 1 1 1 1 1 1 1 0.8941177 0.8235294 1 1 0.8941177 0.8235294 1 1 0.8941177 0.8235294 1 1 0.8941177 0.8235294 1 1 0.8941177 0.8235294 1 1 0.8941177 0.8235294 1 0.7490196 0.2705882 0.2784314 1 0.7490196 0.2705882 0.2784314 1 0.7490196 0.2705882 0.2784314 1 0.4509804 0.4509804 0.4509804 1 0.4509804 0.4509804 0.4509804 1 0.4509804 0.4509804 0.4509804 1 0.7137255 0.8901961 0.882353 1 0.7137255 0.8901961 0.882353 1 0.7137255 0.8901961 0.882353 1 0.7137255 0.8901961 0.882353 1 0.7137255 0.8901961 0.882353 1 0.7137255 0.8901961 0.882353 1 0.9294118 0 0.007843136 1 0.9294118 0 0.007843136 1 0.9294118 0 0.007843136 1 0.9294118 0 0.007843136 1 0.9294118 0 0.007843136 1 0.9294118 0 0.007843136 1 0.9294118 0 0.007843136 1 0.9294118 0 0.007843136 1 0.9294118 0 0.007843136 1 0.9294118 0 0.007843136 1 0.9294118 0 0.007843136 1 0.9294118 0 0.007843136 1 0.9294118 0 0.007843136 1 0.9294118 0 0.007843136 1 0.9294118 0 0.007843136 1 0.9294118 0 0.007843136 1 0.9294118 0 0.007843136 1 0.9294118 0 0.007843136 1 0.9294118 0 0.007843136 1 0.9294118 0 0.007843136 1 0.9294118 0 0.007843136 1 0.9294118 0 0.007843136 1 0.9294118 0 0.007843136 1 0.9294118 0 0.007843136 1 0.9294118 0 0.007843136 1 0.9294118 0 0.007843136 1 0.9294118 0 0.007843136 1 0.9294118 0 0.007843136 1 0.9294118 0 0.007843136 1 0.9294118 0 0.007843136 1 0.9294118 0 0.007843136 1 0.9294118 0 0.007843136 1 0.9294118 0 0.007843136 1 0.9294118 0 0.007843136 1 0.9294118 0 0.007843136 1 0.9294118 0 0.007843136 1 0.9294118 0 0.007843136 1 0.9294118 0 0.007843136 1 0.9294118 0 0.007843136 1 0.9294118 0 0.007843136 1 0.9294118 0 0.007843136 1 0.9294118 0 0.007843136 1 0.9294118 0 0.007843136 1 0.9294118 0 0.007843136 1 0.9294118 0 0.007843136 1 0.8588235 0.1529412 0.1803922 1 0.8588235 0.1529412 0.1803922 1 0.8588235 0.1529412 0.1803922 1 1 1 1 1 1 1 1 1 1 1 1 1 1 1 1 1 1 1 1 1 1 1 1 1 1 1 1 1 1 1 1 1 1 1 1 1 1 1 1 1 1 1 1 1 1 1 1 1 1 1 1 1 1 1 1 1 1 1 1 1 1 1 1 1 1 1 1 1 1 1 1 1 1 1 1 1 1 1 1 1 1 1 1 1 1 1 1 1 1 1 1 1 1 1 1 1 0.8588235 0.1529412 0.1803922 1 0.8588235 0.1529412 0.1803922 1 0.8588235 0.1529412 0.1803922 1 0.8588235 0.1529412 0.1803922 1 0.8588235 0.1529412 0.1803922 1 0.8588235 0.1529412 0.1803922 1 0.8588235 0.1529412 0.1803922 1 0.8588235 0.1529412 0.1803922 1 0.8588235 0.1529412 0.1803922 1 0.8588235 0.1529412 0.1803922 1 0.8588235 0.1529412 0.1803922 1 0.8588235 0.1529412 0.1803922 1 0.8588235 0.1529412 0.1803922 1 0.8588235 0.1529412 0.1803922 1 0.8588235 0.1529412 0.1803922 1 0.8588235 0.1529412 0.1803922 1 0.8588235 0.1529412 0.1803922 1 0.8588235 0.1529412 0.1803922 1 0.8588235 0.1529412 0.1803922 1 0.8588235 0.1529412 0.1803922 1 0.8588235 0.1529412 0.1803922 1 0.8588235 0.1529412 0.1803922 1 0.8588235 0.1529412 0.1803922 1 0.8588235 0.1529412 0.1803922 1 0.8588235 0.1529412 0.1803922 1 0.8588235 0.1529412 0.1803922 1 0.8588235 0.1529412 0.1803922 1 1 1 1 1 1 1 1 1 1 1 1 1 1 1 1 1 1 1 1 1 1 1 1 1 1 1 1 1 1 1 1 1 1 1 1 1 0.8588235 0.1529412 0.1803922 1 0.8588235 0.1529412 0.1803922 1 0.8588235 0.1529412 0.1803922 1 0.8588235 0.1529412 0.1803922 1 0.8588235 0.1529412 0.1803922 1 0.8588235 0.1529412 0.1803922 1 0.8588235 0.1529412 0.1803922 1 0.8588235 0.1529412 0.1803922 1 0.8588235 0.1529412 0.1803922 1 0.8588235 0.1529412 0.1803922 1 0.8588235 0.1529412 0.1803922 1 0.8588235 0.1529412 0.1803922 1 1 1 1 1 1 1 1 1 1 1 1 1 1 1 1 1 1 1 1 1 1 1 1 1 1 1 1 1 1 1 1 1 1 1 1 1 1 1 1 1 1 1 1 1 1 1 1 1 1 1 1 1 1 1 1 1 1 1 1 1 1 1 1 1 1 1 1 1 1 1 1 1 1 1 1 1 1 1 1 1 1 1 1 1 1 1 1 1 1 1 1 1 1 1 1 1 1 1 1 1 1 1 1 1 1 1 1 1 1 1 1 1 1 1 1 1 1 1 1 1 1 1 1 1 1 1 1 1 1 1 1 1 1 1 1 1 1 1 1 1 1 1 1 1 1 1 1 1 1 1 1 1 1 1 1 1 1 1 1 1 1 1 1 1 1 1 1 1 1 1 1 1 1 1 1 1 1 1 1 1 1 1 1 1 1 1 1 1 1 1 1 1 1 1 1 1 1 1 1 1 1 1 1 1 0.9294118 0 0.007843136 1 0.9294118 0 0.007843136 1 0.9294118 0 0.007843136 1 0.9294118 0 0.007843136 1 0.9294118 0 0.007843136 1 0.9294118 0 0.007843136 1 0.9294118 0 0.007843136 1 0.9294118 0 0.007843136 1 0.9294118 0 0.007843136 1 0.9294118 0 0.007843136 1 0.9294118 0 0.007843136 1 0.9294118 0 0.007843136 1 0.9294118 0 0.007843136 1 0.9294118 0 0.007843136 1 0.9294118 0 0.007843136 1 0.9294118 0 0.007843136 1 0.9294118 0 0.007843136 1 0.9294118 0 0.007843136 1 0.9294118 0 0.007843136 1 0.9294118 0 0.007843136 1 0.9294118 0 0.007843136 1 0.9294118 0 0.007843136 1 0.9294118 0 0.007843136 1 0.9294118 0 0.007843136 1 0.9294118 0 0.007843136 1 0.9294118 0 0.007843136 1 0.9294118 0 0.007843136 1 0.9294118 0 0.007843136 1 0.9294118 0 0.007843136 1 0.9294118 0 0.007843136 1 0.9294118 0 0.007843136 1 0.9294118 0 0.007843136 1 0.9294118 0 0.007843136 1 0.9294118 0 0.007843136 1 0.9294118 0 0.007843136 1 0.9294118 0 0.007843136 1 0.9294118 0 0.007843136 1 0.9294118 0 0.007843136 1 0.9294118 0 0.007843136 1 0.9294118 0 0.007843136 1 0.9294118 0 0.007843136 1 0.9294118 0 0.007843136 1 0.9294118 0 0.007843136 1 0.9294118 0 0.007843136 1 0.9294118 0 0.007843136 1 0.9294118 0 0.007843136 1 0.9294118 0 0.007843136 1 0.9294118 0 0.007843136 1 0.9294118 0 0.007843136 1 0.9294118 0 0.007843136 1 0.9294118 0 0.007843136 1 0.9294118 0 0.007843136 1 0.9294118 0 0.007843136 1 0.9294118 0 0.007843136 1 1 1 1 1 1 1 1 1 1 1 1 1 1 1 1 1 1 1 1 1 1 1 1 1</float_array>
          <technique_common>
            <accessor source="#Plane_060-mesh-colors-Col-array" count="3423" stride="4">
              <param name="R" type="float"/>
              <param name="G" type="float"/>
              <param name="B" type="float"/>
              <param name="A" type="float"/>
            </accessor>
          </technique_common>
        </source>
        <vertices id="Plane_060-mesh-vertices">
          <input semantic="POSITION" source="#Plane_060-mesh-positions"/>
        </vertices>
        <triangles material="m_bld_shops_001_LOD-material" count="987">
          <input semantic="VERTEX" source="#Plane_060-mesh-vertices" offset="0"/>
          <input semantic="NORMAL" source="#Plane_060-mesh-normals" offset="1"/>
          <input semantic="TEXCOORD" source="#Plane_060-mesh-map-0" offset="2" set="0"/>
          <input semantic="TEXCOORD" source="#Plane_060-mesh-map-1" offset="2" set="1"/>
          <input semantic="COLOR" source="#Plane_060-mesh-colors-Col" offset="3" set="0"/>
          <p>9 0 0 0 10 0 1 1 720 0 2 2 8 1 3 3 9 1 4 4 6 1 5 5 18 2 6 6 13 2 7 7 14 2 8 8 19 3 9 9 15 3 10 10 718 3 11 11 20 4 12 12 5 4 13 13 4 4 14 14 727 5 15 15 215 5 16 16 23 5 17 17 24 6 18 18 215 6 19 19 727 6 20 20 24 7 21 21 94 7 22 22 215 7 23 23 33 8 24 24 29 8 25 25 733 8 26 26 34 9 27 27 30 9 28 28 725 9 29 29 36 10 30 30 40 10 31 31 35 10 32 32 42 11 33 33 43 11 34 34 41 11 35 35 40 12 36 36 393 12 37 37 38 12 38 38 50 13 39 39 51 13 40 40 49 13 41 41 47 14 42 42 50 14 43 43 44 14 44 44 52 15 45 45 63 15 46 46 62 15 47 47 85 16 48 48 5 16 49 49 20 16 50 50 93 17 51 51 92 17 52 52 91 17 53 53 93 18 54 54 87 18 55 55 736 18 56 56 92 19 57 57 88 19 58 58 86 19 59 59 92 20 60 60 89 20 61 61 88 20 62 62 199 21 63 63 200 21 64 64 198 21 65 65 724 22 66 66 214 22 67 67 723 22 68 68 308 23 69 69 304 23 70 70 309 23 71 71 177 24 72 72 176 24 73 73 321 24 74 74 57 25 75 75 59 25 76 76 55 25 77 77 53 26 78 78 55 26 79 79 62 26 80 80 25 27 81 81 321 27 82 82 176 27 83 83 337 28 84 84 334 28 85 85 333 28 86 86 15 29 87 87 717 29 88 88 718 29 89 89 393 30 90 90 322 30 91 91 319 30 92 92 397 31 93 93 395 32 94 94 407 33 95 95 403 34 96 96 398 35 97 97 404 36 98 98 409 37 99 99 406 38 100 100 410 39 101 101 394 40 102 102 396 41 103 103 401 42 104 104 400 43 105 105 406 38 106 106 409 37 107 107 414 44 108 108 412 45 109 109 424 46 110 110 420 47 111 111 415 48 112 112 421 49 113 113 426 50 114 114 423 51 115 115 427 52 116 116 411 53 117 117 413 54 118 118 418 55 119 119 417 56 120 120 423 51 121 121 426 50 122 122 415 57 123 123 416 57 124 124 417 57 125 125 431 58 126 126 429 59 127 127 441 60 128 128 437 61 129 129 432 62 130 130 438 63 131 131 443 64 132 132 440 65 133 133 444 66 134 134 428 67 135 135 430 68 136 136 435 69 137 137 434 70 138 138 440 65 139 139 443 64 140 140 448 71 141 141 446 72 142 142 458 73 143 143 454 74 144 144 449 75 145 145 455 76 146 146 460 77 147 147 457 78 148 148 461 79 149 149 445 80 150 150 447 81 151 151 452 82 152 152 451 83 153 153 457 78 154 154 460 77 155 155 449 84 156 156 450 84 157 157 451 84 158 158 465 85 159 159 463 86 160 160 475 87 161 161 471 88 162 162 466 89 163 163 472 90 164 164 477 91 165 165 474 92 166 166 478 93 167 167 462 94 168 168 464 95 169 169 469 96 170 170 468 97 171 171 474 92 172 172 477 91 173 173 466 98 174 174 467 98 175 175 468 98 176 176 482 99 177 177 480 100 178 178 492 101 179 179 488 102 180 180 483 103 181 181 489 104 182 182 494 105 183 183 491 106 184 184 495 107 185 185 479 108 186 186 481 109 187 187 486 110 188 188 485 111 189 189 491 106 190 190 494 105 191 191 499 112 192 192 497 113 193 193 509 114 194 194 505 115 195 195 500 116 196 196 506 117 197 197 511 118 198 198 508 119 199 199 512 120 200 200 496 121 201 201 498 122 202 202 503 123 203 203 502 124 204 204 508 119 205 205 511 118 206 206 516 125 207 207 514 126 208 208 526 127 209 209 522 128 210 210 517 129 211 211 523 130 212 212 528 131 213 213 525 132 214 214 529 133 215 215 513 134 216 216 515 135 217 217 520 136 218 218 519 137 219 219 525 132 220 220 528 131 221 221 517 138 222 222 518 138 223 223 519 138 224 224 533 139 225 225 531 140 226 226 542 141 227 227 538 142 228 228 534 143 229 229 539 144 230 230 544 145 231 231 541 146 232 232 545 147 233 233 530 148 234 234 532 149 235 235 536 150 236 236 535 151 237 237 541 146 238 238 544 145 239 239 549 152 240 240 547 153 241 241 559 154 242 242 555 155 243 243 550 156 244 244 556 157 245 245 561 158 246 246 558 159 247 247 562 160 248 248 546 161 249 249 548 162 250 250 553 163 251 251 552 164 252 252 558 159 253 253 561 158 254 254 566 165 255 255 564 166 256 256 575 167 257 257 571 168 258 258 567 169 259 259 572 170 260 260 577 171 261 261 574 172 262 262 578 173 263 263 563 174 264 264 565 175 265 265 569 176 266 266 568 177 267 267 574 172 268 268 577 171 269 269 582 178 270 270 580 179 271 271 592 180 272 272 588 181 273 273 583 182 274 274 589 183 275 275 594 184 276 276 591 185 277 277 595 186 278 278 579 187 279 279 581 188 280 280 586 189 281 281 585 190 282 282 591 185 283 283 594 184 284 284 585 191 285 285 583 191 286 286 584 191 287 287 599 192 288 288 597 193 289 289 608 194 290 290 604 195 291 291 600 196 292 292 605 197 293 293 610 198 294 294 607 199 295 295 611 200 296 296 596 201 297 297 598 202 298 298 602 203 299 299 601 204 300 300 607 199 301 301 610 198 302 302 615 205 303 303 613 206 304 304 624 207 305 305 620 208 306 306 616 209 307 307 621 210 308 308 626 211 309 309 623 212 310 310 627 213 311 311 612 214 312 312 614 215 313 313 618 216 314 314 617 217 315 315 623 212 316 316 626 211 317 317 631 218 318 318 629 219 319 319 640 220 320 320 636 221 321 321 632 222 322 322 637 223 323 323 642 224 324 324 639 225 325 325 643 226 326 326 628 227 327 327 630 228 328 328 634 229 329 329 633 230 330 330 639 225 331 331 642 224 332 332 647 231 333 333 645 232 334 334 656 233 335 335 652 234 336 336 648 235 337 337 653 236 338 338 658 237 339 339 655 238 340 340 659 239 341 341 644 240 342 342 646 241 343 343 650 242 344 344 649 243 345 345 655 238 346 346 658 237 347 347 663 244 348 348 661 245 349 349 672 246 350 350 668 247 351 351 664 248 352 352 669 249 353 353 674 250 354 354 671 251 355 355 675 252 356 356 660 253 357 357 662 254 358 358 666 255 359 359 665 256 360 360 671 251 361 361 674 250 362 362 679 257 363 363 677 258 364 364 688 259 365 365 684 260 366 366 680 261 367 367 685 262 368 368 690 263 369 369 687 264 370 370 691 265 371 371 676 266 372 372 678 267 373 373 682 268 374 374 681 269 375 375 687 264 376 376 690 263 377 377 697 270 378 378 730 270 379 379 729 270 380 380 3 271 381 381 712 271 382 382 1 271 383 383 16 272 384 384 718 272 385 385 12 272 386 386 91 273 387 387 721 273 388 388 87 273 389 389 332 274 390 390 722 274 391 391 85 274 392 392 31 275 393 393 725 275 394 394 27 275 395 395 24 276 396 396 727 276 397 397 21 276 398 398 30 277 399 399 732 277 400 400 725 277 401 401 89 278 402 402 735 278 403 403 88 278 404 404 0 279 405 405 4 279 406 406 5 279 407 407 11 280 408 408 7 280 409 409 10 280 410 410 9 281 411 411 11 281 412 412 10 281 413 413 17 282 414 414 19 282 415 415 16 282 416 416 8 283 417 417 11 283 418 418 9 283 419 419 14 284 420 420 19 284 421 421 18 284 422 422 94 285 423 423 176 285 424 424 95 285 425 425 16 286 426 426 19 286 427 427 718 286 428 428 18 287 429 429 17 287 430 430 13 287 431 431 24 274 432 432 726 274 433 433 22 274 434 434 23 288 435 435 21 288 436 436 727 288 437 437 176 289 438 438 22 289 439 439 25 289 440 440 23 290 441 441 215 290 442 442 94 290 443 443 26 291 444 444 94 291 445 445 95 291 446 446 32 292 447 447 34 292 448 448 31 292 449 449 733 284 450 450 34 284 451 451 33 284 452 452 29 293 453 453 32 293 454 454 28 293 455 455 31 294 456 456 34 294 457 457 725 294 458 458 38 295 459 459 35 295 460 460 40 295 461 461 41 296 462 462 39 296 463 463 42 296 464 464 36 297 465 465 41 297 466 466 40 297 467 467 51 298 468 468 47 298 469 469 46 298 470 470 41 299 471 471 43 299 472 472 40 299 473 473 48 13 474 474 50 13 475 475 49 13 476 476 44 300 477 477 50 300 478 478 48 300 479 479 46 301 480 480 49 301 481 481 51 301 482 482 3 291 483 483 43 291 484 484 41 291 485 485 54 302 486 486 55 302 487 487 53 302 488 488 55 284 489 489 58 284 490 490 57 284 491 491 58 303 492 492 59 303 493 493 57 303 494 494 62 284 495 495 54 284 496 496 53 284 497 497 61 304 498 498 63 304 499 499 52 304 500 500 67 305 501 501 72 305 502 502 70 305 503 503 72 306 504 504 71 307 505 505 74 308 506 506 75 309 507 507 65 309 508 508 68 309 509 509 68 310 510 510 70 311 511 511 75 312 512 512 67 313 513 513 69 314 514 514 73 315 515 515 74 308 516 516 75 312 517 517 70 311 518 518 65 316 519 519 73 315 520 520 69 314 521 521 76 317 522 522 79 317 523 523 77 317 524 524 83 318 525 525 76 319 526 526 80 320 527 527 77 321 528 528 80 321 529 529 76 321 530 530 77 322 531 531 82 323 532 532 81 324 533 533 78 325 534 534 82 325 535 535 79 325 536 536 154 326 537 537 85 326 538 538 20 326 539 539 736 284 540 540 92 284 541 541 93 284 542 542 91 327 543 543 92 327 544 544 90 327 545 545 90 328 546 546 92 328 547 547 86 328 548 548 95 329 549 549 85 329 550 550 94 329 551 551 93 330 552 552 91 330 553 553 87 330 554 554 96 331 555 555 99 331 556 556 98 331 557 557 98 332 558 558 103 332 559 559 102 332 560 560 97 333 561 561 100 333 562 562 101 333 563 563 113 334 564 564 107 334 565 565 110 334 566 566 105 335 567 567 111 335 568 568 109 335 569 569 108 336 570 570 110 337 571 571 115 338 572 572 107 339 573 573 106 340 574 574 109 341 575 575 113 342 576 576 114 343 577 577 106 340 578 578 115 338 579 579 109 341 580 580 108 336 581 581 112 344 582 582 105 345 583 583 114 343 584 584 116 346 585 585 119 346 586 586 118 346 587 587 123 347 588 588 116 348 589 589 118 284 590 590 117 349 591 591 120 349 592 592 121 349 593 593 122 350 594 594 117 351 595 595 121 352 596 596 118 353 597 597 122 353 598 598 123 353 599 599 133 354 600 600 126 354 601 601 124 354 602 602 130 355 603 603 131 355 604 604 135 355 605 605 128 356 606 606 124 357 607 607 127 358 608 608 126 359 609 609 125 360 610 610 135 361 611 611 133 362 612 612 134 363 613 613 125 360 614 614 127 358 615 615 135 361 616 616 128 356 617 617 132 364 618 618 130 365 619 619 134 363 620 620 136 366 621 621 139 366 622 622 138 366 623 623 140 367 624 624 138 368 625 625 143 369 626 626 137 370 627 627 140 370 628 628 141 370 629 629 141 371 630 630 139 372 631 631 137 373 632 632 138 374 633 633 142 374 634 634 143 374 635 635 144 375 636 636 147 375 637 637 146 375 638 638 146 376 639 639 151 376 640 640 150 376 641 641 145 377 642 642 148 377 643 643 149 377 644 644 152 378 645 645 154 378 646 646 153 378 647 647 152 379 648 648 156 379 649 649 155 379 650 650 157 284 651 651 153 284 652 652 154 284 653 653 158 380 654 654 161 380 655 655 160 380 656 656 165 381 657 657 160 381 658 658 161 381 659 659 159 382 660 660 162 382 661 661 163 382 662 662 166 380 663 663 168 380 664 664 171 380 665 665 167 383 666 666 169 383 667 667 170 383 668 668 168 384 669 669 172 384 670 670 171 384 671 671 5 385 672 672 175 385 673 673 40 385 674 674 177 386 675 675 5 386 676 676 176 386 677 677 179 387 678 678 180 387 679 679 181 387 680 680 182 388 681 681 185 388 682 682 183 388 683 683 183 389 684 684 186 389 685 685 182 389 686 686 187 390 687 687 185 390 688 688 189 390 689 689 184 391 690 690 189 391 691 691 185 391 692 692 184 392 693 693 186 392 694 694 188 392 695 695 190 388 696 696 193 388 697 697 191 388 698 698 191 393 699 699 194 393 700 700 190 393 701 701 195 394 702 702 193 394 703 703 197 394 704 704 192 395 705 705 197 395 706 706 193 395 707 707 192 373 708 708 194 373 709 709 196 373 710 710 200 396 711 711 206 396 712 712 202 396 713 713 199 397 714 714 201 397 715 715 200 397 716 716 203 284 717 717 205 284 718 718 207 284 719 719 207 398 720 720 206 398 721 721 330 398 722 722 204 399 723 723 208 399 724 724 209 399 725 725 210 284 726 726 209 284 727 727 208 284 728 728 211 400 729 729 212 400 730 730 213 400 731 731 217 284 732 732 723 284 733 733 215 284 734 734 727 401 735 735 215 401 736 736 723 401 737 737 219 402 738 738 220 402 739 739 221 402 740 740 235 403 741 741 233 403 742 742 336 403 743 743 224 284 744 744 333 284 745 745 223 284 746 746 333 404 747 747 336 404 748 748 337 404 749 749 224 405 750 750 226 405 751 751 227 405 752 752 227 406 753 753 228 406 754 754 229 406 755 755 229 329 756 756 230 329 757 757 231 329 758 758 232 407 759 759 233 407 760 760 222 407 761 761 236 284 762 762 231 284 763 763 230 284 764 764 237 405 765 765 238 405 766 766 239 405 767 767 239 408 768 768 240 408 769 769 241 408 770 770 241 329 771 771 242 329 772 772 243 329 773 773 331 409 774 774 243 409 775 775 242 409 776 776 246 410 777 777 331 410 778 778 245 410 779 779 247 411 780 780 250 411 781 781 249 411 782 782 251 412 783 783 254 412 784 784 253 412 785 785 255 413 786 786 258 413 787 787 257 413 788 788 259 414 789 789 262 414 790 790 261 414 791 791 273 415 792 792 262 415 793 793 274 415 794 794 252 416 795 795 267 416 796 796 254 416 797 797 260 417 798 798 274 417 799 799 262 417 800 800 253 418 801 801 324 418 802 802 251 418 803 803 261 419 804 804 271 419 805 805 259 419 806 806 249 420 807 807 265 420 808 808 264 420 809 809 257 284 810 810 270 284 811 811 269 284 812 812 248 416 813 813 265 416 814 814 250 416 815 815 256 421 816 816 270 421 817 817 258 421 818 818 249 422 819 819 323 422 820 820 247 422 821 821 257 423 822 822 268 423 823 823 255 423 824 824 253 284 825 825 267 284 826 826 266 284 827 827 303 424 828 828 277 424 829 829 276 424 830 830 278 425 831 831 281 425 832 832 280 425 833 833 282 414 834 834 285 414 835 835 284 414 836 836 286 413 837 837 289 413 838 838 288 413 839 839 288 284 840 840 302 284 841 841 301 284 842 842 279 426 843 843 295 426 844 844 281 426 845 845 287 421 846 846 302 421 847 847 289 421 848 848 280 427 849 849 293 427 850 850 278 427 851 851 288 419 852 852 300 419 853 853 286 419 854 854 276 284 855 855 292 284 856 856 291 284 857 857 284 428 858 858 299 428 859 859 298 428 860 860 275 416 861 861 292 416 862 862 277 416 863 863 283 429 864 864 299 429 865 865 285 429 866 866 276 418 867 867 290 418 868 868 303 418 869 869 284 423 870 870 296 423 871 871 282 423 872 872 294 430 873 873 281 430 874 874 295 430 875 875 707 431 876 876 308 431 877 877 305 431 878 878 310 432 879 879 313 432 880 880 311 432 881 881 311 433 882 882 314 433 883 883 310 433 884 884 311 434 885 885 317 434 886 886 315 434 887 887 312 435 888 888 317 435 889 889 313 435 890 890 316 436 891 891 310 436 892 892 314 436 893 893 55 437 894 894 318 437 895 895 62 437 896 896 319 438 897 897 726 438 898 898 320 438 899 899 37 439 900 900 393 439 901 901 319 439 902 902 321 440 903 903 175 440 904 904 174 440 905 905 264 441 906 906 263 441 907 907 323 441 908 908 40 442 909 909 175 442 910 910 393 442 911 911 273 443 912 912 272 443 913 913 271 443 914 914 269 444 915 915 326 444 916 916 268 444 917 917 266 445 918 918 325 445 919 919 324 445 920 920 301 444 921 921 329 444 922 922 300 444 923 923 298 446 924 924 297 446 925 925 296 446 926 926 294 441 927 927 328 441 928 928 293 441 929 929 291 447 930 930 327 447 931 931 290 447 932 932 85 448 933 933 84 448 934 934 332 448 935 935 206 449 936 936 343 449 937 937 330 449 938 938 339 373 939 939 335 373 940 940 338 373 941 941 233 450 942 942 335 450 943 943 336 450 944 944 341 451 945 945 233 451 946 946 340 451 947 947 344 452 948 948 348 452 949 949 349 452 950 950 206 453 951 951 342 453 952 952 343 453 953 953 348 454 954 954 346 454 955 955 347 454 956 956 350 455 957 957 349 455 958 958 351 455 959 959 347 373 960 960 349 373 961 961 348 373 962 962 350 284 963 963 345 284 964 964 344 284 965 965 350 456 966 966 347 456 967 967 346 456 968 968 352 457 969 969 354 457 970 970 353 457 971 971 356 458 972 972 358 458 973 973 355 458 974 974 356 459 975 975 353 459 976 976 357 459 977 977 354 460 978 978 357 460 979 979 353 460 980 980 352 461 981 981 355 461 982 982 359 461 983 983 354 462 984 984 355 462 985 985 358 462 986 986 363 373 987 987 368 373 988 988 366 373 989 989 14 284 990 990 360 284 991 991 15 284 992 992 367 463 993 993 364 463 994 994 365 463 995 995 362 464 996 996 368 464 997 997 361 464 998 998 363 465 999 999 365 465 1000 1000 364 465 1001 1001 371 373 1002 1002 376 373 1003 1003 374 373 1004 1004 375 284 1005 1005 372 284 1006 1006 373 284 1007 1007 370 464 1008 1008 376 464 1009 1009 369 464 1010 1010 371 465 1011 1011 373 465 1012 1012 372 465 1013 1013 382 373 1014 1014 377 373 1015 1015 384 373 1016 1016 378 466 1017 1017 381 466 1018 1018 383 466 1019 1019 378 467 1020 1020 384 467 1021 1021 377 467 1022 1022 379 468 1023 1023 381 468 1024 1024 380 468 1025 1025 390 373 1026 1026 385 373 1027 1027 392 373 1028 1028 386 469 1029 1029 389 469 1030 1030 391 469 1031 1031 386 470 1032 1032 392 470 1033 1033 385 470 1034 1034 387 471 1035 1035 389 471 1036 1036 388 471 1037 1037 401 42 1038 1038 398 35 1039 1039 394 40 1040 1040 25 472 1041 1041 319 472 1042 1042 322 472 1043 1043 407 33 1044 1044 400 43 1045 1045 409 37 1046 1046 402 473 1047 1047 404 36 1048 1048 401 42 1049 1049 408 474 1050 1050 409 37 1051 1051 410 39 1052 1052 402 473 1053 1053 397 31 1054 1054 408 474 1055 1055 404 36 1056 1056 405 475 1057 1057 403 34 1058 1058 396 41 1059 1059 402 473 1060 1060 401 42 1061 1061 399 476 1062 1062 398 35 1063 1063 403 34 1064 1064 407 33 1065 1065 408 474 1066 1066 397 31 1067 1067 406 38 1068 1068 399 476 1069 1069 403 34 1070 1070 402 473 1071 1071 410 39 1072 1072 405 475 1073 1073 398 477 1074 1074 399 477 1075 1075 400 477 1076 1076 406 38 1077 1077 405 475 1078 1078 410 39 1079 1079 395 478 1080 1080 398 478 1081 1081 400 478 1082 1082 418 55 1083 1083 415 48 1084 1084 411 53 1085 1085 424 46 1086 1086 417 56 1087 1087 426 50 1088 1088 419 479 1089 1089 421 49 1090 1090 418 55 1091 1091 425 480 1092 1092 426 50 1093 1093 427 52 1094 1094 419 479 1095 1095 414 44 1096 1096 425 480 1097 1097 421 49 1098 1098 422 481 1099 1099 420 47 1100 1100 413 54 1101 1101 419 479 1102 1102 418 55 1103 1103 424 46 1104 1104 425 480 1105 1105 414 44 1106 1106 423 51 1107 1107 417 56 1108 1108 416 482 1109 1109 420 47 1110 1110 416 482 1111 1111 415 48 1112 1112 422 481 1113 1113 425 480 1114 1114 427 52 1115 1115 420 47 1116 1116 427 52 1117 1117 423 51 1118 1118 417 483 1119 1119 411 483 1120 1120 415 483 1121 1121 435 69 1122 1122 432 62 1123 1123 428 67 1124 1124 441 60 1125 1125 434 70 1126 1126 443 64 1127 1127 436 484 1128 1128 438 63 1129 1129 435 69 1130 1130 442 485 1131 1131 443 64 1132 1132 444 66 1133 1133 436 484 1134 1134 431 58 1135 1135 442 485 1136 1136 438 63 1137 1137 439 486 1138 1138 437 61 1139 1139 430 68 1140 1140 436 484 1141 1141 435 69 1142 1142 433 487 1143 1143 432 62 1144 1144 437 61 1145 1145 441 60 1146 1146 442 485 1147 1147 431 58 1148 1148 440 65 1149 1149 433 487 1150 1150 437 61 1151 1151 436 484 1152 1152 444 66 1153 1153 439 486 1154 1154 432 488 1155 1155 433 488 1156 1156 434 488 1157 1157 440 65 1158 1158 439 486 1159 1159 444 66 1160 1160 429 489 1161 1161 432 489 1162 1162 434 489 1163 1163 452 82 1164 1164 449 75 1165 1165 445 80 1166 1166 458 73 1167 1167 451 83 1168 1168 460 77 1169 1169 453 490 1170 1170 455 76 1171 1171 452 82 1172 1172 459 491 1173 1173 460 77 1174 1174 461 79 1175 1175 453 490 1176 1176 448 71 1177 1177 459 491 1178 1178 455 76 1179 1179 456 492 1180 1180 454 74 1181 1181 447 81 1182 1182 453 490 1183 1183 452 82 1184 1184 458 73 1185 1185 459 491 1186 1186 448 71 1187 1187 457 78 1188 1188 451 83 1189 1189 450 493 1190 1190 454 74 1191 1191 450 493 1192 1192 449 75 1193 1193 453 490 1194 1194 461 79 1195 1195 456 492 1196 1196 454 74 1197 1197 461 79 1198 1198 457 78 1199 1199 451 494 1200 1200 445 494 1201 1201 449 494 1202 1202 469 96 1203 1203 466 89 1204 1204 462 94 1205 1205 475 87 1206 1206 468 97 1207 1207 477 91 1208 1208 470 495 1209 1209 472 90 1210 1210 469 96 1211 1211 476 496 1212 1212 477 91 1213 1213 478 93 1214 1214 470 495 1215 1215 465 85 1216 1216 476 496 1217 1217 472 90 1218 1218 473 497 1219 1219 471 88 1220 1220 464 95 1221 1221 470 495 1222 1222 469 96 1223 1223 475 87 1224 1224 476 496 1225 1225 465 85 1226 1226 474 92 1227 1227 468 97 1228 1228 467 498 1229 1229 471 88 1230 1230 467 498 1231 1231 466 89 1232 1232 473 497 1233 1233 476 496 1234 1234 478 93 1235 1235 474 92 1236 1236 473 497 1237 1237 478 93 1238 1238 468 499 1239 1239 462 499 1240 1240 466 499 1241 1241 486 110 1242 1242 483 103 1243 1243 479 108 1244 1244 492 101 1245 1245 485 111 1246 1246 494 105 1247 1247 487 500 1248 1248 489 104 1249 1249 486 110 1250 1250 493 501 1251 1251 494 105 1252 1252 495 107 1253 1253 487 500 1254 1254 482 99 1255 1255 493 501 1256 1256 489 104 1257 1257 490 502 1258 1258 488 102 1259 1259 481 109 1260 1260 487 500 1261 1261 486 110 1262 1262 484 503 1263 1263 483 103 1264 1264 488 102 1265 1265 492 101 1266 1266 493 501 1267 1267 482 99 1268 1268 491 106 1269 1269 484 503 1270 1270 488 102 1271 1271 495 107 1272 1272 487 500 1273 1273 493 501 1274 1274 483 504 1275 1275 484 504 1276 1276 485 504 1277 1277 488 102 1278 1278 495 107 1279 1279 491 106 1280 1280 480 505 1281 1281 483 505 1282 1282 485 505 1283 1283 503 123 1284 1284 500 116 1285 1285 496 121 1286 1286 509 114 1287 1287 502 124 1288 1288 511 118 1289 1289 504 506 1290 1290 506 117 1291 1291 503 123 1292 1292 510 507 1293 1293 511 118 1294 1294 512 120 1295 1295 504 506 1296 1296 499 112 1297 1297 510 507 1298 1298 506 117 1299 1299 507 508 1300 1300 505 115 1301 1301 498 122 1302 1302 504 506 1303 1303 503 123 1304 1304 501 509 1305 1305 500 116 1306 1306 505 115 1307 1307 509 114 1308 1308 510 507 1309 1309 499 112 1310 1310 508 119 1311 1311 501 509 1312 1312 505 115 1313 1313 512 120 1314 1314 504 506 1315 1315 510 507 1316 1316 502 510 1317 1317 500 510 1318 1318 501 510 1319 1319 505 115 1320 1320 512 120 1321 1321 508 119 1322 1322 497 511 1323 1323 500 511 1324 1324 502 511 1325 1325 520 136 1326 1326 517 129 1327 1327 513 134 1328 1328 526 127 1329 1329 519 137 1330 1330 528 131 1331 1331 521 512 1332 1332 523 130 1333 1333 520 136 1334 1334 527 513 1335 1335 528 131 1336 1336 529 133 1337 1337 521 512 1338 1338 516 125 1339 1339 527 513 1340 1340 523 130 1341 1341 524 514 1342 1342 522 128 1343 1343 515 135 1344 1344 521 512 1345 1345 520 136 1346 1346 526 127 1347 1347 527 513 1348 1348 516 125 1349 1349 525 132 1350 1350 519 137 1351 1351 518 515 1352 1352 522 128 1353 1353 518 515 1354 1354 517 129 1355 1355 524 514 1356 1356 527 513 1357 1357 529 133 1358 1358 525 132 1359 1359 524 514 1360 1360 529 133 1361 1361 519 516 1362 1362 513 516 1363 1363 517 516 1364 1364 536 150 1365 1365 534 143 1366 1366 530 148 1367 1367 542 141 1368 1368 535 151 1369 1369 544 145 1370 1370 537 517 1371 1371 539 144 1372 1372 536 150 1373 1373 543 518 1374 1374 544 145 1375 1375 545 147 1376 1376 537 517 1377 1377 533 139 1378 1378 543 518 1379 1379 539 144 1380 1380 540 519 1381 1381 538 142 1382 1382 532 149 1383 1383 537 517 1384 1384 536 150 1385 1385 542 141 1386 1386 543 518 1387 1387 533 139 1388 1388 541 146 1389 1389 534 143 1390 1390 538 142 1391 1391 540 519 1392 1392 543 518 1393 1393 545 147 1394 1394 538 142 1395 1395 545 147 1396 1396 541 146 1397 1397 535 520 1398 1398 530 520 1399 1399 534 520 1400 1400 553 163 1401 1401 550 156 1402 1402 546 161 1403 1403 559 154 1404 1404 552 164 1405 1405 561 158 1406 1406 554 521 1407 1407 556 157 1408 1408 553 163 1409 1409 560 522 1410 1410 561 158 1411 1411 562 160 1412 1412 554 521 1413 1413 549 152 1414 1414 560 522 1415 1415 556 157 1416 1416 557 523 1417 1417 555 155 1418 1418 548 162 1419 1419 554 521 1420 1420 553 163 1421 1421 551 524 1422 1422 550 156 1423 1423 555 155 1424 1424 559 154 1425 1425 560 522 1426 1426 549 152 1427 1427 558 159 1428 1428 551 524 1429 1429 555 155 1430 1430 557 523 1431 1431 560 522 1432 1432 562 160 1433 1433 552 525 1434 1434 550 525 1435 1435 551 525 1436 1436 558 159 1437 1437 557 523 1438 1438 562 160 1439 1439 547 478 1440 1440 550 478 1441 1441 552 478 1442 1442 569 176 1443 1443 567 169 1444 1444 563 174 1445 1445 575 167 1446 1446 568 177 1447 1447 577 171 1448 1448 570 526 1449 1449 572 170 1450 1450 569 176 1451 1451 576 527 1452 1452 577 171 1453 1453 578 173 1454 1454 570 526 1455 1455 566 165 1456 1456 576 527 1457 1457 572 170 1458 1458 573 528 1459 1459 571 168 1460 1460 565 175 1461 1461 570 526 1462 1462 569 176 1463 1463 3 529 1464 1464 0 529 1465 1465 5 529 1466 1466 575 167 1467 1467 576 527 1468 1468 566 165 1469 1469 574 172 1470 1470 567 169 1471 1471 571 168 1472 1472 578 173 1473 1473 570 526 1474 1474 576 527 1475 1475 574 172 1476 1476 573 528 1477 1477 578 173 1478 1478 568 530 1479 1479 563 530 1480 1480 567 530 1481 1481 586 189 1482 1482 583 182 1483 1483 579 187 1484 1484 592 180 1485 1485 585 190 1486 1486 594 184 1487 1487 587 531 1488 1488 589 183 1489 1489 586 189 1490 1490 593 532 1491 1491 594 184 1492 1492 595 186 1493 1493 587 531 1494 1494 582 178 1495 1495 593 532 1496 1496 589 183 1497 1497 590 533 1498 1498 588 181 1499 1499 581 188 1500 1500 587 531 1501 1501 586 189 1502 1502 592 180 1503 1503 593 532 1504 1504 582 178 1505 1505 591 185 1506 1506 585 190 1507 1507 584 534 1508 1508 588 181 1509 1509 584 534 1510 1510 583 182 1511 1511 590 533 1512 1512 593 532 1513 1513 595 186 1514 1514 588 181 1515 1515 595 186 1516 1516 591 185 1517 1517 585 535 1518 1518 579 535 1519 1519 583 535 1520 1520 602 203 1521 1521 600 196 1522 1522 596 201 1523 1523 608 194 1524 1524 601 204 1525 1525 610 198 1526 1526 603 536 1527 1527 605 197 1528 1528 602 203 1529 1529 609 537 1530 1530 610 198 1531 1531 611 200 1532 1532 603 536 1533 1533 599 192 1534 1534 609 537 1535 1535 605 197 1536 1536 606 538 1537 1537 604 195 1538 1538 598 202 1539 1539 603 536 1540 1540 602 203 1541 1541 608 194 1542 1542 609 537 1543 1543 599 192 1544 1544 604 195 1545 1545 601 204 1546 1546 600 196 1547 1547 611 200 1548 1548 603 536 1549 1549 609 537 1550 1550 604 195 1551 1551 611 200 1552 1552 607 199 1553 1553 597 539 1554 1554 600 539 1555 1555 601 539 1556 1556 618 216 1557 1557 616 209 1558 1558 612 214 1559 1559 624 207 1560 1560 617 217 1561 1561 626 211 1562 1562 619 540 1563 1563 621 210 1564 1564 618 216 1565 1565 625 541 1566 1566 626 211 1567 1567 627 213 1568 1568 619 540 1569 1569 615 205 1570 1570 625 541 1571 1571 621 210 1572 1572 622 542 1573 1573 620 208 1574 1574 614 215 1575 1575 619 540 1576 1576 618 216 1577 1577 624 207 1578 1578 625 541 1579 1579 615 205 1580 1580 623 212 1581 1581 616 209 1582 1582 620 208 1583 1583 627 213 1584 1584 619 540 1585 1585 625 541 1586 1586 620 208 1587 1587 627 213 1588 1588 623 212 1589 1589 617 543 1590 1590 612 543 1591 1591 616 543 1592 1592 634 229 1593 1593 632 222 1594 1594 628 227 1595 1595 640 220 1596 1596 633 230 1597 1597 642 224 1598 1598 635 544 1599 1599 637 223 1600 1600 634 229 1601 1601 641 545 1602 1602 642 224 1603 1603 643 226 1604 1604 635 544 1605 1605 631 218 1606 1606 641 545 1607 1607 637 223 1608 1608 638 546 1609 1609 636 221 1610 1610 630 228 1611 1611 635 544 1612 1612 634 229 1613 1613 640 220 1614 1614 641 545 1615 1615 631 218 1616 1616 636 221 1617 1617 633 230 1618 1618 632 222 1619 1619 638 546 1620 1620 641 545 1621 1621 643 226 1622 1622 636 221 1623 1623 643 226 1624 1624 639 225 1625 1625 629 547 1626 1626 632 547 1627 1627 633 547 1628 1628 650 242 1629 1629 648 235 1630 1630 644 240 1631 1631 656 233 1632 1632 649 243 1633 1633 658 237 1634 1634 651 548 1635 1635 653 236 1636 1636 650 242 1637 1637 657 549 1638 1638 658 237 1639 1639 659 239 1640 1640 651 548 1641 1641 647 231 1642 1642 657 549 1643 1643 653 236 1644 1644 654 550 1645 1645 652 234 1646 1646 646 241 1647 1647 651 548 1648 1648 650 242 1649 1649 656 233 1650 1650 657 549 1651 1651 647 231 1652 1652 652 234 1653 1653 649 243 1654 1654 648 235 1655 1655 654 550 1656 1656 657 549 1657 1657 659 239 1658 1658 655 238 1659 1659 654 550 1660 1660 659 239 1661 1661 645 551 1662 1662 648 551 1663 1663 649 551 1664 1664 666 255 1665 1665 664 248 1666 1666 660 253 1667 1667 672 246 1668 1668 665 256 1669 1669 674 250 1670 1670 667 552 1671 1671 669 249 1672 1672 666 255 1673 1673 673 553 1674 1674 674 250 1675 1675 675 252 1676 1676 667 552 1677 1677 663 244 1678 1678 673 553 1679 1679 669 249 1680 1680 670 554 1681 1681 668 247 1682 1682 662 254 1683 1683 667 552 1684 1684 666 255 1685 1685 672 246 1686 1686 673 553 1687 1687 663 244 1688 1688 671 251 1689 1689 664 248 1690 1690 668 247 1691 1691 675 252 1692 1692 667 552 1693 1693 673 553 1694 1694 668 247 1695 1695 675 252 1696 1696 671 251 1697 1697 665 555 1698 1698 660 555 1699 1699 664 555 1700 1700 682 268 1701 1701 680 261 1702 1702 676 266 1703 1703 688 259 1704 1704 681 269 1705 1705 690 263 1706 1706 683 556 1707 1707 685 262 1708 1708 682 268 1709 1709 689 557 1710 1710 690 263 1711 1711 691 265 1712 1712 683 556 1713 1713 679 257 1714 1714 689 557 1715 1715 685 262 1716 1716 686 558 1717 1717 684 260 1718 1718 678 267 1719 1719 683 556 1720 1720 682 268 1721 1721 688 259 1722 1722 689 557 1723 1723 679 257 1724 1724 687 264 1725 1725 680 261 1726 1726 684 260 1727 1727 683 556 1728 1728 691 265 1729 1729 686 558 1730 1730 687 264 1731 1731 686 558 1732 1732 691 265 1733 1733 681 559 1734 1734 676 559 1735 1735 680 559 1736 1736 699 560 1737 1737 698 560 1738 1738 700 560 1739 1739 730 561 1740 1740 693 561 1741 1741 698 561 1742 1742 700 284 1743 1743 693 284 1744 1744 696 284 1745 1745 699 562 1746 1746 692 562 1747 1747 729 562 1748 1748 694 373 1749 1749 697 373 1750 1750 729 373 1751 1751 703 563 1752 1752 702 563 1753 1753 709 563 1754 1754 710 564 1755 1755 709 564 1756 1756 704 564 1757 1757 710 565 1758 1758 706 565 1759 1759 705 565 1760 1760 701 566 1761 1761 710 566 1762 1762 705 566 1763 1763 702 567 1764 1764 704 567 1765 1765 709 567 1766 1766 309 568 1767 1767 307 568 1768 1768 708 568 1769 1769 307 569 1770 1770 308 569 1771 1771 306 569 1772 1772 305 284 1773 1773 708 284 1774 1774 707 284 1775 1775 305 570 1776 1776 308 570 1777 1777 309 570 1778 1778 166 571 1779 1779 714 571 1780 1780 713 571 1781 1781 360 572 1782 1782 715 572 1783 1783 716 572 1784 1784 15 573 1785 1785 716 573 1786 1786 717 573 1787 1787 7 574 1788 1788 720 574 1789 1789 10 574 1790 1790 1 575 1791 1791 712 575 1792 1792 711 575 1793 1793 214 576 1794 1794 727 576 1795 1795 723 576 1796 1796 216 577 1797 1797 724 577 1798 1798 723 577 1799 1799 733 578 1800 1800 732 578 1801 1801 30 578 1802 1802 692 373 1803 1803 694 373 1804 1804 729 373 1805 1805 729 579 1806 1806 730 579 1807 1807 698 579 1808 1808 29 580 1809 1809 731 580 1810 1810 733 580 1811 1811 87 581 1812 1812 734 581 1813 1813 736 581 1814 1814 736 582 1815 1815 735 582 1816 1816 89 582 1817 1817 0 647 2049 2049 2 647 2050 2050 4 647 2051 2051 11 648 2052 2052 8 648 2053 2053 7 648 2054 2054 17 649 2055 2055 18 649 2056 2056 19 649 2057 2057 14 650 2058 2058 15 650 2059 2059 19 650 2060 2060 94 651 2061 2061 24 651 2062 2062 176 651 2063 2063 176 652 2064 2064 24 652 2065 2065 22 652 2066 2066 26 653 2067 2067 23 653 2068 2068 94 653 2069 2069 32 292 2070 2070 33 292 2071 2071 34 292 2072 2072 733 654 2073 2073 30 654 2074 2074 34 654 2075 2075 29 655 2076 2076 33 655 2077 2077 32 655 2078 2078 38 656 2079 2079 37 656 2080 2080 35 656 2081 2081 41 657 2082 2082 36 657 2083 2083 39 657 2084 2084 51 658 2085 2085 50 658 2086 2086 47 658 2087 2087 46 659 2088 2088 45 659 2089 2089 49 659 2090 2090 3 660 2091 2091 5 660 2092 2092 43 660 2093 2093 54 661 2094 2094 56 661 2095 2095 55 661 2096 2096 55 662 2097 2097 56 662 2098 2098 58 662 2099 2099 58 663 2100 2100 60 663 2101 2101 59 663 2102 2102 62 664 2103 2103 63 664 2104 2104 54 664 2105 2105 67 284 2106 2106 73 284 2107 2107 64 284 2108 2108 64 665 2109 2109 72 665 2110 2110 67 665 2111 2111 72 284 2112 2112 74 284 2113 2113 70 284 2114 2114 72 306 2115 2115 66 666 2116 2116 71 307 2117 2117 75 373 2118 2118 71 373 2119 2119 66 373 2120 2120 66 667 2121 2121 65 667 2122 2122 75 667 2123 2123 65 373 2124 2124 69 373 2125 2125 68 373 2126 2126 68 310 2127 2127 67 313 2128 2128 70 311 2129 2129 67 313 2130 2130 68 310 2131 2131 69 314 2132 2132 74 308 2133 2133 71 307 2134 2134 75 312 2135 2135 65 316 2136 2136 64 668 2137 2137 73 315 2138 2138 76 669 2139 2139 78 669 2140 2140 79 669 2141 2141 83 318 2142 2142 78 284 2143 2143 76 319 2144 2144 77 321 2145 2145 81 321 2146 2146 80 321 2147 2147 77 322 2148 2148 79 670 2149 2149 82 323 2150 2150 78 671 2151 2151 83 671 2152 2152 82 671 2153 2153 154 672 2154 2154 331 672 2155 2155 85 672 2156 2156 736 673 2157 2157 89 673 2158 2158 92 673 2159 2159 95 674 2160 2160 5 674 2161 2161 85 674 2162 2162 96 675 2163 2163 97 675 2164 2164 99 675 2165 2165 98 676 2166 2166 99 676 2167 2167 103 676 2168 2168 97 677 2169 2169 96 677 2170 2170 100 677 2171 2171 115 284 2172 2172 110 284 2173 2173 107 284 2174 2174 110 678 2175 2175 104 678 2176 2176 113 678 2177 2177 104 284 2178 2178 112 284 2179 2179 113 284 2180 2180 108 373 2181 2181 109 373 2182 2182 111 373 2183 2183 109 679 2184 2184 106 679 2185 2185 105 679 2186 2186 106 373 2187 2187 114 373 2188 2188 105 373 2189 2189 108 336 2190 2190 111 680 2191 2191 110 337 2192 2192 107 339 2193 2193 113 342 2194 2194 106 340 2195 2195 113 342 2196 2196 112 344 2197 2197 114 343 2198 2198 115 338 2199 2199 107 339 2200 2200 109 341 2201 2201 112 344 2202 2202 104 681 2203 2203 105 345 2204 2204 116 682 2205 2205 117 682 2206 2206 119 682 2207 2207 123 347 2208 2208 120 683 2209 2209 116 348 2210 2210 117 291 2211 2211 116 291 2212 2212 120 291 2213 2213 122 350 2214 2214 119 684 2215 2215 117 351 2216 2216 118 685 2217 2217 119 685 2218 2218 122 685 2219 2219 127 284 2220 2220 124 284 2221 2221 126 284 2222 2222 124 686 2223 2223 129 686 2224 2224 133 686 2225 2225 129 284 2226 2226 132 284 2227 2227 133 284 2228 2228 128 687 2229 2229 135 687 2230 2230 131 687 2231 2231 135 688 2232 2232 125 688 2233 2233 130 688 2234 2234 125 373 2235 2235 134 373 2236 2236 130 373 2237 2237 128 356 2238 2238 131 689 2239 2239 124 357 2240 2240 126 359 2241 2241 133 362 2242 2242 125 360 2243 2243 133 362 2244 2244 132 364 2245 2245 134 363 2246 2246 127 358 2247 2247 126 359 2248 2248 135 361 2249 2249 132 364 2250 2250 129 690 2251 2251 130 365 2252 2252 136 366 2253 2253 137 366 2254 2254 139 366 2255 2255 140 367 2256 2256 136 284 2257 2257 138 368 2258 2258 137 691 2259 2259 136 691 2260 2260 140 691 2261 2261 141 371 2262 2262 142 692 2263 2263 139 372 2264 2264 138 693 2265 2265 139 693 2266 2266 142 693 2267 2267 144 694 2268 2268 145 694 2269 2269 147 694 2270 2270 146 695 2271 2271 147 695 2272 2272 151 695 2273 2273 145 696 2274 2274 144 696 2275 2275 148 696 2276 2276 152 697 2277 2277 331 697 2278 2278 154 697 2279 2279 152 698 2280 2280 153 698 2281 2281 156 698 2282 2282 157 699 2283 2283 156 699 2284 2284 153 699 2285 2285 158 700 2286 2286 159 700 2287 2287 161 700 2288 2288 165 701 2289 2289 164 701 2290 2290 160 701 2291 2291 159 702 2292 2292 158 702 2293 2293 162 702 2294 2294 166 380 2295 2295 167 380 2296 2296 168 380 2297 2297 167 703 2298 2298 166 703 2299 2299 169 703 2300 2300 168 704 2301 2301 173 704 2302 2302 172 704 2303 2303 5 705 2304 2304 174 705 2305 2305 175 705 2306 2306 177 706 2307 2307 174 706 2308 2308 5 706 2309 2309 179 707 2310 2310 178 707 2311 2311 180 707 2312 2312 182 432 2313 2313 184 432 2314 2314 185 432 2315 2315 183 708 2316 2316 187 708 2317 2317 186 708 2318 2318 187 284 2319 2319 183 284 2320 2320 185 284 2321 2321 184 709 2322 2322 188 709 2323 2323 189 709 2324 2324 184 710 2325 2325 182 710 2326 2326 186 710 2327 2327 190 388 2328 2328 192 388 2329 2329 193 388 2330 2330 191 711 2331 2331 195 711 2332 2332 194 711 2333 2333 195 284 2334 2334 191 284 2335 2335 193 284 2336 2336 192 712 2337 2337 196 712 2338 2338 197 712 2339 2339 192 713 2340 2340 190 713 2341 2341 194 713 2342 2342 200 714 2343 2343 201 714 2344 2344 206 714 2345 2345 203 284 2346 2346 204 284 2347 2347 205 284 2348 2348 207 715 2349 2349 205 715 2350 2350 206 715 2351 2351 204 400 2352 2352 203 400 2353 2353 208 400 2354 2354 210 716 2355 2355 211 716 2356 2356 209 716 2357 2357 211 405 2358 2358 210 405 2359 2359 212 405 2360 2360 217 717 2361 2361 216 717 2362 2362 723 717 2363 2363 219 718 2364 2364 218 718 2365 2365 220 718 2366 2366 235 719 2367 2367 222 719 2368 2368 233 719 2369 2369 224 284 2370 2370 225 284 2371 2371 333 284 2372 2372 333 720 2373 2373 225 720 2374 2374 336 720 2375 2375 224 329 2376 2376 223 329 2377 2377 226 329 2378 2378 227 721 2379 2379 226 721 2380 2380 228 721 2381 2381 229 405 2382 2382 228 405 2383 2383 230 405 2384 2384 232 407 2385 2385 234 407 2386 2386 233 407 2387 2387 236 722 2388 2388 237 722 2389 2389 231 722 2390 2390 237 400 2391 2391 236 400 2392 2392 238 400 2393 2393 239 723 2394 2394 238 723 2395 2395 240 723 2396 2396 241 400 2397 2397 240 400 2398 2398 242 400 2399 2399 331 724 2400 2400 244 724 2401 2401 243 724 2402 2402 246 725 2403 2403 244 725 2404 2404 331 725 2405 2405 247 726 2406 2406 248 726 2407 2407 250 726 2408 2408 251 727 2409 2409 252 727 2410 2410 254 727 2411 2411 255 413 2412 2412 256 413 2413 2413 258 413 2414 2414 259 728 2415 2415 260 728 2416 2416 262 728 2417 2417 273 729 2418 2418 261 729 2419 2419 262 729 2420 2420 252 416 2421 2421 325 416 2422 2422 267 416 2423 2423 260 730 2424 2424 272 730 2425 2425 274 730 2426 2426 253 422 2427 2427 266 422 2428 2428 324 422 2429 2429 261 731 2430 2430 273 731 2431 2431 271 731 2432 2432 249 284 2433 2433 250 284 2434 2434 265 284 2435 2435 257 284 2436 2436 258 284 2437 2437 270 284 2438 2438 248 416 2439 2439 263 416 2440 2440 265 416 2441 2441 256 732 2442 2442 326 732 2443 2443 270 732 2444 2444 249 418 2445 2445 264 418 2446 2446 323 418 2447 2447 257 733 2448 2448 269 733 2449 2449 268 733 2450 2450 253 284 2451 2451 254 284 2452 2452 267 284 2453 2453 303 412 2454 2454 275 412 2455 2455 277 412 2456 2456 278 734 2457 2457 279 734 2458 2458 281 734 2459 2459 282 735 2460 2460 283 735 2461 2461 285 735 2462 2462 286 413 2463 2463 287 413 2464 2464 289 413 2465 2465 288 284 2466 2466 289 284 2467 2467 302 284 2468 2468 279 736 2469 2469 328 736 2470 2470 295 736 2471 2471 287 732 2472 2472 329 732 2473 2473 302 732 2474 2474 280 737 2475 2475 294 737 2476 2476 293 737 2477 2477 288 731 2478 2478 301 731 2479 2479 300 731 2480 2480 276 284 2481 2481 277 284 2482 2482 292 284 2483 2483 284 738 2484 2484 285 738 2485 2485 299 738 2486 2486 275 416 2487 2487 327 416 2488 2488 292 416 2489 2489 283 739 2490 2490 297 739 2491 2491 299 739 2492 2492 276 418 2493 2493 291 418 2494 2494 290 418 2495 2495 284 733 2496 2496 298 733 2497 2497 296 733 2498 2498 294 740 2499 2499 280 740 2500 2500 281 740 2501 2501 707 741 2502 2502 306 741 2503 2503 308 741 2504 2504 310 388 2505 2505 312 388 2506 2506 313 388 2507 2507 311 742 2508 2508 315 742 2509 2509 314 742 2510 2510 311 743 2511 2511 313 743 2512 2512 317 743 2513 2513 312 744 2514 2514 316 744 2515 2515 317 744 2516 2516 316 373 2517 2517 312 373 2518 2518 310 373 2519 2519 55 745 2520 2520 59 745 2521 2521 318 745 2522 2522 319 746 2523 2523 25 746 2524 2524 726 746 2525 2525 321 747 2526 2526 322 747 2527 2527 175 747 2528 2528 264 748 2529 2529 265 748 2530 2530 263 748 2531 2531 273 443 2532 2532 274 443 2533 2533 272 443 2534 2534 269 444 2535 2535 270 444 2536 2536 326 444 2537 2537 266 447 2538 2538 267 447 2539 2539 325 447 2540 2540 301 444 2541 2541 302 444 2542 2542 329 444 2543 2543 298 749 2544 2544 299 749 2545 2545 297 749 2546 2546 294 748 2547 2547 295 748 2548 2548 328 748 2549 2549 291 445 2550 2550 292 445 2551 2551 327 445 2552 2552 85 750 2553 2553 331 750 2554 2554 84 750 2555 2555 339 751 2556 2556 336 751 2557 2557 335 751 2558 2558 341 752 2559 2559 335 752 2560 2560 233 752 2561 2561 344 753 2562 2562 345 753 2563 2563 348 753 2564 2564 348 754 2565 2565 345 754 2566 2566 346 754 2567 2567 350 755 2568 2568 344 755 2569 2569 349 755 2570 2570 347 756 2571 2571 351 756 2572 2572 349 756 2573 2573 350 284 2574 2574 346 284 2575 2575 345 284 2576 2576 350 757 2577 2577 351 757 2578 2578 347 757 2579 2579 352 758 2580 2580 359 758 2581 2581 354 758 2582 2582 356 759 2583 2583 357 759 2584 2584 358 759 2585 2585 356 373 2586 2586 352 373 2587 2587 353 373 2588 2588 354 760 2589 2589 358 760 2590 2590 357 760 2591 2591 352 761 2592 2592 356 761 2593 2593 355 761 2594 2594 354 762 2595 2595 359 762 2596 2596 355 762 2597 2597 363 373 2598 2598 361 373 2599 2599 368 373 2600 2600 367 284 2601 2601 362 284 2602 2602 364 284 2603 2603 362 763 2604 2604 367 763 2605 2605 368 763 2606 2606 363 764 2607 2607 366 764 2608 2608 365 764 2609 2609 371 765 2610 2610 369 765 2611 2611 376 765 2612 2612 375 284 2613 2613 370 284 2614 2614 372 284 2615 2615 370 763 2616 2616 375 763 2617 2617 376 763 2618 2618 371 766 2619 2619 374 766 2620 2620 373 766 2621 2621 382 767 2622 2622 379 767 2623 2623 377 767 2624 2624 378 284 2625 2625 380 284 2626 2626 381 284 2627 2627 378 291 2628 2628 383 291 2629 2629 384 291 2630 2630 379 768 2631 2631 382 768 2632 2632 381 768 2633 2633 390 769 2634 2634 387 769 2635 2635 385 769 2636 2636 386 770 2637 2637 388 770 2638 2638 389 770 2639 2639 386 771 2640 2640 391 771 2641 2641 392 771 2642 2642 387 772 2643 2643 390 772 2644 2644 389 772 2645 2645 401 42 2646 2646 404 36 2647 2647 398 35 2648 2648 407 33 2649 2649 395 32 2650 2650 400 43 2651 2651 402 473 2652 2652 405 475 2653 2653 404 36 2654 2654 408 474 2655 2655 407 33 2656 2656 409 37 2657 2657 402 473 2658 2658 396 41 2659 2659 397 31 2660 2660 406 38 2661 2661 400 43 2662 2662 399 476 2663 2663 402 473 2664 2664 408 474 2665 2665 410 39 2666 2666 406 38 2667 2667 403 34 2668 2668 405 475 2669 2669 395 773 2670 2670 394 773 2671 2671 398 773 2672 2672 418 55 2673 2673 421 49 2674 2674 415 48 2675 2675 424 46 2676 2676 412 45 2677 2677 417 56 2678 2678 419 479 2679 2679 422 481 2680 2680 421 49 2681 2681 425 480 2682 2682 424 46 2683 2683 426 50 2684 2684 419 479 2685 2685 413 54 2686 2686 414 44 2687 2687 420 47 2688 2688 423 51 2689 2689 416 482 2690 2690 422 481 2691 2691 419 479 2692 2692 425 480 2693 2693 420 47 2694 2694 422 481 2695 2695 427 52 2696 2696 417 773 2697 2697 412 773 2698 2698 411 773 2699 2699 435 69 2700 2700 438 63 2701 2701 432 62 2702 2702 441 60 2703 2703 429 59 2704 2704 434 70 2705 2705 436 484 2706 2706 439 486 2707 2707 438 63 2708 2708 442 485 2709 2709 441 60 2710 2710 443 64 2711 2711 436 484 2712 2712 430 68 2713 2713 431 58 2714 2714 440 65 2715 2715 434 70 2716 2716 433 487 2717 2717 436 484 2718 2718 442 485 2719 2719 444 66 2720 2720 440 65 2721 2721 437 61 2722 2722 439 486 2723 2723 429 774 2724 2724 428 774 2725 2725 432 774 2726 2726 452 82 2727 2727 455 76 2728 2728 449 75 2729 2729 458 73 2730 2730 446 72 2731 2731 451 83 2732 2732 453 490 2733 2733 456 492 2734 2734 455 76 2735 2735 459 491 2736 2736 458 73 2737 2737 460 77 2738 2738 453 490 2739 2739 447 81 2740 2740 448 71 2741 2741 454 74 2742 2742 457 78 2743 2743 450 493 2744 2744 453 490 2745 2745 459 491 2746 2746 461 79 2747 2747 454 74 2748 2748 456 492 2749 2749 461 79 2750 2750 451 775 2751 2751 446 775 2752 2752 445 775 2753 2753 469 96 2754 2754 472 90 2755 2755 466 89 2756 2756 475 87 2757 2757 463 86 2758 2758 468 97 2759 2759 470 495 2760 2760 473 497 2761 2761 472 90 2762 2762 476 496 2763 2763 475 87 2764 2764 477 91 2765 2765 470 495 2766 2766 464 95 2767 2767 465 85 2768 2768 471 88 2769 2769 474 92 2770 2770 467 498 2771 2771 473 497 2772 2772 470 495 2773 2773 476 496 2774 2774 474 92 2775 2775 471 88 2776 2776 473 497 2777 2777 468 776 2778 2778 463 776 2779 2779 462 776 2780 2780 486 110 2781 2781 489 104 2782 2782 483 103 2783 2783 492 101 2784 2784 480 100 2785 2785 485 111 2786 2786 487 500 2787 2787 490 502 2788 2788 489 104 2789 2789 493 501 2790 2790 492 101 2791 2791 494 105 2792 2792 487 500 2793 2793 481 109 2794 2794 482 99 2795 2795 491 106 2796 2796 485 111 2797 2797 484 503 2798 2798 495 107 2799 2799 490 502 2800 2800 487 500 2801 2801 488 102 2802 2802 490 502 2803 2803 495 107 2804 2804 480 775 2805 2805 479 775 2806 2806 483 775 2807 2807 503 123 2808 2808 506 117 2809 2809 500 116 2810 2810 509 114 2811 2811 497 113 2812 2812 502 124 2813 2813 504 506 2814 2814 507 508 2815 2815 506 117 2816 2816 510 507 2817 2817 509 114 2818 2818 511 118 2819 2819 504 506 2820 2820 498 122 2821 2821 499 112 2822 2822 508 119 2823 2823 502 124 2824 2824 501 509 2825 2825 512 120 2826 2826 507 508 2827 2827 504 506 2828 2828 505 115 2829 2829 507 508 2830 2830 512 120 2831 2831 497 776 2832 2832 496 776 2833 2833 500 776 2834 2834 520 136 2835 2835 523 130 2836 2836 517 129 2837 2837 526 127 2838 2838 514 126 2839 2839 519 137 2840 2840 521 512 2841 2841 524 514 2842 2842 523 130 2843 2843 527 513 2844 2844 526 127 2845 2845 528 131 2846 2846 521 512 2847 2847 515 135 2848 2848 516 125 2849 2849 522 128 2850 2850 525 132 2851 2851 518 515 2852 2852 524 514 2853 2853 521 512 2854 2854 527 513 2855 2855 525 132 2856 2856 522 128 2857 2857 524 514 2858 2858 519 775 2859 2859 514 775 2860 2860 513 775 2861 2861 536 150 2862 2862 539 144 2863 2863 534 143 2864 2864 542 141 2865 2865 531 140 2866 2866 535 151 2867 2867 537 517 2868 2868 540 519 2869 2869 539 144 2870 2870 543 518 2871 2871 542 141 2872 2872 544 145 2873 2873 537 517 2874 2874 532 149 2875 2875 533 139 2876 2876 541 146 2877 2877 535 151 2878 2878 534 143 2879 2879 540 519 2880 2880 537 517 2881 2881 543 518 2882 2882 538 142 2883 2883 540 519 2884 2884 545 147 2885 2885 535 777 2886 2886 531 777 2887 2887 530 777 2888 2888 553 163 2889 2889 556 157 2890 2890 550 156 2891 2891 559 154 2892 2892 547 153 2893 2893 552 164 2894 2894 554 521 2895 2895 557 523 2896 2896 556 157 2897 2897 560 522 2898 2898 559 154 2899 2899 561 158 2900 2900 554 521 2901 2901 548 162 2902 2902 549 152 2903 2903 558 159 2904 2904 552 164 2905 2905 551 524 2906 2906 557 523 2907 2907 554 521 2908 2908 560 522 2909 2909 558 159 2910 2910 555 155 2911 2911 557 523 2912 2912 547 776 2913 2913 546 776 2914 2914 550 776 2915 2915 569 176 2916 2916 572 170 2917 2917 567 169 2918 2918 575 167 2919 2919 564 166 2920 2920 568 177 2921 2921 570 526 2922 2922 573 528 2923 2923 572 170 2924 2924 576 527 2925 2925 575 167 2926 2926 577 171 2927 2927 570 526 2928 2928 565 175 2929 2929 566 165 2930 2930 3 778 2931 2931 1 778 2932 2932 0 778 2933 2933 574 172 2934 2934 568 177 2935 2935 567 169 2936 2936 578 173 2937 2937 573 528 2938 2938 570 526 2939 2939 574 172 2940 2940 571 168 2941 2941 573 528 2942 2942 568 779 2943 2943 564 779 2944 2944 563 779 2945 2945 586 189 2946 2946 589 183 2947 2947 583 182 2948 2948 592 180 2949 2949 580 179 2950 2950 585 190 2951 2951 587 531 2952 2952 590 533 2953 2953 589 183 2954 2954 593 532 2955 2955 592 180 2956 2956 594 184 2957 2957 587 531 2958 2958 581 188 2959 2959 582 178 2960 2960 588 181 2961 2961 591 185 2962 2962 584 534 2963 2963 590 533 2964 2964 587 531 2965 2965 593 532 2966 2966 588 181 2967 2967 590 533 2968 2968 595 186 2969 2969 585 775 2970 2970 580 775 2971 2971 579 775 2972 2972 602 203 2973 2973 605 197 2974 2974 600 196 2975 2975 608 194 2976 2976 597 193 2977 2977 601 204 2978 2978 603 536 2979 2979 606 538 2980 2980 605 197 2981 2981 609 537 2982 2982 608 194 2983 2983 610 198 2984 2984 603 536 2985 2985 598 202 2986 2986 599 192 2987 2987 604 195 2988 2988 607 199 2989 2989 601 204 2990 2990 611 200 2991 2991 606 538 2992 2992 603 536 2993 2993 604 195 2994 2994 606 538 2995 2995 611 200 2996 2996 597 780 2997 2997 596 780 2998 2998 600 780 2999 2999 618 216 3000 3000 621 210 3001 3001 616 209 3002 3002 624 207 3003 3003 613 206 3004 3004 617 217 3005 3005 619 540 3006 3006 622 542 3007 3007 621 210 3008 3008 625 541 3009 3009 624 207 3010 3010 626 211 3011 3011 619 540 3012 3012 614 215 3013 3013 615 205 3014 3014 623 212 3015 3015 617 217 3016 3016 616 209 3017 3017 627 213 3018 3018 622 542 3019 3019 619 540 3020 3020 620 208 3021 3021 622 542 3022 3022 627 213 3023 3023 617 781 3024 3024 613 781 3025 3025 612 781 3026 3026 634 229 3027 3027 637 223 3028 3028 632 222 3029 3029 640 220 3030 3030 629 219 3031 3031 633 230 3032 3032 635 544 3033 3033 638 546 3034 3034 637 223 3035 3035 641 545 3036 3036 640 220 3037 3037 642 224 3038 3038 635 544 3039 3039 630 228 3040 3040 631 218 3041 3041 636 221 3042 3042 639 225 3043 3043 633 230 3044 3044 638 546 3045 3045 635 544 3046 3046 641 545 3047 3047 636 221 3048 3048 638 546 3049 3049 643 226 3050 3050 629 782 3051 3051 628 782 3052 3052 632 782 3053 3053 650 242 3054 3054 653 236 3055 3055 648 235 3056 3056 656 233 3057 3057 645 232 3058 3058 649 243 3059 3059 651 548 3060 3060 654 550 3061 3061 653 236 3062 3062 657 549 3063 3063 656 233 3064 3064 658 237 3065 3065 651 548 3066 3066 646 241 3067 3067 647 231 3068 3068 652 234 3069 3069 655 238 3070 3070 649 243 3071 3071 654 550 3072 3072 651 548 3073 3073 657 549 3074 3074 655 238 3075 3075 652 234 3076 3076 654 550 3077 3077 645 783 3078 3078 644 783 3079 3079 648 783 3080 3080 666 255 3081 3081 669 249 3082 3082 664 248 3083 3083 672 246 3084 3084 661 245 3085 3085 665 256 3086 3086 667 552 3087 3087 670 554 3088 3088 669 249 3089 3089 673 553 3090 3090 672 246 3091 3091 674 250 3092 3092 667 552 3093 3093 662 254 3094 3094 663 244 3095 3095 671 251 3096 3096 665 256 3097 3097 664 248 3098 3098 675 252 3099 3099 670 554 3100 3100 667 552 3101 3101 668 247 3102 3102 670 554 3103 3103 675 252 3104 3104 665 784 3105 3105 661 784 3106 3106 660 784 3107 3107 682 268 3108 3108 685 262 3109 3109 680 261 3110 3110 688 259 3111 3111 677 258 3112 3112 681 269 3113 3113 683 556 3114 3114 686 558 3115 3115 685 262 3116 3116 689 557 3117 3117 688 259 3118 3118 690 263 3119 3119 683 556 3120 3120 678 267 3121 3121 679 257 3122 3122 687 264 3123 3123 681 269 3124 3124 680 261 3125 3125 683 556 3126 3126 689 557 3127 3127 691 265 3128 3128 687 264 3129 3129 684 260 3130 3130 686 558 3131 3131 681 785 3132 3132 677 785 3133 3133 676 785 3134 3134 699 291 3135 3135 729 291 3136 3136 698 291 3137 3137 730 786 3138 3138 728 786 3139 3139 693 786 3140 3140 700 787 3141 3141 698 787 3142 3142 693 787 3143 3143 699 788 3144 3144 695 788 3145 3145 692 788 3146 3146 703 284 3147 3147 701 284 3148 3148 702 284 3149 3149 710 789 3150 3150 703 789 3151 3151 709 789 3152 3152 710 790 3153 3153 704 790 3154 3154 706 790 3155 3155 701 791 3156 3156 703 791 3157 3157 710 791 3158 3158 702 792 3159 3159 706 792 3160 3160 704 792 3161 3161 309 793 3162 3162 304 793 3163 3163 307 793 3164 3164 307 794 3165 3165 304 794 3166 3166 308 794 3167 3167 305 795 3168 3168 309 795 3169 3169 708 795 3170 3170 166 571 3171 3171 167 571 3172 3172 714 571 3173 3173 360 796 3174 3174 14 796 3175 3175 715 796 3176 3176 15 797 3177 3177 360 797 3178 3178 716 797 3179 3179 7 798 3180 3180 719 798 3181 3181 720 798 3182 3182 214 799 3183 3183 21 799 3184 3184 727 799 3185 3185 733 800 3186 3186 731 800 3187 3187 732 800 3188 3188 736 801 3189 3189 734 801 3190 3190 735 801 3191 3191</p>
        </triangles>
        <triangles material="windows_doors_reflective-material" count="4">
          <input semantic="VERTEX" source="#Plane_060-mesh-vertices" offset="0"/>
          <input semantic="NORMAL" source="#Plane_060-mesh-normals" offset="1"/>
          <input semantic="TEXCOORD" source="#Plane_060-mesh-map-0" offset="2" set="0"/>
          <input semantic="TEXCOORD" source="#Plane_060-mesh-map-1" offset="2" set="1"/>
          <input semantic="COLOR" source="#Plane_060-mesh-colors-Col" offset="3" set="0"/>
          <p>1011 645 2043 2043 1014 645 2044 2044 1012 645 2045 2045 1015 646 2046 2046 1018 646 2047 2047 1016 646 2048 2048 1011 852 3417 3417 1013 852 3418 3418 1014 852 3419 3419 1015 853 3420 3420 1017 853 3421 3421 1018 853 3422 3422</p>
        </triangles>
        <triangles material="clutter_commercial-material" count="186">
          <input semantic="VERTEX" source="#Plane_060-mesh-vertices" offset="0"/>
          <input semantic="NORMAL" source="#Plane_060-mesh-normals" offset="1"/>
          <input semantic="TEXCOORD" source="#Plane_060-mesh-map-0" offset="2" set="0"/>
          <input semantic="TEXCOORD" source="#Plane_060-mesh-map-1" offset="2" set="1"/>
          <input semantic="COLOR" source="#Plane_060-mesh-colors-Col" offset="3" set="0"/>
          <p>798 329 1863 1863 799 329 1864 1864 797 329 1865 1865 801 596 1866 1866 804 596 1867 1867 803 596 1868 1868 815 600 1878 1878 817 600 1879 1879 827 600 1880 1880 820 601 1881 1881 819 601 1882 1882 818 601 1883 1883 821 602 1884 1884 822 602 1885 1885 820 602 1886 1886 828 604 1890 1890 830 604 1891 1891 840 604 1892 1892 833 605 1893 1893 832 605 1894 1894 831 605 1895 1895 834 606 1896 1896 835 606 1897 1897 833 606 1898 1898 841 608 1902 1902 843 608 1903 1903 853 608 1904 1904 844 609 1905 1905 848 609 1906 1906 846 609 1907 1907 845 610 1908 1908 849 610 1909 1909 848 610 1910 1910 855 612 1914 1914 856 612 1915 1915 854 612 1916 1916 859 613 1917 1917 860 613 1918 1918 858 613 1919 1919 863 614 1920 1920 864 614 1921 1921 862 614 1922 1922 867 615 1923 1923 868 615 1924 1924 866 615 1925 1925 870 616 1926 1926 872 616 1927 1927 882 616 1928 1928 875 601 1929 1929 874 601 1930 1930 873 601 1931 1931 876 617 1932 1932 877 617 1933 1933 875 617 1934 1934 884 618 1938 1938 885 618 1939 1939 883 618 1940 1940 888 397 1941 1941 889 397 1942 1942 887 397 1943 1943 892 619 1944 1944 893 619 1945 1945 891 619 1946 1946 896 620 1947 1947 897 620 1948 1948 895 620 1949 1949 900 621 1950 1950 901 621 1951 1951 899 621 1952 1952 899 622 1953 1953 904 622 1954 1954 900 622 1955 1955 906 623 1956 1956 907 623 1957 1957 905 623 1958 1958 910 624 1959 1959 911 624 1960 1960 909 624 1961 1961 913 625 1962 1962 916 625 1963 1963 915 625 1964 1964 917 626 1965 1965 916 626 1966 1966 914 626 1967 1967 922 627 1968 1968 920 627 1969 1969 919 627 1970 1970 923 628 1971 1971 921 628 1972 1972 922 628 1973 1973 798 814 3237 3237 800 814 3238 3238 799 814 3239 3239 801 329 3240 3240 802 329 3241 3241 804 329 3242 3242 815 818 3252 3252 816 818 3253 3253 817 818 3254 3254 820 605 3255 3255 822 605 3256 3256 819 605 3257 3257 821 819 3258 3258 823 819 3259 3259 822 819 3260 3260 828 818 3264 3264 829 818 3265 3265 830 818 3266 3266 833 601 3267 3267 835 601 3268 3268 832 601 3269 3269 834 602 3270 3270 836 602 3271 3271 835 602 3272 3272 841 821 3276 3276 842 821 3277 3277 843 821 3278 3278 844 822 3279 3279 845 822 3280 3280 848 822 3281 3281 845 823 3282 3282 847 823 3283 3283 849 823 3284 3284 855 612 3288 3288 857 612 3289 3289 856 612 3290 3290 859 825 3291 3291 861 825 3292 3292 860 825 3293 3293 863 619 3294 3294 865 619 3295 3295 864 619 3296 3296 867 397 3297 3297 869 397 3298 3298 868 397 3299 3299 870 826 3300 3300 871 826 3301 3301 872 826 3302 3302 875 827 3303 3303 877 827 3304 3304 874 827 3305 3305 876 828 3306 3306 878 828 3307 3307 877 828 3308 3308 884 619 3312 3312 886 619 3313 3313 885 619 3314 3314 888 830 3315 3315 890 830 3316 3316 889 830 3317 3317 892 619 3318 3318 894 619 3319 3319 893 619 3320 3320 896 830 3321 3321 898 830 3322 3322 897 830 3323 3323 900 831 3324 3324 902 831 3325 3325 901 831 3326 3326 899 622 3327 3327 903 622 3328 3328 904 622 3329 3329 906 832 3330 3330 908 832 3331 3331 907 832 3332 3332 910 833 3333 3333 912 833 3334 3334 911 833 3335 3335 913 834 3336 3336 914 834 3337 3337 916 834 3338 3338 917 835 3339 3339 918 835 3340 3340 916 835 3341 3341 922 836 3342 3342 921 836 3343 3343 920 836 3344 3344 923 837 3345 3345 924 837 3346 3346 921 837 3347 3347 1019 634 3423 1989 1020 634 3424 1989 1021 634 3425 1989 1019 634 3423 1989 1021 634 3425 1989 1022 634 3426 1989 1023 634 3427 1989 1024 634 3428 1989 1025 634 3429 1989 1023 634 3427 1989 1025 634 3429 1989 1026 634 3430 1989 1027 634 3431 1989 1028 634 3432 1989 1029 634 3433 1989 1027 634 3431 1989 1029 634 3433 1989 1030 634 3434 1989 1031 634 3435 1989 1032 634 3436 1989 1033 634 3437 1989 1031 634 3435 1989 1033 634 3437 1989 1034 634 3438 1989 1035 634 3439 1989 1036 634 3440 1989 1037 634 3441 1989 1035 634 3439 1989 1037 634 3441 1989 1038 634 3442 1989 1039 634 3443 1989 1040 634 3444 1989 1041 634 3445 1989 1039 634 3443 1989 1041 634 3445 1989 1042 634 3446 1989 1043 634 3447 1989 1044 634 3448 1989 1045 634 3449 1989 1043 634 3447 1989 1045 634 3449 1989 1046 634 3450 1989 1047 634 3451 1989 1048 634 3452 1989 1049 634 3453 1989 1047 634 3451 1989 1049 634 3453 1989 1050 634 3454 1989 1051 634 3455 1989 1052 634 3456 1989 1053 634 3457 1989 1051 634 3455 1989 1053 634 3457 1989 1054 634 3458 1989 1055 634 3459 1989 1056 634 3460 1989 1057 634 3461 1989 1055 634 3459 1989 1057 634 3461 1989 1058 634 3462 1989 1059 639 3463 2013 1060 639 3464 2013 1061 639 3465 2013 1059 639 3463 2013 1061 639 3465 2013 1062 639 3466 2013 1063 639 3467 2013 1064 639 3468 2013 1065 639 3469 2013 1063 639 3467 2013 1065 639 3469 2013 1066 639 3470 2013 1067 639 3471 2013 1068 639 3472 2013 1069 639 3473 2013 1067 639 3471 2013 1069 639 3473 2013 1070 639 3474 2013 1071 639 3475 2013 1072 639 3476 2013 1073 639 3477 2013 1071 639 3475 2013 1073 639 3477 2013 1074 639 3478 2013 1075 639 3479 2013 1076 639 3480 2013 1077 639 3481 2013 1075 639 3479 2013 1077 639 3481 2013 1078 639 3482 2013 1079 639 3483 2013 1080 639 3484 2013 1081 639 3485 2013 1079 639 3483 2013 1081 639 3485 2013 1082 639 3486 2013 1083 639 3487 2013 1084 639 3488 2013 1085 639 3489 2013 1083 639 3487 2013 1085 639 3489 2013 1086 639 3490 2013 1087 639 3491 2013 1088 639 3492 2013 1089 639 3493 2013 1087 639 3491 2013 1089 639 3493 2013 1090 639 3494 2013 1091 639 3495 2013 1092 639 3496 2013 1093 639 3497 2013 1091 639 3495 2013 1093 639 3497 2013 1094 639 3498 2013 1095 639 3499 2013 1096 639 3500 2013 1097 639 3501 2013 1095 639 3499 2013 1097 639 3501 2013 1098 639 3502 2013 1099 597 3503 1869 1100 597 3504 1869 1101 597 3505 1869 1099 597 3503 1869 1101 597 3505 1869 1102 597 3506 1869 1103 597 3507 1869 1104 597 3508 1869 1105 597 3509 1869 1103 597 3507 1869 1105 597 3509 1869 1106 597 3510 1869 1107 597 3511 1869 1108 597 3512 1869 1109 597 3513 1869 1107 597 3511 1869 1109 597 3513 1869 1110 597 3514 1869 1111 597 3515 1869 1112 597 3516 1869 1113 597 3517 1869 1111 597 3515 1869 1113 597 3517 1869 1114 597 3518 1869 1115 597 3519 1869 1116 597 3520 1869 1117 597 3521 1869 1115 597 3519 1869 1117 597 3521 1869 1118 597 3522 1869 1119 593 3523 1854 1120 593 3524 1854 1121 593 3525 1854 1119 593 3523 1854 1121 593 3525 1854 1122 593 3526 1854 1123 593 3527 1854 1124 593 3528 1854 1125 593 3529 1854 1123 593 3527 1854 1125 593 3529 1854 1126 593 3530 1854 1127 593 3531 1854 1128 593 3532 1854 1129 593 3533 1854 1127 593 3531 1854 1129 593 3533 1854 1130 593 3534 1854 1131 593 3535 1854 1132 593 3536 1854 1133 593 3537 1854 1131 593 3535 1854 1133 593 3537 1854 1134 593 3538 1854 1135 593 3539 1854 1136 593 3540 1854 1137 593 3541 1854 1135 593 3539 1854 1137 593 3541 1854 1138 593 3542 1854 1139 629 3543 1974 1140 629 3544 1974 1141 629 3545 1974 1139 629 3543 1974 1141 629 3545 1974 1142 629 3546 1974 1143 629 3547 1974 1144 629 3548 1974 1145 629 3549 1974 1143 629 3547 1974 1145 629 3549 1974 1146 629 3550 1974 1147 629 3551 1974 1148 629 3552 1974 1149 629 3553 1974 1147 629 3551 1974 1149 629 3553 1974 1150 629 3554 1974 1151 629 3555 1974 1152 629 3556 1974 1153 629 3557 1974 1151 629 3555 1974 1153 629 3557 1974 1154 629 3558 1974 1155 629 3559 1974 1156 629 3560 1974 1157 629 3561 1974 1155 629 3559 1974 1157 629 3561 1974 1158 629 3562 1974 1159 588 3563 1836 1160 588 3564 1836 1161 588 3565 1836 1159 588 3563 1836 1161 588 3565 1836 1162 588 3566 1836 1163 588 3567 1836 1164 588 3568 1836 1165 588 3569 1836 1163 588 3567 1836 1165 588 3569 1836 1166 588 3570 1836 1167 588 3571 1836 1168 588 3572 1836 1169 588 3573 1836 1167 588 3571 1836 1169 588 3573 1836 1170 588 3574 1836 1171 588 3575 1836 1172 588 3576 1836 1173 588 3577 1836 1171 588 3575 1836 1173 588 3577 1836 1174 588 3578 1836 1175 588 3579 1836 1176 588 3580 1836 1177 588 3581 1836 1175 588 3579 1836 1177 588 3581 1836 1178 588 3582 1836 1179 588 3583 1836 1180 588 3584 1836 1181 588 3585 1836 1179 588 3583 1836 1181 588 3585 1836 1182 588 3586 1836 1183 588 3587 1836 1184 588 3588 1836 1185 588 3589 1836 1183 588 3587 1836 1185 588 3589 1836 1186 588 3590 1836 1187 588 3591 1836 1188 588 3592 1836 1189 588 3593 1836 1187 588 3591 1836 1189 588 3593 1836 1190 588 3594 1836 1191 588 3595 1836 1192 588 3596 1836 1193 588 3597 1836 1191 588 3595 1836 1193 588 3597 1836 1194 588 3598 1836 1195 587 3599 1833 1196 587 3600 1833 1197 587 3601 1833 1195 587 3599 1833 1197 587 3601 1833 1198 587 3602 1833 1199 587 3603 1833 1200 587 3604 1833 1201 587 3605 1833 1199 587 3603 1833 1201 587 3605 1833 1202 587 3606 1833 1203 587 3607 1833 1204 587 3608 1833 1205 587 3609 1833 1203 587 3607 1833 1205 587 3609 1833 1206 587 3610 1833 1207 587 3611 1833 1208 587 3612 1833 1209 587 3613 1833 1207 587 3611 1833 1209 587 3613 1833 1210 587 3614 1833 1211 587 3615 1833 1212 587 3616 1833 1213 587 3617 1833 1211 587 3615 1833 1213 587 3617 1833 1214 587 3618 1833 1215 587 3619 1833 1216 587 3620 1833 1217 587 3621 1833 1215 587 3619 1833 1217 587 3621 1833 1218 587 3622 1833 1219 587 3623 1833 1220 587 3624 1833 1221 587 3625 1833 1219 587 3623 1833 1221 587 3625 1833 1222 587 3626 1833 1223 587 3627 1833 1224 587 3628 1833 1225 587 3629 1833 1223 587 3627 1833 1225 587 3629 1833 1226 587 3630 1833 1227 587 3631 1833 1228 587 3632 1833 1229 587 3633 1833 1227 587 3631 1833 1229 587 3633 1833 1230 587 3634 1833 1231 603 3635 1887 1232 603 3636 1887 1233 603 3637 1887 1231 603 3635 1887 1233 603 3637 1887 1234 603 3638 1887 1235 603 3639 1887 1236 603 3640 1887 1237 603 3641 1887 1235 603 3639 1887 1237 603 3641 1887 1238 603 3642 1887 1239 607 3643 1899 1240 607 3644 1899 1241 607 3645 1899 1239 607 3643 1899 1241 607 3645 1899 1242 607 3646 1899 1243 607 3647 1899 1244 607 3648 1899 1245 607 3649 1899 1243 607 3647 1899 1245 607 3649 1899 1246 607 3650 1899 1247 611 3651 1911 1248 611 3652 1911 1249 611 3653 1911 1247 611 3651 1911 1249 611 3653 1911 1250 611 3654 1911 1251 611 3655 1911 1252 611 3656 1911 1253 611 3657 1911 1251 611 3655 1911 1253 611 3657 1911 1254 611 3658 1911 1255 611 3659 1935 1256 611 3660 1935 1257 611 3661 1935 1255 611 3659 1935 1257 611 3661 1935 1258 611 3662 1935 1259 611 3663 1935 1260 611 3664 1935 1261 611 3665 1935 1259 611 3663 1935 1261 611 3665 1935 1262 611 3666 1935 1263 633 3667 1986 1264 633 3668 1986 1265 633 3669 1986 1263 633 3667 1986 1265 633 3669 1986 1266 633 3670 1986 1267 633 3671 1986 1268 633 3672 1986 1269 633 3673 1986 1267 633 3671 1986 1269 633 3673 1986 1270 633 3674 1986</p>
        </triangles>
      </mesh>
    </geometry>
    <geometry id="Colmesh_city_block5-1_006-mesh" name="Colmesh_city_block5-1.006">
      <mesh>
        <source id="Colmesh_city_block5-1_006-mesh-positions">
          <float_array id="Colmesh_city_block5-1_006-mesh-positions-array" count="399">-707.6334 131.8426 128.5093 -708.4241 132.2767 129.0653 -713.3997 136.8693 118.8422 -713.3997 136.8693 118.3573 -708.8037 132.273 118.3573 -708.8037 132.273 118.8422 -708.4241 132.2767 118.4538 -708.2457 132.455 128.5093 -713.3962 137.2487 118.4538 -713.2178 137.427 128.5093 -714.2687 138.1214 118.4538 -713.5129 137.3654 122.0541 -712.9381 137.7069 118.4538 -707.9658 132.7349 118.4538 -707.966 132.7349 122.0541 -712.9381 137.7069 122.0541 -708.5151 132.5615 119.1591 -713.1112 137.1577 119.1591 -712.75 137.519 118.3573 -708.135 132.9416 118.3573 -708.1538 132.9228 119.1591 -712.75 137.519 119.1591 -713.0659 136.5931 122.5945 -709.081 132.6082 122.5945 -708.6444 131.8228 125.7462 -707.7454 131.5978 122.0541 -714.0681 137.9207 128.5093 -714.095 137.9475 122.0541 -708.4615 132.187 125.7429 -713.5551 137.3232 125.7462 -713.85 137.0284 125.7462 -708.4165 132.0996 123.6528 -708.3919 132.075 122.0541 -707.8301 131.513 122.0541 -707.8323 131.5154 128.5093 -708.5087 132.192 128.5093 -708.3073 132.1597 122.0541 -713.4808 137.1642 128.5093 -714.1527 137.8362 128.5093 -714.1796 137.863 122.0541 -713.5975 137.2809 122.0541 -701.5516 150.7866 128.5093 -701.5537 151.1454 117.7369 -707.7393 131.5918 118.4538 -707.8856 131.7074 130.0742 -708.3168 132.1387 130.0742 -708.3708 132.0847 130.0742 -707.9395 131.6534 130.0742 -713.5333 137.3552 130.0742 -713.9617 137.7836 130.0742 -714.0155 137.7297 130.0742 -713.5872 137.3014 130.0742 -694.682 144.2734 117.7369 -707.1761 131.8366 128.5093 -706.0853 132.5932 122.0571 -704.9937 133.7113 122.0179 -695.0366 144.2713 128.5093 -699.2244 139.6209 121.8116 -700.4541 138.361 121.8527 -700.6642 141.0264 121.8116 -701.8937 139.7666 121.8526 -705.5036 134.2091 122.0179 -706.5952 133.091 122.0571 -700.6642 141.0264 118.7908 -701.8937 139.7666 118.8517 -705.5036 134.2091 118.8212 -706.5952 133.0909 118.8212 -707.0712 131.5831 118.4538 -706.2085 132.7133 118.3798 -705.1169 133.8314 118.3183 -705.1169 133.8314 118.6412 -706.2085 132.7133 118.6412 -704.9937 133.7113 118.3183 -704.9937 133.7113 118.8383 -706.0852 132.5931 118.8967 -706.0852 132.5931 118.3798 -699.2902 139.685 117.9945 -699.2902 139.685 118.0708 -700.5197 138.4252 118.1317 -700.5197 138.4252 118.0587 -699.2244 139.6209 117.9945 -699.2244 139.6209 118.531 -700.4541 138.361 118.592 -700.4541 138.361 118.0587 -701.2484 139.1102 118.8517 -700.0189 140.37 118.7908 -695.4132 143.2591 117.7369 -694.7285 143.9439 127.0093 -695.4132 143.2591 127.0093 -700.5621 138.1103 118.1013 -701.2468 137.4255 118.1013 -700.5621 138.1103 127.0093 -701.2468 137.4255 127.0093 -696.1005 145.3159 117.7369 -696.7853 144.6311 117.7369 -696.1005 145.3159 127.0093 -696.7853 144.6311 127.0093 -701.9342 139.4822 118.1013 -702.619 138.7975 118.1013 -701.9342 139.4822 127.0093 -702.619 138.7975 127.0093 -694.7285 143.9439 117.7369 -705.9091 131.2908 126.024 -705.9091 131.2908 130.8712 -706.1812 131.0187 130.8712 -706.1812 131.0187 126.024 -700.1351 136.9989 125.8731 -700.0698 137.0642 125.8731 -700.0698 137.0642 128.36 -700.1351 136.9989 128.36 -706.5678 131.9496 126.024 -706.5678 131.9496 130.8712 -706.8399 131.6775 130.8712 -706.8399 131.6775 126.024 -700.794 137.6574 125.8731 -700.7288 137.7227 125.8731 -700.7288 137.7227 128.36 -700.794 137.6574 128.36 -701.5537 151.1454 128.5093 -694.682 144.2734 128.5093 -707.0712 131.583 128.5093 -708.4241 132.2767 128.5093 -713.3962 137.2487 128.5093 -707.7393 131.5918 128.5093 -714.2687 138.1214 128.5093 -713.9142 138.1235 128.5093 -713.3962 137.2487 129.0653 -708.0592 132.6416 129.0653 -713.0313 137.6136 129.0653 -707.0712 131.583 129.0653 -694.682 144.2734 129.0653 -707.3236 131.9841 129.0653 -695.1841 144.4188 129.0653</float_array>
          <technique_common>
            <accessor source="#Colmesh_city_block5-1_006-mesh-positions-array" count="133" stride="3">
              <param name="X" type="float"/>
              <param name="Y" type="float"/>
              <param name="Z" type="float"/>
            </accessor>
          </technique_common>
        </source>
        <source id="Colmesh_city_block5-1_006-mesh-normals">
          <float_array id="Colmesh_city_block5-1_006-mesh-normals-array" count="399">-0.4203642 -0.8560724 -0.3007224 -0.3886837 -0.9213714 -2.05099e-5 0.06966388 -0.613803 0.7863797 -0.9367589 -0.05959916 0.3448632 -1 2.57582e-5 0 1.34834e-5 -1 0 -0.05965065 -0.9367532 0.34487 0.01967662 -0.9996903 0.01523518 -0.9991371 0.01057153 0.04016798 -0.8183543 -0.5240588 0.2359209 -0.81273 -0.09324902 -0.5751301 -0.9999935 1.41859e-4 0.003636717 -0.01461035 -0.9994928 0.02829748 -1 3.18245e-5 -4.62941e-5 -0.8077153 -0.09013873 -0.5826414 -0.1002442 -0.7999716 -0.591605 0.01430314 -0.9993582 0.03284299 -0.08741474 -0.8157469 -0.5717654 -0.8533142 -0.4266642 -0.2996878 -0.9999805 0.006251931 -1.59626e-5 -0.5200778 0.1094713 0.8470745 0.1141383 -0.5234718 0.8443635 -0.7071146 0.707099 6.44263e-5 0.7070794 -0.7071342 -4.75293e-5 -8.27081e-6 0 1 9.19004e-6 0 1 -0.7573179 -0.6226682 -0.196861 -0.6363849 -0.7413402 -0.2131411 0.1051631 -0.8328056 0.5434847 -0.8738448 0.04505139 0.4841132 -0.815992 -0.004936993 0.5780421 -0.4977229 0.466894 0.730946 -0.7837797 -0.04370296 0.6194995 -0.4134892 -0.8100345 0.4157775 -0.9992594 0.01473921 0.03554642 -3.59466e-5 -0.8171614 -0.576409 -0.8124045 -0.005799949 -0.5830655 0.01232367 -0.9990733 0.04123955 0.7925212 0.02588522 0.6092948 0.02521026 0.7925707 0.6092588 -0.792838 -0.02644264 0.6088587 -0.02575838 -0.7929202 0.6087808 -0.5608351 -0.8253837 -0.06485283 0.7929005 0.02506178 0.6088355 0.02530777 0.793039 0.608645 -0.7927842 -0.02590638 0.6089517 -0.02629226 -0.7928727 0.6088199 -0.817633 0.001668691 -0.5757375 -3.14779e-4 -0.8168545 -0.5768436 -0.05519974 -0.8022371 0.5944482 -0.08893632 0.5130993 0.8537093 0.513082 -0.08891069 0.8537223 -0.1889861 0.6488137 0.7371059 -1.36943e-7 0 1 1.01036e-5 0 1 0.1019201 0.8903797 0.4436624 -2.09876e-5 -0.816475 0.5773808 0.8903849 0.1019017 0.4436564 -0.02460545 -0.5355404 0.8441511 -0.004862964 0.8169162 0.576736 0.9636006 0.1400952 0.2277002 0.999827 0.01860183 0 0.00684303 0.9999766 0 0.1691673 -0.9522318 0.2542381 0.8542675 -0.4239764 -0.3007841 0.4287688 -0.8514347 -0.3020202 0.01214092 -0.9999264 1.44925e-4 0.9998028 0.01982015 0.001289486 0.854336 -0.4233593 -0.3014582 0.3886926 -0.9213676 1.12198e-5 0.9999262 0.01215285 -9.76384e-5 0.8824758 -0.02829194 0.4695064 0.04956465 -0.8815193 0.4695393 0.006236672 -0.8220297 -0.5694105 0.8108707 0.005914211 -0.5851954 0.4299709 -0.8513833 -0.3004525 0.0251978 -0.9996826 0 0.02001601 -0.9997991 -0.001142382 1 2.23117e-4 0 8.3116e-4 -0.9999997 0 -0.2099409 -0.9445131 0.2526261 0.932316 0.248937 0.2623305 0.8112322 0.00625503 -0.5846908 0.004958987 -0.8224967 -0.5687484 0.6914825 0.440409 0.5726184 0.8246862 0.009725451 0.5655072 0.02499431 -0.9996876 0 0.9997035 0.02434813 0 0.9995668 0.02943342 0 1 -6.25546e-5 0 -1.85864e-4 -1 0 -0.3124142 -0.9033704 0.2938015 0.895359 0.3350317 0.2934041 0.006638348 -0.8095677 0.586989 -0.395332 -0.6886615 0.6078305 -0.5975422 0.03787446 0.8009425 0.8164935 1.7898e-5 0.5773547 4.81726e-5 -0.8164994 0.5773465 6.75094e-5 -1 0 1 4.02454e-5 0 0.8165055 5.17016e-5 0.5773376 9.63875e-5 -0.8164957 0.5773515 6.72925e-5 -1 0 1 7.93701e-5 0 -0.4999973 -0.4999973 0.7071106 -0.7070832 -0.7071304 0 0.7071111 0.7071025 0 0.5000181 0.500012 0.7070856 -0.4999728 -0.5000568 0.7070858 -0.7070556 -0.707158 0 0.7070358 0.7071778 0 0.4999775 0.5000018 0.7071216 0.8165299 7.84311e-6 -0.5773031 0.816489 -6.44132e-5 0.5773612 -1.10562e-4 -0.8165163 0.5773224 -1.08013e-5 -0.8164845 -0.5773676 3.1232e-4 -0.8164516 -0.5774138 0.8165688 1.89483e-4 -0.5772482 0.8165385 1.62591e-4 0.577291 7.36205e-4 -0.8163381 0.5775739 0.4999714 0.4999687 -0.7071492 0.4999896 0.4999848 0.707125 -0.5000761 -0.4999231 0.7071074 -0.5000588 -0.4999752 -0.7070829 -0.4998859 -0.5001581 -0.7070756 0.4996974 0.5002037 -0.7071766 0.4998034 0.5001806 0.707118 -0.4998242 -0.5001451 0.7071285 0.8142879 0.2573266 0.5203061 -0.8164942 -1.89727e-5 0.5773538 -0.2655074 0.8333156 0.4848619 -0.108092 -0.8276569 0.5507269 -0.864251 0.1583099 0.477502</float_array>
          <technique_common>
            <accessor source="#Colmesh_city_block5-1_006-mesh-normals-array" count="133" stride="3">
              <param name="X" type="float"/>
              <param name="Y" type="float"/>
              <param name="Z" type="float"/>
            </accessor>
          </technique_common>
        </source>
        <source id="Colmesh_city_block5-1_006-mesh-colors-geom-Colmesh_city_block5-1-map0" name="geom-Colmesh_city_block5-1-map0">
          <float_array id="Colmesh_city_block5-1_006-mesh-colors-geom-Colmesh_city_block5-1-map0-array" count="2508">1 1 1 1 1 1 1 1 1 1 1 1 1 1 1 1 1 1 1 1 1 1 1 1 1 1 1 1 1 1 1 1 1 1 1 1 1 1 1 1 1 1 1 1 1 1 1 1 1 1 1 1 1 1 1 1 1 1 1 1 1 1 1 1 1 1 1 1 1 1 1 1 1 1 1 1 1 1 1 1 1 1 1 1 1 1 1 1 1 1 1 1 1 1 1 1 1 1 1 1 1 1 1 1 1 1 1 1 1 1 1 1 1 1 1 1 1 1 1 1 1 1 1 1 1 1 1 1 1 1 1 1 1 1 1 1 1 1 1 1 1 1 1 1 1 1 1 1 1 1 1 1 1 1 1 1 1 1 1 1 1 1 1 1 1 1 1 1 1 1 1 1 1 1 1 1 1 1 1 1 1 1 1 1 1 1 1 1 1 1 1 1 1 1 1 1 1 1 1 1 1 1 1 1 1 1 1 1 1 1 1 1 1 1 1 1 1 1 1 1 1 1 1 1 1 1 1 1 1 1 1 1 1 1 1 1 1 1 1 1 1 1 1 1 1 1 1 1 1 1 1 1 1 1 1 1 1 1 1 1 1 1 1 1 1 1 1 1 1 1 1 1 1 1 1 1 1 1 1 1 1 1 1 1 1 1 1 1 1 1 1 1 1 1 1 1 1 1 1 1 1 1 1 1 1 1 1 1 1 1 1 1 1 1 1 1 1 1 1 1 1 1 1 1 1 1 1 1 1 1 1 1 1 1 1 1 1 1 1 1 1 1 1 1 1 1 1 1 1 1 1 1 1 1 1 1 1 1 1 1 1 1 1 1 1 1 1 1 1 1 1 1 1 1 1 1 1 1 1 1 1 1 1 1 1 1 1 1 1 1 1 1 1 1 1 1 1 1 1 1 1 1 1 1 1 1 1 1 1 1 1 1 1 1 1 1 1 1 1 1 1 1 1 1 1 1 1 1 1 1 1 1 1 1 1 1 1 1 1 1 1 1 1 1 1 1 1 1 1 1 1 1 1 1 1 1 1 1 1 1 1 1 1 1 1 1 1 1 1 1 1 1 1 1 1 1 1 1 1 1 1 1 1 1 1 1 1 1 1 1 1 1 1 1 1 1 1 1 1 1 1 1 1 1 1 1 1 1 1 1 1 1 1 1 1 1 1 1 1 1 1 1 1 1 1 1 1 1 1 1 1 1 1 1 1 1 1 1 1 1 1 1 1 1 1 1 1 1 1 1 1 1 1 1 1 1 1 1 1 1 1 1 1 1 1 1 1 1 1 1 1 1 1 1 1 1 1 1 1 1 1 1 1 1 1 1 1 1 1 1 1 1 1 1 1 1 1 1 1 1 1 1 1 1 1 1 1 1 1 1 1 1 1 1 1 1 1 1 1 1 1 1 1 1 1 1 1 1 1 1 1 1 1 1 1 1 1 1 1 1 1 1 1 1 1 1 1 1 1 1 1 1 1 1 1 1 1 1 1 1 1 1 1 1 1 1 1 1 1 1 1 1 1 1 1 1 1 1 1 1 1 1 1 1 1 1 1 1 1 1 1 1 1 1 1 1 1 1 1 1 1 1 1 1 1 1 1 1 1 1 1 1 1 1 1 1 1 1 1 1 1 1 1 1 1 1 1 1 1 1 1 1 1 1 1 1 1 1 1 1 1 1 1 1 1 1 1 1 1 1 1 1 1 1 1 1 1 1 1 1 1 1 1 1 1 1 1 1 1 1 1 1 1 1 1 1 1 1 1 1 1 1 1 1 1 1 1 1 1 1 1 1 1 1 1 1 1 1 1 1 1 1 1 1 1 1 1 1 1 1 1 1 1 1 1 1 1 1 1 1 1 1 1 1 1 1 1 1 1 1 1 1 1 1 1 1 1 1 1 1 1 1 1 1 1 1 1 1 1 1 1 1 1 1 1 1 1 1 1 1 1 1 1 1 1 1 1 1 1 1 1 1 1 1 1 1 1 1 1 1 1 1 1 1 1 1 1 1 1 1 1 1 1 1 1 1 1 1 1 1 1 1 1 1 1 1 1 1 1 1 1 1 1 1 1 1 1 1 1 1 1 1 1 1 1 1 1 1 1 1 1 1 1 1 1 1 1 1 1 1 1 1 1 1 1 1 1 1 1 1 1 1 1 1 1 1 1 1 1 1 1 1 1 1 1 1 1 1 1 1 1 1 1 1 1 1 1 1 1 1 1 1 1 1 1 1 1 1 1 1 1 1 1 1 1 1 1 1 1 1 1 1 1 1 1 1 1 1 1 1 1 1 1 1 1 1 1 1 1 1 1 1 1 1 1 1 1 1 1 1 1 1 1 1 1 1 1 1 1 1 1 1 1 1 1 1 1 1 1 1 1 1 1 1 1 1 1 1 1 1 1 1 1 1 1 1 1 1 1 1 1 1 1 1 1 1 1 1 1 1 1 1 1 1 1 1 1 1 1 1 1 1 1 1 1 1 1 1 1 1 1 1 1 1 1 1 1 1 1 1 1 1 1 1 1 1 1 1 1 1 1 1 1 1 1 1 1 1 1 1 1 1 1 1 1 1 1 1 1 1 1 1 1 1 1 1 1 1 1 1 1 1 1 1 1 1 1 1 1 1 1 1 1 1 1 1 1 1 1 1 1 1 1 1 1 1 1 1 1 1 1 1 1 1 1 1 1 1 1 1 1 1 1 1 1 1 1 1 1 1 1 1 1 1 1 1 1 1 1 1 1 1 1 1 1 1 1 1 1 1 1 1 1 1 1 1 1 1 1 1 1 1 1 1 1 1 1 1 1 1 1 1 1 1 1 1 1 1 1 1 1 1 1 1 1 1 1 1 1 1 1 1 1 1 1 1 1 1 1 1 1 1 1 1 1 1 1 1 1 1 1 1 1 1 1 1 1 1 1 1 1 1 1 1 1 1 1 1 1 1 1 1 1 1 1 1 1 1 1 1 1 1 1 1 1 1 1 1 1 1 1 1 1 1 1 1 1 1 1 1 1 1 1 1 1 1 1 1 1 1 1 1 1 1 1 1 1 1 1 1 1 1 1 1 1 1 1 1 1 1 1 1 1 1 1 1 1 1 1 1 1 1 1 1 1 1 1 1 1 1 1 1 1 1 1 1 1 1 1 1 1 1 1 1 1 1 1 1 1 1 1 1 1 1 1 1 1 1 1 1 1 1 1 1 1 1 1 1 1 1 1 1 1 1 1 1 1 1 1 1 1 1 1 1 1 1 1 1 1 1 1 1 1 1 1 1 1 1 1 1 1 1 1 1 1 1 1 1 1 1 1 1 1 1 1 1 1 1 1 1 1 1 1 1 1 1 1 1 1 1 1 1 1 1 1 1 1 1 1 1 1 1 1 1 1 1 1 1 1 1 1 1 1 1 1 1 1 1 1 1 1 1 1 1 1 1 1 1 1 1 1 1 1 1 1 1 1 1 1 1 1 1 1 1 1 1 1 1 1 1 1 1 1 1 1 1 1 1 1 1 1 1 1 1 1 1 1 1 1 1 1 1 1 1 1 1 1 1 1 1 1 1 1 1 1 1 1 1 1 1 1 1 1 1 1 1 1 1 1 1 1 1 1 1 1 1 1 1 1 1 1 1 1 1 1 1 1 1 1 1 1 1 1 1 1 1 1 1 1 1 1 1 1 1 1 1 1 1 1 1 1 1 1 1 1 1 1 1 1 1 1 1 1 1 1 1 1 1 1 1 1 1 1 1 1 1 1 1 1 1 1 1 1 1 1 1 1 1 1 1 1 1 1 1 1 1 1 1 1 1 1 1 1 1 1 1 1 1 1 1 1 1 1 1 1 1 1 1 1 1 1 1 1 1 1 1 1 1 1 1 1 1 1 1 1 1 1 1 1 1 1 1 1 1 1 1 1 1 1 1 1 1 1 1 1 1 1 1 1 1 1 1 1 1 1 1 1 1 1 1 1 1 1 1 1 1 1 1 1 1 1 1 1 1 1 1 1 1 1 1 1 1 1 1 1 1 1 1 1 1 1 1 1 1 1 1 1 1 1 1 1 1 1 1 1 1 1 1 1 1 1 1 1 1 1 1 1 1 1 1 1 1 1 1 1 1 1 1 1 1 1 1 1 1 1 1 1 1 1 1 1 1 1 1 1 1 1 1 1 1 1 1 1 1 1 1 1 1 1 1 1 1 1 1 1 1 1 1 1 1 1 1 1 1 1 1 1 1 1 1 1 1 1 1 1 1 1 1 1 1 1 1 1 1 1 1 1 1 1 1 1 1 1 1 1 1 1 1 1 1 1 1 1 1 1 1 1 1 1 1 1 1 1 1 1 1 1 1 1 1 1 1 1 1 1 1 1 1 1 1 1 1 1 1 1 1 1 1 1 1 1 1 1 1 1 1 1 1 1 1 1 1 1 1 1 1 1 1 1 1 1 1 1 1 1 1 1 1 1 1 1 1 1 1 1 1 1 1 1 1 1 1 1 1 1 1 1 1 1 1 1 1 1 1 1 1 1 1 1 1 1 1 1 1 1 1 1 1 1 1 1 1 1 1 1 1 1 1 1 1 1 1 1 1 1 1 1 1 1 1 1 1 1 1 1 1 1 1 1 1 1 1 1 1 1 1 1 1 1 1 1 1 1 1 1 1 1 1 1 1 1 1 1 1 1 1 1 1 1 1 1 1 1 1 1 1 1 1 1 1 1 1 1 1 1 1 1 1 1 1 1 1 1 1 1 1 1 1 1 1 1 1 1 1 1 1 1 1 1 1 1 1 1 1 1 1 1 1 1 1 1 1 1 1 1 1 1 1 1 1 1 1 1 1 1 1 1 1 1 1 1 1 1 1 1 1 1 1 1 1 1 1 1 1 1 1 1 1 1 1 1 1 1 1 1 1 1 1 1 1 1 1 1 1 1 1 1 1 1 1 1 1 1 1 1 1 1 1 1 1 1 1 1 1 1 1 1 1 1 1 1 1 1 1 1 1 1 1 1 1 1 1 1 1 1 1 1 1 1 1 1 1 1 1 1 1 1 1 1 1 1 1 1 1 1 1 1 1 1 1 1 1 1 1 1 1 1 1 1 1 1 1 1 1 1 1 1 1 1 1 1 1 1 1 1 1 1 1 1 1 1 1 1 1 1 1 1 1 1 1 1 1 1 1 1 1 1 1 1 1 1 1 1 1 1 1 1 1 1 1 1 1 1 1 1 1 1 1 1 1 1 1 1 1 1 1 1 1 1 1 1 1 1 1 1 1 1 1 1 1 1 1 1 1 1 1 1 1 1 1 1 1 1 1 1 1 1 1 1 1 1 1 1 1 1 1 1 1 1 1 1 1 1 1 1 1 1 1 1 1 1 1 1 1 1 1 1 1 1 1 1 1 1 1 1 1 1 1 1 1 1 1 1 1 1 1 1 1 1 1 1 1 1 1 1 1 1 1 1 1 1 1 1 1 1 1 1 1 1 1 1 1 1 1 1 1 1 1 1 1 1 1 1 1 1 1 1 1 1 1 1 1 1 1 1 1 1 1 1 1 1 1 1 1 1 1 1 1 1 1 1 1 1 1 1 1 1 1 1 1 1 1 1 1 1 1 1 1 1 1 1 1 1 1 1 1 1 1 1 1 1 1 1 1 1 1 1 1 1 1 1 1 1 1 1 1 1 1</float_array>
          <technique_common>
            <accessor source="#Colmesh_city_block5-1_006-mesh-colors-geom-Colmesh_city_block5-1-map0-array" count="627" stride="4">
              <param name="R" type="float"/>
              <param name="G" type="float"/>
              <param name="B" type="float"/>
              <param name="A" type="float"/>
            </accessor>
          </technique_common>
        </source>
        <vertices id="Colmesh_city_block5-1_006-mesh-vertices">
          <input semantic="POSITION" source="#Colmesh_city_block5-1_006-mesh-positions"/>
        </vertices>
        <triangles material="brick_painted-material" count="209">
          <input semantic="VERTEX" source="#Colmesh_city_block5-1_006-mesh-vertices" offset="0"/>
          <input semantic="NORMAL" source="#Colmesh_city_block5-1_006-mesh-normals" offset="1"/>
          <input semantic="COLOR" source="#Colmesh_city_block5-1_006-mesh-colors-geom-Colmesh_city_block5-1-map0" offset="2" set="0"/>
          <p>25 0 0 43 1 1 123 2 2 2 3 3 3 4 4 4 5 5 4 5 6 5 6 7 2 3 8 37 7 9 38 8 10 29 9 11 36 10 12 6 11 13 43 1 14 43 1 15 25 0 16 36 10 17 12 12 18 13 13 19 14 14 20 14 14 21 15 15 22 12 12 23 8 16 24 11 17 25 27 18 26 27 18 27 10 19 28 8 16 29 36 10 30 11 17 31 15 15 32 15 15 33 14 14 34 36 10 35 17 20 36 2 3 37 5 6 38 5 6 39 16 21 40 17 20 41 18 22 42 3 4 43 2 3 44 2 3 45 17 20 46 18 22 47 19 23 48 16 21 49 5 6 50 5 6 51 4 5 52 19 23 53 17 20 54 16 21 55 20 24 56 20 24 57 21 25 58 17 20 59 22 26 60 23 27 61 24 28 62 24 28 63 30 29 64 22 26 65 124 30 66 10 19 67 27 18 68 27 18 69 26 31 70 124 30 71 36 10 72 23 27 73 22 26 74 22 26 75 11 17 76 36 10 77 121 32 78 28 33 79 35 34 80 36 10 81 25 0 82 33 35 83 33 35 84 32 36 85 36 10 86 25 0 87 123 2 88 34 37 89 34 37 90 33 35 91 25 0 92 44 38 93 45 39 94 46 40 95 46 40 96 47 41 97 44 38 98 36 10 99 31 42 100 23 27 101 28 33 102 34 37 103 35 34 104 31 42 105 36 10 106 32 36 107 31 42 108 24 28 109 23 27 110 31 42 111 28 33 112 24 28 113 48 43 114 49 44 115 50 45 116 50 45 117 51 46 118 48 43 119 26 31 120 27 18 121 39 47 122 39 47 123 38 8 124 26 31 125 27 18 126 11 17 127 40 48 128 40 48 129 39 47 130 27 18 131 11 17 132 29 9 133 40 48 134 29 9 135 122 49 136 37 7 137 9 50 138 7 51 139 56 52 140 56 52 141 41 53 142 9 50 143 125 54 144 9 50 145 41 53 146 128 55 147 1 56 148 127 57 149 7 51 150 0 58 151 56 52 152 118 59 153 119 60 154 52 61 155 52 61 156 42 62 157 118 59 158 118 59 159 42 62 160 10 19 161 10 19 162 124 30 163 118 59 164 40 48 165 29 9 166 38 8 167 38 8 168 39 47 169 40 48 170 122 49 171 29 9 172 28 33 173 28 33 174 121 32 175 122 49 176 6 11 177 36 10 178 14 14 179 14 14 180 13 13 181 6 11 182 11 17 183 8 16 184 12 12 185 12 12 186 15 15 187 11 17 188 29 9 189 11 17 190 22 26 191 22 26 192 30 29 193 29 9 194 28 33 195 29 9 196 30 29 197 30 29 198 24 28 199 28 33 200 31 42 201 32 36 202 33 35 203 28 33 204 31 42 205 33 35 206 28 33 207 33 35 208 34 37 209 123 2 210 121 32 211 45 39 212 45 39 213 44 38 214 123 2 215 121 32 216 35 34 217 46 40 218 46 40 219 45 39 220 121 32 221 35 34 222 34 37 223 47 41 224 47 41 225 46 40 226 35 34 227 34 37 228 123 2 229 44 38 230 44 38 231 47 41 232 34 37 233 122 49 234 26 31 235 49 44 236 49 44 237 48 43 238 122 49 239 26 31 240 38 8 241 50 45 242 50 45 243 49 44 244 26 31 245 38 8 246 37 7 247 51 46 248 51 46 249 50 45 250 38 8 251 37 7 252 122 49 253 48 43 254 48 43 255 51 46 256 37 7 257 120 63 258 54 64 259 55 65 260 73 66 261 82 67 262 58 68 263 58 68 264 55 65 265 73 66 266 67 69 267 74 70 268 54 64 269 54 64 270 120 63 271 67 69 272 66 71 273 65 72 274 61 73 275 61 73 276 62 74 277 66 71 278 119 60 279 58 68 280 57 75 281 80 76 282 52 61 283 81 77 284 79 78 285 76 79 286 77 80 287 77 80 288 78 81 289 79 78 290 119 60 291 120 63 292 55 65 293 55 65 294 58 68 295 119 60 296 57 75 297 58 68 298 60 82 299 60 82 300 59 83 301 57 75 302 58 68 303 84 84 304 64 85 305 64 85 306 60 82 307 58 68 308 55 65 309 54 64 310 62 74 311 62 74 312 61 73 313 55 65 314 72 86 315 83 87 316 82 67 317 82 67 318 73 66 319 72 86 320 67 69 321 75 88 322 74 70 323 68 89 324 69 90 325 70 91 326 70 91 327 71 92 328 68 89 329 119 60 330 57 75 331 81 77 332 81 77 333 52 61 334 119 60 335 59 83 336 60 82 337 64 85 338 64 85 339 63 93 340 59 83 341 81 77 342 85 94 343 77 80 344 65 72 345 66 71 346 71 92 347 71 92 348 70 91 349 65 72 350 69 90 351 72 86 352 73 66 353 73 66 354 70 91 355 69 90 356 71 92 357 74 70 358 75 88 359 75 88 360 68 89 361 71 92 362 74 70 363 66 71 364 62 74 365 62 74 366 54 64 367 74 70 368 61 73 369 65 72 370 73 66 371 73 66 372 55 65 373 61 73 374 63 93 375 64 85 376 84 84 377 84 84 378 85 94 379 63 93 380 76 79 381 80 76 382 81 77 383 81 77 384 77 80 385 76 79 386 78 81 387 82 67 388 83 87 389 83 87 390 79 78 391 78 81 392 78 81 393 77 80 394 85 94 395 85 94 396 84 84 397 78 81 398 74 70 399 71 92 400 66 71 401 65 72 402 70 91 403 73 66 404 59 83 405 63 93 406 85 94 407 85 94 408 57 75 409 59 83 410 58 68 411 82 67 412 84 84 413 82 67 414 78 81 415 84 84 416 81 77 417 57 75 418 85 94 419 120 63 420 123 2 421 43 1 422 43 1 423 67 69 424 120 63 425 0 58 426 53 95 427 56 52 428 87 96 429 88 97 430 86 98 431 86 98 432 101 99 433 87 96 434 91 100 435 92 101 436 90 102 437 90 102 438 89 103 439 91 100 440 88 97 441 96 104 442 94 105 443 94 105 444 86 98 445 88 97 446 87 96 447 101 99 448 93 106 449 93 106 450 95 107 451 87 96 452 88 97 453 87 96 454 95 107 455 95 107 456 96 104 457 88 97 458 92 101 459 100 108 460 98 109 461 98 109 462 90 102 463 92 101 464 91 100 465 89 103 466 97 110 467 97 110 468 99 111 469 91 100 470 92 101 471 91 100 472 99 111 473 99 111 474 100 108 475 92 101 476 102 112 477 103 113 478 104 114 479 104 114 480 105 115 481 102 112 482 106 116 483 107 117 484 108 118 485 108 118 486 109 119 487 106 116 488 103 113 489 102 112 490 110 120 491 110 120 492 111 121 493 103 113 494 104 114 495 103 113 496 111 121 497 111 121 498 112 122 499 104 114 500 105 115 501 104 114 502 112 122 503 112 122 504 113 123 505 105 115 506 102 112 507 105 115 508 113 123 509 113 123 510 110 120 511 102 112 512 107 117 513 106 116 514 114 124 515 114 124 516 115 125 517 107 117 518 108 118 519 107 117 520 115 125 521 115 125 522 116 126 523 108 118 524 109 119 525 108 118 526 116 126 527 116 126 528 117 127 529 109 119 530 106 116 531 109 119 532 117 127 533 117 127 534 114 124 535 106 116 536 41 53 537 119 60 538 118 59 539 56 52 540 130 128 541 119 60 542 7 51 543 128 55 544 127 57 545 53 95 546 123 2 547 120 63 548 41 53 549 124 30 550 125 54 551 9 50 552 26 31 553 122 49 554 125 54 555 124 30 556 26 31 557 0 58 558 121 32 559 123 2 560 121 32 561 126 129 562 122 49 563 7 51 564 1 56 565 121 32 566 9 50 567 126 129 568 128 55 569 132 130 570 129 131 571 130 128 572 119 60 573 129 131 574 120 63 575 56 52 576 131 132 577 132 130 578 53 95 579 129 131 580 131 132 581 128 55 582 126 129 583 1 56 584 41 53 585 56 52 586 119 60 587 56 52 588 132 130 589 130 128 590 7 51 591 9 50 592 128 55 593 53 95 594 0 58 595 123 2 596 41 53 597 118 59 598 124 30 599 9 50 600 125 54 601 26 31 602 0 58 603 7 51 604 121 32 605 121 32 606 1 56 607 126 129 608 7 51 609 127 57 610 1 56 611 9 50 612 122 49 613 126 129 614 132 130 615 131 132 616 129 131 617 119 60 618 130 128 619 129 131 620 56 52 621 53 95 622 131 132 623 53 95 624 120 63 625 129 131 626</p>
        </triangles>
      </mesh>
    </geometry>
    <geometry id="Plane_025-mesh" name="Plane.025">
      <mesh>
        <source id="Plane_025-mesh-positions">
          <float_array id="Plane_025-mesh-positions-array" count="4590">-708.4706 132.606 118.5093 -707.4099 131.5453 118.5093 -706.3493 132.606 118.5093 -708.4706 132.606 119.5093 -707.4099 131.5453 119.5093 -706.3493 132.606 119.5093 -708.4706 132.606 123.0093 -707.4099 131.5453 123.0093 -706.3493 132.606 123.0093 -708.4706 132.606 127.0093 -707.4099 131.5453 127.0093 -706.3493 132.606 127.0093 -708.2826 132.4181 118.5093 -707.5979 131.7333 118.5093 -708.2826 132.4181 119.5093 -707.5979 131.7333 119.5093 -708.2826 132.4181 123.0093 -707.5979 131.7333 123.0093 -708.2826 132.4181 127.0093 -707.5979 131.7333 127.0093 -708.4241 132.2766 118.5093 -707.7393 131.5919 118.5093 -708.4241 132.2766 119.5093 -707.7393 131.5919 119.5093 -708.4241 132.2766 123.0093 -707.7393 131.5919 123.0093 -708.4241 132.2766 127.0093 -707.7393 131.5919 127.0093 -706.5372 132.4181 118.5093 -707.2219 131.7333 118.5093 -706.5372 132.4181 119.5093 -707.2219 131.7333 119.5093 -706.5372 132.4181 123.0093 -707.2219 131.7333 123.0093 -706.5372 132.4181 129.4436 -707.2219 131.7333 129.4436 -706.3958 132.2766 118.5093 -707.0805 131.5919 118.5093 -706.3958 132.2766 119.5093 -707.0805 131.5919 119.5093 -706.3958 132.2766 123.0093 -707.0805 131.5919 123.0093 -706.3958 132.2766 129.4436 -707.0805 131.5919 129.4436 -701.5763 137.379 123.0093 -701.5763 137.379 127.0093 -696.8034 144.2733 117.7369 -695.7427 143.2126 117.7369 -694.682 144.2733 117.7369 -696.8034 144.2733 118.7369 -694.682 144.2733 118.7369 -695.7427 145.3339 123.0093 -696.8034 144.2733 123.0093 -694.682 144.2733 123.0093 -695.7427 145.3339 127.0093 -696.8034 144.2733 127.0093 -694.682 144.2733 127.0093 -694.8699 144.0853 117.7369 -695.5547 143.4006 117.7369 -694.8699 144.0853 118.7369 -695.5547 143.4006 118.7369 -694.8699 144.0853 123.0093 -695.5547 143.4006 123.0093 -694.8699 144.0853 129.4436 -695.5547 143.4006 129.4436 -694.7285 143.9439 117.7369 -695.4132 143.2591 117.7369 -694.7285 143.9439 118.7369 -695.4132 143.2591 118.7369 -694.7285 143.9439 123.0093 -695.4132 143.2591 123.0093 -694.7285 143.9439 129.4436 -695.4132 143.2591 129.4436 -714.1275 138.2628 118.5093 -713.0668 137.2022 118.5093 -713.0668 139.3235 118.5093 -712.0061 138.2629 118.5093 -713.0668 139.3235 119.5093 -714.1275 138.2628 119.5093 -713.0668 137.2022 119.5093 -712.0061 138.2629 119.5093 -713.0668 139.3235 123.0093 -714.1275 138.2628 123.0093 -713.0668 137.2022 123.0093 -712.0061 138.2629 123.0093 -713.0668 137.2022 127.0093 -712.0061 138.2629 127.0093 -713.9395 138.0749 118.5093 -713.2548 137.3902 118.5093 -713.9395 138.0749 119.5093 -713.2548 137.3902 119.5093 -713.9395 138.0749 123.0093 -713.2548 137.3902 123.0093 -713.9395 138.0749 127.0093 -713.2548 137.3902 127.0093 -714.0809 137.9335 118.5093 -713.3961 137.2487 118.5093 -714.0809 137.9335 119.5093 -713.3961 137.2487 119.5093 -714.0809 137.9335 123.0093 -713.3961 137.2487 123.0093 -714.0809 137.9335 127.0093 -713.3961 137.2487 127.0093 -708.1538 132.9228 123.0093 -712.75 137.519 123.0093 -708.1538 132.9228 119.1591 -712.75 137.519 119.1591 -708.5151 132.5615 119.1591 -713.1113 137.1577 119.1591 -708.5151 132.5615 118.8422 -713.1113 137.1577 118.8422 -708.8036 132.273 118.8422 -713.3998 136.8692 118.8422 -708.8036 132.273 118.3573 -713.3998 136.8692 118.3573 -712.75 137.519 121.5657 -708.1538 132.9228 121.5657 -709.6165 134.3855 123.0093 -708.5899 133.3588 123.0093 -708.5899 133.3588 119.1591 -709.6165 134.3855 119.1591 -709.6165 134.3855 121.5657 -708.5899 133.3588 121.5657 -708.4706 132.606 123.0492 -708.4706 132.606 122.5945 -713.0681 137.2037 122.5945 -709.0811 132.6082 123.0492 -708.9856 132.5456 123.0492 -708.8646 132.5147 123.0492 -708.7508 132.5238 122.5945 -709.0811 132.6082 122.5945 -708.8646 132.5147 122.5945 -708.9856 132.5456 122.5945 -713.0659 136.5931 123.0492 -713.1286 136.6887 123.0492 -713.0659 136.5931 122.5945 -713.1503 136.9234 122.5945 -713.1594 136.8096 122.5945 -713.0681 137.2037 123.0492 -708.7508 132.5238 123.0492 -713.1503 136.9234 123.0492 -713.1594 136.8096 123.0492 -713.1286 136.6887 122.5945 -708.696 132.7034 122.5419 -708.696 132.7034 122.0541 -712.9707 136.9782 122.5419 -712.9707 136.9782 122.0541 -708.312 133.0875 122.5419 -708.312 133.0875 122.0541 -712.5867 137.3622 122.0541 -712.5867 137.3622 122.5419 -701.5763 137.379 118.1013 -701.8834 139.8074 118.1013 -700.5156 138.4397 123.0093 -700.5156 138.4397 127.0093 -700.7036 138.2517 118.1013 -701.3883 137.567 118.1013 -700.7036 138.2517 119.1013 -701.3883 137.567 119.1013 -700.7036 138.2517 123.0093 -701.3883 137.567 123.0093 -700.7036 138.2517 129.4436 -701.3883 137.567 129.4436 -700.5621 138.1103 118.1013 -701.2468 137.4255 118.1013 -700.5621 138.1103 119.1013 -701.2468 137.4255 119.1013 -700.5621 138.1103 123.0093 -701.2468 137.4255 123.0093 -700.5621 138.1103 129.4436 -701.2468 137.4255 129.4436 -695.7427 143.2126 123.0093 -695.7427 143.2126 127.0093 -703.9982 134.8864 123.0093 -703.9982 134.8864 118.4394 -703.8567 135.0279 123.0093 -703.8567 135.0279 118.4394 -704.1924 135.0807 123.0093 -704.1924 135.0807 118.4394 -704.051 135.2221 123.0093 -704.051 135.2221 118.4394 -706.3493 132.606 123.0492 -706.3493 132.606 122.5945 -705.7387 132.6081 123.0492 -705.9551 132.5147 123.0492 -706.069 132.5238 122.5945 -705.7387 132.6081 122.5945 -705.8342 132.5455 122.5945 -701.3978 136.9491 123.0492 -701.3978 136.9491 122.5945 -701.3135 137.2794 122.5945 -701.3352 137.0447 122.5945 -701.3043 137.1656 122.5945 -701.3956 137.5597 123.0492 -701.3956 137.5597 122.5945 -706.069 132.5238 123.0492 -705.8342 132.5455 123.0492 -705.9551 132.5147 122.5945 -701.3135 137.2794 123.0492 -701.3043 137.1656 123.0492 -701.3352 137.0447 123.0492 -705.9393 132.519 122.5419 -705.9393 132.519 122.0541 -701.4849 136.9736 122.5419 -701.4849 136.9736 122.0541 -706.5078 133.0874 122.5419 -706.5078 133.0874 122.0541 -702.0534 137.542 122.0541 -702.0534 137.542 122.5419 -695.7413 143.214 123.0492 -700.3192 138.1505 123.0492 -700.1028 138.244 122.5945 -695.6591 142.9338 123.0492 -695.7435 142.6035 123.0492 -695.65 142.82 123.0492 -695.6809 142.699 123.0492 -695.6591 142.9338 122.5945 -695.65 142.82 122.5945 -700.7134 138.2419 123.0492 -700.7134 138.2419 122.5945 -695.7413 143.214 122.5945 -700.1028 138.244 123.0492 -700.4331 138.1597 123.0492 -700.1984 138.1814 123.0492 -700.4331 138.1597 122.5945 -700.3192 138.1505 122.5945 -700.1984 138.1814 122.5945 -695.7435 142.6035 122.5945 -695.6809 142.699 122.5945 -700.0888 138.3696 122.5419 -700.0888 138.3696 122.0541 -695.6543 142.8042 122.5419 -695.6543 142.8042 122.0541 -700.6572 138.9381 122.5419 -700.6572 138.9381 122.0541 -696.2228 143.3726 122.0541 -696.2228 143.3726 122.5419 -698.1645 140.7201 123.0093 -698.1645 140.7201 117.9727 -698.0231 140.8615 123.0093 -698.0231 140.8615 117.9727 -698.3588 140.9143 123.0093 -698.3588 140.9143 117.9727 -698.2173 141.0558 123.0093 -698.2173 141.0558 117.9727 -705.1119 133.8433 118.1013 -705.1119 133.8433 119.1013 -701.5763 137.379 119.1013 -705.7003 134.4316 118.1013 -705.7003 134.4316 119.1013 -702.1646 137.9673 119.1013 -701.5881 137.2965 123.0036 -701.5881 137.2965 118.1482 -701.4467 137.4379 123.0036 -701.4467 137.4379 118.1482 -701.7824 137.4907 123.0036 -701.7824 137.4907 118.1482 -701.641 137.6321 123.0093 -701.641 137.6321 118.4394 -706.3451 132.5394 123.0036 -706.3451 132.5394 118.1482 -706.2036 132.6808 118.1482 -706.5394 132.7336 123.0036 -706.5394 132.7336 118.1482 -706.2036 132.6808 123.0036 -706.398 132.8751 123.0036 -706.398 132.8751 118.1482 -714.1275 138.2628 127.0093 -707.4099 131.5453 128.5093 -714.1275 138.2628 128.5093 -700.8794 138.0758 127.0093 -700.8794 138.0758 128.5093 -701.7024 137.4107 123.0036 -701.7024 137.4107 120.599 -703.9699 135.1431 123.0036 -703.9699 135.1431 120.599 -706.0433 132.8612 125.9353 -706.0433 132.8612 126.7703 -704.5733 134.3313 125.9353 -704.5733 134.3313 126.7703 -706.0837 132.9017 125.9353 -706.0837 132.9017 126.7703 -704.6137 134.3717 125.9353 -704.6137 134.3717 126.7703 -703.2857 135.619 125.9353 -703.2857 135.619 126.7703 -701.8156 137.089 125.9353 -701.8156 137.089 126.7703 -703.3261 135.6593 125.9353 -703.3261 135.6593 126.7703 -701.856 137.1294 125.9353 -701.856 137.1294 126.7703 -704.1454 135.0673 119.1013 -701.6967 137.516 119.1013 -704.1454 135.0673 122.0747 -701.6967 137.516 122.0747 -705.2456 133.9671 119.1013 -705.2456 133.9671 122.0747 -705.4957 134.2171 119.1013 -706.5302 132.7566 118.8212 -705.2827 134.0041 118.8212 -705.4957 134.2171 118.8212 -705.4957 134.2171 122.0747 -706.7433 132.9696 118.8212 -706.7433 132.9696 122.0747 -706.5302 132.7566 118.6412 -705.2827 134.0041 118.6412 -706.3534 132.5798 118.6412 -705.1058 133.8274 118.6412 -706.3534 132.5798 118.4612 -705.1058 133.8274 118.4612 -699.2817 139.6737 117.7253 -699.2817 139.6737 118.7253 -695.7427 143.2127 118.7253 -700.0576 140.4495 118.7253 -696.3311 143.801 118.7253 -700.0576 140.4495 117.7253 -695.866 143.2472 123.0036 -695.866 143.2472 119.6637 -698.1336 140.9796 123.0036 -698.1336 140.9796 119.6637 -699.4092 139.8035 118.7253 -698.309 140.9037 118.7253 -701.2376 139.1367 118.8212 -699.99 140.3843 118.8212 -700.6483 141.0425 118.8212 -701.8958 139.795 122.0747 -701.2376 139.1367 118.6412 -699.99 140.3843 118.6412 -701.0608 138.96 118.6412 -699.8132 140.2075 118.6412 -701.0608 138.96 118.4612 -699.8132 140.2075 118.4612 -695.8604 143.3524 118.7253 -698.309 140.9037 122.0747 -695.8604 143.3524 122.0747 -699.4092 139.8035 122.0747 -700.6483 141.0425 118.7253 -700.6483 141.0425 122.0747 -700.884 138.7832 118.4612 -699.6364 140.0308 118.4612 -700.884 138.7832 118.2812 -699.6364 140.0308 118.2812 -700.7072 138.6064 118.2812 -699.4597 139.854 118.2812 -700.7072 138.6064 118.1012 -699.4597 139.854 118.1012 -700.5304 138.4297 118.1012 -699.2828 139.6772 118.1012 -700.5304 138.4297 117.9212 -699.2828 139.6772 117.9212 -708.4988 132.1819 125.7462 -708.3467 132.0298 125.7462 -708.4988 132.1819 129.4436 -708.3467 132.0298 129.4436 -707.9857 131.6689 125.7462 -707.8337 131.5168 125.7462 -707.9857 131.6689 129.4436 -707.8337 131.5168 129.4436 -708.3254 132.0085 125.7462 -708.1733 131.8564 125.7462 -708.3254 132.0085 130.0741 -708.1733 131.8564 130.0741 -708.1546 131.8377 125.7462 -708.0025 131.6856 125.7462 -708.1546 131.8377 130.0741 -708.0025 131.6856 130.0741 -707.8977 132.4788 125.7462 -708.0498 132.6309 129.4436 -707.8977 132.4788 129.4436 -707.5368 132.1179 129.4436 -707.3847 131.9658 129.4436 -707.8764 132.4575 125.7462 -707.8764 132.4575 130.0741 -707.7243 132.3054 130.0741 -707.7056 132.2867 125.7462 -707.5535 132.1346 125.7462 -707.7056 132.2867 130.0741 -707.5535 132.1346 130.0741 -714.0108 137.6941 125.7462 -714.1628 137.8461 129.4436 -714.0108 137.6941 129.4436 -713.6499 137.3331 125.7462 -713.4978 137.181 125.7462 -713.6499 137.3331 129.4436 -713.4978 137.181 129.4436 -713.9894 137.6728 125.7462 -713.8374 137.5207 125.7462 -713.9894 137.6728 130.0741 -713.8374 137.5207 130.0741 -713.8186 137.5019 125.7462 -713.6665 137.3498 125.7462 -713.8186 137.5019 130.0741 -713.6665 137.3498 130.0741 -713.7138 138.2951 125.7462 -713.7138 138.2951 129.4436 -713.5618 138.143 129.4436 -713.2008 137.7821 125.7462 -713.2008 137.7821 129.4436 -713.0487 137.63 129.4436 -713.5404 138.1217 125.7462 -713.3884 137.9697 125.7462 -713.5404 138.1217 130.0741 -713.3884 137.9697 130.0741 -713.3696 137.9509 125.7462 -713.3696 137.9509 130.0741 -713.2175 137.7988 130.0741 -714.1628 137.8461 125.7462 -706.9447 131.4967 123.4514 -700.6155 137.826 123.4514 -706.9447 131.4967 125.7462 -700.6155 137.826 125.7462 -707.0654 131.6174 123.4514 -700.7362 137.9466 123.4514 -706.8408 131.6007 123.5984 -700.7194 137.722 123.5984 -697.5111 141.3936 125.9353 -697.5111 141.3936 126.7703 -696.0411 142.8636 125.9353 -696.0411 142.8636 126.7703 -697.5515 141.434 125.9353 -697.5515 141.434 126.7703 -696.0816 142.904 125.9353 -696.0816 142.904 126.7703 -708.135 132.9416 118.3573 -713.0668 139.3235 128.5093 -701.3995 150.9909 118.5093 -695.7427 145.3339 128.5093 -701.3995 150.9909 117.7369 -694.6821 144.2734 128.5093 -701.3996 150.991 128.5093 -708.0498 132.6309 125.7462 -707.5368 132.1179 125.7462 -707.3847 131.9658 125.7462 -707.7243 132.3054 125.7462 -713.5618 138.143 125.7462 -713.0487 137.63 125.7462 -713.2175 137.7988 125.7462 -705.4957 134.2171 123.9182 -706.7433 132.9696 123.9182 -701.8834 139.8074 119.1013 -700.5156 138.4397 119.1013 -701.8834 139.8074 123.0093 -701.8958 139.795 118.8212 -702.1083 139.5825 118.8212 -702.1083 139.5825 122.0747 -699.4092 139.8035 123.2495 -700.6483 141.0425 123.2495 -701.8958 139.795 123.2495 -702.1083 139.5825 123.2495 -700.8692 138.3435 123.2495 -702.1082 139.5825 123.2495 -695.7808 143.432 122.0747 -695.7808 143.432 123.2495 -701.1521 138.5608 122.0747 -701.1521 138.5608 123.9182 -706.5679 131.9494 130.8712 -705.9439 131.3253 130.8712 -706.5679 131.9494 126.024 -706.4727 131.8541 130.7365 -706.0391 131.4206 130.7365 -706.0391 131.4206 126.1588 -706.2161 131.053 130.8712 -706.8403 131.6772 126.024 -706.2161 131.053 126.024 -705.9439 131.3253 126.024 -706.4727 131.8541 126.1588 -706.8399 131.6775 130.8712 -706.7446 131.5822 126.1588 -706.7446 131.5822 130.7365 -706.311 131.1487 130.7365 -706.311 131.1487 126.1588 -700.2213 137.0846 125.9252 -700.7536 137.617 125.9252 -700.2213 137.0846 128.3079 -700.7536 137.617 128.3079 -700.1157 137.1095 128.36 -700.1157 137.1095 125.873 -700.7288 137.7227 125.873 -700.7288 137.7227 128.36 -700.1809 137.0442 128.36 -700.1809 137.0442 125.873 -700.794 137.6574 125.873 -700.794 137.6574 128.36 -706.7349 132.6157 129.4436 -707.4196 131.9309 129.4436 -706.8012 131.7163 126.622 -706.8012 131.7163 126.7622 -706.5665 131.9508 126.622 -706.5665 131.9508 126.7622 -706.6596 132.0439 126.7622 -706.6596 132.0439 126.622 -706.8942 131.8094 126.7622 -706.8942 131.8094 126.622 -706.8012 131.7163 129.1324 -706.8012 131.7163 129.2727 -706.5665 131.9508 129.1324 -706.5665 131.9508 129.2727 -706.6596 132.0439 129.2727 -706.6596 132.0439 129.1324 -706.8942 131.8094 129.2727 -706.8942 131.8094 129.1324 -700.7785 137.673 128.0895 -700.7785 137.673 128.2298 -700.7349 137.7165 128.0895 -700.7349 137.7165 128.2298 -700.86 137.8415 128.2298 -700.86 137.8415 128.0895 -700.9036 137.798 128.2298 -700.9036 137.798 128.0895 -700.7785 137.673 126.1322 -700.7785 137.673 126.2724 -700.7349 137.7165 126.1322 -700.7349 137.7165 126.2724 -700.86 137.8415 126.2724 -700.86 137.8415 126.1322 -700.9036 137.798 126.2724 -700.9036 137.798 126.1322 -713.0668 139.3235 127.0093 -701.3996 150.991 126.9895 -706.7795 132.638 127.0093 -706.0827 133.3348 127.0093 -706.4627 132.3717 127.0093 -706.5133 132.3717 127.0093 -705.8164 133.0686 127.0093 -705.8164 133.018 127.0093 -706.7795 132.638 129.0296 -706.7542 132.6632 129.0653 -706.1079 133.3096 129.0653 -706.0827 133.3348 129.0296 -706.5133 132.3717 128.8003 -706.4627 132.3717 128.8081 -706.6754 132.5338 129.0296 -706.6445 132.5536 129.0653 -706.5645 132.423 128.9571 -706.5202 132.4292 128.984 -705.9785 133.2307 129.0296 -705.9982 133.1999 129.0653 -705.8164 133.0686 128.8003 -705.8164 133.018 128.8081 -705.8676 133.1199 128.9571 -705.8739 133.0755 128.984 -705.8875 133.53 127.0093 -705.1906 134.2268 127.0093 -705.5707 133.2637 127.0093 -705.6212 133.2637 127.0093 -704.9244 133.9606 127.0093 -704.9244 133.91 127.0093 -705.8875 133.53 129.0296 -705.8623 133.5552 129.0653 -705.2159 134.2016 129.0653 -705.1906 134.2268 129.0296 -705.6212 133.2637 128.8003 -705.5707 133.2637 128.8081 -705.7834 133.4258 129.0296 -705.7525 133.4456 129.0653 -705.6725 133.315 128.9571 -705.6282 133.3212 128.984 -705.0865 134.1227 129.0296 -705.1062 134.0919 129.0653 -704.9244 133.9606 128.8003 -704.9244 133.91 128.8081 -704.9757 134.0119 128.9571 -704.9819 133.9675 128.984 -704.9955 134.422 127.0093 -704.2987 135.1188 127.0093 -704.6787 134.1557 127.0093 -704.7293 134.1557 127.0093 -704.0324 134.8526 127.0093 -704.0324 134.802 127.0093 -704.9955 134.422 129.0296 -704.9702 134.4472 129.0653 -704.3239 135.0936 129.0653 -704.2987 135.1188 129.0296 -704.7293 134.1557 128.8003 -704.6787 134.1557 128.8081 -704.8914 134.3178 129.0296 -704.8605 134.3376 129.0653 -704.7805 134.207 128.9571 -704.7362 134.2132 128.984 -704.1945 135.0147 129.0296 -704.2142 134.9839 129.0653 -704.0324 134.8526 128.8003 -704.0324 134.802 128.8081 -704.0836 134.9039 128.9571 -704.0899 134.8595 128.984 -704.1035 135.314 127.0093 -703.4066 136.0108 127.0093 -703.7867 135.0477 127.0093 -703.8372 135.0477 127.0093 -703.1403 135.7446 127.0093 -703.1403 135.694 127.0093 -704.1035 135.314 129.0296 -704.0783 135.3393 129.0653 -703.4319 135.9856 129.0653 -703.4066 136.0108 129.0296 -703.8372 135.0477 128.8003 -703.7867 135.0477 128.8081 -703.9994 135.2098 129.0296 -703.9685 135.2296 129.0653 -703.8885 135.099 128.9571 -703.8442 135.1052 128.984 -703.3025 135.9067 129.0296 -703.3222 135.8759 129.0653 -703.1403 135.7446 128.8003 -703.1403 135.694 128.8081 -703.1917 135.7959 128.9571 -703.1979 135.7515 128.984 -703.2115 136.206 127.0093 -702.5146 136.9029 127.0093 -702.8947 135.9397 127.0093 -702.9453 135.9397 127.0093 -702.2484 136.6366 127.0093 -702.2484 136.586 127.0093 -703.2115 136.206 129.0296 -703.1862 136.2313 129.0653 -702.5399 136.8776 129.0653 -702.5146 136.9029 129.0296 -702.9453 135.9397 128.8003 -702.8947 135.9397 128.8081 -703.1074 136.1018 129.0296 -703.0765 136.1216 129.0653 -702.9965 135.991 128.9571 -702.9522 135.9972 128.984 -702.4105 136.7987 129.0296 -702.4302 136.7679 129.0653 -702.2484 136.6366 128.8003 -702.2484 136.586 128.8081 -702.2996 136.6879 128.9571 -702.3059 136.6435 128.984 -702.3195 137.098 127.0093 -701.6226 137.7949 127.0093 -702.0027 136.8317 127.0093 -702.0532 136.8317 127.0093 -701.3563 137.5286 127.0093 -701.3563 137.478 127.0093 -702.3195 137.098 129.0296 -702.2942 137.1233 129.0653 -701.6479 137.7696 129.0653 -701.6226 137.7949 129.0296 -702.0532 136.8317 128.8003 -702.0027 136.8317 128.8081 -702.2153 136.9938 129.0296 -702.1845 137.0136 129.0653 -702.1045 136.883 128.9571 -702.0602 136.8892 128.984 -701.5185 137.6907 129.0296 -701.5382 137.6599 129.0653 -701.3563 137.5286 128.8003 -701.3563 137.478 128.8081 -701.4076 137.5799 128.9571 -701.4139 137.5355 128.984 -700.9214 138.4961 127.0093 -700.2245 139.193 127.0093 -700.6046 138.2298 127.0093 -700.6551 138.2298 127.0093 -699.9582 138.9267 127.0093 -699.9582 138.8762 127.0093 -700.9214 138.4961 129.0296 -700.8961 138.5214 129.0653 -700.2498 139.1677 129.0653 -700.2245 139.193 129.0296 -700.6551 138.2298 128.8003 -700.6046 138.2298 128.8081 -700.8173 138.392 129.0296 -700.7864 138.4117 129.0653 -700.7064 138.2811 128.9571 -700.6621 138.2873 128.984 -700.1204 139.0889 129.0296 -700.1401 139.058 129.0653 -699.9582 138.9267 128.8003 -699.9582 138.8762 128.8081 -700.0095 138.978 128.9571 -700.0158 138.9337 128.984 -700.0294 139.3881 127.0093 -699.3325 140.085 127.0093 -699.7125 139.1218 127.0093 -699.7631 139.1218 127.0093 -699.0662 139.8187 127.0093 -699.0662 139.7682 127.0093 -700.0294 139.3881 129.0296 -700.0041 139.4134 129.0653 -699.3578 140.0597 129.0653 -699.3325 140.085 129.0296 -699.7631 139.1218 128.8003 -699.7125 139.1218 128.8081 -699.9252 139.284 129.0296 -699.8944 139.3037 129.0653 -699.8144 139.1731 128.9571 -699.77 139.1793 128.984 -699.2283 139.9809 129.0296 -699.2481 139.95 129.0653 -699.0662 139.8187 128.8003 -699.0662 139.7682 128.8081 -699.1175 139.87 128.9571 -699.1237 139.8257 128.984 -699.1373 140.2801 127.0093 -698.4405 140.977 127.0093 -698.8206 140.0139 127.0093 -698.8711 140.0139 127.0093 -698.1742 140.7107 127.0093 -698.1742 140.6602 127.0093 -699.1373 140.2801 129.0296 -699.1121 140.3054 129.0653 -698.4658 140.9517 129.0653 -698.4405 140.977 129.0296 -698.8711 140.0139 128.8003 -698.8206 140.0139 128.8081 -699.0332 140.176 129.0296 -699.0024 140.1957 129.0653 -698.9224 140.0651 128.9571 -698.8781 140.0713 128.984 -698.3364 140.8729 129.0296 -698.3561 140.842 129.0653 -698.1742 140.7107 128.8003 -698.1742 140.6602 128.8081 -698.2255 140.762 128.9571 -698.2317 140.7177 128.984 -698.2454 141.1721 127.0093 -697.5485 141.869 127.0093 -697.9285 140.9058 127.0093 -697.9791 140.9058 127.0093 -697.2822 141.6027 127.0093 -697.2822 141.5522 127.0093 -698.2454 141.1721 129.0296 -698.2201 141.1974 129.0653 -697.5737 141.8437 129.0653 -697.5485 141.869 129.0296 -697.9791 140.9058 128.8003 -697.9285 140.9058 128.8081 -698.1412 141.068 129.0296 -698.1104 141.0877 129.0653 -698.0303 140.9571 128.9571 -697.986 140.9634 128.984 -697.4443 141.7649 129.0296 -697.4641 141.734 129.0653 -697.2822 141.6027 128.8003 -697.2822 141.5522 128.8081 -697.3335 141.654 128.9571 -697.3397 141.6097 128.984 -697.3533 142.0641 127.0093 -696.6565 142.761 127.0093 -697.0365 141.7978 127.0093 -697.0871 141.7978 127.0093 -696.3902 142.4947 127.0093 -696.3902 142.4442 127.0093 -697.3533 142.0641 129.0296 -697.3281 142.0894 129.0653 -696.6818 142.7357 129.0653 -696.6565 142.761 129.0296 -697.0871 141.7978 128.8003 -697.0365 141.7978 128.8081 -697.2492 141.96 129.0296 -697.2184 141.9797 129.0653 -697.1384 141.8491 128.9571 -697.0941 141.8554 128.984 -696.5524 142.6569 129.0296 -696.5721 142.626 129.0653 -696.3902 142.4947 128.8003 -696.3902 142.4442 128.8081 -696.4415 142.546 128.9571 -696.4477 142.5017 128.984 -696.4614 142.9561 127.0093 -695.7645 143.653 127.0093 -696.1445 142.6898 127.0093 -696.1951 142.6898 127.0093 -695.4982 143.3867 127.0093 -695.4982 143.3362 127.0093 -696.4614 142.9561 129.0296 -696.4361 142.9814 129.0653 -695.7897 143.6277 129.0653 -695.7645 143.653 129.0296 -696.1951 142.6898 128.8003 -696.1445 142.6898 128.8081 -696.3572 142.852 129.0296 -696.3264 142.8717 129.0653 -696.2463 142.7411 128.9571 -696.202 142.7474 128.984 -695.6604 143.5489 129.0296 -695.6801 143.518 129.0653 -695.4982 143.3867 128.8003 -695.4982 143.3362 128.8081 -695.5495 143.438 128.9571 -695.5557 143.3937 128.984 -713.0386 137.6199 127.0093 -712.3638 136.9451 127.0093 -713.3057 137.3039 127.0093 -713.3049 137.3537 127.0093 -712.6301 136.6788 127.0093 -712.6798 136.678 127.0093 -713.0386 137.6199 129.0296 -713.0142 137.5955 129.0653 -712.3883 136.9696 129.0653 -712.3638 136.9451 129.0296 -713.3049 137.3537 128.8003 -713.3057 137.3039 128.8081 -713.1428 137.5158 129.0296 -713.1239 137.4858 129.0653 -713.2536 137.4049 128.9571 -713.2482 137.3614 128.984 -712.4679 136.841 129.0296 -712.4979 136.8599 129.0653 -712.6301 136.6788 128.8003 -712.6798 136.678 128.8081 -712.5788 136.7301 128.9571 -712.6223 136.7355 128.984 -712.1748 136.7562 127.0093 -711.5 136.0813 127.0093 -712.4419 136.4401 127.0093 -712.4411 136.4899 127.0093 -711.7663 135.8151 127.0093 -711.8161 135.8143 127.0093 -712.1748 136.7562 129.0296 -712.1503 136.7317 129.0653 -711.5245 136.1058 129.0653 -711.5 136.0813 129.0296 -712.4411 136.4899 128.8003 -712.4419 136.4401 128.8081 -712.2789 136.652 129.0296 -712.2601 136.622 129.0653 -712.3898 136.5412 128.9571 -712.3844 136.4976 128.984 -711.6041 135.9772 129.0296 -711.6342 135.9961 129.0653 -711.7663 135.8151 128.8003 -711.8161 135.8143 128.8081 -711.715 135.8663 128.9571 -711.7586 135.8718 128.984 -711.311 135.8924 127.0093 -710.6362 135.2175 127.0093 -711.5781 135.5764 127.0093 -711.5773 135.6261 127.0093 -710.9025 134.9513 127.0093 -710.9523 134.9505 127.0093 -711.311 135.8924 129.0296 -711.2866 135.8679 129.0653 -710.6607 135.242 129.0653 -710.6362 135.2175 129.0296 -711.5773 135.6261 128.8003 -711.5781 135.5764 128.8081 -711.4152 135.7882 129.0296 -711.3963 135.7582 129.0653 -711.5261 135.6774 128.9571 -711.5206 135.6338 128.984 -710.7404 135.1134 129.0296 -710.7704 135.1323 129.0653 -710.9025 134.9513 128.8003 -710.9523 134.9505 128.8081 -710.8512 135.0025 128.9571 -710.8947 135.008 128.984 -710.4473 135.0286 127.0093 -709.7725 134.3538 127.0093 -710.7144 134.7126 127.0093 -710.7136 134.7623 127.0093 -710.0387 134.0875 127.0093 -710.0885 134.0867 127.0093 -710.4473 135.0286 129.0296 -710.4228 135.0041 129.0653 -709.7969 134.3782 129.0653 -709.7725 134.3538 129.0296 -710.7136 134.7623 128.8003 -710.7144 134.7126 128.8081 -710.5514 134.9245 129.0296 -710.5325 134.8944 129.0653 -710.6622 134.8136 128.9571 -710.6568 134.7701 128.984 -709.8766 134.2496 129.0296 -709.9066 134.2686 129.0653 -710.0387 134.0875 128.8003 -710.0885 134.0867 128.8081 -709.9874 134.1388 128.9571 -710.031 134.1442 128.984 -709.5835 134.1648 127.0093 -708.9086 133.49 127.0093 -709.8505 133.8488 127.0093 -709.8497 133.8985 127.0093 -709.1749 133.2237 127.0093 -709.2247 133.2229 127.0093 -709.5835 134.1648 129.0296 -709.559 134.1403 129.0653 -708.9331 133.5144 129.0653 -708.9086 133.49 129.0296 -709.8497 133.8985 128.8003 -709.8505 133.8488 128.8081 -709.6876 134.0607 129.0296 -709.6687 134.0306 129.0653 -709.7985 133.9498 128.9571 -709.793 133.9063 128.984 -709.0128 133.3858 129.0296 -709.0429 133.4048 129.0653 -709.1749 133.2237 128.8003 -709.2247 133.2229 128.8081 -709.1237 133.275 128.9571 -709.1672 133.2804 128.984 -708.7197 133.301 127.0093 -708.0449 132.6262 127.0093 -708.9868 132.985 127.0093 -708.986 133.0348 127.0093 -708.3112 132.3599 127.0093 -708.3609 132.3591 127.0093 -708.7197 133.301 129.0296 -708.6952 133.2765 129.0653 -708.0693 132.6507 129.0653 -708.0449 132.6262 129.0296 -708.986 133.0348 128.8003 -708.9868 132.985 128.8081 -708.8239 133.1969 129.0296 -708.8049 133.1669 129.0653 -708.9347 133.086 128.9571 -708.9293 133.0425 128.984 -708.149 132.5221 129.0296 -708.179 132.541 129.0653 -708.3112 132.3599 128.8003 -708.3609 132.3591 128.8081 -708.2599 132.4112 128.9571 -708.3034 132.4166 128.984 -707.41 131.5455 126.8243 -707.41 131.5455 127.1943 -694.9215 144.034 126.8243 -694.9215 144.034 127.1943 -713.9 138.0354 126.8243 -713.9 138.0354 127.1943 -694.8215 143.934 126.8243 -707.41 131.3455 126.8243 -707.41 131.3455 127.1943 -694.8215 143.934 127.1943 -714.0001 137.9354 126.8243 -714.0001 137.9354 127.1943 -707.749 131.6016 125.7462 -714.0782 137.9308 125.7462 -707.9735 131.5848 125.5992 -714.0949 137.7062 125.5992 -707.9735 131.5848 123.5984 -714.0949 137.7062 123.5984 -707.749 131.6016 123.4514 -714.0782 137.9308 123.4514 -706.8408 131.6007 125.5992 -700.7194 137.722 125.5992 -707.0654 131.6174 125.7462 -700.7362 137.9466 125.7462 -707.8696 131.4809 125.7462 -714.1989 137.8101 125.7462 -707.8696 131.4809 123.4514 -714.1989 137.8101 123.4514 -708.0885 132.9882 118.5093 -708.0885 132.9882 119.5093 -708.0885 132.9882 123.0093 -705.963 132.9215 123.0036 -705.963 132.9215 118.1482 -706.5372 132.4181 123.0093 -706.7349 132.6157 123.0093 -707.4196 131.9309 123.0093 -707.2219 131.7333 118.7597 -706.5372 132.4181 118.7597 -707.0805 131.5919 118.7597 -706.3958 132.2766 118.7597 -706.3493 132.606 118.7597 -707.4099 131.5453 118.7597 -708.4706 132.606 118.7597 -708.0885 132.9882 118.7597 -707.5979 131.7333 118.7597 -708.2826 132.4181 118.7597 -707.7393 131.5919 118.7597 -708.4241 132.2766 118.7597 -701.3883 137.567 118.3527 -700.7036 138.2517 118.3527 -701.2468 137.4255 118.3527 -700.5621 138.1103 118.3527 -701.8834 139.8074 118.3515 -700.5269 138.432 118.3513 -700.5156 138.4397 123.2495 -701.8834 139.8074 123.2495 -705.1119 133.8433 118.3527 -705.7003 134.4316 118.3527 -701.5763 137.379 118.3527 -699.2817 139.6737 117.9846 -700.0576 140.4495 117.9846 -695.5547 143.4006 117.9846 -694.8699 144.0853 117.9846 -695.4132 143.2591 117.9846 -694.7285 143.9439 117.9846 -694.682 144.2733 117.9846 -695.7427 145.3339 117.7369 -695.7427 143.2126 117.9846 -701.0461 137.9094 126.8243 -701.0461 137.9094 127.1943 -700.9461 137.8094 126.8243 -700.9461 137.8094 127.1943 -695.0676 144.283 123.0093 -695.7524 143.5982 123.0093 -695.0676 144.283 129.4436 -695.7524 143.5982 129.4436 -700.9013 138.4494 123.0093 -701.586 137.7646 123.0093 -700.9013 138.4494 129.4436 -701.586 137.7646 129.4436 -706.4058 131.7999 126.8735 -706.0934 131.4874 126.8735 -706.4058 131.7999 127.4673 -706.0934 131.4874 127.4673 -706.4058 131.7999 127.4965 -706.0934 131.4874 127.4965 -706.4058 131.7999 128.0903 -706.0934 131.4874 128.0903 -706.3952 131.7891 128.1268 -706.0827 131.4766 128.1268 -706.3952 131.7891 128.7207 -706.0827 131.4766 128.7207 -706.0934 131.4874 129.3657 -706.4059 131.7999 129.3657 -706.0934 131.4874 128.7442 -706.4059 131.7999 128.7442 -706.0934 131.4874 130.0283 -706.4058 131.7999 130.0283 -706.0934 131.4874 129.4345 -706.4058 131.7999 129.4345 -706.0817 131.4757 130.6641 -706.3941 131.7881 130.6641 -706.0817 131.4757 130.0703 -706.3941 131.7881 130.0703 -706.6955 131.5261 130.0703 -706.3831 131.2136 130.0703 -706.6955 131.5261 130.6641 -706.3831 131.2136 130.6641 -706.6836 131.5142 129.4345 -706.3712 131.2017 129.4345 -706.6836 131.5142 130.0283 -706.3712 131.2017 130.0283 -706.6876 131.5182 128.7442 -706.3751 131.2057 128.7442 -706.6876 131.5182 129.3657 -706.3751 131.2057 129.3657 -706.3831 131.2136 128.7207 -706.6955 131.5261 128.7207 -706.3831 131.2136 128.1268 -706.6955 131.5261 128.1268 -706.3712 131.2017 128.0903 -706.6836 131.5142 128.0903 -706.3712 131.2017 127.4965 -706.6836 131.5142 127.4965 -706.3712 131.2017 127.4673 -706.6836 131.5142 127.4673 -706.3712 131.2017 126.8735 -706.6836 131.5142 126.8735 -700.3229 137.1717 128.2186 -700.6547 137.5035 128.2186 -700.3229 137.1717 127.5567 -700.6547 137.5035 127.5567 -700.2926 137.1413 127.3989 -700.6835 137.5323 127.3989 -700.2926 137.1413 126.737 -700.6835 137.5323 126.737 -700.2723 137.121 126.6885 -700.702 137.5507 126.6885 -700.2723 137.121 126.0266 -700.702 137.5507 126.0266 -706.9661 131.699 120.8073 -706.44 132.225 120.8073 -706.9661 131.699 121.2954 -706.44 132.225 121.2954 -707.0108 131.657 120.5521 -706.3981 132.2698 120.5521 -707.0108 131.657 121.3582 -706.3981 132.2698 121.3582 -706.7908 131.8543 121.2483 -706.9345 131.7106 121.2483 -706.7908 131.8543 120.8559 -706.9345 131.7106 120.8559 -706.8051 131.84 121.2483 -706.8051 131.84 120.8559 -706.4616 132.1835 121.2483 -706.6321 132.0131 121.2483 -706.4616 132.1835 120.8559 -706.6321 132.0131 120.8559 -697.8134 141.2867 120.4197 -697.64 141.4602 120.4197 -697.64 141.4602 120.7969 -697.6324 141.4678 120.5481 -697.6324 141.4678 120.7542 -697.5414 141.5588 120.5481 -697.4466 141.6535 120.5481 -697.5414 141.5588 120.7542 -697.4466 141.6535 120.7542 -697.9267 141.1736 120.5567 -697.8182 141.2822 120.5567 -697.9267 141.1736 120.7946 -697.8182 141.2822 120.7946 -703.4542 135.7477 119.7057 -703.2808 135.9211 119.7057 -703.2808 135.9211 120.0829 -703.2732 135.9288 119.8342 -703.2732 135.9288 120.0403 -703.1822 136.0197 119.8342 -703.0874 136.1145 119.8342 -703.1822 136.0197 120.0403 -703.0874 136.1145 120.0403 -703.5676 135.6345 119.8428 -703.459 135.7431 119.8428 -703.5676 135.6345 120.0807 -703.459 135.7431 120.0807 -702.5812 136.6207 119.7132 -702.4078 136.7941 119.7132 -702.4078 136.7941 120.0904 -702.4002 136.8017 119.8417 -702.3055 136.8964 119.8417 -702.4002 136.8017 120.0477 -702.2145 136.9874 119.8417 -702.3093 136.8927 120.0477 -702.2145 136.9874 120.0477 -702.6946 136.5075 119.8503 -702.586 136.6161 119.8503 -702.6946 136.5075 120.0882 -702.586 136.6161 120.0882 -698.0056 141.1015 120.3734 -697.3685 141.7387 120.3734 -698.0056 141.1015 121.192 -697.3685 141.7387 121.192 -697.9721 141.1281 120.8668 -697.6152 141.4849 120.8668 -697.9721 141.1281 121.1779 -697.6152 141.4849 121.1779 -705.0916 134.1179 120.0702 -704.4545 134.755 120.0702 -705.0916 134.1179 120.8887 -704.4545 134.755 120.8887 -705.0789 134.1237 120.5225 -704.457 134.7457 120.5225 -705.0789 134.1237 120.8544 -704.457 134.7457 120.8544 -704.8937 134.3088 120.0953 -704.7203 134.4823 120.0953 -704.7203 134.4823 120.4725 -704.7127 134.4899 120.2238 -704.7127 134.4899 120.4299 -704.6217 134.5809 120.2238 -704.527 134.6756 120.2238 -704.6217 134.5809 120.4299 -704.527 134.6756 120.4299 -705.0071 134.1957 120.2324 -704.8985 134.3043 120.2324 -705.0071 134.1957 120.4703 -704.8985 134.3043 120.4703 -703.664 135.5449 119.68 -703.0268 136.182 119.68 -703.664 135.5449 120.4986 -703.0268 136.182 120.4986 -703.6512 135.5507 120.1323 -703.0292 136.1727 120.1323 -703.6512 135.5507 120.4643 -703.0292 136.1727 120.4643 -702.7836 136.4252 119.68 -702.1466 137.0623 119.68 -702.7836 136.4252 120.4986 -702.1466 137.0623 120.4986 -702.7709 136.431 120.1323 -702.1489 137.053 120.1323 -702.7709 136.431 120.4643 -702.1489 137.053 120.4643 -700.5484 138.4745 120.3684 -701.4552 139.3813 120.3684 -700.5484 138.4745 121.5283 -701.4552 139.3813 121.5283 -700.5484 138.4745 119.505 -701.4552 139.3813 119.505 -700.7211 138.6755 119.6211 -700.9466 138.901 119.6211 -700.7211 138.6755 120.1116 -700.9466 138.901 120.1116 -700.9304 138.8848 119.6211 -701.1559 139.1103 119.6211 -700.9304 138.8848 120.1116 -701.1559 139.1103 120.1116 -701.156 139.1103 119.7881 -701.2791 139.2336 119.7881 -701.156 139.1103 120.0561 -701.2791 139.2336 120.0561 -701.3975 139.3519 119.7881 -701.3975 139.3519 120.0561 -700.7866 138.741 120.1477 -700.7866 138.741 120.2965 -700.8763 138.8307 120.2965 -700.8737 138.8282 120.1477 -700.9635 138.9179 120.1477 -700.9635 138.9179 120.2965 -701.0291 138.9835 120.1477 -701.0291 138.9835 120.2965 -701.1212 139.0756 120.1477 -701.2109 139.1654 120.1477 -701.1212 139.0756 120.2965 -701.3005 139.2549 120.1477 -701.2107 139.1651 120.2965 -701.3005 139.2549 120.2965 -701.3834 139.3379 120.1477 -701.3834 139.3379 120.2965 -700.5969 138.5513 119.737 -700.7381 138.6925 119.737 -700.5969 138.5513 120.0464 -700.7381 138.6925 120.0464 -713.4309 137.0191 123.9501 -712.8636 136.4518 123.9501 -713.4309 137.0191 125.2548 -712.8636 136.4518 125.2548 -712.7985 136.3868 123.9502 -712.3394 135.9277 123.9502 -712.7985 136.3868 125.2548 -712.3394 135.9277 125.2548 -712.3323 135.9206 123.8895 -711.717 135.3052 123.8895 -712.3323 135.9206 125.2548 -711.717 135.3052 125.2548 -711.2349 134.8231 125.2548 -711.7527 135.3409 125.2548 -711.2349 134.8231 123.9501 -711.7527 135.3409 123.9502 -710.2525 133.8408 125.2548 -710.8198 134.408 125.2548 -710.2525 133.8408 123.9501 -710.8198 134.408 123.9501 -709.6424 133.2306 125.2548 -710.2097 133.7979 125.2548 -709.6424 133.2306 123.9501 -710.2097 133.7979 123.9501 -709.0635 132.6518 125.2548 -709.6308 133.2191 125.2548 -709.0635 132.6518 123.9501 -709.6308 133.2191 123.9501 -708.551 132.1392 125.2548 -709.0684 132.6567 125.2548 -708.551 132.1392 123.9501 -709.0684 132.6567 123.9501 -706.2666 132.1668 123.9501 -705.6993 132.7341 123.9501 -706.2666 132.1668 125.2548 -705.6993 132.7341 125.2548 -705.6342 132.7991 123.9502 -705.1751 133.2582 123.9502 -705.6342 132.7991 125.2548 -705.1751 133.2582 125.2548 -705.168 133.2654 123.8895 -704.5527 133.8807 123.8895 -705.168 133.2654 125.2548 -704.5527 133.8807 125.2548 -704.0706 134.3628 125.2548 -704.5884 133.845 125.2548 -704.0706 134.3628 123.9501 -704.5884 133.845 123.9502 -703.0882 135.3452 125.2548 -703.6555 134.7779 125.2548 -703.0882 135.3452 123.9501 -703.6555 134.7779 123.9501 -702.4781 135.9553 125.2548 -703.0454 135.388 125.2548 -702.4781 135.9553 123.9501 -703.0454 135.388 123.9501 -701.8992 136.5341 125.2548 -702.4665 135.9669 125.2548 -701.8992 136.5341 123.9501 -702.4665 135.9669 123.9501 -701.3867 137.0467 125.2548 -701.9041 136.5293 125.2548 -701.3867 137.0467 123.9501 -701.9041 136.5293 123.9501 -706.3712 131.2017 126.8527 -706.6836 131.5142 126.8527 -706.3712 131.2017 126.2589 -706.6836 131.5142 126.2589 -706.0934 131.4874 126.8527 -706.4058 131.7999 126.8527 -706.0934 131.4874 126.2589 -706.4058 131.7999 126.2589 -712.9784 137.2906 119.2749 -712.9784 137.2906 122.7749 -710.8499 135.1621 119.2749 -710.8499 135.1621 122.7749 -698.2603 140.8528 122.0298 -698.2603 140.8528 118.6899 -699.3118 139.8013 122.0298 -699.3118 139.8013 118.6899 -713.4309 137.0191 125.2547 -713.4309 137.0191 123.95 -712.8749 136.4632 123.95 -712.8749 136.4632 125.2547 -712.8663 136.4545 125.2547 -712.8663 136.4545 123.95 -712.4656 136.0539 123.95 -712.4656 136.0539 125.2548 -712.457 136.0452 125.2548 -712.457 136.0452 123.95 -711.9449 135.5331 123.9501 -711.9449 135.5331 125.2548 -711.9362 135.5245 125.2548 -711.9362 135.5245 123.9501 -711.4773 135.0656 123.9501 -711.4773 135.0656 125.2548 -711.4687 135.0569 125.2548 -711.4687 135.0569 123.9501 -710.9128 134.501 123.9501 -710.9128 134.501 125.2548 -710.9041 134.4923 125.2548 -710.9041 134.4923 123.9501 -710.4064 133.9946 123.9501 -710.4064 133.9946 125.2548 -710.3977 133.986 125.2548 -710.3977 133.986 123.9501 -710.0747 133.663 123.9501 -710.0747 133.663 125.2548 -710.0661 133.6543 125.2548 -710.0661 133.6543 123.9501 -709.5684 133.1566 123.9501 -709.5684 133.1566 125.2549 -709.5597 133.148 125.2549 -709.5597 133.148 123.9501 -709.0814 132.6697 123.9502 -709.0814 132.6697 125.2549 -709.0728 132.661 125.2549 -709.0728 132.661 123.9502 -708.551 132.1392 123.9502 -708.551 132.1392 125.2549 -706.2666 132.1668 125.2547 -706.2666 132.1668 123.95 -705.7107 132.7227 123.95 -705.7107 132.7227 125.2547 -705.702 132.7314 125.2547 -705.702 132.7314 123.95 -705.3014 133.132 123.95 -705.3014 133.132 125.2548 -705.2927 133.1407 125.2548 -705.2927 133.1407 123.95 -704.7806 133.6528 123.9501 -704.7806 133.6528 125.2548 -704.7719 133.6615 125.2548 -704.7719 133.6615 123.9501 -704.3131 134.1203 123.9501 -704.3131 134.1203 125.2548 -704.3044 134.129 125.2548 -704.3044 134.129 123.9501 -703.7485 134.6849 123.9501 -703.7485 134.6849 125.2548 -703.7398 134.6936 125.2548 -703.7398 134.6936 123.9501 -703.2421 135.1913 123.9501 -703.2421 135.1913 125.2548 -703.2334 135.2 125.2548 -703.2334 135.2 123.9501 -702.9105 135.5229 123.9501 -702.9105 135.5229 125.2548 -702.9018 135.5316 125.2548 -702.9018 135.5316 123.9501 -702.4041 136.0293 123.9501 -702.4041 136.0293 125.2549 -702.3954 136.038 125.2549 -702.3954 136.038 123.9501 -701.9172 136.5162 123.9502 -701.9172 136.5162 125.2549 -701.9085 136.5249 125.2549 -701.9085 136.5249 123.9502 -701.3867 137.0467 123.9502 -701.3867 137.0467 125.2549 -706.9345 131.7106 121.2483 -706.9345 131.7106 120.8559 -706.8392 131.8059 120.8559 -706.8392 131.8059 121.2483 -706.845 131.8002 121.2483 -706.845 131.8002 120.8559 -706.7315 131.9137 120.8559 -706.7315 131.9137 121.2483 -706.7372 131.9079 121.2483 -706.7372 131.9079 120.8559 -706.6709 131.9742 120.8559 -706.6709 131.9742 121.2483 -706.6767 131.9685 121.2483 -706.6767 131.9685 120.8559 -706.5694 132.0758 120.8559 -706.5694 132.0758 121.2483 -706.5751 132.0701 121.2483 -706.5751 132.0701 120.8559 -706.4616 132.1835 120.8559 -706.4616 132.1835 121.2483 -700.5696 137.4183 128.2186 -700.5696 137.4183 127.8288 -700.4065 137.2553 127.8288 -700.4065 137.2553 128.2186 -700.5843 137.4331 127.768 -700.5843 137.4331 127.3782 -700.3918 137.2405 127.3782 -700.3918 137.2405 127.7681 -700.546 137.3948 127.3175 -700.546 137.3948 126.9277 -700.4301 137.2788 126.9277 -700.4301 137.2788 127.3175 -700.5764 137.4251 126.8669 -700.5764 137.4251 126.4771 -700.3997 137.2485 126.4771 -700.3997 137.2485 126.867 -700.5843 137.4331 126.4164 -700.5843 137.4331 126.0266 -700.3918 137.2405 126.0266 -700.3918 137.2405 126.4164 -701.0291 138.9835 120.2965 -701.0291 138.9835 120.1477 -701.1245 139.0789 120.1477 -701.1245 139.0789 120.2965 -701.1244 139.0788 120.2965 -701.1244 139.0788 120.1477 -701.218 139.1724 120.1477 -701.218 139.1724 120.2965 -701.2179 139.1723 120.2965 -701.2179 139.1723 120.1477 -701.2966 139.251 120.1477 -701.2966 139.251 120.2965 -701.2406 139.195 120.1765 -701.2406 139.195 120.1167 -701.2739 139.2283 120.1167 -701.2739 139.2283 120.1765 -701.2965 139.2509 120.2965 -701.2965 139.2509 120.1477 -701.3834 139.3378 120.1477 -701.3834 139.3378 120.2965 -706.666 131.4966 130.6641 -706.666 131.4966 130.1976 -706.3888 131.2193 130.1976 -706.3888 131.2193 130.6641 -706.6273 131.4578 130.1718 -706.6273 131.4578 129.7052 -706.4275 131.2581 129.7052 -706.4275 131.2581 130.1718 -706.6551 131.4857 129.6794 -706.6551 131.4857 129.2129 -706.3997 131.2302 129.2129 -706.3997 131.2302 129.6794 -706.6418 131.4724 129.1871 -706.6418 131.4724 128.7206 -706.413 131.2435 128.7206 -706.413 131.2435 129.1871 -706.6273 131.4578 128.6948 -706.6273 131.4578 128.2282 -706.4275 131.2581 128.2282 -706.4275 131.2581 128.6948 -706.666 131.4966 128.2024 -706.666 131.4966 127.7359 -706.3888 131.2193 127.7359 -706.3888 131.2193 128.2024 -706.6551 131.4857 127.7101 -706.6551 131.4857 127.2436 -706.3997 131.2302 127.2436 -706.3997 131.2302 127.7101 -706.6079 131.4384 127.2178 -706.6079 131.4384 126.7512 -706.4469 131.2775 126.7512 -706.4469 131.2775 127.2178 -706.666 131.4966 126.7254 -706.666 131.4966 126.2589 -706.3888 131.2193 126.2589 -706.3888 131.2193 126.7254 -706.111 131.505 130.6641 -706.111 131.505 130.1976 -706.3882 131.7823 130.1976 -706.3882 131.7823 130.6641 -706.1497 131.5438 130.1718 -706.1497 131.5438 129.7052 -706.3495 131.7435 129.7052 -706.3495 131.7435 130.1718 -706.1219 131.5159 129.6794 -706.1219 131.5159 129.2129 -706.3773 131.7714 129.2129 -706.3773 131.7714 129.6794 -706.1352 131.5292 129.1871 -706.1352 131.5292 128.7206 -706.364 131.7581 128.7206 -706.364 131.7581 129.1871 -706.1497 131.5438 128.6948 -706.1497 131.5438 128.2282 -706.3495 131.7435 128.2282 -706.3495 131.7435 128.6948 -706.111 131.505 128.2024 -706.111 131.505 127.7359 -706.3882 131.7823 127.7359 -706.3882 131.7823 128.2024 -706.1219 131.5159 127.7101 -706.1219 131.5159 127.2436 -706.3773 131.7714 127.2436 -706.3773 131.7714 127.7101 -706.1691 131.5632 127.2178 -706.1691 131.5632 126.7512 -706.3301 131.7241 126.7512 -706.3301 131.7241 127.2178 -706.111 131.505 126.7254 -706.111 131.505 126.2589 -706.3882 131.7823 126.2589 -706.3882 131.7823 126.7254 -697.9245 141.1758 120.7399 -697.9245 141.1758 120.5924 -697.8811 141.2192 120.5924 -697.8811 141.2192 120.7399 -697.8855 141.2149 120.7946 -697.8855 141.2149 120.5567 -697.8182 141.2822 120.5567 -697.8182 141.2822 120.7946 -703.5654 135.6367 120.026 -703.5654 135.6367 119.8785 -703.522 135.6801 119.8785 -703.522 135.6801 120.026 -703.5263 135.6758 120.0807 -703.5263 135.6758 119.8428 -703.459 135.7431 119.8428 -703.459 135.7431 120.0807 -702.6924 136.5097 120.0335 -702.6924 136.5097 119.886 -702.649 136.5531 119.886 -702.649 136.5531 120.0335 -702.6533 136.5488 120.0882 -702.6533 136.5488 119.8503 -702.586 136.6161 119.8503 -702.586 136.6161 120.0882 -705.0049 134.1979 120.4156 -705.0049 134.1979 120.2681 -704.9615 134.2413 120.2681 -704.9615 134.2413 120.4156 -704.9658 134.237 120.4703 -704.9658 134.237 120.2324 -704.8985 134.3043 120.2324 -704.8985 134.3043 120.4703 -700.5997 138.5541 119.9752 -700.5997 138.5541 119.7834 -700.6562 138.6106 119.7834 -700.6562 138.6106 119.9752 -700.6506 138.605 120.0464 -700.6506 138.605 119.737 -700.7381 138.6925 119.737 -700.7381 138.6925 120.0464</float_array>
          <technique_common>
            <accessor source="#Plane_025-mesh-positions-array" count="1530" stride="3">
              <param name="X" type="float"/>
              <param name="Y" type="float"/>
              <param name="Z" type="float"/>
            </accessor>
          </technique_common>
        </source>
        <source id="Plane_025-mesh-normals">
          <float_array id="Plane_025-mesh-normals-array" count="3219">-0.707134 -0.7070797 0 0.707134 -0.7070797 0 0.7071068 -0.7071068 0 -0.707101 -0.7071126 0 0.7071475 -0.7070661 0 -0.7071068 -0.7071068 0 -0.7070227 -0.7071909 0 -0.7070573 -0.7071564 0 -0.7070752 -0.7071383 0 0.7072849 -0.7069287 0 -0.7069543 0.7072594 0 3.94027e-5 0 1 0.7073466 -0.7068669 0 -0.7068783 0.7073352 0 0.7072594 -0.7069542 0 -0.7069978 0.7072158 0 0.7071293 -0.7070843 0 0.7070811 -0.7071325 0 -0.7073613 -0.7068523 0 0.7070964 0.7071171 0 0 0 1 -0.7070741 -0.7071395 0 0.7069545 0.7072591 0 -0.7074759 -0.7067375 0 0.7070741 0.7071395 0 0.7071091 -0.7071046 0 0.7071378 0.7070758 0 0.7071136 0.7071 0 -0.7070854 -0.7071283 2.74676e-5 0.7071586 -0.7070549 1.41446e-4 -0.7070997 -0.707114 0 0.7070743 -0.7071394 -2.44554e-5 0.7071068 0.7071068 0 0.7072011 -0.7070125 0 0.7071382 -0.7070755 0 0.7071595 -0.7070541 0 -0.7070054 -0.7072082 0 0.7067172 0.7074962 0 -0.7070131 -0.7072005 0 -0.7070964 -0.7071171 0 0.7070108 0.7072027 0 -0.7070966 -0.707117 0 -0.7071068 0.7071068 0 -0.7070894 -0.7071242 0 0.707101 -0.7071126 0 -0.707101 0.7071126 0 -0.7071225 -0.707091 0 -0.7071856 -0.707028 0 -0.7072594 0.7069542 0 -7.88022e-5 0 1 0.7069978 -0.7072158 0 -0.7073466 0.7068669 0 -0.7070925 -0.7071211 0 -0.707094 -0.7071197 0 -0.7070772 -0.7071364 0 -0.7071165 -0.7070971 0 -0.7070511 -0.7071625 0 -0.7071614 -0.7070522 0 -0.7071264 -0.7070872 0 -9.3872e-6 0 1 0 0 -1 -0.9742537 0.2254549 0 -0.9595422 0.2815652 0 -0.959624 0.281286 0 -0.7099549 -0.7042472 0 -0.7042261 -0.7099757 -3.76683e-5 -0.704105 -0.7100959 0 -0.3964027 -0.9180767 0 -0.3966732 -0.9179601 0 -0.09218865 -0.9957416 0 -0.09219664 -0.9957408 0 0.2254933 -0.9742447 0 -0.9957466 -0.09213399 0 -0.9741508 0.225899 0 -0.9957471 -0.09212982 0 -0.9178939 -0.3968262 0 -0.9180676 -0.3964241 0 0.2815563 -0.9595447 0 0.2814688 -0.9595705 0 -0.7071171 -0.7070965 0 3.51914e-5 0 1 4.31137e-6 0 1 2.32384e-6 0 1 0.7071212 -0.7070924 0 3.34714e-5 0 -1 -2.41741e-5 0 -1 3.71816e-5 0 -1 -0.7070924 0.7071212 0 0.7069741 0.7070162 -0.01777213 0.7082773 -0.7059344 2.74171e-5 0.7070704 -0.7071433 -5.20571e-6 0.7071489 -0.7070647 0 0.707135 -0.7070786 0 -0.7069031 -0.7073105 0 -0.707136 -0.7070775 0 0.707136 0.7070775 0 0.7070651 -0.7071486 0 0.7068516 0.7073619 0 -0.7072952 -0.7069183 0 -4.12563e-4 0 1 0.9595314 0.2816019 0 0.9742467 0.225485 0 0.9596104 0.2813325 0 0.7043036 -0.709899 0 0.7097074 -0.7044967 0 0.7045649 -0.7096396 -3.41849e-5 0.3965145 -0.9180285 0 0.0921477 -0.9957454 0 0.3962805 -0.9181296 2.47144e-6 -0.2253688 -0.9742736 0 0.09207046 -0.9957525 0 0.9957459 -0.09214216 0 0.9741455 0.2259216 0 0.917927 -0.3967496 -5.32806e-6 0.9957461 -0.09213894 0 0.9180992 -0.3963507 0 -0.2815563 -0.9595447 0 -0.2814688 -0.9595705 0 0.7071266 -0.7070869 0 -4.86806e-7 0 1 -5.53918e-6 0 1 -2.09392e-5 0 -1 1.19008e-5 0 -1 1.5065e-5 0 -1 0.7070679 0.7071458 0 5.15039e-5 0 -1 0.9595314 0.2816019 0 0.9742454 0.2254906 0 0.7044591 -0.7097446 0 0.7099404 -0.7042618 0 0.7043367 -0.7098661 3.79632e-5 0.3964167 -0.9180707 0 0.09200364 -0.9957587 -2.76449e-6 0.3966867 -0.9179541 0 -0.2254909 -0.9742454 0 0.09197211 -0.9957617 0 0.9956997 -0.09264141 0 0.9742545 0.2254514 1.73119e-5 0.9180982 -0.3963534 0 0.9957453 -0.09214884 0 0.917935 -0.3967309 0 -0.2813763 -0.9595975 0 -0.2813763 -0.9595976 0 0.7071168 -0.7070969 0 -2.45587e-7 0 1 -2.78082e-6 0 1 -3.02641e-6 0 1 -0.7070484 -0.7071651 0 -2.45587e-7 0 -1 -2.78082e-6 0 -1 0.7070484 0.7071651 0 0.7070443 -0.7071693 0 0.7070434 0.7071702 0 -0.7072198 -0.7069938 0 0.707115 -0.7070987 0 -0.7070211 -0.7071925 0 -1.46701e-5 0 1 0.7074977 -0.7067157 0 -0.7068409 -0.7073726 0 0.7069949 -0.7072187 0 -0.7070797 -0.707134 0 0.7068966 0.7073169 0 -0.7071025 -0.7071111 0 0.7071147 -0.7070989 0 0.7070892 -0.7071244 0 -0.7065977 -0.7076156 0 8.02536e-5 0 1 0.7065777 0.7076355 0 -2.56805e-4 0 -1 -0.7073369 -0.7068766 0 5.62615e-5 0 1 0.7060474 0.7081646 0 0.707095 -0.7071187 0 0.7071398 -0.7070738 0 -0.7070506 -0.707163 0 0.7070989 -0.7071148 0 0.7071308 -0.7070828 0 -0.7071068 -0.7071068 0 0.7071011 -0.7071125 0 0.7071127 -0.707101 0 -0.707125 -0.7070886 0 0.7071334 -0.7070802 0 0.7070828 -0.7071309 0 0.7071549 -0.7070587 0 0.70712 -0.7070937 0 -1.72992e-5 0 1 -0.7073371 -0.7068765 0 -0.7069581 -0.7072555 0 -0.7071437 -0.7070699 0 -0.707074 -0.7071396 0 -5.58722e-5 0 1 0.7070955 -0.7071182 0 0.707086 -0.7071276 0 -0.7070955 0.7071182 0 -0.7070749 0.7071387 0 -2.79306e-5 0 1 0.7070735 -0.7071402 0 -0.7071995 0.7070142 0 -0.7071638 0.7070499 0 -0.7072651 -0.7069485 0 -0.7070301 -0.7071835 0 0.7070142 -0.7071994 0 -0.7071198 0.7070938 0 2.79345e-5 0 1 0.7071623 -0.7070513 0 -5.58534e-5 0 1 0.7072333 -0.7069803 0 0.7074149 -0.7067986 0 0.7070828 -0.7071308 8.99444e-6 0.7071195 -0.7070941 -4.34709e-5 -0.707175 -0.7070386 0 0.7071189 -0.7070947 1.04674e-4 0.7071244 -0.7070893 0 -0.7078762 -0.7063366 0 0.7075967 0.7066166 0 -8.0213e-5 0 -1 0.7071647 -0.707049 0 0.7071304 -0.7070832 0 0.7071484 -0.7070652 6.65661e-5 -0.7071132 0.7071004 -7.84374e-6 0.7071079 0.7071058 0 7.13856e-7 0 1 0.7070362 0.7071774 -4.19533e-5 -0.7070932 0.7071204 0 0.7070277 0.7071859 0 0.7070371 0.7071765 0 0.7071437 0.7070699 0 0.7069581 0.7072555 0 0.707072 0.7071416 0 0.7072651 0.7069485 0 0.7070787 -0.707135 0 0.7070725 0.7071411 0 0.7070307 -0.7071829 0 0.707069 -0.7071446 0 -0.7070994 -0.7071142 0 0.7071142 -0.7070994 0 -8.43483e-6 0 -1 0.707122 -0.7070916 0 0.7071122 -0.7071014 0 0.7070865 0.7071272 0 0.7072629 0.7069506 0 0.7070029 0.7072107 -2.30873e-4 0.706677 0.7075363 0 0.7072274 -0.7069862 0 -0.7071048 0.7071088 0 4.48914e-5 0 -1 4.48994e-5 0 1 0.7072351 0.7069785 1.28308e-4 -0.7070865 -0.7071272 0 -0.7069168 -0.7072969 0 -0.7070081 -0.7071928 -0.004247903 -0.7101352 -0.7040655 0 -0.7070774 -0.7071236 0.004224419 -0.7071536 -0.70706 0 0.7070997 0.7071139 0 1.1915e-4 0 -1 -0.7070861 0.7071276 0 0.7076221 -0.7065912 0 1.90658e-4 0 1 -0.7068721 -0.7073415 0 -0.7070096 -0.707204 2.91671e-4 -0.7076203 -0.7065929 0 -0.7071912 -0.7070223 -3.37723e-4 -0.7071736 -0.70704 0 1.40942e-5 0 1 -4.36948e-5 0 1 -0.7073135 -0.7069001 0 0.7072618 0.7069517 0 8.7604e-5 0 1 -0.7067992 -0.7074143 0 0.7068761 0.7073374 0 -1.75208e-4 0 1 -0.7068761 -0.7073374 0 0.7067992 0.7074143 0 -0.7071214 0.7070922 0 0.7071119 0.7071017 0 0.8099257 0.5865326 0 0.7071545 0.7070591 0 0.7733005 0.6340302 0.003469586 -0.7071202 -0.7069059 0.01628172 -0.6338391 -0.7734587 0.003139793 -0.6960799 -0.7177957 0.01555806 0.706906 0.7071188 0.01634162 -0.5302329 -0.6959886 0.4842035 0.6853047 -0.7272192 0.03885573 0.4789727 -0.5203902 0.7069507 0.7738494 0.6312657 -0.05158287 0.7302969 -0.6818922 0.04110294 0.144918 -0.1923954 0.9705581 0.1883727 -0.1493184 0.9706801 0.829394 -0.3994203 0.390601 0.6710945 -0.7413719 0 -0.5866923 -0.8098101 0 -0.02638077 -0.02624481 0.9993074 0.74206 -0.6703335 0 0.6400535 0.6259779 0.4455147 0.03075665 0.03058785 0.9990589 -0.7071577 -0.7070559 0 -0.7072148 0.7069983 7.98364e-4 -0.7071528 0.7070608 0 0.8099535 0.5864941 0 0.7071365 0.7070772 0 0.7732918 0.6340408 0.003468394 -0.7070797 -0.7069482 0.01620763 -0.6338893 -0.7734169 0.003281295 -0.6959853 -0.7178968 0.01512491 0.7070712 0.706954 0.01632356 -0.530012 -0.6959301 0.4845294 0.6831684 -0.7291523 0.04022485 0.4790918 -0.5208276 0.7065477 0.774154 0.6308858 -0.05166184 0.7279589 -0.6844865 0.03942358 0.1495206 -0.1881964 0.9706831 0.1922464 -0.1445485 0.9706426 0.8290338 -0.4000496 0.3907216 0.671094 -0.7413723 0 -0.586494 -0.8099536 0 -0.03071391 -0.03077822 0.9990543 0.7420598 -0.6703338 0 0.6399583 0.6263132 0.44518 0.02626734 0.02637445 0.999307 -0.7070004 -0.7072131 0 -0.7072148 0.7069984 6.76579e-4 0.8097772 0.5867376 0 0.7070004 0.7072131 0 0.7735612 0.6337122 0.003457963 -0.7072225 -0.7068077 0.01610255 -0.6339023 -0.7734051 0.003535151 -0.6960109 -0.7178693 0.01525288 0.7071694 0.7068569 0.01627731 -0.5303332 -0.6959421 0.4841604 0.6853526 -0.7271644 0.03903639 0.4790325 -0.520663 0.7067092 0.77377 0.6313476 -0.05177128 0.7302016 -0.6819983 0.04103785 0.1449398 -0.1921396 0.9706054 0.1883554 -0.1493437 0.9706795 0.8293634 -0.399293 0.3907962 0.6710609 -0.7414023 0 -0.586703 -0.8098022 0 -0.02639204 -0.0264278 0.9993023 0.7420509 -0.6703436 0 0.639756 0.6261778 0.4456608 0.03073382 0.03076756 0.999054 -0.7071757 -0.7070379 0 -0.7072489 0.7069647 9.47311e-5 -0.7071451 0.7070685 0 0.8099179 0.5865433 0 0.7071365 0.7070771 0 0.773867 0.6333383 0.003541767 -0.7072815 -0.7067431 0.01634937 -0.6338939 -0.7734126 0.003425955 -0.6962113 -0.7176704 0.01546305 0.7069076 0.7071169 0.01634836 -0.530214 -0.6960442 0.4841443 0.6853037 -0.7272158 0.0389375 0.4770004 -0.5222712 0.7068971 0.773796 0.6313421 -0.05144953 0.7298818 -0.6823376 0.0410856 0.1495617 -0.1884889 0.9706201 0.192255 -0.1449602 0.9705795 0.8299841 -0.3997541 0.3890028 0.6710133 -0.7414454 0 -0.5866883 -0.8098129 8.89586e-5 -0.03067296 -0.03059053 0.9990613 0.7419977 -0.6704025 0 0.640145 0.625957 0.4454126 0.02647888 0.02622956 0.9993052 -0.7071365 -0.7070771 0 -0.70699 0.7072235 0 -0.7070838 0.7071298 0 0.8095831 0.5870054 0 0.7070216 0.707192 0 0.7740004 0.6331757 0.003440499 -0.7070879 -0.7069361 0.01636952 -0.633866 -0.7734359 0.00329107 -0.6960539 -0.717821 0.01556056 0.7074351 0.7065833 0.01660412 -0.5300922 -0.6960412 0.4842818 0.6831818 -0.7291373 0.04026859 0.4802442 -0.5192389 0.7069346 0.7741709 0.6308649 -0.05166137 0.7275956 -0.6848782 0.03932636 0.1474106 -0.1900843 0.970638 0.189855 -0.1471449 0.9707232 0.8286719 -0.3986013 0.3929629 -0.03066676 -0.03066843 0.9990592 0.7424409 -0.6699116 1.6336e-4 0.6398104 0.6263896 0.4452849 0.02638971 0.02602821 0.9993129 -0.7071059 0.7071059 -0.001542329 -0.7070915 0.7071221 0 0.80981 0.5866923 0 0.7734871 0.6338031 0.003371238 -0.7070181 -0.7070076 0.01630055 -0.6338958 -0.7734109 0.003423988 -0.6960743 -0.7178053 0.01536732 0.7072179 0.7068091 0.01623791 -0.5301369 -0.6958818 0.484462 0.6852889 -0.7272326 0.03888362 0.4771113 -0.5224834 0.7066653 0.7739353 0.6311466 -0.05175179 0.7302354 -0.6819576 0.04111218 0.1476091 -0.1897971 0.9706641 0.1899879 -0.1472295 0.9706843 0.8290092 -0.4008819 0.3899198 -0.5865501 -0.809913 -8.88663e-6 -0.02629655 -0.02643662 0.9993046 0.7419974 -0.6704028 0 0.6395486 0.6262198 0.4458994 0.03070455 0.0307362 0.9990558 -0.7070185 -0.7071951 0 -0.7070483 0.7071651 4.67007e-4 0.8099507 0.586498 0 0.7733645 0.6339526 0.003384947 -0.7072488 -0.7067733 0.01645231 -0.6338011 -0.7734887 0.003383457 -0.6960856 -0.7177942 0.01537531 0.706955 0.7070765 0.01604807 -0.5300523 -0.6959649 0.4844352 0.6852836 -0.7272371 0.03889209 0.4770337 -0.5223613 0.706808 0.7741497 0.6309048 -0.05149173 0.7302158 -0.6819812 0.04106754 0.1476477 -0.190054 0.9706079 0.1899358 -0.1475605 0.9706443 0.8294022 -0.4005177 0.3894581 -0.02635711 -0.02610003 0.9993119 0.639972 0.625949 0.4456724 0.03080916 0.0308187 0.9990501 -0.7070481 0.7071649 9.34013e-4 0.8095503 0.5870507 0 0.7070005 0.7072131 0 0.773872 0.6333327 0.003461718 -0.7073171 -0.7067064 0.01639246 -0.6338596 -0.7734409 0.00336188 -0.6960499 -0.7178283 0.01539903 0.7074774 0.7065364 0.01679342 -0.5300362 -0.6960363 0.4843503 0.6832216 -0.7291007 0.04025596 0.4802419 -0.5192883 0.7069 0.7742302 0.6307966 -0.05160737 0.7275783 -0.6848949 0.03935551 0.1474783 -0.1900396 0.9706364 0.1900056 -0.1472326 0.9706805 0.8287588 -0.3984391 0.3929443 0.6710993 -0.7413676 0 -0.03074568 -0.03047406 0.9990626 0.7424459 -0.6699061 -1.28319e-4 0.6399827 0.6262897 0.4451782 0.02637702 0.02598071 0.9993145 -0.7070858 0.7071264 -0.001393556 0.773748 0.6334842 0.003459215 -0.7070872 -0.706939 0.01628118 -0.6339601 -0.7733581 0.003487825 -0.6961869 -0.717699 0.01523196 0.7072857 0.7067379 0.01638817 -0.5303198 -0.6959691 0.4841364 0.6831604 -0.7291525 0.04035711 0.4803483 -0.5194559 0.7067044 0.7736881 0.6314486 -0.0517643 0.7276505 -0.6848194 0.03933483 0.1448568 -0.192265 0.9705929 0.1883326 -0.1493381 0.9706848 0.8288421 -0.3980521 0.3931608 -0.02636528 -0.02632009 0.9993059 0.6397863 0.6260601 0.4457827 0.03080332 0.03060013 0.9990569 -0.7071948 0.7070189 2.7064e-5 0.8099285 0.5865287 0 0.7731807 0.6341766 0.003425061 -0.7070804 -0.7069466 0.01624447 -0.6337753 -0.77351 0.003361344 -0.695982 -0.7178928 0.01546066 0.7069206 0.7071074 0.01619869 -0.5303313 -0.6959813 0.4841061 0.6831815 -0.729137 0.04027801 0.4802697 -0.5192759 0.7068901 0.7738576 0.6312471 -0.05168879 0.7280516 -0.6843882 0.03941833 0.144858 -0.1922154 0.9706027 0.1883457 -0.1495516 0.9706494 0.8288743 -0.3981657 0.3929778 0.6710551 -0.7414076 0 -0.02619862 -0.02642792 0.9993075 0.7420461 -0.670349 0 0.640274 0.6257348 0.4455392 0.03079086 0.03064686 0.999056 -0.7071607 0.7070525 7.57711e-4 0.77334 0.6339824 0.003437578 -0.7071059 -0.7069225 0.01618331 -0.6338356 -0.7734607 0.003339052 -0.6961483 -0.7177276 0.01564794 0.7069561 0.7070686 0.01634526 -0.5302447 -0.6961123 0.4840127 0.685329 -0.727192 0.03893822 0.4788917 -0.5204789 0.7069402 0.7737314 0.63139 -0.05183047 0.7302947 -0.6818953 0.04109197 0.1449256 -0.192239 0.9705879 0.1883657 -0.1492968 0.9706847 0.8291717 -0.3995789 0.3909106 -0.586498 -0.8099507 8.89187e-5 -0.02646106 -0.02628177 0.9993043 0.6401865 0.6259465 0.4453675 0.03068071 0.03065234 0.9990592 -0.7070005 -0.7072131 0 -0.7072149 0.7069984 6.35985e-4 0.8099207 0.5865394 0 0.773625 0.633634 0.003515422 -0.7071197 -0.7069134 0.01597982 -0.6338509 -0.7734478 0.003419756 -0.6958488 -0.7180272 0.01520973 0.7069981 0.7070277 0.01629447 -0.5299016 -0.6960381 0.4844951 0.6832109 -0.7291073 0.04031765 0.4790148 -0.5207318 0.7066705 0.7739438 0.6311404 -0.05170106 0.7277483 -0.6847131 0.03937447 0.1494624 -0.1880463 0.9707212 0.1922867 -0.144717 0.9706095 0.8291668 -0.3997489 0.390747 -0.03089761 -0.03075635 0.9990493 0.7420648 -0.6703283 0 0.6399707 0.6262758 0.4452148 0.02636295 0.02634507 0.9993053 -0.7071948 0.7070189 4.05959e-5 0.5905663 -0.8069891 0 0.7071545 -0.7070591 0 0.6360492 -0.7716407 0.003482162 -0.7068454 0.7071951 0.01564848 -0.7715079 0.6362113 0.00329864 -0.7174522 0.6964464 0.01499181 0.7068865 -0.7071527 0.01570659 -0.6988186 0.5368546 0.472694 -0.7280016 -0.6844631 0.03903907 -0.5230079 -0.4762536 0.7068559 0.6337985 -0.7718655 -0.05023151 -0.6810863 -0.7310423 0.04121446 -0.1889367 -0.1488822 0.9706375 -0.1439917 -0.1930006 0.9705757 -0.3988722 -0.8333315 0.3827006 -0.7429482 -0.6693489 0 -0.8067299 0.5909204 2.19533e-5 -0.03183418 0.03183364 0.9989862 -0.6689423 -0.7433144 0 0.6277232 -0.6449234 0.4359329 0.02716392 -0.02733463 0.9992573 -0.7071365 0.7070772 0 0.7070509 0.7071627 3.63307e-4 0.7071147 0.7070989 0 0.5907139 -0.8068811 0 0.7071365 -0.7070771 0 0.6361762 -0.7715372 0.003201842 -0.7073975 0.7066274 0.01632839 -0.7716854 0.6359956 0.003357291 -0.7175353 0.6963587 0.01509237 0.7069671 -0.7070738 0.01563453 -0.6988085 0.5370942 0.4724369 -0.7277543 -0.6847337 0.03890359 -0.5229379 -0.4764958 0.7067445 0.6340068 -0.7716998 -0.05014783 -0.6810926 -0.7310445 0.04107117 -0.1907216 -0.1466258 0.9706319 -0.146686 -0.1905992 0.9706468 -0.39869 -0.8334031 0.3827345 -0.742523 -0.6698207 0 -0.8069984 0.5905538 0 -0.02730244 0.02683639 0.999267 -0.6689311 -0.7433245 1.66505e-4 0.6274245 -0.6451908 0.4359673 0.03175061 -0.03185182 0.9989883 -0.7071545 0.7070591 0 0.7069861 0.7072273 4.82255e-4 0.7071226 0.707091 0 0.5904306 -0.8070884 0 0.7071788 -0.7070348 0 0.6361976 -0.7715193 0.003274619 -0.70724 0.7067933 0.01596957 -0.771645 0.6360446 0.003373861 -0.7175518 0.6963389 0.01521986 0.7071692 -0.7068696 0.01571631 -0.6987287 0.5368618 0.4728189 -0.729896 -0.6823642 0.04038548 -0.5209518 -0.4785445 0.7068271 0.6339757 -0.7717318 -0.05004763 -0.6838637 -0.7285464 0.03937858 -0.1889377 -0.1485438 0.9706891 -0.1440209 -0.193066 0.9705584 -0.3975681 -0.8331277 0.384497 -0.7429582 -0.6693379 0 -0.8067005 0.5909605 0 -0.03170138 0.03178477 0.998992 -0.6689398 -0.7433167 1.17755e-4 0.6275233 -0.6451303 0.4359145 0.02719795 -0.02734214 0.9992561 0.7069259 0.7072876 0 0.590565 -0.8069902 0 0.7071577 -0.7070559 0 0.6362085 -0.7715101 0.003321468 -0.7073321 0.7067003 0.01600044 -0.7715722 0.6361326 0.003446638 -0.7174684 0.6964275 0.01509767 0.7071033 -0.7069376 0.01563107 -0.6989908 0.5366347 0.4726894 -0.7298656 -0.682394 0.04043316 -0.5198386 -0.4796426 0.7069023 0.6340165 -0.7717049 -0.0499475 -0.6838742 -0.7285392 0.03933078 -0.1906854 -0.1467593 0.9706189 -0.1468802 -0.1904582 0.9706451 -0.3963512 -0.8326331 0.3868178 -0.7425231 -0.6698205 0 -0.8069919 0.5905625 0 -0.03176879 0.03165942 0.9989937 -0.6688938 -0.7433581 0 0.627397 -0.6451586 0.4360545 0.02727681 -0.02735304 0.9992536 -0.7071365 0.7070771 0 0.7071627 0.7070509 -5.59022e-5 0.5905656 -0.8069897 0 0.7070004 -0.7072131 0 0.6362152 -0.7715045 0.003325521 -0.7072926 0.7067443 0.01579874 -0.771385 0.6363602 0.003314971 -0.7178843 0.6959978 0.01514524 0.7072358 -0.7068024 0.01574903 -0.6988262 0.5370301 0.4724836 -0.7282979 -0.6841472 0.03905034 -0.521017 -0.4785962 0.706744 0.6338254 -0.7718615 -0.0499528 -0.6811268 -0.7310056 0.04119789 -0.1930736 -0.1437123 0.9706026 -0.1489719 -0.1888123 0.970648 -0.3976474 -0.8331195 0.3844326 -0.7420753 -0.6703166 0 -0.8075122 0.5898509 0 -0.02731013 0.02717268 0.9992576 -0.6690043 -0.7432587 0 0.6273608 -0.6452923 0.4359087 0.03185772 -0.03167986 0.9989902 -0.7071757 0.7070379 0 0.7069863 0.7072274 0 0.7070593 0.7071543 0 0.7069793 -0.7072343 0 0.6361093 -0.771592 0.003287732 -0.7068375 0.7072004 0.01576304 -0.7718749 0.6357656 0.003372848 -0.7177099 0.69618 0.01503562 0.7072017 -0.7068377 0.01568984 -0.6986469 0.5373474 0.4723881 -0.7277744 -0.6847115 0.03891885 -0.5230307 -0.4764642 0.7066972 0.6336964 -0.7719582 -0.05009442 -0.6810587 -0.7310748 0.04109483 -0.1906105 -0.1467464 0.9706355 -0.1467426 -0.1906498 0.9706283 -0.3986932 -0.8333592 0.382827 -0.7425711 -0.6697673 0 -0.8068491 0.5907576 0 -0.02721416 0.02724087 0.9992585 -0.6689526 -0.7433052 1.17773e-4 0.6273077 -0.6453446 0.4359077 0.03195464 -0.03161531 0.9989892 -0.7070004 0.7072131 0 0.7071627 0.7070509 -2.79511e-5 0.7071259 -0.7070878 0 -0.7071157 -0.707098 0 -4.49528e-6 0 1 4.67097e-6 0 -1 -8.96288e-5 0 -1 -2.1228e-5 0 1 0.707175 -0.7070386 0 -0.707175 0.7070386 0 0.7073066 0.7069069 0 -3.74697e-6 0 -1 0.7071139 -0.7070998 0 -0.7070778 -0.7071358 -1.85585e-4 -0.7070769 -0.7071368 8.99436e-5 -0.7071814 -0.7070322 0 -0.7074928 -0.7067206 0 0.7071185 -0.7070952 0 -0.7072742 0.7069393 0 -0.7072292 0.7069844 0 0.7071736 0.70704 0 -0.7071595 0.7070541 0 0.7073485 0.706865 0 -0.7072972 -0.7069163 0 0.7070754 -0.7071383 0 -0.7071914 0.7070222 0 -0.7068651 0.7073484 0 0.707221 -0.7069925 0 -0.7070754 -0.7071383 0 0.7069031 0.7073105 0 0.7070754 -0.7071381 0 0.7118542 0.702128 -0.01673239 -0.7070704 -0.7071433 0 0.7087225 -0.7054874 0 -0.7070881 -0.7071256 0 0.7070054 0.7072082 0 0.7070863 0.7071273 0 0.7071011 -0.7071126 0 0.7070598 -0.7071538 0 0.7071068 -0.7071068 0 -0.7069298 -0.7072839 0 0.7072012 0.7070124 0 -0.7070811 0.7071325 0 0.7072522 0.7069614 0 0.7071213 0.7070922 0 0.7070513 0.7071624 0 0.7072668 0.7069469 0 0.7072086 0.707005 0 -0.7070923 -0.7071214 0 -0.7071504 -0.7070631 0 -0.7072736 -0.7069401 0 -0.7071213 -0.7070922 0 -0.7071359 -0.7070778 0 -0.7070945 -0.7071191 0 -0.7071173 -0.7070964 0 -0.7072301 -0.7069835 0 0.7071833 -0.7070304 0 0.707059 -0.7071546 0 0.7073451 -0.7068684 0 0.7070867 -0.707127 0 0.7065334 -0.7076795 4.84674e-4 0.7073227 -0.706891 0 0.7070378 -0.7071759 0 0.7074983 -0.7067151 0 0.7064201 -0.7077928 3.63364e-4 0.7067112 -0.7075022 0 0.7064855 -0.7077276 0 0.707394 -0.7068195 0 0.7064718 -0.7077412 2.82637e-4 0.7072867 -0.7069269 0 0.707625 -0.7065883 6.91107e-5 0.7068719 -0.7073416 0 0.7071481 -0.7070654 0 0.707204 -0.7070096 0 0.7071378 -0.7070758 0 0.7071591 -0.7070545 0 0.7067204 -0.7074929 4.03933e-4 0.7074869 -0.7067265 0 0.7070447 -0.7071689 0 0.7071275 -0.7070862 0 0.7070546 -0.7071591 0 0.7071017 0.707112 0 0.7071206 0.7070931 0 0.7070459 0.7071678 0 0.7072896 0.7069239 0 0.7071885 0.7070251 0 0.7068942 0.7073193 0 0.7075229 0.7066905 0 0.707061 0.7071526 -1.57847e-4 0.707156 0.7070576 0 0.7073601 0.7068535 0 0.7068039 0.7074096 0 0.7073801 0.7068334 0 0.707045 0.7071685 0 -0.7070922 -0.7071214 0 -0.7070933 -0.7071203 0 -0.707126 -0.7070875 0 -0.7070669 -0.7071468 0 -0.7070828 -0.7071308 0 0.7070922 -0.7071214 0 0.7070798 -0.7071338 0 0.7071774 -0.7070361 0 0.7070669 -0.7071468 0 0.7071651 -0.7070485 0 0.7071468 -0.7070668 0 -0.7070924 -0.7071213 0 0.707136 -0.7070776 0 -0.7070661 -0.7071475 0 0.7071204 -0.7070932 0 -0.7070963 -0.7071173 0 0.7072722 -0.7069413 0 -7.87712e-5 0 1 -0.7069164 0.7072972 0 -0.7066492 0.7075641 0 0.7070963 -0.7071173 0 -0.7073485 -0.706865 0 0.7069926 0.707221 0 -0.7067172 -0.7074962 0 0.7071059 0.7071078 0 -0.7070915 -0.707122 0 -0.7071011 -0.7071126 0 0.7070223 -0.7071913 0 -0.7070743 -0.7071394 -4.03991e-6 0.7071378 -0.7070758 0 0.7071278 -0.7070859 0 0.7074759 0.7067375 0 -0.7070108 -0.7072027 0 0.7074148 0.7067986 0 0.7072988 0.7069148 0 -0.7070923 -0.7071213 0 -0.7070595 -0.707154 0 -0.7070416 -0.7071721 0 3.93964e-5 0 1 -0.7071183 -0.7070954 0 -0.7071364 -0.7070772 0 -2.87652e-6 0 1 -0.7070971 -0.7071165 0 -1.01093e-5 0 1 -0.7070553 -0.7071582 0 -0.7071031 -0.7071104 0 -0.7070916 -0.7071221 0 -0.7071163 -0.7070972 0 4.36395e-5 0 1 -1.03135e-4 0 1 -2.18188e-5 0 -1 3.75545e-5 0 -1 -1.13413e-4 0 -1 3.0216e-4 0 -1 -4.12563e-4 0 -1 -0.7101784 -0.7040218 0 0.2258402 -0.9741644 0 -0.7071275 -0.7070861 0 3.71789e-5 0 1 -2.78843e-5 0 -1 -0.707078 0.7071356 0 0.7119353 0.7022451 0 0.7070688 -0.7071366 -0.003390789 0.7071016 -0.707112 0 0.7070752 -0.7071384 0 0.7071371 -0.7070766 0 -0.7073106 -0.7069029 0 0.7074485 0.706765 0 0.7068002 -0.7074133 0 0.7070445 0.7071691 0 -0.7071008 -0.7071129 0 3.00536e-4 0 1 1.5108e-4 0 1 4.13223e-4 0 1 4.62129e-5 0 1 -2.58148e-5 0 -1 -5.06363e-6 0 -1 7.55744e-5 0 -1 1.50269e-4 0 -1 4.12541e-4 0 -1 -3.02138e-4 0 -1 2.3603e-5 0 -1 0.7099314 -0.7042709 -3.78456e-5 -0.2257922 -0.9741756 0 0.7071167 -0.7070969 0 -6.02598e-6 0 1 -0.707029 -0.7071846 0 -2.41034e-5 0 -1 0.7070095 0.7072041 0 3.00302e-4 0 1 3.77872e-5 0 1 4.60193e-5 0 1 -2.58303e-5 0 -1 -5.04454e-6 0 -1 1.5015e-4 0 -1 2.35036e-5 0 -1 0.7095713 -0.7046338 0 -0.2258301 -0.9741668 1.72109e-5 -0.7071263 -0.7070874 0 -3.02641e-6 0 -1 0.7071263 0.7070874 0 0.7070424 -0.7071712 0 0.7072198 0.7069938 0 -0.706867 -0.7073466 0 0.7071231 -0.7070905 3.26089e-5 -0.7071191 -0.7070946 0 -3.66811e-6 0 1 0.7072312 0.7069823 0 -0.7072069 -0.7070067 0 -0.7072626 -0.7069509 0 0.7070797 0.707134 0 0.707098 -0.7071157 0 0.7071266 -0.707087 0 -0.7078562 -0.7063566 0 0.7078762 0.7063366 0 1.44425e-4 0 -1 -0.7073269 -0.7068867 0 0.7086186 0.7055917 0 -4.82172e-5 0 -1 0.707092 -0.7071216 0 0.707087 -0.7071266 0 -0.7068167 -0.7073969 0 0.7071413 -0.7070722 0 -1.72952e-5 0 1 0.7070986 -0.707115 1.31709e-4 3.66433e-6 0 1 -0.7071604 -0.7070531 0 0.7070983 -0.7071154 0 0.7070688 -0.7071449 0 -0.707086 -0.7071276 0 0.7070909 -0.7071228 0 0.7071384 -0.7070752 0 1.72952e-5 0 1 -0.7070277 -0.7071859 0 -0.7075724 -0.706641 0 -0.707072 -0.7071416 0 5.58675e-5 0 1 0.7071748 -0.7070388 0 -0.7071623 0.7070513 0 0.7071638 -0.7070499 0 -0.7070735 0.7071402 0 -0.7073346 -0.7068789 0 -0.7073343 -0.7068793 0 0.7071198 -0.7070938 0 -0.7071182 0.7070955 0 -5.58847e-5 0 1 0.7070749 -0.7071387 0 2.79275e-5 0 1 0.7070615 -0.707152 0 0.7066998 -0.7075136 0 0.7071242 -0.7070894 0 -0.7071726 -0.707041 0 0.7071114 -0.7071021 0 -0.7065777 -0.7076355 0 -1.76542e-4 0 1 0.7050411 0.7091665 0 0.7070612 -0.7071524 1.82482e-5 -0.7071157 0.707098 0 0.7071214 0.7070921 3.28333e-6 -1.42772e-6 0 1 0.7071 0.7071136 0 0.7070301 0.7071835 0 0.7073364 0.7068772 0 0.7071115 -0.7071021 0 0.7070327 -0.7071809 0 0.7068907 -0.7073228 0 -0.707092 -0.7071216 0 0.707123 -0.7070906 0 0.7072591 0.7069545 0 0.7071506 0.707063 0 0.707171 0.7070426 -1.2832e-4 0.7072982 0.7069154 0 0.7070986 -0.707115 0 -0.7068362 0.7073774 4.64469e-6 -2.24492e-5 0 -1 0.7070145 0.7071991 2.30869e-4 -0.707085 -0.7071285 0 -0.704243 -0.7099592 1.16777e-4 -0.7075557 -0.7066576 -4.00927e-4 -0.709816 -0.7043871 0 -0.7071009 -0.7071009 0.004105806 -0.7070856 -0.7071281 0 0.7071528 0.7070608 0 -1.90694e-4 0 -1 -0.7076221 0.7065912 0 0.7070861 -0.7071276 0 -9.53471e-5 0 1 -0.7073553 -0.7068582 0 -0.7072755 -0.7069379 3.37602e-4 -0.7072504 -0.7069632 0 -0.7069244 -0.707289 -2.91706e-4 -0.7072618 -0.7069517 0 0.7073135 0.7069001 0 -4.36891e-5 0 -1 0.707727 0.7064861 0 8.76271e-5 0 -1 -0.7071837 -0.7070299 0 -8.76271e-5 0 -1 1.75254e-4 0 1 -0.7074146 -0.7067989 0 0.7074915 0.706722 0 -0.7071167 0.7070969 0 0.7071118 0.7071018 0 -0.7070481 0.7071649 -9.34013e-4 -0.707149 0.7070646 0 -0.7069898 0.7072232 -9.33936e-4 -0.7070876 0.707126 0 -0.7071413 0.7070723 0 -0.707215 0.7069985 8.11895e-5 -0.70708 0.7071336 0 -0.7071067 0.7071067 4.67045e-4 -0.7071402 0.7070725 0.001177191 -0.707215 0.7069985 3.92416e-4 -0.7070484 0.7071652 0 -0.7070483 0.7071651 -4.67007e-4 -0.70699 0.7072234 -4.66968e-4 0.7070465 0.707167 -4.82296e-4 0.7070553 0.7071582 0 0.7071278 0.7070858 2.0961e-4 0.7071266 0.707087 0 0.7071837 0.7070299 -1.95652e-4 0.7071278 0.7070858 2.65507e-4 -0.7070891 -0.7071245 0 9.44198e-5 0 1 4.40797e-6 0 1 9.26097e-5 0 -1 -0.7071033 -0.7071103 0 -3.24667e-5 0 -1 0.7068609 -0.7073526 0 -0.7071726 0.707041 0 0.706683 0.7075304 0 7.99169e-5 0 -1 0.7071033 -0.7071103 0 -5.86905e-5 0 1 -0.7071136 -0.7071 -8.9939e-5 -0.7071242 -0.7070894 1.85573e-4 -0.7066998 -0.7075136 0 -0.7070615 -0.707152 0 -0.7070161 0.7071976 0 -0.7070598 0.7071539 0 0.7069022 0.7073114 0 0.7069542 0.7072594 0 -0.7072591 -0.7069544 0 -0.7070223 0.7071914 0 -0.7068778 0.7073357 0 0.7074878 -0.7067256 0 -0.7070438 -0.7071697 0 0.7073106 0.7069029 0 0.7071695 -0.7070441 0 0.713491 0.7006644 0 0.707074 0.7071396 0 0.7071189 -0.7070947 0 0.7082718 -0.7059322 -0.003282248 -0.7071631 -0.7070505 0 0.7074111 0.7068024 0 -0.7067989 -0.7074146 0 0.7072022 -0.7070114 0 -4.49528e-6 0 -1 4.67097e-6 0 1 0.7070978 -0.7071158 0 -0.7072012 -0.7070124 0 0.7069298 0.7072839 0 1.40909e-5 0 1 1.40907e-5 0 1 0.7070342 0.7071795 0 0.7071504 0.7070631 0 0.7069905 0.7072231 0 0.7071624 0.7070512 0 0.7070196 0.707194 0 0.706976 0.7072376 0 -0.7070513 -0.7071624 0 -0.7072668 -0.7069469 0 -0.7071805 -0.7070331 0 -0.7071902 -0.7070234 0 -0.7071447 -0.7070689 0 0.7072119 -0.7070018 0 0.7070351 -0.7071786 0 0.7070473 -0.7071664 0 0.7067641 -0.7074493 0 0.707045 -0.7071686 0 0.7070723 -0.7071413 0 0.7069764 -0.7072373 0 0.707313 -0.7069005 0 0.706946 -0.7072676 1.12237e-4 0.7068192 -0.7073943 0 0.7072896 -0.706924 0 0.7070339 -0.7071797 0 0.7073955 -0.706818 0 0.7066752 -0.7075381 0 0.7068996 -0.707314 0 0.7073157 -0.7068979 0 0.7070807 -0.7071329 0 0.707112 0.7071017 0 0.7072531 0.7069604 0 0.7070946 0.707119 0 0.7075357 0.7066777 0 0.7069155 0.707298 0 0.7072078 0.7070058 -1.01001e-4 0.7074189 0.7067945 0 0.7066956 0.7075178 -3.07608e-5 0.7074613 0.7067521 0 0.7065058 0.7077072 0 0.7070142 0.7071994 0 -0.7071579 -0.7070558 0 -0.7070811 -0.7071325 0 -0.7071468 -0.7070669 0 -0.7070995 -0.7071141 0 -0.7071468 -0.7070668 0 0.7070995 -0.7071141 0 0.7070811 -0.7071325 0 0.7071307 -0.7070829 0 0.7071579 -0.7070558 0 0.7070828 -0.7071308 0 -0.707117 -0.7070967 0 0.7071344 -0.7070791 0</float_array>
          <technique_common>
            <accessor source="#Plane_025-mesh-normals-array" count="1073" stride="3">
              <param name="X" type="float"/>
              <param name="Y" type="float"/>
              <param name="Z" type="float"/>
            </accessor>
          </technique_common>
        </source>
        <source id="Plane_025-mesh-map-0">
          <float_array id="Plane_025-mesh-map-0-array" count="9894">1.372579 0.5000255 0.6225764 0.8748323 0.6225764 0.5000255 2.122583 0.5000255 1.372579 0.8748323 1.372579 0.5000255 1.917616 6.728949 1.176934 8.704084 1.176934 6.728949 1.176934 5.000706 0.4362524 6.728949 0.4362525 5.000706 1.917616 5.000706 1.176934 6.728949 1.176934 5.000706 1.176934 6.728949 0.4362525 8.704084 0.4362524 6.728949 1.000272 0.500018 0.5242183 0.8748323 0.5242183 0.500018 10.48775 4.549678 9.959207 6.452046 9.956718 4.545677 10.51403 6.436912 10.09341 8.117032 9.959207 6.452046 1.100259 0.8747985 1.000272 0.500018 1.100259 0.5000348 9.847521 6.457036 10.09341 8.117032 10.01552 8.223517 10.01552 8.223517 10.42799 8.134881 10.5085 8.217484 10.61061 6.438385 10.48775 4.549678 10.59569 4.548826 0.6242273 0.3748 0.5242183 0.5000181 0.6242273 0.5000078 10.5085 8.217484 10.51403 6.436912 10.61061 6.438385 9.847522 4.545629 9.959207 6.452046 9.847521 6.457036 0.8498636 0.3748312 0.3745651 0.7496373 0.8498636 0.7496372 0.4157426 1.00357 0.1383436 0.000979479 0.4157425 0.00097941 0.4157426 2.846711 0.1383435 1.00357 0.4157426 1.00357 0.3745651 0.7496373 0.2745614 0.3748189 0.2745614 0.7496434 0.4157426 2.846711 0.4730508 1.00357 0.4730508 2.846711 0.8227446 0.001628994 1.410281 2.846127 0.8226184 2.846064 0.1383436 0.000979479 0.08104771 1.00357 0.08104765 0.00097941 0.8498635 0.7496371 0.7498492 0.8748716 0.7498492 0.7496569 0.1383435 1.00357 0.08104771 2.846711 0.08104771 1.00357 0.4157426 1.00357 0.4730507 0.000979341 0.4730508 1.00357 4.947635 3.364738 2.9725 0.03170281 4.947635 0.03170293 5.761565 8.64957 6.511571 10.78578 5.761565 10.78578 5.761565 8.273406 6.511571 8.14957 5.761565 8.64957 1.448907 0.5012185 1.448907 0.8748323 0.7010996 0.8748323 1.448913 0.4997615 0.7010939 0.8748323 0.7010939 0.5012132 8.422169 6.688653 7.681488 8.663788 7.681487 6.688653 6.940868 4.578979 7.681487 6.688653 6.940806 6.688632 8.422168 4.579001 7.681487 6.688653 7.681498 4.573264 6.511571 10.78578 5.761565 12.78578 5.761565 10.78578 7.681487 6.688653 6.940747 8.663766 6.940806 6.688632 0.7251855 -0.000160985 0.2480632 0.3759959 0.7251855 0.375996 3.617887 7.211525 3.095658 4.912464 3.62017 4.909541 3.539664 9.869412 3.068968 7.195849 3.617887 7.211525 0.2480632 0.3759959 0.148049 -0.000205807 0.148049 0.3760186 3.425609 9.892582 3.728111 7.215937 3.511355 9.946987 3.092284 8.980542 3.508559 8.857407 3.583158 8.934577 3.095658 4.912464 2.972501 7.197919 2.988604 4.91171 0.7251855 0.3759961 0.6251817 0.4998468 0.6251817 0.3760056 3.068968 7.195849 3.159403 10.01299 2.972501 7.197919 3.617887 7.211525 3.728111 4.909507 3.728111 7.215937 1.450002 0.3748338 0.7000046 0.8748323 0.7000046 0.3748338 1.450005 0.3748301 0.7000018 0.8748323 0.7000018 0.3748301 12.87801 8.535781 12.12801 9.035781 12.12801 8.535781 10.50186 1.759945 9.76118 3.73508 9.761179 1.759945 9.761179 0.03170305 9.020508 1.759945 9.020508 0.03170293 10.50186 0.03170281 9.761179 1.759945 9.761179 0.03170305 12.87801 9.035781 12.12801 10.78578 12.12801 9.035781 12.87801 10.78578 12.12801 12.78578 12.12801 10.78578 9.761179 1.759945 9.020508 3.73508 9.020508 1.759945 1.317097 0.3748368 0.8329097 0.8748323 0.8329097 0.3748368 9.661565 4.549178 9.132467 6.453619 9.130326 4.545671 9.686769 6.436217 9.246466 8.115649 9.132467 6.453619 1.124997 0.8748323 1.02501 0.3748877 1.124997 0.3748877 9.021082 6.458182 9.246466 8.115649 9.1713 8.193767 9.667203 8.239007 9.246466 8.115649 9.582215 8.122242 9.784117 6.43809 9.661565 4.549178 9.769525 4.548345 1.125002 0.3748335 1.025004 0.8748323 1.125002 0.8748323 9.667203 8.239007 9.686769 6.436217 9.784117 6.43809 9.021082 4.545629 9.132467 6.453619 9.021082 6.458182 9.021081 8.302412 10.99622 11.512 9.021081 11.512 0.000319958 0.4243183 0.1760892 0.5679373 0.000319958 0.5679374 0.5711385 0.3804015 0.6110001 0.5332872 0.5711385 0.5332872 0.5819982 0.492078 1.394498 0.5713016 0.5819982 0.5713016 0.5819982 0.2936546 1.394498 0.3956787 0.5819982 0.3956787 0.5819982 0.3708508 1.394498 0.492078 0.5819982 0.492078 1.317419 0.5234024 1.135923 0.5234024 1.394498 0.3956787 0.5711385 0.441672 0.6110001 0.5333815 0.5711383 0.5333815 0.5744183 0.5310837 0.5000323 0.4303882 0.5744183 0.4303883 0.9536623 0.6793627 0.8905151 0.5334571 0.9536623 0.533457 0.000319958 0.5074306 0.1760892 0.5679997 0.000319958 0.5679997 0.7020826 0.796094 0.7085303 0.8078973 0.6885805 0.7880855 0.4155341 0.796099 0.4090843 0.8079004 0.4290387 0.7880883 0.2742074 0.3153614 0.2534124 0.3385561 0.2534127 0.3153614 0.2993612 0.3385564 0.7006406 0.315364 0.7006403 0.3385588 0.7006406 0.315364 0.7087743 0.3385588 0.7006403 0.3385588 0.7087746 0.3153641 0.71766 0.3385589 0.7087743 0.3385588 0.7176604 0.3153641 0.7257941 0.3385589 0.71766 0.3385589 0.2742074 0.3153614 0.2823413 0.3385563 0.2742071 0.3385562 0.2823415 0.3153615 0.2912271 0.3385563 0.2823413 0.3385563 0.2912274 0.3153616 0.2993612 0.3385564 0.2912271 0.3385563 0.7257941 0.3385589 0.7465882 0.3153643 0.7465881 0.338559 0.1999592 0.8909473 0.8000406 0.8511276 0.8000406 0.8909475 0.7366245 0.7323386 0.2808038 0.7732906 0.2808064 0.7323423 0.8539518 0.8511276 0.8000406 0.8909475 0.8000406 0.8511276 0.2808038 0.7732906 0.7366245 0.7323386 0.2808064 0.7323423 0.1460481 0.8909473 0.1999593 0.8511274 0.1999592 0.8909473 1.44921 0.5006738 0.4830083 0.8746804 1.449818 0.8748323 1.449113 0.5006747 0.701086 0.8748323 0.701086 0.5015834 4.947635 4.10542 2.972501 3.364738 4.947635 3.364738 6.877332 3.364749 4.947635 4.10542 4.947635 3.364738 0.8329123 0.8748323 1.317094 0.5005105 0.8329124 0.5005105 4.439706 7.026034 3.914476 4.912717 4.441931 4.909545 4.358558 9.695691 3.888402 7.009593 4.439706 7.026034 1.024996 0.5004433 1.125011 0.8748323 1.125011 0.5004433 4.243987 9.71882 4.550448 7.030513 4.330073 9.773536 3.91004 8.802363 4.328312 8.679105 4.40317 8.756698 3.914476 4.912717 3.791517 7.011578 3.806989 4.911925 1.025002 0.5004837 1.125005 0.3748067 1.125005 0.5004837 3.888402 7.009593 3.976427 9.839539 3.791517 7.011578 4.439706 7.026034 4.550447 4.909508 4.550448 7.030513 0.3547821 -1.275341 3.729782 0.724659 0.3547821 0.724659 0.3144234 0.5273026 0.5771594 0.5158041 0.5771594 0.5273026 0.3225051 0.7055388 0.5208005 0.7174592 0.5208005 0.7055388 0.6943663 0.7055388 0.496071 0.7174592 0.496071 0.7055388 0.4238893 0.7891623 0.4189462 0.7920939 0.4155341 0.796099 0.6937308 0.7891597 0.6986743 0.7920916 0.7020826 0.796094 0.2534124 0.3385561 0.2742074 0.3153614 0.2534127 0.3153614 0.7006406 0.315364 0.2993612 0.3385564 0.7006403 0.3385588 0.7087743 0.3385588 0.7006406 0.315364 0.7006403 0.3385588 0.71766 0.3385589 0.7087746 0.3153641 0.7087743 0.3385588 0.7257941 0.3385589 0.7176604 0.3153641 0.71766 0.3385589 0.2823413 0.3385563 0.2742074 0.3153614 0.2742071 0.3385562 0.2912271 0.3385563 0.2823415 0.3153615 0.2823413 0.3385563 0.2993612 0.3385564 0.2912274 0.3153616 0.2912271 0.3385563 0.7465882 0.3153643 0.7257941 0.3385589 0.7465881 0.338559 0.8000406 0.8511276 0.1999592 0.8909473 0.8000406 0.8909475 0.7366245 0.7323386 0.2808038 0.7732906 0.7366219 0.7732869 0.8000406 0.8909475 0.8539518 0.8511276 0.8000406 0.8511276 0.7366245 0.7323386 0.2808038 0.7732906 0.2808064 0.7323423 0.1999593 0.8511274 0.1460481 0.8909473 0.1999592 0.8909473 0.4290387 0.7880883 0.4238893 0.7891623 0.4189462 0.7920939 0.6937308 0.7891597 0.6986743 0.7920916 0.7020826 0.796094 0.2534124 0.3385561 0.2742074 0.3153614 0.2534127 0.3153614 0.7006406 0.315364 0.2993612 0.3385564 0.7006403 0.3385588 0.7087743 0.3385588 0.7006406 0.315364 0.7006403 0.3385588 0.71766 0.3385589 0.7087746 0.3153641 0.7087743 0.3385588 0.7257941 0.3385589 0.7176604 0.3153641 0.71766 0.3385589 0.2823413 0.3385563 0.2742074 0.3153614 0.2742071 0.3385562 0.2912271 0.3385563 0.2823415 0.3153615 0.2823413 0.3385563 0.2993612 0.3385564 0.2912274 0.3153616 0.2912271 0.3385563 0.7465882 0.3153643 0.7257941 0.3385589 0.7465881 0.338559 0.8000406 0.8511276 0.1999592 0.8909473 0.8000406 0.8909475 0.2808064 0.7323423 0.7366219 0.7732869 0.7366245 0.7323386 0.8000406 0.8909475 0.8539518 0.8511276 0.8000406 0.8511276 0.2808064 0.7323423 0.7366219 0.7732869 0.2808038 0.7732906 0.1999593 0.8511274 0.1460481 0.8909473 0.1999592 0.8909473 0.3144234 0.5273026 0.5771594 0.5158041 0.5771594 0.5273026 0.3225051 0.7055388 0.5208005 0.7174592 0.5208005 0.7055388 0.6943663 0.7055388 0.496071 0.7174592 0.496071 0.7055388 2.501306 0.5005042 0.001191258 0.8748323 0.001191258 0.5005042 0.001191258 0.8748323 -0.4148291 0.5005024 0.001191258 0.5005042 0.295044 0.10466 -0.1209716 2.604782 -0.1209716 0.10466 0.2416226 0.8290505 0.6499602 0.8111799 0.6499602 0.8290505 0.5208005 0.7055388 0.3225051 0.7174592 0.5208005 0.7174592 0.7506676 0.8097754 0.4397697 0.8284649 0.4397697 0.8097754 0.2416226 0.8290505 0.6499602 0.8111799 0.6499602 0.8290505 0.7506676 0.8097754 0.4397697 0.8284649 0.4397697 0.8097754 0.4397697 0.8284649 0.7506676 0.8097754 0.4397697 0.8097754 -1.19209e-07 2.269788 4.75 3.019788 -1.19209e-07 3.019788 9.000031 1.509894 4.38229 0.7598944 9.000031 0.7598944 0.6605897 0.1325278 0.1249151 0.8744155 0.124915 0.1325278 0.364304 0.2133307 -0.000812821 0.3123906 -0.000812866 0.2133308 0.6688586 0.8313357 0.5354308 0.822199 0.6688586 0.822199 0.5102158 0.822199 0.1780153 0.8313357 0.1780174 0.822199 0.5354308 0.8313357 0.6688587 0.822199 0.5354308 0.822199 0.4976031 0.8313357 0.8298035 0.8221989 0.4976052 0.822199 0.3643037 0.2133307 -0.000812821 0.3123906 -0.000812866 0.2133308 0.6688586 0.8313357 0.5354308 0.8222067 0.6688586 0.8222067 0.5102159 0.8222067 0.1780153 0.8313357 0.1780174 0.8222067 0.5354308 0.8313357 0.6688585 0.8222067 0.5354308 0.8222067 0.4976031 0.8313357 0.8298035 0.8222067 0.4976052 0.8222067 0.359521 0.9990909 0.1887609 0.8500041 0.359521 0.8500041 0.194377 0.999091 0.123964 0.8500042 0.1943769 0.8500041 0.6699473 0.3766665 0.6936082 0.1873735 0.6699473 0.1873735 0.4999814 0.4965702 1.00022 0.666758 0.4999631 0.6667578 0.1250937 0.8512457 0.02318757 0.9994679 0.1250938 0.9994679 0.7501636 0.4980067 0.2490904 0.5997782 0.2490904 0.4980068 0.4999755 0.4965702 1.000226 0.6667578 0.4999693 0.6667578 0.7501636 0.4980067 0.2490905 0.5997782 0.2490905 0.4980068 2.32201 0.501039 -0.1720031 0.8748323 -0.1720032 0.5051208 0.295044 0.10466 -0.1209716 2.604782 -0.1209716 0.10466 -0.7206001 0.5044821 -0.1720031 0.3748323 -0.1720032 0.5050254 0.6605897 0.1325278 0.1249151 0.8744155 0.124915 0.1325278 0.194377 0.999091 0.123964 0.8500042 0.1943769 0.8500041 0.6699473 0.3766665 0.6936082 0.1873735 0.6699473 0.1873735 1.000217 0.140896 0.4999723 0.6667578 0.4999782 0.140884 0.1250937 0.8512457 0.02318757 0.9994679 0.1250938 0.9994679 0.7501636 0.4980067 0.2490904 0.5997782 0.2490904 0.4980068 1.00023 0.4965702 0.4999723 0.6667578 0.4999722 0.4965702 0.7501636 0.4980067 0.2490904 0.5997782 0.2490904 0.4980068 0.359521 0.9990909 0.1887609 0.8500041 0.359521 0.8500041 0.4999753 0.4965702 1.000226 0.6667576 0.4999693 0.6667578 0.7501636 0.4980067 0.2490905 0.5997782 0.2490905 0.4980068 1.00023 0.4965702 0.4999724 0.6667578 0.4999724 0.4965702 0.7501636 0.4980067 0.2490905 0.5997782 0.2490905 0.4980068 0.4999754 0.4965702 1.000226 0.6667576 0.4999693 0.6667578 0.7501636 0.4980066 0.2490905 0.5997781 0.2490905 0.4980067 6.419638 5.972427 6.391507 7.315588 6.321116 5.982609 5.60942 5.982072 5.582377 7.31783 5.511183 5.981644 8.804158 5.559704 8.804237 7.061643 8.710043 5.570489 8.422227 1.06679 8.267813 2.549986 8.328116 1.061158 8.360875 2.566513 8.175245 2.999166 8.267813 2.549986 5.896934 5.953259 5.680646 7.307538 5.60942 5.982072 8.698755 1.032392 8.360875 2.566513 8.422227 1.06679 5.286898 7.666249 5.511183 5.981644 5.582377 7.31783 7.94448 2.994355 8.328115 1.061158 8.267813 2.549986 6.520778 7.784402 6.391507 7.315588 6.490027 7.305407 8.932699 7.507977 8.804237 7.061643 8.898351 7.050858 6.707391 6.027859 6.490027 7.305407 6.419638 5.972427 9.079527 5.571852 8.898351 7.050858 8.804158 5.559704 6.09556 7.651588 6.321116 5.982608 6.391507 7.315588 8.525499 7.389603 8.710043 5.570489 8.804237 7.061643 5.712771 7.787228 5.582377 7.31783 5.680646 7.307538 5.204151 5.976807 5.178787 7.306017 5.106397 5.976494 4.828959 5.985852 4.688596 7.302919 4.731103 5.980052 7.149906 1.053621 7.152238 2.541976 7.056302 1.053659 7.579911 1.041693 7.581232 2.537841 7.486169 1.052514 7.709564 2.982347 7.581232 2.537841 7.674973 2.52702 5.113218 5.979616 4.785503 7.319374 4.828959 5.985852 7.85423 1.053568 7.674973 2.52702 7.57991 1.041693 4.355237 7.763576 4.731103 5.980052 4.688596 7.302919 7.303836 2.864761 7.486168 1.052514 7.581232 2.537841 5.30908 7.77295 5.178787 7.306017 5.27656 7.295664 7.281527 2.986905 7.152238 2.541976 7.245743 2.531062 5.490215 5.947797 5.27656 7.295664 5.204151 5.976807 7.42254 0.978785 7.245743 2.531062 7.149907 1.053621 4.885162 7.653064 5.106397 5.976494 5.178787 7.306017 6.875443 2.879838 7.056302 1.053659 7.152238 2.541976 4.785503 7.319374 4.595513 7.771687 4.688596 7.302919 0.6276256 0.8501799 0.3642204 0.8756708 0.3822452 0.8501799 0.6276261 0.8501799 0.3642199 0.8756708 0.3822447 0.8501799 1.25564 0.8501797 -0.2712601 0.8756707 -0.2457693 0.8501799 1.25564 0.8501799 -0.2712604 0.8756706 -0.2457695 0.8501799 0.3109216 0.3639922 0.5826672 0.3740974 0.5826671 0.363992 4.38229 0.7598944 3.19481e-05 1.509894 0 0.7598944 0.3643038 0.2133307 -0.000812821 0.3123906 -0.000812866 0.2133308 0.6688586 0.8313357 0.5354308 0.822199 0.6688586 0.8221989 0.5102137 0.8313357 0.1780174 0.8221989 0.5102216 0.8221971 0.5354308 0.8313357 0.6688587 0.8221971 0.5354308 0.8221971 0.4976052 0.8221989 0.8298013 0.8313357 0.8298092 0.822197 0.2574645 0.7216484 0.2574645 0.6313543 0.3334553 0.7216484 0.3334553 0.7806568 0.3334553 0.7216484 0.4285881 0.7806568 0.4335291 0.6313543 0.3334553 0.7216484 0.2574645 0.6313543 12.12801 8.535781 3.87797 12.77589 3.87796 8.535781 6.511571 8.14957 10.51165 12.77589 6.511571 12.78578 0.511261 0.4898911 1.698738 4.989902 0.5112381 4.989902 4.000075 2.259921 4.75001 1.509926 4.750081 2.259926 0 0.75 0.7500061 0 0.7500061 0.75 6.550937 7.423849 5.96694 11.26443 6.32629 7.402943 8.409898 2.647592 8.478933 6.977777 8.195405 2.661682 8.957678 7.163352 8.388335 11.46589 8.74296 7.145726 5.74206 7.426125 5.159677 11.27378 5.517077 7.405338 7.734164 2.63903 7.17057 6.925452 7.52026 2.62165 7.305358 2.643173 6.743686 6.936072 7.091204 2.625907 4.837272 7.403483 4.896671 11.26031 4.613853 7.419936 5.337809 7.413595 4.762743 11.24298 5.11391 7.39317 0.1250937 0.8512457 0.02318757 0.8512457 0.02318757 0.8512457 6.877333 5.060553 4.947635 4.10542 6.877332 4.10542 1.405441 0.7362919 2.856844 0.03170281 2.909095 0.170587 1.405441 0.7362919 0.8102402 0.8016763 1.35319 0.5974079 2.016874 2.361492 1.169247 1.755923 1.712196 1.551654 1.712196 1.551654 0.8624913 0.9405605 1.405441 0.7362919 1.473924 2.565761 0.2150074 2.114948 1.169247 1.755923 2.016874 2.361492 2.366145 4.9373 1.473924 2.565761 0.8208199 -0.06984138 2.970829 0.5753803 0.8208199 0.5753803 0.1191873 0.9332121 0.4298734 0.9748251 0.1191873 0.9748252 0.6630216 0.7048539 0.3273822 0.7159374 0.3369783 0.7048539 0.4715032 0.7159374 0.5410206 0.7049462 0.5284968 0.7159374 0.3369807 0.7159374 0.6726154 0.7048555 0.6630194 0.7159374 0.1443656 0.809979 0.4339081 0.7869778 0.4339081 0.809979 0.7257336 0.809979 0.4361913 0.7869778 0.4361913 0.809979 0.4233745 0.809979 0.4760954 0.7869778 0.4233745 0.7869778 0.4760954 0.809979 0.4233745 0.7869778 0.4760954 0.7869778 0.4715032 0.7049462 0.5410206 0.7159374 0.4589793 0.7159374 0.4298734 0.9748251 0.1191873 0.9332121 0.1191873 0.9748252 0.3273822 0.7159374 0.6630216 0.7048539 0.3369783 0.7048539 0.5410206 0.7049462 0.4715032 0.7159374 0.5284968 0.7159374 0.6726154 0.7048555 0.3369807 0.7159374 0.6630194 0.7159374 0.4715032 0.7049462 0.5410206 0.7159374 0.5284967 0.7049462 0.5994961 0.1424797 0.4010813 0.2146435 0.4010813 0.1424797 0.3521652 0.4866129 0.08251881 0.9817987 0.08251881 0.4866129 0.785306 0.8083893 1.206633 0.7887981 1.206633 0.8083894 0.5126096 0.7887981 0.8601288 0.8083893 0.5126096 0.8083894 -0.5748736 0.7887981 -0.2273542 0.8083894 -0.5748736 0.8083894 0.1661052 0.7887982 0.5874324 0.8083894 0.1661052 0.8083894 0.8316496 0.8750334 0.09329694 0.8923411 0.1091005 0.8750333 0.5845122 0.8757855 0.3389104 0.8915891 0.3562183 0.8757854 0.1091005 0.8750235 0.8474532 0.892351 0.09329688 0.892351 0.3562379 0.8757855 0.6018397 0.8915891 0.3389104 0.8915891 0.08104771 2.846711 0.000979341 1.00357 0.08104771 1.00357 0.8226184 2.846064 0.001690566 0.001627564 0.8227446 0.001628994 0.2187339 0.8100978 0.1614493 0.7881587 0.2187339 0.7881587 0.3002346 0.7881587 0.24295 0.8100978 0.24295 0.7881587 0.24295 0.8100978 0.2187339 0.7881587 0.24295 0.7881587 0.3244507 0.8100978 0.3002346 0.7881587 0.3244507 0.7881587 0.2187339 0.8100978 0.1614493 0.7881587 0.2187339 0.7881587 0.3002346 0.7881587 0.24295 0.8100978 0.24295 0.7881587 0.24295 0.8100978 0.2187339 0.7881587 0.24295 0.7881587 0.3244507 0.8100978 0.3002346 0.7881587 0.3244507 0.7881587 0.1720761 0.7881674 0.1614493 0.8100978 0.1614493 0.7881587 0.3002346 0.8100978 0.2896078 0.7881674 0.3002346 0.7881587 0.24295 0.8100976 0.2187339 0.7881585 0.24295 0.7881585 0.3244507 0.8100978 0.3002346 0.7881587 0.3244507 0.7881587 0.1720761 0.7881674 0.1614493 0.8100978 0.1614493 0.7881587 0.3002346 0.8100978 0.2896078 0.7881674 0.3002346 0.7881587 0.24295 0.8100976 0.2187339 0.7881585 0.24295 0.7881585 0.3244507 0.8100978 0.3002346 0.7881587 0.3244507 0.7881587 0.7500061 0.75 9.000042 0 9.000044 0.7598944 4.000075 2.259921 -2.94036e-07 1.509894 4.00008 1.509921 1.219868 0.5688758 1.413327 0.5688759 1.219868 1.488982 1.413327 1.606786 1.606786 1.488982 1.569532 1.569532 1.413327 1.606786 1.219868 1.488982 1.413327 0.5688759 1.488982 1.606787 1.413327 1.606786 1.569532 1.569532 1.53607 1.554055 1.591691 1.477547 1.549907 1.567891 1.165965 1.611691 1.110345 1.535181 1.12871 1.53114 1.554057 1.53607 1.477548 1.59169 1.473507 1.573325 1.214963 1.660688 1.291471 1.716307 1.201127 1.674524 1.588285 0.5688761 1.569919 1.488982 1.569919 0.568876 1.413327 1.588285 1.488982 1.56992 1.493024 1.588285 1.119434 1.488982 1.101069 0.5688757 1.119434 0.5688757 1.337673 1.70722 1.413327 1.725586 1.333631 1.725585 1.000635 0.6253847 0.53105 1.527938 0.53105 0.6253847 1.413327 0.5688761 1.606786 0.5688761 1.606786 1.488982 1.413327 1.606786 1.337673 1.606785 1.257122 1.569532 0.53105 1.800199 1.000635 1.722365 1.000635 1.800199 0.6785176 1.606786 0.1905668 1.625152 0.1722012 1.606786 0.53105 1.527938 1.000635 1.625152 0.53105 1.625151 0.53105 1.625151 1.000635 1.722365 0.5310499 1.722365 0.6785176 0.568876 0.1722012 1.606786 0.1722015 0.568876 1.219868 0.5688758 1.413327 0.5688759 1.219868 1.488982 1.413327 1.606786 1.606786 1.488982 1.569532 1.569532 1.413327 1.606786 1.219868 1.488982 1.413327 0.5688759 1.488982 1.606787 1.413327 1.606786 1.569532 1.569532 1.53607 1.554055 1.591691 1.477547 1.549907 1.567891 1.165965 1.611691 1.110345 1.535181 1.12871 1.53114 1.554057 1.53607 1.477548 1.59169 1.473507 1.573325 1.214963 1.660688 1.291471 1.716307 1.201127 1.674524 1.588285 0.5688761 1.569919 1.488982 1.569919 0.568876 1.413327 1.588285 1.488982 1.56992 1.493024 1.588285 1.119434 1.488982 1.101069 0.5688757 1.119434 0.5688757 1.337673 1.70722 1.413327 1.725586 1.333631 1.725585 1.000635 0.6253847 0.53105 1.527938 0.53105 0.6253847 1.413327 0.5688761 1.606786 0.5688761 1.606786 1.488982 1.413327 1.606786 1.337673 1.606785 1.257122 1.569532 1.000635 1.800199 0.5310499 1.722365 1.000635 1.722365 0.6785176 1.606786 0.1905668 1.625152 0.1722012 1.606786 1.000635 1.527938 0.53105 1.625151 0.53105 1.527938 1.000635 1.625152 0.5310499 1.722365 0.53105 1.625151 0.6785176 0.568876 0.1722012 1.606786 0.1722015 0.568876 1.219868 0.5688758 1.413327 0.5688759 1.219868 1.488982 1.413327 1.606786 1.606786 1.488982 1.569532 1.569532 1.413327 1.606786 1.219868 1.488982 1.413327 0.5688759 1.488982 1.606787 1.413327 1.606786 1.569532 1.569532 1.53607 1.554055 1.591691 1.477547 1.549907 1.567891 1.165965 1.611691 1.110345 1.535181 1.12871 1.53114 1.554057 1.53607 1.477548 1.59169 1.473507 1.573325 1.214963 1.660688 1.291471 1.716307 1.201127 1.674524 1.588285 0.5688761 1.569919 1.488982 1.569919 0.568876 1.413327 1.588285 1.488982 1.56992 1.493024 1.588285 1.119434 1.488982 1.101069 0.5688757 1.119434 0.5688757 1.337673 1.70722 1.413327 1.725586 1.333631 1.725585 1.000635 0.6253847 0.53105 1.527938 0.53105 0.6253847 1.413327 0.5688761 1.606786 0.5688761 1.606786 1.488982 1.413327 1.606786 1.337673 1.606785 1.257122 1.569532 0.53105 1.800199 1.000635 1.722365 1.000635 1.800199 0.6785176 1.606786 0.1905668 1.625152 0.1722012 1.606786 0.53105 1.527938 1.000635 1.625152 0.53105 1.625151 0.53105 1.625151 1.000635 1.722365 0.5310499 1.722365 0.6785176 0.568876 0.1722012 1.606786 0.1722015 0.568876 1.219868 0.5688758 1.413327 0.5688759 1.219868 1.488982 1.413327 1.606786 1.606786 1.488982 1.569532 1.569532 1.413327 1.606786 1.219868 1.488982 1.413327 0.5688759 1.488982 1.606787 1.413327 1.606786 1.569532 1.569532 1.53607 1.554055 1.591691 1.477547 1.549907 1.567891 1.165965 1.611691 1.110345 1.535181 1.12871 1.53114 1.554057 1.53607 1.477548 1.59169 1.473507 1.573325 1.214963 1.660688 1.291471 1.716307 1.201127 1.674524 1.588285 0.5688761 1.569919 1.488982 1.569919 0.568876 1.413327 1.588285 1.488982 1.56992 1.493024 1.588285 1.119434 1.488982 1.101069 0.5688757 1.119434 0.5688757 1.337673 1.70722 1.413327 1.725586 1.333631 1.725585 1.000635 0.6253847 0.53105 1.527938 0.53105 0.6253847 1.413327 0.5688761 1.606786 0.5688761 1.606786 1.488982 1.413327 1.606786 1.337673 1.606785 1.257122 1.569532 1.000635 1.800199 0.5310499 1.722365 1.000635 1.722365 0.1722012 1.606786 0.6601521 1.625152 0.1905668 1.625152 0.53105 1.527938 1.000635 1.625152 0.53105 1.625151 1.000635 1.625152 0.5310499 1.722365 0.53105 1.625151 0.6785176 0.568876 0.1722012 1.606786 0.1722015 0.568876 1.219868 0.5688758 1.413327 0.5688759 1.219868 1.488982 1.413327 1.606786 1.606786 1.488982 1.569532 1.569532 1.413327 1.606786 1.219868 1.488982 1.413327 0.5688759 1.488982 1.606787 1.413327 1.606786 1.569532 1.569532 1.53607 1.554055 1.591691 1.477547 1.549907 1.567891 1.165965 1.611691 1.110345 1.535181 1.12871 1.53114 1.554057 1.53607 1.477548 1.59169 1.473507 1.573325 1.214963 1.660688 1.291471 1.716307 1.201127 1.674524 1.588285 0.5688761 1.569919 1.488982 1.569919 0.568876 1.413327 1.588285 1.488982 1.56992 1.493024 1.588285 1.119434 1.488982 1.101069 0.5688757 1.119434 0.5688757 1.337673 1.70722 1.413327 1.725586 1.333631 1.725585 1.000635 0.6253847 0.53105 1.527938 0.53105 0.6253847 1.413327 0.5688761 1.606786 0.5688761 1.606786 1.488982 1.413327 1.606786 1.337673 1.606785 1.257122 1.569532 1.000635 1.800199 0.5310499 1.722365 1.000635 1.722365 0.6785176 1.606786 0.1905668 1.625152 0.1722012 1.606786 1.000635 1.527938 0.53105 1.625151 0.53105 1.527938 0.53105 1.625151 1.000635 1.722365 0.5310499 1.722365 0.6785176 0.568876 0.1722012 1.606786 0.1722015 0.568876 1.219868 0.5688758 1.413327 0.5688759 1.219868 1.488982 1.413327 1.606786 1.606786 1.488982 1.569532 1.569532 1.413327 1.606786 1.219868 1.488982 1.413327 0.5688759 1.488982 1.606787 1.413327 1.606786 1.569532 1.569532 1.53607 1.554055 1.591691 1.477547 1.549907 1.567891 1.165965 1.611691 1.110345 1.535181 1.12871 1.53114 1.554057 1.53607 1.477548 1.59169 1.473507 1.573325 1.214963 1.660688 1.291471 1.716307 1.201127 1.674524 1.588285 0.5688761 1.569919 1.488982 1.569919 0.568876 1.413327 1.588285 1.488982 1.56992 1.493024 1.588285 1.119434 1.488982 1.101069 0.5688757 1.119434 0.5688757 1.337673 1.70722 1.413327 1.725586 1.333631 1.725585 1.000635 0.6253847 0.53105 1.527938 0.53105 0.6253847 1.413327 0.5688761 1.606786 0.5688761 1.606786 1.488982 1.413327 1.606786 1.337673 1.606785 1.257122 1.569532 0.53105 1.800199 1.000635 1.722365 1.000635 1.800199 0.1722012 1.606786 0.6601521 1.625152 0.1905668 1.625152 0.53105 1.527938 1.000635 1.625152 0.53105 1.625151 1.000635 1.625152 0.5310499 1.722365 0.53105 1.625151 0.6785176 0.568876 0.1722012 1.606786 0.1722015 0.568876 1.219868 0.5688758 1.413327 0.5688759 1.219868 1.488982 1.413327 1.606786 1.606786 1.488982 1.569532 1.569532 1.413327 1.606786 1.219868 1.488982 1.413327 0.5688759 1.488982 1.606787 1.413327 1.606786 1.569532 1.569532 1.53607 1.554055 1.591691 1.477547 1.549907 1.567891 1.165965 1.611691 1.110345 1.535181 1.12871 1.53114 1.554057 1.53607 1.477548 1.59169 1.473507 1.573325 1.214963 1.660688 1.291471 1.716307 1.201127 1.674524 1.588285 0.5688761 1.569919 1.488982 1.569919 0.568876 1.413327 1.588285 1.488982 1.56992 1.493024 1.588285 1.119434 1.488982 1.101069 0.5688757 1.119434 0.5688757 1.337673 1.70722 1.413327 1.725586 1.333631 1.725585 1.000635 0.6253847 0.53105 1.527938 0.53105 0.6253847 1.413327 0.5688761 1.606786 0.5688761 1.606786 1.488982 1.413327 1.606786 1.337673 1.606785 1.257122 1.569532 0.53105 1.800199 1.000635 1.722365 1.000635 1.800199 0.1722012 1.606786 0.6601521 1.625152 0.1905668 1.625152 0.53105 1.527938 1.000635 1.625152 0.53105 1.625151 1.000635 1.625152 0.5310499 1.722365 0.53105 1.625151 0.6785176 0.568876 0.1722012 1.606786 0.1722015 0.568876 1.219868 0.5688758 1.413327 0.5688759 1.219868 1.488982 1.413327 1.606786 1.606786 1.488982 1.569532 1.569532 1.413327 1.606786 1.219868 1.488982 1.413327 0.5688759 1.488982 1.606787 1.413327 1.606786 1.569532 1.569532 1.53607 1.554055 1.591691 1.477547 1.549907 1.567891 1.165965 1.611691 1.110345 1.535181 1.12871 1.53114 1.554057 1.53607 1.477548 1.59169 1.473507 1.573325 1.214963 1.660688 1.291471 1.716307 1.201127 1.674524 1.588285 0.5688761 1.569919 1.488982 1.569919 0.568876 1.413327 1.588285 1.488982 1.56992 1.493024 1.588285 1.119434 1.488982 1.101069 0.5688757 1.119434 0.5688757 1.337673 1.70722 1.413327 1.725586 1.333631 1.725585 1.000635 0.6253847 0.53105 1.527938 0.53105 0.6253847 1.413327 0.5688761 1.606786 0.5688761 1.606786 1.488982 1.413327 1.606786 1.337673 1.606785 1.257122 1.569532 1.000635 1.800199 0.5310499 1.722365 1.000635 1.722365 0.6785176 1.606786 0.1905668 1.625152 0.1722012 1.606786 1.000635 1.527938 0.53105 1.625151 0.53105 1.527938 0.53105 1.625151 1.000635 1.722365 0.5310499 1.722365 0.6785176 0.568876 0.1722012 1.606786 0.1722015 0.568876 1.219868 0.5688758 1.413327 0.5688759 1.219868 1.488982 1.413327 1.606786 1.606786 1.488982 1.569532 1.569532 1.413327 1.606786 1.219868 1.488982 1.413327 0.5688759 1.488982 1.606787 1.413327 1.606786 1.569532 1.569532 1.53607 1.554055 1.591691 1.477547 1.549907 1.567891 1.165965 1.611691 1.110345 1.535181 1.12871 1.53114 1.554057 1.53607 1.477548 1.59169 1.473507 1.573325 1.214963 1.660688 1.291471 1.716307 1.201127 1.674524 1.588285 0.5688761 1.569919 1.488982 1.569919 0.568876 1.413327 1.588285 1.488982 1.56992 1.493024 1.588285 1.119434 1.488982 1.101069 0.5688757 1.119434 0.5688757 1.337673 1.70722 1.413327 1.725586 1.333631 1.725585 1.000635 0.6253847 0.53105 1.527938 0.53105 0.6253847 1.413327 0.5688761 1.606786 0.5688761 1.606786 1.488982 1.413327 1.606786 1.337673 1.606785 1.257122 1.569532 0.53105 1.800199 1.000635 1.722365 1.000635 1.800199 0.6785176 1.606786 0.1905668 1.625152 0.1722012 1.606786 1.000635 1.527938 0.53105 1.625151 0.53105 1.527938 0.53105 1.625151 1.000635 1.722365 0.5310499 1.722365 0.6785176 0.568876 0.1722012 1.606786 0.1722015 0.568876 1.219868 0.5688758 1.413327 0.5688759 1.219868 1.488982 1.413327 1.606786 1.606786 1.488982 1.569532 1.569532 1.413327 1.606786 1.219868 1.488982 1.413327 0.5688759 1.488982 1.606787 1.413327 1.606786 1.569532 1.569532 1.53607 1.554055 1.591691 1.477547 1.549907 1.567891 1.165965 1.611691 1.110345 1.535181 1.12871 1.53114 1.554057 1.53607 1.477548 1.59169 1.473507 1.573325 1.214963 1.660688 1.291471 1.716307 1.201127 1.674524 1.588285 0.5688761 1.569919 1.488982 1.569919 0.568876 1.413327 1.588285 1.488982 1.56992 1.493024 1.588285 1.119434 1.488982 1.101069 0.5688757 1.119434 0.5688757 1.337673 1.70722 1.413327 1.725586 1.333631 1.725585 1.000635 0.6253847 0.53105 1.527938 0.53105 0.6253847 1.413327 0.5688761 1.606786 0.5688761 1.606786 1.488982 1.413327 1.606786 1.337673 1.606785 1.257122 1.569532 0.53105 1.800199 1.000635 1.722365 1.000635 1.800199 0.6785176 1.606786 0.1905668 1.625152 0.1722012 1.606786 1.000635 1.527938 0.53105 1.625151 0.53105 1.527938 0.53105 1.625151 1.000635 1.722365 0.5310499 1.722365 0.6785176 0.568876 0.1722012 1.606786 0.1722015 0.568876 1.219868 0.5688758 1.413327 0.5688759 1.219868 1.488982 1.413327 1.606786 1.606786 1.488982 1.569532 1.569532 1.413327 1.606786 1.219868 1.488982 1.413327 0.5688759 1.488982 1.606787 1.413327 1.606786 1.569532 1.569532 1.53607 1.554055 1.591691 1.477547 1.549907 1.567891 1.165965 1.611691 1.110345 1.535181 1.12871 1.53114 1.554057 1.53607 1.477548 1.59169 1.473507 1.573325 1.214963 1.660688 1.291471 1.716307 1.201127 1.674524 1.588285 0.5688761 1.569919 1.488982 1.569919 0.568876 1.413327 1.588285 1.488982 1.56992 1.493024 1.588285 1.119434 1.488982 1.101069 0.5688757 1.119434 0.5688757 1.337673 1.70722 1.413327 1.725586 1.333631 1.725585 1.000635 0.6253847 0.53105 1.527938 0.53105 0.6253847 1.413327 0.5688761 1.606786 0.5688761 1.606786 1.488982 1.413327 1.606786 1.337673 1.606785 1.257122 1.569532 0.53105 1.800199 1.000635 1.722365 1.000635 1.800199 0.6785176 1.606786 0.1905668 1.625152 0.1722012 1.606786 0.53105 1.527938 1.000635 1.625152 0.53105 1.625151 0.53105 1.625151 1.000635 1.722365 0.5310499 1.722365 0.6785176 0.568876 0.1722012 1.606786 0.1722015 0.568876 1.219868 0.5688758 1.413327 0.5688759 1.219868 1.488982 1.413327 1.606786 1.606786 1.488982 1.569532 1.569532 1.413327 1.606786 1.219868 1.488982 1.413327 0.5688759 1.488982 1.606787 1.413327 1.606786 1.569532 1.569532 1.53607 1.554055 1.591691 1.477547 1.549907 1.567891 1.165965 1.611691 1.110345 1.535181 1.12871 1.53114 1.554057 1.53607 1.477548 1.59169 1.473507 1.573325 1.214963 1.660688 1.291471 1.716307 1.201127 1.674524 1.588285 0.5688761 1.569919 1.488982 1.569919 0.568876 1.413327 1.588285 1.488982 1.56992 1.493024 1.588285 1.119434 1.488982 1.101069 0.5688757 1.119434 0.5688757 1.337673 1.70722 1.413327 1.725586 1.333631 1.725585 1.000635 0.6253847 0.53105 1.527938 0.53105 0.6253847 1.413327 0.5688761 1.606786 0.5688761 1.606786 1.488982 1.413327 1.606786 1.337673 1.606785 1.257122 1.569532 1.000635 1.800199 0.5310499 1.722365 1.000635 1.722365 0.6785176 1.606786 0.1905668 1.625152 0.1722012 1.606786 1.000635 1.527938 0.53105 1.625151 0.53105 1.527938 1.000635 1.625152 0.5310499 1.722365 0.53105 1.625151 0.6785176 0.568876 0.1722012 1.606786 0.1722015 0.568876 1.219868 0.5688758 1.413327 0.5688759 1.219868 1.488982 1.413327 1.606786 1.606786 1.488982 1.569532 1.569532 1.413327 1.606786 1.219868 1.488982 1.413327 0.5688759 1.488982 1.606787 1.413327 1.606786 1.569532 1.569532 1.53607 1.554055 1.591691 1.477547 1.549907 1.567891 1.165965 1.611691 1.110345 1.535181 1.12871 1.53114 1.554057 1.53607 1.477548 1.59169 1.473507 1.573325 1.214963 1.660688 1.291471 1.716307 1.201127 1.674524 1.588285 0.5688761 1.569919 1.488982 1.569919 0.568876 1.413327 1.588285 1.488982 1.56992 1.493024 1.588285 1.119434 1.488982 1.101069 0.5688757 1.119434 0.5688757 1.337673 1.70722 1.413327 1.725586 1.333631 1.725585 1.000635 0.6253847 0.53105 1.527938 0.53105 0.6253847 1.413327 0.5688761 1.606786 0.5688761 1.606786 1.488982 1.413327 1.606786 1.337673 1.606785 1.257122 1.569532 1.000635 1.800199 0.5310499 1.722365 1.000635 1.722365 0.6785176 1.606786 0.1905668 1.625152 0.1722012 1.606786 0.53105 1.527938 1.000635 1.625152 0.53105 1.625151 1.000635 1.625152 0.5310499 1.722365 0.53105 1.625151 0.6785176 0.568876 0.1722012 1.606786 0.1722015 0.568876 1.219868 0.5688758 1.413327 0.5688759 1.219868 1.488982 1.413327 1.606786 1.606786 1.488982 1.569532 1.569532 1.413327 1.606786 1.219868 1.488982 1.413327 0.5688759 1.488982 1.606787 1.413327 1.606786 1.569532 1.569532 1.53607 1.554055 1.591691 1.477547 1.549907 1.567891 1.165965 1.611691 1.110345 1.535181 1.12871 1.53114 1.554057 1.53607 1.477548 1.59169 1.473507 1.573325 1.214963 1.660688 1.291471 1.716307 1.201127 1.674524 1.588285 0.5688761 1.569919 1.488982 1.569919 0.568876 1.413327 1.588285 1.488982 1.56992 1.493024 1.588285 1.119434 1.488982 1.101069 0.5688757 1.119434 0.5688757 1.337673 1.70722 1.413327 1.725586 1.333631 1.725585 1.000635 0.6253847 0.53105 1.527938 0.53105 0.6253847 1.413327 0.5688761 1.606786 0.5688761 1.606786 1.488982 1.413327 1.606786 1.337673 1.606785 1.257122 1.569532 0.53105 1.800199 1.000635 1.722365 1.000635 1.800199 0.1722012 1.606786 0.6601521 1.625152 0.1905668 1.625152 0.53105 1.527938 1.000635 1.625152 0.53105 1.625151 1.000635 1.625152 0.5310499 1.722365 0.53105 1.625151 0.6785176 0.568876 0.1722012 1.606786 0.1722015 0.568876 1.219868 0.5688758 1.413327 0.5688759 1.219868 1.488982 1.413327 1.606786 1.606786 1.488982 1.569532 1.569532 1.413327 1.606786 1.219868 1.488982 1.413327 0.5688759 1.488982 1.606787 1.413327 1.606786 1.569532 1.569532 1.53607 1.554055 1.591691 1.477547 1.549907 1.567891 1.165965 1.611691 1.110345 1.535181 1.12871 1.53114 1.554057 1.53607 1.477548 1.59169 1.473507 1.573325 1.214963 1.660688 1.291471 1.716307 1.201127 1.674524 1.588285 0.5688761 1.569919 1.488982 1.569919 0.568876 1.413327 1.588285 1.488982 1.56992 1.493024 1.588285 1.119434 1.488982 1.101069 0.5688757 1.119434 0.5688757 1.337673 1.70722 1.413327 1.725586 1.333631 1.725585 1.000635 0.6253847 0.53105 1.527938 0.53105 0.6253847 1.413327 0.5688761 1.606786 0.5688761 1.606786 1.488982 1.413327 1.606786 1.337673 1.606785 1.257122 1.569532 1.000635 1.800199 0.5310499 1.722365 1.000635 1.722365 0.1722012 1.606786 0.6601521 1.625152 0.1905668 1.625152 1.000635 1.527938 0.53105 1.625151 0.53105 1.527938 1.000635 1.625152 0.5310499 1.722365 0.53105 1.625151 0.6785176 0.568876 0.1722012 1.606786 0.1722015 0.568876 1.219868 0.5688758 1.413327 0.5688759 1.219868 1.488982 1.413327 1.606786 1.606786 1.488982 1.569532 1.569532 1.413327 1.606786 1.219868 1.488982 1.413327 0.5688759 1.488982 1.606787 1.413327 1.606786 1.569532 1.569532 1.53607 1.554055 1.591691 1.477547 1.549907 1.567891 1.165965 1.611691 1.110345 1.535181 1.12871 1.53114 1.554057 1.53607 1.477548 1.59169 1.473507 1.573325 1.214963 1.660688 1.291471 1.716307 1.201127 1.674524 1.588285 0.5688761 1.569919 1.488982 1.569919 0.568876 1.413327 1.588285 1.488982 1.56992 1.493024 1.588285 1.119434 1.488982 1.101069 0.5688757 1.119434 0.5688757 1.337673 1.70722 1.413327 1.725586 1.333631 1.725585 1.000635 0.6253847 0.53105 1.527938 0.53105 0.6253847 1.413327 0.5688761 1.606786 0.5688761 1.606786 1.488982 1.413327 1.606786 1.337673 1.606785 1.257122 1.569532 1.000635 1.800199 0.5310499 1.722365 1.000635 1.722365 0.6785176 1.606786 0.1905668 1.625152 0.1722012 1.606786 1.000635 1.527938 0.53105 1.625151 0.53105 1.527938 0.53105 1.625151 1.000635 1.722365 0.5310499 1.722365 0.6785176 0.568876 0.1722012 1.606786 0.1722015 0.568876 1.219868 0.5688758 1.413327 0.5688759 1.219868 1.488982 1.413327 1.606786 1.606786 1.488982 1.569532 1.569532 1.413327 1.606786 1.219868 1.488982 1.413327 0.5688759 1.488982 1.606787 1.413327 1.606786 1.569532 1.569532 1.53607 1.554055 1.591691 1.477547 1.549907 1.567891 1.165965 1.611691 1.110345 1.535181 1.12871 1.53114 1.554057 1.53607 1.477548 1.59169 1.473507 1.573325 1.214963 1.660688 1.291471 1.716307 1.201127 1.674524 1.588285 0.5688761 1.569919 1.488982 1.569919 0.568876 1.413327 1.588285 1.488982 1.56992 1.493024 1.588285 1.119434 1.488982 1.101069 0.5688757 1.119434 0.5688757 1.337673 1.70722 1.413327 1.725586 1.333631 1.725585 1.000635 0.6253847 0.53105 1.527938 0.53105 0.6253847 1.413327 0.5688761 1.606786 0.5688761 1.606786 1.488982 1.413327 1.606786 1.337673 1.606785 1.257122 1.569532 0.53105 1.800199 1.000635 1.722365 1.000635 1.800199 0.1722012 1.606786 0.6601521 1.625152 0.1905668 1.625152 0.53105 1.527938 1.000635 1.625152 0.53105 1.625151 0.53105 1.625151 1.000635 1.722365 0.5310499 1.722365 0.6785176 0.568876 0.1722012 1.606786 0.1722015 0.568876 1.219868 0.5688758 1.413327 0.5688759 1.219868 1.488982 1.413327 1.606786 1.606786 1.488982 1.569532 1.569532 1.413327 1.606786 1.219868 1.488982 1.413327 0.5688759 1.488982 1.606787 1.413327 1.606786 1.569532 1.569532 1.53607 1.554055 1.591691 1.477547 1.549907 1.567891 1.165965 1.611691 1.110345 1.535181 1.12871 1.53114 1.554057 1.53607 1.477548 1.59169 1.473507 1.573325 1.214963 1.660688 1.291471 1.716307 1.201127 1.674524 1.588285 0.5688761 1.569919 1.488982 1.569919 0.568876 1.413327 1.588285 1.488982 1.56992 1.493024 1.588285 1.119434 1.488982 1.101069 0.5688757 1.119434 0.5688757 1.337673 1.70722 1.413327 1.725586 1.333631 1.725585 1.000635 0.6253847 0.53105 1.527938 0.53105 0.6253847 1.413327 0.5688761 1.606786 0.5688761 1.606786 1.488982 1.413327 1.606786 1.337673 1.606785 1.257122 1.569532 0.53105 1.800199 1.000635 1.722365 1.000635 1.800199 0.6785176 1.606786 0.1905668 1.625152 0.1722012 1.606786 0.53105 1.527938 1.000635 1.625152 0.53105 1.625151 1.000635 1.625152 0.5310499 1.722365 0.53105 1.625151 0.6785176 0.568876 0.1722012 1.606786 0.1722015 0.568876 10.16274 0.1849851 14.49348 2.38419e-07 14.49348 0.1849851 9.922753 0.5549546 14.58257 0.3699697 14.58257 0.5549546 0.09999954 16.38674 3.231994 13.15475 3.281994 13.20475 0.09999954 16.38674 3.294989 19.68173 -2.8349e-07 16.38674 0.2196934 6.344294 3.231994 3.231994 3.281994 3.281994 6.463989 0.09999972 9.758977 3.29499 9.708977 3.344989 -0.1990932 0.374598 1.092682 0.3634923 1.092673 0.374824 0.6709881 0.7995812 0.3721455 0.8341169 0.3721456 0.7995812 1.092676 0.3748205 -0.1990845 0.363269 1.092682 0.3634893 0.3109216 0.3740977 0.5826674 0.3639919 0.5826672 0.3740975 0.3109216 0.3639922 0.5826672 0.3740974 0.5826671 0.363992 0.3109216 0.3740977 0.5826674 0.3639919 0.5826672 0.3740975 -0.1990936 0.3746016 1.092682 0.3634893 1.092676 0.3748205 0.6709881 0.7995812 0.3721455 0.8341169 0.3721456 0.7995812 1.092673 0.374824 -0.1990868 0.3632654 1.092682 0.3634923 -0.2457695 0.8501799 1.281131 0.8756707 -0.2712604 0.8756706 1.25564 0.8501797 -0.2712601 0.8756707 -0.2457693 0.8501799 0.6276261 0.8501799 0.3642199 0.8756708 0.3822447 0.8501799 0.6276256 0.8501799 0.3642204 0.8756708 0.3822452 0.8501799 0.2416226 0.8290505 0.6499601 0.7807748 0.6499602 0.8290505 0.2125774 1.375 -0.05764549 -0.375 0.2125774 -0.3749998 0.6225764 0.8748323 0.3523533 0.5000259 0.6225764 0.5000255 -0.1553606 2.108582 -0.01560294 -1.108582 -0.01560294 2.108582 -0.01560294 2.108582 0.4685694 -1.108582 0.4685694 2.108582 0.8498636 0.3748312 0.7498492 0.7496568 0.7498492 0.3747919 0.3745651 0.8748323 0.2745613 0.7496435 0.2745614 0.8748446 0.8498635 0.7496371 0.3745651 0.8748323 0.8498636 0.8748323 0.6225764 0.5000255 0.3523532 0.3748311 0.6225764 0.3748301 2.122583 0.3748301 1.372579 0.5000255 1.372579 0.3748301 1.372579 0.3748301 0.6225764 0.5000255 0.6225764 0.3748301 0.6242273 0.5000079 0.5242183 0.8748323 0.6242273 0.8748524 1.100259 0.500035 1.000272 0.3748201 1.100259 0.3748539 1.000272 0.3748201 0.5242184 0.500018 0.5242183 0.3748201 1.025002 0.8748323 1.125005 0.5004838 1.125005 0.8748323 1.024996 0.3747526 1.125011 0.5004433 1.125011 0.3747526 0.8329123 0.5005105 1.317094 0.3748424 0.8329123 0.3748424 1.449818 0.3750788 0.4827265 0.5000085 1.449176 0.5007098 4.947635 5.060553 4.829011 4.10542 4.947635 4.10542 0.001191258 0.5005043 -0.4148291 0.3748303 0.001191258 0.3748339 2.501305 0.3748339 0.001191198 0.5005042 0.001191258 0.3748339 1.448921 0.3762757 0.7010725 0.5015811 0.701086 0.3762757 -0.7206 0.8748323 -0.1720031 0.5050703 -0.1720031 0.8748323 0.7251855 -0.000160977 0.6251817 0.3760051 0.6251818 -0.000178978 0.2480632 0.4998287 0.148049 0.3760194 0.148049 0.4998735 0.7251853 0.3759962 0.2480632 0.4998287 0.7251855 0.4998288 5.761565 8.14957 6.511571 8.14957 5.761566 8.273406 1.448913 0.3762864 0.7010939 0.501204 0.7010939 0.3762864 2.32201 0.3760541 -0.1720032 0.5051095 -0.1720031 0.3760541 6.463989 0.09999972 3.231994 3.231994 6.463989 -1.50156e-07 6.344295 10.14244 3.231994 13.15475 6.294296 10.09245 14.49348 0.1849851 19.06422 2.38419e-07 19.06422 0.1849851 3.159403 10.01299 2.841589 7.236011 2.972501 7.197919 3.976427 9.839539 3.659999 7.04971 3.791517 7.011578 3.728111 7.215937 3.642215 10.00051 3.511355 9.946987 3.092284 8.980542 3.575647 9.069684 3.086762 9.115161 4.550448 7.030513 4.461489 9.827383 4.330073 9.773536 3.91004 8.802363 4.39549 8.8924 3.904359 8.937582 3.871135 7.244616 3.032773 10.08992 3.642215 10.00051 4.694114 7.059396 3.849164 9.916685 4.461489 9.827383 0.7297653 0.9788429 0.7165144 0.9648715 0.7297653 0.9648719 0.5661856 0.9788429 0.5554241 0.9648715 0.5661856 0.9648719 0.540754 0.9788429 0.5293381 0.9648715 0.540754 0.9648719 0.689904 0.9788429 0.676104 0.9640745 0.689904 0.9640749 0.7297653 0.9788429 0.7165144 0.9648715 0.7297653 0.9648719 0.5894782 0.9788429 0.5771219 0.9648715 0.5894782 0.9648719 0.5894782 0.9648715 0.5771219 0.9788429 0.5771219 0.9648719 0.7297653 0.9648715 0.7165144 0.9788429 0.7165144 0.9648719 0.6899041 0.9640745 0.676104 0.9788429 0.676104 0.9640749 0.540754 0.9648715 0.5293381 0.9788429 0.5293381 0.9648719 0.5661856 0.9648715 0.5554241 0.9788429 0.5554241 0.9648719 0.7297653 0.9648715 0.7165144 0.9788429 0.7165144 0.9648719 0.5027415 0.9648719 0.5170531 0.9788429 0.5027415 0.9788429 0.7529647 0.9648715 0.7409288 0.9788429 0.7409288 0.964872 0.6614063 0.9648715 0.6464028 0.9788429 0.6464028 0.964872 0.7398439 0.6380592 0.6213128 0.7473177 0.6213128 0.6380632 0.6213128 0.6380632 0.7398439 0.7473177 0.6213128 0.7473177 0.5170531 0.9648715 0.5033373 0.9788429 0.5033373 0.9648719 0.7529647 0.9648715 0.741306 0.9788429 0.741306 0.9648719 0.6614062 0.9648715 0.6473053 0.978843 0.6473053 0.964872 0.920538 0.9368144 0.9408883 0.9660494 0.920538 0.9660494 0.9778817 0.9411535 0.9580963 0.9638783 0.9580963 0.9411545 0.9778816 0.9410451 0.9580963 0.9637697 0.9580963 0.9410459 0.8769085 0.9547121 0.8460649 0.9999493 0.8460649 0.9547137 0.9393105 0.9368141 0.9596607 0.966049 0.9393101 0.966049 0.977882 0.9411535 0.9580968 0.9638781 0.9580967 0.9411543 0.9778821 0.9410451 0.9580969 0.9637697 0.9580969 0.9410459 0.8769056 0.9547121 0.8460621 0.9999493 0.8460621 0.9547137 0.9581699 0.9693651 0.97852 0.9986001 0.9581695 0.9986 0.958099 0.9737042 0.9778844 0.996428 0.9580993 0.996428 0.9580949 0.941047 0.9778802 0.9637706 0.9580947 0.9637708 0.8769054 0.9547121 0.8460618 0.9999493 0.8460618 0.9547137 0.7398441 0.6380592 0.6213128 0.7473177 0.6213128 0.6380632 0.6202232 0.7068217 0.5561271 0.7502556 0.5561271 0.7068234 0.7398445 0.6380592 0.6213135 0.7473177 0.6213135 0.6380633 0.166687 0.6963037 0.1332857 0.7121629 0.1332857 0.6963043 0.9393076 0.9693655 0.9596577 0.9986004 0.9393074 0.9986005 0.9778777 0.9737023 0.9580924 0.9964269 0.9580923 0.9737032 0.9778823 0.9410451 0.958097 0.9637697 0.958097 0.9410459 0.8769054 0.9547121 0.8460618 0.9999493 0.8460618 0.9547137 0.7398439 0.6380592 0.6213128 0.7473177 0.6213128 0.6380633 0.1180838 0.7041149 0.0846824 0.7199741 0.0846824 0.7041155 0.7398444 0.6380591 0.6213134 0.7473177 0.6213133 0.6380631 0.2826017 0.7930309 0.2508386 0.8081122 0.2508386 0.7930315 0.5412615 0.5927104 0.4988988 0.6356999 0.4988988 0.592712 0.4988988 0.592712 0.5412615 0.5927104 0.5412615 0.5927104 0.9210168 0.9706615 0.8995299 0.9998975 0.8995299 0.9706625 0.9986948 0.9376808 0.9772078 0.9669169 0.9772078 0.9376819 0.9580954 0.9739181 0.9778807 0.9966418 0.9580954 0.9966418 0.977884 0.9410451 0.9580987 0.9637697 0.9580987 0.9410459 0.9210143 0.9706607 0.8995274 0.9998969 0.8995274 0.9706617 0.941195 0.9706607 0.9197081 0.9998968 0.919708 0.9706617 0.7027558 0.9632512 0.6897205 0.9790647 0.6897204 0.9632518 0.5037721 0.9632518 0.5168074 0.9790647 0.5037721 0.9790647 0.5289406 0.9632518 0.5419759 0.9790647 0.5289406 0.9790647 0.6361444 0.9632512 0.6231091 0.9790647 0.6231091 0.9632518 0.8769062 0.954712 0.8460627 0.9999493 0.8460627 0.9547136 0.6604026 0.9648715 0.6471517 0.9788429 0.6471517 0.9648719 0.6134197 0.9648715 0.6039955 0.9788429 0.6039955 0.9648719 0.6614612 0.9642292 0.6760635 0.9784609 0.6614612 0.9784609 0.6031008 0.9648719 0.6130005 0.9788429 0.6031008 0.9788429 0.6604026 0.9648715 0.6471517 0.9788429 0.6471517 0.9648719 0.5163238 0.9648715 0.5030728 0.9788429 0.5030728 0.9648719 0.7297145 0.9648715 0.7164635 0.9788429 0.7164635 0.9648719 0.7529352 0.9648715 0.7408474 0.9788429 0.7408474 0.9648719 0.6604026 0.9648715 0.6471517 0.9788429 0.6471517 0.9648719 0.6134197 0.9648715 0.6039955 0.9788429 0.6039955 0.9648719 0.6614612 0.9642292 0.6760635 0.9784609 0.6614612 0.9784609 0.6031008 0.9648719 0.6130005 0.9788429 0.6031008 0.9788429 0.6604026 0.9648715 0.6471517 0.9788429 0.6471517 0.9648719 0.5163238 0.9648715 0.5030728 0.9788429 0.5030728 0.9648719 0.7297145 0.9648715 0.7164635 0.9788429 0.7164635 0.9648719 0.7529352 0.9648715 0.7408474 0.9788429 0.7408474 0.9648719 0.8219862 0.9648715 0.8100724 0.9788429 0.8100724 0.9648719 0.8219863 0.9788429 0.8100724 0.9648715 0.8219863 0.9648719 0.5714408 0.000992287 0.7293787 0.1815915 0.5714408 0.1815915 0.5942367 0.001894295 0.6899309 0.1811149 0.5942367 0.1811149 1.372579 0.5000255 1.372579 0.8748323 0.6225764 0.8748323 2.122583 0.5000255 2.122583 0.8748323 1.372579 0.8748323 1.917616 6.728949 1.917616 8.704084 1.176934 8.704084 1.176934 5.000706 1.176934 6.728949 0.4362524 6.728949 1.917616 5.000706 1.917616 6.728949 1.176934 6.728949 1.176934 6.728949 1.176934 8.704084 0.4362525 8.704084 1.000272 0.500018 1.000272 0.8748323 0.5242183 0.8748323 10.48775 4.549678 10.51403 6.436912 9.959207 6.452046 10.51403 6.436912 10.42799 8.134881 10.09341 8.117032 1.100259 0.8747985 1.000272 0.8748323 1.000272 0.500018 9.847521 6.457036 9.959207 6.452046 10.09341 8.117032 10.01552 8.223517 10.09341 8.117032 10.42799 8.134881 10.61061 6.438385 10.51403 6.436912 10.48775 4.549678 0.6242273 0.3748 0.5242183 0.3748201 0.5242183 0.5000181 10.5085 8.217484 10.42799 8.134881 10.51403 6.436912 9.847522 4.545629 9.956718 4.545677 9.959207 6.452046 0.8498636 0.3748312 0.3745651 0.3748312 0.3745651 0.7496373 0.4157426 1.00357 0.1383435 1.00357 0.1383436 0.000979479 0.4157426 2.846711 0.1383436 2.846711 0.1383435 1.00357 0.3745651 0.7496373 0.3745651 0.3748312 0.2745614 0.3748189 0.4157426 2.846711 0.4157426 1.00357 0.4730508 1.00357 0.8227446 0.001628994 1.410281 0.001564562 1.410281 2.846127 0.1383436 0.000979479 0.1383435 1.00357 0.08104771 1.00357 0.8498635 0.7496371 0.8498636 0.8748323 0.7498492 0.8748716 0.1383435 1.00357 0.1383436 2.846711 0.08104771 2.846711 0.4157426 1.00357 0.4157425 0.00097941 0.4730507 0.000979341 4.947635 3.364738 2.972501 3.364738 2.9725 0.03170281 5.761565 8.64957 6.511571 8.14957 6.511571 10.78578 0.7010996 0.8748323 0.7010996 0.3762938 1.448907 0.5012185 0.7010996 0.3762938 1.448907 0.3762938 1.448907 0.5012185 1.448913 0.4997615 1.448913 0.8748323 0.7010939 0.8748323 8.422169 6.688653 8.422169 8.663788 7.681488 8.663788 6.940868 4.578979 7.681498 4.573264 7.681487 6.688653 8.422168 4.579001 8.422169 6.688653 7.681487 6.688653 6.511571 10.78578 6.511571 12.78578 5.761565 12.78578 7.681487 6.688653 7.681428 8.663788 6.940747 8.663766 0.7251855 -0.000160985 0.2480632 -0.000160985 0.2480632 0.3759959 3.617887 7.211525 3.068968 7.195849 3.095658 4.912464 3.539664 9.869412 3.143835 9.869969 3.068968 7.195849 0.2480632 0.3759959 0.2480632 -0.000160985 0.148049 -0.000205807 3.425609 9.892582 3.617887 7.211525 3.728111 7.215937 3.092284 8.980542 3.176209 8.864693 3.508559 8.857407 3.095658 4.912464 3.068968 7.195849 2.972501 7.197919 0.7251855 0.3759961 0.7251854 0.4998288 0.6251817 0.4998468 3.068968 7.195849 3.247253 9.932743 3.159403 10.01299 3.617887 7.211525 3.62017 4.909541 3.728111 4.909507 1.450002 0.3748338 1.450002 0.8748323 0.7000046 0.8748323 1.450005 0.3748301 1.450005 0.8748323 0.7000018 0.8748323 12.87801 8.535781 12.87801 9.035781 12.12801 9.035781 10.50186 1.759945 10.50186 3.73508 9.76118 3.73508 9.761179 0.03170305 9.761179 1.759945 9.020508 1.759945 10.50186 0.03170281 10.50186 1.759945 9.761179 1.759945 12.87801 9.035781 12.87801 10.78578 12.12801 10.78578 12.87801 10.78578 12.87801 12.78578 12.12801 12.78578 9.761179 1.759945 9.761179 3.73508 9.020508 3.73508 1.317097 0.3748368 1.317097 0.8748323 0.8329097 0.8748323 9.661565 4.549178 9.686769 6.436217 9.132467 6.453619 9.686769 6.436217 9.582215 8.122242 9.246466 8.115649 1.124997 0.8748323 1.02501 0.8748323 1.02501 0.3748877 9.021082 6.458182 9.132467 6.453619 9.246466 8.115649 9.667203 8.239007 9.1713 8.193767 9.246466 8.115649 9.784117 6.43809 9.686769 6.436217 9.661565 4.549178 1.125002 0.3748335 1.025004 0.3748335 1.025004 0.8748323 9.667203 8.239007 9.582215 8.122242 9.686769 6.436217 9.021082 4.545629 9.130326 4.545671 9.132467 6.453619 9.021081 8.302412 10.99621 8.302412 10.99622 11.512 0.000319958 0.4243183 0.1760892 0.4243183 0.1760892 0.5679373 0.5711385 0.3804015 0.6110001 0.3804015 0.6110001 0.5332872 0.5819982 0.492078 1.394498 0.492078 1.394498 0.5713016 0.5819982 0.2936546 1.394498 0.2936546 1.394498 0.3956787 0.5819982 0.3708508 1.394498 0.3708508 1.394498 0.492078 1.135923 0.5234024 0.5819982 0.5234024 0.5819982 0.3956787 0.5819982 0.3956787 1.394498 0.3956787 1.135923 0.5234024 1.394498 0.3956787 1.394498 0.5234024 1.317419 0.5234024 0.5711385 0.441672 0.6110001 0.441672 0.6110001 0.5333815 0.5744183 0.5310837 0.5000323 0.5310837 0.5000323 0.4303882 0.9536623 0.6793627 0.890515 0.6793626 0.8905151 0.5334571 0.000319958 0.5074306 0.1760892 0.5074305 0.1760892 0.5679997 0.7085303 0.8078973 0.4090843 0.8079004 0.6885805 0.7880855 0.4090843 0.8079004 0.4155341 0.796099 0.4290387 0.7880883 0.4290387 0.7880883 0.4155341 0.796099 0.4238893 0.7891623 0.4155341 0.796099 0.4189462 0.7920939 0.4238893 0.7891623 0.4290387 0.7880883 0.6885805 0.7880855 0.4090843 0.8079004 0.6885805 0.7880855 0.6937308 0.7891597 0.6986743 0.7920916 0.6986743 0.7920916 0.7020826 0.796094 0.6885805 0.7880855 0.4090843 0.8079004 0.7085303 0.8078973 0.4290387 0.7880883 0.7085303 0.8078973 0.7020826 0.796094 0.6885805 0.7880855 0.6885805 0.7880855 0.7020826 0.796094 0.6986743 0.7920916 0.6986743 0.7920916 0.6937308 0.7891597 0.6885805 0.7880855 0.6885805 0.7880855 0.4290387 0.7880883 0.7085303 0.8078973 0.4290387 0.7880883 0.4238893 0.7891623 0.4155341 0.796099 0.4238893 0.7891623 0.4189462 0.7920939 0.4155341 0.796099 0.2742074 0.3153614 0.2742071 0.3385562 0.2534124 0.3385561 0.2993612 0.3385564 0.2993615 0.3153616 0.7006406 0.315364 0.7006406 0.315364 0.7087746 0.3153641 0.7087743 0.3385588 0.7087746 0.3153641 0.7176604 0.3153641 0.71766 0.3385589 0.7176604 0.3153641 0.7257943 0.3153641 0.7257941 0.3385589 0.2742074 0.3153614 0.2823415 0.3153615 0.2823413 0.3385563 0.2823415 0.3153615 0.2912274 0.3153616 0.2912271 0.3385563 0.2912274 0.3153616 0.2993615 0.3153616 0.2993612 0.3385564 0.7257941 0.3385589 0.7257943 0.3153641 0.7465882 0.3153643 0.1999592 0.8909473 0.1999593 0.8511274 0.8000406 0.8511276 0.7366245 0.7323386 0.7366219 0.7732869 0.2808038 0.7732906 0.8539518 0.8511276 0.8539517 0.8909475 0.8000406 0.8909475 0.2808038 0.7732906 0.7366219 0.7732869 0.7366245 0.7323386 0.1460481 0.8909473 0.1460481 0.8511274 0.1999593 0.8511274 1.44921 0.5006738 0.4830927 0.500018 0.4830083 0.8746804 1.449113 0.5006747 1.448921 0.8748323 0.701086 0.8748323 4.947635 4.10542 2.972501 4.10542 2.972501 3.364738 6.877332 3.364749 6.877332 4.10542 4.947635 4.10542 0.8329123 0.8748323 1.317094 0.8748323 1.317094 0.5005105 4.439706 7.026034 3.888402 7.009593 3.914476 4.912717 4.358558 9.695691 3.960966 9.695802 3.888402 7.009593 1.024996 0.5004433 1.024996 0.8748323 1.125011 0.8748323 4.243987 9.71882 4.439706 7.026034 4.550448 7.030513 3.91004 8.802363 3.994459 8.686081 4.328312 8.679105 3.914476 4.912717 3.888402 7.009593 3.791517 7.011578 1.025002 0.5004837 1.025002 0.3748067 1.125005 0.3748067 3.888402 7.009593 4.064747 9.759021 3.976427 9.839539 4.439706 7.026034 4.441931 4.909545 4.550447 4.909508 0.3547821 -1.275341 3.729782 -1.275341 3.729782 0.724659 0.3144234 0.5273026 0.3144234 0.5158041 0.5771594 0.5158041 0.3225051 0.7055388 0.3225051 0.7174592 0.5208005 0.7174592 0.6943663 0.7055388 0.6943663 0.7174592 0.496071 0.7174592 0.4155341 0.796099 0.4090843 0.8079004 0.4290387 0.7880883 0.4090843 0.8079004 0.7085303 0.8078973 0.4290387 0.7880883 0.4155341 0.796099 0.4290387 0.7880883 0.4238893 0.7891623 0.7085303 0.8078973 0.7020826 0.796094 0.6885805 0.7880855 0.7020826 0.796094 0.6986743 0.7920916 0.6885805 0.7880855 0.6986743 0.7920916 0.6937308 0.7891597 0.6885805 0.7880855 0.6885805 0.7880855 0.4290387 0.7880883 0.7085303 0.8078973 0.7020826 0.796094 0.7085303 0.8078973 0.6885805 0.7880855 0.7085303 0.8078973 0.4090843 0.8079004 0.4290387 0.7880883 0.7020826 0.796094 0.6885805 0.7880855 0.6937308 0.7891597 0.4090843 0.8079004 0.4155341 0.796099 0.4290387 0.7880883 0.4155341 0.796099 0.4189462 0.7920939 0.4238893 0.7891623 0.4290387 0.7880883 0.4155341 0.796099 0.4238893 0.7891623 0.4290387 0.7880883 0.6885805 0.7880855 0.7085303 0.8078973 0.2534124 0.3385561 0.2742071 0.3385562 0.2742074 0.3153614 0.7006406 0.315364 0.2993615 0.3153616 0.2993612 0.3385564 0.7087743 0.3385588 0.7087746 0.3153641 0.7006406 0.315364 0.71766 0.3385589 0.7176604 0.3153641 0.7087746 0.3153641 0.7257941 0.3385589 0.7257943 0.3153641 0.7176604 0.3153641 0.2823413 0.3385563 0.2823415 0.3153615 0.2742074 0.3153614 0.2912271 0.3385563 0.2912274 0.3153616 0.2823415 0.3153615 0.2993612 0.3385564 0.2993615 0.3153616 0.2912274 0.3153616 0.7465882 0.3153643 0.7257943 0.3153641 0.7257941 0.3385589 0.8000406 0.8511276 0.1999593 0.8511274 0.1999592 0.8909473 0.7366245 0.7323386 0.2808064 0.7323423 0.2808038 0.7732906 0.8000406 0.8909475 0.8539517 0.8909475 0.8539518 0.8511276 0.7366245 0.7323386 0.7366219 0.7732869 0.2808038 0.7732906 0.1999593 0.8511274 0.1460481 0.8511274 0.1460481 0.8909473 0.4155341 0.796099 0.4090843 0.8079004 0.4290387 0.7880883 0.4090843 0.8079004 0.7085303 0.8078973 0.4290387 0.7880883 0.4155341 0.796099 0.4290387 0.7880883 0.4189462 0.7920939 0.7085303 0.8078973 0.7020826 0.796094 0.6885805 0.7880855 0.7020826 0.796094 0.6986743 0.7920916 0.6937308 0.7891597 0.6885805 0.7880855 0.7020826 0.796094 0.6937308 0.7891597 0.6885805 0.7880855 0.4290387 0.7880883 0.7085303 0.8078973 0.7020826 0.796094 0.7085303 0.8078973 0.6885805 0.7880855 0.7085303 0.8078973 0.4090843 0.8079004 0.4290387 0.7880883 0.7020826 0.796094 0.6885805 0.7880855 0.6937308 0.7891597 0.4090843 0.8079004 0.4155341 0.796099 0.4290387 0.7880883 0.4155341 0.796099 0.4189462 0.7920939 0.4290387 0.7880883 0.4189462 0.7920939 0.4238893 0.7891623 0.4290387 0.7880883 0.4290387 0.7880883 0.6885805 0.7880855 0.7085303 0.8078973 0.2534124 0.3385561 0.2742071 0.3385562 0.2742074 0.3153614 0.7006406 0.315364 0.2993615 0.3153616 0.2993612 0.3385564 0.7087743 0.3385588 0.7087746 0.3153641 0.7006406 0.315364 0.71766 0.3385589 0.7176604 0.3153641 0.7087746 0.3153641 0.7257941 0.3385589 0.7257943 0.3153641 0.7176604 0.3153641 0.2823413 0.3385563 0.2823415 0.3153615 0.2742074 0.3153614 0.2912271 0.3385563 0.2912274 0.3153616 0.2823415 0.3153615 0.2993612 0.3385564 0.2993615 0.3153616 0.2912274 0.3153616 0.7465882 0.3153643 0.7257943 0.3153641 0.7257941 0.3385589 0.8000406 0.8511276 0.1999593 0.8511274 0.1999592 0.8909473 0.2808064 0.7323423 0.2808038 0.7732906 0.7366219 0.7732869 0.8000406 0.8909475 0.8539517 0.8909475 0.8539518 0.8511276 0.2808064 0.7323423 0.7366245 0.7323386 0.7366219 0.7732869 0.1999593 0.8511274 0.1460481 0.8511274 0.1460481 0.8909473 0.3144234 0.5273026 0.3144234 0.5158041 0.5771594 0.5158041 0.3225051 0.7055388 0.3225051 0.7174592 0.5208005 0.7174592 0.6943663 0.7055388 0.6943663 0.7174592 0.496071 0.7174592 2.501306 0.5005042 2.501305 0.8748323 0.001191258 0.8748323 0.001191258 0.8748323 -0.4148291 0.874836 -0.4148291 0.5005024 0.295044 0.10466 0.2950134 2.604782 -0.1209716 2.604782 0.2416226 0.8290505 0.2416226 0.8111799 0.6499602 0.8111799 0.5208005 0.7055388 0.3225051 0.7055388 0.3225051 0.7174592 0.7506676 0.8097754 0.7506676 0.8284649 0.4397697 0.8284649 0.2416226 0.8290505 0.2416226 0.8111799 0.6499602 0.8111799 0.7506676 0.8097754 0.7506676 0.8284649 0.4397697 0.8284649 0.4397697 0.8284649 0.7506676 0.8284649 0.7506676 0.8097754 -1.19209e-07 2.269788 4.75 2.269788 4.75 3.019788 9.000031 1.509894 4.38229 1.509894 4.38229 0.7598944 0.6605897 0.1325278 0.6605897 0.8744153 0.1249151 0.8744155 0.364304 0.2133307 0.364304 0.3123906 -0.000812821 0.3123906 0.6688586 0.8313357 0.5354308 0.8313357 0.5354308 0.822199 0.5102158 0.822199 0.5102137 0.8313357 0.1780153 0.8313357 0.5354308 0.8313357 0.6688586 0.8313357 0.6688587 0.822199 0.4976031 0.8313357 0.8298013 0.8313357 0.8298035 0.8221989 0.3643037 0.2133307 0.364304 0.3123906 -0.000812821 0.3123906 0.6688586 0.8313357 0.5354308 0.8313357 0.5354308 0.8222067 0.5102159 0.8222067 0.5102137 0.8313357 0.1780153 0.8313357 0.5354308 0.8313357 0.6688586 0.8313357 0.6688585 0.8222067 0.4976031 0.8313357 0.8298013 0.8313357 0.8298035 0.8222067 0.359521 0.9990909 0.1887609 0.999091 0.1887609 0.8500041 0.194377 0.999091 0.123964 0.999091 0.123964 0.8500042 0.6699473 0.3766665 0.6936082 0.3766665 0.6936082 0.1873735 0.4999814 0.4965702 1.000239 0.4965703 1.00022 0.666758 0.1250937 0.8512457 0.02318757 0.8512457 0.02318757 0.9994679 0.7501636 0.4980067 0.7501636 0.5997781 0.2490904 0.5997782 0.4999755 0.4965702 1.000233 0.4965702 1.000226 0.6667578 0.7501636 0.4980067 0.7501636 0.5997781 0.2490905 0.5997782 2.32201 0.501039 2.32201 0.8748323 -0.1720031 0.8748323 0.295044 0.10466 0.2950134 2.604782 -0.1209716 2.604782 -0.7206001 0.5044821 -0.7206 0.3748323 -0.1720031 0.3748323 0.6605897 0.1325278 0.6605897 0.8744153 0.1249151 0.8744155 0.194377 0.999091 0.123964 0.999091 0.123964 0.8500042 0.6699473 0.3766665 0.6936082 0.3766665 0.6936082 0.1873735 1.000217 0.140896 1.00023 0.6667576 0.4999723 0.6667578 0.1250937 0.8512457 0.02318757 0.8512457 0.02318757 0.9994679 0.7501636 0.4980067 0.7501636 0.5997781 0.2490904 0.5997782 1.00023 0.4965702 1.00023 0.6667577 0.4999723 0.6667578 0.7501636 0.4980067 0.7501636 0.5997781 0.2490904 0.5997782 0.359521 0.9990909 0.1887609 0.999091 0.1887609 0.8500041 0.4999753 0.4965702 1.000233 0.4965702 1.000226 0.6667576 0.7501636 0.4980067 0.7501636 0.5997781 0.2490905 0.5997782 1.00023 0.4965702 1.00023 0.6667578 0.4999724 0.6667578 0.7501636 0.4980067 0.7501636 0.5997781 0.2490905 0.5997782 0.4999754 0.4965702 1.000233 0.4965702 1.000226 0.6667576 0.7501636 0.4980066 0.7501636 0.5997781 0.2490905 0.5997781 6.419638 5.972427 6.490027 7.305407 6.391507 7.315588 5.60942 5.982072 5.680646 7.307538 5.582377 7.31783 8.804158 5.559704 8.898351 7.050858 8.804237 7.061643 8.422227 1.06679 8.360875 2.566513 8.267813 2.549986 8.360875 2.566513 8.346417 2.996 8.175245 2.999166 5.896934 5.953259 5.961745 7.775017 5.680646 7.307538 8.698755 1.032392 8.589979 2.891461 8.360875 2.566513 5.286898 7.666249 5.228672 5.987284 5.511183 5.981644 7.94448 2.994355 8.060494 0.9840352 8.328115 1.061158 6.520778 7.784402 6.341123 7.774584 6.391507 7.315588 8.932699 7.507977 8.761004 7.500488 8.804237 7.061643 6.707391 6.027859 6.768943 7.783097 6.490027 7.305407 9.079527 5.571852 9.169301 7.508305 8.898351 7.050858 6.09556 7.651588 6.034011 5.896353 6.321116 5.982608 8.525499 7.389603 8.435728 5.45315 8.710043 5.570489 5.712771 7.787228 5.533004 7.777531 5.582377 7.31783 5.204151 5.976807 5.27656 7.295664 5.178787 7.306017 4.828959 5.985852 4.785503 7.319374 4.688596 7.302919 7.149906 1.053621 7.245743 2.531062 7.152238 2.541976 7.579911 1.041693 7.674973 2.52702 7.581232 2.537841 7.709564 2.982347 7.538525 2.975027 7.581232 2.537841 5.113218 5.979616 5.027581 7.652625 4.785503 7.319374 7.85423 1.053568 7.945259 2.982477 7.674973 2.52702 4.355237 7.763576 4.446537 5.948154 4.731103 5.980052 7.303836 2.864761 7.212808 0.9358521 7.486168 1.052514 5.30908 7.77295 5.130187 7.763508 5.178787 7.306017 7.281527 2.986905 7.110424 2.979694 7.152238 2.541976 5.490215 5.947797 5.556812 7.760507 5.27656 7.295664 7.42254 0.978785 7.517764 2.977368 7.245743 2.531062 4.885162 7.653064 4.82528 5.98243 5.106397 5.976494 6.875443 2.879838 6.788854 1.031461 7.056302 1.053659 4.785503 7.319374 4.773794 7.766976 4.595513 7.771687 0.6276256 0.8501799 0.6456505 0.8756707 0.3642204 0.8756708 0.6276261 0.8501799 0.645651 0.8756708 0.3642199 0.8756708 1.25564 0.8501797 1.281131 0.8756708 -0.2712601 0.8756707 1.25564 0.8501799 1.281131 0.8756707 -0.2712604 0.8756706 0.3109216 0.3639922 0.3109217 0.3740975 0.5826672 0.3740974 4.38229 0.7598944 4.38229 1.509894 3.19481e-05 1.509894 0.3643038 0.2133307 0.364304 0.3123906 -0.000812821 0.3123906 0.6688586 0.8313357 0.5354308 0.8313357 0.5354308 0.822199 0.5102137 0.8313357 0.1780153 0.8313357 0.1780174 0.8221989 0.5354308 0.8313357 0.6688586 0.8313357 0.6688587 0.8221971 0.4976052 0.8221989 0.4976031 0.8313357 0.8298013 0.8313357 0.4335291 0.6313543 0.4285881 0.7806568 0.3334553 0.7216484 12.12801 8.535781 12.12801 12.78578 3.87797 12.77589 6.511571 8.14957 10.51162 8.14957 10.51165 12.77589 0.511261 0.4898911 1.698761 0.4898911 1.698738 4.989902 4.000075 2.259921 4.00008 1.509921 4.75001 1.509926 0 0.75 0 0 0.7500061 0 6.550937 7.423849 6.191587 11.28534 5.96694 11.26443 8.409898 2.647592 8.693426 6.963686 8.478933 6.977777 8.957678 7.163352 8.603053 11.48352 8.388335 11.46589 5.74206 7.426125 5.38466 11.29456 5.159677 11.27378 7.734164 2.63903 7.384474 6.942831 7.17057 6.925452 7.305358 2.643173 6.957841 6.953338 6.743686 6.936072 4.837272 7.403483 5.120089 11.24386 4.896671 11.26031 5.337809 7.413595 4.986643 11.2634 4.762743 11.24298 0.1250937 0.8512457 0.1250937 0.8512457 0.02318757 0.8512457 6.877333 5.060553 4.947635 5.060553 4.947635 4.10542 1.405441 0.7362919 1.35319 0.5974079 2.856844 0.03170281 1.405441 0.7362919 0.8624913 0.9405605 0.8102402 0.8016763 2.016874 2.361492 1.473924 2.565761 1.169247 1.755923 1.712196 1.551654 1.169247 1.755923 0.8624913 0.9405605 1.473924 2.565761 0.5196634 2.924759 0.2150074 2.114948 2.016874 2.361492 2.909094 4.733032 2.366145 4.9373 0.8208199 -0.06984138 2.970829 -0.06984138 2.970829 0.5753803 0.1191873 0.9332121 0.4298734 0.9332121 0.4298734 0.9748251 0.6630216 0.7048539 0.6726178 0.7159374 0.3273822 0.7159374 0.4715032 0.7159374 0.4589793 0.7049462 0.5410206 0.7049462 0.3369807 0.7159374 0.3273845 0.7048555 0.6726154 0.7048555 0.1443656 0.809979 0.1443656 0.7869778 0.4339081 0.7869778 0.7257336 0.809979 0.7257336 0.7869778 0.4361913 0.7869778 0.4233745 0.809979 0.4760954 0.809979 0.4760954 0.7869778 0.4760954 0.809979 0.4233745 0.809979 0.4233745 0.7869778 0.4715032 0.7049462 0.5284967 0.7049462 0.5410206 0.7159374 0.4298734 0.9748251 0.4298734 0.9332121 0.1191873 0.9332121 0.3273822 0.7159374 0.6726178 0.7159374 0.6630216 0.7048539 0.5410206 0.7049462 0.4589793 0.7049462 0.4715032 0.7159374 0.6726154 0.7048555 0.3273845 0.7048555 0.3369807 0.7159374 0.4715032 0.7049462 0.4589793 0.7159374 0.5410206 0.7159374 0.5994961 0.1424797 0.5994961 0.2146435 0.4010813 0.2146435 0.3521652 0.4866129 0.3521652 0.9817987 0.08251881 0.9817987 0.785306 0.8083893 0.785306 0.7887982 1.206633 0.7887981 0.5126096 0.7887981 0.8601288 0.7887982 0.8601288 0.8083893 -0.5748736 0.7887981 -0.2273542 0.7887982 -0.2273542 0.8083894 0.1661052 0.7887982 0.5874324 0.7887981 0.5874324 0.8083894 0.8316496 0.8750334 0.8474531 0.8923413 0.09329694 0.8923411 0.5845122 0.8757855 0.6018397 0.8915891 0.3389104 0.8915891 0.1091005 0.8750235 0.8316496 0.8750234 0.8474532 0.892351 0.3562379 0.8757855 0.5845318 0.8757855 0.6018397 0.8915891 0.08104771 2.846711 0.000979272 2.846711 0.000979341 1.00357 0.8226184 2.846064 0.001563668 2.846064 0.001690566 0.001627564 0.2187339 0.8100978 0.1614493 0.8100978 0.1614493 0.7881587 0.3002346 0.7881587 0.3002346 0.8100978 0.24295 0.8100978 0.24295 0.8100978 0.2187339 0.8100978 0.2187339 0.7881587 0.3244507 0.8100978 0.3002346 0.8100978 0.3002346 0.7881587 0.2187339 0.8100978 0.1614493 0.8100978 0.1614493 0.7881587 0.3002346 0.7881587 0.3002346 0.8100978 0.24295 0.8100978 0.24295 0.8100978 0.2187339 0.8100978 0.2187339 0.7881587 0.3244507 0.8100978 0.3002346 0.8100978 0.3002346 0.7881587 0.1720761 0.7881674 0.1720761 0.8101066 0.1614493 0.8100978 0.3002346 0.8100978 0.2896078 0.8101066 0.2896078 0.7881674 0.24295 0.8100976 0.2187339 0.8100976 0.2187339 0.7881585 0.3244507 0.8100978 0.3002346 0.8100978 0.3002346 0.7881587 0.1720761 0.7881674 0.1720761 0.8101066 0.1614493 0.8100978 0.3002346 0.8100978 0.2896078 0.8101066 0.2896078 0.7881674 0.24295 0.8100976 0.2187339 0.8100976 0.2187339 0.7881585 0.3244507 0.8100978 0.3002346 0.8100978 0.3002346 0.7881587 0.7500061 0.75 0.7500061 0 9.000042 0 4.000075 2.259921 -2.36411e-07 2.269788 -2.94036e-07 1.509894 1.413327 1.606786 1.413327 0.5688761 1.606786 1.488982 1.413327 1.606786 1.257122 1.569532 1.219868 1.488982 1.53607 1.554055 1.573325 1.473506 1.591691 1.477547 1.165965 1.611691 1.15213 1.625526 1.110345 1.535181 1.554057 1.53607 1.567892 1.549906 1.477548 1.59169 1.214963 1.660688 1.295513 1.697942 1.291471 1.716307 1.588285 0.5688761 1.588285 1.493023 1.569919 1.488982 1.413327 1.588285 1.413327 1.56992 1.488982 1.56992 1.119434 1.488982 1.101069 1.493023 1.101069 0.5688757 1.337673 1.70722 1.413327 1.70722 1.413327 1.725586 1.000635 0.6253847 1.000635 1.527938 0.53105 1.527938 0.53105 1.800199 0.5310499 1.722365 1.000635 1.722365 0.6785176 1.606786 0.6601521 1.625152 0.1905668 1.625152 0.53105 1.527938 1.000635 1.527938 1.000635 1.625152 0.53105 1.625151 1.000635 1.625152 1.000635 1.722365 0.6785176 0.568876 0.6785176 1.606786 0.1722012 1.606786 1.413327 1.606786 1.413327 0.5688761 1.606786 1.488982 1.413327 1.606786 1.257122 1.569532 1.219868 1.488982 1.53607 1.554055 1.573325 1.473506 1.591691 1.477547 1.165965 1.611691 1.15213 1.625526 1.110345 1.535181 1.554057 1.53607 1.567892 1.549906 1.477548 1.59169 1.214963 1.660688 1.295513 1.697942 1.291471 1.716307 1.588285 0.5688761 1.588285 1.493023 1.569919 1.488982 1.413327 1.588285 1.413327 1.56992 1.488982 1.56992 1.119434 1.488982 1.101069 1.493023 1.101069 0.5688757 1.337673 1.70722 1.413327 1.70722 1.413327 1.725586 1.000635 0.6253847 1.000635 1.527938 0.53105 1.527938 1.000635 1.800199 0.53105 1.800199 0.5310499 1.722365 0.6785176 1.606786 0.6601521 1.625152 0.1905668 1.625152 1.000635 1.527938 1.000635 1.625152 0.53105 1.625151 1.000635 1.625152 1.000635 1.722365 0.5310499 1.722365 0.6785176 0.568876 0.6785176 1.606786 0.1722012 1.606786 1.413327 1.606786 1.413327 0.5688761 1.606786 1.488982 1.413327 1.606786 1.257122 1.569532 1.219868 1.488982 1.53607 1.554055 1.573325 1.473506 1.591691 1.477547 1.165965 1.611691 1.15213 1.625526 1.110345 1.535181 1.554057 1.53607 1.567892 1.549906 1.477548 1.59169 1.214963 1.660688 1.295513 1.697942 1.291471 1.716307 1.588285 0.5688761 1.588285 1.493023 1.569919 1.488982 1.413327 1.588285 1.413327 1.56992 1.488982 1.56992 1.119434 1.488982 1.101069 1.493023 1.101069 0.5688757 1.337673 1.70722 1.413327 1.70722 1.413327 1.725586 1.000635 0.6253847 1.000635 1.527938 0.53105 1.527938 0.53105 1.800199 0.5310499 1.722365 1.000635 1.722365 0.6785176 1.606786 0.6601521 1.625152 0.1905668 1.625152 0.53105 1.527938 1.000635 1.527938 1.000635 1.625152 0.53105 1.625151 1.000635 1.625152 1.000635 1.722365 0.6785176 0.568876 0.6785176 1.606786 0.1722012 1.606786 1.413327 1.606786 1.413327 0.5688761 1.606786 1.488982 1.413327 1.606786 1.257122 1.569532 1.219868 1.488982 1.53607 1.554055 1.573325 1.473506 1.591691 1.477547 1.165965 1.611691 1.15213 1.625526 1.110345 1.535181 1.554057 1.53607 1.567892 1.549906 1.477548 1.59169 1.214963 1.660688 1.295513 1.697942 1.291471 1.716307 1.588285 0.5688761 1.588285 1.493023 1.569919 1.488982 1.413327 1.588285 1.413327 1.56992 1.488982 1.56992 1.119434 1.488982 1.101069 1.493023 1.101069 0.5688757 1.337673 1.70722 1.413327 1.70722 1.413327 1.725586 1.000635 0.6253847 1.000635 1.527938 0.53105 1.527938 1.000635 1.800199 0.53105 1.800199 0.5310499 1.722365 0.1722012 1.606786 0.6785176 1.606786 0.6601521 1.625152 0.53105 1.527938 1.000635 1.527938 1.000635 1.625152 1.000635 1.625152 1.000635 1.722365 0.5310499 1.722365 0.6785176 0.568876 0.6785176 1.606786 0.1722012 1.606786 1.413327 1.606786 1.413327 0.5688761 1.606786 1.488982 1.413327 1.606786 1.257122 1.569532 1.219868 1.488982 1.53607 1.554055 1.573325 1.473506 1.591691 1.477547 1.165965 1.611691 1.15213 1.625526 1.110345 1.535181 1.554057 1.53607 1.567892 1.549906 1.477548 1.59169 1.214963 1.660688 1.295513 1.697942 1.291471 1.716307 1.588285 0.5688761 1.588285 1.493023 1.569919 1.488982 1.413327 1.588285 1.413327 1.56992 1.488982 1.56992 1.119434 1.488982 1.101069 1.493023 1.101069 0.5688757 1.337673 1.70722 1.413327 1.70722 1.413327 1.725586 1.000635 0.6253847 1.000635 1.527938 0.53105 1.527938 1.000635 1.800199 0.53105 1.800199 0.5310499 1.722365 0.6785176 1.606786 0.6601521 1.625152 0.1905668 1.625152 1.000635 1.527938 1.000635 1.625152 0.53105 1.625151 0.53105 1.625151 1.000635 1.625152 1.000635 1.722365 0.6785176 0.568876 0.6785176 1.606786 0.1722012 1.606786 1.413327 1.606786 1.413327 0.5688761 1.606786 1.488982 1.413327 1.606786 1.257122 1.569532 1.219868 1.488982 1.53607 1.554055 1.573325 1.473506 1.591691 1.477547 1.165965 1.611691 1.15213 1.625526 1.110345 1.535181 1.554057 1.53607 1.567892 1.549906 1.477548 1.59169 1.214963 1.660688 1.295513 1.697942 1.291471 1.716307 1.588285 0.5688761 1.588285 1.493023 1.569919 1.488982 1.413327 1.588285 1.413327 1.56992 1.488982 1.56992 1.119434 1.488982 1.101069 1.493023 1.101069 0.5688757 1.337673 1.70722 1.413327 1.70722 1.413327 1.725586 1.000635 0.6253847 1.000635 1.527938 0.53105 1.527938 0.53105 1.800199 0.5310499 1.722365 1.000635 1.722365 0.1722012 1.606786 0.6785176 1.606786 0.6601521 1.625152 0.53105 1.527938 1.000635 1.527938 1.000635 1.625152 1.000635 1.625152 1.000635 1.722365 0.5310499 1.722365 0.6785176 0.568876 0.6785176 1.606786 0.1722012 1.606786 1.413327 1.606786 1.413327 0.5688761 1.606786 1.488982 1.413327 1.606786 1.257122 1.569532 1.219868 1.488982 1.53607 1.554055 1.573325 1.473506 1.591691 1.477547 1.165965 1.611691 1.15213 1.625526 1.110345 1.535181 1.554057 1.53607 1.567892 1.549906 1.477548 1.59169 1.214963 1.660688 1.295513 1.697942 1.291471 1.716307 1.588285 0.5688761 1.588285 1.493023 1.569919 1.488982 1.413327 1.588285 1.413327 1.56992 1.488982 1.56992 1.119434 1.488982 1.101069 1.493023 1.101069 0.5688757 1.337673 1.70722 1.413327 1.70722 1.413327 1.725586 1.000635 0.6253847 1.000635 1.527938 0.53105 1.527938 0.53105 1.800199 0.5310499 1.722365 1.000635 1.722365 0.1722012 1.606786 0.6785176 1.606786 0.6601521 1.625152 0.53105 1.527938 1.000635 1.527938 1.000635 1.625152 1.000635 1.625152 1.000635 1.722365 0.5310499 1.722365 0.6785176 0.568876 0.6785176 1.606786 0.1722012 1.606786 1.413327 1.606786 1.413327 0.5688761 1.606786 1.488982 1.413327 1.606786 1.257122 1.569532 1.219868 1.488982 1.53607 1.554055 1.573325 1.473506 1.591691 1.477547 1.165965 1.611691 1.15213 1.625526 1.110345 1.535181 1.554057 1.53607 1.567892 1.549906 1.477548 1.59169 1.214963 1.660688 1.295513 1.697942 1.291471 1.716307 1.588285 0.5688761 1.588285 1.493023 1.569919 1.488982 1.413327 1.588285 1.413327 1.56992 1.488982 1.56992 1.119434 1.488982 1.101069 1.493023 1.101069 0.5688757 1.337673 1.70722 1.413327 1.70722 1.413327 1.725586 1.000635 0.6253847 1.000635 1.527938 0.53105 1.527938 1.000635 1.800199 0.53105 1.800199 0.5310499 1.722365 0.6785176 1.606786 0.6601521 1.625152 0.1905668 1.625152 1.000635 1.527938 1.000635 1.625152 0.53105 1.625151 0.53105 1.625151 1.000635 1.625152 1.000635 1.722365 0.6785176 0.568876 0.6785176 1.606786 0.1722012 1.606786 1.413327 1.606786 1.413327 0.5688761 1.606786 1.488982 1.413327 1.606786 1.257122 1.569532 1.219868 1.488982 1.53607 1.554055 1.573325 1.473506 1.591691 1.477547 1.165965 1.611691 1.15213 1.625526 1.110345 1.535181 1.554057 1.53607 1.567892 1.549906 1.477548 1.59169 1.214963 1.660688 1.295513 1.697942 1.291471 1.716307 1.588285 0.5688761 1.588285 1.493023 1.569919 1.488982 1.413327 1.588285 1.413327 1.56992 1.488982 1.56992 1.119434 1.488982 1.101069 1.493023 1.101069 0.5688757 1.337673 1.70722 1.413327 1.70722 1.413327 1.725586 1.000635 0.6253847 1.000635 1.527938 0.53105 1.527938 0.53105 1.800199 0.5310499 1.722365 1.000635 1.722365 0.6785176 1.606786 0.6601521 1.625152 0.1905668 1.625152 1.000635 1.527938 1.000635 1.625152 0.53105 1.625151 0.53105 1.625151 1.000635 1.625152 1.000635 1.722365 0.6785176 0.568876 0.6785176 1.606786 0.1722012 1.606786 1.413327 1.606786 1.413327 0.5688761 1.606786 1.488982 1.413327 1.606786 1.257122 1.569532 1.219868 1.488982 1.53607 1.554055 1.573325 1.473506 1.591691 1.477547 1.165965 1.611691 1.15213 1.625526 1.110345 1.535181 1.554057 1.53607 1.567892 1.549906 1.477548 1.59169 1.214963 1.660688 1.295513 1.697942 1.291471 1.716307 1.588285 0.5688761 1.588285 1.493023 1.569919 1.488982 1.413327 1.588285 1.413327 1.56992 1.488982 1.56992 1.119434 1.488982 1.101069 1.493023 1.101069 0.5688757 1.337673 1.70722 1.413327 1.70722 1.413327 1.725586 1.000635 0.6253847 1.000635 1.527938 0.53105 1.527938 0.53105 1.800199 0.5310499 1.722365 1.000635 1.722365 0.6785176 1.606786 0.6601521 1.625152 0.1905668 1.625152 1.000635 1.527938 1.000635 1.625152 0.53105 1.625151 0.53105 1.625151 1.000635 1.625152 1.000635 1.722365 0.6785176 0.568876 0.6785176 1.606786 0.1722012 1.606786 1.413327 1.606786 1.413327 0.5688761 1.606786 1.488982 1.413327 1.606786 1.257122 1.569532 1.219868 1.488982 1.53607 1.554055 1.573325 1.473506 1.591691 1.477547 1.165965 1.611691 1.15213 1.625526 1.110345 1.535181 1.554057 1.53607 1.567892 1.549906 1.477548 1.59169 1.214963 1.660688 1.295513 1.697942 1.291471 1.716307 1.588285 0.5688761 1.588285 1.493023 1.569919 1.488982 1.413327 1.588285 1.413327 1.56992 1.488982 1.56992 1.119434 1.488982 1.101069 1.493023 1.101069 0.5688757 1.337673 1.70722 1.413327 1.70722 1.413327 1.725586 1.000635 0.6253847 1.000635 1.527938 0.53105 1.527938 0.53105 1.800199 0.5310499 1.722365 1.000635 1.722365 0.6785176 1.606786 0.6601521 1.625152 0.1905668 1.625152 0.53105 1.527938 1.000635 1.527938 1.000635 1.625152 0.53105 1.625151 1.000635 1.625152 1.000635 1.722365 0.6785176 0.568876 0.6785176 1.606786 0.1722012 1.606786 1.413327 1.606786 1.413327 0.5688761 1.606786 1.488982 1.413327 1.606786 1.257122 1.569532 1.219868 1.488982 1.53607 1.554055 1.573325 1.473506 1.591691 1.477547 1.165965 1.611691 1.15213 1.625526 1.110345 1.535181 1.554057 1.53607 1.567892 1.549906 1.477548 1.59169 1.214963 1.660688 1.295513 1.697942 1.291471 1.716307 1.588285 0.5688761 1.588285 1.493023 1.569919 1.488982 1.413327 1.588285 1.413327 1.56992 1.488982 1.56992 1.119434 1.488982 1.101069 1.493023 1.101069 0.5688757 1.337673 1.70722 1.413327 1.70722 1.413327 1.725586 1.000635 0.6253847 1.000635 1.527938 0.53105 1.527938 1.000635 1.800199 0.53105 1.800199 0.5310499 1.722365 0.6785176 1.606786 0.6601521 1.625152 0.1905668 1.625152 1.000635 1.527938 1.000635 1.625152 0.53105 1.625151 1.000635 1.625152 1.000635 1.722365 0.5310499 1.722365 0.6785176 0.568876 0.6785176 1.606786 0.1722012 1.606786 1.413327 1.606786 1.413327 0.5688761 1.606786 1.488982 1.413327 1.606786 1.257122 1.569532 1.219868 1.488982 1.53607 1.554055 1.573325 1.473506 1.591691 1.477547 1.165965 1.611691 1.15213 1.625526 1.110345 1.535181 1.554057 1.53607 1.567892 1.549906 1.477548 1.59169 1.214963 1.660688 1.295513 1.697942 1.291471 1.716307 1.588285 0.5688761 1.588285 1.493023 1.569919 1.488982 1.413327 1.588285 1.413327 1.56992 1.488982 1.56992 1.119434 1.488982 1.101069 1.493023 1.101069 0.5688757 1.337673 1.70722 1.413327 1.70722 1.413327 1.725586 1.000635 0.6253847 1.000635 1.527938 0.53105 1.527938 1.000635 1.800199 0.53105 1.800199 0.5310499 1.722365 0.6785176 1.606786 0.6601521 1.625152 0.1905668 1.625152 0.53105 1.527938 1.000635 1.527938 1.000635 1.625152 1.000635 1.625152 1.000635 1.722365 0.5310499 1.722365 0.6785176 0.568876 0.6785176 1.606786 0.1722012 1.606786 1.413327 1.606786 1.413327 0.5688761 1.606786 1.488982 1.413327 1.606786 1.257122 1.569532 1.219868 1.488982 1.53607 1.554055 1.573325 1.473506 1.591691 1.477547 1.165965 1.611691 1.15213 1.625526 1.110345 1.535181 1.554057 1.53607 1.567892 1.549906 1.477548 1.59169 1.214963 1.660688 1.295513 1.697942 1.291471 1.716307 1.588285 0.5688761 1.588285 1.493023 1.569919 1.488982 1.413327 1.588285 1.413327 1.56992 1.488982 1.56992 1.119434 1.488982 1.101069 1.493023 1.101069 0.5688757 1.337673 1.70722 1.413327 1.70722 1.413327 1.725586 1.000635 0.6253847 1.000635 1.527938 0.53105 1.527938 0.53105 1.800199 0.5310499 1.722365 1.000635 1.722365 0.1722012 1.606786 0.6785176 1.606786 0.6601521 1.625152 0.53105 1.527938 1.000635 1.527938 1.000635 1.625152 1.000635 1.625152 1.000635 1.722365 0.5310499 1.722365 0.6785176 0.568876 0.6785176 1.606786 0.1722012 1.606786 1.413327 1.606786 1.413327 0.5688761 1.606786 1.488982 1.413327 1.606786 1.257122 1.569532 1.219868 1.488982 1.53607 1.554055 1.573325 1.473506 1.591691 1.477547 1.165965 1.611691 1.15213 1.625526 1.110345 1.535181 1.554057 1.53607 1.567892 1.549906 1.477548 1.59169 1.214963 1.660688 1.295513 1.697942 1.291471 1.716307 1.588285 0.5688761 1.588285 1.493023 1.569919 1.488982 1.413327 1.588285 1.413327 1.56992 1.488982 1.56992 1.119434 1.488982 1.101069 1.493023 1.101069 0.5688757 1.337673 1.70722 1.413327 1.70722 1.413327 1.725586 1.000635 0.6253847 1.000635 1.527938 0.53105 1.527938 1.000635 1.800199 0.53105 1.800199 0.5310499 1.722365 0.1722012 1.606786 0.6785176 1.606786 0.6601521 1.625152 1.000635 1.527938 1.000635 1.625152 0.53105 1.625151 1.000635 1.625152 1.000635 1.722365 0.5310499 1.722365 0.6785176 0.568876 0.6785176 1.606786 0.1722012 1.606786 1.413327 1.606786 1.413327 0.5688761 1.606786 1.488982 1.413327 1.606786 1.257122 1.569532 1.219868 1.488982 1.53607 1.554055 1.573325 1.473506 1.591691 1.477547 1.165965 1.611691 1.15213 1.625526 1.110345 1.535181 1.554057 1.53607 1.567892 1.549906 1.477548 1.59169 1.214963 1.660688 1.295513 1.697942 1.291471 1.716307 1.588285 0.5688761 1.588285 1.493023 1.569919 1.488982 1.413327 1.588285 1.413327 1.56992 1.488982 1.56992 1.119434 1.488982 1.101069 1.493023 1.101069 0.5688757 1.337673 1.70722 1.413327 1.70722 1.413327 1.725586 1.000635 0.6253847 1.000635 1.527938 0.53105 1.527938 1.000635 1.800199 0.53105 1.800199 0.5310499 1.722365 0.6785176 1.606786 0.6601521 1.625152 0.1905668 1.625152 1.000635 1.527938 1.000635 1.625152 0.53105 1.625151 0.53105 1.625151 1.000635 1.625152 1.000635 1.722365 0.6785176 0.568876 0.6785176 1.606786 0.1722012 1.606786 1.413327 1.606786 1.413327 0.5688761 1.606786 1.488982 1.413327 1.606786 1.257122 1.569532 1.219868 1.488982 1.53607 1.554055 1.573325 1.473506 1.591691 1.477547 1.165965 1.611691 1.15213 1.625526 1.110345 1.535181 1.554057 1.53607 1.567892 1.549906 1.477548 1.59169 1.214963 1.660688 1.295513 1.697942 1.291471 1.716307 1.588285 0.5688761 1.588285 1.493023 1.569919 1.488982 1.413327 1.588285 1.413327 1.56992 1.488982 1.56992 1.119434 1.488982 1.101069 1.493023 1.101069 0.5688757 1.337673 1.70722 1.413327 1.70722 1.413327 1.725586 1.000635 0.6253847 1.000635 1.527938 0.53105 1.527938 0.53105 1.800199 0.5310499 1.722365 1.000635 1.722365 0.1722012 1.606786 0.6785176 1.606786 0.6601521 1.625152 0.53105 1.527938 1.000635 1.527938 1.000635 1.625152 0.53105 1.625151 1.000635 1.625152 1.000635 1.722365 0.6785176 0.568876 0.6785176 1.606786 0.1722012 1.606786 1.413327 1.606786 1.413327 0.5688761 1.606786 1.488982 1.413327 1.606786 1.257122 1.569532 1.219868 1.488982 1.53607 1.554055 1.573325 1.473506 1.591691 1.477547 1.165965 1.611691 1.15213 1.625526 1.110345 1.535181 1.554057 1.53607 1.567892 1.549906 1.477548 1.59169 1.214963 1.660688 1.295513 1.697942 1.291471 1.716307 1.588285 0.5688761 1.588285 1.493023 1.569919 1.488982 1.413327 1.588285 1.413327 1.56992 1.488982 1.56992 1.119434 1.488982 1.101069 1.493023 1.101069 0.5688757 1.337673 1.70722 1.413327 1.70722 1.413327 1.725586 1.000635 0.6253847 1.000635 1.527938 0.53105 1.527938 0.53105 1.800199 0.5310499 1.722365 1.000635 1.722365 0.6785176 1.606786 0.6601521 1.625152 0.1905668 1.625152 0.53105 1.527938 1.000635 1.527938 1.000635 1.625152 1.000635 1.625152 1.000635 1.722365 0.5310499 1.722365 0.6785176 0.568876 0.6785176 1.606786 0.1722012 1.606786 10.16274 0.1849851 10.16273 2.38418e-07 14.49348 2.38419e-07 9.922753 0.5549546 9.922753 0.3699697 14.58257 0.3699697 0.09999954 16.38674 -2.8349e-07 16.38674 3.231994 13.15475 0.09999954 16.38674 3.344989 19.63173 3.294989 19.68173 0.2196934 6.344294 0.1696935 6.294295 3.231994 3.231994 6.463989 0.09999972 6.463989 -1.50156e-07 9.758977 3.29499 -0.1990932 0.374598 -0.1990868 0.3632654 1.092682 0.3634923 0.6709881 0.7995812 0.6709882 0.8341169 0.3721455 0.8341169 1.092676 0.3748205 -0.1990936 0.3746016 -0.1990845 0.363269 0.3109216 0.3740977 0.3109216 0.363992 0.5826674 0.3639919 0.3109216 0.3639922 0.3109217 0.3740975 0.5826672 0.3740974 0.3109216 0.3740977 0.3109216 0.363992 0.5826674 0.3639919 -0.1990936 0.3746016 -0.1990845 0.363269 1.092682 0.3634893 0.6709881 0.7995812 0.6709882 0.8341169 0.3721455 0.8341169 1.092673 0.374824 -0.1990932 0.374598 -0.1990868 0.3632654 -0.2457695 0.8501799 1.25564 0.8501799 1.281131 0.8756707 1.25564 0.8501797 1.281131 0.8756708 -0.2712601 0.8756707 0.6276261 0.8501799 0.645651 0.8756708 0.3642199 0.8756708 0.6276256 0.8501799 0.6456505 0.8756707 0.3642204 0.8756708 0.2416226 0.8290505 0.2416225 0.7807749 0.6499601 0.7807748 0.2125774 1.375 -0.05764549 1.375 -0.05764549 -0.375 0.6225764 0.8748323 0.3523534 0.8748311 0.3523533 0.5000259 -0.1553606 2.108582 -0.1553606 -1.108582 -0.01560294 -1.108582 -0.01560294 2.108582 -0.01560294 -1.108582 0.4685694 -1.108582 0.8498636 0.3748312 0.8498635 0.7496371 0.7498492 0.7496568 0.3745651 0.8748323 0.3745651 0.7496372 0.2745613 0.7496435 0.8498635 0.7496371 0.3745651 0.7496373 0.3745651 0.8748323 0.6225764 0.5000255 0.3523533 0.5000259 0.3523532 0.3748311 2.122583 0.3748301 2.122583 0.5000255 1.372579 0.5000255 1.372579 0.3748301 1.372579 0.5000255 0.6225764 0.5000255 0.6242273 0.5000079 0.5242183 0.500018 0.5242183 0.8748323 1.100259 0.500035 1.000272 0.5000178 1.000272 0.3748201 1.000272 0.3748201 1.000272 0.500018 0.5242184 0.500018 1.025002 0.8748323 1.025002 0.5004838 1.125005 0.5004838 1.024996 0.3747526 1.024996 0.5004433 1.125011 0.5004433 0.8329123 0.5005105 1.317094 0.5005105 1.317094 0.3748424 1.449818 0.3750788 0.4829121 0.3749021 0.4827265 0.5000085 4.947635 5.060553 4.829011 5.060553 4.829011 4.10542 0.001191258 0.5005043 -0.4148291 0.5005024 -0.4148291 0.3748303 2.501305 0.3748339 2.501305 0.5005042 0.001191198 0.5005042 1.448921 0.3762757 1.449145 0.5006576 0.7010725 0.5015811 -0.7206 0.8748323 -0.7206 0.5044878 -0.1720031 0.5050703 0.7251855 -0.000160977 0.7251855 0.3759961 0.6251817 0.3760051 0.2480632 0.4998287 0.2480632 0.3759956 0.148049 0.3760194 0.7251853 0.3759962 0.2480632 0.3759959 0.2480632 0.4998287 1.448913 0.3762864 1.448913 0.4997706 0.7010939 0.501204 2.32201 0.3760541 2.32201 0.5010352 -0.1720032 0.5051095 6.463989 0.09999972 3.281994 3.281994 3.231994 3.231994 6.344295 10.14244 3.281994 13.20475 3.231994 13.15475 14.49348 0.1849851 14.49348 2.38419e-07 19.06422 2.38419e-07 3.159403 10.01299 3.032773 10.08992 2.841589 7.236011 3.976427 9.839539 3.849164 9.916685 3.659999 7.04971 3.728111 7.215937 3.871135 7.244616 3.642215 10.00051 3.092284 8.980542 3.583158 8.934577 3.575647 9.069684 4.550448 7.030513 4.694114 7.059396 4.461489 9.827383 3.91004 8.802363 4.40317 8.756698 4.39549 8.8924 3.871135 7.244616 2.841589 7.236011 3.032773 10.08992 4.694114 7.059396 3.659999 7.04971 3.849164 9.916685 0.7297653 0.9788429 0.7165144 0.9788429 0.7165144 0.9648715 0.5661856 0.9788429 0.5554241 0.9788429 0.5554241 0.9648715 0.540754 0.9788429 0.5293381 0.9788429 0.5293381 0.9648715 0.689904 0.9788429 0.676104 0.9788429 0.676104 0.9640745 0.7297653 0.9788429 0.7165144 0.9788429 0.7165144 0.9648715 0.5894782 0.9788429 0.5771219 0.9788429 0.5771219 0.9648715 0.5894782 0.9648715 0.5894782 0.9788429 0.5771219 0.9788429 0.7297653 0.9648715 0.7297653 0.9788429 0.7165144 0.9788429 0.6899041 0.9640745 0.6899041 0.9788429 0.676104 0.9788429 0.540754 0.9648715 0.540754 0.9788429 0.5293381 0.9788429 0.5661856 0.9648715 0.5661856 0.9788429 0.5554241 0.9788429 0.7297653 0.9648715 0.7297653 0.9788429 0.7165144 0.9788429 0.5027415 0.9648719 0.5170531 0.9648715 0.5170531 0.9788429 0.7529647 0.9648715 0.7529647 0.9788429 0.7409288 0.9788429 0.6614063 0.9648715 0.6614063 0.9788429 0.6464028 0.9788429 0.7398439 0.6380592 0.7398439 0.7473177 0.6213128 0.7473177 0.6213128 0.6380632 0.7398439 0.6380592 0.7398439 0.7473177 0.5170531 0.9648715 0.5170531 0.9788429 0.5033373 0.9788429 0.7529647 0.9648715 0.7529647 0.9788427 0.741306 0.9788429 0.6614062 0.9648715 0.6614062 0.9788429 0.6473053 0.978843 0.920538 0.9368144 0.9408882 0.9368134 0.9408883 0.9660494 0.9778817 0.9411535 0.9778817 0.9638782 0.9580963 0.9638783 0.9778816 0.9410451 0.9778816 0.9637697 0.9580963 0.9637697 0.8769085 0.9547121 0.8769084 0.9999493 0.8460649 0.9999493 0.9393105 0.9368141 0.9596604 0.9368129 0.9596607 0.966049 0.977882 0.9411535 0.977882 0.9638782 0.9580968 0.9638781 0.9778821 0.9410451 0.9778821 0.9637697 0.9580969 0.9637697 0.8769056 0.9547121 0.8769057 0.9999494 0.8460621 0.9999493 0.9581699 0.9693651 0.9785197 0.9693641 0.97852 0.9986001 0.958099 0.9737042 0.9778845 0.9737033 0.9778844 0.996428 0.9580949 0.941047 0.9778797 0.9410458 0.9778802 0.9637706 0.8769054 0.9547121 0.8769054 0.9999493 0.8460618 0.9999493 0.7398441 0.6380592 0.7398442 0.7473177 0.6213128 0.7473177 0.6202232 0.7068217 0.6202232 0.7502557 0.5561271 0.7502556 0.7398445 0.6380592 0.7398445 0.7473178 0.6213135 0.7473177 0.166687 0.6963037 0.1666871 0.7121629 0.1332857 0.7121629 0.9393076 0.9693655 0.9596573 0.9693641 0.9596577 0.9986004 0.9778777 0.9737023 0.9778777 0.9964269 0.9580924 0.9964269 0.9778823 0.9410451 0.9778823 0.9637697 0.958097 0.9637697 0.8769054 0.9547121 0.8769054 0.9999493 0.8460618 0.9999493 0.7398439 0.6380592 0.7398439 0.7473177 0.6213128 0.7473177 0.1180838 0.7041149 0.1180838 0.7199741 0.0846824 0.7199741 0.7398444 0.6380591 0.7398445 0.7473177 0.6213134 0.7473177 0.2826017 0.7930309 0.2826016 0.8081122 0.2508386 0.8081122 0.5412615 0.5927104 0.5412615 0.6356999 0.4988988 0.6356999 0.4988988 0.592712 0.4988988 0.592712 0.5412615 0.5927104 0.9210168 0.9706615 0.9210169 0.9998975 0.8995299 0.9998975 0.9986948 0.9376808 0.9986948 0.9669169 0.9772078 0.9669169 0.9580954 0.9739181 0.9778807 0.9739173 0.9778807 0.9966418 0.977884 0.9410451 0.977884 0.9637697 0.9580987 0.9637697 0.9210143 0.9706607 0.9210144 0.9998968 0.8995274 0.9998969 0.941195 0.9706607 0.9411949 0.9998967 0.9197081 0.9998968 0.7027558 0.9632512 0.7027558 0.9790647 0.6897205 0.9790647 0.5037721 0.9632518 0.5168074 0.9632512 0.5168074 0.9790647 0.5289406 0.9632518 0.5419759 0.9632512 0.5419759 0.9790647 0.6361444 0.9632512 0.6361444 0.9790647 0.6231091 0.9790647 0.8769062 0.954712 0.8769063 0.9999493 0.8460627 0.9999493 0.6604026 0.9648715 0.6604026 0.9788429 0.6471517 0.9788429 0.6134197 0.9648715 0.6134197 0.9788429 0.6039955 0.9788429 0.6614612 0.9642292 0.6760635 0.9642288 0.6760635 0.9784609 0.6031008 0.9648719 0.6130005 0.9648715 0.6130005 0.9788429 0.6604026 0.9648715 0.6604026 0.9788429 0.6471517 0.9788429 0.5163238 0.9648715 0.5163238 0.9788429 0.5030728 0.9788429 0.7297145 0.9648715 0.7297145 0.9788429 0.7164635 0.9788429 0.7529352 0.9648715 0.7529352 0.9788429 0.7408474 0.9788429 0.6604026 0.9648715 0.6604026 0.9788429 0.6471517 0.9788429 0.6134197 0.9648715 0.6134197 0.9788429 0.6039955 0.9788429 0.6614612 0.9642292 0.6760635 0.9642288 0.6760635 0.9784609 0.6031008 0.9648719 0.6130005 0.9648715 0.6130005 0.9788429 0.6604026 0.9648715 0.6604026 0.9788429 0.6471517 0.9788429 0.5163238 0.9648715 0.5163238 0.9788429 0.5030728 0.9788429 0.7297145 0.9648715 0.7297145 0.9788429 0.7164635 0.9788429 0.7529352 0.9648715 0.7529352 0.9788429 0.7408474 0.9788429 0.8219862 0.9648715 0.8219862 0.9788429 0.8100724 0.9788429 0.8219863 0.9788429 0.8100724 0.9788429 0.8100724 0.9648715 0.5714408 0.000992287 0.7293787 0.000992257 0.7293787 0.1815915 0.5942367 0.001894295 0.6899308 0.001894295 0.6899309 0.1811149 0.6467867 0.9788429 0.6467867 0.9648715 0.6607705 0.9648715 0.6607705 0.9788429 0.5554781 0.9788429 0.5554781 0.9648715 0.5655556 0.9648715 0.5655556 0.9788429 0.7170992 0.9788429 0.7170992 0.9648715 0.7299805 0.9648715 0.7299805 0.9788429 0.5291109 0.9788429 0.5291109 0.9648715 0.5406533 0.9648715 0.5406533 0.9788429 0.5027437 0.9788429 0.5027437 0.9648715 0.5167275 0.9648715 0.5167275 0.9788429 0.5418062 0.9788429 0.5418062 0.9648715 0.5543251 0.9648715 0.5543251 0.9788429 0.6043062 0.9788429 0.6043062 0.9648715 0.6124306 0.9648715 0.6124306 0.9788429 0.6624117 0.9788429 0.6624117 0.9648715 0.6749306 0.9648715 0.6749306 0.9788429 0.5911226 0.9788429 0.5911226 0.9648715 0.6031533 0.9648715 0.6031533 0.9788429 0.6760836 0.9788429 0.6760836 0.9648715 0.689209 0.9648715 0.689209 0.9788429 0.6467867 0.9788429 0.6467867 0.9648715 0.6607705 0.9648715 0.6607705 0.9788429 0.5554781 0.9788429 0.5554781 0.9648715 0.5655556 0.9648715 0.5655556 0.9788429 0.7170992 0.9788429 0.7170992 0.9648715 0.7299805 0.9648715 0.7299805 0.9788429 0.5291109 0.9788429 0.5291109 0.9648715 0.5406533 0.9648715 0.5406533 0.9788429 0.5027437 0.9788429 0.5027437 0.9648715 0.5167275 0.9648715 0.5167275 0.9788429 0.5418062 0.9788429 0.5418062 0.9648715 0.5543251 0.9648715 0.5543251 0.9788429 0.6043062 0.9788429 0.6043062 0.9648715 0.6124306 0.9648715 0.6124306 0.9788429 0.6624117 0.9788429 0.6624117 0.9648715 0.6749306 0.9648715 0.6749306 0.9788429 0.5911226 0.9788429 0.5911226 0.9648715 0.6031533 0.9648715 0.6031533 0.9788429 0.6760836 0.9788429 0.6760836 0.9648715 0.689209 0.9648715 0.689209 0.9788429 0.5297045 0.9788429 0.5297045 0.9648715 0.5410506 0.9648715 0.5410506 0.9788429 0.5033373 0.9788429 0.5033373 0.9648715 0.5168457 0.9648715 0.5168457 0.9788429 0.6048998 0.9788429 0.6048998 0.9648715 0.612793 0.9648715 0.612793 0.9788429 0.7972826 0.9788429 0.7972826 0.9648715 0.8100586 0.9648715 0.8100586 0.9788429 0.5033373 0.9788429 0.5033373 0.9648715 0.5168457 0.9648715 0.5168457 0.9788429 0.5291087 0.9788429 0.5291087 0.9648715 0.5410506 0.9648715 0.5410506 0.9788429 0.5027415 0.9788429 0.5027415 0.9648715 0.5168457 0.9648715 0.5168457 0.9788429 0.604304 0.9788429 0.604304 0.9648715 0.612793 0.9648715 0.612793 0.9788429 0.7971191 0.9788429 0.7971191 0.9648715 0.8100586 0.9648715 0.8100586 0.9788429 0.5027415 0.9788429 0.5027415 0.9648715 0.5168457 0.9648715 0.5168457 0.9788429 0.6471723 0.9790647 0.6471723 0.9632512 0.6611493 0.9632512 0.6611493 0.9790647 0.5031293 0.9790647 0.5031293 0.9632512 0.5168457 0.9632512 0.5168457 0.9790647 0.5294965 0.9790647 0.5294965 0.9632512 0.5410321 0.9632512 0.5410321 0.9790647 0.8071289 0.949707 0.8071289 0.9433594 0.8120117 0.9433594 0.8120117 0.949707 0.6764692 0.9790647 0.6764692 0.9632512 0.689209 0.9632512 0.689209 0.9790647 0.6468071 0.9788429 0.6468071 0.9648715 0.6607673 0.9648715 0.6607673 0.9788429 0.5554985 0.9788429 0.5554985 0.9648715 0.5655524 0.9648715 0.5655524 0.9788429 0.7171196 0.9788429 0.7171196 0.9648715 0.7299805 0.9648715 0.7299805 0.9788429 0.5291313 0.9788429 0.5291313 0.9648715 0.5406501 0.9648715 0.5406501 0.9788429 0.5554985 0.9788429 0.5554985 0.9648715 0.5655524 0.9648715 0.5655524 0.9788429 0.5027642 0.9788429 0.5027642 0.9648715 0.5167243 0.9648715 0.5167243 0.9788429 0.7171196 0.9788429 0.7171196 0.9648715 0.7299805 0.9648715 0.7299805 0.9788429 0.6043267 0.9788429 0.6043267 0.9648715 0.6124274 0.9648715 0.6124274 0.9788429 0.5027642 0.9788429 0.5027642 0.9648715 0.5167243 0.9648715 0.5167243 0.9788429 0.6468071 0.9788429 0.6468071 0.9648715 0.6607673 0.9648715 0.6607673 0.9788429 0.5554985 0.9788429 0.5554985 0.9648715 0.5655524 0.9648715 0.5655524 0.9788429 0.7171196 0.9788429 0.7171196 0.9648715 0.7299805 0.9648715 0.7299805 0.9788429 0.5291313 0.9788429 0.5291313 0.9648715 0.5406501 0.9648715 0.5406501 0.9788429 0.5554985 0.9788429 0.5554985 0.9648715 0.5655524 0.9648715 0.5655524 0.9788429 0.5027642 0.9788429 0.5027642 0.9648715 0.5167243 0.9648715 0.5167243 0.9788429 0.7171196 0.9788429 0.7171196 0.9648715 0.7299805 0.9648715 0.7299805 0.9788429 0.6043267 0.9788429 0.6043267 0.9648715 0.6124274 0.9648715 0.6124274 0.9788429 0.5027642 0.9788429 0.5027642 0.9648715 0.5167243 0.9648715 0.5167243 0.9788429 0.7172852 0.9785156 0.7172852 0.9648438 0.7299805 0.9648438 0.7299805 0.9785156 0.8457031 1 0.8457031 0.9550781 0.8764648 0.9550781 0.8764648 1 0.7172852 0.9785156 0.7172852 0.9648438 0.7299805 0.9648438 0.7299805 0.9785156 0.8457031 1 0.8457031 0.9550781 0.8764648 0.9550781 0.8764648 1 0.7172852 0.9785156 0.7172852 0.9648438 0.7299805 0.9648438 0.7299805 0.9785156 0.8457031 1 0.8457031 0.9550781 0.8764648 0.9550781 0.8764648 1 0.7172852 0.9785156 0.7172852 0.9648438 0.7299805 0.9648438 0.7299805 0.9785156 0.8457031 1 0.8457031 0.9550781 0.8764648 0.9550781 0.8764648 1 0.7172852 0.9785156 0.7172852 0.9648438 0.7299805 0.9648438 0.7299805 0.9785156 0.8457031 1 0.8457031 0.9550781 0.8764648 0.9550781 0.8764648 1</float_array>
          <technique_common>
            <accessor source="#Plane_025-mesh-map-0-array" count="4947" stride="2">
              <param name="S" type="float"/>
              <param name="T" type="float"/>
            </accessor>
          </technique_common>
        </source>
        <source id="Plane_025-mesh-map-1">
          <float_array id="Plane_025-mesh-map-1-array" count="9894">0 0 0 0 0 0 0 0 0 0 0 0 0 0 0 0 0 0 0 0 0 0 0 0 0 0 0 0 0 0 0 0 0 0 0 0 0 0 0 0 0 0 0 0 0 0 0 0 0 0 0 0 0 0 0 0 0 0 0 0 0 0 0 0 0 0 0 0 0 0 0 0 0 0 0 0 0 0 0 0 0 0 0 0 0 0 0 0 0 0 0 0 0 0 0 0 0 0 0 0 0 0 0 0 0 0 0 0 0 0 0 0 0 0 0 0 0 0 0 0 0 0 0 0 0 0 0 0 0 0 0 0 0 0 0 0 0 0 0 0 0 0 0 0 0 0 0 0 0 0 0 0 0 0 0 0 0 0 0 0 0 0 0 0 0 0 0 0 0 0 0 0 0 0 0 0 0 0 0 0 0 0 0 0 0 0 0 0 0 0 0 0 0 0 0 0 0 0 0 0 0 0 0 0 0 0 0 0 0 0 0 0 0 0 0 0 0 0 0 0 0 0 0 0 0 0 0 0 0 0 0 0 0 0 0 0 0 0 0 0 0 0 0 0 0 0 0 0 0 0 0 0 0 0 0 0 0 0 0 0 0 0 0 0 0 0 0 0 0 0 0 0 0 0 0 0 0 0 0 0 0 0 0 0 0 0 0 0 0 0 0 0 0 0 0 0 0 0 0 0 0 0 0 0 0 0 0 0 0 0 0 0 0 0 0 0 0 0 0 0 0 0 0 0 0 0 0 0 0 0 0 0 0 0 0 0 0 0 0 0 0 0 0 0 0 0 0 0 0 0 0 0 0 0 0 0 0 0 0 0 0 0 0 0 0 0 0 0 0 0 0 0 0 0 0 0 0 0 0 0 0 0 0 0 0 0 0 0 0 0 0 0 0 0 0 0 0 0 0 0 0 0 0 0 0 0 0 0 0 0 0 0 0 0 0 0 0 0 0 0 0 0 0 0 0 0 0 0 0 0 0 0 0 0 0 0 0 0 0 0 0 0 0 0 0 0 0 0 0 0 0 0 0 0 0 0 0 0 0 0 0 0 0 0 0 0 0 0 0 0 0 0 0 0 0 0 0 0 0 0 0 0 0 0 0 0 0 0 0 0 0 0 0 0 0 0 0 0 0 0 0 0 0 0 0 0 0 0 0 0 0 0 0 0 0 0 0 0 0 0 0 0 0 0 0 0 0 0 0 0 0 0 0 0 0 0 0 0 0 0 0 0 0 0 0 0 0 0 0 0 0 0 0 0 0 0 0 0 0 0 0 0 0 0 0 0 0 0 0 0 0 0 0 0 0 0 0 0 0 0 0 0 0 0 0 0 0 0 0 0 0 0 0 0 0 0 0 0 0 0 0 0 0 0 0 0 0 0 0 0 0 0 0 0 0 0 0 0 0 0 0 0 0 0 0 0 0 0 0 0 0 0 0 0 0 0 0 0 0 0 0 0 0 0 0 0 0 0 0 0 0 0 0 0 0 0 0 0 0 0 0 0 0 0 0 0 0 0 0 0 0 0 0 0 0 0 0 0 0 0 0 0 0 0 0 0 0 0 0 0 0 0 0 0 0 0 0 0 0 0 0 0 0 0 0 0 0 0 0 0 0 0 0 0 0 0 0 0 0 0 0 0 0 0 0 0 0 0 0 0 0 0 0 0 0 0 0 0 0 0 0 0 0 0 0 0 0 0 0 0 0 0 0 0 0 0 0 0 0 0 0 0 0 0 0 0 0 0 0 0 0 0 0 0 0 0 0 0 0 0 0 0 0 0 0 0 0 0 0 0 0 0 0 0 0 0 0 0 0 0 0 0 0 0 0 0 0 0 0 0 0 0 0 0 0 0 0 0 0 0 0 0 0 0 0 0 0 0 0 0 0 0 0 0 0 0 0 0 0 0 0 0 0 0 0 0 0 0 0 0 0 0 0 0 0 0 0 0 0 0 0 0 0 0 0 0 0 0 0 0 0 0 0 0 0 0 0 0 0 0 0 0 0 0 0 0 0 0 0 0 0 0 0 0 0 0 0 0 0 0 0 0 0 0 0 0 0 0 0 0 0 0 0 0 0 0 0 0 0 0 0 0 0 0 0 0 0 0 0 0 0 0 0 0 0 0 0 0 0 0 0 0 0 0 0 0 0 0 0 0 0 0 0 0 0 0 0 0 0 0 0 0 0 0 0 0 0 0 0 0 0 0 0 0 0 0 0 0 0 0 0 0 0 0 0 0 0 0 0 0 0 0 0 0 0 0 0 0 0 0 0 0 0 0 0 0 0 0 0 0 0 0 0 0 0 0 0 0 0 0 0 0 0 0 0 0 0 0 0 0 0 0 0 0 0 0 0 0 0 0 0 0 0 0 0 0 0 0 0 0 0 0 0 0 0 0 0 0 0 0 0 0 0 0 0 0 0 0 0 0 0 0 0 0 0 0 0 0 0 0 0 0 0 0 0 0 0 0 0 0 0 0 0 0 0 0 0 0 0 0 0 0 0 0 0 0 0 0 0 0 0 0 0 0 0 0 0 0 0 0 0 0 0 0 0 0 0 0 0 0 0 0 0 0 0 0 0 0 0 0 0 0 0 0 0 0 0 0 0 0 0 0 0 0 0 0 0 0 0 0 0 0 0 0 0 0 0 0 0 0 0 0 0 0 0 0 0 0 0 0 0 0 0 0 0 0 0 0 0 0 0 0 0 0 0 0 0 0 0 0 0 0 0 0 0 0 0 0 0 0 0 0 0 0 0 0 0 0 0 0 0 0 0 0 0 0 0 0 0 0 0 0 0 0 0 0 0 0 0 0 0 0 0 0 0 0 0 0 0 0 0 0 0 0 0 0 0 0 0 0 0 0 0 0 0 0 0 0 0 0 0 0 0 0 0 0 0 0 0 0 0 0 0 0 0 0 0 0 0 0 0 0 0 0 0 0 0 0 0 0 0 0 0 0 0 0 0 0 0 0 0 0 0 0 0 0 0 0 0 0 0 0 0 0 0 0 0 0 0 0 0 0 0 0 0 0 0 0 0 0 0 0 0 0 0 0 0 0 0 0 0 0 0 0 0 0 0 0 0 0 0 0 0 0 0 0 0 0 0 0 0 0 0 0 0 0 0 0 0 0 0 0 0 0 0 0 0 0 0 0 0 0 0 0 0 0 0 0 0 0 0 0 0 0 0 0 0 0 0 0 0 0 0 0 0 0 0 0 0 0 0 0 0 0 0 0 0 0 0 0 0 0 0 0 0 0 0 0 0 0 0 0 0 0 0 0 0 0 0 0 0 0 0 0 0 0 0 0 0 0 0 0 0 0 0 0 0 0 0 0 0 0 0 0 0 0 0 0 0 0 0 0 0 0 0 0 0 0 0 0 0 0 0 0 0 0 0 0 0 0 0 0 0 0 0 0 0 0 0 0 0 0 0 0 0 0 0 0 0 0 0 0 0 0 0 0 0 0 0 0 0 0 0 0 0 0 0 0 0 0 0 0 0 0 0 0 0 0 0 0 0 0 0 0 0 0 0 0 0 0 0 0 0 0 0 0 0 0 0 0 0 0 0 0 0 0 0 0 0 0 0 0 0 0 0 0 0 0 0 0 0 0 0 0 0 0 0 0 0 0 0 0 0 0 0 0 0 0 0 0 0 0 0 0 0 0 0 0 0 0 0 0 0 0 0 0 0 0 0 0 0 0 0 0 0 0 0 0 0 0 0 0 0 0 0 0 0 0 0 0 0 0 0 0 0 0 0 0 0 0 0 0 0 0 0 0 0 0 0 0 0 0 0 0 0 0 0 0 0 0 0 0 0 0 0 0 0 0 0 0 0 0 0 0 0 0 0 0 0 0 0 0 0 0 0 0 0 0 0 0 0 0 0 0 0 0 0 0 0 0 0 0 0 0 0 0 0 0 0 0 0 0 0 0 0 0 0 0 0 0 0 0 0 0 0 0 0 0 0 0 0 0 0 0 0 0 0 0 0 0 0 0 0 0 0 0 0 0 0 0 0 0 0 0 0 0 0 0 0 0 0 0 0 0 0 0 0 0 0 0 0 0 0 0 0 0 0 0 0 0 0 0 0 0 0 0 0 0 0 0 0 0 0 0 0 0 0 0 0 0 0 0 0 0 0 0 0 0 0 0 0 0 0 0 0 0 0 0 0 0 0 0 0 0 0 0 0 0 0 0 0 0 0 0 0 0 0 0 0 0 0 0 0 0 0 0 0 0 0 0 0 0 0 0 0 0 0 0 0 0 0 0 0 0 0 0 0 0 0 0 0 0 0 0 0 0 0 0 0 0 0 0 0 0 0 0 0 0 0 0 0 0 0 0 0 0 0 0 0 0 0 0 0 0 0 0 0 0 0 0 0 0 0 0 0 0 0 0 0 0 0 0 0 0 0 0 0 0 0 0 0 0 0 0 0 0 0 0 0 0 0 0 0 0 0 0 0 0 0 0 0 0 0 0 0 0 0 0 0 0 0 0 0 0 0 0 0 0 0 0 0 0 0 0 0 0 0 0 0 0 0 0 0 0 0 0 0 0 0 0 0 0 0 0 0 0 0 0 0 0 0 0 0 0 0 0 0 0 0 0 0 0 0 0 0 0 0 0 0 0 0 0 0 0 0 0 0 0 0 0 0 0 0 0 0 0 0 0 0 0 0 0 0 0 0 0 0 0 0 0 0 0 0 0 0 0 0 0 0 0 0 0 0 0 0 0 0 0 0 0 0 0 0 0 0 0 0 0 0 0 0 0 0 0 0 0 0 0 0 0 0 0 0 0 0 0 0 0 0 0 0 0 0 0 0 0 0 0 0 0 0 0 0 0 0 0 0 0 0 0 0 0 0 0 0 0 0 0 0 0 0 0 0 0 0 0 0 0 0 0 0 0 0 0 0 0 0 0 0 0 0 0 0 0 0 0 0 0 0 0 0 0 0 0 0 0 0 0 0 0 0 0 0 0 0 0 0 0 0 0 0 0 0 0 0 0 0 0 0 0 0 0 0 0 0 0 0 0 0 0 0 0 0 0 0 0 0 0 0 0 0 0 0 0 0 0 0 0 0 0 0 0 0 0 0 0 0 0 0 0 0 0 0 0 0 0 0 0 0 0 0 0 0 0 0 0 0 0 0 0 0 0 0 0 0 0 0 0 0 0 0 0 0 0 0 0 0 0 0 0 0 0 0 0 0 0 0 0 0 0 0 0 0 0 0 0 0 0 0 0 0 0 0 0 0 0 0 0 0 0 0 0 0 0 0 0 0 0 0 0 0 0 0 0 0 0 0 0 0 0 0 0 0 0 0 0 0 0 0 0 0 0 0 0 0 0 0 0 0 0 0 0 0 0 0 0 0 0 0 0 0 0 0 0 0 0 0 0 0 0 0 0 0 0 0 0 0 0 0 0 0 0 0 0 0 0 0 0 0 0 0 0 0 0 0 0 0 0 0 0 0 0 0 0 0 0 0 0 0 0 0 0 0 0 0 0 0 0 0 0 0 0 0 0 0 0 0 0 0 0 0 0 0 0 0 0 0 0 0 0 0 0 0 0 0 0 0 0 0 0 0 0 0 0 0 0 0 0 0 0 0 0 0 0 0 0 0 0 0 0 0 0 0 0 0 0 0 0 0 0 0 0 0 0 0 0 0 0 0 0 0 0 0 0 0 0 0 0 0 0 0 0 0 0 0 0 0 0 0 0 0 0 0 0 0 0 0 0 0 0 0 0 0 0 0 0 0 0 0 0 0 0 0 0 0 0 0 0 0 0 0 0 0 0 0 0 0 0 0 0 0 0 0 0 0 0 0 0 0 0 0 0 0 0 0 0 0 0 0 0 0 0 0 0 0 0 0 0 0 0 0 0 0 0 0 0 0 0 0 0 0 0 0 0 0 0 0 0 0 0 0 0 0 0 0 0 0 0 0 0 0 0 0 0 0 0 0 0 0 0 0 0 0 0 0 0 0 0 0 0 0 0 0 0 0 0 0 0 0 0 0 0 0 0 0 0 0 0 0 0 0 0 0 0 0 0 0 0 0 0 0 0 0 0 0 0 0 0 0 0 0 0 0 0 0 0 0 0 0 0 0 0 0 0 0 0 0 0 0 0 0 0 0 0 0 0 0 0 0 0 0 0 0 0 0 0 0 0 0 0 0 0 0 0 0 0 0 0 0 0 0 0 0 0 0 0 0 0 0 0 0 0 0 0 0 0 0 0 0 0 0 0 0 0 0 0 0 0 0 0 0 0 0 0 0 0 0 0 0 0 0 0 0 0 0 0 0 0 0 0 0 0 0 0 0 0 0 0 0 0 0 0 0 0 0 0 0 0 0 0 0 0 0 0 0 0 0 0 0 0 0 0 0 0 0 0 0 0 0 0 0 0 0 0 0 0 0 0 0 0 0 0 0 0 0 0 0 0 0 0 0 0 0 0 0 0 0 0 0 0 0 0 0 0 0 0 0 0 0 0 0 0 0 0 0 0 0 0 0 0 0 0 0 0 0 0 0 0 0 0 0 0 0 0 0 0 0 0 0 0 0 0 0 0 0 0 0 0 0 0 0 0 0 0 0 0 0 0 0 0 0 0 0 0 0 0 0 0 0 0 0 0 0 0 0 0 0 0 0 0 0 0 0 0 0 0 0 0 0 0 0 0 0 0 0 0 0 0 0 0 0 0 0 0 0 0 0 0 0 0 0 0 0 0 0 0 0 0 0 0 0 0 0 0 0 0 0 0 0 0 0 0 0 0 0 0 0 0 0 0 0 0 0 0 0 0 0 0 0 0 0 0 0 0 0 0 0 0 0 0 0 0 0 0 0 0 0 0 0 0 0 0 0 0 0 0 0 0 0 0 0 0 0 0 0 0 0 0 0 0 0 0 0 0 0 0 0 0 0 0 0 0 0 0 0 0 0 0 0 0 0 0 0 0 0 0 0 0 0 0 0 0 0 0 0 0 0 0 0 0 0 0 0 0 0 0 0 0 0 0 0 0 0 0 0 0 0 0 0 0 0 0 0 0 0 0 0 0 0 0 0 0 0 0 0 0 0 0 0 0 0 0 0 0 0 0 0 0 0 0 0 0 0 0 0 0 0 0 0 0 0 0 0 0 0 0 0 0 0 0 0 0 0 0 0 0 0 0 0 0 0 0 0 0 0 0 0 0 0 0 0 0 0 0 0 0 0 0 0 0 0 0 0 0 0 0 0 0 0 0 0 0 0 0 0 0 0 0 0 0 0 0 0 0 0 0 0 0 0 0 0 0 0 0 0 0 0 0 0 0 0 0 0 0 0 0 0 0 0 0 0 0 0 0 0 0 0 0 0 0 0 0 0 0 0 0 0 0 0 0 0 0 0 0 0 0 0 0 0 0 0 0 0 0 0 0 0 0 0 0 0 0 0 0 0 0 0 0 0 0 0 0 0 0 0 0 0 0 0 0 0 0 0 0 0 0 0 0 0 0 0 0 0 0 0 0 0 0 0 0 0 0 0 0 0 0 0 0 0 0 0 0 0 0 0 0 0 0 0 0 0 0 0 0 0 0 0 0 0 0 0 0 0 0 0 0 0 0 0 0 0 0 0 0 0 0 0 0 0 0 0 0 0 0 0 0 0 0 0 0 0 0 0 0 0 0 0 0 0 0 0 0 0 0 0 0 0 0 0 0 0 0 0 0 0 0 0 0 0 0 0 0 0 0 0 0 0 0 0 0 0 0 0 0 0 0 0 0 0 0 0 0 0 0 0 0 0 0 0 0 0 0 0 0 0 0 0 0 0 0 0 0 0 0 0 0 0 0 0 0 0 0 0 0 0 0 0 0 0 0 0 0 0 0 0 0 0 0 0 0 0 0 0 0 0 0 0 0 0 0 0 0 0 0 0 0 0 0 0 0 0 0 0 0 0 0 0 0 0 0 0 0 0 0 0 0 0 0 0 0 0 0 0 0 0 0 0 0 0 0 0 0 0 0 0 0 0 0 0 0 0 0 0 0 0 0 0 0 0 0 0 0 0 0 0 0 0 0 0 0 0 0 0 0 0 0 0 0 0 0 0 0 0 0 0 0 0 0 0 0 0 0 0 0 0 0 0 0 0 0 0 0 0 0 0 0 0 0 0 0 0 0 0 0 0 0 0 0 0 0 0 0 0 0 0 0 0 0 0 0 0 0 0 0 0 0 0 0 0 0 0 0 0 0 0 0 0 0 0 0 0 0 0 0 0 0 0 0 0 0 0 0 0 0 0 0 0 0 0 0 0 0 0 0 0 0 0 0 0 0 0 0 0 0 0 0 0 0 0 0 0 0 0 0 0 0 0 0 0 0 0 0 0 0 0 0 0 0 0 0 0 0 0 0 0 0 0 0 0 0 0 0 0 0 0 0 0 0 0 0 0 0 0 0 0 0 0 0 0 0 0 0 0 0 0 0 0 0 0 0 0 0 0 0 0 0 0 0 0 0 0 0 0 0 0 0 0 0 0 0 0 0 0 0 0 0 0 0 0 0 0 0 0 0 0 0 0 0 0 0 0 0 0 0 0 0 0 0 0 0 0 0 0 0 0 0 0 0 0 0 0 0 0 0 0 0 0 0 0 0 0 0 0 0 0 0 0 0 0 0 0 0 0 0 0 0 0 0 0 0 0 0 0 0 0 0 0 0 0 0 0 0 0 0 0 0 0 0 0 0 0 0 0 0 0 0 0 0 0 0 0 0 0 0 0 0 0 0 0 0 0 0 0 0 0 0 0 0 0 0 0 0 0 0 0 0 0 0 0 0 0 0 0 0 0 0 0 0 0 0 0 0 0 0 0 0 0 0 0 0 0 0 0 0 0 0 0 0 0 0 0 0 0 0 0 0 0 0 0 0 0 0 0 0 0 0 0 0 0 0 0 0 0 0 0 0 0 0 0 0 0 0 0 0 0 0 0 0 0 0 0 0 0 0 0 0 0 0 0 0 0 0 0 0 0 0 0 0 0 0 0 0 0 0 0 0 0 0 0 0 0 0 0 0 0 0 0 0 0 0 0 0 0 0 0 0 0 0 0 0 0 0 0 0 0 0 0 0 0 0 0 0 0 0 0 0 0 0 0 0 0 0 0 0 0 0 0 0 0 0 0 0 0 0 0 0 0 0 0 0 0 0 0 0 0 0 0 0 0 0 0 0 0 0 0 0 0 0 0 0 0 0 0 0 0 0 0 0 0 0 0 0 0 0 0 0 0 0 0 0 0 0 0 0 0 0 0 0 0 0 0 0 0 0 0 0 0 0 0 0 0 0 0 0 0 0 0 0 0 0 0 0 0 0 0 0 0 0 0 0 0 0 0 0 0 0 0 0 0 0 0 0 0 0 0 0 0 0 0 0 0 0 0 0 0 0 0 0 0 0 0 0 0 0 0 0 0 0 0 0 0 0 0 0 0 0 0 0 0 0 0 0 0 0 0 0 0 0 0 0 0 0 0 0 0 0 0 0 0 0 0 0 0 0 0 0 0 0 0 0 0 0 0 0 0 0 0 0 0 0 0 0 0 0 0 0 0 0 0 0 0 0 0 0 0 0 0 0 0 0 0 0 0 0 0 0 0 0 0 0 0 0 0 0 0 0 0 0 0 0 0 0 0 0 0 0 0 0 0 0 0 0 0 0 0 0 0 0 0 0 0 0 0 0 0 0 0 0 0 0 0 0 0 0 0 0 0 0 0 0 0 0 0 0 0 0 0 0 0 0 0 0 0 0 0 0 0 0 0 0 0 0 0 0 0 0 0 0 0 0 0 0 0 0 0 0 0 0 0 0 0 0 0 0 0 0 0 0 0 0 0 0 0 0 0 0 0 0 0 0 0 0 0 0 0 0 0 0 0 0 0 0 0 0 0 0 0 0 0 0 0 0 0 0 0 0 0 0 0 0 0 0 0 0 0 0 0 0 0 0 0 0 0 0 0 0 0 0 0 0 0 0 0 0 0 0 0 0 0 0 0 0 0 0 0 0 0 0 0 0 0 0 0 0 0 0 0 0 0 0 0 0 0 0 0 0 0 0 0 0 0 0 0 0 0 0 0 0 0 0 0 0 0 0 0 0 0 0 0 0 0 0 0 0 0 0 0 0 0 0 0 0 0 0 0 0 0 0 0 0 0 0 0 0 0 0 0 0 0 0 0 0 0 0 0 0 0 0 0 0 0 0 0 0 0 0 0 0 0 0 0 0 0 0 0 0 0 0 0 0 0 0 0 0 0 0 0 0 0 0 0 0 0 0 0 0 0 0 0 0 0 0 0 0 0 0 0 0 0 0 0 0 0 0 0 0 0 0 0 0 0 0 0 0 0 0 0 0 0 0 0 0 0 0 0 0 0 0 0 0 0 0 0 0 0 0 0 0 0 0 0 0 0 0 0 0 0 0 0 0 0 0 0 0 0 0 0 0 0 0 0 0 0 0 0 0 0 0 0 0 0 0 0 0 0 0 0 0 0 0 0 0 0 0 0 0 0 0 0 0 0 0 0 0 0 0 0 0 0 0 0 0 0 0 0 0 0 0 0 0 0 0 0 0 0 0 0 0 0 0 0 0 0 0 0 0 0 0 0 0 0 0 0 0 0 0 0 0 0 0 0 0 0 0 0 0 0 0 0 0 0 0 0 0 0 0 0 0 0 0 0 0 0 0 0 0 0 0 0 0 0 0 0 0 0 0 0 0 0 0 0 0 0 0 0 0 0 0 0 0 0 0 0 0 0 0 0 0 0 0 0 0 0 0 0 0 0 0 0 0 0 0 0 0 0 0 0 0 0 0 0 0 0 0 0 0 0 0 0 0 0 0 0 0 0 0 0 0 0 0 0 0 0 0 0 0 0 0 0 0 0 0 0 0 0 0 0 0 0 0 0 0 0 0 0 0 0 0 0 0 0 0 0 0 0 0 0 0 0 0 0 0 0 0 0 0 0 0 0 0 0 0 0 0 0 0 0 0 0 0 0 0 0 0 0 0 0 0 0 0 0 0 0 0 0 0 0 0 0 0 0 0 0 0 0 0 0 0 0 0 0 0 0 0 0 0 0 0 0 0 0 0 0 0 0 0 0 0 0 0 0 0 0 0 0 0 0 0 0 0 0 0 0 0 0 0 0 0 0 0 0 0 0 0 0 0 0 0 0 0 0 0 0 0 0 0 0 0 0 0 0 0 0 0 0 0 0 0 0 0 0 0 0 0 0 0 0 0 0 0 0 0 0 0 0 0 0 0 0 0 0 0 0 0 0 0 0 0 0 0 0 0 0 0 0 0 0 0 0 0 0 0 0 0 0 0 0 0 0 0 0 0 0 0 0 0 0 0 0 0 0 0 0 0 0 0 0 0 0 0 0 0 0 0 0 0 0 0 0 0 0 0 0 0 0 0 0 0 0 0 0 0 0 0 0 0 0 0 0 0 0 0 0 0 0 0 0 0 0 0 0 0 0 0 0 0 0 0 0 0 0 0 0 0 0 0 0 0 0 0 0 0 0 0 0 0 0 0 0 0 0 0 0 0 0 0 0 0 0 0 0 0 0 0 0 0 0 0 0 0 0 0 0 0 0 0 0 0 0 0 0 0 0 0 0 0 0 0 0 0 0 0 0 0 0 0 0 0 0 0 0 0 0 0 0 0 0 0 0 0 0 0 0 0 0 0 0 0 0 0 0 0 0 0 0 0 0 0 0 0 0 0 0 0 0 0 0 0 0 0 0 0 0 0 0 0 0 0 0 0 0 0 0 0 0 0 0 0 0 0 0 0 0 0 0 0 0 0 0 0 0 0 0 0 0 0 0 0 0 0 0 0 0 0 0 0 0 0 0 0 0 0 0 0 0 0 0 0 0 0 0 0 0 0 0 0 0 0 0 0 0 0 0 0 0 0 0 0 0 0 0 0 0 0 0 0 0 0 0 0 0 0 0 0 0 0 0 0 0 0 0 0 0 0 0 0 0 0 0 0 0 0 0 0 0 0 0 0 0 0 0 0 0 0 0 0 0 0 0 0 0 0 0 0 0 0 0 0 0 0 0 0 0 0 0 0 0 0 0 0 0 0 0 0 0 0 0 0 0 0 0 0 0 0 0 0 0 0 0 0 0 0 0 0 0 0 0 0 0 0 0 0 0 0 0 0 0 0 0 0 0 0 0 0 0 0 0 0 0 0 0 0 0 0 0 0 0 0 0 0 0 0 0 0 0 0 0 0 0 0 0 0 0 0 0 0 0 0 0 0 0 0 0 0 0 0 0 0 0 0 0 0 0 0 0 0 0 0 0 0 0 0 0 0 0 0 0 0 0 0 0 0 0 0 0 0 0 0 0 0 0 0 0 0 0 0 0 0 0 0 0 0 0 0 0 0 0 0 0 0 0 0 0 0 0 0 0 0 0 0 0 0 0 0 0 0 0 0 0 0 0 0 0 0 0 0 0 0 0 0 0 0 0 0 0 0 0 0 0 0 0 0 0 0 0 0 0 0 0 0 0 0 0 0 0 0 0 0 0 0 0 0 0 0 0 0 0 0 0 0 0 0 0 0 0 0 0 0 0 0 0 0 0 0 0 0 0 0 0 0 0 0 0 0 0 0 0 0 0 0 0 0 0 0 0 0 0 0 0 0 0 0 0 0 0 0 0 0 0 0 0 0 0 0 0 0 0 0 0 0 0 0 0 0 0 0 0 0 0 0 0 0 0 0 0 0 0 0 0 0 0 0 0 0 0 0 0 0 0 0 0 0 0 0 0 0 0 0 0 0 0 0 0 0 0 0 0 0 0 0 0 0 0 0 0 0 0 0 0 0 0 0 0 0 0 0 0 0 0 0 0 0 0 0 0 0 0 0 0 0 0 0 0 0 0 0 0 0 0 0 0 0 0 0 0 0 0 0 0 0 0 0 0 0 0 0 0 0 0 0 0 0 0 0 0 0 0 0 0 0 0 0 0 0 0 0 0 0 0 0 0 0 0 0 0 0 0 0 0 0 0 0 0 0 0 0 0 0 0 0 0 0 0 0 0 0 0 0 0 0 0 0 0 0 0 0 0 0 0 0 0 0 0 0 0 0 0 0 0 0 0 0 0 0 0 0 0 0 0 0 0 0 0 0 0 0 0 0 0 0 0 0 0 0 0 0 0 0 0 0 0 0 0 0 0 0 0 0 0 0 0 0 0 0 0 0 0 0 0 0 0 0 0 0 0 0 0 0 0 0 0 0 0 0 0 0 0 0 0 0 0 0 0 0 0 0 0 0 0 0 0 0 0 0 0 0 0 0 0 0 0 0 0 0 0 0 0 0 0 0 0 0 0 0 0 0 0 0 0 0 0 0 0 0 0 0 0 0 0 0 0 0 0 0 0 0 0 0 0 0 0 0 0 0 0 0 0 0 0 0 0 0 0 0 0 0 0 0 0 0 0 0 0 0 0 0 0 0 0 0 0 0 0 0 0 0 0 0 0 0 0 0 0 0 0 0 0 0 0 0 0 0 0 0 0 0 0 0 0 0 0 0 0 0 0 0 0 0 0 0 0 0 0 0 0 0 0 0 0 0 0 0 0 0 0 0 0 0 0 0 0 0 0 0 0 0 0 0 0 0 0 0 0 0 0 0 0 0 0 0 0 0 0 0 0 0 0 0 0 0 0 0 0 0 0 0 0 0 0 0 0 0 0 0 0 0 0 0 0 0 0 0 0 0 0 0 0 0 0 0 0 0 0 0 0 0 0 0 0 0 0 0 0 0 0 0 0 0 0 0 0 0 0 0 0 0 0 0 0 0 0 0 0 0 0 0 0 0 0 0 0 0 0 0 0 0 0 0 0 0 0 0 0 0 0 0 0 0 0 0 0 0 0 0 0 0 0 0 0 0 0 0 0 0 0 0 0 0 0 0 0 0 0 0 0 0 0 0 0 0 0 0 0 0 0 0 0 0 0 0 0 0 0 0 0 0 0 0 0 0 0 0 0 0 0 0 0 0 0 0 0 0 0 0 0 0 0 0 0 0 0 0 0 0 0 0 0 0 0 0 0 0 0 0 0 0 0 0 0 0 0 0 0 0 0 0 0 0 0 0 0 0 0 0 0 0 0 0 0 0 0 0 0 0 0 0 0 0 0 0 0 0 0 0 0 0 0 0 0 0 0 0 0 0 0 0 0 0 0 0 0 0 0 0 0 0 0 0 0 0 0 0 0 0 0 0 0 0 0 0 0 0 0 0 0 0 0 0 0 0 0 0 0 0 0 0 0 0 0 0 0 0 0 0 0 0 0 0 0 0 0 0 0 0 0 0 0 0 0 0 0 0 0 0 0 0 0 0 0 0 0 0 0 0 0 0 0 0 0 0 0 0 0 0 0 0 0 0 0 0 0 0 0 0 0 0 0 0 0 0 0 0 0 0 0 0 0 0 0 0 0 0 0 0 0 0 0 0 0 0 0 0 0 0 0 0 0 0 0 0 0 0 0 0 0 0 0 0 0 0 0 0 0 0 0 0 0 0 0 0 0 0 0 0 0 0 0 0 0 0 0 0 0 0 0 0 0 0 0 0 0 0 0 0 0 0 0 0 0 0 0 0 0 0 0 0 0 0 0 0 0 0 0 0 0 0 0 0 0 0 0 0 0 0 0 0 0 0 0 0 0 0 0 0 0 0 0 0 0 0 0 0 0 0 0 0 0 0 0 0 0 0 0 0 0 0 0 0 0 0 0 0 0 0 0 0 0 0 0 0 0 0 0 0 0 0 0 0 0 0 0 0 0 0 0 0 0 0 0 0 0 0 0 0 0 0 0 0 0 0 0 0 0 0 0 0 0 0 0 0 0 0 0 0 0 0 0 0 0 0 0 0 0 0 0 0 0 0 0 0 0 0 0 0 0 0 0 0 0 0 0 0 0 0 0 0 0 0 0 0 0 0 0 0 0 0 0 0 0 0 0 0 0 0 0 0 0 0 0 0 0 0 0 0 0 0 0 0 0 0 0 0 0 0 0 0 0 0 0 0 0 0 0 0 0 0 0 0 0 0 0 0 0 0 0 0 0 0 0 0 0 0 0 0 0 0 0 0 0 0 0 0 0 0 0 0 0 0 0 0 0 0 0 0 0 0 0 0 0 0 0 0 0 0 0 0 0 0 0 0 0 0 0 0 0 0 0 0 0 0 0 0 0 0 0 0 0 0 0 0 0 0 0 0 0 0 0 0 0 0 0 0 0 0 0 0 0 0 0 0 0 0 0 0 0 0 0 0 0 0 0 0 0 0 0 0 0 0 0 0 0 0 0 0 0 0 0 0 0 0 0 0 0 0 0 0 0 0 0 0 0 0 0 0 0 0 0 0 0 0 0 0 0 0 0 0 0 0 0 0 0 0 0 0 0 0 0 0 0 0 0 0 0 0 0 0 0 0 0 0 0 0 0 0 0 0 0 0 0 0 0 0 0 0 0 0 0 0 0 0 0 0 0 0 0 0 0 0 0 0 0 0 0 0 0 0 0 0 0 0 0 0 0 0 0 0 0 0 0 0 0 0 0 0 0 0 0 0 0 0 0 0 0 0 0 0 0 0 0 0 0 0 0 0 0 0 0 0 0 0 0 0 0 0 0 0 0 0 0 0 0 0 0 0 0 0 0 0 0 0 0 0 0 0 0 0 0 0 0 0 0 0 0 0 0 0 0 0 0 0 0 0 0 0 0 0 0 0 0 0 0 0 0 0 0 0 0 0 0 0 0 0 0 0 0 0 0 0 0 0 0 0 0 0 0 0 0 0 0 0 0 0 0 0 0 0 0 0 0 0 0 0 0 0 0 0 0 0 0 0 0 0 0 0 0 0 0 0 0 0 0 0 0 0 0 0 0 0 0 0 0 0 0 0 0 0 0 0 0 0 0 0 0 0 0 0 0 0 0 0 0 0 0 0 0 0 0 0 0 0 0 0 0 0 0 0 0 0 0 0 0 0 0 0 0 0 0 0 0 0 0 0 0 0 0 0 0 0 0 0 0 0 0 0 0 0 0 0 0 0 0 0 0 0 0 0 0 0 0 0 0 0 0 0 0 0 0 0 0 0 0 0 0 0 0 0 0 0 0 0 0 0 0 0 0 0 0 0 0 0 0 0 0 0 0 0 0 0 0 0 0 0 0 0 0 0 0 0 0 0 0 0 0 0 0 0 0 0 0 0 0 0 0 0 0 0 0 0 0 0 0 0 0 0 0 0 0 0 0 0 0 0 0 0 0 0 0 0 0 0 0 0 0 0 0 0 0 0 0 0 0 0 0 0 0 0 0 0 0 0 0 0 0 0 0 0 0 0 0 0 0 0 0 0 0 0 0 0 0 0 0 0 0 0 0 0 0 0 0 0 0 0 0 0 0 0 0 0 0 0 0 0 0 0 0 0 0 0 0 0 0 0 0 0 0 0 0 0 0 0 0 0 0 0 0 0 0 0 0 0 0 0 0 0 0 0 0 0 0 0 0 0 0 0 0 0 0 0 0 0 0 0 0 0 0 0 0 0 0 0 0 0 0 0 0 0 0 0 0 0 0 0 0 0 0 0 0 0 0 0 0 0 0 0 0 0 0 0 0 0 0 0 0 0 0 0 0 0 0 0 0 0 0 0 0 0 0 0 0 0 0 0 0 0 0 0 0 0 0 0 0 0 0 0 0 0 0 0 0 0 0 0 0 0 0 0 0 0 0 0 0 0 0 0 0 0 0 0 0 0 0 0 0 0 0 0 0 0 0 0 0 0 0 0 0 0 0 0 0 0 0 0 0 0 0 0 0 0 0 0 0 0 0 0 0 0 0 0 0 0 0 0 0 0 0 0 0 0 0 0 0 0 0 0 0 0 0 0 0 0 0 0 0 0 0 0 0 0 0 0 0 0 0 0 0 0 0 0 0 0 0 0 0 0 0 0 0 0 0 0 0 0 0 0 0 0 0 0 0 0 0 0 0 0 0 0 0 0 0 0 0 0 0 0 0 0 0 0 0 0 0 0 0 0 0 0 0 0 0 0 0 0 0 0 0 0 0 0 0 0 0 0 0 0 0 0 0 0 0 0 0 0 0 0 0 0 0 0 0 0 0 0 0 0 0 0 0 0 0 0 0 0 0 0 0 0 0 0 0 0 0 0 0 0 0 0 0 0 0 0 0 0 0 0 0 0 0 0 0 0 0 0 0 0 0 0 0 0 0 0 0 0 0 0 0 0 0 0 0 0 0 0 0 0 0 0 0 0 0 0 0 0 0 0 0 0 0 0 0 0 0 0 0 0 0 0 0 0 0 0 0 0 0 0 0 0 0 0 0 0 0 0 0 0 0 0 0 0 0 0 0 0 0 0 0 0 0 0 0 0 0 0 0 0 0 0 0 0 0 0 0 0 0 0 0 0 0 0 0 0 0 0 0 0 0 0 0 0 0 0 0 0 0 0 0 0 0 0 0 0 0 0 0 0 0 0 0 0 0 0 0 0 0 0 0 0 0 0 0 0 0 0 0 0 0 0 0 0 0 0 0 0 0 0 0 0 0 0 0 0 0 0 0 0 0 0 0 0 0 0 0 0 0 0 0 0 0 0 0 0 0 0 0 0 0 0 0 0 0 0 0 0 0 0 0 0 0 0 0 0 0 0 0 0 0 0 0 0 0 0 0 0 0 0 0 0 0 0 0 0 0 0 0 0 0 0 0 0 0 0 0 0 0 0 0 0 0 0 0 0 0 0 0 0 0 0 0 0 0 0 0 0 0 0 0 0 0 0 0 0 0 0 0 0 0 0 0 0 0 0 0 0 0 0 0 0 0 0 0 0 0 0 0 0 0 0 0 0 0 0 0 0 0 0 0 0 0 0 0 0 0 0 0 0 0 0 0 0 0 0 0 0 0 0 0 0 0 0 0 0 0 0 0 0 0 0 0 0 0 0 0 0 0 0 0 0 0 0 0 0 0 0 0 0 0 0 0 0 0 0 0 0 0 0 0 0 0 0 0 0 0 0 0 0 0 0 0 0 0 0 0 0 0 0 0 0 0 0 0 0 0 0 0 0 0 0 0 0 0 0 0 0 0 0 0 0 0 0 0 0 0 0 0 0 0 0 0 0 0 0 0 0 0 0 0 0 0 0 0 0 0 0 0 0 0 0 0 0 0 0 0 0 0 0 0 0 0 0 0 0 0 0 0 0 0 0 0 0 0 0 0 0 0 0 0 0 0 0 0 0 0 0 0 0 0 0 0 0 0 0 0 0 0 0 0 0 0 0 0 0 0 0 0 0 0 0 0 0 0 0 0 0 0 0 0 0 0 0 0 0 0 0 0 0 0 0 0 0 0 0 0 0 0 0 0 0 0 0 0 0 0 0 0 0 0 0 0 0 0 0 0 0 0 0 0 0 0 0 0 0 0 0 0 0 0 0 0 0 0 0 0 0 0 0 0 0 0 0 0 0 0 0 0 0 0 0 0 0 0 0 0 0 0 0 0 0 0 0 0 0 0 0 0 0 0 0 0 0 0 0 0 0 0 0 0 0 0 0 0 0 0 0 0 0 0 0 0 0 0 0 0 0 0 0 0 0 0 0 0 0 0 0 0 0 0 0 0 0 0 0 0 0 0 0 0 0 0 0 0 0 0 0 0 0 0 0 0 0 0 0 0 0 0 0 0 0 0 0 0 0 0 0 0 0 0 0 0 0 0 0 0 0 0 0 0 0 0 0 0 0 0 0 0 0 0 0 0 0 0 0 0 0 0 0 0 0 0 0 0 0 0 0 0 0 0 0 0 0 0 0 0 0 0 0 0 0 0 0 0 0 0 0 0 0 0 0 0 0 0 0 0 0 0 0 0 0 0 0 0 0 0 0 0 0 0 0 0 0 0 0 0 0 0 0 0 0 0 0 0 0 0 0 0 0 0 0 0 0 0 0 0 0 0 0 0 0 0 0 0 0 0 0 0 0 0 0 0 0 0 0 0 0 0 0 0 0 0 0 0 0 0 0 0 0 0 0 0 0 0 0 0 0 0 0 0 0 0 0 0 0 0 0 0 0 0 0 0 0 0 0 0 0 0 0 0 0 0 0 0 0 0 0 0 0 0 0 0 0 0 0 0 0 0 0 0 0 0 0 0 0 0 0 0 0 0 0 0 0 0 0 0 0 0 0 0 0 0 0 0 0 0 0 0 0 0 0 0 0 0 0 0 0 0 0 0 0 0 0 0 0 0 0 0 0 0 0 0 0 0 0 0 0 0 0 0 0 0 0 0 0 0 0 0 0 0 0 0 0 0 0 0 0 0 0 0 0 0 0 0 0 0 0 0 0 0 0 0 0 0 0 0 0 0 0 0 0 0 0 0 0 0 0 0 0 0 0 0 0 0 0 0 0 0 0 0 0 0 0 0 0 0 0 0 0 0 0 0 0 0 0 0 0 0 0 0 0 0 0 0 0 0 0 0 0 0 0 0 0 0 0 0 0 0 0 0 0 0 0 0 0 0 0 0 0 0 0 0 0 0 0 0 0 0 0 0 0 0 0 0 0 0 0 0 0 0 0 0 0 0 0 0 0 0 0 0 0 0 0 0 0 0 0 0 0 0 0 0 0 0 0 0 0 0 0 0 0 0 0 0 0 0 0 0 0 0 0 0 0 0 0 0 0 0 0 0 0 0 0 0 0 0 0 0 0 0 0 0 0 0 0 0 0 0 0 0 0 0 0 0 0 0 0 0 0 0 0 0 0 0 0 0 0 0 0 0 0 0 0 0 0 0 0 0 0 0 0 0 0 0 0 0 0 0 0 0 0 0 0 0 0 0 0 0 0 0 0 0 0 0 0 0 0 0 0 0 0 0 0 0 0 0 0 0 0 0 0 0 0 0 0 0 0 0 0 0 0 0 0 0 0 0 0 0 0 0 0 0 0 0 0 0 0 0 0 0 0 0 0 0 0 0 0 0 0 0 0 0 0 0 0 0 0 0 0 0 0 0 0 0 0 0 0 0 0 0 0 0 0 0 0 0 0 0 0 0 0 0 0 0 0 0 0 0 0 0 0 0 0 0 0 0 0 0 0 0 0 0 0 0 0 0 0 0 0 0 0 0 0 0 0 0 0 0 0 0 0 0 0 0 0 0 0 0 0 0 0 0 0 0 0 0 0 0 0 0 0 0 0 0 0 0 0 0 0 0 0 0 0 0 0 0 0 0 0 0 0 0 0 0 0 0 0 0 0 0 0 0 0 0 0 0 0 0 0 0 0 0 0 0 0 0 0 0 0 0 0 0 0 0 0 0 0 0 0 0 0 0 0 0 0 0 0 0 0 0 0 0 0 0 0 0 0 0 0 0 0 0 0 0 0 0 0 0 0 0 0 0 0 0 0 0 0 0 0 0 0 0 0 0 0 0 0 0 0 0 0 0 0 0 0 0 0 0 0 0 0 0 0 0 0 0 0 0 0 0 0 0 0 0 0 0 0 0 0 0 0 0 0 0 0 0 0 0 0 0 0 0 0 0 0 0 0 0 0 0 0 0 0 0 0 0 0 0 0 0 0 0 0 0 0 0 0 0 0 0 0 0 0 0 0 0 0 0 0 0 0 0 0 0 0 0 0 0 0 0 0 0 0 0 0 0 0 0 0 0 0 0 0 0 0 0 0 0 0 0 0 0 0 0 0 0 0 0 0 0 0 0 0 0 0 0 0 0 0 0 0 0 0 0 0 0 0 0 0 0 0 0 0 0 0 0 0 0 0 0 0 0 0 0 0 0 0 0 0 0 0 0 0 0 0 0 0 0 0 0 0 0 0 0 0 0 0 0 0 0 0 0 0 0 0 0 0 0 0 0 0 0 0 0 0 0 0 0 0 0 0 0 0 0 0 0 0 0 0 0 0 0 0 0 0 0 0 0 0 0 0 0 0 0 0 0 0 0 0 0 0 0 0 0 0 0 0 0 0 0 0 0 0 0 0 0 0 0 0 0 0 0 0 0 0 0 0 0 0 0 0 0 0 0 0 0 0 0 0 0 0 0 0 0 0 0 0 0 0 0 0 0 0 0 0 0 0 0 0 0 0 0 0 0 0 0 0 0 0 0 0 0 0 0 0 0 0 0 0 0 0 0 0 0 0 0 0 0 0 0 0 0 0 0 0 0 0 0 0 0 0 0 0 0 0 0 0 0 0 0 0 0 0 0 0 0 0 0 0 0 0 0 0 0 0 0 0 0 0 0 0 0 0 0 0 0 0 0 0 0 0 0 0 0 0 0 0 0 0 0 0 0 0 0 0 0 0 0 0 0 0 0 0 0 0 0 0 0 0 0 0 0 0 0 0 0 0 0 0 0 0 0 0 0 0 0 0 0 0 0 0 0 0 0 0 0 0 0 0 0 0 0 0 0 0 0 0 0 0 0 0 0 0 0 0 0 0 0 0 0 0 0 0 0 0 0 0 0 0 0 0 0 0 0 0 0 0 0 0 0 0 0 0 0 0 0 0 0 0 0 0 0 0 0 0 0 0 0 0 0 0 0 0 0 0 0 0 0 0 0 0 0 0 0 0 0 0 0 0 0 0 0 0 0 0 0 0 0 0 0 0 0 0 0 0 0 0 0 0 0 0 0 0 0 0 0 0 0 0 0 0 0 0 0 0 0 0 0 0 0 0 0 0 0 0 0 0 0 0 0 0 0 0 0 0 0 0 0 0 0 0 0 0 0 0 0 0 0 0 0 0 0 0 0 0 0 0 0 0 0 0 0 0 0 0 0 0 0 0 0 0 0 0 0 0 0 0 0 0 0 0 0 0 0 0 0 0 0 0 0 0 0 0 0 0 0 0 0 0 0 0 0 0 0 0 0 0 0 0 0 0 0 0 0 0 0 0 0 0 0 0 0 0 0 0 0 0 0 0 0 0 0 0 0 0 0 0 0 0 0 0 0 0 0 0 0 0 0 0 0 0 0 0 0 0 0 0 0 0 0 0 0 0 0 0 0 0 0 0 0 0 0 0 0 0 0 0 0 0 0 0 0 0 0 0 0 0 0 0 0 0 0 0 0 0 0 0 0 0 0 0 0 0 0 0 0 0 0 0 0 0 0 0 0 0 0 0 0 0 0 0 0 0 0 0 0 0 0 0 0 0 0 0 0 0 0 0 0 0 0 0 0 0 0 0 0 0 0 0 0 0 0 0 0 0 0 0 0 0 0 0 0 0 0 0 0 0 0 0 0 0 0 0 0 0 0 0 0 0 0 0 0 0 0 0 0 0 0 0 0 0 0 0 0 0 0 0 0 0 0 0 0 0 0 0 0 0 0 0 0 0 0 0 0 0 0 0 0 0 0 0 0 0 0 0 0 0 0 0 0 0 0 0 0 0 0 0 0 0 0 0 0 0 0 0 0 0 0 0</float_array>
          <technique_common>
            <accessor source="#Plane_025-mesh-map-1-array" count="4947" stride="2">
              <param name="S" type="float"/>
              <param name="T" type="float"/>
            </accessor>
          </technique_common>
        </source>
        <source id="Plane_025-mesh-colors-Col" name="Col">
          <float_array id="Plane_025-mesh-colors-Col-array" count="18780">0.7490196 0.2705882 0.2784314 1 0.7490196 0.2705882 0.2784314 1 0.7490196 0.2705882 0.2784314 1 0.7490196 0.2705882 0.2784314 1 0.7490196 0.2705882 0.2784314 1 0.7490196 0.2705882 0.2784314 1 1 0.8941177 0.8235294 1 1 0.8941177 0.8235294 1 1 0.8941177 0.8235294 1 1 1 1 1 1 1 1 1 1 1 1 1 1 1 1 1 1 1 1 1 1 1 1 1 1 0.8941177 0.8235294 1 1 0.8941177 0.8235294 1 1 0.8941177 0.8235294 1 0.7490196 0.2705882 0.2784314 1 0.7490196 0.2705882 0.2784314 1 0.7490196 0.2705882 0.2784314 1 1 1 1 1 1 1 1 1 1 1 1 1 1 0.8941177 0.8235294 1 1 0.8941177 0.8235294 1 1 0.8941177 0.8235294 1 0.7490196 0.2705882 0.2784314 1 0.7490196 0.2705882 0.2784314 1 0.7490196 0.2705882 0.2784314 1 1 0.8941177 0.8235294 1 1 0.8941177 0.8235294 1 1 0.8941177 0.8235294 1 1 1 1 1 1 1 1 1 1 1 1 1 1 1 1 1 1 1 1 1 1 1 1 1 0.4509804 0.4509804 0.4509804 1 0.4509804 0.4509804 0.4509804 1 0.4509804 0.4509804 0.4509804 1 1 0.8941177 0.8235294 1 1 0.8941177 0.8235294 1 1 0.8941177 0.8235294 1 1 1 1 1 1 1 1 1 1 1 1 1 0.7490196 0.2705882 0.2784314 1 0.7490196 0.2705882 0.2784314 1 0.7490196 0.2705882 0.2784314 1 1 1 1 1 1 1 1 1 1 1 1 1 1 0.8941177 0.8235294 1 1 0.8941177 0.8235294 1 1 0.8941177 0.8235294 1 0.7490196 0.2705882 0.2784314 1 0.7490196 0.2705882 0.2784314 1 0.7490196 0.2705882 0.2784314 1 1 0.8941177 0.8235294 1 1 0.8941177 0.8235294 1 1 0.8941177 0.8235294 1 1 0.8941177 0.8235294 1 1 0.8941177 0.8235294 1 1 0.8941177 0.8235294 1 1 1 1 1 1 1 1 1 1 1 1 1 0.4509804 0.4509804 0.4509804 1 0.4509804 0.4509804 0.4509804 1 0.4509804 0.4509804 0.4509804 1 1 0.8941177 0.8235294 1 1 0.8941177 0.8235294 1 1 0.8941177 0.8235294 1 1 1 1 1 1 1 1 1 1 1 1 1 1 0.9803922 0.6862745 1 1 0.9803922 0.6862745 1 1 0.9803922 0.6862745 1 1 1 1 1 1 1 1 1 1 1 1 1 0.7490196 0.2705882 0.2784314 1 0.7490196 0.2705882 0.2784314 1 0.7490196 0.2705882 0.2784314 1 1 1 1 1 1 1 1 1 1 1 1 1 0.7490196 0.2705882 0.2784314 1 0.7490196 0.2705882 0.2784314 1 0.7490196 0.2705882 0.2784314 1 0.7137255 0.8901961 0.882353 1 0.7137255 0.8901961 0.882353 1 0.7137255 0.8901961 0.882353 1 1 1 1 1 1 1 1 1 1 1 1 1 0.7137255 0.8901961 0.882353 1 0.7137255 0.8901961 0.882353 1 0.7137255 0.8901961 0.882353 1 1 1 1 1 1 1 1 1 1 1 1 1 1 1 1 1 1 1 1 1 1 1 1 1 0.7490196 0.2705882 0.2784314 1 0.7490196 0.2705882 0.2784314 1 0.7490196 0.2705882 0.2784314 1 0.7137255 0.8901961 0.882353 1 0.7137255 0.8901961 0.882353 1 0.7137255 0.8901961 0.882353 1 0.7137255 0.8901961 0.882353 1 0.7137255 0.8901961 0.882353 1 0.7137255 0.8901961 0.882353 1 0.7490196 0.2705882 0.2784314 1 0.7490196 0.2705882 0.2784314 1 0.7490196 0.2705882 0.2784314 1 0.7137255 0.8901961 0.882353 1 0.7137255 0.8901961 0.882353 1 0.7137255 0.8901961 0.882353 1 0.7137255 0.8901961 0.882353 1 0.7137255 0.8901961 0.882353 1 0.7137255 0.8901961 0.882353 1 0.7137255 0.8901961 0.882353 1 0.7137255 0.8901961 0.882353 1 0.7137255 0.8901961 0.882353 1 0.4509804 0.4509804 0.4509804 1 0.4509804 0.4509804 0.4509804 1 0.4509804 0.4509804 0.4509804 1 0.7137255 0.8901961 0.882353 1 0.7137255 0.8901961 0.882353 1 0.7137255 0.8901961 0.882353 1 0.7137255 0.8901961 0.882353 1 0.7137255 0.8901961 0.882353 1 0.7137255 0.8901961 0.882353 1 1 1 1 1 1 1 1 1 1 1 1 1 1 1 1 1 1 1 1 1 1 1 1 1 1 1 1 1 1 1 1 1 1 1 1 1 1 1 1 1 1 1 1 1 1 1 1 1 1 1 1 1 1 1 1 1 1 1 1 1 1 1 1 1 1 1 1 1 1 1 1 1 1 1 1 1 1 1 1 1 1 1 1 1 1 1 1 1 1 1 1 1 1 1 1 1 1 0.8941177 0.8235294 1 1 0.8941177 0.8235294 1 1 0.8941177 0.8235294 1 1 1 1 1 1 1 1 1 1 1 1 1 1 1 1 1 1 1 1 1 1 1 1 1 1 0.8941177 0.8235294 1 1 0.8941177 0.8235294 1 1 0.8941177 0.8235294 1 1 1 1 1 1 1 1 1 1 1 1 1 1 0.8941177 0.8235294 1 1 0.8941177 0.8235294 1 1 0.8941177 0.8235294 1 1 1 1 1 1 1 1 1 1 1 1 1 1 1 1 1 1 1 1 1 1 1 1 1 1 1 1 1 1 1 1 1 1 1 1 1 1 0.8941177 0.8235294 1 1 0.8941177 0.8235294 1 1 0.8941177 0.8235294 1 1 1 1 1 1 1 1 1 1 1 1 1 1 0.9803922 0.6862745 1 1 0.9803922 0.6862745 1 1 0.9803922 0.6862745 1 1 1 1 1 1 1 1 1 1 1 1 1 1 1 1 1 1 1 1 1 1 1 1 1 1 1 1 1 1 1 1 1 1 1 1 1 1 1 1 1 1 1 1 1 1 1 1 1 1 1 1 1 1 1 1 1 1 1 1 1 1 1 1 1 1 1 1 1 1 1 1 1 1 1 1 1 1 1 1 1 1 1 1 1 1 1 1 1 1 1 1 1 1 1 1 1 1 1 1 1 1 1 1 1 1 1 1 1 1 1 1 1 1 1 1 1 1 1 1 1 1 1 1 1 1 1 1 1 1 1 1 1 1 1 1 1 1 1 1 1 1 1 1 1 1 1 1 1 1 1 1 1 1 1 1 1 1 1 1 1 1 1 1 1 1 1 1 1 1 1 1 1 1 1 1 1 1 1 1 1 1 1 1 1 1 1 1 1 1 1 1 1 1 1 1 1 1 1 1 1 1 1 1 1 1 1 1 1 1 1 1 1 1 1 1 1 1 1 1 1 1 1 1 1 1 1 1 1 1 1 1 1 1 1 1 1 1 1 1 1 1 1 1 1 1 1 1 1 1 1 1 1 1 1 1 1 1 1 1 1 1 1 1 1 1 1 1 1 1 1 1 1 1 1 1 1 1 1 1 1 1 1 1 1 1 1 1 1 1 1 1 1 1 1 1 1 1 1 1 1 1 1 1 1 1 1 1 1 1 1 1 1 0.7490196 0.2705882 0.2784314 1 0.7490196 0.2705882 0.2784314 1 0.7490196 0.2705882 0.2784314 1 0.7490196 0.2705882 0.2784314 1 0.7490196 0.2705882 0.2784314 1 0.7490196 0.2705882 0.2784314 1 0.7137255 0.8901961 0.882353 1 0.7137255 0.8901961 0.882353 1 0.7137255 0.8901961 0.882353 1 1 1 1 1 1 1 1 1 1 1 1 1 0.7490196 0.2705882 0.2784314 1 0.7490196 0.2705882 0.2784314 1 0.7490196 0.2705882 0.2784314 1 1 1 1 1 1 1 1 1 1 1 1 1 0.7137255 0.8901961 0.882353 1 0.7137255 0.8901961 0.882353 1 0.7137255 0.8901961 0.882353 1 0.7490196 0.2705882 0.2784314 1 0.7490196 0.2705882 0.2784314 1 0.7490196 0.2705882 0.2784314 1 0.7137255 0.8901961 0.882353 1 0.7137255 0.8901961 0.882353 1 0.7137255 0.8901961 0.882353 1 0.7137255 0.8901961 0.882353 1 0.7137255 0.8901961 0.882353 1 0.7137255 0.8901961 0.882353 1 1 1 1 1 1 1 1 1 1 1 1 1 0.4509804 0.4509804 0.4509804 1 0.4509804 0.4509804 0.4509804 1 0.4509804 0.4509804 0.4509804 1 0.7137255 0.8901961 0.882353 1 0.7137255 0.8901961 0.882353 1 0.7137255 0.8901961 0.882353 1 1 1 1 1 1 1 1 1 1 1 1 1 0.7137255 0.8901961 0.882353 1 0.7137255 0.8901961 0.882353 1 0.7137255 0.8901961 0.882353 1 1 1 1 1 1 1 1 1 1 1 1 1 1 1 1 1 1 1 1 1 1 1 1 1 1 1 1 1 1 1 1 1 1 1 1 1 1 1 1 1 1 1 1 1 1 1 1 1 1 1 1 1 1 1 1 1 1 1 1 1 1 1 1 1 1 1 1 1 1 1 1 1 1 1 1 1 1 1 1 1 1 1 1 1 1 1 1 1 1 1 1 1 1 1 1 1 1 1 1 1 1 1 1 1 1 1 1 1 1 1 1 1 1 1 1 1 1 1 1 1 1 1 1 1 1 1 1 1 1 1 1 1 1 1 1 1 1 1 1 1 1 1 1 1 1 1 1 1 1 1 1 1 1 1 1 1 1 1 1 1 1 1 1 1 1 1 1 1 1 1 1 1 1 1 1 1 1 1 1 1 1 1 1 1 1 1 1 1 1 1 1 1 1 1 1 1 1 1 1 1 1 1 1 1 1 1 1 1 1 1 1 1 1 1 1 1 1 1 1 1 1 1 1 1 1 1 1 1 1 1 1 1 1 1 1 1 1 1 1 1 1 1 1 1 1 1 1 1 1 1 1 1 1 1 1 1 1 1 1 1 1 1 1 1 1 1 1 1 1 1 1 1 1 1 1 1 1 1 1 1 1 1 1 1 1 1 1 1 1 1 1 1 1 1 1 1 1 1 1 1 1 1 1 1 1 1 1 1 1 1 1 1 1 1 1 1 1 1 1 1 1 1 1 1 1 1 1 1 1 1 1 1 1 1 1 1 1 1 1 1 1 1 1 1 1 1 1 1 1 1 1 1 1 1 1 1 1 1 1 1 1 1 1 1 1 1 1 1 1 1 1 1 1 1 1 1 1 1 1 1 1 1 1 1 1 1 1 1 1 1 1 1 1 1 1 1 1 1 1 1 1 1 1 1 1 1 1 1 1 1 1 1 1 1 1 1 1 1 1 1 1 1 1 1 1 1 1 1 1 1 1 1 1 1 1 1 1 1 1 1 1 1 1 1 1 1 1 1 1 1 1 1 1 1 1 1 0.7490196 0.2705882 0.2784314 1 0.7490196 0.2705882 0.2784314 1 0.7490196 0.2705882 0.2784314 1 0.7490196 0.2705882 0.2784314 1 0.7490196 0.2705882 0.2784314 1 0.7490196 0.2705882 0.2784314 1 1 1 1 1 1 1 1 1 1 1 1 1 1 1 1 1 1 1 1 1 1 1 1 1 1 1 1 1 1 1 1 1 1 1 1 1 1 1 1 1 1 1 1 1 1 1 1 1 1 1 1 1 1 1 1 1 1 1 1 1 1 1 1 1 1 1 1 1 1 1 1 1 1 1 1 1 1 1 1 1 1 1 1 1 1 1 1 1 1 1 1 1 1 1 1 1 1 1 1 1 1 1 1 1 1 1 1 1 1 1 1 1 1 1 1 1 1 1 1 1 1 1 1 1 1 1 1 1 1 1 1 1 1 1 1 1 1 1 1 1 1 1 1 1 1 1 1 1 1 1 1 1 1 1 1 1 1 1 1 1 1 1 1 1 1 1 1 1 1 1 1 1 1 1 1 1 1 1 1 1 1 1 1 1 1 1 1 1 1 1 1 1 1 1 1 1 1 1 1 1 1 1 1 1 1 1 1 1 1 1 1 1 1 1 1 1 1 1 1 1 1 1 1 1 1 1 1 1 1 1 1 1 1 1 1 1 1 1 1 1 1 1 1 1 1 1 1 1 1 1 1 1 1 1 1 1 1 1 1 1 1 1 1 1 1 1 1 1 1 1 1 1 1 1 1 1 1 1 1 1 1 1 1 1 1 1 1 1 1 1 1 1 1 1 1 1 1 1 1 1 1 1 1 1 1 1 1 1 1 1 1 1 1 1 1 1 1 1 1 1 1 1 1 1 1 1 1 1 1 1 1 1 1 1 1 1 0.7490196 0.2705882 0.2784314 1 0.7490196 0.2705882 0.2784314 1 0.7490196 0.2705882 0.2784314 1 1 1 1 1 1 1 1 1 1 1 1 1 0.4509804 0.4509804 0.4509804 1 0.4509804 0.4509804 0.4509804 1 0.4509804 0.4509804 0.4509804 1 1 1 1 1 1 1 1 1 1 1 1 1 1 1 1 1 1 1 1 1 1 1 1 1 1 1 1 1 1 1 1 1 1 1 1 1 1 1 1 1 1 1 1 1 1 1 1 1 1 1 1 1 1 1 1 1 1 1 1 1 1 1 1 1 1 1 1 1 1 1 1 1 1 1 1 1 1 1 1 1 1 1 1 1 1 1 1 1 1 1 1 1 1 1 1 1 1 1 1 1 1 1 1 1 1 1 1 1 1 1 1 1 1 1 1 1 1 1 1 1 1 1 1 1 1 1 1 1 1 1 1 1 1 1 1 1 1 1 1 1 1 1 1 1 1 1 1 1 1 1 1 1 1 1 1 1 1 1 1 1 1 1 1 1 1 1 1 1 1 1 1 1 1 1 1 1 1 1 1 1 1 0.8941177 0.8235294 1 1 0.8941177 0.8235294 1 1 0.8941177 0.8235294 1 1 0.8941177 0.8235294 1 1 0.8941177 0.8235294 1 1 0.8941177 0.8235294 1 1 0.8941177 0.8235294 1 1 0.8941177 0.8235294 1 1 0.8941177 0.8235294 1 1 0.8941177 0.8235294 1 1 0.8941177 0.8235294 1 1 0.8941177 0.8235294 1 1 0.8941177 0.8235294 1 1 0.8941177 0.8235294 1 1 0.8941177 0.8235294 1 1 0.8941177 0.8235294 1 1 0.8941177 0.8235294 1 1 0.8941177 0.8235294 1 1 0.8941177 0.8235294 1 1 0.8941177 0.8235294 1 1 0.8941177 0.8235294 1 1 0.8941177 0.8235294 1 1 0.8941177 0.8235294 1 1 0.8941177 0.8235294 1 1 0.8941177 0.8235294 1 1 0.8941177 0.8235294 1 1 0.8941177 0.8235294 1 1 0.8941177 0.8235294 1 1 0.8941177 0.8235294 1 1 0.8941177 0.8235294 1 1 0.8941177 0.8235294 1 1 0.8941177 0.8235294 1 1 0.8941177 0.8235294 1 1 0.8941177 0.8235294 1 1 0.8941177 0.8235294 1 1 0.8941177 0.8235294 1 1 0.8941177 0.8235294 1 1 0.8941177 0.8235294 1 1 0.8941177 0.8235294 1 1 0.8941177 0.8235294 1 1 0.8941177 0.8235294 1 1 0.8941177 0.8235294 1 1 0.8941177 0.8235294 1 1 0.8941177 0.8235294 1 1 0.8941177 0.8235294 1 1 0.8941177 0.8235294 1 1 0.8941177 0.8235294 1 1 0.8941177 0.8235294 1 1 0.8941177 0.8235294 1 1 0.8941177 0.8235294 1 1 0.8941177 0.8235294 1 1 0.8941177 0.8235294 1 1 0.8941177 0.8235294 1 1 0.8941177 0.8235294 1 1 0.8941177 0.8235294 1 1 0.8941177 0.8235294 1 1 0.8941177 0.8235294 1 1 0.8941177 0.8235294 1 1 0.8941177 0.8235294 1 1 0.8941177 0.8235294 1 1 0.8941177 0.8235294 1 1 0.8941177 0.8235294 1 1 0.8941177 0.8235294 1 1 0.8941177 0.8235294 1 1 0.8941177 0.8235294 1 1 0.8941177 0.8235294 1 1 0.8941177 0.8235294 1 1 0.8941177 0.8235294 1 1 0.8941177 0.8235294 1 1 0.8941177 0.8235294 1 1 0.8941177 0.8235294 1 1 0.8941177 0.8235294 1 1 0.8941177 0.8235294 1 1 0.8941177 0.8235294 1 1 0.8941177 0.8235294 1 1 0.8941177 0.8235294 1 1 0.8941177 0.8235294 1 1 0.8941177 0.8235294 1 1 0.8941177 0.8235294 1 1 0.8941177 0.8235294 1 1 0.8941177 0.8235294 1 1 0.8941177 0.8235294 1 1 0.8941177 0.8235294 1 1 0.8941177 0.8235294 1 1 0.8941177 0.8235294 1 1 0.8941177 0.8235294 1 1 0.8941177 0.8235294 1 1 0.8941177 0.8235294 1 1 0.8941177 0.8235294 1 1 0.8941177 0.8235294 1 1 0.8941177 0.8235294 1 1 0.8941177 0.8235294 1 1 0.8941177 0.8235294 1 1 0.8941177 0.8235294 1 1 0.8941177 0.8235294 1 1 0.8941177 0.8235294 1 1 1 1 1 1 1 1 1 1 1 1 1 1 1 1 1 1 1 1 1 1 1 1 1 1 1 1 1 1 1 1 1 1 1 1 1 1 1 1 1 1 1 1 1 1 1 1 1 1 1 1 1 1 1 1 1 1 1 1 1 0.7137255 0.8901961 0.882353 1 0.7137255 0.8901961 0.882353 1 0.7137255 0.8901961 0.882353 1 1 1 1 1 1 1 1 1 1 1 1 1 1 1 1 1 1 1 1 1 1 1 1 1 1 1 1 1 1 1 1 1 1 1 1 1 1 1 1 1 1 1 1 1 1 1 1 1 1 1 1 1 1 1 1 1 1 1 1 1 1 1 1 1 1 1 1 1 1 1 1 1 1 1 1 1 1 1 1 1 1 1 1 1 1 1 1 1 1 1 1 1 1 1 1 1 1 1 1 1 1 1 1 1 1 1 1 1 1 1 1 1 1 1 1 1 1 1 1 1 1 1 1 1 1 1 1 1 1 1 1 1 1 1 1 1 1 1 1 1 1 1 1 1 1 1 1 1 1 1 1 1 1 1 1 1 1 0.8941177 0.8235294 1 1 0.8941177 0.8235294 1 1 0.8941177 0.8235294 1 1 0.8941177 0.8235294 1 1 0.8941177 0.8235294 1 1 0.8941177 0.8235294 1 1 0.8941177 0.8235294 1 1 0.8941177 0.8235294 1 1 0.8941177 0.8235294 1 1 0.8941177 0.8235294 1 1 0.8941177 0.8235294 1 1 0.8941177 0.8235294 1 1 0.8941177 0.8235294 1 1 0.8941177 0.8235294 1 1 0.8941177 0.8235294 1 1 0.8941177 0.8235294 1 1 0.8941177 0.8235294 1 1 0.8941177 0.8235294 1 1 0.8941177 0.8235294 1 1 0.8941177 0.8235294 1 1 0.8941177 0.8235294 1 1 0.8941177 0.8235294 1 1 0.8941177 0.8235294 1 1 0.8941177 0.8235294 1 1 1 1 1 1 1 1 1 1 1 1 1 1 1 1 1 1 1 1 1 1 1 1 1 1 1 1 1 1 1 1 1 1 1 1 1 1 1 1 1 1 1 1 1 1 1 1 1 1 1 1 1 1 1 1 1 1 1 1 1 1 1 1 1 1 1 1 1 1 1 1 1 1 1 1 1 1 1 1 1 1 1 1 1 1 1 1 1 1 1 1 1 1 1 1 1 1 1 1 1 1 1 1 1 1 1 1 1 1 0.8627451 0.4196078 1 1 0.8627451 0.4196078 1 1 0.8627451 0.4196078 1 0.5333334 0.5333334 0.5333334 1 0.5333334 0.5333334 0.5333334 1 0.5333334 0.5333334 0.5333334 1 0.5333334 0.5333334 0.5333334 1 0.5333334 0.5333334 0.5333334 1 0.5333334 0.5333334 0.5333334 1 0.5333334 0.5333334 0.5333334 1 0.5333334 0.5333334 0.5333334 1 0.5333334 0.5333334 0.5333334 1 0.5333334 0.5333334 0.5333334 1 0.5333334 0.5333334 0.5333334 1 0.5333334 0.5333334 0.5333334 1 0.5333334 0.5333334 0.5333334 1 0.5333334 0.5333334 0.5333334 1 0.5333334 0.5333334 0.5333334 1 0.5333334 0.5333334 0.5333334 1 0.5333334 0.5333334 0.5333334 1 0.5333334 0.5333334 0.5333334 1 0.5333334 0.5333334 0.5333334 1 0.5333334 0.5333334 0.5333334 1 0.5333334 0.5333334 0.5333334 1 0.5333334 0.5333334 0.5333334 1 0.5333334 0.5333334 0.5333334 1 0.5333334 0.5333334 0.5333334 1 1 0.8627451 0.4196078 1 1 0.8627451 0.4196078 1 1 0.8627451 0.4196078 1 0.5333334 0.5333334 0.5333334 1 0.5333334 0.5333334 0.5333334 1 0.5333334 0.5333334 0.5333334 1 0.5333334 0.5333334 0.5333334 1 0.5333334 0.5333334 0.5333334 1 0.5333334 0.5333334 0.5333334 1 0.5333334 0.5333334 0.5333334 1 0.5333334 0.5333334 0.5333334 1 0.5333334 0.5333334 0.5333334 1 0.5333334 0.5333334 0.5333334 1 0.5333334 0.5333334 0.5333334 1 0.5333334 0.5333334 0.5333334 1 1 1 1 1 1 1 1 1 1 1 1 1 0.2980392 0.4901961 0.6509804 1 0.5176471 0.6235294 0.7333334 1 0.2980392 0.4901961 0.6509804 1 1 1 1 1 1 1 1 1 1 1 1 1 1 1 1 1 1 1 1 1 1 1 1 1 1 1 1 1 1 1 1 1 1 1 1 1 1 1 1 1 1 1 1 1 1 1 1 1 1 1 1 1 1 1 1 1 1 1 1 1 1 1 1 1 1 1 1 1 1 1 1 1 1 1 1 1 1 1 1 1 1 1 1 1 1 1 1 1 1 1 1 1 1 1 1 1 1 0.8941177 0.8235294 1 1 0.8392157 0.8509804 1 1 0.8392157 0.8509804 1 1 0.8941177 0.8235294 1 1 0.8941177 0.8235294 1 1 0.8941177 0.8235294 1 1 1 1 1 1 1 1 1 1 1 1 1 1 1 1 1 1 1 1 1 1 1 1 1 1 1 1 1 1 1 1 1 1 1 1 1 1 1 1 1 1 1 1 1 1 1 1 1 1 1 1 1 1 1 1 1 1 1 1 1 1 1 1 1 1 1 1 1 1 1 1 1 1 1 1 1 1 1 1 1 1 1 1 1 1 1 1 1 1 1 1 1 1 1 1 1 1 1 1 1 1 1 1 1 1 1 1 1 1 1 1 1 1 1 1 1 1 1 1 1 1 1 1 1 1 1 1 1 1 1 1 1 1 1 1 1 1 1 1 1 1 1 1 1 1 1 1 1 1 1 1 1 1 1 1 1 1 1 1 1 1 1 1 1 1 1 1 1 1 1 1 1 1 1 1 1 1 1 1 1 1 1 1 1 1 1 1 1 1 1 1 1 1 1 1 1 1 1 1 1 1 1 1 1 1 1 1 1 1 1 1 1 1 1 1 1 1 1 1 1 1 1 1 1 1 1 1 1 1 1 1 1 1 1 1 1 1 1 1 1 1 1 1 1 1 1 1 1 1 1 1 1 1 1 1 1 1 1 1 1 1 1 1 1 1 1 1 1 1 1 1 1 1 1 1 1 1 1 1 1 1 1 1 1 1 1 1 1 1 1 1 1 1 1 1 1 1 1 1 1 1 1 1 1 1 1 1 1 1 1 1 1 1 1 1 1 1 1 1 1 1 1 1 1 1 1 1 1 1 1 1 1 1 1 1 1 1 1 1 1 1 1 1 1 1 1 1 1 1 1 1 1 1 1 1 1 1 1 1 1 1 1 1 1 1 1 1 1 1 1 1 1 1 1 1 1 1 1 1 1 1 1 1 1 1 1 1 1 1 1 1 1 1 1 1 1 1 1 1 1 1 1 1 1 1 1 1 1 1 1 1 1 1 1 1 1 1 1 1 1 1 1 1 1 1 1 1 1 1 1 1 1 1 1 1 1 1 1 1 1 1 1 1 1 1 1 1 1 1 1 1 1 1 1 1 1 1 1 1 1 1 1 1 1 1 1 1 1 1 1 1 1 1 1 1 1 1 1 1 1 1 1 1 1 1 1 1 1 1 1 1 1 1 1 1 1 1 1 1 1 1 1 1 1 1 1 1 1 1 1 1 1 1 1 1 1 1 1 1 1 1 1 1 1 1 1 1 1 1 1 1 1 1 1 1 1 1 1 1 1 1 1 1 1 1 1 1 1 1 1 1 1 1 1 1 1 1 1 1 1 1 1 1 1 1 1 1 1 1 1 1 1 1 1 1 1 1 1 1 1 1 1 1 1 1 1 1 1 1 1 1 1 1 1 1 1 1 1 1 1 1 1 1 1 1 1 1 1 1 1 1 1 1 1 1 1 1 1 1 1 1 1 1 1 1 1 1 1 1 1 1 1 1 1 1 1 1 1 1 1 1 1 1 1 1 1 1 1 1 1 1 1 1 1 1 1 1 1 1 1 1 1 1 1 1 1 1 1 1 1 1 1 1 1 1 1 1 1 1 1 1 1 1 1 1 1 1 1 1 1 1 1 1 1 1 1 1 1 1 1 1 1 1 1 1 1 1 1 1 1 1 1 1 1 1 1 1 1 1 1 1 1 1 1 1 1 1 1 1 1 1 1 1 1 1 1 1 1 1 1 1 1 1 1 1 1 1 1 1 1 1 1 1 1 1 1 1 1 1 1 1 1 1 1 1 1 1 1 1 1 1 1 1 1 1 1 1 1 1 1 1 1 1 1 1 1 1 1 1 1 1 1 1 1 1 1 1 1 1 1 1 1 1 1 1 1 1 1 1 1 1 1 1 1 1 1 1 1 1 1 1 1 1 1 1 1 1 1 1 1 1 1 1 1 1 1 1 1 1 1 1 1 1 1 1 1 1 1 1 1 1 1 1 1 1 1 1 1 1 1 1 1 1 1 1 1 1 1 1 1 1 1 1 1 1 1 1 1 1 1 1 1 1 1 1 1 1 1 1 1 1 1 1 1 1 1 1 1 1 1 1 1 1 1 1 1 1 1 1 1 1 1 1 1 1 1 1 1 1 1 1 1 1 1 1 1 1 1 1 1 1 1 1 1 1 1 1 1 1 1 1 1 1 1 1 1 1 1 1 1 1 1 1 1 1 1 1 1 1 1 1 1 1 1 1 1 1 1 1 1 1 1 1 1 1 1 1 1 1 1 1 1 1 1 1 1 1 1 1 1 1 1 1 1 1 1 1 1 1 1 1 1 1 1 1 1 1 1 1 1 1 1 1 1 1 1 1 1 1 1 1 1 1 1 1 1 1 1 1 1 1 1 1 1 1 1 1 1 1 1 1 1 1 1 1 1 1 1 1 1 1 1 1 1 1 1 1 1 1 1 1 1 1 1 1 1 1 1 1 1 1 1 1 1 1 1 1 1 1 1 1 1 1 1 1 1 1 1 1 1 1 1 1 1 1 1 1 1 1 1 1 1 1 1 1 1 1 1 1 1 1 1 1 1 1 1 1 1 1 1 1 1 1 1 1 1 1 1 1 1 1 1 1 1 1 1 1 1 1 1 1 1 1 1 1 1 1 1 1 1 1 1 1 1 1 1 1 1 1 1 1 1 1 1 1 1 1 1 1 1 1 1 1 1 1 1 1 1 1 1 1 1 1 1 1 1 1 1 1 1 1 1 1 1 1 1 1 1 1 1 1 1 1 1 1 1 1 1 1 1 1 1 1 1 1 1 1 1 1 1 1 1 1 1 1 1 1 1 1 1 1 1 1 1 1 1 1 1 1 1 1 1 1 1 1 1 1 1 1 1 1 1 1 1 1 1 1 1 1 1 1 1 1 1 1 1 1 1 1 1 1 1 1 1 1 1 1 1 1 1 1 1 1 1 1 1 1 1 1 1 1 1 1 1 1 1 1 1 1 1 1 1 1 1 1 1 1 1 1 1 1 1 1 1 1 1 1 1 1 1 1 1 1 1 1 1 1 1 1 1 1 1 1 1 1 1 1 1 1 1 1 1 1 1 1 1 1 1 1 1 1 1 1 1 1 1 1 1 1 1 1 1 1 1 1 1 1 1 1 1 1 1 1 1 1 1 1 1 1 1 1 1 1 1 1 1 1 1 1 1 1 1 1 1 1 1 1 1 1 1 1 1 1 1 1 1 1 1 1 1 1 1 1 1 1 1 1 1 1 1 1 1 1 1 1 1 1 1 1 1 1 1 1 1 1 1 1 1 1 1 1 1 1 1 1 1 1 1 1 1 1 1 1 1 1 1 1 1 1 1 1 1 1 1 1 1 1 1 1 1 1 1 1 1 1 1 1 1 1 1 1 1 1 1 1 1 1 1 1 1 1 1 1 1 1 1 1 1 1 1 1 1 1 1 1 1 1 1 1 1 1 1 1 1 1 1 1 1 1 1 1 1 1 1 1 1 1 1 1 1 1 1 1 1 1 1 1 1 1 1 1 1 1 1 1 1 1 1 1 1 1 1 1 1 1 1 1 1 1 1 1 1 1 1 1 1 1 1 1 1 1 1 1 1 1 1 1 1 1 1 1 1 1 1 1 1 1 1 1 1 1 1 1 1 1 1 1 1 1 1 1 1 1 1 1 1 1 1 1 1 1 1 1 1 1 1 1 1 1 1 1 1 1 1 1 1 1 1 1 1 1 1 1 1 1 1 1 1 1 1 1 1 1 1 1 1 1 1 1 1 1 1 1 1 1 1 0.7137255 0.8901961 0.882353 1 0.7137255 0.8901961 0.882353 1 0.7137255 0.8901961 0.882353 1 0.7137255 0.8901961 0.882353 1 0.7137255 0.8901961 0.882353 1 0.7137255 0.8901961 0.882353 1 0.7137255 0.8901961 0.882353 1 0.7137255 0.8901961 0.882353 1 0.7137255 0.8901961 0.882353 1 0.7137255 0.8901961 0.882353 1 0.7137255 0.8901961 0.882353 1 0.7137255 0.8901961 0.882353 1 0.7137255 0.8901961 0.882353 1 0.7137255 0.8901961 0.882353 1 0.7137255 0.8901961 0.882353 1 0.7137255 0.8901961 0.882353 1 0.7137255 0.8901961 0.882353 1 0.7137255 0.8901961 0.882353 1 0.7137255 0.8901961 0.882353 1 0.7137255 0.8901961 0.882353 1 0.7137255 0.8901961 0.882353 1 0.7137255 0.8901961 0.882353 1 0.7137255 0.8901961 0.882353 1 0.7137255 0.8901961 0.882353 1 0.7137255 0.8901961 0.882353 1 0.7137255 0.8901961 0.882353 1 0.7137255 0.8901961 0.882353 1 0.7137255 0.8901961 0.882353 1 0.7137255 0.8901961 0.882353 1 0.7137255 0.8901961 0.882353 1 0.7137255 0.8901961 0.882353 1 0.7137255 0.8901961 0.882353 1 0.7137255 0.8901961 0.882353 1 0.7137255 0.8901961 0.882353 1 0.7137255 0.8901961 0.882353 1 0.7137255 0.8901961 0.882353 1 0.7137255 0.8901961 0.882353 1 0.7137255 0.8901961 0.882353 1 0.7137255 0.8901961 0.882353 1 0.7137255 0.8901961 0.882353 1 0.7137255 0.8901961 0.882353 1 0.7137255 0.8901961 0.882353 1 0.7137255 0.8901961 0.882353 1 0.7137255 0.8901961 0.882353 1 0.7137255 0.8901961 0.882353 1 0.7137255 0.8901961 0.882353 1 0.7137255 0.8901961 0.882353 1 0.7137255 0.8901961 0.882353 1 0.7137255 0.8901961 0.882353 1 0.7137255 0.8901961 0.882353 1 0.7137255 0.8901961 0.882353 1 0.7137255 0.8901961 0.882353 1 0.7137255 0.8901961 0.882353 1 0.7137255 0.8901961 0.882353 1 0.7137255 0.8901961 0.882353 1 0.7137255 0.8901961 0.882353 1 0.7137255 0.8901961 0.882353 1 0.7137255 0.8901961 0.882353 1 0.7137255 0.8901961 0.882353 1 0.7137255 0.8901961 0.882353 1 0.7137255 0.8901961 0.882353 1 0.7137255 0.8901961 0.882353 1 0.7137255 0.8901961 0.882353 1 0.7137255 0.8901961 0.882353 1 0.7137255 0.8901961 0.882353 1 0.7137255 0.8901961 0.882353 1 0.7137255 0.8901961 0.882353 1 0.7137255 0.8901961 0.882353 1 0.7137255 0.8901961 0.882353 1 0.7137255 0.8901961 0.882353 1 0.7137255 0.8901961 0.882353 1 0.7137255 0.8901961 0.882353 1 0.7137255 0.8901961 0.882353 1 0.7137255 0.8901961 0.882353 1 0.7137255 0.8901961 0.882353 1 0.7137255 0.8901961 0.882353 1 0.7137255 0.8901961 0.882353 1 0.7137255 0.8901961 0.882353 1 0.7137255 0.8901961 0.882353 1 0.7137255 0.8901961 0.882353 1 0.7137255 0.8901961 0.882353 1 0.7137255 0.8901961 0.882353 1 0.7137255 0.8901961 0.882353 1 0.7137255 0.8901961 0.882353 1 0.7137255 0.8901961 0.882353 1 0.7137255 0.8901961 0.882353 1 0.7137255 0.8901961 0.882353 1 0.7137255 0.8901961 0.882353 1 0.7137255 0.8901961 0.882353 1 0.7137255 0.8901961 0.882353 1 0.7137255 0.8901961 0.882353 1 0.7137255 0.8901961 0.882353 1 0.7137255 0.8901961 0.882353 1 0.7137255 0.8901961 0.882353 1 0.7137255 0.8901961 0.882353 1 0.7137255 0.8901961 0.882353 1 0.7137255 0.8901961 0.882353 1 0.7137255 0.8901961 0.882353 1 0.7137255 0.8901961 0.882353 1 0.7137255 0.8901961 0.882353 1 0.7137255 0.8901961 0.882353 1 0.7137255 0.8901961 0.882353 1 0.7137255 0.8901961 0.882353 1 0.7137255 0.8901961 0.882353 1 0.7137255 0.8901961 0.882353 1 0.7137255 0.8901961 0.882353 1 0.7137255 0.8901961 0.882353 1 0.7137255 0.8901961 0.882353 1 0.7137255 0.8901961 0.882353 1 0.7137255 0.8901961 0.882353 1 0.7137255 0.8901961 0.882353 1 0.7137255 0.8901961 0.882353 1 0.7137255 0.8901961 0.882353 1 0.7137255 0.8901961 0.882353 1 0.7137255 0.8901961 0.882353 1 0.7137255 0.8901961 0.882353 1 0.7137255 0.8901961 0.882353 1 0.7137255 0.8901961 0.882353 1 0.7137255 0.8901961 0.882353 1 0.7137255 0.8901961 0.882353 1 0.7137255 0.8901961 0.882353 1 0.7137255 0.8901961 0.882353 1 0.7137255 0.8901961 0.882353 1 0.7137255 0.8901961 0.882353 1 0.7137255 0.8901961 0.882353 1 0.7137255 0.8901961 0.882353 1 0.7137255 0.8901961 0.882353 1 0.7137255 0.8901961 0.882353 1 0.7137255 0.8901961 0.882353 1 0.7137255 0.8901961 0.882353 1 0.7137255 0.8901961 0.882353 1 0.7137255 0.8901961 0.882353 1 0.7137255 0.8901961 0.882353 1 0.7137255 0.8901961 0.882353 1 0.7137255 0.8901961 0.882353 1 0.7137255 0.8901961 0.882353 1 0.7137255 0.8901961 0.882353 1 0.7137255 0.8901961 0.882353 1 0.7137255 0.8901961 0.882353 1 0.7137255 0.8901961 0.882353 1 0.7137255 0.8901961 0.882353 1 0.7137255 0.8901961 0.882353 1 0.7137255 0.8901961 0.882353 1 0.7137255 0.8901961 0.882353 1 0.7137255 0.8901961 0.882353 1 0.7137255 0.8901961 0.882353 1 0.7137255 0.8901961 0.882353 1 0.7137255 0.8901961 0.882353 1 0.7137255 0.8901961 0.882353 1 0.7137255 0.8901961 0.882353 1 0.7137255 0.8901961 0.882353 1 0.7137255 0.8901961 0.882353 1 0.7137255 0.8901961 0.882353 1 0.7137255 0.8901961 0.882353 1 0.7137255 0.8901961 0.882353 1 0.7137255 0.8901961 0.882353 1 0.7137255 0.8901961 0.882353 1 0.7137255 0.8901961 0.882353 1 0.7137255 0.8901961 0.882353 1 0.7137255 0.8901961 0.882353 1 0.7137255 0.8901961 0.882353 1 0.7137255 0.8901961 0.882353 1 0.7137255 0.8901961 0.882353 1 0.7137255 0.8901961 0.882353 1 0.7137255 0.8901961 0.882353 1 0.7137255 0.8901961 0.882353 1 0.7137255 0.8901961 0.882353 1 0.7137255 0.8901961 0.882353 1 0.7137255 0.8901961 0.882353 1 0.7137255 0.8901961 0.882353 1 0.7137255 0.8901961 0.882353 1 0.7137255 0.8901961 0.882353 1 0.7137255 0.8901961 0.882353 1 0.7137255 0.8901961 0.882353 1 0.7137255 0.8901961 0.882353 1 0.7137255 0.8901961 0.882353 1 0.7137255 0.8901961 0.882353 1 0.7137255 0.8901961 0.882353 1 0.7137255 0.8901961 0.882353 1 0.7137255 0.8901961 0.882353 1 0.7137255 0.8901961 0.882353 1 0.7137255 0.8901961 0.882353 1 0.7137255 0.8901961 0.882353 1 0.7137255 0.8901961 0.882353 1 0.7137255 0.8901961 0.882353 1 0.7137255 0.8901961 0.882353 1 0.7137255 0.8901961 0.882353 1 0.7137255 0.8901961 0.882353 1 0.7137255 0.8901961 0.882353 1 0.7137255 0.8901961 0.882353 1 0.7137255 0.8901961 0.882353 1 0.7137255 0.8901961 0.882353 1 0.7137255 0.8901961 0.882353 1 0.7137255 0.8901961 0.882353 1 0.7137255 0.8901961 0.882353 1 0.7137255 0.8901961 0.882353 1 0.7137255 0.8901961 0.882353 1 0.7137255 0.8901961 0.882353 1 0.7137255 0.8901961 0.882353 1 0.7137255 0.8901961 0.882353 1 0.7137255 0.8901961 0.882353 1 0.7137255 0.8901961 0.882353 1 0.7137255 0.8901961 0.882353 1 0.7137255 0.8901961 0.882353 1 0.7137255 0.8901961 0.882353 1 0.7137255 0.8901961 0.882353 1 0.7137255 0.8901961 0.882353 1 0.7137255 0.8901961 0.882353 1 0.7137255 0.8901961 0.882353 1 0.7137255 0.8901961 0.882353 1 0.7137255 0.8901961 0.882353 1 0.7137255 0.8901961 0.882353 1 0.7137255 0.8901961 0.882353 1 0.7137255 0.8901961 0.882353 1 0.7137255 0.8901961 0.882353 1 0.7137255 0.8901961 0.882353 1 0.7137255 0.8901961 0.882353 1 0.7137255 0.8901961 0.882353 1 0.7137255 0.8901961 0.882353 1 0.7137255 0.8901961 0.882353 1 0.7137255 0.8901961 0.882353 1 0.7137255 0.8901961 0.882353 1 0.7137255 0.8901961 0.882353 1 0.7137255 0.8901961 0.882353 1 0.7137255 0.8901961 0.882353 1 0.7137255 0.8901961 0.882353 1 0.7137255 0.8901961 0.882353 1 0.7137255 0.8901961 0.882353 1 0.7137255 0.8901961 0.882353 1 0.7137255 0.8901961 0.882353 1 0.7137255 0.8901961 0.882353 1 0.7137255 0.8901961 0.882353 1 0.7137255 0.8901961 0.882353 1 0.7137255 0.8901961 0.882353 1 0.7137255 0.8901961 0.882353 1 0.7137255 0.8901961 0.882353 1 0.7137255 0.8901961 0.882353 1 0.7137255 0.8901961 0.882353 1 0.7137255 0.8901961 0.882353 1 0.7137255 0.8901961 0.882353 1 0.7137255 0.8901961 0.882353 1 0.7137255 0.8901961 0.882353 1 0.7137255 0.8901961 0.882353 1 0.7137255 0.8901961 0.882353 1 0.7137255 0.8901961 0.882353 1 0.7137255 0.8901961 0.882353 1 0.7137255 0.8901961 0.882353 1 0.7137255 0.8901961 0.882353 1 0.7137255 0.8901961 0.882353 1 0.7137255 0.8901961 0.882353 1 0.7137255 0.8901961 0.882353 1 0.7137255 0.8901961 0.882353 1 0.7137255 0.8901961 0.882353 1 0.7137255 0.8901961 0.882353 1 0.7137255 0.8901961 0.882353 1 0.7137255 0.8901961 0.882353 1 0.7137255 0.8901961 0.882353 1 0.7137255 0.8901961 0.882353 1 0.7137255 0.8901961 0.882353 1 0.7137255 0.8901961 0.882353 1 0.7137255 0.8901961 0.882353 1 0.7137255 0.8901961 0.882353 1 0.7137255 0.8901961 0.882353 1 0.7137255 0.8901961 0.882353 1 0.7137255 0.8901961 0.882353 1 0.7137255 0.8901961 0.882353 1 0.7137255 0.8901961 0.882353 1 0.7137255 0.8901961 0.882353 1 0.7137255 0.8901961 0.882353 1 0.7137255 0.8901961 0.882353 1 0.7137255 0.8901961 0.882353 1 0.7137255 0.8901961 0.882353 1 0.7137255 0.8901961 0.882353 1 0.7137255 0.8901961 0.882353 1 0.7137255 0.8901961 0.882353 1 0.7137255 0.8901961 0.882353 1 0.7137255 0.8901961 0.882353 1 0.7137255 0.8901961 0.882353 1 0.7137255 0.8901961 0.882353 1 0.7137255 0.8901961 0.882353 1 0.7137255 0.8901961 0.882353 1 0.7137255 0.8901961 0.882353 1 0.7137255 0.8901961 0.882353 1 0.7137255 0.8901961 0.882353 1 0.7137255 0.8901961 0.882353 1 0.7137255 0.8901961 0.882353 1 0.7137255 0.8901961 0.882353 1 0.7137255 0.8901961 0.882353 1 0.7137255 0.8901961 0.882353 1 0.7137255 0.8901961 0.882353 1 0.7137255 0.8901961 0.882353 1 0.7137255 0.8901961 0.882353 1 0.7137255 0.8901961 0.882353 1 0.7137255 0.8901961 0.882353 1 0.7137255 0.8901961 0.882353 1 0.7137255 0.8901961 0.882353 1 0.7137255 0.8901961 0.882353 1 0.7137255 0.8901961 0.882353 1 0.7137255 0.8901961 0.882353 1 0.7137255 0.8901961 0.882353 1 0.7137255 0.8901961 0.882353 1 0.7137255 0.8901961 0.882353 1 0.7137255 0.8901961 0.882353 1 0.7137255 0.8901961 0.882353 1 0.7137255 0.8901961 0.882353 1 0.7137255 0.8901961 0.882353 1 0.7137255 0.8901961 0.882353 1 0.7137255 0.8901961 0.882353 1 0.7137255 0.8901961 0.882353 1 0.7137255 0.8901961 0.882353 1 0.7137255 0.8901961 0.882353 1 0.7137255 0.8901961 0.882353 1 0.7137255 0.8901961 0.882353 1 0.7137255 0.8901961 0.882353 1 0.7137255 0.8901961 0.882353 1 0.7137255 0.8901961 0.882353 1 0.7137255 0.8901961 0.882353 1 0.7137255 0.8901961 0.882353 1 0.7137255 0.8901961 0.882353 1 0.7137255 0.8901961 0.882353 1 0.7137255 0.8901961 0.882353 1 0.7137255 0.8901961 0.882353 1 0.7137255 0.8901961 0.882353 1 0.7137255 0.8901961 0.882353 1 0.7137255 0.8901961 0.882353 1 0.7137255 0.8901961 0.882353 1 0.7137255 0.8901961 0.882353 1 0.7137255 0.8901961 0.882353 1 0.7137255 0.8901961 0.882353 1 0.7137255 0.8901961 0.882353 1 0.7137255 0.8901961 0.882353 1 0.7137255 0.8901961 0.882353 1 0.7137255 0.8901961 0.882353 1 0.7137255 0.8901961 0.882353 1 0.7137255 0.8901961 0.882353 1 0.7137255 0.8901961 0.882353 1 0.7137255 0.8901961 0.882353 1 0.7137255 0.8901961 0.882353 1 0.7137255 0.8901961 0.882353 1 0.7137255 0.8901961 0.882353 1 0.7137255 0.8901961 0.882353 1 0.7137255 0.8901961 0.882353 1 0.7137255 0.8901961 0.882353 1 0.7137255 0.8901961 0.882353 1 0.7137255 0.8901961 0.882353 1 0.7137255 0.8901961 0.882353 1 0.7137255 0.8901961 0.882353 1 0.7137255 0.8901961 0.882353 1 0.7137255 0.8901961 0.882353 1 0.7137255 0.8901961 0.882353 1 0.7137255 0.8901961 0.882353 1 0.7137255 0.8901961 0.882353 1 0.7137255 0.8901961 0.882353 1 0.7137255 0.8901961 0.882353 1 0.7137255 0.8901961 0.882353 1 0.7137255 0.8901961 0.882353 1 0.7137255 0.8901961 0.882353 1 0.7137255 0.8901961 0.882353 1 0.7137255 0.8901961 0.882353 1 0.7137255 0.8901961 0.882353 1 1 1 1 1 1 1 1 1 1 1 1 1 1 1 1 1 1 1 1 1 1 1 1 1 1 1 1 1 1 1 1 1 1 1 1 1 1 1 1 1 1 1 1 1 1 1 1 1 1 1 1 1 1 1 1 1 1 1 1 1 1 1 1 1 1 1 1 1 1 1 1 1 1 1 1 1 1 1 1 1 1 1 1 1 1 1 1 1 1 1 1 1 1 1 1 1 1 1 1 1 1 1 1 1 1 1 1 1 1 1 1 1 1 1 1 1 1 1 1 1 1 1 1 1 1 1 1 1 1 1 1 1 1 1 1 1 1 1 1 1 1 1 1 1 1 1 1 1 1 1 1 1 1 1 1 1 1 1 1 1 1 1 1 1 1 1 1 1 1 1 1 1 1 1 1 1 1 1 1 1 1 1 1 1 1 1 1 1 1 1 1 1 1 1 1 1 1 1 1 1 1 1 1 1 1 1 1 1 1 1 1 1 1 1 1 1 1 1 1 1 1 1 1 1 1 1 1 1 1 1 1 1 1 1 1 1 1 1 1 1 1 1 1 1 1 1 1 1 1 1 1 1 1 1 1 1 1 1 1 1 1 1 1 1 1 1 1 1 1 1 1 1 1 1 1 1 1 1 1 1 1 1 1 1 1 1 1 1 1 1 1 1 1 1 1 1 1 1 1 1 1 1 1 1 1 1 1 1 1 1 1 1 1 1 1 1 1 1 1 1 1 1 1 1 1 1 1 1 1 1 1 1 1 1 1 1 1 1 1 1 1 1 1 1 1 1 1 1 1 1 1 1 1 1 1 1 1 1 1 1 1 1 1 1 1 1 1 1 1 1 1 1 1 1 1 1 1 1 1 1 1 1 1 1 1 1 1 1 1 1 1 1 1 1 1 1 1 1 1 1 1 1 1 1 1 1 1 1 1 1 1 1 1 1 1 1 1 1 1 1 1 1 1 1 1 1 1 1 1 1 1 1 1 1 1 1 1 1 1 1 1 1 1 1 1 1 1 1 1 1 1 1 1 1 1 1 1 1 1 1 1 1 1 1 1 1 1 1 1 1 1 1 1 1 1 1 1 1 1 1 1 1 1 1 1 1 1 1 1 1 1 1 1 1 1 1 1 1 1 1 1 1 1 1 1 1 1 1 1 1 1 1 1 1 1 1 1 1 1 1 1 1 1 1 1 1 1 1 1 1 1 1 1 1 1 1 1 1 1 1 1 1 1 1 1 1 1 1 1 1 1 1 1 1 1 1 1 1 1 1 1 1 1 1 1 1 1 1 1 1 1 1 1 1 1 1 1 1 1 1 1 1 1 1 1 1 1 1 1 1 1 1 1 1 1 1 1 1 1 1 1 1 1 1 1 1 1 1 1 1 1 1 1 1 1 1 1 1 1 1 1 1 1 1 1 1 1 1 1 1 1 1 1 1 1 1 1 1 1 1 1 1 1 1 1 1 1 1 1 1 1 1 1 1 1 1 1 1 1 1 1 1 1 1 1 1 1 1 1 1 1 1 1 1 1 1 1 1 1 1 1 1 1 1 1 1 1 1 1 1 1 1 1 1 1 1 1 1 1 1 1 1 1 1 1 1 1 1 1 1 1 1 1 1 1 1 1 1 1 1 1 1 1 1 1 1 1 1 1 1 1 1 1 1 1 1 1 1 1 1 1 1 1 1 1 1 1 1 1 1 1 1 1 1 1 1 1 1 1 1 1 1 1 1 1 1 1 1 1 1 1 1 1 1 1 1 1 1 1 1 1 1 1 1 1 1 1 1 1 1 1 1 1 1 1 1 1 1 1 1 1 1 1 1 1 1 1 1 1 1 1 1 1 1 1 1 1 1 1 1 1 1 1 1 1 1 1 1 1 1 1 1 1 1 1 1 1 1 1 1 1 1 1 1 1 1 1 1 1 1 1 1 1 1 1 1 1 1 1 1 1 1 1 1 1 1 1 1 1 1 1 1 1 1 1 1 1 1 1 1 1 1 1 1 1 1 1 1 1 1 1 1 1 1 1 1 1 1 1 1 1 1 1 1 1 1 1 1 1 1 1 1 1 1 1 1 1 1 1 1 1 1 1 1 1 1 1 1 1 1 1 1 1 1 1 1 1 1 1 1 1 1 1 1 1 1 1 1 1 1 1 1 1 1 1 1 1 1 1 1 1 1 1 1 1 1 1 1 1 1 1 1 1 1 1 1 1 1 1 1 1 1 1 1 1 1 1 1 1 1 1 1 1 1 1 1 1 1 1 1 1 1 1 1 1 1 1 1 1 1 1 1 1 1 1 1 1 1 1 1 1 1 1 1 1 1 1 1 1 1 1 1 1 1 1 1 1 1 1 1 1 1 1 1 1 1 1 1 1 1 1 1 1 1 1 1 1 1 1 1 1 1 1 1 1 1 1 1 1 1 1 1 1 1 1 1 1 1 1 1 1 1 1 1 1 1 1 1 1 1 1 1 1 1 1 1 1 1 1 1 1 1 1 1 1 1 1 1 1 1 1 1 1 1 1 1 1 1 1 1 1 1 1 1 1 1 1 1 1 1 1 1 1 1 1 1 1 1 1 1 1 1 1 1 1 1 1 1 1 1 1 1 1 1 1 1 1 1 1 1 1 1 1 1 1 1 1 1 1 1 1 1 1 1 1 1 1 1 1 1 1 1 1 1 1 1 1 1 1 1 1 1 1 1 1 1 1 1 1 1 1 1 1 1 1 1 1 1 1 1 1 1 1 1 1 1 1 1 1 1 1 1 1 1 1 1 1 1 1 1 1 1 1 1 1 1 1 1 1 1 1 1 1 1 1 1 1 1 1 1 1 1 1 1 1 1 1 1 1 1 1 1 1 1 1 1 1 1 1 1 1 1 1 1 1 1 1 1 1 1 1 1 1 1 1 1 1 1 1 1 1 1 1 1 1 1 1 1 1 1 1 1 1 1 1 1 1 1 1 1 1 1 1 1 1 1 1 1 1 1 1 1 1 1 1 1 1 1 1 1 1 1 1 1 1 1 1 1 1 1 1 1 1 1 1 1 1 1 1 1 1 1 1 1 1 1 1 1 1 1 1 1 1 1 1 1 1 1 1 1 1 1 1 1 1 1 1 1 1 1 1 1 1 1 1 1 1 1 1 1 1 1 1 1 1 1 1 1 1 1 1 1 1 1 1 1 1 1 1 1 1 1 1 1 1 1 1 1 1 1 1 1 1 1 1 1 1 1 1 1 1 1 1 1 1 1 1 1 1 1 0.7137255 0.8901961 0.882353 1 0.7137255 0.8901961 0.882353 1 0.7137255 0.8901961 0.882353 1 1 1 1 1 1 1 1 1 1 1 1 1 1 1 1 1 1 1 1 1 1 1 1 1 1 1 1 1 1 1 1 1 1 1 1 1 0.7137255 0.8901961 0.882353 1 0.7137255 0.8901961 0.882353 1 0.7137255 0.8901961 0.882353 1 1 1 1 1 1 1 1 1 1 1 1 1 1 1 1 1 1 1 1 1 1 1 1 1 1 0.9372549 0.6509804 1 1 0.9372549 0.6509804 1 1 0.9372549 0.6509804 1 1 1 1 1 1 1 1 1 1 1 1 1 1 1 1 1 1 1 1 1 1 1 1 1 1 1 1 1 1 1 1 1 1 1 1 1 1 1 1 1 1 1 1 1 1 1 1 1 1 1 1 1 1 1 1 1 1 1 1 1 1 0.9372549 0.6509804 1 1 0.9372549 0.6509804 1 1 0.9372549 0.6509804 1 1 1 1 1 1 1 1 1 1 1 1 1 1 1 1 1 1 1 1 1 1 1 1 1 1 1 1 1 1 1 1 1 1 1 1 1 1 1 1 1 1 1 1 1 1 1 1 1 1 1 1 1 1 1 1 1 1 1 1 1 1 1 1 1 1 1 1 1 1 1 1 1 1 1 1 1 1 1 1 1 1 1 1 1 0.7490196 0.2705882 0.2784314 1 0.7490196 0.2705882 0.2784314 1 0.7490196 0.2705882 0.2784314 1 1 0.8941177 0.8235294 1 1 0.8941177 0.8235294 1 1 0.8941177 0.8235294 1 1 0.8941177 0.8235294 1 1 0.8941177 0.8235294 1 1 0.8941177 0.8235294 1 0.7490196 0.2705882 0.2784314 1 0.7490196 0.2705882 0.2784314 1 0.7490196 0.2705882 0.2784314 1 0.4509804 0.4509804 0.4509804 1 0.4509804 0.4509804 0.4509804 1 0.4509804 0.4509804 0.4509804 1 0.4509804 0.4509804 0.4509804 1 0.4509804 0.4509804 0.4509804 1 0.4509804 0.4509804 0.4509804 1 0.4509804 0.4509804 0.4509804 1 0.4509804 0.4509804 0.4509804 1 0.4509804 0.4509804 0.4509804 1 0.4509804 0.4509804 0.4509804 1 0.4509804 0.4509804 0.4509804 1 0.4509804 0.4509804 0.4509804 1 0.4509804 0.4509804 0.4509804 1 0.4509804 0.4509804 0.4509804 1 0.4509804 0.4509804 0.4509804 1 0.7490196 0.2705882 0.2784314 1 0.7490196 0.2705882 0.2784314 1 0.7490196 0.2705882 0.2784314 1 0.4509804 0.4509804 0.4509804 1 0.4509804 0.4509804 0.4509804 1 0.4509804 0.4509804 0.4509804 1 0.4509804 0.4509804 0.4509804 1 0.4509804 0.4509804 0.4509804 1 0.4509804 0.4509804 0.4509804 1 0.7490196 0.2705882 0.2784314 1 0.7490196 0.2705882 0.2784314 1 0.7490196 0.2705882 0.2784314 1 0.4509804 0.4509804 0.4509804 1 0.4509804 0.4509804 0.4509804 1 0.4509804 0.4509804 0.4509804 1 0.4509804 0.4509804 0.4509804 1 0.4509804 0.4509804 0.4509804 1 0.4509804 0.4509804 0.4509804 1 0.4509804 0.4509804 0.4509804 1 0.4588235 0.4470588 0.4470588 1 0.4509804 0.4509804 0.4509804 1 1 1 1 1 1 1 1 1 1 1 1 1 0.4509804 0.4509804 0.4509804 1 0.4509804 0.4509804 0.4509804 1 0.4509804 0.4509804 0.4509804 1 0.4509804 0.4509804 0.4509804 1 0.4509804 0.4509804 0.4509804 1 0.4509804 0.4509804 0.4509804 1 0.4509804 0.4509804 0.4509804 1 0.4509804 0.4509804 0.4509804 1 0.4509804 0.4509804 0.4509804 1 0.7490196 0.2705882 0.2784314 1 0.7490196 0.2705882 0.2784314 1 0.7490196 0.2705882 0.2784314 1 0.7490196 0.2705882 0.2784314 1 0.7490196 0.2705882 0.2784314 1 0.7490196 0.2705882 0.2784314 1 0.4509804 0.4509804 0.4509804 1 0.4509804 0.4509804 0.4509804 1 0.4509804 0.4509804 0.4509804 1 0.4509804 0.4509804 0.4509804 1 0.4509804 0.4509804 0.4509804 1 0.4509804 0.4509804 0.4509804 1 0.7490196 0.2705882 0.2784314 1 0.7490196 0.2705882 0.2784314 1 0.7490196 0.2705882 0.2784314 1 0.4509804 0.4509804 0.4509804 1 0.4509804 0.4509804 0.4509804 1 0.4509804 0.4509804 0.4509804 1 0.4509804 0.4509804 0.4509804 1 0.4509804 0.4509804 0.4509804 1 0.4509804 0.4509804 0.4509804 1 1 1 1 1 1 1 1 1 1 1 1 1 0.7137255 0.8901961 0.882353 1 0.7137255 0.8901961 0.882353 1 0.7137255 0.8901961 0.882353 1 1 1 1 1 1 1 1 1 1 1 1 1 0.7137255 0.8901961 0.882353 1 0.7137255 0.8901961 0.882353 1 0.7137255 0.8901961 0.882353 1 0.7137255 0.8901961 0.882353 1 0.7137255 0.8901961 0.882353 1 0.7137255 0.8901961 0.882353 1 0.7137255 0.8901961 0.882353 1 0.7137255 0.8901961 0.882353 1 0.7137255 0.8901961 0.882353 1 0.7137255 0.8901961 0.882353 1 0.7137255 0.8901961 0.882353 1 0.7137255 0.8901961 0.882353 1 0.7137255 0.8901961 0.882353 1 0.7137255 0.8901961 0.882353 1 0.7137255 0.8901961 0.882353 1 0.7137255 0.8901961 0.882353 1 0.7137255 0.8901961 0.882353 1 0.7137255 0.8901961 0.882353 1 0.7137255 0.8901961 0.882353 1 0.7137255 0.8901961 0.882353 1 0.7137255 0.8901961 0.882353 1 0.7137255 0.8901961 0.882353 1 0.7137255 0.8901961 0.882353 1 0.7137255 0.8901961 0.882353 1 0.9294118 0 0.007843136 1 0.9294118 0 0.007843136 1 0.9294118 0 0.007843136 1 0.9294118 0 0.007843136 1 0.9294118 0 0.007843136 1 0.9294118 0 0.007843136 1 0.9294118 0 0.007843136 1 0.9294118 0 0.007843136 1 0.9294118 0 0.007843136 1 0.9294118 0 0.007843136 1 0.9294118 0 0.007843136 1 0.9294118 0 0.007843136 1 0.9294118 0 0.007843136 1 0.9294118 0 0.007843136 1 0.9294118 0 0.007843136 1 0.9294118 0 0.007843136 1 0.9294118 0 0.007843136 1 0.9294118 0 0.007843136 1 0.9294118 0 0.007843136 1 0.9294118 0 0.007843136 1 0.9294118 0 0.007843136 1 0.9294118 0 0.007843136 1 0.9294118 0 0.007843136 1 0.9294118 0 0.007843136 1 0.9294118 0 0.007843136 1 0.9294118 0 0.007843136 1 0.9294118 0 0.007843136 1 0.9294118 0 0.007843136 1 0.9294118 0 0.007843136 1 0.9294118 0 0.007843136 1 0.9294118 0 0.007843136 1 0.9294118 0 0.007843136 1 0.9294118 0 0.007843136 1 0.9294118 0 0.007843136 1 0.9294118 0 0.007843136 1 0.9294118 0 0.007843136 1 0.9294118 0 0.007843136 1 0.9294118 0 0.007843136 1 0.9294118 0 0.007843136 1 0.9294118 0 0.007843136 1 0.9294118 0 0.007843136 1 0.9294118 0 0.007843136 1 0.9294118 0 0.007843136 1 0.9294118 0 0.007843136 1 0.9294118 0 0.007843136 1 0.8588235 0.1529412 0.1803922 1 0.8588235 0.1529412 0.1803922 1 0.8588235 0.1529412 0.1803922 1 1 1 1 1 1 1 1 1 1 1 1 1 1 1 1 1 1 1 1 1 1 1 1 1 1 1 1 1 1 1 1 1 1 1 1 1 1 1 1 1 1 1 1 1 1 1 1 1 1 1 1 1 1 1 1 1 1 1 1 1 1 1 1 1 1 1 1 1 1 1 1 1 1 1 1 1 1 1 1 1 1 1 1 1 1 1 1 1 1 1 1 1 1 1 1 1 0.8588235 0.1529412 0.1803922 1 0.8588235 0.1529412 0.1803922 1 0.8588235 0.1529412 0.1803922 1 0.8588235 0.1529412 0.1803922 1 0.8588235 0.1529412 0.1803922 1 0.8588235 0.1529412 0.1803922 1 0.8588235 0.1529412 0.1803922 1 0.8588235 0.1529412 0.1803922 1 0.8588235 0.1529412 0.1803922 1 0.8588235 0.1529412 0.1803922 1 0.8588235 0.1529412 0.1803922 1 0.8588235 0.1529412 0.1803922 1 0.8588235 0.1529412 0.1803922 1 0.8588235 0.1529412 0.1803922 1 0.8588235 0.1529412 0.1803922 1 0.8588235 0.1529412 0.1803922 1 0.8588235 0.1529412 0.1803922 1 0.8588235 0.1529412 0.1803922 1 0.8588235 0.1529412 0.1803922 1 0.8588235 0.1529412 0.1803922 1 0.8588235 0.1529412 0.1803922 1 0.8588235 0.1529412 0.1803922 1 0.8588235 0.1529412 0.1803922 1 0.8588235 0.1529412 0.1803922 1 0.8588235 0.1529412 0.1803922 1 0.8588235 0.1529412 0.1803922 1 0.8588235 0.1529412 0.1803922 1 1 1 1 1 1 1 1 1 1 1 1 1 1 1 1 1 1 1 1 1 1 1 1 1 1 1 1 1 1 1 1 1 1 1 1 1 0.8588235 0.1529412 0.1803922 1 0.8588235 0.1529412 0.1803922 1 0.8588235 0.1529412 0.1803922 1 0.8588235 0.1529412 0.1803922 1 0.8588235 0.1529412 0.1803922 1 0.8588235 0.1529412 0.1803922 1 0.8588235 0.1529412 0.1803922 1 0.8588235 0.1529412 0.1803922 1 0.8588235 0.1529412 0.1803922 1 0.8588235 0.1529412 0.1803922 1 0.8588235 0.1529412 0.1803922 1 0.8588235 0.1529412 0.1803922 1 1 1 1 1 1 1 1 1 1 1 1 1 1 1 1 1 1 1 1 1 1 1 1 1 1 1 1 1 1 1 1 1 1 1 1 1 1 1 1 1 1 1 1 1 1 1 1 1 1 1 1 1 1 1 1 1 1 1 1 1 1 1 1 1 1 1 1 1 1 1 1 1 1 1 1 1 1 1 1 1 1 1 1 1 1 1 1 1 1 1 1 1 1 1 1 1 1 1 1 1 1 1 1 1 1 1 1 1 1 1 1 1 1 1 1 1 1 1 1 1 1 1 1 1 1 1 1 1 1 1 1 1 1 1 1 1 1 1 1 1 1 1 1 1 1 1 1 1 1 1 1 1 1 1 1 1 1 1 1 1 1 1 1 1 1 1 1 1 1 1 1 1 1 1 1 1 1 1 1 1 1 1 1 1 1 1 1 1 1 1 1 1 1 1 1 1 1 1 1 1 1 1 1 1 0.9294118 0 0.007843136 1 0.9294118 0 0.007843136 1 0.9294118 0 0.007843136 1 0.9294118 0 0.007843136 1 0.9294118 0 0.007843136 1 0.9294118 0 0.007843136 1 0.9294118 0 0.007843136 1 0.9294118 0 0.007843136 1 0.9294118 0 0.007843136 1 0.9294118 0 0.007843136 1 0.9294118 0 0.007843136 1 0.9294118 0 0.007843136 1 0.9294118 0 0.007843136 1 0.9294118 0 0.007843136 1 0.9294118 0 0.007843136 1 0.9294118 0 0.007843136 1 0.9294118 0 0.007843136 1 0.9294118 0 0.007843136 1 0.9294118 0 0.007843136 1 0.9294118 0 0.007843136 1 0.9294118 0 0.007843136 1 0.9294118 0 0.007843136 1 0.9294118 0 0.007843136 1 0.9294118 0 0.007843136 1 0.9294118 0 0.007843136 1 0.9294118 0 0.007843136 1 0.9294118 0 0.007843136 1 0.9294118 0 0.007843136 1 0.9294118 0 0.007843136 1 0.9294118 0 0.007843136 1 0.9294118 0 0.007843136 1 0.9294118 0 0.007843136 1 0.9294118 0 0.007843136 1 0.9294118 0 0.007843136 1 0.9294118 0 0.007843136 1 0.9294118 0 0.007843136 1 0.9294118 0 0.007843136 1 0.9294118 0 0.007843136 1 0.9294118 0 0.007843136 1 0.9294118 0 0.007843136 1 0.9294118 0 0.007843136 1 0.9294118 0 0.007843136 1 0.9294118 0 0.007843136 1 0.9294118 0 0.007843136 1 0.9294118 0 0.007843136 1 0.9294118 0 0.007843136 1 0.9294118 0 0.007843136 1 0.9294118 0 0.007843136 1 0.9294118 0 0.007843136 1 0.9294118 0 0.007843136 1 0.9294118 0 0.007843136 1 0.9294118 0 0.007843136 1 0.9294118 0 0.007843136 1 0.9294118 0 0.007843136 1 1 1 1 1 1 1 1 1 1 1 1 1 1 1 1 1 1 1 1 1 1 1 1 1 0.7490196 0.2705882 0.2784314 1 0.7490196 0.2705882 0.2784314 1 0.7490196 0.2705882 0.2784314 1 0.7490196 0.2705882 0.2784314 1 0.7490196 0.2705882 0.2784314 1 0.7490196 0.2705882 0.2784314 1 1 0.8941177 0.8235294 1 1 0.8941177 0.8235294 1 1 0.8941177 0.8235294 1 1 1 1 1 1 1 1 1 1 1 1 1 1 1 1 1 1 1 1 1 1 1 1 1 1 0.8941177 0.8235294 1 1 0.8941177 0.8235294 1 1 0.8941177 0.8235294 1 0.7490196 0.2705882 0.2784314 1 0.7490196 0.2705882 0.2784314 1 0.7490196 0.2705882 0.2784314 1 1 1 1 1 1 1 1 1 1 1 1 1 1 0.8941177 0.8235294 1 1 0.8941177 0.8235294 1 1 0.8941177 0.8235294 1 0.7490196 0.2705882 0.2784314 1 0.7490196 0.2705882 0.2784314 1 0.7490196 0.2705882 0.2784314 1 1 0.8941177 0.8235294 1 1 0.8941177 0.8235294 1 1 0.8941177 0.8235294 1 1 1 1 1 1 1 1 1 1 1 1 1 1 1 1 1 1 1 1 1 1 1 1 1 0.4509804 0.4509804 0.4509804 1 0.4509804 0.4509804 0.4509804 1 0.4509804 0.4509804 0.4509804 1 1 0.8941177 0.8235294 1 1 0.8941177 0.8235294 1 1 0.8941177 0.8235294 1 1 1 1 1 1 1 1 1 1 1 1 1 0.7490196 0.2705882 0.2784314 1 0.7490196 0.2705882 0.2784314 1 0.7490196 0.2705882 0.2784314 1 1 1 1 1 1 1 1 1 1 1 1 1 1 0.8941177 0.8235294 1 1 0.8941177 0.8235294 1 1 0.8941177 0.8235294 1 0.7490196 0.2705882 0.2784314 1 0.7490196 0.2705882 0.2784314 1 0.7490196 0.2705882 0.2784314 1 1 0.8941177 0.8235294 1 1 0.8941177 0.8235294 1 1 0.8941177 0.8235294 1 1 0.8941177 0.8235294 1 1 0.8941177 0.8235294 1 1 0.8941177 0.8235294 1 1 1 1 1 1 1 1 1 1 1 1 1 0.4509804 0.4509804 0.4509804 1 0.4509804 0.4509804 0.4509804 1 0.4509804 0.4509804 0.4509804 1 1 0.8941177 0.8235294 1 1 0.8941177 0.8235294 1 1 0.8941177 0.8235294 1 1 1 1 1 1 1 1 1 1 1 1 1 1 0.9803922 0.6862745 1 1 0.9803922 0.6862745 1 1 0.9803922 0.6862745 1 1 1 1 1 1 1 1 1 1 1 1 1 1 1 1 1 1 1 1 1 1 1 1 1 1 1 1 1 1 1 1 1 1 1 1 1 0.7490196 0.2705882 0.2784314 1 0.7490196 0.2705882 0.2784314 1 0.7490196 0.2705882 0.2784314 1 0.7137255 0.8901961 0.882353 1 0.7137255 0.8901961 0.882353 1 0.7137255 0.8901961 0.882353 1 1 1 1 1 1 1 1 1 1 1 1 1 0.7137255 0.8901961 0.882353 1 0.7137255 0.8901961 0.882353 1 0.7137255 0.8901961 0.882353 1 1 1 1 1 1 1 1 1 1 1 1 1 1 1 1 1 1 1 1 1 1 1 1 1 0.7490196 0.2705882 0.2784314 1 0.7490196 0.2705882 0.2784314 1 0.7490196 0.2705882 0.2784314 1 0.7137255 0.8901961 0.882353 1 0.7137255 0.8901961 0.882353 1 0.7137255 0.8901961 0.882353 1 0.7137255 0.8901961 0.882353 1 0.7137255 0.8901961 0.882353 1 0.7137255 0.8901961 0.882353 1 0.7490196 0.2705882 0.2784314 1 0.7490196 0.2705882 0.2784314 1 0.7490196 0.2705882 0.2784314 1 0.7137255 0.8901961 0.882353 1 0.7137255 0.8901961 0.882353 1 0.7137255 0.8901961 0.882353 1 0.7137255 0.8901961 0.882353 1 0.7137255 0.8901961 0.882353 1 0.7137255 0.8901961 0.882353 1 0.7137255 0.8901961 0.882353 1 0.7137255 0.8901961 0.882353 1 0.7137255 0.8901961 0.882353 1 0.4509804 0.4509804 0.4509804 1 0.4509804 0.4509804 0.4509804 1 0.4509804 0.4509804 0.4509804 1 0.7137255 0.8901961 0.882353 1 0.7137255 0.8901961 0.882353 1 0.7137255 0.8901961 0.882353 1 0.7137255 0.8901961 0.882353 1 0.7137255 0.8901961 0.882353 1 0.7137255 0.8901961 0.882353 1 1 1 1 1 1 1 1 1 1 1 1 1 1 1 1 1 1 1 1 1 1 1 1 1 1 1 1 1 1 1 1 1 1 1 1 1 1 1 1 1 1 1 1 1 1 1 1 1 1 1 1 1 1 1 1 1 1 1 1 1 1 1 1 1 1 1 1 1 1 1 1 1 1 1 1 1 1 1 1 1 1 1 1 1 1 1 1 1 1 1 1 1 1 1 1 1 1 0.8941177 0.8235294 1 1 0.8941177 0.8235294 1 1 0.8941177 0.8235294 1 1 1 1 1 1 1 1 1 1 1 1 1 1 1 1 1 1 1 1 1 1 1 1 1 1 0.8941177 0.8235294 1 1 0.8941177 0.8235294 1 1 0.8941177 0.8235294 1 1 1 1 1 1 1 1 1 1 1 1 1 1 0.8941177 0.8235294 1 1 0.8941177 0.8235294 1 1 0.8941177 0.8235294 1 1 1 1 1 1 1 1 1 1 1 1 1 1 1 1 1 1 1 1 1 1 1 1 1 1 1 1 1 1 1 1 1 1 1 1 1 1 0.8941177 0.8235294 1 1 0.8941177 0.8235294 1 1 0.8941177 0.8235294 1 1 1 1 1 1 1 1 1 1 1 1 1 1 0.9803922 0.6862745 1 1 0.9803922 0.6862745 1 1 0.9803922 0.6862745 1 1 1 1 1 1 1 1 1 1 1 1 1 1 1 1 1 1 1 1 1 1 1 1 1 1 1 1 1 1 1 1 1 1 1 1 1 1 1 1 1 1 1 1 1 1 1 1 1 1 1 1 1 1 1 1 1 1 1 1 1 1 1 1 1 1 1 1 1 1 1 1 1 1 1 1 1 1 1 1 1 1 1 1 1 1 1 1 1 1 1 1 1 1 1 1 1 1 1 1 1 1 1 1 1 1 1 1 1 1 1 1 1 1 1 1 1 1 1 1 1 1 1 1 1 1 1 1 1 1 1 1 1 1 1 1 1 1 1 1 1 1 1 1 1 1 1 1 1 1 1 1 1 1 1 1 1 1 1 1 1 1 1 1 1 1 1 1 1 1 1 1 1 1 1 1 1 1 1 1 1 1 1 1 1 1 1 1 1 1 1 1 1 1 1 1 1 1 1 1 1 1 1 1 1 1 1 1 1 1 1 1 1 1 1 1 1 1 1 1 1 1 1 1 1 1 1 1 1 1 1 1 1 1 1 1 1 1 1 1 1 1 1 1 1 1 1 1 1 1 1 1 1 1 1 1 1 1 1 1 1 1 1 1 1 1 1 1 1 1 1 1 1 1 1 1 1 1 1 1 1 1 1 1 1 1 1 1 1 1 1 1 1 1 1 1 1 1 1 1 1 1 1 1 1 1 1 1 1 1 1 1 1 1 1 1 1 1 1 1 1 1 1 1 1 1 1 1 1 1 1 1 1 1 1 1 1 1 1 1 1 1 1 1 1 1 1 1 1 1 1 1 1 1 1 1 1 1 1 1 1 1 1 1 1 1 1 1 1 1 1 1 1 1 1 1 1 1 1 1 1 1 1 1 1 1 1 1 1 1 1 1 1 1 1 1 1 1 1 1 1 1 1 1 1 1 1 1 1 1 1 1 1 1 1 1 1 1 1 1 1 1 1 1 1 1 1 1 1 1 1 1 1 1 1 1 1 1 1 1 1 1 1 1 1 1 1 1 1 1 1 1 1 1 1 1 1 1 1 1 1 1 1 1 1 1 1 1 1 1 1 1 1 1 1 1 1 1 1 1 1 0.7490196 0.2705882 0.2784314 1 0.7490196 0.2705882 0.2784314 1 0.7490196 0.2705882 0.2784314 1 0.7490196 0.2705882 0.2784314 1 0.7490196 0.2705882 0.2784314 1 0.7490196 0.2705882 0.2784314 1 0.7137255 0.8901961 0.882353 1 0.7137255 0.8901961 0.882353 1 0.7137255 0.8901961 0.882353 1 1 1 1 1 1 1 1 1 1 1 1 1 0.7490196 0.2705882 0.2784314 1 0.7490196 0.2705882 0.2784314 1 0.7490196 0.2705882 0.2784314 1 1 1 1 1 1 1 1 1 1 1 1 1 0.7137255 0.8901961 0.882353 1 0.7137255 0.8901961 0.882353 1 0.7137255 0.8901961 0.882353 1 0.7490196 0.2705882 0.2784314 1 0.7490196 0.2705882 0.2784314 1 0.7490196 0.2705882 0.2784314 1 0.7137255 0.8901961 0.882353 1 0.7137255 0.8901961 0.882353 1 0.7137255 0.8901961 0.882353 1 0.7137255 0.8901961 0.882353 1 0.7137255 0.8901961 0.882353 1 0.7137255 0.8901961 0.882353 1 1 1 1 1 1 1 1 1 1 1 1 1 0.4509804 0.4509804 0.4509804 1 0.4509804 0.4509804 0.4509804 1 0.4509804 0.4509804 0.4509804 1 0.7137255 0.8901961 0.882353 1 0.7137255 0.8901961 0.882353 1 0.7137255 0.8901961 0.882353 1 1 1 1 1 1 1 1 1 1 1 1 1 0.7137255 0.8901961 0.882353 1 0.7137255 0.8901961 0.882353 1 0.7137255 0.8901961 0.882353 1 1 1 1 1 1 1 1 1 1 1 1 1 1 1 1 1 1 1 1 1 1 1 1 1 1 1 1 1 1 1 1 1 1 1 1 1 1 1 1 1 1 1 1 1 1 1 1 1 1 1 1 1 1 1 1 1 1 1 1 1 1 1 1 1 1 1 1 1 1 1 1 1 1 1 1 1 1 1 1 1 1 1 1 1 1 1 1 1 1 1 1 1 1 1 1 1 1 1 1 1 1 1 1 1 1 1 1 1 1 1 1 1 1 1 1 1 1 1 1 1 1 1 1 1 1 1 1 1 1 1 1 1 1 1 1 1 1 1 1 1 1 1 1 1 1 1 1 1 1 1 1 1 1 1 1 1 1 1 1 1 1 1 1 1 1 1 1 1 1 1 1 1 1 1 1 1 1 1 1 1 1 1 1 1 1 1 1 1 1 1 1 1 1 1 1 1 1 1 1 1 1 1 1 1 1 1 1 1 1 1 1 1 1 1 1 1 1 1 1 1 1 1 1 1 1 1 1 1 1 1 1 1 1 1 1 1 1 1 1 1 1 1 1 1 1 1 1 1 1 1 1 1 1 1 1 1 1 1 1 1 1 1 1 1 1 1 1 1 1 1 1 1 1 1 1 1 1 1 1 1 1 1 1 1 1 1 1 1 1 1 1 1 1 1 1 1 1 1 1 1 1 1 1 1 1 1 1 1 1 1 1 1 1 1 1 1 1 1 1 1 1 1 1 1 1 1 1 1 1 1 1 1 1 1 1 1 1 1 1 1 1 1 1 1 1 1 1 1 1 1 1 1 1 1 1 1 1 1 1 1 1 1 1 1 1 1 1 1 1 1 1 1 1 1 1 1 1 1 1 1 1 1 1 1 1 1 1 1 1 1 1 1 1 1 1 1 1 1 1 1 1 1 1 1 1 1 1 1 1 1 1 1 1 1 1 1 1 1 1 1 1 1 1 1 1 1 1 1 1 1 1 1 1 1 1 1 1 1 1 1 1 1 1 1 1 1 1 1 1 1 1 1 1 1 1 1 1 1 1 1 1 1 1 1 1 1 1 1 1 1 1 1 1 1 1 1 1 1 1 1 1 1 1 1 1 1 1 1 1 1 1 1 1 1 1 1 1 1 1 1 1 1 1 1 1 1 1 1 1 1 1 1 1 1 1 1 1 1 1 1 1 1 1 1 1 1 1 1 1 1 1 1 1 1 1 1 1 1 1 1 1 1 1 1 1 1 1 1 1 1 1 1 1 1 1 1 1 1 1 1 1 1 1 1 1 1 1 1 1 1 1 1 1 1 1 1 1 1 1 1 1 1 1 1 1 1 1 1 1 1 1 1 1 1 1 1 1 1 1 1 1 1 1 1 1 1 1 1 1 1 1 1 1 1 1 1 1 1 1 1 1 1 1 1 1 1 1 1 1 1 1 1 1 1 1 1 1 1 1 1 1 1 1 1 1 1 1 1 1 1 1 1 1 1 1 1 1 1 1 1 1 1 1 1 1 1 1 1 1 1 1 1 1 1 1 1 1 1 1 1 1 1 1 1 1 1 1 1 1 1 1 1 1 1 1 1 1 1 1 1 1 1 1 1 1 1 1 1 1 1 1 1 1 1 1 1 1 1 1 1 1 1 1 1 1 1 1 1 1 1 1 1 1 1 1 1 1 1 1 1 1 1 1 1 0.7490196 0.2705882 0.2784314 1 0.7490196 0.2705882 0.2784314 1 0.7490196 0.2705882 0.2784314 1 0.7490196 0.2705882 0.2784314 1 0.7490196 0.2705882 0.2784314 1 0.7490196 0.2705882 0.2784314 1 1 1 1 1 1 1 1 1 1 1 1 1 1 1 1 1 1 1 1 1 1 1 1 1 1 1 1 1 1 1 1 1 1 1 1 1 1 1 1 1 1 1 1 1 1 1 1 1 1 1 1 1 1 1 1 1 1 1 1 1 1 1 1 1 1 1 1 1 1 1 1 1 1 1 1 1 1 1 1 1 1 1 1 1 1 1 1 1 1 1 1 1 1 1 1 1 1 1 1 1 1 1 1 1 1 1 1 1 1 1 1 1 1 1 1 1 1 1 1 1 1 1 1 1 1 1 1 1 1 1 1 1 1 1 1 1 1 1 1 1 1 1 1 1 1 1 1 1 1 1 1 1 1 1 1 1 1 1 1 1 1 1 1 1 1 1 1 1 1 1 1 1 1 1 1 1 1 1 1 1 1 1 1 1 1 1 1 1 1 1 1 1 1 1 1 1 1 1 1 1 1 1 1 1 1 1 1 1 1 1 1 1 1 1 1 1 1 1 1 1 1 1 1 1 1 1 1 1 1 1 1 1 1 1 1 1 1 1 1 1 1 1 1 1 1 1 1 1 1 1 1 1 1 1 1 1 1 1 1 1 1 1 1 1 1 1 1 1 1 1 1 1 1 1 1 1 1 1 1 1 1 1 1 1 1 1 1 1 1 1 1 1 1 1 1 1 1 1 1 1 1 1 1 1 1 1 1 1 1 1 1 1 1 1 1 1 1 1 1 1 1 1 1 1 1 1 1 1 1 1 1 1 1 1 1 1 0.7490196 0.2705882 0.2784314 1 0.7490196 0.2705882 0.2784314 1 0.7490196 0.2705882 0.2784314 1 1 1 1 1 1 1 1 1 1 1 1 1 0.4509804 0.4509804 0.4509804 1 0.4509804 0.4509804 0.4509804 1 0.4509804 0.4509804 0.4509804 1 1 1 1 1 1 1 1 1 1 1 1 1 1 1 1 1 1 1 1 1 1 1 1 1 1 1 1 1 1 1 1 1 1 1 1 1 1 1 1 1 1 1 1 1 1 1 1 1 1 1 1 1 1 1 1 1 1 1 1 1 1 1 1 1 1 1 1 1 1 1 1 1 1 1 1 1 1 1 1 1 1 1 1 1 1 1 1 1 1 1 1 1 1 1 1 1 1 1 1 1 1 1 1 1 1 1 1 1 1 1 1 1 1 1 1 1 1 1 1 1 1 1 1 1 1 1 1 1 1 1 1 1 1 1 1 1 1 1 1 1 1 1 1 1 1 1 1 1 1 1 1 1 1 1 1 1 1 1 1 1 1 1 1 1 1 1 1 1 1 1 1 1 1 1 1 1 1 1 1 1 1 0.8941177 0.8235294 1 1 0.8941177 0.8235294 1 1 0.8941177 0.8235294 1 1 0.8941177 0.8235294 1 1 0.8941177 0.8235294 1 1 0.8941177 0.8235294 1 1 0.8941177 0.8235294 1 1 0.8941177 0.8235294 1 1 0.8941177 0.8235294 1 1 0.8941177 0.8235294 1 1 0.8941177 0.8235294 1 1 0.8941177 0.8235294 1 1 0.8941177 0.8235294 1 1 0.8941177 0.8235294 1 1 0.8941177 0.8235294 1 1 0.8941177 0.8235294 1 1 0.8941177 0.8235294 1 1 0.8941177 0.8235294 1 1 0.8941177 0.8235294 1 1 0.8941177 0.8235294 1 1 0.8941177 0.8235294 1 1 0.8941177 0.8235294 1 1 0.8941177 0.8235294 1 1 0.8941177 0.8235294 1 1 0.8941177 0.8235294 1 1 0.8941177 0.8235294 1 1 0.8941177 0.8235294 1 1 0.8941177 0.8235294 1 1 0.8941177 0.8235294 1 1 0.8941177 0.8235294 1 1 0.8941177 0.8235294 1 1 0.8941177 0.8235294 1 1 0.8941177 0.8235294 1 1 0.8941177 0.8235294 1 1 0.8941177 0.8235294 1 1 0.8941177 0.8235294 1 1 0.8941177 0.8235294 1 1 0.8941177 0.8235294 1 1 0.8941177 0.8235294 1 1 0.8941177 0.8235294 1 1 0.8941177 0.8235294 1 1 0.8941177 0.8235294 1 1 0.8941177 0.8235294 1 1 0.8941177 0.8235294 1 1 0.8941177 0.8235294 1 1 0.8941177 0.8235294 1 1 0.8941177 0.8235294 1 1 0.8941177 0.8235294 1 1 0.8941177 0.8235294 1 1 0.8941177 0.8235294 1 1 0.8941177 0.8235294 1 1 0.8941177 0.8235294 1 1 0.8941177 0.8235294 1 1 0.8941177 0.8235294 1 1 0.8941177 0.8235294 1 1 0.8941177 0.8235294 1 1 0.8941177 0.8235294 1 1 0.8941177 0.8235294 1 1 0.8941177 0.8235294 1 1 0.8941177 0.8235294 1 1 0.8941177 0.8235294 1 1 0.8941177 0.8235294 1 1 0.8941177 0.8235294 1 1 0.8941177 0.8235294 1 1 0.8941177 0.8235294 1 1 0.8941177 0.8235294 1 1 0.8941177 0.8235294 1 1 0.8941177 0.8235294 1 1 0.8941177 0.8235294 1 1 0.8941177 0.8235294 1 1 0.8941177 0.8235294 1 1 0.8941177 0.8235294 1 1 0.8941177 0.8235294 1 1 0.8941177 0.8235294 1 1 0.8941177 0.8235294 1 1 0.8941177 0.8235294 1 1 0.8941177 0.8235294 1 1 0.8941177 0.8235294 1 1 0.8941177 0.8235294 1 1 0.8941177 0.8235294 1 1 0.8941177 0.8235294 1 1 0.8941177 0.8235294 1 1 0.8941177 0.8235294 1 1 0.8941177 0.8235294 1 1 0.8941177 0.8235294 1 1 0.8941177 0.8235294 1 1 0.8941177 0.8235294 1 1 0.8941177 0.8235294 1 1 0.8941177 0.8235294 1 1 0.8941177 0.8235294 1 1 0.8941177 0.8235294 1 1 0.8941177 0.8235294 1 1 0.8941177 0.8235294 1 1 0.8941177 0.8235294 1 1 0.8941177 0.8235294 1 1 0.8941177 0.8235294 1 1 1 1 1 1 1 1 1 1 1 1 1 1 1 1 1 1 1 1 1 1 1 1 1 1 1 1 1 1 1 1 1 1 1 1 1 1 1 1 1 1 1 1 1 1 1 1 1 1 1 1 1 1 1 1 1 1 1 1 1 0.7137255 0.8901961 0.882353 1 0.7137255 0.8901961 0.882353 1 0.7137255 0.8901961 0.882353 1 1 1 1 1 1 1 1 1 1 1 1 1 1 1 1 1 1 1 1 1 1 1 1 1 1 1 1 1 1 1 1 1 1 1 1 1 1 1 1 1 1 1 1 1 1 1 1 1 1 1 1 1 1 1 1 1 1 1 1 1 1 1 1 1 1 1 1 1 1 1 1 1 1 1 1 1 1 1 1 1 1 1 1 1 1 1 1 1 1 1 1 1 1 1 1 1 1 1 1 1 1 1 1 1 1 1 1 1 1 1 1 1 1 1 1 1 1 1 1 1 1 1 1 1 1 1 1 1 1 1 1 1 1 0.8941177 0.8235294 1 1 0.8941177 0.8235294 1 1 0.8941177 0.8235294 1 1 0.8941177 0.8235294 1 1 0.8941177 0.8235294 1 1 0.8941177 0.8235294 1 1 0.8941177 0.8235294 1 1 0.8941177 0.8235294 1 1 0.8941177 0.8235294 1 1 0.8941177 0.8235294 1 1 0.8941177 0.8235294 1 1 0.8941177 0.8235294 1 1 0.8941177 0.8235294 1 1 0.8941177 0.8235294 1 1 0.8941177 0.8235294 1 1 0.8941177 0.8235294 1 1 0.8941177 0.8235294 1 1 0.8941177 0.8235294 1 1 0.8941177 0.8235294 1 1 0.8941177 0.8235294 1 1 0.8941177 0.8235294 1 1 0.8941177 0.8235294 1 1 0.8941177 0.8235294 1 1 0.8941177 0.8235294 1 1 1 1 1 1 1 1 1 1 1 1 1 1 1 1 1 1 1 1 1 1 1 1 1 1 1 1 1 1 1 1 1 1 1 1 1 1 1 1 1 1 1 1 1 1 1 1 1 1 1 1 1 1 1 1 1 1 1 1 1 1 1 1 1 1 1 1 1 1 1 1 1 1 1 1 1 1 1 1 1 1 1 1 1 1 1 1 1 1 1 1 1 1 1 1 1 1 1 1 1 1 1 1 1 1 1 1 1 1 0.8627451 0.4196078 1 1 0.8627451 0.4196078 1 1 0.8627451 0.4196078 1 0.5333334 0.5333334 0.5333334 1 0.5333334 0.5333334 0.5333334 1 0.5333334 0.5333334 0.5333334 1 0.5333334 0.5333334 0.5333334 1 0.5333334 0.5333334 0.5333334 1 0.5333334 0.5333334 0.5333334 1 0.5333334 0.5333334 0.5333334 1 0.5333334 0.5333334 0.5333334 1 0.5333334 0.5333334 0.5333334 1 0.5333334 0.5333334 0.5333334 1 0.5333334 0.5333334 0.5333334 1 0.5333334 0.5333334 0.5333334 1 0.5333334 0.5333334 0.5333334 1 0.5333334 0.5333334 0.5333334 1 0.5333334 0.5333334 0.5333334 1 0.5333334 0.5333334 0.5333334 1 0.5333334 0.5333334 0.5333334 1 0.5333334 0.5333334 0.5333334 1 0.5333334 0.5333334 0.5333334 1 0.5333334 0.5333334 0.5333334 1 0.5333334 0.5333334 0.5333334 1 0.5333334 0.5333334 0.5333334 1 0.5333334 0.5333334 0.5333334 1 0.5333334 0.5333334 0.5333334 1 1 0.8627451 0.4196078 1 1 0.8627451 0.4196078 1 1 0.8627451 0.4196078 1 0.5333334 0.5333334 0.5333334 1 0.5333334 0.5333334 0.5333334 1 0.5333334 0.5333334 0.5333334 1 0.5333334 0.5333334 0.5333334 1 0.5333334 0.5333334 0.5333334 1 0.5333334 0.5333334 0.5333334 1 0.5333334 0.5333334 0.5333334 1 0.5333334 0.5333334 0.5333334 1 0.5333334 0.5333334 0.5333334 1 0.5333334 0.5333334 0.5333334 1 0.5333334 0.5333334 0.5333334 1 0.5333334 0.5333334 0.5333334 1 1 1 1 1 1 1 1 1 1 1 1 1 0.2980392 0.4901961 0.6509804 1 0.2980392 0.4901961 0.6509804 1 0.5176471 0.6235294 0.7333334 1 1 1 1 1 1 1 1 1 1 1 1 1 1 1 1 1 1 1 1 1 1 1 1 1 1 1 1 1 1 1 1 1 1 1 1 1 1 1 1 1 1 1 1 1 1 1 1 1 1 1 1 1 1 1 1 1 1 1 1 1 1 1 1 1 1 1 1 1 1 1 1 1 1 1 1 1 1 1 1 1 1 1 1 1 1 1 1 1 1 1 1 1 1 1 1 1 1 0.8941177 0.8235294 1 1 0.8941177 0.8235294 1 1 0.8392157 0.8509804 1 1 0.8941177 0.8235294 1 1 0.8941177 0.8235294 1 1 0.8941177 0.8235294 1 1 1 1 1 1 1 1 1 1 1 1 1 1 1 1 1 1 1 1 1 1 1 1 1 1 1 1 1 1 1 1 1 1 1 1 1 1 1 1 1 1 1 1 1 1 1 1 1 1 1 1 1 1 1 1 1 1 1 1 1 1 1 1 1 1 1 1 1 1 1 1 1 1 1 1 1 1 1 1 1 1 1 1 1 1 1 1 1 1 1 1 1 1 1 1 1 1 1 1 1 1 1 1 1 1 1 1 1 1 1 1 1 1 1 1 1 1 1 1 1 1 1 1 1 1 1 1 1 1 1 1 1 1 1 1 1 1 1 1 1 1 1 1 1 1 1 1 1 1 1 1 1 1 1 1 1 1 1 1 1 1 1 1 1 1 1 1 1 1 1 1 1 1 1 1 1 1 1 1 1 1 1 1 1 1 1 1 1 1 1 1 1 1 1 1 1 1 1 1 1 1 1 1 1 1 1 1 1 1 1 1 1 1 1 1 1 1 1 1 1 1 1 1 1 1 1 1 1 1 1 1 1 1 1 1 1 1 1 1 1 1 1 1 1 1 1 1 1 1 1 1 1 1 1 1 1 1 1 1 1 1 1 1 1 1 1 1 1 1 1 1 1 1 1 1 1 1 1 1 1 1 1 1 1 1 1 1 1 1 1 1 1 1 1 1 1 1 1 1 1 1 1 1 1 1 1 1 1 1 1 1 1 1 1 1 1 1 1 1 1 1 1 1 1 1 1 1 1 1 1 1 1 1 1 1 1 1 1 1 1 1 1 1 1 1 1 1 1 1 1 1 1 1 1 1 1 1 1 1 1 1 1 1 1 1 1 1 1 1 1 1 1 1 1 1 1 1 1 1 1 1 1 1 1 1 1 1 1 1 1 1 1 1 1 1 1 1 1 1 1 1 1 1 1 1 1 1 1 1 1 1 1 1 1 1 1 1 1 1 1 1 1 1 1 1 1 1 1 1 1 1 1 1 1 1 1 1 1 1 1 1 1 1 1 1 1 1 1 1 1 1 1 1 1 1 1 1 1 1 1 1 1 1 1 1 1 1 1 1 1 1 1 1 1 1 1 1 1 1 1 1 1 1 1 1 1 1 1 1 1 1 1 1 1 1 1 1 1 1 1 1 1 1 1 1 1 1 1 1 1 1 1 1 1 1 1 1 1 1 1 1 1 1 1 1 1 1 1 1 1 1 1 1 1 1 1 1 1 1 1 1 1 1 1 1 1 1 1 1 1 1 1 1 1 1 1 1 1 1 1 1 1 1 1 1 1 1 1 1 1 1 1 1 1 1 1 1 1 1 1 1 1 1 1 1 1 1 1 1 1 1 1 1 1 1 1 1 1 1 1 1 1 1 1 1 1 1 1 1 1 1 1 1 1 1 1 1 1 1 1 1 1 1 1 1 1 1 1 1 1 1 1 1 1 1 1 1 1 1 1 1 1 1 1 1 1 1 1 1 1 1 1 1 1 1 1 1 1 1 1 1 1 1 1 1 1 1 1 1 1 1 1 1 1 1 1 1 1 1 1 1 1 1 1 1 1 1 1 1 1 1 1 1 1 1 1 1 1 1 1 1 1 1 1 1 1 1 1 1 1 1 1 1 1 1 1 1 1 1 1 1 1 1 1 1 1 1 1 1 1 1 1 1 1 1 1 1 1 1 1 1 1 1 1 1 1 1 1 1 1 1 1 1 1 1 1 1 1 1 1 1 1 1 1 1 1 1 1 1 1 1 1 1 1 1 1 1 1 1 1 1 1 1 1 1 1 1 1 1 1 1 1 1 1 1 1 1 1 1 1 1 1 1 1 1 1 1 1 1 1 1 1 1 1 1 1 1 1 1 1 1 1 1 1 1 1 1 1 1 1 1 1 1 1 1 1 1 1 1 1 1 1 1 1 1 1 1 1 1 1 1 1 1 1 1 1 1 1 1 1 1 1 1 1 1 1 1 1 1 1 1 1 1 1 1 1 1 1 1 1 1 1 1 1 1 1 1 1 1 1 1 1 1 1 1 1 1 1 1 1 1 1 1 1 1 1 1 1 1 1 1 1 1 1 1 1 1 1 1 1 1 1 1 1 1 1 1 1 1 1 1 1 1 1 1 1 1 1 1 1 1 1 1 1 1 1 1 1 1 1 1 1 1 1 1 1 1 1 1 1 1 1 1 1 1 1 1 1 1 1 1 1 1 1 1 1 1 1 1 1 1 1 1 1 1 1 1 1 1 1 1 1 1 1 1 1 1 1 1 1 1 1 1 1 1 1 1 1 1 1 1 1 1 1 1 1 1 1 1 1 1 1 1 1 1 1 1 1 1 1 1 1 1 1 1 1 1 1 1 1 1 1 1 1 1 1 1 1 1 1 1 1 1 1 1 1 1 1 1 1 1 1 1 1 1 1 1 1 1 1 1 1 1 1 1 1 1 1 1 1 1 1 1 1 1 1 1 1 1 1 1 1 1 1 1 1 1 1 1 1 1 1 1 1 1 1 1 1 1 1 1 1 1 1 1 1 1 1 1 1 1 1 1 1 1 1 1 1 1 1 1 1 1 1 1 1 1 1 1 1 1 1 1 1 1 1 1 1 1 1 1 1 1 1 1 1 1 1 1 1 1 1 1 1 1 1 1 1 1 1 1 1 1 1 1 1 1 1 1 1 1 1 1 1 1 1 1 1 1 1 1 1 1 1 1 1 1 1 1 1 1 1 1 1 1 1 1 1 1 1 1 1 1 1 1 1 1 1 1 1 1 1 1 1 1 1 1 1 1 1 1 1 1 1 1 1 1 1 1 1 1 1 1 1 1 1 1 1 1 1 1 1 1 1 1 1 1 1 1 1 1 1 1 1 1 1 1 1 1 1 1 1 1 1 1 1 1 1 1 1 1 1 1 1 1 1 1 1 1 1 1 1 1 1 1 1 1 1 1 1 1 1 1 1 1 1 1 1 1 1 1 1 1 1 1 1 1 1 1 1 1 1 1 1 1 1 1 1 1 1 1 1 1 1 1 1 1 1 1 1 1 1 1 1 1 1 1 1 1 1 1 1 1 1 1 1 1 1 1 1 1 1 1 1 1 1 1 1 0.7137255 0.8901961 0.882353 1 0.7137255 0.8901961 0.882353 1 0.7137255 0.8901961 0.882353 1 0.7137255 0.8901961 0.882353 1 0.7137255 0.8901961 0.882353 1 0.7137255 0.8901961 0.882353 1 0.7137255 0.8901961 0.882353 1 0.7137255 0.8901961 0.882353 1 0.7137255 0.8901961 0.882353 1 0.7137255 0.8901961 0.882353 1 0.7137255 0.8901961 0.882353 1 0.7137255 0.8901961 0.882353 1 0.7137255 0.8901961 0.882353 1 0.7137255 0.8901961 0.882353 1 0.7137255 0.8901961 0.882353 1 0.7137255 0.8901961 0.882353 1 0.7137255 0.8901961 0.882353 1 0.7137255 0.8901961 0.882353 1 0.7137255 0.8901961 0.882353 1 0.7137255 0.8901961 0.882353 1 0.7137255 0.8901961 0.882353 1 0.7137255 0.8901961 0.882353 1 0.7137255 0.8901961 0.882353 1 0.7137255 0.8901961 0.882353 1 0.7137255 0.8901961 0.882353 1 0.7137255 0.8901961 0.882353 1 0.7137255 0.8901961 0.882353 1 0.7137255 0.8901961 0.882353 1 0.7137255 0.8901961 0.882353 1 0.7137255 0.8901961 0.882353 1 0.7137255 0.8901961 0.882353 1 0.7137255 0.8901961 0.882353 1 0.7137255 0.8901961 0.882353 1 0.7137255 0.8901961 0.882353 1 0.7137255 0.8901961 0.882353 1 0.7137255 0.8901961 0.882353 1 0.7137255 0.8901961 0.882353 1 0.7137255 0.8901961 0.882353 1 0.7137255 0.8901961 0.882353 1 0.7137255 0.8901961 0.882353 1 0.7137255 0.8901961 0.882353 1 0.7137255 0.8901961 0.882353 1 0.7137255 0.8901961 0.882353 1 0.7137255 0.8901961 0.882353 1 0.7137255 0.8901961 0.882353 1 0.7137255 0.8901961 0.882353 1 0.7137255 0.8901961 0.882353 1 0.7137255 0.8901961 0.882353 1 0.7137255 0.8901961 0.882353 1 0.7137255 0.8901961 0.882353 1 0.7137255 0.8901961 0.882353 1 0.7137255 0.8901961 0.882353 1 0.7137255 0.8901961 0.882353 1 0.7137255 0.8901961 0.882353 1 0.7137255 0.8901961 0.882353 1 0.7137255 0.8901961 0.882353 1 0.7137255 0.8901961 0.882353 1 0.7137255 0.8901961 0.882353 1 0.7137255 0.8901961 0.882353 1 0.7137255 0.8901961 0.882353 1 0.7137255 0.8901961 0.882353 1 0.7137255 0.8901961 0.882353 1 0.7137255 0.8901961 0.882353 1 0.7137255 0.8901961 0.882353 1 0.7137255 0.8901961 0.882353 1 0.7137255 0.8901961 0.882353 1 0.7137255 0.8901961 0.882353 1 0.7137255 0.8901961 0.882353 1 0.7137255 0.8901961 0.882353 1 0.7137255 0.8901961 0.882353 1 0.7137255 0.8901961 0.882353 1 0.7137255 0.8901961 0.882353 1 0.7137255 0.8901961 0.882353 1 0.7137255 0.8901961 0.882353 1 0.7137255 0.8901961 0.882353 1 0.7137255 0.8901961 0.882353 1 0.7137255 0.8901961 0.882353 1 0.7137255 0.8901961 0.882353 1 0.7137255 0.8901961 0.882353 1 0.7137255 0.8901961 0.882353 1 0.7137255 0.8901961 0.882353 1 0.7137255 0.8901961 0.882353 1 0.7137255 0.8901961 0.882353 1 0.7137255 0.8901961 0.882353 1 0.7137255 0.8901961 0.882353 1 0.7137255 0.8901961 0.882353 1 0.7137255 0.8901961 0.882353 1 0.7137255 0.8901961 0.882353 1 0.7137255 0.8901961 0.882353 1 0.7137255 0.8901961 0.882353 1 0.7137255 0.8901961 0.882353 1 0.7137255 0.8901961 0.882353 1 0.7137255 0.8901961 0.882353 1 0.7137255 0.8901961 0.882353 1 0.7137255 0.8901961 0.882353 1 0.7137255 0.8901961 0.882353 1 0.7137255 0.8901961 0.882353 1 0.7137255 0.8901961 0.882353 1 0.7137255 0.8901961 0.882353 1 0.7137255 0.8901961 0.882353 1 0.7137255 0.8901961 0.882353 1 0.7137255 0.8901961 0.882353 1 0.7137255 0.8901961 0.882353 1 0.7137255 0.8901961 0.882353 1 0.7137255 0.8901961 0.882353 1 0.7137255 0.8901961 0.882353 1 0.7137255 0.8901961 0.882353 1 0.7137255 0.8901961 0.882353 1 0.7137255 0.8901961 0.882353 1 0.7137255 0.8901961 0.882353 1 0.7137255 0.8901961 0.882353 1 0.7137255 0.8901961 0.882353 1 0.7137255 0.8901961 0.882353 1 0.7137255 0.8901961 0.882353 1 0.7137255 0.8901961 0.882353 1 0.7137255 0.8901961 0.882353 1 0.7137255 0.8901961 0.882353 1 0.7137255 0.8901961 0.882353 1 0.7137255 0.8901961 0.882353 1 0.7137255 0.8901961 0.882353 1 0.7137255 0.8901961 0.882353 1 0.7137255 0.8901961 0.882353 1 0.7137255 0.8901961 0.882353 1 0.7137255 0.8901961 0.882353 1 0.7137255 0.8901961 0.882353 1 0.7137255 0.8901961 0.882353 1 0.7137255 0.8901961 0.882353 1 0.7137255 0.8901961 0.882353 1 0.7137255 0.8901961 0.882353 1 0.7137255 0.8901961 0.882353 1 0.7137255 0.8901961 0.882353 1 0.7137255 0.8901961 0.882353 1 0.7137255 0.8901961 0.882353 1 0.7137255 0.8901961 0.882353 1 0.7137255 0.8901961 0.882353 1 0.7137255 0.8901961 0.882353 1 0.7137255 0.8901961 0.882353 1 0.7137255 0.8901961 0.882353 1 0.7137255 0.8901961 0.882353 1 0.7137255 0.8901961 0.882353 1 0.7137255 0.8901961 0.882353 1 0.7137255 0.8901961 0.882353 1 0.7137255 0.8901961 0.882353 1 0.7137255 0.8901961 0.882353 1 0.7137255 0.8901961 0.882353 1 0.7137255 0.8901961 0.882353 1 0.7137255 0.8901961 0.882353 1 0.7137255 0.8901961 0.882353 1 0.7137255 0.8901961 0.882353 1 0.7137255 0.8901961 0.882353 1 0.7137255 0.8901961 0.882353 1 0.7137255 0.8901961 0.882353 1 0.7137255 0.8901961 0.882353 1 0.7137255 0.8901961 0.882353 1 0.7137255 0.8901961 0.882353 1 0.7137255 0.8901961 0.882353 1 0.7137255 0.8901961 0.882353 1 0.7137255 0.8901961 0.882353 1 0.7137255 0.8901961 0.882353 1 0.7137255 0.8901961 0.882353 1 0.7137255 0.8901961 0.882353 1 0.7137255 0.8901961 0.882353 1 0.7137255 0.8901961 0.882353 1 0.7137255 0.8901961 0.882353 1 0.7137255 0.8901961 0.882353 1 0.7137255 0.8901961 0.882353 1 0.7137255 0.8901961 0.882353 1 0.7137255 0.8901961 0.882353 1 0.7137255 0.8901961 0.882353 1 0.7137255 0.8901961 0.882353 1 0.7137255 0.8901961 0.882353 1 0.7137255 0.8901961 0.882353 1 0.7137255 0.8901961 0.882353 1 0.7137255 0.8901961 0.882353 1 0.7137255 0.8901961 0.882353 1 0.7137255 0.8901961 0.882353 1 0.7137255 0.8901961 0.882353 1 0.7137255 0.8901961 0.882353 1 0.7137255 0.8901961 0.882353 1 0.7137255 0.8901961 0.882353 1 0.7137255 0.8901961 0.882353 1 0.7137255 0.8901961 0.882353 1 0.7137255 0.8901961 0.882353 1 0.7137255 0.8901961 0.882353 1 0.7137255 0.8901961 0.882353 1 0.7137255 0.8901961 0.882353 1 0.7137255 0.8901961 0.882353 1 0.7137255 0.8901961 0.882353 1 0.7137255 0.8901961 0.882353 1 0.7137255 0.8901961 0.882353 1 0.7137255 0.8901961 0.882353 1 0.7137255 0.8901961 0.882353 1 0.7137255 0.8901961 0.882353 1 0.7137255 0.8901961 0.882353 1 0.7137255 0.8901961 0.882353 1 0.7137255 0.8901961 0.882353 1 0.7137255 0.8901961 0.882353 1 0.7137255 0.8901961 0.882353 1 0.7137255 0.8901961 0.882353 1 0.7137255 0.8901961 0.882353 1 0.7137255 0.8901961 0.882353 1 0.7137255 0.8901961 0.882353 1 0.7137255 0.8901961 0.882353 1 0.7137255 0.8901961 0.882353 1 0.7137255 0.8901961 0.882353 1 0.7137255 0.8901961 0.882353 1 0.7137255 0.8901961 0.882353 1 0.7137255 0.8901961 0.882353 1 0.7137255 0.8901961 0.882353 1 0.7137255 0.8901961 0.882353 1 0.7137255 0.8901961 0.882353 1 0.7137255 0.8901961 0.882353 1 0.7137255 0.8901961 0.882353 1 0.7137255 0.8901961 0.882353 1 0.7137255 0.8901961 0.882353 1 0.7137255 0.8901961 0.882353 1 0.7137255 0.8901961 0.882353 1 0.7137255 0.8901961 0.882353 1 0.7137255 0.8901961 0.882353 1 0.7137255 0.8901961 0.882353 1 0.7137255 0.8901961 0.882353 1 0.7137255 0.8901961 0.882353 1 0.7137255 0.8901961 0.882353 1 0.7137255 0.8901961 0.882353 1 0.7137255 0.8901961 0.882353 1 0.7137255 0.8901961 0.882353 1 0.7137255 0.8901961 0.882353 1 0.7137255 0.8901961 0.882353 1 0.7137255 0.8901961 0.882353 1 0.7137255 0.8901961 0.882353 1 0.7137255 0.8901961 0.882353 1 0.7137255 0.8901961 0.882353 1 0.7137255 0.8901961 0.882353 1 0.7137255 0.8901961 0.882353 1 0.7137255 0.8901961 0.882353 1 0.7137255 0.8901961 0.882353 1 0.7137255 0.8901961 0.882353 1 0.7137255 0.8901961 0.882353 1 0.7137255 0.8901961 0.882353 1 0.7137255 0.8901961 0.882353 1 0.7137255 0.8901961 0.882353 1 0.7137255 0.8901961 0.882353 1 0.7137255 0.8901961 0.882353 1 0.7137255 0.8901961 0.882353 1 0.7137255 0.8901961 0.882353 1 0.7137255 0.8901961 0.882353 1 0.7137255 0.8901961 0.882353 1 0.7137255 0.8901961 0.882353 1 0.7137255 0.8901961 0.882353 1 0.7137255 0.8901961 0.882353 1 0.7137255 0.8901961 0.882353 1 0.7137255 0.8901961 0.882353 1 0.7137255 0.8901961 0.882353 1 0.7137255 0.8901961 0.882353 1 0.7137255 0.8901961 0.882353 1 0.7137255 0.8901961 0.882353 1 0.7137255 0.8901961 0.882353 1 0.7137255 0.8901961 0.882353 1 0.7137255 0.8901961 0.882353 1 0.7137255 0.8901961 0.882353 1 0.7137255 0.8901961 0.882353 1 0.7137255 0.8901961 0.882353 1 0.7137255 0.8901961 0.882353 1 0.7137255 0.8901961 0.882353 1 0.7137255 0.8901961 0.882353 1 0.7137255 0.8901961 0.882353 1 0.7137255 0.8901961 0.882353 1 0.7137255 0.8901961 0.882353 1 0.7137255 0.8901961 0.882353 1 0.7137255 0.8901961 0.882353 1 0.7137255 0.8901961 0.882353 1 0.7137255 0.8901961 0.882353 1 0.7137255 0.8901961 0.882353 1 0.7137255 0.8901961 0.882353 1 0.7137255 0.8901961 0.882353 1 0.7137255 0.8901961 0.882353 1 0.7137255 0.8901961 0.882353 1 0.7137255 0.8901961 0.882353 1 0.7137255 0.8901961 0.882353 1 0.7137255 0.8901961 0.882353 1 0.7137255 0.8901961 0.882353 1 0.7137255 0.8901961 0.882353 1 0.7137255 0.8901961 0.882353 1 0.7137255 0.8901961 0.882353 1 0.7137255 0.8901961 0.882353 1 0.7137255 0.8901961 0.882353 1 0.7137255 0.8901961 0.882353 1 0.7137255 0.8901961 0.882353 1 1 1 1 1 1 1 1 1 1 1 1 1 1 1 1 1 1 1 1 1 1 1 1 1 1 1 1 1 1 1 1 1 1 1 1 1 1 1 1 1 1 1 1 1 1 1 1 1 1 1 1 1 1 1 1 1 1 1 1 1 1 1 1 1 1 1 1 1 1 1 1 1 1 1 1 1 1 1 1 1 1 1 1 1 1 1 1 1 1 1 1 1 1 1 1 1 1 1 1 1 1 1 1 1 1 1 1 1 1 1 1 1 1 1 1 1 1 1 1 1 1 1 1 1 1 1 1 1 1 1 1 1 1 1 1 1 1 1 1 1 1 1 1 1 1 1 1 1 1 1 1 1 1 1 1 1 1 1 1 1 1 1 1 1 1 1 1 1 1 1 1 1 1 1 1 1 1 1 1 1 1 1 1 1 1 1 1 1 1 1 1 1 1 1 1 1 1 1 1 1 1 1 1 1 1 1 1 1 1 1 1 1 1 1 1 1 1 1 1 1 1 1 1 1 1 1 1 1 1 1 1 1 1 1 1 1 1 1 1 1 1 1 1 1 1 1 1 1 1 1 1 1 1 1 1 1 1 1 1 1 1 1 1 1 1 1 1 1 1 1 1 1 1 1 1 1 1 1 1 1 1 1 1 1 1 1 1 1 1 1 1 1 1 1 1 1 1 1 1 1 1 1 1 1 1 1 1 1 1 1 1 1 1 1 1 1 1 1 1 1 1 1 1 1 1 1 1 1 1 1 1 1 1 1 1 1 1 1 1 1 1 1 1 1 1 1 1 1 1 1 1 1 1 1 1 1 1 1 1 1 1 1 1 1 1 1 1 1 1 1 1 1 1 1 1 1 1 1 1 1 1 1 1 1 1 1 1 1 1 1 1 1 1 1 1 1 1 1 1 1 1 1 1 1 1 1 1 1 1 1 1 1 1 1 1 1 1 1 1 1 1 1 1 1 1 1 1 1 1 1 1 1 1 1 1 1 1 1 1 1 1 1 1 1 1 1 1 1 1 1 1 1 1 1 1 1 1 1 1 1 1 1 1 1 1 1 1 1 1 1 1 1 1 1 1 1 1 1 1 1 1 1 1 1 1 1 1 1 1 1 1 1 1 1 1 1 1 1 1 1 1 1 1 1 1 1 1 1 1 1 1 1 1 1 1 1 1 1 1 1 1 1 1 1 1 1 1 1 1 1 1 1 1 1 1 1 1 1 1 1 1 1 1 1 1 1 1 1 1 1 1 1 1 1 1 1 1 1 1 1 1 1 1 1 1 1 1 1 1 1 1 1 1 1 1 1 1 1 1 1 1 1 1 1 1 1 1 1 1 1 1 1 1 1 1 1 1 1 1 1 1 1 1 1 1 1 1 1 1 1 1 1 1 1 1 1 1 1 1 1 1 1 1 1 1 1 1 1 1 1 1 1 1 1 1 1 1 1 1 1 1 1 1 1 1 1 1 1 1 1 1 1 1 1 1 1 1 1 1 1 1 1 1 1 1 1 1 1 1 1 1 1 1 1 1 1 1 1 1 1 1 1 1 1 1 1 1 1 1 1 1 1 1 1 1 1 1 1 1 1 1 1 1 1 1 1 1 1 1 1 1 1 1 1 1 1 1 1 1 1 1 1 1 1 1 1 1 1 1 1 1 1 1 1 1 1 1 1 1 1 1 1 1 1 1 1 1 1 1 1 1 1 1 1 1 1 1 1 1 1 1 1 1 1 1 1 1 1 1 1 1 1 1 1 1 1 1 1 1 1 1 1 1 1 1 1 1 1 1 1 1 1 1 1 1 1 1 1 1 1 1 1 1 1 1 1 1 1 1 1 1 1 1 1 1 1 1 1 1 1 1 1 1 1 1 1 1 1 1 1 1 1 1 1 1 1 1 1 1 1 1 1 1 1 1 1 1 1 1 1 1 1 1 1 1 1 1 1 1 1 1 1 1 1 1 1 1 1 1 1 1 1 1 1 1 1 1 1 1 1 1 1 1 1 1 1 1 1 1 1 1 1 1 1 1 1 1 1 1 1 1 1 1 1 1 1 1 1 1 1 1 1 1 1 1 1 1 1 1 1 1 1 1 1 1 1 1 1 1 1 1 1 1 1 1 1 1 1 1 1 1 1 1 1 1 1 1 1 1 1 1 1 1 1 1 1 1 1 1 1 1 1 1 1 1 1 1 1 1 1 1 1 1 1 1 1 1 1 1 1 1 1 1 1 1 1 1 1 1 1 1 1 1 1 1 1 1 1 1 1 1 1 1 1 1 1 1 1 1 1 1 1 1 1 1 1 1 1 1 1 1 1 1 1 1 1 1 1 1 1 1 1 1 1 1 1 1 1 1 1 1 1 1 1 1 1 1 1 1 1 1 1 1 1 1 1 1 1 1 1 1 1 1 1 1 1 1 1 1 1 1 1 1 1 1 1 1 1 1 1 1 1 1 1 1 1 1 1 1 1 1 1 1 1 1 1 1 1 1 1 1 1 1 1 1 1 1 1 1 1 1 1 1 1 1 1 1 1 1 1 1 1 1 1 1 1 1 1 1 1 1 1 1 1 1 1 1 1 1 1 1 1 1 1 1 1 1 1 1 1 1 1 0.7137255 0.8901961 0.882353 1 0.7137255 0.8901961 0.882353 1 0.7137255 0.8901961 0.882353 1 1 1 1 1 1 1 1 1 1 1 1 1 1 1 1 1 1 1 1 1 1 1 1 1 1 1 1 1 1 1 1 1 1 1 1 1 0.7137255 0.8901961 0.882353 1 0.7137255 0.8901961 0.882353 1 0.7137255 0.8901961 0.882353 1 1 1 1 1 1 1 1 1 1 1 1 1 1 1 1 1 1 1 1 1 1 1 1 1 1 0.9372549 0.6509804 1 1 0.9372549 0.6509804 1 1 0.9372549 0.6509804 1 1 1 1 1 1 1 1 1 1 1 1 1 1 1 1 1 1 1 1 1 1 1 1 1 1 1 1 1 1 1 1 1 1 1 1 1 1 1 1 1 1 1 1 1 1 1 1 1 1 1 1 1 1 1 1 1 1 1 1 1 1 0.9372549 0.6509804 1 1 0.9372549 0.6509804 1 1 0.9372549 0.6509804 1 1 1 1 1 1 1 1 1 1 1 1 1 1 1 1 1 1 1 1 1 1 1 1 1 1 1 1 1 1 1 1 1 1 1 1 1 1 1 1 1 1 1 1 1 1 1 1 1 1 1 1 1 1 1 1 1 1 1 1 1 1 1 1 1 1 1 1 1 1 1 1 1 1 1 1 1 1 1 1 1 1 1 1 1 0.7490196 0.2705882 0.2784314 1 0.7490196 0.2705882 0.2784314 1 0.7490196 0.2705882 0.2784314 1 1 0.8941177 0.8235294 1 1 0.8941177 0.8235294 1 1 0.8941177 0.8235294 1 1 0.8941177 0.8235294 1 1 0.8941177 0.8235294 1 1 0.8941177 0.8235294 1 0.7490196 0.2705882 0.2784314 1 0.7490196 0.2705882 0.2784314 1 0.7490196 0.2705882 0.2784314 1 0.4509804 0.4509804 0.4509804 1 0.4509804 0.4509804 0.4509804 1 0.4509804 0.4509804 0.4509804 1 0.4509804 0.4509804 0.4509804 1 0.4509804 0.4509804 0.4509804 1 0.4509804 0.4509804 0.4509804 1 0.4509804 0.4509804 0.4509804 1 0.4509804 0.4509804 0.4509804 1 0.4509804 0.4509804 0.4509804 1 0.4509804 0.4509804 0.4509804 1 0.4509804 0.4509804 0.4509804 1 0.4509804 0.4509804 0.4509804 1 0.4509804 0.4509804 0.4509804 1 0.4509804 0.4509804 0.4509804 1 0.4509804 0.4509804 0.4509804 1 0.7490196 0.2705882 0.2784314 1 0.7490196 0.2705882 0.2784314 1 0.7490196 0.2705882 0.2784314 1 0.4509804 0.4509804 0.4509804 1 0.4509804 0.4509804 0.4509804 1 0.4509804 0.4509804 0.4509804 1 0.4509804 0.4509804 0.4509804 1 0.4509804 0.4509804 0.4509804 1 0.4509804 0.4509804 0.4509804 1 0.7490196 0.2705882 0.2784314 1 0.7490196 0.2705882 0.2784314 1 0.7490196 0.2705882 0.2784314 1 0.4509804 0.4509804 0.4509804 1 0.4509804 0.4509804 0.4509804 1 0.4509804 0.4509804 0.4509804 1 0.4509804 0.4509804 0.4509804 1 0.4509804 0.4509804 0.4509804 1 0.4509804 0.4509804 0.4509804 1 0.4509804 0.4509804 0.4509804 1 0.4862745 0.4392157 0.4392157 1 0.4588235 0.4470588 0.4470588 1 1 1 1 1 1 1 1 1 1 1 1 1 0.4509804 0.4509804 0.4509804 1 0.4509804 0.4509804 0.4509804 1 0.4509804 0.4509804 0.4509804 1 0.4509804 0.4509804 0.4509804 1 0.4509804 0.4509804 0.4509804 1 0.4509804 0.4509804 0.4509804 1 0.4509804 0.4509804 0.4509804 1 0.4509804 0.4509804 0.4509804 1 0.4509804 0.4509804 0.4509804 1 0.7490196 0.2705882 0.2784314 1 0.7490196 0.2705882 0.2784314 1 0.7490196 0.2705882 0.2784314 1 0.7490196 0.2705882 0.2784314 1 0.7490196 0.2705882 0.2784314 1 0.7490196 0.2705882 0.2784314 1 0.4509804 0.4509804 0.4509804 1 0.4509804 0.4509804 0.4509804 1 0.4509804 0.4509804 0.4509804 1 0.4509804 0.4509804 0.4509804 1 0.4509804 0.4509804 0.4509804 1 0.4509804 0.4509804 0.4509804 1 0.4509804 0.4509804 0.4509804 1 0.4509804 0.4509804 0.4509804 1 0.4509804 0.4509804 0.4509804 1 0.4509804 0.4509804 0.4509804 1 0.4509804 0.4509804 0.4509804 1 0.4509804 0.4509804 0.4509804 1 1 1 1 1 1 1 1 1 1 1 1 1 0.7137255 0.8901961 0.882353 1 0.7137255 0.8901961 0.882353 1 0.7137255 0.8901961 0.882353 1 1 1 1 1 1 1 1 1 1 1 1 1 0.7137255 0.8901961 0.882353 1 0.7137255 0.8901961 0.882353 1 0.7137255 0.8901961 0.882353 1 0.7137255 0.8901961 0.882353 1 0.7137255 0.8901961 0.882353 1 0.7137255 0.8901961 0.882353 1 0.7137255 0.8901961 0.882353 1 0.7137255 0.8901961 0.882353 1 0.7137255 0.8901961 0.882353 1 0.7137255 0.8901961 0.882353 1 0.7137255 0.8901961 0.882353 1 0.7137255 0.8901961 0.882353 1 0.7137255 0.8901961 0.882353 1 0.7137255 0.8901961 0.882353 1 0.7137255 0.8901961 0.882353 1 0.7137255 0.8901961 0.882353 1 0.7137255 0.8901961 0.882353 1 0.7137255 0.8901961 0.882353 1 0.7137255 0.8901961 0.882353 1 0.7137255 0.8901961 0.882353 1 0.7137255 0.8901961 0.882353 1 0.7137255 0.8901961 0.882353 1 0.7137255 0.8901961 0.882353 1 0.7137255 0.8901961 0.882353 1 0.9294118 0 0.007843136 1 0.9294118 0 0.007843136 1 0.9294118 0 0.007843136 1 0.9294118 0 0.007843136 1 0.9294118 0 0.007843136 1 0.9294118 0 0.007843136 1 0.9294118 0 0.007843136 1 0.9294118 0 0.007843136 1 0.9294118 0 0.007843136 1 0.9294118 0 0.007843136 1 0.9294118 0 0.007843136 1 0.9294118 0 0.007843136 1 0.9294118 0 0.007843136 1 0.9294118 0 0.007843136 1 0.9294118 0 0.007843136 1 0.9294118 0 0.007843136 1 0.9294118 0 0.007843136 1 0.9294118 0 0.007843136 1 0.9294118 0 0.007843136 1 0.9294118 0 0.007843136 1 0.9294118 0 0.007843136 1 0.9294118 0 0.007843136 1 0.9294118 0 0.007843136 1 0.9294118 0 0.007843136 1 0.9294118 0 0.007843136 1 0.9294118 0 0.007843136 1 0.9294118 0 0.007843136 1 0.9294118 0 0.007843136 1 0.9294118 0 0.007843136 1 0.9294118 0 0.007843136 1 0.9294118 0 0.007843136 1 0.9294118 0 0.007843136 1 0.9294118 0 0.007843136 1 0.9294118 0 0.007843136 1 0.9294118 0 0.007843136 1 0.9294118 0 0.007843136 1 0.9294118 0 0.007843136 1 0.9294118 0 0.007843136 1 0.9294118 0 0.007843136 1 0.9294118 0 0.007843136 1 0.9294118 0 0.007843136 1 0.9294118 0 0.007843136 1 0.9294118 0 0.007843136 1 0.9294118 0 0.007843136 1 0.9294118 0 0.007843136 1 0.8588235 0.1529412 0.1803922 1 0.8588235 0.1529412 0.1803922 1 0.8588235 0.1529412 0.1803922 1 1 1 1 1 1 1 1 1 1 1 1 1 1 1 1 1 1 1 1 1 1 1 1 1 1 1 1 1 1 1 1 1 1 1 1 1 1 1 1 1 1 1 1 1 1 1 1 1 1 1 1 1 1 1 1 1 1 1 1 1 1 1 1 1 1 1 1 1 1 1 1 1 1 1 1 1 1 1 1 1 1 1 1 1 1 1 1 1 1 1 1 1 1 1 1 1 0.8588235 0.1529412 0.1803922 1 0.8588235 0.1529412 0.1803922 1 0.8588235 0.1529412 0.1803922 1 0.8588235 0.1529412 0.1803922 1 0.8588235 0.1529412 0.1803922 1 0.8588235 0.1529412 0.1803922 1 0.8588235 0.1529412 0.1803922 1 0.8588235 0.1529412 0.1803922 1 0.8588235 0.1529412 0.1803922 1 0.8588235 0.1529412 0.1803922 1 0.8588235 0.1529412 0.1803922 1 0.8588235 0.1529412 0.1803922 1 0.8588235 0.1529412 0.1803922 1 0.8588235 0.1529412 0.1803922 1 0.8588235 0.1529412 0.1803922 1 0.8588235 0.1529412 0.1803922 1 0.8588235 0.1529412 0.1803922 1 0.8588235 0.1529412 0.1803922 1 0.8588235 0.1529412 0.1803922 1 0.8588235 0.1529412 0.1803922 1 0.8588235 0.1529412 0.1803922 1 0.8588235 0.1529412 0.1803922 1 0.8588235 0.1529412 0.1803922 1 0.8588235 0.1529412 0.1803922 1 0.8588235 0.1529412 0.1803922 1 0.8588235 0.1529412 0.1803922 1 0.8588235 0.1529412 0.1803922 1 1 1 1 1 1 1 1 1 1 1 1 1 1 1 1 1 1 1 1 1 1 1 1 1 1 1 1 1 1 1 1 1 1 1 1 1 0.8588235 0.1529412 0.1803922 1 0.8588235 0.1529412 0.1803922 1 0.8588235 0.1529412 0.1803922 1 0.8588235 0.1529412 0.1803922 1 0.8588235 0.1529412 0.1803922 1 0.8588235 0.1529412 0.1803922 1 0.8588235 0.1529412 0.1803922 1 0.8588235 0.1529412 0.1803922 1 0.8588235 0.1529412 0.1803922 1 0.8588235 0.1529412 0.1803922 1 0.8588235 0.1529412 0.1803922 1 0.8588235 0.1529412 0.1803922 1 1 1 1 1 1 1 1 1 1 1 1 1 1 1 1 1 1 1 1 1 1 1 1 1 1 1 1 1 1 1 1 1 1 1 1 1 1 1 1 1 1 1 1 1 1 1 1 1 1 1 1 1 1 1 1 1 1 1 1 1 1 1 1 1 1 1 1 1 1 1 1 1 1 1 1 1 1 1 1 1 1 1 1 1 1 1 1 1 1 1 1 1 1 1 1 1 1 1 1 1 1 1 1 1 1 1 1 1 1 1 1 1 1 1 1 1 1 1 1 1 1 1 1 1 1 1 1 1 1 1 1 1 1 1 1 1 1 1 1 1 1 1 1 1 1 1 1 1 1 1 1 1 1 1 1 1 1 1 1 1 1 1 1 1 1 1 1 1 1 1 1 1 1 1 1 1 1 1 1 1 1 1 1 1 1 1 1 1 1 1 1 1 1 1 1 1 1 1 1 1 1 1 1 1 0.9294118 0 0.007843136 1 0.9294118 0 0.007843136 1 0.9294118 0 0.007843136 1 0.9294118 0 0.007843136 1 0.9294118 0 0.007843136 1 0.9294118 0 0.007843136 1 0.9294118 0 0.007843136 1 0.9294118 0 0.007843136 1 0.9294118 0 0.007843136 1 0.9294118 0 0.007843136 1 0.9294118 0 0.007843136 1 0.9294118 0 0.007843136 1 0.9294118 0 0.007843136 1 0.9294118 0 0.007843136 1 0.9294118 0 0.007843136 1 0.9294118 0 0.007843136 1 0.9294118 0 0.007843136 1 0.9294118 0 0.007843136 1 0.9294118 0 0.007843136 1 0.9294118 0 0.007843136 1 0.9294118 0 0.007843136 1 0.9294118 0 0.007843136 1 0.9294118 0 0.007843136 1 0.9294118 0 0.007843136 1 0.9294118 0 0.007843136 1 0.9294118 0 0.007843136 1 0.9294118 0 0.007843136 1 0.9294118 0 0.007843136 1 0.9294118 0 0.007843136 1 0.9294118 0 0.007843136 1 0.9294118 0 0.007843136 1 0.9294118 0 0.007843136 1 0.9294118 0 0.007843136 1 0.9294118 0 0.007843136 1 0.9294118 0 0.007843136 1 0.9294118 0 0.007843136 1 0.9294118 0 0.007843136 1 0.9294118 0 0.007843136 1 0.9294118 0 0.007843136 1 0.9294118 0 0.007843136 1 0.9294118 0 0.007843136 1 0.9294118 0 0.007843136 1 0.9294118 0 0.007843136 1 0.9294118 0 0.007843136 1 0.9294118 0 0.007843136 1 0.9294118 0 0.007843136 1 0.9294118 0 0.007843136 1 0.9294118 0 0.007843136 1 0.9294118 0 0.007843136 1 0.9294118 0 0.007843136 1 0.9294118 0 0.007843136 1 0.9294118 0 0.007843136 1 0.9294118 0 0.007843136 1 0.9294118 0 0.007843136 1 1 1 1 1 1 1 1 1 1 1 1 1 1 1 1 1 1 1 1 1 1 1 1 1</float_array>
          <technique_common>
            <accessor source="#Plane_025-mesh-colors-Col-array" count="4695" stride="4">
              <param name="R" type="float"/>
              <param name="G" type="float"/>
              <param name="B" type="float"/>
              <param name="A" type="float"/>
            </accessor>
          </technique_common>
        </source>
        <vertices id="Plane_025-mesh-vertices">
          <input semantic="POSITION" source="#Plane_025-mesh-positions"/>
        </vertices>
        <triangles material="architraves-material" count="24">
          <input semantic="VERTEX" source="#Plane_025-mesh-vertices" offset="0"/>
          <input semantic="NORMAL" source="#Plane_025-mesh-normals" offset="1"/>
          <input semantic="TEXCOORD" source="#Plane_025-mesh-map-0" offset="2" set="0"/>
          <input semantic="TEXCOORD" source="#Plane_025-mesh-map-1" offset="2" set="1"/>
          <input semantic="COLOR" source="#Plane_025-mesh-colors-Col" offset="3" set="0"/>
          <p>412 210 687 687 410 210 688 688 938 210 689 689 460 239 783 783 466 239 784 784 459 239 785 785 468 248 810 810 470 248 811 811 469 248 812 812 929 671 2013 2013 940 671 2014 2014 928 671 2015 2015 931 5 2016 2016 932 5 2017 2017 930 5 2018 2018 942 60 2019 2019 935 60 2020 2020 934 60 2021 2021 942 672 2022 2022 928 672 2023 2023 940 672 2024 2024 935 673 2025 2025 941 673 2026 2026 929 673 2027 2027 409 674 2028 2028 939 674 2029 2029 411 674 2030 2030 408 675 2031 2031 413 675 2032 2032 409 675 2033 2033 936 676 2034 2034 415 676 2035 2035 937 676 2036 2036 939 20 2037 2037 410 20 2038 2038 411 20 2039 2039 412 909 3204 3204 408 909 3205 3205 410 909 3206 3206 460 926 3294 3294 461 926 3295 3295 466 926 3296 3296 468 934 3321 3321 471 934 3322 3322 470 934 3323 3323 929 20 4308 4308 941 20 4309 4309 940 20 4310 4310 931 984 4311 4311 933 984 4312 4312 932 984 4313 4313 942 985 4314 4314 943 985 4315 4315 935 985 4316 4316 942 986 4317 4317 934 986 4318 4318 928 986 4319 4319 935 987 4320 4320 943 987 4321 4321 941 987 4322 4322 409 988 4323 4323 413 988 4324 4324 939 988 4325 4325 408 989 4326 4326 412 989 4327 4327 413 989 4328 4328 936 990 4329 4329 414 990 4330 4330 415 990 4331 4331 939 991 4332 4332 938 991 4333 4333 410 991 4334 4334</p>
        </triangles>
        <triangles material="industrial_trim-material" count="278">
          <input semantic="VERTEX" source="#Plane_025-mesh-vertices" offset="0"/>
          <input semantic="NORMAL" source="#Plane_025-mesh-normals" offset="1"/>
          <input semantic="TEXCOORD" source="#Plane_025-mesh-map-0" offset="2" set="0"/>
          <input semantic="TEXCOORD" source="#Plane_025-mesh-map-1" offset="2" set="1"/>
          <input semantic="COLOR" source="#Plane_025-mesh-colors-Col" offset="3" set="0"/>
          <p>139 59 228 228 123 59 229 229 126 59 230 230 136 60 231 231 125 60 232 232 135 60 233 233 136 61 234 234 138 62 235 235 125 63 236 236 133 64 237 237 130 65 238 238 126 66 239 239 130 65 240 240 127 67 241 241 126 66 242 242 132 68 243 243 128 69 244 244 127 67 245 245 131 70 246 246 139 71 247 247 128 69 248 248 136 61 249 249 141 72 250 250 140 73 251 251 137 74 252 252 134 75 253 253 141 72 254 254 142 76 255 255 133 64 256 256 134 75 257 257 139 71 258 258 124 77 259 259 123 78 260 260 145 79 261 261 144 79 262 262 143 79 263 263 143 80 264 264 150 81 265 265 145 82 266 266 148 83 267 267 143 83 268 268 144 83 269 269 149 84 270 270 144 85 271 271 146 86 272 272 150 87 273 273 146 87 274 274 145 87 275 275 174 96 321 321 175 96 322 322 173 96 323 323 176 97 324 324 179 97 325 325 175 97 326 326 173 98 327 327 178 98 328 328 174 98 329 329 200 99 330 330 199 99 331 331 198 99 332 332 187 60 333 333 197 60 334 334 185 60 335 335 193 100 336 336 190 101 337 337 194 102 338 338 186 103 339 339 188 104 340 340 183 105 341 341 196 106 342 342 186 103 343 343 183 105 344 344 184 107 345 345 187 108 346 346 196 106 347 347 195 109 348 348 197 110 349 349 184 107 350 350 199 111 351 351 190 101 352 352 198 112 353 353 200 113 354 354 192 114 355 355 199 111 356 356 188 104 357 357 191 115 358 358 200 113 359 359 182 116 360 360 195 109 361 361 181 117 362 362 202 118 363 363 203 118 364 364 201 118 365 365 201 119 366 366 208 120 367 367 205 20 368 368 201 5 369 369 206 5 370 370 202 5 371 371 202 121 372 372 207 122 373 373 204 123 374 374 204 124 375 375 208 124 376 376 203 124 377 377 213 20 378 378 215 20 379 379 214 20 380 380 226 125 381 381 225 125 382 382 224 125 383 383 209 126 384 384 216 127 385 385 220 102 386 386 211 128 387 387 213 129 388 388 221 130 389 389 223 131 390 390 211 128 391 391 221 130 392 392 210 132 393 393 226 133 394 394 223 131 395 395 222 134 396 396 225 135 397 397 210 132 398 398 214 136 399 399 216 127 400 400 212 137 401 401 215 138 402 402 217 139 403 403 214 136 404 404 213 129 405 405 228 140 406 406 215 138 407 407 219 141 408 408 222 134 409 409 218 142 410 410 230 143 411 411 231 143 412 412 229 143 413 413 231 144 414 414 233 145 415 415 229 146 416 416 229 147 417 417 234 147 418 418 230 147 419 419 232 148 420 420 234 149 421 421 235 60 422 422 232 150 423 423 236 150 424 424 231 150 425 425 238 151 426 426 239 151 427 427 237 151 428 428 240 152 429 429 243 152 430 430 239 152 431 431 237 153 432 432 242 153 433 433 238 153 434 434 252 157 444 444 253 157 445 445 251 157 446 446 253 97 447 447 258 97 448 448 257 97 449 449 251 158 450 450 256 158 451 451 252 158 452 452 260 159 453 453 264 159 454 454 259 159 455 455 259 160 456 456 263 160 457 457 260 160 458 458 266 161 459 459 264 161 460 460 261 161 461 461 278 164 471 471 277 164 472 472 276 164 473 473 281 165 474 474 276 165 475 475 277 165 476 476 279 166 477 477 281 166 478 478 277 166 479 479 282 167 480 480 279 167 481 481 278 167 482 482 280 168 483 483 278 168 484 484 276 168 485 485 286 164 486 486 285 164 487 487 284 164 488 488 289 169 489 489 284 169 490 490 285 169 491 491 287 170 492 492 289 170 493 493 285 170 494 494 290 171 495 495 287 171 496 496 286 171 497 497 288 60 498 498 286 60 499 499 284 60 500 500 415 206 675 675 411 206 676 676 937 206 677 677 936 207 678 678 408 207 679 679 414 207 680 680 414 208 681 681 409 208 682 682 415 208 683 683 937 209 684 684 410 209 685 685 936 209 686 686 418 212 693 693 417 212 694 694 416 212 695 695 421 213 696 696 416 213 697 697 417 213 698 698 423 20 699 699 417 20 700 700 419 20 701 701 422 214 702 702 419 214 703 703 418 214 704 704 416 215 705 705 422 215 706 706 418 215 707 707 466 240 786 786 456 240 787 787 459 240 788 788 459 241 789 789 457 241 790 790 460 241 791 791 460 242 792 792 465 242 793 793 461 242 794 794 457 243 795 795 464 243 796 796 465 243 797 797 458 244 798 798 467 244 799 799 456 244 800 800 458 245 801 801 464 245 802 802 463 245 803 803 457 246 804 804 467 246 805 805 462 246 806 806 466 247 807 807 465 247 808 808 458 247 809 809 467 249 813 813 468 249 814 814 469 249 815 815 462 250 816 816 469 250 817 817 470 250 818 818 464 251 819 819 470 251 820 820 471 251 821 821 468 252 822 822 464 252 823 823 471 252 824 824 474 253 825 825 473 253 826 826 472 253 827 827 482 255 831 831 477 255 832 832 481 255 833 833 479 256 834 834 482 256 835 835 483 256 836 836 477 257 837 837 480 257 838 838 481 257 839 839 476 258 840 840 483 258 841 841 480 258 842 842 472 259 843 843 480 259 844 844 474 259 845 845 473 260 846 846 481 260 847 847 472 260 848 848 473 261 849 849 483 261 850 850 482 261 851 851 475 262 852 852 480 262 853 853 483 262 854 854 493 60 861 861 488 60 862 862 486 60 863 863 489 265 864 864 492 265 865 865 487 265 866 866 492 266 867 867 486 266 868 868 487 266 869 869 491 267 870 870 489 267 871 871 488 267 872 872 501 60 873 873 496 60 874 874 494 60 875 875 497 20 876 876 500 20 877 877 495 20 878 878 500 266 879 879 494 266 880 880 495 266 881 881 499 267 882 882 497 267 883 883 496 267 884 884 502 60 885 885 507 60 886 886 504 60 887 887 506 268 888 888 503 268 889 889 505 268 890 890 508 269 891 891 502 269 892 892 503 269 893 893 507 270 894 894 505 270 895 895 504 270 896 896 510 60 897 897 515 60 898 898 512 60 899 899 514 271 900 900 511 271 901 901 513 271 902 902 516 272 903 903 510 272 904 904 511 272 905 905 515 273 906 906 513 273 907 907 512 273 908 908 931 677 2040 2040 940 677 2041 2041 941 677 2042 2042 933 678 2043 2043 942 678 2044 2044 932 678 2045 2045 931 679 2046 2046 943 679 2047 2047 933 679 2048 2048 932 680 2049 2049 940 680 2050 2050 930 680 2051 2051 260 681 2052 2052 947 681 2053 2053 259 681 2054 2054 123 806 2637 2637 138 806 2638 2638 126 806 2639 2639 138 20 2640 2640 140 20 2641 2641 133 20 2642 2642 133 20 2643 2643 140 20 2644 2644 134 20 2645 2645 140 20 2646 2646 141 20 2647 2647 134 20 2648 2648 133 20 2649 2649 126 20 2650 2650 138 20 2651 2651 126 807 2652 2652 127 807 2653 2653 128 807 2654 2654 128 20 2655 2655 139 20 2656 2656 126 20 2657 2657 125 808 2658 2658 124 808 2659 2659 135 808 2660 2660 124 809 2661 2661 129 809 2662 2662 130 809 2663 2663 130 810 2664 2664 129 810 2665 2665 131 810 2666 2666 131 60 2667 2667 132 60 2668 2668 130 60 2669 2669 130 60 2670 2670 135 60 2671 2671 124 60 2672 2672 135 811 2673 2673 142 811 2674 2674 136 811 2675 2675 142 812 2676 2676 137 812 2677 2677 136 812 2678 2678 136 61 2679 2679 140 73 2680 2680 138 62 2681 2681 133 64 2682 2682 135 813 2683 2683 130 65 2684 2684 130 65 2685 2685 132 68 2686 2686 127 67 2687 2687 132 68 2688 2688 131 70 2689 2689 128 69 2690 2690 131 70 2691 2691 129 814 2692 2692 139 71 2693 2693 136 61 2694 2694 137 74 2695 2695 141 72 2696 2696 137 74 2697 2697 142 76 2698 2698 134 75 2699 2699 142 76 2700 2700 135 813 2701 2701 133 64 2702 2702 139 71 2703 2703 129 814 2704 2704 124 77 2705 2705 145 815 2706 2706 146 815 2707 2707 144 815 2708 2708 143 80 2709 2709 147 816 2710 2710 150 81 2711 2711 148 83 2712 2712 147 83 2713 2713 143 83 2714 2714 149 84 2715 2715 148 817 2716 2716 144 85 2717 2717 150 818 2718 2718 149 818 2719 2719 146 818 2720 2720 174 826 2766 2766 176 826 2767 2767 175 826 2768 2768 176 827 2769 2769 180 827 2770 2770 179 827 2771 2771 173 828 2772 2772 177 828 2773 2773 178 828 2774 2774 198 829 2775 2775 193 829 2776 2776 188 829 2777 2777 193 20 2778 2778 181 20 2779 2779 188 20 2780 2780 198 830 2781 2781 188 830 2782 2782 200 830 2783 2783 181 20 2784 2784 195 20 2785 2785 183 20 2786 2786 195 20 2787 2787 184 20 2788 2788 183 20 2789 2789 184 831 2790 2790 196 831 2791 2791 183 831 2792 2792 183 832 2793 2793 188 832 2794 2794 181 832 2795 2795 185 833 2796 2796 182 833 2797 2797 186 833 2798 2798 182 834 2799 2799 194 834 2800 2800 189 834 2801 2801 185 835 2802 2802 186 835 2803 2803 187 835 2804 2804 194 836 2805 2805 190 836 2806 2806 189 836 2807 2807 190 837 2808 2808 192 837 2809 2809 191 837 2810 2810 189 838 2811 2811 190 838 2812 2812 191 838 2813 2813 189 839 2814 2814 186 839 2815 2815 182 839 2816 2816 193 100 2817 2817 198 112 2818 2818 190 101 2819 2819 186 103 2820 2820 189 840 2821 2821 188 104 2822 2822 196 106 2823 2823 187 108 2824 2824 186 103 2825 2825 184 107 2826 2826 197 110 2827 2827 187 108 2828 2828 195 109 2829 2829 185 841 2830 2830 197 110 2831 2831 199 111 2832 2832 192 114 2833 2833 190 101 2834 2834 200 113 2835 2835 191 115 2836 2836 192 114 2837 2837 188 104 2838 2838 189 840 2839 2839 191 115 2840 2840 182 116 2841 2841 185 841 2842 2842 195 109 2843 2843 202 842 2844 2844 204 842 2845 2845 203 842 2846 2846 201 119 2847 2847 203 843 2848 2848 208 120 2849 2849 201 844 2850 2850 205 844 2851 2851 206 844 2852 2852 202 121 2853 2853 206 845 2854 2854 207 122 2855 2855 204 846 2856 2856 207 846 2857 2857 208 846 2858 2858 212 847 2859 2859 209 847 2860 2860 213 847 2861 2861 209 20 2862 2862 218 20 2863 2863 213 20 2864 2864 212 20 2865 2865 213 20 2866 2866 214 20 2867 2867 218 20 2868 2868 222 20 2869 2869 221 20 2870 2870 222 20 2871 2871 210 20 2872 2872 223 20 2873 2873 221 848 2874 2874 222 848 2875 2875 223 848 2876 2876 221 849 2877 2877 213 849 2878 2878 218 849 2879 2879 224 850 2880 2880 219 850 2881 2881 211 850 2882 2882 219 851 2883 2883 220 851 2884 2884 227 851 2885 2885 224 60 2886 2886 211 60 2887 2887 226 60 2888 2888 220 852 2889 2889 216 852 2890 2890 227 852 2891 2891 216 60 2892 2892 217 60 2893 2893 227 60 2894 2894 217 60 2895 2895 228 60 2896 2896 227 60 2897 2897 227 853 2898 2898 211 853 2899 2899 219 853 2900 2900 209 126 2901 2901 212 137 2902 2902 216 127 2903 2903 211 128 2904 2904 227 854 2905 2905 213 129 2906 2906 223 131 2907 2907 226 133 2908 2908 211 128 2909 2909 210 132 2910 2910 225 135 2911 2911 226 133 2912 2912 222 134 2913 2913 224 855 2914 2914 225 135 2915 2915 214 136 2916 2916 217 139 2917 2917 216 127 2918 2918 215 138 2919 2919 228 140 2920 2920 217 139 2921 2921 213 129 2922 2922 227 854 2923 2923 228 140 2924 2924 219 141 2925 2925 224 855 2926 2926 222 134 2927 2927 230 143 2928 2928 232 143 2929 2929 231 143 2930 2930 231 144 2931 2931 236 20 2932 2932 233 145 2933 2933 229 856 2934 2934 233 856 2935 2935 234 856 2936 2936 232 148 2937 2937 230 857 2938 2938 234 149 2939 2939 232 858 2940 2940 235 858 2941 2941 236 858 2942 2942 238 859 2943 2943 240 859 2944 2944 239 859 2945 2945 240 860 2946 2946 244 860 2947 2947 243 860 2948 2948 237 861 2949 2949 241 861 2950 2950 242 861 2951 2951 252 159 2961 2961 254 159 2962 2962 253 159 2963 2963 253 865 2964 2964 254 865 2965 2965 258 865 2966 2966 251 866 2967 2967 255 866 2968 2968 256 866 2969 2969 260 159 2970 2970 261 159 2971 2971 264 159 2972 2972 259 867 2973 2973 262 867 2974 2974 263 867 2975 2975 266 868 2976 2976 265 868 2977 2977 264 868 2978 2978 278 212 2988 2988 279 212 2989 2989 277 212 2990 2990 281 871 2991 2991 280 871 2992 2992 276 871 2993 2993 279 20 2994 2994 283 20 2995 2995 281 20 2996 2996 282 872 2997 2997 283 872 2998 2998 279 872 2999 2999 280 873 3000 3000 282 873 3001 3001 278 873 3002 3002 286 164 3003 3003 287 164 3004 3004 285 164 3005 3005 289 874 3006 3006 288 874 3007 3007 284 874 3008 3008 287 20 3009 3009 291 20 3010 3010 289 20 3011 3011 290 875 3012 3012 291 875 3013 3013 287 875 3014 3014 288 876 3015 3015 290 876 3016 3016 286 876 3017 3017 415 906 3192 3192 409 906 3193 3193 411 906 3194 3194 936 907 3195 3195 410 907 3196 3196 408 907 3197 3197 414 908 3198 3198 408 908 3199 3199 409 908 3200 3200 937 908 3201 3201 411 908 3202 3202 410 908 3203 3203 418 164 3210 3210 419 164 3211 3211 417 164 3212 3212 421 911 3213 3213 420 911 3214 3214 416 911 3215 3215 423 912 3216 3216 421 912 3217 3217 417 912 3218 3218 422 913 3219 3219 423 913 3220 3220 419 913 3221 3221 416 60 3222 3222 420 60 3223 3223 422 60 3224 3224 466 927 3297 3297 458 927 3298 3298 456 927 3299 3299 459 928 3300 3300 456 928 3301 3301 457 928 3302 3302 460 929 3303 3303 457 929 3304 3304 465 929 3305 3305 457 930 3306 3306 462 930 3307 3307 464 930 3308 3308 458 931 3309 3309 463 931 3310 3310 467 931 3311 3311 458 932 3312 3312 465 932 3313 3313 464 932 3314 3314 457 20 3315 3315 456 20 3316 3316 467 20 3317 3317 466 933 3318 3318 461 933 3319 3319 465 933 3320 3320 467 935 3324 3324 463 935 3325 3325 468 935 3326 3326 462 936 3327 3327 467 936 3328 3328 469 936 3329 3329 464 937 3330 3330 462 937 3331 3331 470 937 3332 3332 468 938 3333 3333 463 938 3334 3334 464 938 3335 3335 474 939 3336 3336 475 939 3337 3337 473 939 3338 3338 482 941 3342 3342 478 941 3343 3343 477 941 3344 3344 479 942 3345 3345 478 942 3346 3346 482 942 3347 3347 477 943 3348 3348 476 943 3349 3349 480 943 3350 3350 476 944 3351 3351 479 944 3352 3352 483 944 3353 3353 472 945 3354 3354 481 945 3355 3355 480 945 3356 3356 473 946 3357 3357 482 946 3358 3358 481 946 3359 3359 473 947 3360 3360 475 947 3361 3361 483 947 3362 3362 475 948 3363 3363 474 948 3364 3364 480 948 3365 3365 493 60 3372 3372 491 60 3373 3373 488 60 3374 3374 489 20 3375 3375 490 20 3376 3376 492 20 3377 3377 492 949 3378 3378 493 949 3379 3379 486 949 3380 3380 491 950 3381 3381 490 950 3382 3382 489 950 3383 3383 501 951 3384 3384 499 951 3385 3385 496 951 3386 3386 497 20 3387 3387 498 20 3388 3388 500 20 3389 3389 500 949 3390 3390 501 949 3391 3391 494 949 3392 3392 499 952 3393 3393 498 952 3394 3394 497 952 3395 3395 502 953 3396 3396 509 953 3397 3397 507 953 3398 3398 506 20 3399 3399 508 20 3400 3400 503 20 3401 3401 508 954 3402 3402 509 954 3403 3403 502 954 3404 3404 507 32 3405 3405 506 32 3406 3406 505 32 3407 3407 510 955 3408 3408 517 955 3409 3409 515 955 3410 3410 514 956 3411 3411 516 956 3412 3412 511 956 3413 3413 516 957 3414 3414 517 957 3415 3415 510 957 3416 3416 515 958 3417 3417 514 958 3418 3418 513 958 3419 3419 931 992 4335 4335 930 992 4336 4336 940 992 4337 4337 933 993 4338 4338 943 993 4339 4339 942 993 4340 4340 931 994 4341 4341 941 994 4342 4342 943 994 4343 4343 932 995 4344 4344 942 995 4345 4345 940 995 4346 4346 260 681 4347 4347 948 681 4348 4348 947 681 4349 4349</p>
        </triangles>
        <triangles material="windows_doors_reflective-material" count="36">
          <input semantic="VERTEX" source="#Plane_025-mesh-vertices" offset="0"/>
          <input semantic="NORMAL" source="#Plane_025-mesh-normals" offset="1"/>
          <input semantic="TEXCOORD" source="#Plane_025-mesh-map-0" offset="2" set="0"/>
          <input semantic="TEXCOORD" source="#Plane_025-mesh-map-1" offset="2" set="1"/>
          <input semantic="COLOR" source="#Plane_025-mesh-colors-Col" offset="3" set="0"/>
          <p>106 52 198 198 121 52 199 199 115 52 200 200 119 53 201 201 116 53 202 202 122 53 203 203 122 56 216 216 103 56 217 217 118 56 218 218 118 57 219 219 121 57 220 220 122 57 221 221 122 58 222 222 120 58 223 223 119 58 224 224 115 52 225 225 117 52 226 226 104 52 227 227 295 172 501 501 292 172 502 502 293 172 503 503 294 173 504 504 296 173 505 505 292 173 506 506 297 174 507 507 298 174 508 508 296 174 509 509 302 175 513 513 303 175 514 514 301 175 515 515 334 179 537 537 321 179 538 538 322 179 539 539 336 180 540 540 337 180 541 541 321 180 542 542 338 181 546 546 443 181 547 547 325 181 548 548 335 184 558 558 322 184 559 559 333 184 560 560 302 230 756 756 439 230 757 757 304 230 758 758 302 238 780 780 455 238 781 781 438 238 782 782 1270 769 2397 2397 1273 769 2398 2398 1271 769 2399 2399 1274 770 2400 2400 1277 770 2401 2401 1275 770 2402 2402 106 797 2601 2601 120 797 2602 2602 121 797 2603 2603 119 53 2604 2604 105 53 2605 2605 116 53 2606 2606 122 802 2625 2625 116 802 2626 2626 103 802 2627 2627 118 803 2628 2628 117 803 2629 2629 121 803 2630 2630 122 804 2631 2631 121 804 2632 2632 120 804 2633 2633 115 805 2634 2634 121 805 2635 2635 117 805 2636 2636 295 877 3018 3018 294 877 3019 3019 292 877 3020 3020 294 878 3021 3021 297 878 3022 3022 296 878 3023 3023 297 879 3024 3024 302 879 3025 3025 298 879 3026 3026 302 880 3030 3030 304 880 3031 3031 303 880 3032 3032 334 886 3054 3054 336 886 3055 3055 321 886 3056 3056 336 887 3057 3057 338 887 3058 3058 337 887 3059 3059 338 888 3063 3063 326 888 3064 3064 443 888 3065 3065 335 889 3075 3075 334 889 3076 3076 322 889 3077 3077 302 921 3267 3267 438 921 3268 3268 439 921 3269 3269 302 925 3291 3291 454 925 3292 3292 455 925 3293 3293 1270 1071 4689 4689 1272 1071 4690 4690 1273 1071 4691 4691 1274 1072 4692 4692 1276 1072 4693 4693 1277 1072 4694 4694</p>
        </triangles>
        <triangles material="corrugation-material" count="6">
          <input semantic="VERTEX" source="#Plane_025-mesh-vertices" offset="0"/>
          <input semantic="NORMAL" source="#Plane_025-mesh-normals" offset="1"/>
          <input semantic="TEXCOORD" source="#Plane_025-mesh-map-0" offset="2" set="0"/>
          <input semantic="TEXCOORD" source="#Plane_025-mesh-map-1" offset="2" set="1"/>
          <input semantic="COLOR" source="#Plane_025-mesh-colors-Col" offset="3" set="0"/>
          <p>272 163 468 468 275 163 469 469 273 163 470 470 317 178 534 534 320 178 535 535 318 178 536 536 478 254 828 828 476 254 829 829 477 254 830 830 272 870 2985 2985 274 870 2986 2986 275 870 2987 2987 317 885 3051 3051 319 885 3052 3052 320 885 3053 3053 478 940 3339 3339 479 940 3340 3340 476 940 3341 3341</p>
        </triangles>
        <triangles material="slabs_large-material" count="44">
          <input semantic="VERTEX" source="#Plane_025-mesh-vertices" offset="0"/>
          <input semantic="NORMAL" source="#Plane_025-mesh-normals" offset="1"/>
          <input semantic="TEXCOORD" source="#Plane_025-mesh-map-0" offset="2" set="0"/>
          <input semantic="TEXCOORD" source="#Plane_025-mesh-map-1" offset="2" set="1"/>
          <input semantic="COLOR" source="#Plane_025-mesh-colors-Col" offset="3" set="0"/>
          <p>110 54 204 204 107 54 205 205 108 54 206 206 112 20 207 207 109 20 208 208 110 20 209 209 114 55 210 210 111 55 211 211 112 55 212 212 119 20 213 213 120 20 214 214 107 20 215 215 301 20 510 510 299 20 511 511 300 20 512 512 299 2 516 516 306 2 517 517 300 2 518 518 306 20 519 519 307 20 520 520 308 20 521 521 307 176 522 522 310 176 523 523 308 176 524 524 443 20 543 543 324 20 544 544 325 20 545 545 323 182 549 549 328 182 550 550 324 182 551 551 327 20 552 552 330 20 553 553 328 20 554 554 329 183 555 555 332 183 556 556 330 183 557 557 332 20 561 561 339 20 562 562 340 20 563 563 339 182 564 564 342 182 565 565 340 182 566 566 341 185 567 567 344 185 568 568 342 185 569 569 343 2 570 570 346 2 571 571 344 2 572 572 346 20 573 573 347 20 574 574 348 20 575 575 347 176 576 576 350 176 577 577 348 176 578 578 111 216 708 708 113 216 709 709 109 216 710 710 107 217 711 711 109 217 712 712 105 217 713 713 424 218 714 714 109 218 715 715 113 218 716 716 269 221 723 723 429 221 724 724 430 221 725 725 110 798 2607 2607 109 798 2608 2608 107 798 2609 2609 112 799 2610 2610 111 799 2611 2611 109 799 2612 2612 114 800 2613 2613 113 800 2614 2614 111 800 2615 2615 120 801 2616 2616 106 801 2617 2617 108 801 2618 2618 108 20 2619 2619 107 20 2620 2620 120 20 2621 2621 107 20 2622 2622 105 20 2623 2623 119 20 2624 2624 301 20 3027 3027 303 20 3028 3028 299 20 3029 3029 299 176 3033 3033 305 176 3034 3034 306 176 3035 3035 306 881 3036 3036 305 881 3037 3037 307 881 3038 3038 307 182 3039 3039 309 182 3040 3040 310 182 3041 3041 443 20 3060 3060 323 20 3061 3061 324 20 3062 3062 323 183 3066 3066 327 183 3067 3067 328 183 3068 3068 327 20 3069 3069 329 20 3070 3070 330 20 3071 3071 329 182 3072 3072 331 182 3073 3073 332 182 3074 3074 332 890 3078 3078 331 890 3079 3079 339 890 3080 3080 339 176 3081 3081 341 176 3082 3082 342 176 3083 3083 341 20 3084 3084 343 20 3085 3085 344 20 3086 3086 343 182 3087 3087 345 182 3088 3088 346 182 3089 3089 346 890 3090 3090 345 890 3091 3091 347 890 3092 3092 347 182 3093 3093 349 182 3094 3094 350 182 3095 3095 424 914 3225 3225 105 914 3226 3226 109 914 3227 3227 269 917 3234 3234 268 917 3235 3235 429 917 3236 3236</p>
        </triangles>
        <triangles material="brick_painted-material" count="16">
          <input semantic="VERTEX" source="#Plane_025-mesh-vertices" offset="0"/>
          <input semantic="NORMAL" source="#Plane_025-mesh-normals" offset="1"/>
          <input semantic="TEXCOORD" source="#Plane_025-mesh-map-0" offset="2" set="0"/>
          <input semantic="TEXCOORD" source="#Plane_025-mesh-map-1" offset="2" set="1"/>
          <input semantic="COLOR" source="#Plane_025-mesh-colors-Col" offset="3" set="0"/>
          <p>50 26 81 81 51 26 82 82 53 26 83 83 981 27 84 84 982 27 85 85 50 27 86 86 51 32 102 102 56 32 103 103 53 32 104 104 73 42 144 144 77 42 145 145 75 42 146 146 78 45 156 156 81 45 157 157 77 45 158 158 82 42 159 159 518 42 160 160 81 42 161 161 75 219 717 717 519 219 718 718 426 219 719 719 982 220 720 720 519 220 721 721 54 220 722 722 48 700 2130 2130 982 700 2131 2131 981 700 2132 2132 50 782 2484 2484 982 782 2485 2485 51 782 2486 2486 51 32 2505 2505 54 32 2506 2506 56 32 2507 2507 73 42 2547 2547 78 42 2548 2548 77 42 2549 2549 78 45 2559 2559 82 45 2560 2560 81 45 2561 2561 82 42 2562 2562 267 42 2563 2563 518 42 2564 2564 75 915 3228 3228 518 915 3229 3229 519 915 3230 3230 982 916 3231 3231 428 916 3232 3232 519 916 3233 3233</p>
        </triangles>
        <triangles material="m_plaster_worn_01-material" count="904">
          <input semantic="VERTEX" source="#Plane_025-mesh-vertices" offset="0"/>
          <input semantic="NORMAL" source="#Plane_025-mesh-normals" offset="1"/>
          <input semantic="TEXCOORD" source="#Plane_025-mesh-map-0" offset="2" set="0"/>
          <input semantic="TEXCOORD" source="#Plane_025-mesh-map-1" offset="2" set="1"/>
          <input semantic="COLOR" source="#Plane_025-mesh-colors-Col" offset="3" set="0"/>
          <p>8 2 6 6 10 2 7 7 7 2 8 8 4 3 9 9 6 3 10 10 3 3 11 11 5 4 12 12 7 4 13 13 4 4 14 14 7 5 15 15 9 5 16 16 6 5 17 17 23 7 21 21 24 7 22 22 22 7 23 23 25 8 24 24 26 8 25 25 24 8 26 26 16 10 30 30 26 10 31 31 18 10 32 32 18 11 33 33 27 11 34 34 19 11 35 35 17 12 36 36 23 12 37 37 15 12 38 38 19 14 42 42 25 14 43 43 17 14 44 44 14 15 45 45 24 15 46 46 16 15 47 47 40 16 51 51 39 16 52 52 38 16 53 53 42 17 54 54 41 17 55 55 40 17 56 56 42 19 60 60 32 19 61 61 34 19 62 62 35 20 63 63 42 20 64 64 34 20 65 65 39 21 66 66 33 21 67 67 31 21 68 68 41 23 72 72 35 23 73 73 33 23 74 74 40 24 75 75 30 24 76 76 32 24 77 77 44 25 78 78 11 25 79 79 8 25 80 80 53 2 93 93 172 2 94 94 171 2 95 95 49 30 96 96 171 30 97 97 52 30 98 98 50 31 99 99 171 31 100 100 313 31 101 101 171 5 105 105 55 5 106 106 52 5 107 107 69 34 111 111 68 34 112 112 67 34 113 113 71 35 114 114 70 35 115 115 69 35 116 116 71 37 120 120 61 37 121 121 63 37 122 122 64 20 123 123 71 20 124 124 63 20 125 125 68 38 126 126 62 38 127 127 60 38 128 128 70 39 132 132 64 39 133 133 62 39 134 134 69 40 135 135 59 40 136 136 61 40 137 137 84 2 147 147 85 2 148 148 83 2 149 149 79 43 150 150 82 43 151 151 78 43 152 152 80 44 153 153 83 44 154 154 79 44 155 155 83 41 162 162 267 41 163 163 82 41 164 164 98 47 168 168 99 47 169 169 97 47 170 170 100 46 171 171 101 46 172 172 99 46 173 173 91 48 177 177 101 48 178 178 93 48 179 179 94 49 180 180 101 49 181 181 102 49 182 182 92 50 183 183 98 50 184 184 90 50 185 185 94 14 189 189 100 14 190 190 92 14 191 191 89 51 192 192 99 51 193 193 91 51 194 194 85 5 195 195 6 5 196 196 9 5 197 197 153 2 282 282 45 2 283 283 44 2 284 284 247 90 285 285 153 90 286 286 44 90 287 287 167 92 291 291 166 92 292 292 165 92 293 293 169 35 294 294 168 35 295 295 167 35 296 296 169 19 300 300 159 19 301 301 161 19 302 302 162 20 303 303 169 20 304 304 161 20 305 305 166 94 306 306 160 94 307 307 158 94 308 308 168 39 312 312 162 39 313 313 160 39 314 314 167 95 315 315 157 95 316 316 159 95 317 317 268 162 462 462 267 162 463 463 10 162 464 464 10 2 465 465 271 2 466 466 268 2 467 467 352 186 579 579 353 186 580 580 351 186 581 581 356 187 582 582 357 187 583 583 355 187 584 584 360 188 585 585 361 188 586 586 359 188 587 587 364 189 588 588 365 189 589 589 363 189 590 590 366 190 591 591 377 190 592 592 365 190 593 593 433 191 594 594 358 191 595 595 356 191 596 596 376 192 597 597 366 192 598 598 364 192 599 599 370 193 600 600 355 193 601 601 357 193 602 602 377 194 603 603 363 194 604 604 365 194 605 605 369 195 606 606 353 195 607 607 354 195 608 608 374 20 609 609 361 20 610 610 362 20 611 611 367 191 612 612 354 191 613 613 352 191 614 614 434 196 615 615 362 196 616 616 360 196 617 617 368 197 618 618 351 197 619 619 353 197 620 620 373 198 621 621 359 198 622 622 361 198 623 623 371 20 624 624 357 20 625 625 358 20 626 626 379 199 627 627 380 199 628 628 407 199 629 629 383 200 630 630 384 200 631 631 382 200 632 632 387 189 633 633 388 189 634 634 386 189 635 635 391 188 636 636 392 188 637 637 390 188 638 638 406 20 639 639 392 20 640 640 393 20 641 641 436 201 642 642 385 201 643 643 383 201 644 644 437 196 645 645 393 196 646 646 391 196 647 647 398 202 648 648 382 202 649 649 384 202 650 650 405 194 651 651 390 194 652 652 392 194 653 653 396 20 654 654 380 20 655 655 381 20 656 656 403 203 657 657 388 203 658 658 389 203 659 659 435 191 660 660 381 191 661 661 379 191 662 662 401 204 663 663 389 204 664 664 387 204 665 665 395 193 666 666 407 193 667 667 380 193 668 668 402 198 669 669 386 198 670 670 388 198 671 671 385 205 672 672 398 205 673 673 384 205 674 674 271 211 690 690 56 211 691 691 429 211 692 692 54 222 726 726 429 222 727 727 56 222 728 728 267 223 729 729 425 223 730 730 518 223 731 731 369 224 732 732 431 224 733 733 368 224 734 734 378 225 735 735 375 225 736 736 377 225 737 737 374 226 738 738 372 226 739 739 373 226 740 740 371 227 741 741 432 227 742 742 370 227 743 743 406 226 744 744 404 226 745 745 405 226 746 746 403 228 747 747 400 228 748 748 402 228 749 749 399 224 750 750 397 224 751 751 398 224 752 752 396 229 753 753 394 229 754 754 395 229 755 755 440 231 759 759 153 231 760 760 441 231 761 761 326 232 762 762 444 232 763 763 443 232 764 764 326 233 765 765 449 233 766 766 445 233 767 767 336 234 768 768 447 234 769 769 338 234 770 770 338 235 771 771 448 235 772 772 326 235 773 773 446 236 774 774 451 236 775 775 447 236 776 776 336 237 777 777 453 237 778 778 446 237 779 779 35 263 855 855 951 263 856 856 33 263 857 857 34 264 858 858 485 264 859 859 35 264 860 860 518 274 909 909 430 274 910 910 519 274 911 911 54 275 912 912 430 275 913 913 427 275 914 914 524 276 915 915 521 277 916 916 538 278 917 917 526 279 918 918 530 280 919 919 534 281 920 920 529 282 921 921 538 278 922 922 521 277 923 923 532 283 924 924 526 279 925 925 534 281 926 926 534 281 927 927 531 284 928 928 535 285 929 929 540 286 930 930 539 287 931 931 538 278 932 932 534 281 933 933 533 288 934 934 532 283 935 935 540 286 936 936 537 289 937 937 541 290 938 938 522 291 939 939 530 280 940 940 523 292 941 941 527 293 942 942 532 283 943 943 533 288 944 944 538 278 945 945 525 294 946 946 524 276 947 947 536 295 948 948 528 296 949 949 537 289 950 950 525 294 951 951 531 284 952 952 522 291 953 953 520 297 954 954 523 292 955 955 530 280 956 956 529 282 957 957 536 295 958 958 540 286 959 959 527 293 960 960 537 289 961 961 528 296 962 962 526 298 963 963 528 298 964 964 529 298 965 965 531 284 966 966 541 290 967 967 535 285 968 968 535 285 969 969 537 289 970 970 533 288 971 971 520 299 972 972 529 299 973 973 521 299 974 974 546 300 975 975 543 301 976 976 560 302 977 977 548 303 978 978 552 304 979 979 556 305 980 980 551 306 981 981 560 302 982 982 543 301 983 983 554 307 984 984 548 303 985 985 556 305 986 986 556 305 987 987 553 308 988 988 557 309 989 989 562 310 990 990 561 311 991 991 560 302 992 992 556 305 993 993 555 312 994 994 554 307 995 995 562 310 996 996 559 313 997 997 563 314 998 998 544 315 999 999 552 304 1000 1000 545 316 1001 1001 549 317 1002 1002 554 307 1003 1003 555 312 1004 1004 560 302 1005 1005 547 318 1006 1006 546 300 1007 1007 558 319 1008 1008 550 320 1009 1009 559 313 1010 1010 547 318 1011 1011 553 308 1012 1012 544 315 1013 1013 542 321 1014 1014 545 316 1015 1015 552 304 1016 1016 551 306 1017 1017 558 319 1018 1018 562 310 1019 1019 550 320 1020 1020 555 312 1021 1021 559 313 1022 1022 548 322 1023 1023 550 322 1024 1024 551 322 1025 1025 561 311 1026 1026 557 309 1027 1027 553 308 1028 1028 563 314 1029 1029 555 312 1030 1030 557 309 1031 1031 542 299 1032 1032 551 299 1033 1033 543 299 1034 1034 568 323 1035 1035 565 324 1036 1036 582 325 1037 1037 570 326 1038 1038 574 327 1039 1039 578 328 1040 1040 573 329 1041 1041 582 325 1042 1042 565 324 1043 1043 576 330 1044 1044 570 326 1045 1045 578 328 1046 1046 578 328 1047 1047 575 331 1048 1048 579 332 1049 1049 584 333 1050 1050 583 334 1051 1051 582 325 1052 1052 578 328 1053 1053 577 335 1054 1054 576 330 1055 1055 584 333 1056 1056 581 336 1057 1057 585 337 1058 1058 566 338 1059 1059 574 327 1060 1060 567 339 1061 1061 571 340 1062 1062 576 330 1063 1063 577 335 1064 1064 582 325 1065 1065 569 341 1066 1066 568 323 1067 1067 580 342 1068 1068 572 343 1069 1069 581 336 1070 1070 569 341 1071 1071 575 331 1072 1072 566 338 1073 1073 564 344 1074 1074 567 339 1075 1075 574 327 1076 1076 573 329 1077 1077 580 342 1078 1078 584 333 1079 1079 571 340 1080 1080 581 336 1081 1081 572 343 1082 1082 570 345 1083 1083 572 345 1084 1084 573 345 1085 1085 575 331 1086 1086 585 337 1087 1087 579 332 1088 1088 579 332 1089 1089 581 336 1090 1090 577 335 1091 1091 564 346 1092 1092 573 346 1093 1093 565 346 1094 1094 590 347 1095 1095 587 348 1096 1096 604 349 1097 1097 592 350 1098 1098 596 351 1099 1099 600 352 1100 1100 595 353 1101 1101 604 349 1102 1102 587 348 1103 1103 598 354 1104 1104 592 350 1105 1105 600 352 1106 1106 600 352 1107 1107 597 355 1108 1108 601 356 1109 1109 606 357 1110 1110 605 358 1111 1111 604 349 1112 1112 600 352 1113 1113 599 359 1114 1114 598 354 1115 1115 606 357 1116 1116 603 360 1117 1117 607 361 1118 1118 588 362 1119 1119 596 351 1120 1120 589 363 1121 1121 593 364 1122 1122 598 354 1123 1123 599 359 1124 1124 604 349 1125 1125 591 365 1126 1126 590 347 1127 1127 602 366 1128 1128 594 367 1129 1129 603 360 1130 1130 591 365 1131 1131 597 355 1132 1132 588 362 1133 1133 586 368 1134 1134 589 363 1135 1135 596 351 1136 1136 595 353 1137 1137 602 366 1138 1138 606 357 1139 1139 594 367 1140 1140 599 359 1141 1141 603 360 1142 1142 595 369 1143 1143 593 369 1144 1144 594 369 1145 1145 597 355 1146 1146 607 361 1147 1147 601 356 1148 1148 607 361 1149 1149 599 359 1150 1150 601 356 1151 1151 586 370 1152 1152 595 370 1153 1153 587 370 1154 1154 612 371 1155 1155 609 372 1156 1156 626 373 1157 1157 614 374 1158 1158 618 375 1159 1159 622 376 1160 1160 617 377 1161 1161 626 373 1162 1162 609 372 1163 1163 620 378 1164 1164 614 374 1165 1165 622 376 1166 1166 622 376 1167 1167 619 379 1168 1168 623 380 1169 1169 628 381 1170 1170 627 382 1171 1171 626 373 1172 1172 622 376 1173 1173 621 383 1174 1174 620 378 1175 1175 628 381 1176 1176 625 384 1177 1177 629 385 1178 1178 610 291 1179 1179 618 375 1180 1180 611 292 1181 1181 615 386 1182 1182 620 378 1183 1183 621 383 1184 1184 626 373 1185 1185 613 387 1186 1186 612 371 1187 1187 624 388 1188 1188 616 389 1189 1189 625 384 1190 1190 613 387 1191 1191 619 379 1192 1192 610 291 1193 1193 608 297 1194 1194 611 292 1195 1195 618 375 1196 1196 617 377 1197 1197 624 388 1198 1198 628 381 1199 1199 616 389 1200 1200 621 383 1201 1201 625 384 1202 1202 614 390 1203 1203 616 390 1204 1204 617 390 1205 1205 627 382 1206 1206 623 380 1207 1207 619 379 1208 1208 623 380 1209 1209 625 384 1210 1210 621 383 1211 1211 608 391 1212 1212 617 391 1213 1213 609 391 1214 1214 634 392 1215 1215 631 324 1216 1216 648 393 1217 1217 636 394 1218 1218 640 395 1219 1219 644 396 1220 1220 639 397 1221 1221 648 393 1222 1222 631 324 1223 1223 642 398 1224 1224 636 394 1225 1225 644 396 1226 1226 644 396 1227 1227 641 399 1228 1228 645 400 1229 1229 650 401 1230 1230 649 402 1231 1231 648 393 1232 1232 644 396 1233 1233 643 403 1234 1234 642 398 1235 1235 650 401 1236 1236 647 404 1237 1237 651 405 1238 1238 632 362 1239 1239 640 395 1240 1240 633 406 1241 1241 637 407 1242 1242 642 398 1243 1243 643 403 1244 1244 648 393 1245 1245 635 408 1246 1246 634 392 1247 1247 646 409 1248 1248 638 410 1249 1249 647 404 1250 1250 635 408 1251 1251 641 399 1252 1252 632 362 1253 1253 630 411 1254 1254 633 406 1255 1255 640 395 1256 1256 639 397 1257 1257 646 409 1258 1258 650 401 1259 1259 637 407 1260 1260 647 404 1261 1261 638 410 1262 1262 639 412 1263 1263 637 412 1264 1264 638 412 1265 1265 641 399 1266 1266 651 405 1267 1267 645 400 1268 1268 651 405 1269 1269 643 403 1270 1270 645 400 1271 1271 630 370 1272 1272 639 370 1273 1273 631 370 1274 1274 656 413 1275 1275 653 348 1276 1276 670 414 1277 1277 658 415 1278 1278 662 416 1279 1279 666 417 1280 1280 661 418 1281 1281 670 414 1282 1282 653 348 1283 1283 664 419 1284 1284 658 415 1285 1285 666 417 1286 1286 666 417 1287 1287 663 420 1288 1288 667 421 1289 1289 672 422 1290 1290 671 423 1291 1291 670 414 1292 1292 666 417 1293 1293 665 424 1294 1294 664 419 1295 1295 672 422 1296 1296 669 425 1297 1297 673 426 1298 1298 654 362 1299 1299 662 416 1300 1300 655 363 1301 1301 659 427 1302 1302 664 419 1303 1303 665 424 1304 1304 670 414 1305 1305 657 408 1306 1306 656 413 1307 1307 668 428 1308 1308 660 429 1309 1309 669 425 1310 1310 657 408 1311 1311 663 420 1312 1312 654 362 1313 1313 652 368 1314 1314 655 363 1315 1315 662 416 1316 1316 661 418 1317 1317 668 428 1318 1318 672 422 1319 1319 659 427 1320 1320 669 425 1321 1321 660 429 1322 1322 661 430 1323 1323 659 430 1324 1324 660 430 1325 1325 663 420 1326 1326 673 426 1327 1327 667 421 1328 1328 673 426 1329 1329 665 424 1330 1330 667 421 1331 1331 652 391 1332 1332 661 391 1333 1333 653 391 1334 1334 678 431 1335 1335 675 432 1336 1336 692 433 1337 1337 680 434 1338 1338 684 435 1339 1339 688 436 1340 1340 683 437 1341 1341 692 433 1342 1342 675 432 1343 1343 686 438 1344 1344 680 434 1345 1345 688 436 1346 1346 688 436 1347 1347 685 439 1348 1348 689 440 1349 1349 694 441 1350 1350 693 442 1351 1351 692 433 1352 1352 688 436 1353 1353 687 443 1354 1354 686 438 1355 1355 694 441 1356 1356 691 444 1357 1357 695 445 1358 1358 676 446 1359 1359 684 435 1360 1360 677 406 1361 1361 681 447 1362 1362 686 438 1363 1363 687 443 1364 1364 692 433 1365 1365 679 448 1366 1366 678 431 1367 1367 690 449 1368 1368 682 450 1369 1369 691 444 1370 1370 679 448 1371 1371 685 439 1372 1372 676 446 1373 1373 674 411 1374 1374 677 406 1375 1375 684 435 1376 1376 683 437 1377 1377 690 449 1378 1378 694 441 1379 1379 682 450 1380 1380 687 443 1381 1381 691 444 1382 1382 680 451 1383 1383 682 451 1384 1384 683 451 1385 1385 693 442 1386 1386 689 440 1387 1387 685 439 1388 1388 689 440 1389 1389 691 444 1390 1390 687 443 1391 1391 674 370 1392 1392 683 370 1393 1393 675 370 1394 1394 700 323 1395 1395 697 324 1396 1396 714 452 1397 1397 702 453 1398 1398 706 454 1399 1399 710 455 1400 1400 705 456 1401 1401 714 452 1402 1402 697 324 1403 1403 708 457 1404 1404 702 453 1405 1405 710 455 1406 1406 710 455 1407 1407 707 458 1408 1408 711 459 1409 1409 716 460 1410 1410 715 461 1411 1411 714 452 1412 1412 710 455 1413 1413 709 462 1414 1414 708 457 1415 1415 716 460 1416 1416 713 463 1417 1417 717 464 1418 1418 698 362 1419 1419 706 454 1420 1420 699 292 1421 1421 703 465 1422 1422 708 457 1423 1423 709 462 1424 1424 714 452 1425 1425 701 365 1426 1426 700 323 1427 1427 712 466 1428 1428 704 467 1429 1429 713 463 1430 1430 701 365 1431 1431 707 458 1432 1432 698 362 1433 1433 696 297 1434 1434 699 292 1435 1435 706 454 1436 1436 705 456 1437 1437 712 466 1438 1438 716 460 1439 1439 703 465 1440 1440 713 463 1441 1441 704 467 1442 1442 702 468 1443 1443 704 468 1444 1444 705 468 1445 1445 715 461 1446 1446 711 459 1447 1447 707 458 1448 1448 711 459 1449 1449 713 463 1450 1450 709 462 1451 1451 696 370 1452 1452 705 370 1453 1453 697 370 1454 1454 722 469 1455 1455 719 277 1456 1456 736 470 1457 1457 724 471 1458 1458 728 472 1459 1459 732 473 1460 1460 727 474 1461 1461 736 470 1462 1462 719 277 1463 1463 730 475 1464 1464 724 471 1465 1465 732 473 1466 1466 732 473 1467 1467 729 476 1468 1468 733 477 1469 1469 738 478 1470 1470 737 479 1471 1471 736 470 1472 1472 732 473 1473 1473 731 480 1474 1474 730 475 1475 1475 738 478 1476 1476 735 481 1477 1477 739 482 1478 1478 720 483 1479 1479 728 472 1480 1480 721 363 1481 1481 725 484 1482 1482 730 475 1483 1483 731 480 1484 1484 736 470 1485 1485 723 485 1486 1486 722 469 1487 1487 734 486 1488 1488 726 487 1489 1489 735 481 1490 1490 723 485 1491 1491 729 476 1492 1492 720 483 1493 1493 718 368 1494 1494 721 363 1495 1495 728 472 1496 1496 727 474 1497 1497 734 486 1498 1498 738 478 1499 1499 725 484 1500 1500 735 481 1501 1501 726 487 1502 1502 724 488 1503 1503 726 488 1504 1504 727 488 1505 1505 737 479 1506 1506 733 477 1507 1507 729 476 1508 1508 733 477 1509 1509 735 481 1510 1510 731 480 1511 1511 718 391 1512 1512 727 391 1513 1513 719 391 1514 1514 744 413 1515 1515 741 348 1516 1516 758 489 1517 1517 746 490 1518 1518 750 491 1519 1519 754 492 1520 1520 749 493 1521 1521 758 489 1522 1522 741 348 1523 1523 752 494 1524 1524 746 490 1525 1525 754 492 1526 1526 754 492 1527 1527 751 495 1528 1528 755 496 1529 1529 760 497 1530 1530 759 498 1531 1531 758 489 1532 1532 754 492 1533 1533 753 499 1534 1534 752 494 1535 1535 760 497 1536 1536 757 500 1537 1537 761 501 1538 1538 742 291 1539 1539 750 491 1540 1540 743 502 1541 1541 747 503 1542 1542 752 494 1543 1543 753 499 1544 1544 758 489 1545 1545 745 318 1546 1546 744 413 1547 1547 756 504 1548 1548 748 505 1549 1549 757 500 1550 1550 745 318 1551 1551 751 495 1552 1552 742 291 1553 1553 740 506 1554 1554 743 502 1555 1555 750 491 1556 1556 749 493 1557 1557 756 504 1558 1558 760 497 1559 1559 747 503 1560 1560 757 500 1561 1561 748 505 1562 1562 746 507 1563 1563 748 507 1564 1564 749 507 1565 1565 751 495 1566 1566 761 501 1567 1567 755 496 1568 1568 755 496 1569 1569 757 500 1570 1570 753 499 1571 1571 740 299 1572 1572 749 299 1573 1573 741 299 1574 1574 766 508 1575 1575 763 301 1576 1576 780 509 1577 1577 768 510 1578 1578 772 511 1579 1579 776 512 1580 1580 771 513 1581 1581 780 509 1582 1582 763 301 1583 1583 774 514 1584 1584 768 510 1585 1585 776 512 1586 1586 776 512 1587 1587 773 515 1588 1588 777 516 1589 1589 782 517 1590 1590 781 518 1591 1591 780 509 1592 1592 776 512 1593 1593 775 519 1594 1594 774 514 1595 1595 782 517 1596 1596 779 520 1597 1597 783 521 1598 1598 764 446 1599 1599 772 511 1600 1600 765 406 1601 1601 769 522 1602 1602 774 514 1603 1603 775 519 1604 1604 780 509 1605 1605 767 523 1606 1606 766 508 1607 1607 778 524 1608 1608 770 525 1609 1609 779 520 1610 1610 767 523 1611 1611 773 515 1612 1612 764 446 1613 1613 762 411 1614 1614 765 406 1615 1615 772 511 1616 1616 771 513 1617 1617 778 524 1618 1618 782 517 1619 1619 770 525 1620 1620 775 519 1621 1621 779 520 1622 1622 768 526 1623 1623 770 526 1624 1624 771 526 1625 1625 781 518 1626 1626 777 516 1627 1627 773 515 1628 1628 783 521 1629 1629 775 519 1630 1630 777 516 1631 1631 762 370 1632 1632 771 370 1633 1633 763 370 1634 1634 788 527 1635 1635 785 528 1636 1636 802 529 1637 1637 790 530 1638 1638 794 531 1639 1639 798 532 1640 1640 793 533 1641 1641 802 529 1642 1642 785 528 1643 1643 796 534 1644 1644 790 530 1645 1645 798 532 1646 1646 798 532 1647 1647 795 535 1648 1648 799 536 1649 1649 804 537 1650 1650 803 538 1651 1651 802 529 1652 1652 798 532 1653 1653 797 539 1654 1654 796 534 1655 1655 804 537 1656 1656 801 540 1657 1657 805 541 1658 1658 786 542 1659 1659 794 531 1660 1660 787 543 1661 1661 791 544 1662 1662 796 534 1663 1663 797 539 1664 1664 802 529 1665 1665 789 545 1666 1666 788 527 1667 1667 800 546 1668 1668 792 547 1669 1669 801 540 1670 1670 789 545 1671 1671 795 535 1672 1672 786 542 1673 1673 784 548 1674 1674 787 543 1675 1675 794 531 1676 1676 793 533 1677 1677 800 546 1678 1678 804 537 1679 1679 792 547 1680 1680 797 539 1681 1681 801 540 1682 1682 790 549 1683 1683 792 549 1684 1684 793 549 1685 1685 795 535 1686 1686 805 541 1687 1687 799 536 1688 1688 805 541 1689 1689 797 539 1690 1690 799 536 1691 1691 784 550 1692 1692 793 550 1693 1693 785 550 1694 1694 810 551 1695 1695 807 552 1696 1696 824 553 1697 1697 812 554 1698 1698 816 555 1699 1699 820 556 1700 1700 815 557 1701 1701 824 553 1702 1702 807 552 1703 1703 818 558 1704 1704 812 554 1705 1705 820 556 1706 1706 820 556 1707 1707 817 559 1708 1708 821 560 1709 1709 826 561 1710 1710 825 562 1711 1711 824 553 1712 1712 820 556 1713 1713 819 563 1714 1714 818 558 1715 1715 826 561 1716 1716 823 564 1717 1717 827 565 1718 1718 808 566 1719 1719 816 555 1720 1720 809 567 1721 1721 813 568 1722 1722 818 558 1723 1723 819 563 1724 1724 824 553 1725 1725 811 569 1726 1726 810 551 1727 1727 822 570 1728 1728 814 571 1729 1729 823 564 1730 1730 811 569 1731 1731 817 559 1732 1732 808 566 1733 1733 806 572 1734 1734 809 567 1735 1735 816 555 1736 1736 815 557 1737 1737 822 570 1738 1738 826 561 1739 1739 813 568 1740 1740 823 564 1741 1741 814 571 1742 1742 815 573 1743 1743 813 573 1744 1744 814 573 1745 1745 817 559 1746 1746 827 565 1747 1747 821 560 1748 1748 827 565 1749 1749 819 563 1750 1750 821 560 1751 1751 806 574 1752 1752 815 574 1753 1753 807 574 1754 1754 832 575 1755 1755 829 576 1756 1756 846 577 1757 1757 834 578 1758 1758 838 579 1759 1759 842 580 1760 1760 837 581 1761 1761 846 577 1762 1762 829 576 1763 1763 840 582 1764 1764 834 578 1765 1765 842 580 1766 1766 842 580 1767 1767 839 583 1768 1768 843 584 1769 1769 848 585 1770 1770 847 586 1771 1771 846 577 1772 1772 842 580 1773 1773 841 587 1774 1774 840 582 1775 1775 848 585 1776 1776 845 588 1777 1777 849 589 1778 1778 830 590 1779 1779 838 579 1780 1780 831 591 1781 1781 835 592 1782 1782 840 582 1783 1783 841 587 1784 1784 846 577 1785 1785 833 593 1786 1786 832 575 1787 1787 844 594 1788 1788 836 595 1789 1789 845 588 1790 1790 833 593 1791 1791 839 583 1792 1792 830 590 1793 1793 828 572 1794 1794 831 591 1795 1795 838 579 1796 1796 837 581 1797 1797 844 594 1798 1798 848 585 1799 1799 836 595 1800 1800 841 587 1801 1801 845 588 1802 1802 837 596 1803 1803 835 596 1804 1804 836 596 1805 1805 847 586 1806 1806 843 584 1807 1807 839 583 1808 1808 849 589 1809 1809 841 587 1810 1810 843 584 1811 1811 828 574 1812 1812 837 574 1813 1813 829 574 1814 1814 854 597 1815 1815 851 598 1816 1816 868 599 1817 1817 856 600 1818 1818 860 601 1819 1819 864 602 1820 1820 859 603 1821 1821 868 599 1822 1822 851 598 1823 1823 862 604 1824 1824 856 600 1825 1825 864 602 1826 1826 864 602 1827 1827 861 605 1828 1828 865 606 1829 1829 870 607 1830 1830 869 608 1831 1831 868 599 1832 1832 864 602 1833 1833 863 609 1834 1834 862 604 1835 1835 870 607 1836 1836 867 610 1837 1837 871 611 1838 1838 852 612 1839 1839 860 601 1840 1840 853 613 1841 1841 857 614 1842 1842 862 604 1843 1843 863 609 1844 1844 868 599 1845 1845 855 615 1846 1846 854 597 1847 1847 866 616 1848 1848 858 617 1849 1849 867 610 1850 1850 855 615 1851 1851 861 605 1852 1852 852 612 1853 1853 850 618 1854 1854 853 613 1855 1855 860 601 1856 1856 859 603 1857 1857 866 616 1858 1858 870 607 1859 1859 858 617 1860 1860 863 609 1861 1861 867 610 1862 1862 856 619 1863 1863 858 619 1864 1864 859 619 1865 1865 869 608 1866 1866 865 606 1867 1867 861 605 1868 1868 865 606 1869 1869 867 610 1870 1870 863 609 1871 1871 850 574 1872 1872 859 574 1873 1873 851 574 1874 1874 876 620 1875 1875 873 621 1876 1876 890 622 1877 1877 878 623 1878 1878 882 624 1879 1879 886 625 1880 1880 881 626 1881 1881 890 622 1882 1882 873 621 1883 1883 884 627 1884 1884 878 623 1885 1885 886 625 1886 1886 886 625 1887 1887 883 628 1888 1888 887 629 1889 1889 892 630 1890 1890 891 631 1891 1891 890 622 1892 1892 886 625 1893 1893 885 632 1894 1894 884 627 1895 1895 892 630 1896 1896 889 633 1897 1897 893 634 1898 1898 874 635 1899 1899 882 624 1900 1900 875 636 1901 1901 879 637 1902 1902 884 627 1903 1903 885 632 1904 1904 890 622 1905 1905 877 638 1906 1906 876 620 1907 1907 888 639 1908 1908 880 640 1909 1909 889 633 1910 1910 877 638 1911 1911 883 628 1912 1912 874 635 1913 1913 872 641 1914 1914 875 636 1915 1915 882 624 1916 1916 881 626 1917 1917 888 639 1918 1918 892 630 1919 1919 879 637 1920 1920 889 633 1921 1921 880 640 1922 1922 881 642 1923 1923 879 642 1924 1924 880 642 1925 1925 883 628 1926 1926 893 634 1927 1927 887 629 1928 1928 887 629 1929 1929 889 633 1930 1930 885 632 1931 1931 872 643 1932 1932 881 643 1933 1933 873 643 1934 1934 898 620 1935 1935 895 644 1936 1936 912 645 1937 1937 900 646 1938 1938 904 647 1939 1939 908 648 1940 1940 903 649 1941 1941 912 645 1942 1942 895 644 1943 1943 906 650 1944 1944 900 646 1945 1945 908 648 1946 1946 908 648 1947 1947 905 651 1948 1948 909 652 1949 1949 914 653 1950 1950 913 654 1951 1951 912 645 1952 1952 908 648 1953 1953 907 655 1954 1954 906 650 1955 1955 914 653 1956 1956 911 656 1957 1957 915 657 1958 1958 896 658 1959 1959 904 647 1960 1960 897 659 1961 1961 901 660 1962 1962 906 650 1963 1963 907 655 1964 1964 912 645 1965 1965 899 661 1966 1966 898 620 1967 1967 910 662 1968 1968 902 663 1969 1969 911 656 1970 1970 899 661 1971 1971 905 651 1972 1972 896 658 1973 1973 894 664 1974 1974 897 659 1975 1975 904 647 1976 1976 903 649 1977 1977 910 662 1978 1978 914 653 1979 1979 901 660 1980 1980 911 656 1981 1981 902 663 1982 1982 900 665 1983 1983 902 665 1984 1984 903 665 1985 1985 905 651 1986 1986 915 657 1987 1987 909 652 1988 1988 915 657 1989 1989 907 655 1990 1990 909 652 1991 1991 894 574 1992 1992 903 574 1993 1993 895 574 1994 1994 922 666 1995 1995 987 666 1996 1996 986 666 1997 1997 923 667 1998 1998 927 667 1999 1999 926 667 2000 2000 917 668 2001 2001 987 668 2002 2002 985 668 2003 2003 917 20 2004 2004 927 20 2005 2005 924 20 2006 2006 918 669 2007 2007 986 669 2008 2008 984 669 2009 2009 916 670 2010 2010 926 670 2011 2011 920 670 2012 2012 6 682 2055 2055 945 682 2056 2056 3 682 2057 2057 34 684 2061 2061 950 684 2062 2062 484 684 2063 2063 484 685 2064 2064 951 685 2065 2065 485 685 2066 2066 442 32 2106 2106 970 32 2107 2107 153 32 2108 2108 916 60 2139 2139 986 60 2140 2140 923 60 2141 2141 919 20 2142 2142 987 20 2143 2143 925 20 2144 2144 986 703 2145 2145 924 703 2146 2146 923 703 2147 2147 64 704 2148 2148 989 704 2149 2149 62 704 2150 2150 162 704 2151 2151 993 704 2152 2152 160 704 2153 2153 61 705 2154 2154 990 705 2155 2155 63 705 2156 2156 64 20 2157 2157 990 20 2158 2158 991 20 2159 2159 159 705 2160 2160 994 705 2161 2161 161 705 2162 2162 162 20 2163 2163 994 20 2164 2164 995 20 2165 2165 988 706 2166 2166 991 706 2167 2167 990 706 2168 2168 992 706 2169 2169 995 706 2170 2170 994 706 2171 2171 8 2 2409 2409 11 2 2410 2410 10 2 2411 2411 4 3 2412 2412 7 3 2413 2413 6 3 2414 2414 5 44 2415 2415 8 44 2416 2416 7 44 2417 2417 7 5 2418 2418 10 5 2419 2419 9 5 2420 2420 23 7 2424 2424 25 7 2425 2425 24 7 2426 2426 25 8 2427 2427 27 8 2428 2428 26 8 2429 2429 16 10 2433 2433 24 10 2434 2434 26 10 2435 2435 18 775 2436 2436 26 775 2437 2437 27 775 2438 2438 17 12 2439 2439 25 12 2440 2440 23 12 2441 2441 19 14 2445 2445 27 14 2446 2446 25 14 2447 2447 14 777 2448 2448 22 777 2449 2449 24 777 2450 2450 40 16 2454 2454 41 16 2455 2455 39 16 2456 2456 42 35 2457 2457 43 35 2458 2458 41 35 2459 2459 42 19 2463 2463 40 19 2464 2464 32 19 2465 2465 35 20 2466 2466 43 20 2467 2467 42 20 2468 2468 39 21 2469 2469 41 21 2470 2470 33 21 2471 2471 41 781 2475 2475 43 781 2476 2476 35 781 2477 2477 40 24 2478 2478 38 24 2479 2479 30 24 2480 2480 44 25 2481 2481 45 25 2482 2482 11 25 2483 2483 53 2 2496 2496 56 2 2497 2497 172 2 2498 2498 49 786 2499 2499 313 786 2500 2500 171 786 2501 2501 50 787 2502 2502 53 787 2503 2503 171 787 2504 2504 171 5 2508 2508 172 5 2509 2509 55 5 2510 2510 69 34 2514 2514 70 34 2515 2515 68 34 2516 2516 71 17 2517 2517 72 17 2518 2518 70 17 2519 2519 71 789 2523 2523 69 789 2524 2524 61 789 2525 2525 64 20 2526 2526 72 20 2527 2527 71 20 2528 2528 68 790 2529 2529 70 790 2530 2530 62 790 2531 2531 70 39 2535 2535 72 39 2536 2536 64 39 2537 2537 69 792 2538 2538 67 792 2539 2539 59 792 2540 2540 84 2 2550 2550 86 2 2551 2551 85 2 2552 2552 79 793 2553 2553 83 793 2554 2554 82 793 2555 2555 80 4 2556 2556 84 4 2557 2557 83 4 2558 2558 83 41 2565 2565 85 41 2566 2566 267 41 2567 2567 98 795 2571 2571 100 795 2572 2572 99 795 2573 2573 100 794 2574 2574 102 794 2575 2575 101 794 2576 2576 91 10 2580 2580 99 10 2581 2581 101 10 2582 2582 94 796 2583 2583 93 796 2584 2584 101 796 2585 2585 92 12 2586 2586 100 12 2587 2587 98 12 2588 2588 94 14 2592 2592 102 14 2593 2593 100 14 2594 2594 89 15 2595 2595 97 15 2596 2596 99 15 2597 2597 85 5 2598 2598 83 5 2599 2599 6 5 2600 2600 153 2 2727 2727 154 2 2728 2728 45 2 2729 2729 247 821 2730 2730 441 821 2731 2731 153 821 2732 2732 167 823 2736 2736 168 823 2737 2737 166 823 2738 2738 169 35 2739 2739 170 35 2740 2740 168 35 2741 2741 169 789 2745 2745 167 789 2746 2746 159 789 2747 2747 162 20 2748 2748 170 20 2749 2749 169 20 2750 2750 166 94 2751 2751 168 94 2752 2752 160 94 2753 2753 168 39 2757 2757 170 39 2758 2758 162 39 2759 2759 167 825 2760 2760 165 825 2761 2761 157 825 2762 2762 268 5 2979 2979 269 5 2980 2980 267 5 2981 2981 10 869 2982 2982 270 869 2983 2983 271 869 2984 2984 352 891 3096 3096 354 891 3097 3097 353 891 3098 3098 356 892 3099 3099 358 892 3100 3100 357 892 3101 3101 360 188 3102 3102 362 188 3103 3103 361 188 3104 3104 364 893 3105 3105 366 893 3106 3106 365 893 3107 3107 366 894 3108 3108 378 894 3109 3109 377 894 3110 3110 433 191 3111 3111 371 191 3112 3112 358 191 3113 3113 376 895 3114 3114 378 895 3115 3115 366 895 3116 3116 370 197 3117 3117 432 197 3118 3118 355 197 3119 3119 377 896 3120 3120 375 896 3121 3121 363 896 3122 3122 369 20 3123 3123 368 20 3124 3124 353 20 3125 3125 374 20 3126 3126 373 20 3127 3127 361 20 3128 3128 367 191 3129 3129 369 191 3130 3130 354 191 3131 3131 434 897 3132 3132 374 897 3133 3133 362 897 3134 3134 368 193 3135 3135 431 193 3136 3136 351 193 3137 3137 373 898 3138 3138 372 898 3139 3139 359 898 3140 3140 371 20 3141 3141 370 20 3142 3142 357 20 3143 3143 379 187 3144 3144 381 187 3145 3145 380 187 3146 3146 383 899 3147 3147 385 899 3148 3148 384 899 3149 3149 387 900 3150 3150 389 900 3151 3151 388 900 3152 3152 391 188 3153 3153 393 188 3154 3154 392 188 3155 3155 406 20 3156 3156 405 20 3157 3157 392 20 3158 3158 436 901 3159 3159 399 901 3160 3160 385 901 3161 3161 437 897 3162 3162 406 897 3163 3163 393 897 3164 3164 398 902 3165 3165 397 902 3166 3166 382 902 3167 3167 405 896 3168 3168 404 896 3169 3169 390 896 3170 3170 396 20 3171 3171 395 20 3172 3172 380 20 3173 3173 403 903 3174 3174 402 903 3175 3175 388 903 3176 3176 435 191 3177 3177 396 191 3178 3178 381 191 3179 3179 401 904 3180 3180 403 904 3181 3181 389 904 3182 3182 395 193 3183 3183 394 193 3184 3184 407 193 3185 3185 402 898 3186 3186 400 898 3187 3187 386 898 3188 3188 385 905 3189 3189 399 905 3190 3190 398 905 3191 3191 271 910 3207 3207 270 910 3208 3208 56 910 3209 3209 54 918 3237 3237 427 918 3238 3238 429 918 3239 3239 267 223 3240 3240 269 223 3241 3241 425 223 3242 3242 369 919 3243 3243 367 919 3244 3244 431 919 3245 3245 378 225 3246 3246 376 225 3247 3247 375 225 3248 3248 374 226 3249 3249 434 226 3250 3250 372 226 3251 3251 371 229 3252 3252 433 229 3253 3253 432 229 3254 3254 406 226 3255 3255 437 226 3256 3256 404 226 3257 3257 403 920 3258 3258 401 920 3259 3259 400 920 3260 3260 399 919 3261 3261 436 919 3262 3262 397 919 3263 3263 396 227 3264 3264 435 227 3265 3265 394 227 3266 3266 440 32 3270 3270 442 32 3271 3271 153 32 3272 3272 326 922 3273 3273 445 922 3274 3274 444 922 3275 3275 326 923 3276 3276 448 923 3277 3277 449 923 3278 3278 336 924 3279 3279 446 924 3280 3280 447 924 3281 3281 338 235 3282 3282 447 235 3283 3283 448 235 3284 3284 446 60 3285 3285 450 60 3286 3286 451 60 3287 3287 336 237 3288 3288 452 237 3289 3289 453 237 3290 3290 35 263 3366 3366 485 263 3367 3367 951 263 3368 3368 34 20 3369 3369 484 20 3370 3370 485 20 3371 3371 518 959 3420 3420 425 959 3421 3421 430 959 3422 3422 54 960 3423 3423 519 960 3424 3424 430 960 3425 3425 526 279 3426 3426 520 297 3427 3427 530 280 3428 3428 529 282 3429 3429 540 286 3430 3430 538 278 3431 3431 534 281 3432 3432 530 280 3433 3433 531 284 3434 3434 540 286 3435 3435 541 290 3436 3436 539 287 3437 3437 534 281 3438 3438 535 285 3439 3439 533 288 3440 3440 540 286 3441 3441 536 295 3442 3442 537 289 3443 3443 522 291 3444 3444 531 284 3445 3445 530 280 3446 3446 527 293 3447 3447 526 279 3448 3448 532 283 3449 3449 538 278 3450 3450 539 287 3451 3451 525 294 3452 3452 536 295 3453 3453 529 282 3454 3454 528 296 3455 3455 525 294 3456 3456 539 287 3457 3457 531 284 3458 3458 527 293 3459 3459 533 288 3460 3460 537 289 3461 3461 526 961 3462 3462 527 961 3463 3463 528 961 3464 3464 531 284 3465 3465 539 287 3466 3466 541 290 3467 3467 535 285 3468 3468 541 290 3469 3469 537 289 3470 3470 520 962 3471 3471 526 962 3472 3472 529 962 3473 3473 548 303 3474 3474 542 321 3475 3475 552 304 3476 3476 551 306 3477 3477 562 310 3478 3478 560 302 3479 3479 556 305 3480 3480 552 304 3481 3481 553 308 3482 3482 562 310 3483 3483 563 314 3484 3484 561 311 3485 3485 556 305 3486 3486 557 309 3487 3487 555 312 3488 3488 562 310 3489 3489 558 319 3490 3490 559 313 3491 3491 544 315 3492 3492 553 308 3493 3493 552 304 3494 3494 549 317 3495 3495 548 303 3496 3496 554 307 3497 3497 560 302 3498 3498 561 311 3499 3499 547 318 3500 3500 558 319 3501 3501 551 306 3502 3502 550 320 3503 3503 547 318 3504 3504 561 311 3505 3505 553 308 3506 3506 550 320 3507 3507 549 317 3508 3508 555 312 3509 3509 548 963 3510 3510 549 963 3511 3511 550 963 3512 3512 561 311 3513 3513 563 314 3514 3514 557 309 3515 3515 563 314 3516 3516 559 313 3517 3517 555 312 3518 3518 542 964 3519 3519 548 964 3520 3520 551 964 3521 3521 570 326 3522 3522 564 344 3523 3523 574 327 3524 3524 573 329 3525 3525 584 333 3526 3526 582 325 3527 3527 578 328 3528 3528 574 327 3529 3529 575 331 3530 3530 584 333 3531 3531 585 337 3532 3532 583 334 3533 3533 578 328 3534 3534 579 332 3535 3535 577 335 3536 3536 584 333 3537 3537 580 342 3538 3538 581 336 3539 3539 566 338 3540 3540 575 331 3541 3541 574 327 3542 3542 571 340 3543 3543 570 326 3544 3544 576 330 3545 3545 582 325 3546 3546 583 334 3547 3547 569 341 3548 3548 580 342 3549 3549 573 329 3550 3550 572 343 3551 3551 569 341 3552 3552 583 334 3553 3553 575 331 3554 3554 571 340 3555 3555 577 335 3556 3556 581 336 3557 3557 570 369 3558 3558 571 369 3559 3559 572 369 3560 3560 575 331 3561 3561 583 334 3562 3562 585 337 3563 3563 579 332 3564 3564 585 337 3565 3565 581 336 3566 3566 564 965 3567 3567 570 965 3568 3568 573 965 3569 3569 592 350 3570 3570 586 368 3571 3571 596 351 3572 3572 595 353 3573 3573 606 357 3574 3574 604 349 3575 3575 600 352 3576 3576 596 351 3577 3577 597 355 3578 3578 606 357 3579 3579 607 361 3580 3580 605 358 3581 3581 600 352 3582 3582 601 356 3583 3583 599 359 3584 3584 606 357 3585 3585 602 366 3586 3586 603 360 3587 3587 588 362 3588 3588 597 355 3589 3589 596 351 3590 3590 593 364 3591 3591 592 350 3592 3592 598 354 3593 3593 604 349 3594 3594 605 358 3595 3595 591 365 3596 3596 602 366 3597 3597 595 353 3598 3598 594 367 3599 3599 591 365 3600 3600 605 358 3601 3601 597 355 3602 3602 594 367 3603 3603 593 364 3604 3604 599 359 3605 3605 595 966 3606 3606 592 966 3607 3607 593 966 3608 3608 597 355 3609 3609 605 358 3610 3610 607 361 3611 3611 607 361 3612 3612 603 360 3613 3613 599 359 3614 3614 586 967 3615 3615 592 967 3616 3616 595 967 3617 3617 614 374 3618 3618 608 297 3619 3619 618 375 3620 3620 617 377 3621 3621 628 381 3622 3622 626 373 3623 3623 622 376 3624 3624 618 375 3625 3625 619 379 3626 3626 628 381 3627 3627 629 385 3628 3628 627 382 3629 3629 622 376 3630 3630 623 380 3631 3631 621 383 3632 3632 628 381 3633 3633 624 388 3634 3634 625 384 3635 3635 610 291 3636 3636 619 379 3637 3637 618 375 3638 3638 615 386 3639 3639 614 374 3640 3640 620 378 3641 3641 626 373 3642 3642 627 382 3643 3643 613 387 3644 3644 624 388 3645 3645 617 377 3646 3646 616 389 3647 3647 613 387 3648 3648 627 382 3649 3649 619 379 3650 3650 616 389 3651 3651 615 386 3652 3652 621 383 3653 3653 614 968 3654 3654 615 968 3655 3655 616 968 3656 3656 627 382 3657 3657 629 385 3658 3658 623 380 3659 3659 623 380 3660 3660 629 385 3661 3661 625 384 3662 3662 608 964 3663 3663 614 964 3664 3664 617 964 3665 3665 636 394 3666 3666 630 411 3667 3667 640 395 3668 3668 639 397 3669 3669 650 401 3670 3670 648 393 3671 3671 644 396 3672 3672 640 395 3673 3673 641 399 3674 3674 650 401 3675 3675 651 405 3676 3676 649 402 3677 3677 644 396 3678 3678 645 400 3679 3679 643 403 3680 3680 650 401 3681 3681 646 409 3682 3682 647 404 3683 3683 632 362 3684 3684 641 399 3685 3685 640 395 3686 3686 637 407 3687 3687 636 394 3688 3688 642 398 3689 3689 648 393 3690 3690 649 402 3691 3691 635 408 3692 3692 646 409 3693 3693 639 397 3694 3694 638 410 3695 3695 635 408 3696 3696 649 402 3697 3697 641 399 3698 3698 637 407 3699 3699 643 403 3700 3700 647 404 3701 3701 639 969 3702 3702 636 969 3703 3703 637 969 3704 3704 641 399 3705 3705 649 402 3706 3706 651 405 3707 3707 651 405 3708 3708 647 404 3709 3709 643 403 3710 3710 630 967 3711 3711 636 967 3712 3712 639 967 3713 3713 658 415 3714 3714 652 368 3715 3715 662 416 3716 3716 661 418 3717 3717 672 422 3718 3718 670 414 3719 3719 666 417 3720 3720 662 416 3721 3721 663 420 3722 3722 672 422 3723 3723 673 426 3724 3724 671 423 3725 3725 666 417 3726 3726 667 421 3727 3727 665 424 3728 3728 672 422 3729 3729 668 428 3730 3730 669 425 3731 3731 654 362 3732 3732 663 420 3733 3733 662 416 3734 3734 659 427 3735 3735 658 415 3736 3736 664 419 3737 3737 670 414 3738 3738 671 423 3739 3739 657 408 3740 3740 668 428 3741 3741 661 418 3742 3742 660 429 3743 3743 657 408 3744 3744 671 423 3745 3745 663 420 3746 3746 659 427 3747 3747 665 424 3748 3748 669 425 3749 3749 661 970 3750 3750 658 970 3751 3751 659 970 3752 3752 663 420 3753 3753 671 423 3754 3754 673 426 3755 3755 673 426 3756 3756 669 425 3757 3757 665 424 3758 3758 652 964 3759 3759 658 964 3760 3760 661 964 3761 3761 680 434 3762 3762 674 411 3763 3763 684 435 3764 3764 683 437 3765 3765 694 441 3766 3766 692 433 3767 3767 688 436 3768 3768 684 435 3769 3769 685 439 3770 3770 694 441 3771 3771 695 445 3772 3772 693 442 3773 3773 688 436 3774 3774 689 440 3775 3775 687 443 3776 3776 694 441 3777 3777 690 449 3778 3778 691 444 3779 3779 676 446 3780 3780 685 439 3781 3781 684 435 3782 3782 681 447 3783 3783 680 434 3784 3784 686 438 3785 3785 692 433 3786 3786 693 442 3787 3787 679 448 3788 3788 690 449 3789 3789 683 437 3790 3790 682 450 3791 3791 679 448 3792 3792 693 442 3793 3793 685 439 3794 3794 682 450 3795 3795 681 447 3796 3796 687 443 3797 3797 680 968 3798 3798 681 968 3799 3799 682 968 3800 3800 693 442 3801 3801 695 445 3802 3802 689 440 3803 3803 689 440 3804 3804 695 445 3805 3805 691 444 3806 3806 674 967 3807 3807 680 967 3808 3808 683 967 3809 3809 702 453 3810 3810 696 297 3811 3811 706 454 3812 3812 705 456 3813 3813 716 460 3814 3814 714 452 3815 3815 710 455 3816 3816 706 454 3817 3817 707 458 3818 3818 716 460 3819 3819 717 464 3820 3820 715 461 3821 3821 710 455 3822 3822 711 459 3823 3823 709 462 3824 3824 716 460 3825 3825 712 466 3826 3826 713 463 3827 3827 698 362 3828 3828 707 458 3829 3829 706 454 3830 3830 703 465 3831 3831 702 453 3832 3832 708 457 3833 3833 714 452 3834 3834 715 461 3835 3835 701 365 3836 3836 712 466 3837 3837 705 456 3838 3838 704 467 3839 3839 701 365 3840 3840 715 461 3841 3841 707 458 3842 3842 703 465 3843 3843 709 462 3844 3844 713 463 3845 3845 702 971 3846 3846 703 971 3847 3847 704 971 3848 3848 715 461 3849 3849 717 464 3850 3850 711 459 3851 3851 711 459 3852 3852 717 464 3853 3853 713 463 3854 3854 696 965 3855 3855 702 965 3856 3856 705 965 3857 3857 724 471 3858 3858 718 368 3859 3859 728 472 3860 3860 727 474 3861 3861 738 478 3862 3862 736 470 3863 3863 732 473 3864 3864 728 472 3865 3865 729 476 3866 3866 738 478 3867 3867 739 482 3868 3868 737 479 3869 3869 732 473 3870 3870 733 477 3871 3871 731 480 3872 3872 738 478 3873 3873 734 486 3874 3874 735 481 3875 3875 720 483 3876 3876 729 476 3877 3877 728 472 3878 3878 725 484 3879 3879 724 471 3880 3880 730 475 3881 3881 736 470 3882 3882 737 479 3883 3883 723 485 3884 3884 734 486 3885 3885 727 474 3886 3886 726 487 3887 3887 723 485 3888 3888 737 479 3889 3889 729 476 3890 3890 725 484 3891 3891 731 480 3892 3892 735 481 3893 3893 724 961 3894 3894 725 961 3895 3895 726 961 3896 3896 737 479 3897 3897 739 482 3898 3898 733 477 3899 3899 733 477 3900 3900 739 482 3901 3901 735 481 3902 3902 718 964 3903 3903 724 964 3904 3904 727 964 3905 3905 746 490 3906 3906 740 506 3907 3907 750 491 3908 3908 749 493 3909 3909 760 497 3910 3910 758 489 3911 3911 754 492 3912 3912 750 491 3913 3913 751 495 3914 3914 760 497 3915 3915 761 501 3916 3916 759 498 3917 3917 754 492 3918 3918 755 496 3919 3919 753 499 3920 3920 760 497 3921 3921 756 504 3922 3922 757 500 3923 3923 742 291 3924 3924 751 495 3925 3925 750 491 3926 3926 747 503 3927 3927 746 490 3928 3928 752 494 3929 3929 758 489 3930 3930 759 498 3931 3931 745 318 3932 3932 756 504 3933 3933 749 493 3934 3934 748 505 3935 3935 745 318 3936 3936 759 498 3937 3937 751 495 3938 3938 747 503 3939 3939 753 499 3940 3940 757 500 3941 3941 746 972 3942 3942 747 972 3943 3943 748 972 3944 3944 751 495 3945 3945 759 498 3946 3946 761 501 3947 3947 755 496 3948 3948 761 501 3949 3949 757 500 3950 3950 740 964 3951 3951 746 964 3952 3952 749 964 3953 3953 768 510 3954 3954 762 411 3955 3955 772 511 3956 3956 771 513 3957 3957 782 517 3958 3958 780 509 3959 3959 776 512 3960 3960 772 511 3961 3961 773 515 3962 3962 782 517 3963 3963 783 521 3964 3964 781 518 3965 3965 776 512 3966 3966 777 516 3967 3967 775 519 3968 3968 782 517 3969 3969 778 524 3970 3970 779 520 3971 3971 764 446 3972 3972 773 515 3973 3973 772 511 3974 3974 769 522 3975 3975 768 510 3976 3976 774 514 3977 3977 780 509 3978 3978 781 518 3979 3979 767 523 3980 3980 778 524 3981 3981 771 513 3982 3982 770 525 3983 3983 767 523 3984 3984 781 518 3985 3985 773 515 3986 3986 770 525 3987 3987 769 522 3988 3988 775 519 3989 3989 768 973 3990 3990 769 973 3991 3991 770 973 3992 3992 781 518 3993 3993 783 521 3994 3994 777 516 3995 3995 783 521 3996 3996 779 520 3997 3997 775 519 3998 3998 762 967 3999 3999 768 967 4000 4000 771 967 4001 4001 790 530 4002 4002 784 548 4003 4003 794 531 4004 4004 793 533 4005 4005 804 537 4006 4006 802 529 4007 4007 798 532 4008 4008 794 531 4009 4009 795 535 4010 4010 804 537 4011 4011 805 541 4012 4012 803 538 4013 4013 798 532 4014 4014 799 536 4015 4015 797 539 4016 4016 804 537 4017 4017 800 546 4018 4018 801 540 4019 4019 786 542 4020 4020 795 535 4021 4021 794 531 4022 4022 791 544 4023 4023 790 530 4024 4024 796 534 4025 4025 802 529 4026 4026 803 538 4027 4027 789 545 4028 4028 800 546 4029 4029 793 533 4030 4030 792 547 4031 4031 789 545 4032 4032 803 538 4033 4033 795 535 4034 4034 792 547 4035 4035 791 544 4036 4036 797 539 4037 4037 790 974 4038 4038 791 974 4039 4039 792 974 4040 4040 795 535 4041 4041 803 538 4042 4042 805 541 4043 4043 805 541 4044 4044 801 540 4045 4045 797 539 4046 4046 784 975 4047 4047 790 975 4048 4048 793 975 4049 4049 812 554 4050 4050 806 572 4051 4051 816 555 4052 4052 815 557 4053 4053 826 561 4054 4054 824 553 4055 4055 820 556 4056 4056 816 555 4057 4057 817 559 4058 4058 826 561 4059 4059 827 565 4060 4060 825 562 4061 4061 820 556 4062 4062 821 560 4063 4063 819 563 4064 4064 826 561 4065 4065 822 570 4066 4066 823 564 4067 4067 808 566 4068 4068 817 559 4069 4069 816 555 4070 4070 813 568 4071 4071 812 554 4072 4072 818 558 4073 4073 824 553 4074 4074 825 562 4075 4075 811 569 4076 4076 822 570 4077 4077 815 557 4078 4078 814 571 4079 4079 811 569 4080 4080 825 562 4081 4081 817 559 4082 4082 813 568 4083 4083 819 563 4084 4084 823 564 4085 4085 815 976 4086 4086 812 976 4087 4087 813 976 4088 4088 817 559 4089 4089 825 562 4090 4090 827 565 4091 4091 827 565 4092 4092 823 564 4093 4093 819 563 4094 4094 806 977 4095 4095 812 977 4096 4096 815 977 4097 4097 834 578 4098 4098 828 572 4099 4099 838 579 4100 4100 837 581 4101 4101 848 585 4102 4102 846 577 4103 4103 842 580 4104 4104 838 579 4105 4105 839 583 4106 4106 848 585 4107 4107 849 589 4108 4108 847 586 4109 4109 842 580 4110 4110 843 584 4111 4111 841 587 4112 4112 848 585 4113 4113 844 594 4114 4114 845 588 4115 4115 830 590 4116 4116 839 583 4117 4117 838 579 4118 4118 835 592 4119 4119 834 578 4120 4120 840 582 4121 4121 846 577 4122 4122 847 586 4123 4123 833 593 4124 4124 844 594 4125 4125 837 581 4126 4126 836 595 4127 4127 833 593 4128 4128 847 586 4129 4129 839 583 4130 4130 836 595 4131 4131 835 592 4132 4132 841 587 4133 4133 837 978 4134 4134 834 978 4135 4135 835 978 4136 4136 847 586 4137 4137 849 589 4138 4138 843 584 4139 4139 849 589 4140 4140 845 588 4141 4141 841 587 4142 4142 828 977 4143 4143 834 977 4144 4144 837 977 4145 4145 856 600 4146 4146 850 618 4147 4147 860 601 4148 4148 859 603 4149 4149 870 607 4150 4150 868 599 4151 4151 864 602 4152 4152 860 601 4153 4153 861 605 4154 4154 870 607 4155 4155 871 611 4156 4156 869 608 4157 4157 864 602 4158 4158 865 606 4159 4159 863 609 4160 4160 870 607 4161 4161 866 616 4162 4162 867 610 4163 4163 852 612 4164 4164 861 605 4165 4165 860 601 4166 4166 857 614 4167 4167 856 600 4168 4168 862 604 4169 4169 868 599 4170 4170 869 608 4171 4171 855 615 4172 4172 866 616 4173 4173 859 603 4174 4174 858 617 4175 4175 855 615 4176 4176 869 608 4177 4177 861 605 4178 4178 858 617 4179 4179 857 614 4180 4180 863 609 4181 4181 856 596 4182 4182 857 596 4183 4183 858 596 4184 4184 869 608 4185 4185 871 611 4186 4186 865 606 4187 4187 865 606 4188 4188 871 611 4189 4189 867 610 4190 4190 850 977 4191 4191 856 977 4192 4192 859 977 4193 4193 878 623 4194 4194 872 641 4195 4195 882 624 4196 4196 881 626 4197 4197 892 630 4198 4198 890 622 4199 4199 886 625 4200 4200 882 624 4201 4201 883 628 4202 4202 892 630 4203 4203 893 634 4204 4204 891 631 4205 4205 886 625 4206 4206 887 629 4207 4207 885 632 4208 4208 892 630 4209 4209 888 639 4210 4210 889 633 4211 4211 874 635 4212 4212 883 628 4213 4213 882 624 4214 4214 879 637 4215 4215 878 623 4216 4216 884 627 4217 4217 890 622 4218 4218 891 631 4219 4219 877 638 4220 4220 888 639 4221 4221 881 626 4222 4222 880 640 4223 4223 877 638 4224 4224 891 631 4225 4225 883 628 4226 4226 879 637 4227 4227 885 632 4228 4228 889 633 4229 4229 881 979 4230 4230 878 979 4231 4231 879 979 4232 4232 883 628 4233 4233 891 631 4234 4234 893 634 4235 4235 887 629 4236 4236 893 634 4237 4237 889 633 4238 4238 872 977 4239 4239 878 977 4240 4240 881 977 4241 4241 900 646 4242 4242 894 664 4243 4243 904 647 4244 4244 903 649 4245 4245 914 653 4246 4246 912 645 4247 4247 908 648 4248 4248 904 647 4249 4249 905 651 4250 4250 914 653 4251 4251 915 657 4252 4252 913 654 4253 4253 908 648 4254 4254 909 652 4255 4255 907 655 4256 4256 914 653 4257 4257 910 662 4258 4258 911 656 4259 4259 896 658 4260 4260 905 651 4261 4261 904 647 4262 4262 901 660 4263 4263 900 646 4264 4264 906 650 4265 4265 912 645 4266 4266 913 654 4267 4267 899 661 4268 4268 910 662 4269 4269 903 649 4270 4270 902 663 4271 4271 899 661 4272 4272 913 654 4273 4273 905 651 4274 4274 901 660 4275 4275 907 655 4276 4276 911 656 4277 4277 900 32 4278 4278 901 32 4279 4279 902 32 4280 4280 905 651 4281 4281 913 654 4282 4282 915 657 4283 4283 915 657 4284 4284 911 656 4285 4285 907 655 4286 4286 894 977 4287 4287 900 977 4288 4288 903 977 4289 4289 922 2 4290 4290 925 2 4291 4291 987 2 4292 4292 923 980 4293 4293 924 980 4294 4294 927 980 4295 4295 917 981 4296 4296 924 981 4297 4297 987 981 4298 4298 917 982 4299 4299 921 982 4300 4300 927 982 4301 4301 918 60 4302 4302 922 60 4303 4303 986 60 4304 4304 916 983 4305 4305 923 983 4306 4306 926 983 4307 4307 6 996 4350 4350 946 996 4351 4351 945 996 4352 4352 34 998 4356 4356 949 998 4357 4357 950 998 4358 4358 484 685 4359 4359 950 685 4360 4360 951 685 4361 4361 442 1008 4401 4401 971 1008 4402 4402 970 1008 4403 4403 916 1015 4431 4431 984 1015 4432 4432 986 1015 4433 4433 919 1016 4434 4434 985 1016 4435 4435 987 1016 4436 4436 986 1017 4437 4437 987 1017 4438 4438 924 1017 4439 4439 64 1018 4440 4440 991 1018 4441 4441 989 1018 4442 4442 162 1018 4443 4443 995 1018 4444 4444 993 1018 4445 4445 61 1019 4446 4446 988 1019 4447 4447 990 1019 4448 4448 64 1020 4449 4449 63 1020 4450 4450 990 1020 4451 4451 159 1019 4452 4452 992 1019 4453 4453 994 1019 4454 4454 162 1021 4455 4455 161 1021 4456 4456 994 1021 4457 4457 988 685 4458 4458 989 685 4459 4459 991 685 4460 4460 992 685 4461 4461 993 685 4462 4462 995 685 4463 4463</p>
        </triangles>
        <triangles material="clutter_commercial-material" count="186">
          <input semantic="VERTEX" source="#Plane_025-mesh-vertices" offset="0"/>
          <input semantic="NORMAL" source="#Plane_025-mesh-normals" offset="1"/>
          <input semantic="TEXCOORD" source="#Plane_025-mesh-map-0" offset="2" set="0"/>
          <input semantic="TEXCOORD" source="#Plane_025-mesh-map-1" offset="2" set="1"/>
          <input semantic="COLOR" source="#Plane_025-mesh-colors-Col" offset="3" set="0"/>
          <p>1057 2 2217 2217 1058 2 2218 2218 1056 2 2219 2219 1060 720 2220 2220 1063 720 2221 2221 1062 720 2222 2222 1074 724 2232 2232 1076 724 2233 2233 1086 724 2234 2234 1079 725 2235 2235 1078 725 2236 2236 1077 725 2237 2237 1080 726 2238 2238 1081 726 2239 2239 1079 726 2240 2240 1087 728 2244 2244 1089 728 2245 2245 1099 728 2246 2246 1092 729 2247 2247 1091 729 2248 2248 1090 729 2249 2249 1093 730 2250 2250 1094 730 2251 2251 1092 730 2252 2252 1100 732 2256 2256 1102 732 2257 2257 1112 732 2258 2258 1103 733 2259 2259 1107 733 2260 2260 1105 733 2261 2261 1104 734 2262 2262 1108 734 2263 2263 1107 734 2264 2264 1114 736 2268 2268 1115 736 2269 2269 1113 736 2270 2270 1118 737 2271 2271 1119 737 2272 2272 1117 737 2273 2273 1122 738 2274 2274 1123 738 2275 2275 1121 738 2276 2276 1126 739 2277 2277 1127 739 2278 2278 1125 739 2279 2279 1129 740 2280 2280 1131 740 2281 2281 1141 740 2282 2282 1134 725 2283 2283 1133 725 2284 2284 1132 725 2285 2285 1135 741 2286 2286 1136 741 2287 2287 1134 741 2288 2288 1143 742 2292 2292 1144 742 2293 2293 1142 742 2294 2294 1147 703 2295 2295 1148 703 2296 2296 1146 703 2297 2297 1151 743 2298 2298 1152 743 2299 2299 1150 743 2300 2300 1155 744 2301 2301 1156 744 2302 2302 1154 744 2303 2303 1159 745 2304 2304 1160 745 2305 2305 1158 745 2306 2306 1158 746 2307 2307 1163 746 2308 2308 1159 746 2309 2309 1165 747 2310 2310 1166 747 2311 2311 1164 747 2312 2312 1169 748 2313 2313 1170 748 2314 2314 1168 748 2315 2315 1172 749 2316 2316 1175 749 2317 2317 1174 749 2318 2318 1176 750 2319 2319 1175 750 2320 2320 1173 750 2321 2321 1181 751 2322 2322 1179 751 2323 2323 1178 751 2324 2324 1182 752 2325 2325 1180 752 2326 2326 1181 752 2327 2327 1057 1033 4509 4509 1059 1033 4510 4510 1058 1033 4511 4511 1060 2 4512 4512 1061 2 4513 4513 1063 2 4514 4514 1074 1037 4524 4524 1075 1037 4525 4525 1076 1037 4526 4526 1079 729 4527 4527 1081 729 4528 4528 1078 729 4529 4529 1080 1038 4530 4530 1082 1038 4531 4531 1081 1038 4532 4532 1087 1037 4536 4536 1088 1037 4537 4537 1089 1037 4538 4538 1092 725 4539 4539 1094 725 4540 4540 1091 725 4541 4541 1093 726 4542 4542 1095 726 4543 4543 1094 726 4544 4544 1100 1040 4548 4548 1101 1040 4549 4549 1102 1040 4550 4550 1103 1041 4551 4551 1104 1041 4552 4552 1107 1041 4553 4553 1104 1042 4554 4554 1106 1042 4555 4555 1108 1042 4556 4556 1114 736 4560 4560 1116 736 4561 4561 1115 736 4562 4562 1118 1044 4563 4563 1120 1044 4564 4564 1119 1044 4565 4565 1122 743 4566 4566 1124 743 4567 4567 1123 743 4568 4568 1126 703 4569 4569 1128 703 4570 4570 1127 703 4571 4571 1129 1045 4572 4572 1130 1045 4573 4573 1131 1045 4574 4574 1134 1046 4575 4575 1136 1046 4576 4576 1133 1046 4577 4577 1135 1047 4578 4578 1137 1047 4579 4579 1136 1047 4580 4580 1143 743 4584 4584 1145 743 4585 4585 1144 743 4586 4586 1147 1049 4587 4587 1149 1049 4588 4588 1148 1049 4589 4589 1151 743 4590 4590 1153 743 4591 4591 1152 743 4592 4592 1155 1049 4593 4593 1157 1049 4594 4594 1156 1049 4595 4595 1159 1050 4596 4596 1161 1050 4597 4597 1160 1050 4598 4598 1158 746 4599 4599 1162 746 4600 4600 1163 746 4601 4601 1165 1051 4602 4602 1167 1051 4603 4603 1166 1051 4604 4604 1169 1052 4605 4605 1171 1052 4606 4606 1170 1052 4607 4607 1172 1053 4608 4608 1173 1053 4609 4609 1175 1053 4610 4610 1176 1054 4611 4611 1177 1054 4612 4612 1175 1054 4613 4613 1181 1055 4614 4614 1180 1055 4615 4615 1179 1055 4616 4616 1182 1056 4617 4617 1183 1056 4618 4618 1180 1056 4619 4619 1278 758 4695 2343 1279 758 4696 2343 1280 758 4697 2343 1278 758 4695 2343 1280 758 4697 2343 1281 758 4698 2343 1282 758 4699 2343 1283 758 4700 2343 1284 758 4701 2343 1282 758 4699 2343 1284 758 4701 2343 1285 758 4702 2343 1286 758 4703 2343 1287 758 4704 2343 1288 758 4705 2343 1286 758 4703 2343 1288 758 4705 2343 1289 758 4706 2343 1290 758 4707 2343 1291 758 4708 2343 1292 758 4709 2343 1290 758 4707 2343 1292 758 4709 2343 1293 758 4710 2343 1294 758 4711 2343 1295 758 4712 2343 1296 758 4713 2343 1294 758 4711 2343 1296 758 4713 2343 1297 758 4714 2343 1298 758 4715 2343 1299 758 4716 2343 1300 758 4717 2343 1298 758 4715 2343 1300 758 4717 2343 1301 758 4718 2343 1302 758 4719 2343 1303 758 4720 2343 1304 758 4721 2343 1302 758 4719 2343 1304 758 4721 2343 1305 758 4722 2343 1306 758 4723 2343 1307 758 4724 2343 1308 758 4725 2343 1306 758 4723 2343 1308 758 4725 2343 1309 758 4726 2343 1310 758 4727 2343 1311 758 4728 2343 1312 758 4729 2343 1310 758 4727 2343 1312 758 4729 2343 1313 758 4730 2343 1314 758 4731 2343 1315 758 4732 2343 1316 758 4733 2343 1314 758 4731 2343 1316 758 4733 2343 1317 758 4734 2343 1318 763 4735 2367 1319 763 4736 2367 1320 763 4737 2367 1318 763 4735 2367 1320 763 4737 2367 1321 763 4738 2367 1322 763 4739 2367 1323 763 4740 2367 1324 763 4741 2367 1322 763 4739 2367 1324 763 4741 2367 1325 763 4742 2367 1326 763 4743 2367 1327 763 4744 2367 1328 763 4745 2367 1326 763 4743 2367 1328 763 4745 2367 1329 763 4746 2367 1330 763 4747 2367 1331 763 4748 2367 1332 763 4749 2367 1330 763 4747 2367 1332 763 4749 2367 1333 763 4750 2367 1334 763 4751 2367 1335 763 4752 2367 1336 763 4753 2367 1334 763 4751 2367 1336 763 4753 2367 1337 763 4754 2367 1338 763 4755 2367 1339 763 4756 2367 1340 763 4757 2367 1338 763 4755 2367 1340 763 4757 2367 1341 763 4758 2367 1342 763 4759 2367 1343 763 4760 2367 1344 763 4761 2367 1342 763 4759 2367 1344 763 4761 2367 1345 763 4762 2367 1346 763 4763 2367 1347 763 4764 2367 1348 763 4765 2367 1346 763 4763 2367 1348 763 4765 2367 1349 763 4766 2367 1350 763 4767 2367 1351 763 4768 2367 1352 763 4769 2367 1350 763 4767 2367 1352 763 4769 2367 1353 763 4770 2367 1354 763 4771 2367 1355 763 4772 2367 1356 763 4773 2367 1354 763 4771 2367 1356 763 4773 2367 1357 763 4774 2367 1358 721 4775 2223 1359 721 4776 2223 1360 721 4777 2223 1358 721 4775 2223 1360 721 4777 2223 1361 721 4778 2223 1362 721 4779 2223 1363 721 4780 2223 1364 721 4781 2223 1362 721 4779 2223 1364 721 4781 2223 1365 721 4782 2223 1366 721 4783 2223 1367 721 4784 2223 1368 721 4785 2223 1366 721 4783 2223 1368 721 4785 2223 1369 721 4786 2223 1370 721 4787 2223 1371 721 4788 2223 1372 721 4789 2223 1370 721 4787 2223 1372 721 4789 2223 1373 721 4790 2223 1374 721 4791 2223 1375 721 4792 2223 1376 721 4793 2223 1374 721 4791 2223 1376 721 4793 2223 1377 721 4794 2223 1378 717 4795 2208 1379 717 4796 2208 1380 717 4797 2208 1378 717 4795 2208 1380 717 4797 2208 1381 717 4798 2208 1382 717 4799 2208 1383 717 4800 2208 1384 717 4801 2208 1382 717 4799 2208 1384 717 4801 2208 1385 717 4802 2208 1386 717 4803 2208 1387 717 4804 2208 1388 717 4805 2208 1386 717 4803 2208 1388 717 4805 2208 1389 717 4806 2208 1390 717 4807 2208 1391 717 4808 2208 1392 717 4809 2208 1390 717 4807 2208 1392 717 4809 2208 1393 717 4810 2208 1394 717 4811 2208 1395 717 4812 2208 1396 717 4813 2208 1394 717 4811 2208 1396 717 4813 2208 1397 717 4814 2208 1398 753 4815 2328 1399 753 4816 2328 1400 753 4817 2328 1398 753 4815 2328 1400 753 4817 2328 1401 753 4818 2328 1402 753 4819 2328 1403 753 4820 2328 1404 753 4821 2328 1402 753 4819 2328 1404 753 4821 2328 1405 753 4822 2328 1406 753 4823 2328 1407 753 4824 2328 1408 753 4825 2328 1406 753 4823 2328 1408 753 4825 2328 1409 753 4826 2328 1410 753 4827 2328 1411 753 4828 2328 1412 753 4829 2328 1410 753 4827 2328 1412 753 4829 2328 1413 753 4830 2328 1414 753 4831 2328 1415 753 4832 2328 1416 753 4833 2328 1414 753 4831 2328 1416 753 4833 2328 1417 753 4834 2328 1418 712 4835 2190 1419 712 4836 2190 1420 712 4837 2190 1418 712 4835 2190 1420 712 4837 2190 1421 712 4838 2190 1422 712 4839 2190 1423 712 4840 2190 1424 712 4841 2190 1422 712 4839 2190 1424 712 4841 2190 1425 712 4842 2190 1426 712 4843 2190 1427 712 4844 2190 1428 712 4845 2190 1426 712 4843 2190 1428 712 4845 2190 1429 712 4846 2190 1430 712 4847 2190 1431 712 4848 2190 1432 712 4849 2190 1430 712 4847 2190 1432 712 4849 2190 1433 712 4850 2190 1434 712 4851 2190 1435 712 4852 2190 1436 712 4853 2190 1434 712 4851 2190 1436 712 4853 2190 1437 712 4854 2190 1438 712 4855 2190 1439 712 4856 2190 1440 712 4857 2190 1438 712 4855 2190 1440 712 4857 2190 1441 712 4858 2190 1442 712 4859 2190 1443 712 4860 2190 1444 712 4861 2190 1442 712 4859 2190 1444 712 4861 2190 1445 712 4862 2190 1446 712 4863 2190 1447 712 4864 2190 1448 712 4865 2190 1446 712 4863 2190 1448 712 4865 2190 1449 712 4866 2190 1450 712 4867 2190 1451 712 4868 2190 1452 712 4869 2190 1450 712 4867 2190 1452 712 4869 2190 1453 712 4870 2190 1454 711 4871 2187 1455 711 4872 2187 1456 711 4873 2187 1454 711 4871 2187 1456 711 4873 2187 1457 711 4874 2187 1458 711 4875 2187 1459 711 4876 2187 1460 711 4877 2187 1458 711 4875 2187 1460 711 4877 2187 1461 711 4878 2187 1462 711 4879 2187 1463 711 4880 2187 1464 711 4881 2187 1462 711 4879 2187 1464 711 4881 2187 1465 711 4882 2187 1466 711 4883 2187 1467 711 4884 2187 1468 711 4885 2187 1466 711 4883 2187 1468 711 4885 2187 1469 711 4886 2187 1470 711 4887 2187 1471 711 4888 2187 1472 711 4889 2187 1470 711 4887 2187 1472 711 4889 2187 1473 711 4890 2187 1474 711 4891 2187 1475 711 4892 2187 1476 711 4893 2187 1474 711 4891 2187 1476 711 4893 2187 1477 711 4894 2187 1478 711 4895 2187 1479 711 4896 2187 1480 711 4897 2187 1478 711 4895 2187 1480 711 4897 2187 1481 711 4898 2187 1482 711 4899 2187 1483 711 4900 2187 1484 711 4901 2187 1482 711 4899 2187 1484 711 4901 2187 1485 711 4902 2187 1486 711 4903 2187 1487 711 4904 2187 1488 711 4905 2187 1486 711 4903 2187 1488 711 4905 2187 1489 711 4906 2187 1490 727 4907 2241 1491 727 4908 2241 1492 727 4909 2241 1490 727 4907 2241 1492 727 4909 2241 1493 727 4910 2241 1494 727 4911 2241 1495 727 4912 2241 1496 727 4913 2241 1494 727 4911 2241 1496 727 4913 2241 1497 727 4914 2241 1498 731 4915 2253 1499 731 4916 2253 1500 731 4917 2253 1498 731 4915 2253 1500 731 4917 2253 1501 731 4918 2253 1502 731 4919 2253 1503 731 4920 2253 1504 731 4921 2253 1502 731 4919 2253 1504 731 4921 2253 1505 731 4922 2253 1506 735 4923 2265 1507 735 4924 2265 1508 735 4925 2265 1506 735 4923 2265 1508 735 4925 2265 1509 735 4926 2265 1510 735 4927 2265 1511 735 4928 2265 1512 735 4929 2265 1510 735 4927 2265 1512 735 4929 2265 1513 735 4930 2265 1514 735 4931 2289 1515 735 4932 2289 1516 735 4933 2289 1514 735 4931 2289 1516 735 4933 2289 1517 735 4934 2289 1518 735 4935 2289 1519 735 4936 2289 1520 735 4937 2289 1518 735 4935 2289 1520 735 4937 2289 1521 735 4938 2289 1522 757 4939 2340 1523 757 4940 2340 1524 757 4941 2340 1522 757 4939 2340 1524 757 4941 2340 1525 757 4942 2340 1526 757 4943 2340 1527 757 4944 2340 1528 757 4945 2340 1526 757 4943 2340 1528 757 4945 2340 1529 757 4946 2340</p>
        </triangles>
        <triangles material="tiles_marble_square-material" count="107">
          <input semantic="VERTEX" source="#Plane_025-mesh-vertices" offset="0"/>
          <input semantic="NORMAL" source="#Plane_025-mesh-normals" offset="1"/>
          <input semantic="TEXCOORD" source="#Plane_025-mesh-map-0" offset="2" set="0"/>
          <input semantic="TEXCOORD" source="#Plane_025-mesh-map-1" offset="2" set="1"/>
          <input semantic="COLOR" source="#Plane_025-mesh-colors-Col" offset="3" set="0"/>
          <p>957 0 0 0 3 0 1 1 958 0 2 2 956 1 3 3 4 1 4 4 957 1 5 5 962 6 18 18 22 6 19 19 963 6 20 20 15 9 27 27 962 9 28 28 960 9 29 29 12 13 39 39 963 13 40 40 961 13 41 41 38 2 48 48 954 2 49 49 955 2 50 50 954 18 57 57 31 18 58 58 952 18 59 59 955 22 69 69 28 22 70 70 953 22 71 71 983 28 87 87 313 28 88 88 49 28 89 89 981 29 90 90 313 29 91 91 983 29 92 92 67 33 108 108 979 33 109 109 980 33 110 110 979 36 117 117 60 36 118 118 977 36 119 119 980 32 129 129 57 32 130 130 978 32 131 131 74 41 138 138 78 41 139 139 73 41 140 140 76 2 141 141 79 2 142 142 74 2 143 143 96 46 165 165 97 46 166 166 95 46 167 167 90 14 174 174 96 14 175 175 88 14 176 176 87 48 186 186 97 48 187 187 89 48 188 188 969 88 276 276 440 88 277 277 441 88 278 278 969 89 279 279 247 89 280 280 974 89 281 281 165 91 288 288 966 91 289 289 967 91 290 290 966 93 297 297 158 93 298 298 964 93 299 299 967 32 309 309 155 32 310 310 965 32 311 311 153 2 318 318 172 2 319 319 154 2 320 320 974 154 435 435 246 154 436 436 972 154 437 437 246 155 438 438 973 155 439 439 972 155 440 440 246 156 441 441 250 156 442 442 249 156 443 443 983 2 525 525 312 2 526 526 975 2 527 527 312 20 528 528 315 20 529 529 314 20 530 530 976 177 531 531 311 177 532 532 975 177 533 533 3 683 2058 2058 959 683 2059 2059 958 683 2060 2060 38 686 2067 2067 953 686 2068 2068 30 686 2069 2069 37 687 2070 2070 952 687 2071 2071 29 687 2072 2072 955 688 2073 2073 37 688 2074 2074 36 688 2075 2075 958 689 2076 2076 944 689 2077 2077 0 689 2078 2078 2 2 2079 2079 957 2 2080 2080 1 2 2081 2081 1 5 2082 2082 958 5 2083 2083 0 5 2084 2084 961 690 2085 2085 22 690 2086 2086 14 690 2087 2087 960 691 2088 2088 21 691 2089 2089 13 691 2090 2090 21 692 2091 2091 963 692 2092 2092 20 692 2093 2093 165 693 2094 2094 965 693 2095 2095 157 693 2096 2096 164 5 2097 2097 964 5 2098 2098 156 5 2099 2099 967 694 2100 2100 164 694 2101 2101 163 694 2102 2102 347 695 2103 2103 968 695 2104 2104 969 695 2105 2105 972 696 2109 2109 248 696 2110 2110 245 696 2111 2111 151 2 2112 2112 972 2 2113 2113 245 2 2114 2114 347 697 2115 2115 974 697 2116 2116 151 697 2117 2117 314 698 2118 2118 975 698 2119 2119 312 698 2120 2120 67 699 2121 2121 978 699 2122 2122 59 699 2123 2123 66 5 2124 2124 977 5 2125 2125 58 5 2126 2126 980 2 2127 2127 66 2 2128 2128 65 2 2129 2129 48 701 2133 2133 983 701 2134 2134 47 701 2135 2135 47 702 2136 2136 975 702 2137 2137 311 702 2138 2138 957 771 2403 2403 4 771 2404 2404 3 771 2405 2405 956 772 2406 2406 5 772 2407 2407 4 772 2408 2408 962 773 2421 2421 23 773 2422 2422 22 773 2423 2423 15 774 2430 2430 23 774 2431 2431 962 774 2432 2432 12 776 2442 2442 20 776 2443 2443 963 776 2444 2444 38 778 2451 2451 39 778 2452 2452 954 778 2453 2453 954 779 2460 2460 39 779 2461 2461 31 779 2462 2462 955 780 2472 2472 36 780 2473 2473 28 780 2474 2474 49 783 2487 2487 46 783 2488 2488 983 783 2489 2489 46 784 2490 2490 47 784 2491 2491 983 784 2492 2492 981 785 2493 2493 50 785 2494 2494 313 785 2495 2495 67 788 2511 2511 68 788 2512 2512 979 788 2513 2513 979 36 2520 2520 68 36 2521 2521 60 36 2522 2522 980 791 2532 2532 65 791 2533 2533 57 791 2534 2534 74 41 2541 2541 79 41 2542 2542 78 41 2543 2543 76 2 2544 2544 80 2 2545 2545 79 2 2546 2546 96 794 2568 2568 98 794 2569 2569 97 794 2570 2570 90 14 2577 2577 98 14 2578 2578 96 14 2579 2579 87 10 2589 2589 95 10 2590 2590 97 10 2591 2591 969 819 2721 2721 968 819 2722 2722 440 819 2723 2723 969 820 2724 2724 441 820 2725 2725 247 820 2726 2726 165 822 2733 2733 166 822 2734 2734 966 822 2735 2735 966 824 2742 2742 166 824 2743 2743 158 824 2744 2744 967 32 2754 2754 163 32 2755 2755 155 32 2756 2756 153 2 2763 2763 171 2 2764 2764 172 2 2765 2765 974 862 2952 2952 247 862 2953 2953 246 862 2954 2954 246 863 2955 2955 249 863 2956 2956 973 863 2957 2957 246 864 2958 2958 247 864 2959 2959 250 864 2960 2960 983 882 3042 3042 313 882 3043 3043 312 882 3044 3044 312 883 3045 3045 313 883 3046 3046 315 883 3047 3047 976 884 3048 3048 316 884 3049 3049 311 884 3050 3050 3 997 4353 4353 945 997 4354 4354 959 997 4355 4355 38 999 4362 4362 955 999 4363 4363 953 999 4364 4364 37 1000 4365 4365 954 1000 4366 4366 952 1000 4367 4367 955 2 4368 4368 954 2 4369 4369 37 2 4370 4370 958 1001 4371 4371 959 1001 4372 4372 944 1001 4373 4373 2 2 4374 4374 956 2 4375 4375 957 2 4376 4376 1 5 4377 4377 957 5 4378 4378 958 5 4379 4379 961 1002 4380 4380 963 1002 4381 4381 22 1002 4382 4382 960 1003 4383 4383 962 1003 4384 4384 21 1003 4385 4385 21 1004 4386 4386 962 1004 4387 4387 963 1004 4388 4388 165 1005 4389 4389 967 1005 4390 4390 965 1005 4391 4391 164 5 4392 4392 966 5 4393 4393 964 5 4394 4394 967 1006 4395 4395 966 1006 4396 4396 164 1006 4397 4397 347 1007 4398 4398 152 1007 4399 4399 968 1007 4400 4400 972 696 4404 4404 973 696 4405 4405 248 696 4406 4406 151 1009 4407 4407 974 1009 4408 4408 972 1009 4409 4409 347 1010 4410 4410 969 1010 4411 4411 974 1010 4412 4412 314 1011 4413 4413 976 1011 4414 4414 975 1011 4415 4415 67 1012 4416 4416 980 1012 4417 4417 978 1012 4418 4418 66 1013 4419 4419 979 1013 4420 4420 977 1013 4421 4421 980 1014 4422 4422 979 1014 4423 4423 66 1014 4424 4424 48 703 4425 4425 981 703 4426 4426 983 703 4427 4427 47 2 4428 4428 983 2 4429 4429 975 2 4430 4430</p>
        </triangles>
      </mesh>
    </geometry>
  </library_geometries>
  <library_visual_scenes>
    <visual_scene id="Scene" name="Scene">
      <node id="base00" name="base00" type="NODE">
        <matrix sid="transform">1 0 0 0 0 1 0 0 0 0 1 0 0 0 0 1</matrix>
        <node id="start01" name="start01" type="NODE">
          <matrix sid="transform">1 0 0 0 0 1 0 0 0 0 1 0 0 0 0 1</matrix>
          <node id="s_bld_shops_001_L400" name="s_bld_shops_001_L400" type="NODE">
            <matrix sid="transform">1 0 0 0 0 1 0 0 0 0 1 0 0 0 0 1</matrix>
            <instance_geometry url="#Plane_025-mesh" name="s_bld_shops_001_L400">
              <bind_material>
                <technique_common>
                  <instance_material symbol="architraves-material" target="#architraves-material">
                    <bind_vertex_input semantic="UVMap" input_semantic="TEXCOORD" input_set="0"/>
                    <bind_vertex_input semantic="UVMap.001" input_semantic="TEXCOORD" input_set="1"/>
                  </instance_material>
                  <instance_material symbol="industrial_trim-material" target="#industrial_trim-material">
                    <bind_vertex_input semantic="UVMap" input_semantic="TEXCOORD" input_set="0"/>
                    <bind_vertex_input semantic="UVMap.001" input_semantic="TEXCOORD" input_set="1"/>
                  </instance_material>
                  <instance_material symbol="windows_doors_reflective-material" target="#windows_doors_reflective-material">
                    <bind_vertex_input semantic="UVMap" input_semantic="TEXCOORD" input_set="0"/>
                    <bind_vertex_input semantic="UVMap.001" input_semantic="TEXCOORD" input_set="1"/>
                  </instance_material>
                  <instance_material symbol="corrugation-material" target="#corrugation-material">
                    <bind_vertex_input semantic="UVMap" input_semantic="TEXCOORD" input_set="0"/>
                    <bind_vertex_input semantic="UVMap.001" input_semantic="TEXCOORD" input_set="1"/>
                  </instance_material>
                  <instance_material symbol="slabs_large-material" target="#slabs_large-material">
                    <bind_vertex_input semantic="UVMap" input_semantic="TEXCOORD" input_set="0"/>
                    <bind_vertex_input semantic="UVMap.001" input_semantic="TEXCOORD" input_set="1"/>
                  </instance_material>
                  <instance_material symbol="brick_painted-material" target="#brick_painted-material">
                    <bind_vertex_input semantic="UVMap" input_semantic="TEXCOORD" input_set="0"/>
                    <bind_vertex_input semantic="UVMap.001" input_semantic="TEXCOORD" input_set="1"/>
                  </instance_material>
                  <instance_material symbol="m_plaster_worn_01-material" target="#m_plaster_worn_01-material">
                    <bind_vertex_input semantic="UVMap" input_semantic="TEXCOORD" input_set="0"/>
                    <bind_vertex_input semantic="UVMap.001" input_semantic="TEXCOORD" input_set="1"/>
                  </instance_material>
                  <instance_material symbol="clutter_commercial-material" target="#clutter_commercial-material">
                    <bind_vertex_input semantic="UVMap" input_semantic="TEXCOORD" input_set="0"/>
                    <bind_vertex_input semantic="UVMap.001" input_semantic="TEXCOORD" input_set="1"/>
                  </instance_material>
                  <instance_material symbol="tiles_marble_square-material" target="#tiles_marble_square-material">
                    <bind_vertex_input semantic="UVMap" input_semantic="TEXCOORD" input_set="0"/>
                    <bind_vertex_input semantic="UVMap.001" input_semantic="TEXCOORD" input_set="1"/>
                  </instance_material>
                </technique_common>
              </bind_material>
            </instance_geometry>
          </node>
          <node id="Colmesh_s_bld_shops_001-1" name="Colmesh_s_bld_shops_001-1" type="NODE">
            <matrix sid="transform">1 0 0 0 0 1 0 0 0 0 1 0 0 0 0 1</matrix>
            <instance_geometry url="#Colmesh_city_block5-1_006-mesh" name="Colmesh_s_bld_shops_001-1">
              <bind_material>
                <technique_common>
                  <instance_material symbol="brick_painted-material" target="#brick_painted-material"/>
                </technique_common>
              </bind_material>
            </instance_geometry>
          </node>
          <node id="s_bld_shops_001_L150" name="s_bld_shops_001_L150" type="NODE">
            <matrix sid="transform">1 0 0 0 0 1 0 0 0 0 1 0 0 0 0 1</matrix>
            <instance_geometry url="#Plane_060-mesh" name="s_bld_shops_001_L150">
              <bind_material>
                <technique_common>
                  <instance_material symbol="m_bld_shops_001_LOD-material" target="#m_bld_shops_001_LOD-material">
                    <bind_vertex_input semantic="UVMap" input_semantic="TEXCOORD" input_set="0"/>
                    <bind_vertex_input semantic="UVMap.001" input_semantic="TEXCOORD" input_set="1"/>
                  </instance_material>
                  <instance_material symbol="architraves-material" target="#architraves-material">
                    <bind_vertex_input semantic="UVMap" input_semantic="TEXCOORD" input_set="0"/>
                    <bind_vertex_input semantic="UVMap.001" input_semantic="TEXCOORD" input_set="1"/>
                  </instance_material>
                  <instance_material symbol="industrial_trim-material" target="#industrial_trim-material">
                    <bind_vertex_input semantic="UVMap" input_semantic="TEXCOORD" input_set="0"/>
                    <bind_vertex_input semantic="UVMap.001" input_semantic="TEXCOORD" input_set="1"/>
                  </instance_material>
                  <instance_material symbol="windows_doors_reflective-material" target="#windows_doors_reflective-material">
                    <bind_vertex_input semantic="UVMap" input_semantic="TEXCOORD" input_set="0"/>
                    <bind_vertex_input semantic="UVMap.001" input_semantic="TEXCOORD" input_set="1"/>
                  </instance_material>
                  <instance_material symbol="corrugation-material" target="#corrugation-material">
                    <bind_vertex_input semantic="UVMap" input_semantic="TEXCOORD" input_set="0"/>
                    <bind_vertex_input semantic="UVMap.001" input_semantic="TEXCOORD" input_set="1"/>
                  </instance_material>
                  <instance_material symbol="slabs_large-material" target="#slabs_large-material">
                    <bind_vertex_input semantic="UVMap" input_semantic="TEXCOORD" input_set="0"/>
                    <bind_vertex_input semantic="UVMap.001" input_semantic="TEXCOORD" input_set="1"/>
                  </instance_material>
                  <instance_material symbol="brick_painted-material" target="#brick_painted-material">
                    <bind_vertex_input semantic="UVMap" input_semantic="TEXCOORD" input_set="0"/>
                    <bind_vertex_input semantic="UVMap.001" input_semantic="TEXCOORD" input_set="1"/>
                  </instance_material>
                  <instance_material symbol="m_plaster_worn_01-material" target="#m_plaster_worn_01-material">
                    <bind_vertex_input semantic="UVMap" input_semantic="TEXCOORD" input_set="0"/>
                    <bind_vertex_input semantic="UVMap.001" input_semantic="TEXCOORD" input_set="1"/>
                  </instance_material>
                  <instance_material symbol="clutter_commercial-material" target="#clutter_commercial-material">
                    <bind_vertex_input semantic="UVMap" input_semantic="TEXCOORD" input_set="0"/>
                    <bind_vertex_input semantic="UVMap.001" input_semantic="TEXCOORD" input_set="1"/>
                  </instance_material>
                  <instance_material symbol="tiles_marble_square-material" target="#tiles_marble_square-material">
                    <bind_vertex_input semantic="UVMap" input_semantic="TEXCOORD" input_set="0"/>
                    <bind_vertex_input semantic="UVMap.001" input_semantic="TEXCOORD" input_set="1"/>
                  </instance_material>
                </technique_common>
              </bind_material>
            </instance_geometry>
          </node>
          <node id="s_bld_shops_001_L79" name="s_bld_shops_001_L79" type="NODE">
            <matrix sid="transform">1 0 0 0 0 1 0 0 0 0 1 0 0 0 0 1</matrix>
            <instance_geometry url="#Plane_061-mesh" name="s_bld_shops_001_L79">
              <bind_material>
                <technique_common>
                  <instance_material symbol="m_bld_shops_001_LOD-material" target="#m_bld_shops_001_LOD-material">
                    <bind_vertex_input semantic="UVMap" input_semantic="TEXCOORD" input_set="0"/>
                  </instance_material>
                </technique_common>
              </bind_material>
            </instance_geometry>
          </node>
        </node>
      </node>
    </visual_scene>
  </library_visual_scenes>
  <scene>
    <instance_visual_scene url="#Scene"/>
  </scene>
</COLLADA>