<?xml version="1.0" encoding="utf-8"?>
<COLLADA xmlns="http://www.collada.org/2005/11/COLLADASchema" version="1.4.1" xmlns:xsi="http://www.w3.org/2001/XMLSchema-instance">
  <asset>
    <contributor>
      <author>Blender User</author>
      <authoring_tool>Blender 4.0.2 commit date:2023-12-05, commit time:07:41, hash:9be62e85b727</authoring_tool>
    </contributor>
    <created>2026-07-23T18:33:07</created>
    <modified>2026-07-23T18:33:07</modified>
    <unit name="meter" meter="1"/>
    <up_axis>Z_UP</up_axis>
  </asset>
  <library_effects>
    <effect id="m_bld_food_mart_001_LOD-effect">
      <profile_COMMON>
        <technique sid="common">
          <lambert>
            <emission>
              <color sid="emission">0 0 0 1</color>
            </emission>
            <diffuse>
              <color sid="diffuse">0.8 0.8 0.8 1</color>
            </diffuse>
            <index_of_refraction>
              <float sid="ior">1.5</float>
            </index_of_refraction>
          </lambert>
        </technique>
      </profile_COMMON>
    </effect>
    <effect id="clutter_commercial-effect">
      <profile_COMMON>
        <technique sid="common">
          <lambert>
            <emission>
              <color sid="emission">0 0 0 1</color>
            </emission>
            <diffuse>
              <color sid="diffuse">0.8 0.8 0.8 1</color>
            </diffuse>
            <reflectivity>
              <float sid="specular">0.5</float>
            </reflectivity>
            <index_of_refraction>
              <float sid="ior">1.45</float>
            </index_of_refraction>
          </lambert>
        </technique>
      </profile_COMMON>
    </effect>
    <effect id="wirefence-effect">
      <profile_COMMON>
        <technique sid="common">
          <lambert>
            <emission>
              <color sid="emission">0 0 0 1</color>
            </emission>
            <diffuse>
              <color sid="diffuse">0.8 0.8 0.8 1</color>
            </diffuse>
            <reflectivity>
              <float sid="specular">0.5</float>
            </reflectivity>
            <index_of_refraction>
              <float sid="ior">1.45</float>
            </index_of_refraction>
          </lambert>
        </technique>
      </profile_COMMON>
    </effect>
    <effect id="industrial-effect">
      <profile_COMMON>
        <technique sid="common">
          <lambert>
            <emission>
              <color sid="emission">0 0 0 1</color>
            </emission>
            <diffuse>
              <color sid="diffuse">0.8 0.8 0.8 1</color>
            </diffuse>
            <reflectivity>
              <float sid="specular">0.5</float>
            </reflectivity>
            <index_of_refraction>
              <float sid="ior">1.45</float>
            </index_of_refraction>
          </lambert>
        </technique>
      </profile_COMMON>
    </effect>
    <effect id="windows_doors_reflective-effect">
      <profile_COMMON>
        <technique sid="common">
          <lambert>
            <emission>
              <color sid="emission">0 0 0 1</color>
            </emission>
            <diffuse>
              <color sid="diffuse">0.8 0.8 0.8 1</color>
            </diffuse>
            <reflectivity>
              <float sid="specular">0.5</float>
            </reflectivity>
            <index_of_refraction>
              <float sid="ior">1.45</float>
            </index_of_refraction>
          </lambert>
        </technique>
      </profile_COMMON>
    </effect>
    <effect id="corrugation-effect">
      <profile_COMMON>
        <technique sid="common">
          <lambert>
            <emission>
              <color sid="emission">0 0 0 1</color>
            </emission>
            <diffuse>
              <color sid="diffuse">0.8 0.8 0.8 1</color>
            </diffuse>
            <reflectivity>
              <float sid="specular">0.5</float>
            </reflectivity>
            <index_of_refraction>
              <float sid="ior">1.45</float>
            </index_of_refraction>
          </lambert>
        </technique>
      </profile_COMMON>
    </effect>
    <effect id="slabs_large-effect">
      <profile_COMMON>
        <technique sid="common">
          <lambert>
            <emission>
              <color sid="emission">0 0 0 1</color>
            </emission>
            <diffuse>
              <color sid="diffuse">0.8 0.8 0.8 1</color>
            </diffuse>
            <reflectivity>
              <float sid="specular">0.5</float>
            </reflectivity>
            <index_of_refraction>
              <float sid="ior">1.45</float>
            </index_of_refraction>
          </lambert>
        </technique>
      </profile_COMMON>
    </effect>
    <effect id="m_stucco_scraped_01-effect">
      <profile_COMMON>
        <technique sid="common">
          <lambert>
            <emission>
              <color sid="emission">0 0 0 1</color>
            </emission>
            <diffuse>
              <color sid="diffuse">0.8 0.8 0.8 1</color>
            </diffuse>
            <reflectivity>
              <float sid="specular">0.5</float>
            </reflectivity>
            <index_of_refraction>
              <float sid="ior">1.45</float>
            </index_of_refraction>
          </lambert>
        </technique>
      </profile_COMMON>
    </effect>
    <effect id="stone_brick_regular-effect">
      <profile_COMMON>
        <technique sid="common">
          <lambert>
            <emission>
              <color sid="emission">0 0 0 1</color>
            </emission>
            <diffuse>
              <color sid="diffuse">0.8 0.8 0.8 1</color>
            </diffuse>
            <reflectivity>
              <float sid="specular">0.5</float>
            </reflectivity>
            <index_of_refraction>
              <float sid="ior">1.45</float>
            </index_of_refraction>
          </lambert>
        </technique>
      </profile_COMMON>
    </effect>
    <effect id="curbs-effect">
      <profile_COMMON>
        <technique sid="common">
          <lambert>
            <emission>
              <color sid="emission">0 0 0 1</color>
            </emission>
            <diffuse>
              <color sid="diffuse">0.8 0.8 0.8 1</color>
            </diffuse>
            <reflectivity>
              <float sid="specular">0.5</float>
            </reflectivity>
            <index_of_refraction>
              <float sid="ior">1.45</float>
            </index_of_refraction>
          </lambert>
        </technique>
      </profile_COMMON>
    </effect>
  </library_effects>
  <library_images/>
  <library_materials>
    <material id="m_bld_food_mart_001_LOD-material" name="m_bld_food_mart_001_LOD">
      <instance_effect url="#m_bld_food_mart_001_LOD-effect"/>
    </material>
    <material id="clutter_commercial-material" name="clutter_commercial">
      <instance_effect url="#clutter_commercial-effect"/>
    </material>
    <material id="wirefence-material" name="wirefence">
      <instance_effect url="#wirefence-effect"/>
    </material>
    <material id="industrial-material" name="industrial">
      <instance_effect url="#industrial-effect"/>
    </material>
    <material id="windows_doors_reflective-material" name="windows_doors_reflective">
      <instance_effect url="#windows_doors_reflective-effect"/>
    </material>
    <material id="corrugation-material" name="corrugation">
      <instance_effect url="#corrugation-effect"/>
    </material>
    <material id="slabs_large-material" name="slabs_large">
      <instance_effect url="#slabs_large-effect"/>
    </material>
    <material id="m_stucco_scraped_01-material" name="m_stucco_scraped_01">
      <instance_effect url="#m_stucco_scraped_01-effect"/>
    </material>
    <material id="stone_brick_regular-material" name="stone_brick_regular">
      <instance_effect url="#stone_brick_regular-effect"/>
    </material>
    <material id="curbs-material" name="curbs">
      <instance_effect url="#curbs-effect"/>
    </material>
  </library_materials>
  <library_geometries>
    <geometry id="Plane_049-mesh" name="Plane.049">
      <mesh>
        <source id="Plane_049-mesh-positions">
          <float_array id="Plane_049-mesh-positions-array" count="318">-639.1378 93.53279 105.1234 -639.1378 93.53279 103.8189 -639.4301 93.2405 103.8189 -639.4301 93.2405 105.1234 -653.4384 84.26537 98.43886 -654.7091 84.60028 105.7386 -654.8258 84.4836 98.43886 -653.8385 83.86537 105.8308 -654.0231 83.68085 98.43886 -654.2413 85.06809 98.43886 -653.4385 84.26534 105.1607 -654.2413 85.06806 105.1607 -653.0015 84.70241 105.9873 -653.8041 85.50513 105.9873 -653.0015 84.70241 105.1607 -653.8041 85.50513 105.1607 -658.3021 87.96007 98.43886 -658.2077 88.05458 105.5807 -659.1049 88.76279 98.43886 -658.9883 88.87953 105.7386 -657.7178 88.54457 98.43886 -658.5205 89.34731 98.43886 -657.2811 88.98126 106.0854 -657.7178 88.54457 105.1607 -658.5205 89.34731 105.1607 -658.0834 89.78437 105.9873 -657.2807 88.98168 105.1607 -658.0834 89.78437 105.1607 -641.6829 105.5209 102.7984 -652.4077 94.79577 102.7984 -634.4207 98.25885 102.7984 -645.1456 87.53382 102.7984 -634.4207 98.25885 105.7984 -641.6829 105.5209 107.2984 -645.0333 87.64609 105.7984 -634.4207 98.25885 107.2984 -652.4077 94.79579 107.2984 -645.1456 87.53382 107.2984 -645.1182 87.40752 106.5213 -641.8442 106.4431 107.2984 -652.2792 95.31559 108.4777 -644.6259 87.66242 108.2609 -644.9213 88.20784 105.7984 -644.8932 88.17976 102.7984 -635.3986 97.63397 102.7984 -639.0526 93.98328 102.7984 -642.5318 90.15628 105.7984 -642.7073 90.33188 102.7984 -642.0784 90.60126 102.7984 -642.0784 90.60126 105.7984 -642.0798 90.60432 105.7984 -642.0798 90.60431 102.7984 -651.9703 83.02481 105.8653 -646.3531 88.64217 103.0589 -649.3622 85.78237 103.0589 -646.9753 88.02433 103.0589 -660.2172 89.19724 105.8653 -648.1545 86.93043 105.2589 -645.0612 87.35056 105.8653 -633.4985 98.09736 108.4777 -641.8442 106.4431 108.4777 -644.6259 86.96979 108.4777 -634.1912 98.09734 107.8275 -641.8444 105.7505 107.8275 -652.2792 95.31559 107.8275 -649.3515 85.77168 105.2589 -646.9774 88.02639 105.2589 -646.9732 88.02214 105.8653 -648.259 87.03501 103.0589 -639.7882 93.11614 102.7984 -639.6781 93.00593 105.7984 -638.8745 93.80506 105.7984 -635.2222 97.45751 105.7984 -635.4021 97.63746 105.7984 -639.0544 93.98503 105.7984 -649.9635 85.04019 103.0589 -651.9703 83.02483 103.0589 -659.1799 90.23435 103.0589 -659.1799 90.23435 102.1366 -646.3531 88.64217 102.1366 -651.9703 83.02483 102.1366 -659.1799 90.23434 105.2693 -649.9592 85.03583 104.0589 -649.9613 85.03799 105.2589 -635.4021 97.63746 103.7984 -639.0544 93.98503 103.7984 -641.8444 105.7505 108.4777 -652.9719 95.31559 108.4777 -634.1912 98.09734 108.4777 -633.4985 98.09736 107.2984 -652.9719 95.31559 107.2984 -644.6259 86.96979 107.2984 -634.0518 98.65074 107.2984 -645.1793 87.52317 107.2984 -651.8111 78.59561 102.7399 -643.0894 108.8611 102.7331 -662.5714 89.3705 102.7232 -632.3291 98.09203 102.7232 -646.353 88.64237 105.8653 -653.5626 95.85194 106.7252 -659.1799 90.23456 105.8653 -660.1817 89.23278 106.521 -651.7023 80.73171 106.4229 -651.7157 80.69583 105.8653 -653.5626 95.85169 103.0589 -653.5626 95.85169 102.1366</float_array>
          <technique_common>
            <accessor source="#Plane_049-mesh-positions-array" count="106" stride="3">
              <param name="X" type="float"/>
              <param name="Y" type="float"/>
              <param name="Z" type="float"/>
            </accessor>
          </technique_common>
        </source>
        <source id="Plane_049-mesh-normals">
          <float_array id="Plane_049-mesh-normals-array" count="396">0.7070559 -0.7071576 -4.23752e-5 0.9806185 -0.1956174 0.01100909 2.03622e-5 0 -1 0.7082114 -0.705996 0.002531945 -0.7061141 -0.7061225 0.05285662 -0.7071195 0.707094 0 0.7015224 -0.7125246 0.01323711 -0.001029133 5.21416e-4 0.9999994 -0.7071163 0.7070973 -7.59687e-5 -0.1681823 -0.3364502 0.9265614 -0.7070751 0.7071385 -9.51734e-5 8.87912e-4 -3.15157e-5 0.9999997 0.6813961 -0.7318496 -0.009777784 0.7070989 0.7071147 0 0.6298114 -0.7724026 -0.08204931 -0.7073117 -0.7069019 -4.99789e-6 -0.7071151 -0.7070986 2.61141e-4 0.7072336 -0.7069799 -5.33973e-5 0.9312268 -0.3638205 -0.0212447 -0.707114 0.7070997 0 -0.7071068 0.7071068 0 0.7071161 0.7070975 -3.53985e-5 -0.7071025 -0.7071111 0 0 0 -1 0.7070941 0.7071195 5.09269e-5 5.75582e-6 0 1 0 0 1 0.3097506 0.284043 0.9073997 -0.7071003 0.7071134 0 0.7070809 -0.7071328 6.92182e-5 0.7075625 -0.5881631 0.3916881 0.7073417 0.7068719 0 -0.7031764 -0.7031801 -0.1052649 7.83647e-7 0 1 0.7070788 -0.7071347 3.32361e-5 -0.1942528 -0.07458811 0.9781117 0.7071068 0.7071068 0 -0.7071095 0.707104 -5.4754e-5 0.7071095 -0.7071042 1.60963e-5 -0.7070124 -0.706954 0.0186975 -4.64404e-5 0 -1 0.06124913 -0.02587974 -0.9977869 0.05265867 0.04059809 -0.997787 0.05322712 0.03985005 -0.997787 -0.1794767 -0.08971774 0.9796627 0.7073025 -0.706911 0 0.7071288 0.7070848 0 -0.7071363 0.7070773 0 -0.7070937 -0.70712 0 0.7071068 -0.7071068 0 0.7042091 -0.7080951 -0.05187541 0.708594 -0.7055897 -0.006148099 -0.7070546 0.7071591 0 -0.7069556 -0.7068967 0.02260226 0.7071157 -0.707098 0 0.6090341 -0.7903501 -0.06651383 -0.7071042 -0.7071094 -5.41647e-6 0.5366743 -0.8398969 -0.0809561 0.7071015 0.7071121 0 -7.64278e-7 0 1 0.707059 0.7071546 3.99902e-6 -0.7055013 -0.7045854 0.07633811 0.7769451 -0.6295313 -0.006839573 0.3925738 -0.9165245 -0.0766077 -0.7071068 -0.7071068 0 0.7071151 -0.7070984 0 0.7070981 0.7071155 0 0.7071036 -0.70711 0 -0.707062 0.7071516 0 0.7070948 -0.7071188 2.99505e-6 0.7071008 0.7071128 -4.57179e-5 -0.7071688 0.7070448 0 0.7067671 -0.7074288 0.004974722 -0.0033499 -0.02748721 0.9996166 0.7070478 -0.7071658 8.23767e-6 -0.04204803 0.03433787 -0.9985255 -0.04505068 -0.03029131 -0.9985255 -0.04601395 0.02880698 -0.9985255 0.694213 -0.7171575 -0.06126558 0.7057652 -0.6978741 0.1219317 -0.7071151 0.7070985 0 0.6954964 -0.7184968 -0.006868898 -2.17439e-5 0 -1 -0.3035335 0.2846311 0.9093143 0.7071815 -0.7070322 0 0.6993864 -0.6993442 -0.1475684 -0.6960831 -0.7179613 0 0.7046232 -0.7095808 -0.001075804 -0.7071075 0.7071062 -4.61032e-5 0.7071095 -0.7071041 0 -0.7239395 -0.6894936 0.02258485 -1.16079e-5 0 -1 0.04993253 0.04390412 -0.9977872 0.05323445 0.03983622 -0.9977872 0.05323094 -0.03984093 -0.9977872 -0.09269559 -0.09267306 0.9913725 0.7071131 -0.7071005 1.41002e-5 0.7071298 0.7070838 0 -0.7071215 0.7070921 -1.54931e-5 -0.7071024 -0.7071112 0 0.7071167 -0.7070969 0 0.7598857 -0.6446846 -0.08340024 0.7070849 -0.7071287 -3.82347e-6 -0.7070646 0.707149 3.37557e-5 -0.6468314 -0.7618218 0.03516721 0.7071275 -0.7070862 0 0.6814324 -0.7318798 0.001328229 -0.7071036 -0.70711 0 0.7070327 -0.7071809 0 -0.007540166 0.04902052 0.9987694 0.7070588 0.7071548 1.59961e-5 -0.7057356 -0.7057231 0.06238752 0.7690484 -0.639189 -0.001404881 0.7004705 -0.7136814 0 -0.7071003 -0.7071133 0 0.7071151 -0.7070985 0 0.7071163 -0.7070972 0 -0.707014 0.7071996 3.37533e-5 0.7377724 -0.6730577 -0.05182051 0.7071111 0.7071025 -6.39927e-5 -0.7070292 0.7071844 4.11894e-6 0.7071262 -0.7070831 0.00250411 -0.001611113 -0.01314771 0.9999123 0.70701 -0.7072036 -2.189e-6 -3.71691e-6 0 -1 -0.0511707 -0.01812964 -0.9985254 -0.04601287 0.02880871 -0.9985254 -0.04505181 0.03028959 -0.9985254 0.7068266 -0.706815 0.02843767 -0.7070985 0.7071151 0 0.7071133 0.7071003 0 0.7488417 -0.65936 -0.06693822</float_array>
          <technique_common>
            <accessor source="#Plane_049-mesh-normals-array" count="132" stride="3">
              <param name="X" type="float"/>
              <param name="Y" type="float"/>
              <param name="Z" type="float"/>
            </accessor>
          </technique_common>
        </source>
        <source id="Plane_049-mesh-map-0">
          <float_array id="Plane_049-mesh-map-0-array" count="846">0.9744769 0.009133756 0.961268 0.01739346 0.9484452 5.76901e-7 0.9032958 0.8399945 0.8975196 0.9031194 0.8966939 0.8399945 0.8834051 0.9045374 0.8832771 0.8399937 0.8898791 0.8399944 0.8794509 0.331236 0.9169616 0.3910802 0.8920435 0.3910802 0.8793455 0.331236 0.8793455 0.5473352 0.8170502 0.5473352 0.7744424 9.57222e-7 0.8678854 0.3191489 0.7744423 0.3191483 0.06229531 0.8328461 0.06229531 0.8973888 0 0.8328462 -1.16483e-4 0.5796045 0.3158732 -2.5129e-5 0.3158281 0.5795804 0.9383604 0.6436254 0.9454286 0.8398873 0.9275727 0.6727307 0.7566567 0.8580867 0.7801899 0.879092 0.7565974 0.8825725 0.9383604 0.6436254 0.9275727 0.6727307 0.9275727 0.6418631 0.3158732 -2.5129e-5 -1.16483e-4 0.5796045 -3.34077e-5 -3.43785e-5 0.8920435 0.4799401 0.8794509 0.4799401 0.8920435 0.4461205 0.756597 0.6418634 0.7877447 0.6418634 0.756597 0.8579639 0 0.8328462 0.06229531 0.8973888 0 0.8973886 0.9086867 0.8399943 0.9085843 0.9031193 0.9034016 0.8399943 0.4809421 0.8770188 0.4809421 0.6624773 0.4933183 0.6624798 0.9484318 0.01739346 0.9484452 5.76901e-7 0.961268 0.01739346 0.8798737 0.8399945 0.8831713 0.9031195 0.8699802 0.9031195 0.7744424 9.57222e-7 0.8678854 9.64371e-7 0.8678854 0.3191489 0.9891412 0.6418634 0.9801401 0.9523772 0.9756397 0.6418634 0.1956233 0.8326302 0.2026787 0.5819122 0.2134792 0.6180925 0.9785353 9.72836e-7 0.9920368 0.2277384 0.9785353 0.2277384 0.8357129 0.8580709 0.8228774 0.8819576 0.8228762 0.8580709 0.2026787 0.5819122 0.2134792 0.5796515 0.2134792 0.6180925 0.3260668 0.3415426 0.5609593 0.3312848 0.5507934 0.3415894 0.3260668 0.3415426 0.315897 0.6623185 0.315897 0.331235 0.5507937 0.6520637 0.315897 0.6623185 0.3260655 0.6520167 0.3155004 0.9107786 0.2910122 0.5796509 0.3155005 0.5796509 0.9583683 0.6592559 0.9455339 0.6418629 0.9672237 0.6478032 0.5507934 0.3415894 0.5609629 0.66237 0.5507937 0.6520637 0.8920435 0.4110693 0.8794509 0.331236 0.8920435 0.3910802 0.5609803 0.331129 0.3321475 2.56214e-6 0.5609849 1.15427e-6 0.8175393 0.9211956 0.8174876 0.8580707 0.8227714 0.8580707 0.7859025 0.3312359 0.8170502 0.5473352 0.7859025 0.5473352 0.7743364 0.3191506 0.5610916 0 0.7743364 4.41371e-5 0.180665 0.8328459 0.1624568 0.8918977 0.1624523 0.8328459 0.7802271 0.8580712 0.7801899 0.879092 0.7566567 0.8580867 0.9623204 0.5795829 0.9378322 0.3312353 0.9623205 0.3312353 0.9275727 0.6727307 0.8692971 0.8398836 0.869297 0.6727276 0.8991388 9.66763e-7 0.867991 0.3191477 0.867991 9.64382e-7 0.9095595 0.4841112 0.9331324 0.6338089 0.9095587 0.6338089 0.8611384 0.6106743 0.8483042 0.6345613 0.8483042 0.6106761 0.2869902 0.8327381 0.2817067 0.9414223 0.2817066 0.8327366 0.726031 0.6803019 0.7564877 0.8948425 0.7260258 0.8948425 0.780363 0.8779632 0.8039671 0.8580709 0.8039248 0.879949 0.961268 0.01739346 0.9784293 0.1588314 0.961268 0.1588314 0.480837 0.6624761 0.3158988 0.8770282 0.3158988 0.6625094 0.06240105 0.8328459 0.08597481 0.9742838 0.06240105 0.9742838 0.9455339 0.959632 0.9626964 0.8181942 0.9626964 0.959632 0.9483264 0.2483524 0.9238381 9.68651e-7 0.9483264 9.70528e-7 0.9237326 0.3311261 0.8992444 9.66771e-7 0.9237326 9.68644e-7 0.1623466 0.8959708 0.1388154 0.8328459 0.1623466 0.8328459 0.9169616 0.3910802 0.9377267 0.331236 0.9377267 0.3910802 0.9626964 0.8181942 0.9755327 0.8008012 0.9755327 0.8181942 0.9484344 0.3127003 0.9720061 0.162177 0.972008 0.3127003 0.1956233 0.9414221 0.2371537 0.8327367 0.2371536 0.9414221 0.1053376 0.8791371 0.1387102 0.8328455 0.1387102 0.8791371 0.5392178 0.8770188 0.4933183 0.6624798 0.5392178 0.6624798 0.8483033 0.610567 0.8718364 0.547442 0.8718364 0.610567 0.7877447 0.6418634 0.85004 0.8579639 0.756597 0.8579639 0.7857985 0.6417573 0.5610705 0.3312371 0.785797 0.3312829 0.2815996 0.8327367 0.2580246 0.9741746 0.2580259 0.8327367 0.9996067 0.6418621 0.989247 0.8948433 0.989247 0.6418621 0.8501461 0.8399945 0.8698751 0.886286 0.8501461 0.886286 0.1807708 0.8959708 0.1939625 0.8328459 0.1939625 0.8959708 0.5392178 0.8770188 0.5583694 0.6624798 0.5583694 0.8770188 0.08608025 1 0.1052318 0.8328452 0.1052318 1 0.9805338 0.3312366 0.9895349 0.5589765 0.9760334 0.5589765 0.9624263 0.331236 0.9759277 0.6417503 0.9624263 0.6417503 0.896616 0.49744 0.9094529 0.4800471 0.9094529 0.49744 0.8481976 0.5474418 0.7859023 0.6189049 0.7859023 0.5474418 0.2134792 0.6180925 0.271755 0.8326276 0.1956233 0.8326302 0.896616 0.49744 0.8794509 0.6388779 0.8856956 0.487502 0.2371536 0.9414221 0.2579188 0.8327367 0.2579187 0.9414221 0.1937718 0.5797377 1.11395e-4 0.830472 0 0.5796828 0.9583683 0.6592559 0.975534 0.8006938 0.9583663 0.8006938 0.3158974 0.3311272 0.3321475 2.56214e-6 0.3321466 0.3311287 0.726031 0.6803019 0.5610685 0.641862 0.7564905 0.6418622 0.8920435 0.4110693 0.8920435 0.4461205 0.8794509 0.4799401 1 0.5292608 0.9896402 0.3312358 0.9999998 0.3312358 0.8501455 0.8398836 0.869297 0.6727276 0.8692971 0.8398836 0.271755 0.6180912 0.2909066 0.8326276 0.271755 0.8326276 0.9377267 0.4110699 0.8920435 0.4461205 0.8920435 0.4110693 0.9785353 9.72836e-7 0.9920368 9.73872e-7 0.9920368 0.2277384 0.8357129 0.8580709 0.8357134 0.8819583 0.8228774 0.8819576 0.3260668 0.3415426 0.315897 0.331235 0.5609593 0.3312848 0.3260668 0.3415426 0.3260655 0.6520167 0.315897 0.6623185 0.5507937 0.6520637 0.5609629 0.66237 0.315897 0.6623185 0.3155004 0.9107786 0.2910122 0.9107786 0.2910122 0.5796509 0.9583683 0.6592559 0.9455339 0.6592559 0.9455339 0.6418629 0.5507934 0.3415894 0.5609593 0.3312848 0.5609629 0.66237 0.8920435 0.4110693 0.8794509 0.4799401 0.8794509 0.331236 0.5609803 0.331129 0.3321466 0.3311287 0.3321475 2.56214e-6 0.7859025 0.3312359 0.8793455 0.331236 0.8170502 0.5473352 0.7743364 0.3191506 0.5610948 0.3191065 0.5610916 0 0.180665 0.8328459 0.1806643 0.8918977 0.1624568 0.8918977 0.9623204 0.5795829 0.9378322 0.5795829 0.9378322 0.3312353 0.9275727 0.6727307 0.9454286 0.8398873 0.8692971 0.8398836 0.8991388 9.66763e-7 0.8991388 0.3191477 0.867991 0.3191477 0.9095595 0.4841112 0.9331341 0.4837217 0.9331324 0.6338089 0.8611384 0.6106743 0.861141 0.6345624 0.8483042 0.6345613 0.2869902 0.8327381 0.2869908 0.9414226 0.2817067 0.9414223 0.726031 0.6803019 0.7564905 0.6418622 0.7564877 0.8948425 0.780363 0.8779632 0.7803981 0.8580744 0.8039671 0.8580709 0.961268 0.01739346 0.9744769 0.009133756 0.9784293 0.1588314 0.480837 0.6624761 0.480836 0.8769958 0.3158988 0.8770282 0.06240105 0.8328459 0.08597481 0.8328459 0.08597481 0.9742838 0.9455339 0.959632 0.9520662 0.8084678 0.9626964 0.8181942 0.9483264 0.2483524 0.9238381 0.2483524 0.9238381 9.68651e-7 0.9237326 0.3311261 0.8992444 0.3311261 0.8992444 9.66771e-7 0.1623466 0.8959708 0.1388154 0.8959708 0.1388154 0.8328459 0.9169616 0.3910802 0.8794509 0.331236 0.9377267 0.331236 0.9626964 0.8181942 0.9520662 0.8084678 0.9755327 0.8008012 0.9484344 0.3127003 0.9484323 0.1614311 0.9720061 0.162177 0.1956233 0.9414221 0.1956233 0.8327367 0.2371537 0.8327367 0.1053376 0.8791371 0.1053376 0.8328455 0.1387102 0.8328455 0.5392178 0.8770188 0.4809421 0.8770188 0.4933183 0.6624798 0.8483033 0.610567 0.8483033 0.547442 0.8718364 0.547442 0.7877447 0.6418634 0.85004 0.6418634 0.85004 0.8579639 0.7857985 0.6417573 0.5610705 0.6417112 0.5610705 0.3312371 0.2815996 0.8327367 0.2816008 0.9741746 0.2580246 0.9741746 0.9996067 0.6418621 0.9996067 0.8948433 0.989247 0.8948433 0.8501461 0.8399945 0.8698751 0.8399945 0.8698751 0.886286 0.1807708 0.8959708 0.1807708 0.8328459 0.1939625 0.8328459 0.5392178 0.8770188 0.5392178 0.6624798 0.5583694 0.6624798 0.08608025 1 0.08608025 0.8328452 0.1052318 0.8328452 0.9624263 0.331236 0.9759277 0.331236 0.9759277 0.6417503 0.896616 0.49744 0.8856956 0.487502 0.9094529 0.4800471 0.8481976 0.5474418 0.8481976 0.6189049 0.7859023 0.6189049 0.2134792 0.6180925 0.271755 0.6180912 0.271755 0.8326276 0.896616 0.49744 0.896616 0.6388779 0.8794509 0.6388779 0.2371536 0.9414221 0.2371537 0.8327367 0.2579188 0.8327367 0.1937718 0.5797377 0.1949633 0.8320074 1.11395e-4 0.830472 0.9583683 0.6592559 0.9672237 0.6478032 0.975534 0.8006938 0.3158974 0.3311272 0.3158973 1.90108e-6 0.3321475 2.56214e-6 0.726031 0.6803019 0.5610689 0.6803037 0.5610685 0.641862 1 0.5292608 0.9896402 0.5292608 0.9896402 0.3312358 0.8501455 0.8398836 0.8501454 0.6727276 0.869297 0.6727276 0.271755 0.6180912 0.2909066 0.6180912 0.2909066 0.8326276 0.9377267 0.4110699 0.9377267 0.4461205 0.8920435 0.4461205</float_array>
          <technique_common>
            <accessor source="#Plane_049-mesh-map-0-array" count="423" stride="2">
              <param name="S" type="float"/>
              <param name="T" type="float"/>
            </accessor>
          </technique_common>
        </source>
        <source id="Plane_049-mesh-colors-Col" name="Col">
          <float_array id="Plane_049-mesh-colors-Col-array" count="1692">1 0.9960784 0.9921569 1 1 1 1 1 1 1 1 1 0.6862745 0.6862745 0.6862745 1 0.6862745 0.6862745 0.6862745 1 0.6862745 0.6862745 0.6862745 1 0.6862745 0.6862745 0.6862745 1 0.6862745 0.6862745 0.6862745 1 0.6862745 0.6862745 0.6862745 1 1 0.9019608 0.8509804 1 1 0.9019608 0.8509804 1 1 0.9019608 0.8509804 1 1 0.9019608 0.8509804 1 1 0.9019608 0.8509804 1 1 0.9019608 0.8509804 1 1 0.9019608 0.8509804 1 1 0.9019608 0.8509804 1 1 0.9019608 0.8509804 1 1 1 1 1 1 1 1 1 1 1 1 1 1 1 1 1 1 1 1 1 1 1 1 1 1 0.9019608 0.8509804 1 1 0.9019608 0.8509804 1 1 0.9019608 0.8509804 1 1 1 1 1 1 0.9960784 0.9921569 1 1 0.9960784 0.9921569 1 1 0.9019608 0.8509804 1 1 0.9019608 0.8509804 1 1 0.9019608 0.8509804 1 1 1 1 1 1 1 1 1 1 1 1 1 1 0.9019608 0.8509804 1 1 0.9019608 0.8509804 1 1 0.9019608 0.8509804 1 0.9019608 0.6235294 0.5254902 1 0.9019608 0.6235294 0.5254902 1 0.9019608 0.6235294 0.5254902 1 1 1 1 1 1 1 1 1 1 1 1 1 0.6862745 0.6862745 0.6862745 1 0.6862745 0.6862745 0.6862745 1 0.6862745 0.6862745 0.6862745 1 0.9019608 0.6235294 0.5254902 1 0.9019608 0.6235294 0.5254902 1 0.9019608 0.6235294 0.5254902 1 1 1 1 1 1 1 1 1 1 1 1 1 1 0.9019608 0.8509804 1 1 0.9019608 0.8509804 1 1 0.9019608 0.8509804 1 1 0.9019608 0.8509804 1 1 0.9019608 0.8509804 1 1 0.9019608 0.8509804 1 1 1 1 1 1 1 1 1 1 1 1 1 1 0.9019608 0.8509804 1 1 0.9019608 0.8509804 1 1 0.9019608 0.8509804 1 1 1 1 1 1 1 1 1 1 1 1 1 1 1 1 1 1 1 1 1 1 1 1 1 1 1 1 1 1 1 1 1 1 1 1 1 1 1 1 1 1 1 1 1 1 1 1 1 1 1 1 1 1 1 1 1 1 1 1 1 1 1 1 1 1 1 1 1 1 1 1 1 1 0.854902 0.5529412 1 1 0.854902 0.5529412 1 1 0.854902 0.5529412 1 1 1 1 1 1 0.9960784 0.9921569 1 1 1 0.9960784 1 1 1 1 1 1 1 1 1 1 1 1 1 1 0.9019608 0.8509804 1 1 0.9019608 0.8509804 1 1 0.9019608 0.8509804 1 0.6313726 0.6313726 0.6313726 1 0.6313726 0.6313726 0.6313726 1 0.6313726 0.6313726 0.6313726 1 0.6862745 0.6862745 0.6862745 1 0.6862745 0.6862745 0.6862745 1 0.6862745 0.6862745 0.6862745 1 0.9019608 0.6235294 0.5254902 1 0.9019608 0.6235294 0.5254902 1 0.9019608 0.6235294 0.5254902 1 1 1 1 1 1 1 1 1 1 1 1 1 1 0.9019608 0.8509804 1 1 0.9019608 0.8509804 1 1 0.9019608 0.8509804 1 1 1 1 1 1 0.9960784 0.9921569 1 1 1 1 1 1 0.854902 0.5529412 1 1 0.854902 0.5529412 1 1 0.854902 0.5529412 1 1 0.9019608 0.8509804 1 1 0.9019608 0.8509804 1 1 0.9019608 0.8509804 1 0.9019608 0.6235294 0.5254902 1 0.9019608 0.6235294 0.5254902 1 0.9019608 0.6235294 0.5254902 1 1 0.9960784 0.9921569 1 0.8117647 0.7098039 0.6196079 1 0.8 0.6941177 0.5882353 1 1 1 1 1 1 1 1 1 1 1 1 1 0.6862745 0.6862745 0.6862745 1 0.6862745 0.6862745 0.6862745 1 0.6862745 0.6862745 0.6862745 1 1 1 1 1 1 1 1 1 1 1 1 1 1 1 0.9960784 1 1 0.9764706 0.9686275 1 1 0.9921569 0.9803922 1 1 1 1 1 0.9843137 0.9803922 0.972549 1 0.9764706 0.9607843 0.9568628 1 0.8941177 0.8862745 0.8980392 1 0.8941177 0.8862745 0.8980392 1 0.8941177 0.8862745 0.8980392 1 1 1 1 1 1 1 1 1 1 1 1 1 0.8117647 0.7098039 0.627451 1 1 1 0.9960784 1 0.8039216 0.6705883 0.5921569 1 1 0.854902 0.5529412 1 1 0.854902 0.5529412 1 1 0.854902 0.5529412 1 1 0.854902 0.5529412 1 1 0.854902 0.5529412 1 1 0.854902 0.5529412 1 1 0.9019608 0.8509804 1 1 0.9019608 0.8509804 1 1 0.9019608 0.8509804 1 0.9019608 0.6235294 0.5254902 1 0.9019608 0.6235294 0.5254902 1 0.9019608 0.6235294 0.5254902 1 1 1 0.9960784 1 1 1 1 1 1 1 1 1 0.7176471 0.5843138 0.5058824 1 1 0.9921569 0.9803922 1 0.7176471 0.5882353 0.4941176 1 1 0.9019608 0.8509804 1 1 0.9019608 0.8509804 1 1 0.9019608 0.8509804 1 1 1 1 1 1 1 1 1 1 1 1 1 0.9019608 0.6235294 0.5254902 1 0.9019608 0.6235294 0.5254902 1 0.9019608 0.6235294 0.5254902 1 1 0.9019608 0.8509804 1 1 0.9019608 0.8509804 1 1 0.9019608 0.8509804 1 1 0.9019608 0.8509804 1 1 0.9019608 0.8509804 1 1 0.9019608 0.8509804 1 0.7647059 0.7647059 0.7647059 1 0.7647059 0.7647059 0.7647059 1 0.7647059 0.7647059 0.7647059 1 1 0.9686275 0.9529412 1 1 0.882353 0.827451 1 1 0.9568628 0.9333333 1 1 0.854902 0.5529412 1 1 0.854902 0.5529412 1 1 0.854902 0.5529412 1 1 1 1 1 1 1 1 1 1 1 1 1 1 0.9019608 0.8509804 1 1 0.9019608 0.8509804 1 1 0.9019608 0.8509804 1 0.8941177 0.8862745 0.8980392 1 0.8941177 0.8862745 0.8980392 1 0.8941177 0.8862745 0.8980392 1 0.8941177 0.8862745 0.8980392 1 0.8941177 0.8862745 0.8980392 1 0.8941177 0.8862745 0.8980392 1 1 1 1 1 1 1 1 1 1 1 1 1 1 1 1 1 1 1 1 1 1 1 1 1 1 1 1 1 1 1 1 1 1 1 1 1 1 1 1 1 1 1 1 1 1 1 1 1 1 0.9019608 0.8509804 1 1 0.9019608 0.8509804 1 1 0.9019608 0.8509804 1 1 1 1 1 0.7921569 0.6627451 0.5803922 1 1 1 0.9960784 1 0.9019608 0.6235294 0.5254902 1 0.9019608 0.6235294 0.5254902 1 0.9019608 0.6235294 0.5254902 1 0.7647059 0.7647059 0.7647059 1 0.7647059 0.7647059 0.7647059 1 0.7647059 0.7647059 0.7647059 1 1 0.9686275 0.9529412 1 0.9058824 0.8078432 0.7176471 1 0.8901961 0.7764706 0.6862745 1 0.6313726 0.6313726 0.6313726 1 0.6313726 0.6313726 0.6313726 1 0.6313726 0.6313726 0.6313726 1 1 1 1 1 1 1 1 1 1 1 1 1 0.9019608 0.6235294 0.5254902 1 0.9019608 0.6235294 0.5254902 1 0.9019608 0.6235294 0.5254902 1 1 0.854902 0.5529412 1 1 0.854902 0.5529412 1 1 0.854902 0.5529412 1 0.8941177 0.8862745 0.8980392 1 0.8941177 0.8862745 0.8980392 1 0.8941177 0.8862745 0.8980392 1 0.8941177 0.8862745 0.8980392 1 0.8941177 0.8862745 0.8980392 1 0.8941177 0.8862745 0.8980392 1 0.9019608 0.6235294 0.5254902 1 0.9019608 0.6235294 0.5254902 1 0.9019608 0.6235294 0.5254902 1 1 1 1 1 1 1 1 1 1 1 1 1 1 1 1 1 1 1 1 1 1 1 1 1 1 1 1 1 1 1 1 1 1 1 1 1 1 1 1 1 1 1 1 1 1 1 1 1 1 1 1 1 1 1 1 1 1 1 1 1 1 0.854902 0.5529412 1 1 0.854902 0.5529412 1 1 0.854902 0.5529412 1 1 1 1 1 1 1 0.9960784 1 1 0.9960784 0.9921569 1 1 1 1 1 1 1 1 1 1 1 1 1 1 0.9019608 0.8509804 1 1 0.9019608 0.8509804 1 1 0.9019608 0.8509804 1 0.6313726 0.6313726 0.6313726 1 0.6313726 0.6313726 0.6313726 1 0.6313726 0.6313726 0.6313726 1 0.9019608 0.6235294 0.5254902 1 0.9019608 0.6235294 0.5254902 1 0.9019608 0.6235294 0.5254902 1 1 1 1 1 1 1 1 1 1 1 1 1 1 0.9019608 0.8509804 1 1 0.9019608 0.8509804 1 1 0.9019608 0.8509804 1 1 0.854902 0.5529412 1 1 0.854902 0.5529412 1 1 0.854902 0.5529412 1 1 0.9019608 0.8509804 1 1 0.9019608 0.8509804 1 1 0.9019608 0.8509804 1 0.9019608 0.6235294 0.5254902 1 0.9019608 0.6235294 0.5254902 1 0.9019608 0.6235294 0.5254902 1 1 0.9960784 0.9921569 1 1 0.9960784 0.9921569 1 0.8117647 0.7098039 0.6196079 1 1 1 1 1 1 1 1 1 1 1 1 1 0.6862745 0.6862745 0.6862745 1 0.6862745 0.6862745 0.6862745 1 0.6862745 0.6862745 0.6862745 1 1 1 1 1 1 1 1 1 1 1 1 1 1 1 0.9960784 1 1 0.9960784 0.9921569 1 1 0.9764706 0.9686275 1 1 1 1 1 1 1 1 1 0.9843137 0.9803922 0.972549 1 0.8941177 0.8862745 0.8980392 1 0.8941177 0.8862745 0.8980392 1 0.8941177 0.8862745 0.8980392 1 1 1 1 1 1 1 1 1 1 1 1 1 0.8117647 0.7098039 0.627451 1 1 0.9960784 0.9921569 1 1 1 0.9960784 1 1 0.854902 0.5529412 1 1 0.854902 0.5529412 1 1 0.854902 0.5529412 1 1 0.854902 0.5529412 1 1 0.854902 0.5529412 1 1 0.854902 0.5529412 1 1 0.9019608 0.8509804 1 1 0.9019608 0.8509804 1 1 0.9019608 0.8509804 1 0.9019608 0.6235294 0.5254902 1 0.9019608 0.6235294 0.5254902 1 0.9019608 0.6235294 0.5254902 1 1 1 0.9960784 1 1 0.9960784 0.9921569 1 1 1 1 1 0.7176471 0.5843138 0.5058824 1 1 1 0.9960784 1 1 0.9921569 0.9803922 1 1 0.9019608 0.8509804 1 1 0.9019608 0.8509804 1 1 0.9019608 0.8509804 1 1 1 1 1 1 1 1 1 1 1 1 1 0.9019608 0.6235294 0.5254902 1 0.9019608 0.6235294 0.5254902 1 0.9019608 0.6235294 0.5254902 1 1 0.9019608 0.8509804 1 1 0.9019608 0.8509804 1 1 0.9019608 0.8509804 1 1 0.9019608 0.8509804 1 1 0.9019608 0.8509804 1 1 0.9019608 0.8509804 1 0.7647059 0.7647059 0.7647059 1 0.7647059 0.7647059 0.7647059 1 0.7647059 0.7647059 0.7647059 1 1 0.9686275 0.9529412 1 1 0.8941177 0.8431373 1 1 0.882353 0.827451 1 1 0.854902 0.5529412 1 1 0.854902 0.5529412 1 1 0.854902 0.5529412 1 1 1 1 1 1 1 1 1 1 1 1 1 1 0.9019608 0.8509804 1 1 0.9019608 0.8509804 1 1 0.9019608 0.8509804 1 0.8941177 0.8862745 0.8980392 1 0.8941177 0.8862745 0.8980392 1 0.8941177 0.8862745 0.8980392 1 0.8941177 0.8862745 0.8980392 1 0.8941177 0.8862745 0.8980392 1 0.8941177 0.8862745 0.8980392 1 1 1 1 1 1 1 1 1 1 1 1 1 1 1 1 1 1 1 0.9960784 1 1 1 1 1 1 1 1 1 1 1 1 1 1 1 1 1 1 0.9019608 0.8509804 1 1 0.9019608 0.8509804 1 1 0.9019608 0.8509804 1 1 1 1 1 0.7803922 0.6470589 0.5686275 1 0.7921569 0.6627451 0.5803922 1 0.9019608 0.6235294 0.5254902 1 0.9019608 0.6235294 0.5254902 1 0.9019608 0.6235294 0.5254902 1 0.7647059 0.7647059 0.7647059 1 0.7647059 0.7647059 0.7647059 1 0.7647059 0.7647059 0.7647059 1 1 0.9686275 0.9529412 1 1 0.9764706 0.9568628 1 0.9058824 0.8078432 0.7176471 1 0.6313726 0.6313726 0.6313726 1 0.6313726 0.6313726 0.6313726 1 0.6313726 0.6313726 0.6313726 1 1 1 1 1 1 1 1 1 1 1 1 1 1 0.854902 0.5529412 1 1 0.854902 0.5529412 1 1 0.854902 0.5529412 1 0.8941177 0.8862745 0.8980392 1 0.8941177 0.8862745 0.8980392 1 0.8941177 0.8862745 0.8980392 1 0.8941177 0.8862745 0.8980392 1 0.8941177 0.8862745 0.8980392 1 0.8941177 0.8862745 0.8980392 1 0.9019608 0.6235294 0.5254902 1 0.9019608 0.6235294 0.5254902 1 0.9019608 0.6235294 0.5254902 1</float_array>
          <technique_common>
            <accessor source="#Plane_049-mesh-colors-Col-array" count="423" stride="4">
              <param name="R" type="float"/>
              <param name="G" type="float"/>
              <param name="B" type="float"/>
              <param name="A" type="float"/>
            </accessor>
          </technique_common>
        </source>
        <vertices id="Plane_049-mesh-vertices">
          <input semantic="POSITION" source="#Plane_049-mesh-positions"/>
        </vertices>
        <lines count="4">
          <input semantic="VERTEX" source="#Plane_049-mesh-vertices" offset="0"/>
          <p>0 1 0 3 1 2 2 3</p>
        </lines>
        <triangles material="m_bld_food_mart_001_LOD-material" count="141">
          <input semantic="VERTEX" source="#Plane_049-mesh-vertices" offset="0"/>
          <input semantic="NORMAL" source="#Plane_049-mesh-normals" offset="1"/>
          <input semantic="TEXCOORD" source="#Plane_049-mesh-map-0" offset="2" set="0"/>
          <input semantic="COLOR" source="#Plane_049-mesh-colors-Col" offset="3" set="0"/>
          <p>17 0 0 0 23 0 1 1 22 0 2 2 34 1 3 3 43 1 4 4 42 1 5 5 46 2 6 6 34 2 7 7 42 2 8 8 52 3 9 9 82 3 10 10 83 3 11 11 29 4 12 12 31 4 13 13 34 4 14 14 33 5 15 15 29 5 16 16 36 5 17 17 43 6 18 18 47 6 19 19 42 6 20 20 94 7 21 21 95 7 22 22 96 7 23 23 101 8 24 24 99 8 25 25 100 8 26 26 22 9 27 27 19 9 28 28 17 9 29 29 101 10 30 30 100 10 31 31 56 10 32 32 95 11 33 33 94 11 34 34 97 11 35 35 66 12 36 36 67 12 37 37 57 12 38 38 35 13 39 39 32 13 40 40 33 13 41 41 42 14 42 42 47 14 43 43 46 14 44 44 73 15 45 45 44 15 46 46 72 15 47 47 52 16 48 48 100 16 49 49 81 16 50 50 26 17 51 51 22 17 52 52 23 17 53 53 34 18 54 54 31 18 55 55 43 18 56 56 33 19 57 57 28 19 58 58 29 19 59 59 62 20 60 60 41 20 61 61 88 20 62 62 99 21 63 63 38 21 64 64 98 21 65 65 86 22 66 66 62 22 67 67 88 22 68 68 23 23 69 69 27 23 70 70 26 23 71 71 38 24 72 72 58 24 73 73 98 24 74 74 88 25 75 75 60 25 76 76 86 25 77 77 88 26 78 78 61 26 79 79 59 26 80 80 40 27 81 81 61 27 82 82 41 27 83 83 90 28 84 84 60 28 85 85 39 28 86 86 10 29 87 87 12 29 88 88 7 29 89 89 86 26 90 90 87 26 91 91 40 26 92 92 65 30 93 93 52 30 94 94 83 30 95 95 39 23 96 96 93 23 97 97 90 23 98 98 45 31 99 99 74 31 100 100 71 31 101 101 36 32 102 102 34 32 103 103 37 32 104 104 36 33 105 105 35 33 106 106 33 33 107 107 67 34 108 108 53 34 109 109 98 34 110 110 25 35 111 111 19 35 112 112 22 35 113 113 39 36 114 114 59 36 115 115 89 36 116 116 100 37 117 117 104 37 118 118 77 37 119 119 34 38 120 120 35 38 121 121 37 38 122 122 17 39 123 123 18 39 124 124 16 39 125 125 10 23 126 126 15 23 127 127 14 23 128 128 74 40 129 129 72 40 130 130 71 40 131 131 52 41 132 132 56 42 133 133 100 43 134 134 7 44 135 135 13 44 136 136 5 44 137 137 23 45 138 138 16 45 139 139 20 45 140 140 77 26 141 141 53 26 142 142 104 26 143 143 24 46 144 144 20 46 145 145 21 46 146 146 18 47 147 147 24 47 148 148 21 47 149 149 91 48 150 150 87 48 151 151 90 48 152 152 89 49 153 153 61 49 154 154 91 49 155 155 69 50 156 156 71 50 157 157 70 50 158 158 82 51 159 159 76 51 160 160 75 51 161 161 24 52 162 162 25 52 163 163 27 52 164 164 8 53 165 165 5 53 166 166 6 53 167 167 73 54 168 168 85 54 169 169 84 54 170 170 55 55 171 171 57 55 172 172 68 55 173 173 76 56 174 174 81 56 175 175 77 56 176 176 30 57 177 177 72 57 178 178 44 57 179 179 32 58 180 180 28 58 181 181 33 58 182 182 64 59 183 183 62 59 184 184 63 59 185 185 10 60 186 186 9 60 187 187 11 60 188 188 56 61 189 189 102 61 190 190 101 61 191 191 65 62 192 192 75 62 193 193 54 62 194 194 48 63 195 195 46 63 196 196 47 63 197 197 76 64 198 198 78 64 199 199 80 64 200 200 53 65 201 201 80 65 202 202 79 65 203 203 41 66 204 204 64 66 205 205 40 66 206 206 40 67 207 207 63 67 208 208 86 67 209 209 11 68 210 210 13 68 211 211 15 68 212 212 51 69 213 213 70 69 214 214 50 69 215 215 98 70 216 216 104 70 217 217 99 70 218 218 11 71 219 219 6 71 220 220 5 71 221 221 84 72 222 222 45 72 223 223 44 72 224 224 101 73 225 225 38 73 226 226 99 73 227 227 10 74 228 228 8 74 229 229 4 74 230 230 89 23 231 231 93 23 232 232 92 23 233 233 52 75 234 234 58 76 235 235 103 77 236 236 65 78 237 237 57 78 238 238 67 78 239 239 102 79 240 240 58 79 241 241 38 79 242 242 105 80 243 243 77 80 244 244 104 80 245 245 53 36 246 246 105 36 247 247 104 36 248 248 54 81 249 249 57 81 250 250 65 81 251 251 86 64 252 252 63 64 253 253 62 64 254 254 23 82 255 255 24 82 256 256 27 82 257 257 88 26 258 258 59 26 259 259 60 26 260 260 88 83 261 261 41 83 262 262 61 83 263 263 40 26 264 264 87 26 265 265 61 26 266 266 90 20 267 267 87 20 268 268 60 20 269 269 10 84 270 270 14 84 271 271 12 84 272 272 86 26 273 273 60 26 274 274 87 26 275 275 65 85 276 276 67 85 277 277 52 85 278 278 39 23 279 279 92 23 280 280 93 23 281 281 36 86 282 282 29 86 283 283 34 86 284 284 36 26 285 285 37 26 286 286 35 26 287 287 67 87 288 288 55 87 289 289 53 87 290 290 39 36 291 291 60 36 292 292 59 36 293 293 100 88 294 294 99 88 295 295 104 88 296 296 34 89 297 297 32 89 298 298 35 89 299 299 17 90 300 300 19 90 301 301 18 90 302 302 10 23 303 303 11 23 304 304 15 23 305 305 74 91 306 306 73 91 307 307 72 91 308 308 52 92 309 309 103 93 310 310 56 94 311 311 7 95 312 312 12 95 313 313 13 95 314 314 23 96 315 315 17 96 316 316 16 96 317 317 77 26 318 318 76 26 319 319 53 26 320 320 24 97 321 321 23 97 322 322 20 97 323 323 18 98 324 324 19 98 325 325 24 98 326 326 91 99 327 327 61 99 328 328 87 99 329 329 89 100 330 330 59 100 331 331 61 100 332 332 69 101 333 333 45 101 334 334 71 101 335 335 82 102 336 336 52 102 337 337 76 102 338 338 24 103 339 339 19 103 340 340 25 103 341 341 8 104 342 342 7 104 343 343 5 104 344 344 73 105 345 345 74 105 346 346 85 105 347 347 55 106 348 348 66 106 349 349 57 106 350 350 76 107 351 351 52 107 352 352 81 107 353 353 30 108 354 354 32 108 355 355 72 108 356 356 32 13 357 357 30 13 358 358 28 13 359 359 64 109 360 360 41 109 361 361 62 109 362 362 10 110 363 363 4 110 364 364 9 110 365 365 56 111 366 366 103 111 367 367 102 111 368 368 65 112 369 369 83 112 370 370 75 112 371 371 48 113 372 372 49 113 373 373 46 113 374 374 76 114 375 375 77 114 376 376 78 114 377 377 53 115 378 378 76 115 379 379 80 115 380 380 40 116 381 381 64 116 382 382 63 116 383 383 11 117 384 384 5 117 385 385 13 117 386 386 51 118 387 387 69 118 388 388 70 118 389 389 98 119 390 390 53 119 391 391 104 119 392 392 11 120 393 393 9 120 394 394 6 120 395 395 84 121 396 396 85 121 397 397 45 121 398 398 101 122 399 399 102 122 400 400 38 122 401 401 10 123 402 402 7 123 403 403 8 123 404 404 89 124 405 405 91 124 406 406 93 124 407 407 52 125 408 408 98 126 409 409 58 127 410 410 102 128 411 411 103 128 412 412 58 128 413 413 105 129 414 414 78 129 415 415 77 129 416 416 53 130 417 417 79 130 418 418 105 130 419 419 54 131 420 420 68 131 421 421 57 131 422 422</p>
        </triangles>
      </mesh>
    </geometry>
    <geometry id="Plane_048-mesh" name="Plane.048">
      <mesh>
        <source id="Plane_048-mesh-positions">
          <float_array id="Plane_048-mesh-positions-array" count="3369">-639.1038 93.49748 103.8197 -639.3948 93.20641 103.8197 -639.1038 93.49748 105.1226 -639.3948 93.20641 105.1226 -639.1174 93.55528 105.1511 -639.1174 93.55528 103.7912 -639.4526 93.22004 103.7912 -639.4526 93.22004 105.1511 -639.0817 93.51957 105.1511 -639.0817 93.51957 103.7912 -639.4169 93.18434 103.7912 -639.4169 93.18434 105.1511 -653.4384 84.26537 98.43886 -654.8258 84.4836 105.1607 -654.8258 84.4836 98.43886 -654.0231 83.68085 105.1607 -654.0231 83.68085 98.43886 -654.2413 85.06809 98.43886 -653.4385 84.26534 105.9873 -654.2413 85.06806 105.9873 -653.4385 84.26534 105.1607 -654.2413 85.06806 105.1607 -653.0015 84.70241 105.9873 -653.8041 85.50513 105.9873 -653.0015 84.70241 105.1607 -653.8041 85.50513 105.1607 -654.6248 84.68445 105.7464 -653.8221 83.88172 105.7464 -658.3021 87.96007 98.43886 -658.3021 87.96007 105.1607 -659.1049 88.76279 98.43886 -659.1049 88.76279 105.1607 -657.7178 88.54457 98.43886 -658.5205 89.34731 98.43886 -657.7178 88.54457 105.9873 -658.5205 89.34731 105.9873 -657.7178 88.54457 105.1607 -658.5205 89.34731 105.1607 -657.2807 88.98168 105.9873 -658.0834 89.78437 105.9873 -657.2807 88.98168 105.1607 -658.0834 89.78437 105.1607 -658.9041 88.96366 105.7464 -658.1013 88.16094 105.7464 -641.6829 105.5209 102.7984 -652.4077 94.79577 102.7984 -634.4207 98.25885 102.7984 -645.1456 87.53382 102.7984 -634.4207 98.25885 105.7984 -641.6829 105.5209 107.2984 -645.1456 87.53382 105.7984 -634.4207 98.25885 107.2984 -652.4077 94.79579 107.2984 -645.1456 87.53382 107.2984 -646.353 88.64237 106.7252 -641.8442 106.4431 107.2984 -652.2792 95.31559 108.4777 -644.6259 87.66239 108.4777 -644.9213 88.20783 105.7984 -644.9213 88.2078 102.7984 -635.4021 97.63746 102.7984 -639.0544 93.98503 102.7984 -644.6965 87.98299 102.7984 -644.6965 87.98299 105.7984 -642.7523 90.37683 105.7984 -642.7523 90.37683 102.7984 -642.0784 90.60126 102.7984 -642.0784 90.60126 105.7984 -642.5275 90.15198 102.7984 -642.5275 90.15198 105.7984 -642.3021 90.82688 105.7984 -642.3021 90.82687 102.7984 -642.0775 90.60213 102.7984 -642.0775 90.60213 105.7984 -639.9006 93.22854 102.7984 -639.9006 93.22853 105.7984 -651.9703 83.02483 105.8653 -646.3531 88.64217 103.0589 -646.9731 88.02214 103.0589 -648.1096 86.88561 103.0589 -648.1096 86.88561 105.8653 -649.2875 85.70766 103.0589 -649.5117 85.93175 103.0589 -647.1973 88.2462 103.0589 -650.1835 85.25995 103.0589 -660.2172 89.19724 105.8653 -648.1096 86.88561 105.2589 -645.0612 87.35056 105.8653 -645.0612 87.35056 106.3642 -633.4985 98.09736 108.4777 -641.8442 106.4431 108.4777 -644.6259 86.96979 108.4777 -634.1912 98.09734 107.8275 -641.8444 105.7505 107.8275 -652.2792 95.31559 107.8275 -644.6259 87.66239 107.8275 -649.2875 85.70763 105.2589 -649.2875 85.70763 105.8653 -649.9592 85.03583 105.8653 -649.5117 85.93175 105.2589 -650.1835 85.25995 105.2589 -646.9731 88.02207 105.2589 -646.9731 88.02207 105.8653 -647.1973 88.2462 105.2589 -648.3336 87.10973 105.2589 -648.3336 87.10973 103.0589 -644.5286 88.6006 105.7984 -643.8366 89.29233 105.7984 -643.0328 90.09627 102.7984 -644.5802 88.54904 102.7984 -643.8367 89.2923 102.7984 -639.6758 93.00373 102.7984 -639.6758 93.00373 105.7984 -638.8745 93.80506 105.7984 -635.2222 97.45751 105.7984 -635.2222 97.45751 102.7984 -638.8745 93.80506 102.7984 -635.4021 97.63746 105.7984 -639.0544 93.98503 105.7984 -649.9592 85.03583 103.0589 -651.9703 83.02483 103.0589 -659.1799 90.23435 103.0589 -659.1799 90.23435 102.1366 -646.3531 88.64217 102.1366 -651.9703 83.02483 102.1366 -659.1799 90.23435 104.0589 -651.9703 83.02484 105.5726 -659.1799 90.23435 105.2589 -649.9592 85.03583 104.0589 -649.9592 85.03583 105.2589 -635.4021 97.63746 103.7984 -639.0544 93.98503 103.7984 -641.8444 105.7505 108.4777 -652.9719 95.31559 108.4777 -634.1912 98.09734 108.4777 -633.4985 98.09736 107.2984 -652.9719 95.31559 107.2984 -644.6259 86.96979 107.2984 -634.0518 98.65074 107.2984 -645.1793 87.52317 107.2984 -662.5654 89.37046 102.7163 -651.8111 78.61599 102.7163 -643.0892 108.8465 102.7163 -632.3351 98.09208 102.7163 -652.8273 99.10852 102.7163 -642.0731 88.35404 102.7163 -657.6964 94.23945 102.7163 -637.2041 93.22309 102.7163 -647.9584 103.9775 102.7163 -643.0892 108.5752 102.8383 -662.2941 89.37041 102.8383 -632.6063 98.0921 102.8383 -651.8112 78.88722 102.8383 -646.353 88.64237 105.8653 -653.5626 95.85194 106.7252 -659.1799 90.23456 105.8653 -659.1799 90.23456 106.7252 -651.9703 83.02503 106.7252 -660.2172 89.19724 106.3642 -651.7157 80.69583 105.8653 -651.7157 80.69583 106.3642 -653.5626 95.85169 103.0589 -653.5626 95.85169 102.1366 -631.1971 102.3137 102.7246 -631.1971 102.3137 105.665 -634.741 98.6518 102.7246 -634.741 98.6518 105.665 -651.9819 83.01425 102.6257 -651.9819 83.01425 105.2583 -639.1038 93.49748 103.8197 -639.3948 93.20641 103.8197 -639.1038 93.49748 105.1226 -639.3948 93.20641 105.1226 -639.1174 93.55528 105.1511 -639.1174 93.55528 103.7912 -639.4526 93.22004 103.7912 -639.4526 93.22004 105.1511 -639.1514 93.44194 105.0737 -639.3253 93.26805 105.0737 -639.1514 93.44194 104.7118 -639.3253 93.26805 104.7118 -639.1348 93.45857 104.6255 -639.3419 93.25144 104.6255 -639.1348 93.45857 104.2636 -639.3419 93.25144 104.2636 -639.1237 93.46965 104.2371 -639.3445 93.2488 104.2371 -639.1237 93.46965 103.8751 -639.3445 93.2488 103.8751 -640.9418 97.03575 106.8095 -640.5565 97.42109 106.8095 -640.9418 97.03575 107.6357 -640.5565 97.42109 107.6357 -640.5513 97.42635 106.8095 -640.1453 97.83241 106.8095 -640.5513 97.42635 107.6357 -640.1453 97.83241 107.6357 -640.9216 97.05596 107.6357 -641.2927 96.68489 107.6357 -640.9216 97.05596 106.8095 -641.2927 96.68489 106.8095 -640.9512 97.04515 106.8095 -640.5659 97.43047 106.8095 -640.9512 97.04515 107.6357 -640.5659 97.43047 107.6357 -640.5607 97.43569 106.8095 -640.1544 97.84175 106.8095 -640.5607 97.43569 107.6357 -640.1544 97.84175 107.6357 -640.9311 97.06535 107.6357 -641.3021 96.69422 107.6357 -640.9311 97.06535 106.8095 -641.3021 96.69422 106.8095 -639.8679 98.10964 106.8095 -639.462 98.51567 106.8095 -639.8679 98.10964 107.6357 -639.462 98.51567 107.6357 -639.1376 98.8401 107.6357 -639.5228 98.45478 107.6357 -639.1376 98.8401 106.8095 -639.5228 98.45478 106.8095 -638.8375 99.14009 107.6357 -639.15 98.82746 107.6357 -638.8375 99.14009 106.8095 -639.15 98.82746 106.8095 -638.4742 99.5034 107.6357 -638.8516 99.12605 107.6357 -638.4742 99.5034 106.8095 -638.8516 99.12605 106.8095 -639.8821 98.12377 106.8095 -639.4761 98.5298 106.8095 -639.8821 98.12377 107.6357 -639.4761 98.5298 107.6357 -639.1517 98.8542 107.6357 -639.5369 98.46891 107.6357 -639.1517 98.8542 106.8095 -639.5369 98.46891 106.8095 -638.8516 99.15419 107.6357 -639.1643 98.84159 107.6357 -638.8516 99.15419 106.8095 -639.1643 98.84159 106.8095 -638.4883 99.5175 107.6357 -638.8657 99.14018 107.6357 -638.4883 99.5175 106.8095 -638.8657 99.14018 106.8095 -644.9409 87.68166 106.088 -644.3997 88.22301 106.088 -644.9409 87.68166 106.5902 -644.3997 88.22301 106.5902 -644.9959 87.64745 105.8253 -644.3654 88.27798 105.8253 -644.9959 87.64745 106.6548 -644.3654 88.27798 106.6548 -644.7606 87.84147 106.5418 -644.9085 87.69366 106.5418 -644.7606 87.84147 106.1379 -644.9085 87.69366 106.1379 -644.6068 87.99543 106.5418 -644.7754 87.82679 106.5418 -644.6068 87.99543 106.1379 -644.7754 87.82679 106.1379 -644.4218 88.18029 106.5418 -644.5972 88.00486 106.5418 -644.4218 88.18029 106.1379 -644.5972 88.00486 106.1379 -643.6801 88.93564 106.8074 -643.8989 88.71689 106.8074 -643.6801 88.93564 106.346 -643.8989 88.71689 106.346 -643.4443 89.17134 106.8074 -643.6915 88.92417 106.8074 -643.4443 89.17134 106.346 -643.6915 88.92417 106.346 -643.2073 89.40837 106.8074 -643.4545 89.1612 106.8074 -643.2073 89.40837 106.346 -643.4545 89.1612 106.346 -642.9586 89.65702 106.8074 -643.2059 89.4099 106.8074 -642.9586 89.65702 106.346 -643.2059 89.4099 106.346 -642.7178 89.89792 106.8074 -642.965 89.65079 106.8074 -642.7178 89.89792 106.346 -642.965 89.65079 106.346 -642.0599 90.5557 106.8074 -642.3071 90.30857 106.8074 -642.0599 90.5557 106.346 -642.3071 90.30857 106.346 -641.8191 90.79665 106.8074 -642.0662 90.54949 106.8074 -641.8191 90.79665 106.346 -642.0662 90.54949 106.346 -641.5924 91.02333 106.8074 -641.8395 90.77613 106.8074 -641.5924 91.02333 106.346 -641.8395 90.77613 106.346 -641.3652 91.2506 106.8074 -641.6122 91.00339 106.8074 -641.3651 91.25057 106.346 -641.6122 91.00339 106.346 -641.1403 91.47541 106.8074 -641.3901 91.22541 106.8074 -641.1403 91.47538 106.346 -641.3901 91.22541 106.346 -640.9299 91.68589 106.8074 -641.1798 91.43589 106.8074 -640.9298 91.68586 106.346 -641.1798 91.43589 106.346 -640.6948 91.92085 106.8074 -640.942 91.67366 106.8074 -640.6948 91.92082 106.346 -640.942 91.67366 106.346 -642.4022 90.21352 106.8074 -642.6494 89.96639 106.8074 -642.4022 90.21352 106.346 -642.6494 89.96639 106.346 -640.3583 92.2574 106.8074 -640.6055 92.01017 106.8074 -640.3582 92.25736 106.346 -640.6055 92.01017 106.346 -640.0142 92.60148 106.8074 -640.2642 92.35146 106.8074 -640.0142 92.60146 106.346 -640.2642 92.35146 106.346 -639.7792 92.83641 106.8074 -640.0264 92.58921 106.8074 -639.7792 92.83638 106.346 -640.0264 92.58921 106.346 -639.5648 93.05085 106.8074 -639.7836 92.83204 106.8074 -639.5648 93.05082 106.346 -639.7836 92.83204 106.346 -639.3248 93.29087 106.8074 -639.5748 93.04087 106.8074 -639.3248 93.29084 106.346 -639.5748 93.04087 106.346 -638.9113 93.70433 106.8074 -639.1613 93.45433 106.8074 -638.9113 93.70429 106.346 -639.1613 93.45433 106.346 -638.6688 93.94679 106.8074 -638.9188 93.69679 106.8074 -638.6688 93.94676 106.346 -638.9188 93.69679 106.346 -638.4621 94.15364 106.8074 -638.6781 93.93763 106.8074 -638.4621 94.15361 106.346 -638.6781 93.93763 106.346 -638.1716 94.44413 106.8074 -638.4711 94.14447 106.8074 -638.1716 94.4441 106.346 -638.4711 94.14447 106.346 -637.8879 94.72776 106.8074 -638.1876 94.4281 106.8074 -637.8878 94.72773 106.346 -638.1876 94.4281 106.346 -637.6315 94.98414 106.8074 -637.8909 94.72474 106.8074 -637.6315 94.98412 106.346 -637.8909 94.72474 106.346 -637.2966 95.31904 106.8074 -637.5438 95.07189 106.8074 -637.2966 95.31902 106.346 -637.5438 95.07189 106.346 -636.9373 95.67845 106.812 -637.1948 95.42091 106.812 -636.9371 95.67842 106.3413 -637.1948 95.42091 106.3413 -636.6691 95.94673 106.812 -636.9628 95.65281 106.812 -636.669 95.9467 106.3413 -636.9628 95.65281 106.3413 -636.3469 96.26875 106.812 -636.6525 95.96311 106.812 -636.3469 96.26872 106.3413 -636.6525 95.96311 106.3413 -639.2255 92.31233 107.4701 -638.9523 92.58564 107.4701 -639.2255 92.31233 108.1305 -638.9523 92.58564 108.1305 -638.983 92.55494 107.4701 -638.7211 92.81678 107.4701 -638.983 92.55494 108.1305 -638.7211 92.81678 108.1305 -638.7521 92.78572 107.4701 -638.4904 93.04753 107.4701 -638.7521 92.78572 108.1305 -638.4904 93.04753 108.1305 -638.5054 93.03257 107.4701 -638.2435 93.29441 107.4701 -638.5054 93.03257 108.1305 -638.2435 93.29441 108.1305 -638.1163 93.42146 107.4701 -637.7844 93.75345 107.4701 -638.1163 93.42146 108.1305 -637.7844 93.75345 108.1305 -637.8109 93.72706 107.4701 -637.4788 94.05906 107.4701 -637.8109 93.72706 108.1305 -637.4788 94.05906 108.1305 -637.5164 94.02149 107.4701 -637.1843 94.3535 107.4701 -637.5164 94.02149 108.1305 -637.1843 94.3535 108.1305 -637.2219 94.3159 107.4701 -636.89 94.64794 107.4701 -637.2219 94.3159 108.1305 -636.89 94.64794 108.1305 -640.6198 90.91814 107.4701 -640.358 91.17992 107.4701 -640.6198 90.91814 108.1305 -640.358 91.17992 108.1305 -640.3729 91.16498 107.4701 -640.1111 91.4268 107.4701 -640.3729 91.16498 108.1305 -640.1111 91.4268 108.1305 -640.1353 91.40256 107.4701 -639.9086 91.62928 107.4701 -640.1353 91.40256 108.1305 -639.9086 91.62928 108.1305 -639.9231 91.61485 107.4701 -639.7759 91.76194 107.4701 -639.9231 91.61485 108.1305 -639.7759 91.76194 108.1305 -639.7034 91.83445 107.4488 -639.3016 92.23625 107.4488 -639.7034 91.83445 108.1471 -639.3016 92.23625 108.1471 -642.7775 88.76047 107.4701 -642.7775 88.76047 108.1305 -642.5156 89.02225 108.1305 -642.5156 89.02231 107.4701 -642.2537 89.28409 107.4701 -642.2537 89.28409 108.1305 -642.2672 89.27074 107.4701 -642.0054 89.53252 107.4701 -642.2672 89.27074 108.1305 -641.7435 89.79439 107.4701 -642.0054 89.53258 108.1305 -641.7435 89.79439 108.1305 -641.7722 89.7657 107.4701 -641.5103 90.02751 107.4701 -641.7722 89.7657 108.1305 -641.5103 90.02751 108.1305 -641.3812 90.15663 107.4701 -641.1195 90.41844 107.4701 -641.3812 90.15663 108.1305 -641.1195 90.41844 108.1305 -641.1248 90.4131 107.4701 -640.8629 90.67488 107.4701 -641.1248 90.4131 108.1305 -640.8629 90.67488 108.1305 -641.3054 91.79444 103.2745 -641.1503 91.94975 103.2745 -641.3054 91.79444 103.6124 -641.1503 91.94975 103.6124 -641.1683 91.93171 103.2745 -641.0128 92.08708 103.2745 -641.1683 91.93171 103.6124 -641.0128 92.08708 103.6124 -641.0061 92.09391 103.3895 -640.9213 92.17878 103.3895 -641.0061 92.09391 103.5741 -640.9213 92.17878 103.5741 -640.9244 92.17543 103.3895 -640.8397 92.26029 103.3895 -640.9244 92.17543 103.5741 -640.8397 92.26029 103.5741 -641.3912 91.70896 103.3543 -641.2938 91.80622 103.3543 -641.3912 91.70896 103.5674 -641.2938 91.80622 103.5674 -642.0331 91.06694 103.2898 -641.8776 91.22228 103.2898 -642.0331 91.06694 103.6276 -641.8776 91.22228 103.6276 -641.8707 91.22914 103.4048 -641.786 91.31401 103.4048 -641.8707 91.22914 103.5894 -641.786 91.31401 103.5894 -641.7894 91.31061 103.4048 -641.7045 91.39548 103.4048 -641.7894 91.31061 103.5894 -641.7045 91.39548 103.5894 -642.1345 90.96561 103.4125 -642.0372 91.06288 103.4125 -642.1345 90.96561 103.6256 -642.0372 91.06288 103.6256 -641.2593 91.84053 104.5768 -641.1041 91.99588 104.5768 -641.2593 91.84053 104.9147 -641.1041 91.99588 104.9147 -641.0972 92.0027 104.6919 -641.0123 92.08757 104.6919 -641.0972 92.0027 104.8765 -641.0123 92.08757 104.8765 -641.0156 92.08418 104.6919 -640.9309 92.16905 104.6919 -641.0156 92.08418 104.8765 -640.9309 92.16905 104.8765 -641.361 91.73918 104.6996 -641.2637 91.83644 104.6996 -641.361 91.73918 104.9127 -641.2637 91.83644 104.9127 -642.2051 90.90102 103.2483 -641.6345 91.47176 103.2483 -642.2051 90.90102 103.9816 -641.6345 91.47176 103.9816 -642.1752 90.92485 103.6903 -641.8555 91.24446 103.6903 -642.1752 90.92485 103.9689 -641.8555 91.24446 103.9689 -641.4053 91.70091 103.2483 -640.8345 92.27165 103.2483 -641.4053 91.70091 103.9816 -640.8345 92.27165 103.9816 -641.3939 91.70613 103.6535 -640.8367 92.26332 103.6535 -641.3939 91.70613 103.9509 -640.8367 92.26332 103.9509 -640.6102 92.49591 103.2483 -640.0396 93.06665 103.2483 -640.6102 92.49591 103.9816 -640.0396 93.06665 103.9816 -640.5988 92.50112 103.6535 -640.0416 93.05827 103.6535 -640.5988 92.50112 103.9509 -640.0416 93.05827 103.9509 -640.4329 92.66701 103.2709 -640.2777 92.82231 103.2709 -640.4329 92.66701 103.6088 -640.2777 92.82231 103.6088 -640.2709 92.82914 103.3859 -640.186 92.91404 103.3859 -640.2709 92.82914 103.5705 -640.186 92.91404 103.5705 -640.1893 92.91062 103.3859 -640.1044 92.99549 103.3859 -640.1893 92.91062 103.5705 -640.1044 92.99549 103.5705 -640.5344 92.56562 103.3937 -640.4373 92.66288 103.3937 -640.5344 92.56562 103.6068 -640.4373 92.66288 103.6068 -641.4473 91.65888 104.5538 -640.8765 92.22959 104.5538 -641.4473 91.65888 105.287 -640.8765 92.22959 105.287 -641.4359 91.66407 104.9589 -640.8787 92.22123 104.9589 -641.4359 91.66407 105.2563 -640.8787 92.22123 105.2563 -637.8447 95.09117 103.4283 -637.7142 95.22171 103.4283 -637.8447 95.09117 103.7847 -637.7142 95.22171 103.7847 -637.7225 95.2134 103.4283 -637.5574 95.37857 103.4283 -637.7225 95.2134 103.7847 -637.5574 95.37857 103.7847 -637.5792 95.35682 103.4283 -637.3958 95.5402 103.4283 -637.5792 95.35682 103.7847 -637.3958 95.5402 103.7847 -637.2877 95.64823 103.4283 -637.1224 95.81343 103.4283 -637.2877 95.64823 103.7847 -637.1224 95.81343 103.7847 -637.134 95.80204 103.4283 -636.9843 95.95171 103.4283 -637.134 95.80204 103.7847 -636.9843 95.95171 103.7847 -636.9879 95.94808 103.4283 -636.8381 96.09773 103.4283 -636.9879 95.94808 103.7847 -636.8381 96.09773 103.7847 -636.8436 96.09233 103.4283 -636.7131 96.22283 103.4283 -636.8436 96.09233 103.7847 -636.7131 96.22283 103.7847 -637.7623 95.1732 103.8986 -637.452 95.48365 103.8986 -637.7623 95.1732 104.5739 -637.452 95.48365 104.5739 -637.4744 95.46125 103.8986 -637.1638 95.77173 103.8986 -637.4744 95.46125 104.5739 -637.1638 95.77173 104.5739 -637.1638 95.77173 104.1286 -636.9943 95.94136 104.1286 -637.1638 95.77173 104.4975 -636.9943 95.94136 104.4975 -637.0009 95.93464 104.1286 -636.8314 96.10426 104.1286 -637.0009 95.93464 104.4975 -636.8314 96.10426 104.4975 -637.6724 95.26329 104.6236 -637.5488 95.38685 104.6236 -637.6724 95.26329 104.8283 -637.5488 95.38685 104.8283 -637.5524 95.38331 104.6236 -637.4288 95.50688 104.6236 -637.5524 95.38331 104.8283 -637.4288 95.50688 104.8283 -637.3384 95.59712 104.6236 -637.215 95.72068 104.6236 -637.3384 95.59712 104.8283 -637.215 95.72068 104.8283 -637.2117 95.72392 104.6236 -637.0881 95.84754 104.6236 -637.2117 95.72392 104.8283 -637.0881 95.84754 104.8283 -637.0884 95.84718 104.6236 -636.9648 95.97074 104.6236 -637.0884 95.84718 104.8283 -636.9648 95.97074 104.8283 -636.9744 95.96131 104.6236 -636.8508 96.08489 104.6236 -636.9744 95.96131 104.8283 -636.8508 96.08489 104.8283 -637.9335 95.00242 104.0582 -637.7391 95.19682 104.0582 -637.9335 95.00242 104.4841 -637.7391 95.19682 104.4841 -637.9064 95.02964 105.0713 -637.7758 95.16014 105.0713 -637.9064 95.02964 105.4277 -637.7758 95.16014 105.4277 -637.7745 95.16156 105.0713 -637.6096 95.3264 105.0713 -637.7745 95.16156 105.4277 -637.6096 95.3264 105.4277 -637.6163 95.31961 105.0713 -637.4858 95.45011 105.0713 -637.6163 95.31961 105.4277 -637.4858 95.45011 105.4277 -637.4861 95.44992 105.0713 -637.3555 95.58039 105.0713 -637.4861 95.44992 105.4277 -637.3555 95.58039 105.4277 -637.2648 95.67079 105.0625 -637.0952 95.8404 105.0625 -637.2648 95.67079 105.4314 -637.0952 95.8404 105.4314 -637.0981 95.83747 105.0625 -636.9285 96.00711 105.0625 -637.0981 95.83747 105.4314 -636.9285 96.00711 105.4314 -636.9055 96.03005 105.0625 -636.7261 96.2096 105.0625 -636.9055 96.03005 105.4314 -636.7261 96.2096 105.4314 -637.9891 94.95639 103.8411 -636.6979 96.24772 103.8411 -637.9891 94.95639 105.0002 -636.6979 96.24772 105.0002 -637.9565 94.9865 104.4867 -637.426 95.51725 104.4867 -637.9565 94.9865 104.9492 -637.426 95.51725 104.9492 -650.5753 84.38399 104.4293 -650.4201 84.53934 104.4293 -650.5753 84.38399 104.7672 -650.4201 84.53934 104.7672 -650.4133 84.54618 104.5443 -650.3284 84.63106 104.5443 -650.4133 84.54618 104.7289 -650.3284 84.63106 104.7289 -650.3317 84.6277 104.5443 -650.2468 84.71257 104.5443 -650.3317 84.6277 104.7289 -650.2468 84.71257 104.7289 -650.6769 84.28266 104.552 -650.5797 84.37992 104.552 -650.6769 84.28266 104.7652 -650.5797 84.37992 104.7652 -650.7633 84.20235 104.4062 -650.1926 84.77309 104.4062 -650.7633 84.20235 105.1395 -650.1926 84.77309 105.1395 -650.7518 84.20757 104.8114 -650.1947 84.76473 104.8114 -650.7518 84.20757 105.1088 -650.1947 84.76473 105.1088 -654.1934 81.16101 102.0789 -654.1934 81.16101 104.7116 -655.2822 80.00566 103.8288 -655.2822 80.00566 106.4615 -654.1478 81.17519 102.8638 -654.1478 81.17519 106.4615 -654.2048 81.11582 102.8638 -654.2048 81.11582 106.4615 -654.181 81.1489 106.4615 -654.181 81.1489 103.8288 -653.4171 83.80752 105.2583 -653.4171 83.80752 102.6257 -654.181 81.1489 106.4533 -654.181 81.1489 103.8207 -653.3209 82.04169 106.4533 -653.3209 82.04169 103.8207 -653.3334 82.05377 104.7116 -653.3334 82.05377 102.0789 -637.9065 95.02971 105.426 -637.9065 95.02971 105.073 -637.8063 95.12985 105.073 -637.8063 95.12985 105.426 -637.8064 95.12968 105.426 -637.8064 95.12968 105.073 -637.7292 95.20686 105.073 -637.7292 95.20686 105.426 -637.7294 95.20669 105.426 -637.7294 95.20669 105.073 -637.6521 95.28386 105.073 -637.6521 95.28386 105.426 -637.6523 95.28369 105.426 -637.6523 95.28369 105.073 -637.554 95.38192 105.073 -637.554 95.38192 105.426 -637.5542 95.38176 105.426 -637.5542 95.38176 105.073 -637.463 95.4729 105.073 -637.463 95.4729 105.426 -637.4631 95.47273 105.426 -637.4631 95.47273 105.073 -637.3554 95.58033 105.073 -637.3554 95.58033 105.426 -637.3383 95.597 104.8283 -637.3383 95.597 104.6236 -637.2069 95.72851 104.6236 -637.2069 95.72851 104.8283 -637.2073 95.72818 104.8283 -637.2073 95.72818 104.6236 -637.0784 95.85724 104.6236 -637.0784 95.85724 104.8283 -637.0787 95.85691 104.8283 -637.0787 95.85691 104.6236 -636.9703 95.96546 104.6236 -636.9703 95.96546 104.8283 -637.0474 95.88821 104.6632 -637.0474 95.88821 104.581 -637.0016 95.93416 104.581 -637.0016 95.93416 104.6632 -636.9706 95.96513 104.8283 -636.9706 95.96513 104.6236 -636.8509 96.085 104.6236 -636.8509 96.085 104.8283 -637.6381 95.29778 103.7847 -637.6381 95.29778 103.4283 -637.4938 95.44206 103.4283 -637.4938 95.44206 103.7847 -637.5021 95.43375 103.7847 -637.5021 95.43375 103.4283 -637.3816 95.5543 103.4283 -637.3816 95.5543 103.7847 -637.3899 95.54599 103.7847 -637.3899 95.54599 103.4283 -637.2847 95.65122 103.4283 -637.2847 95.65122 103.7847 -637.293 95.64291 103.7847 -637.293 95.64291 103.4283 -637.1616 95.77442 103.4283 -637.1616 95.77442 103.7847 -637.1699 95.76611 103.7847 -637.1699 95.76611 103.4283 -637.0455 95.89052 103.4283 -637.0455 95.89052 103.7847 -637.0538 95.88221 103.7847 -637.0538 95.88221 103.4283 -636.9198 96.01627 103.4283 -636.9198 96.01627 103.7847 -644.9086 87.69374 106.5418 -644.9086 87.69374 106.1379 -644.8134 87.78881 106.1379 -644.8134 87.78881 106.5418 -644.8155 87.78678 106.5418 -644.8155 87.78678 106.1379 -644.7022 87.89997 106.1379 -644.7022 87.89997 106.5418 -644.7043 87.89794 106.5418 -644.7043 87.89794 106.1379 -644.6381 87.96408 106.1379 -644.6381 87.96408 106.5418 -644.6401 87.96205 106.5418 -644.6401 87.96205 106.1379 -644.533 88.0691 106.1379 -644.533 88.0691 106.5418 -644.535 88.06707 106.5418 -644.535 88.06707 106.1379 -644.4218 88.18026 106.1379 -644.4218 88.18026 106.5418 -639.2807 93.31264 105.0737 -639.2807 93.31264 104.8605 -639.196 93.39736 104.8606 -639.196 93.39736 105.0737 -639.2888 93.30457 104.8273 -639.2888 93.30457 104.6142 -639.1879 93.40543 104.6142 -639.1879 93.40543 104.8273 -639.2678 93.32553 104.581 -639.2678 93.32553 104.3678 -639.2089 93.38447 104.3678 -639.2089 93.38447 104.581 -639.286 93.3073 104.3346 -639.286 93.3073 104.1215 -639.1906 93.4027 104.1215 -639.1906 93.4027 104.3346 -639.2888 93.30457 104.0882 -639.2888 93.30457 103.8751 -639.1879 93.40543 103.8751 -639.1879 93.40543 104.0882 -642.4467 89.09203 108.1304 -642.4467 89.09206 107.47 -642.1792 89.35941 107.47 -642.1792 89.35938 108.1304 -642.1942 89.34441 108.1304 -642.1942 89.34444 107.47 -641.9267 89.61179 107.47 -641.9267 89.61176 108.1304 -641.9417 89.5968 108.1304 -641.9417 89.59683 107.47 -641.6381 89.90035 107.47 -641.6381 89.90032 108.1304 -641.6531 89.88536 108.1304 -641.6531 89.88539 107.47 -641.3856 90.15273 107.47 -641.3856 90.1527 108.1304 -641.4006 90.13774 108.1304 -641.4006 90.13777 107.47 -641.1892 90.34911 107.47 -641.1892 90.34908 108.1305 -641.0451 90.49315 108.1305 -641.0451 90.49318 107.47 -640.8202 90.71798 107.4701 -640.8202 90.71795 108.1305 -640.8351 90.70299 108.1305 -640.8351 90.70302 107.4701 -640.5762 90.96183 107.4701 -640.5762 90.9618 108.1305 -640.4321 91.10586 108.1305 -640.4321 91.10589 107.4701 -640.1853 91.35269 107.4701 -640.1853 91.35266 108.1305 -640.2002 91.33769 108.1305 -640.2002 91.33772 107.4701 -639.9817 91.55616 107.4701 -639.9817 91.55613 108.1305 -639.9967 91.54116 108.1305 -639.9967 91.54119 107.4701 -639.7853 91.75254 107.4701 -639.7853 91.75251 108.1305 -639.8002 91.73755 108.1305 -639.8002 91.73758 107.4701 -639.6817 91.85602 107.4701 -639.6817 91.85599 108.1305 -639.5377 92.00013 108.1471 -639.5377 92.00017 107.4488 -639.1359 92.40188 107.4488 -639.1359 92.40185 108.1471 -638.9917 92.54584 108.1305 -638.9917 92.54587 107.4701 -638.6455 92.89193 107.4701 -638.6455 92.8919 108.1306 -638.6604 92.87694 108.1306 -638.6604 92.87697 107.4701 -638.4419 93.0954 107.4702 -638.4419 93.09537 108.1306 -638.4569 93.08041 108.1306 -638.4569 93.08044 107.4702 -638.2037 93.3336 107.4702 -638.2037 93.33357 108.1306 -638.2186 93.31861 108.1306 -638.2186 93.31864 107.4702 -637.9512 93.58599 107.4702 -637.9512 93.58596 108.1306 -637.9662 93.571 108.1306 -637.9662 93.57103 107.4702 -637.6987 93.83837 107.4702 -637.6987 93.83834 108.1306 -637.7137 93.82338 108.1306 -637.7137 93.82341 107.4702 -637.4668 94.07021 107.4702 -637.4668 94.07018 108.1306 -637.4818 94.05521 108.1306 -637.4818 94.05524 107.4702 -637.2207 94.31622 107.4702 -637.2207 94.31619 108.1306 -641.2923 96.68441 107.6356 -641.2923 96.68441 106.8094 -641.0669 96.9099 106.8094 -641.0669 96.9099 107.6357 -641.3064 96.69852 107.6356 -641.3064 96.69852 106.8094 -641.081 96.924 106.8094 -641.081 96.924 107.6357 -641.0781 96.89872 107.6357 -641.0781 96.89872 106.8094 -640.6866 97.29033 106.8094 -640.6866 97.29033 107.6357 -641.0922 96.91282 107.6357 -641.0922 96.91282 106.8094 -640.7007 97.30444 106.8094 -640.7007 97.30444 107.6357 -640.6978 97.27915 107.6357 -640.6978 97.27915 106.8094 -640.3292 97.64785 106.8095 -640.3292 97.64785 107.6357 -640.7119 97.29326 107.6357 -640.7119 97.29326 106.8094 -640.3433 97.66196 106.8095 -640.3433 97.66196 107.6357 -640.3404 97.63667 107.6357 -640.3404 97.63667 106.8095 -639.9489 98.02829 106.8095 -639.9489 98.02829 107.6357 -640.3545 97.65078 107.6357 -640.3545 97.65078 106.8095 -639.963 98.04239 106.8095 -639.963 98.04239 107.6357 -639.6573 98.31998 107.6357 -639.6573 98.31998 106.8095 -639.4663 98.51109 106.8095 -639.4663 98.51109 107.6357 -639.6714 98.33408 107.6357 -639.6714 98.33408 106.8095 -639.4804 98.52519 106.8095 -639.4804 98.52519 107.6357 -639.4774 98.49991 107.6357 -639.4774 98.49991 106.8095 -639.086 98.89152 106.8095 -639.086 98.89152 107.6357 -639.4915 98.51401 107.6357 -639.4915 98.51401 106.8095 -639.1001 98.90563 106.8095 -639.1001 98.90563 107.6357 -639.0971 98.88034 107.6357 -639.0971 98.88034 106.8095 -638.8374 99.1402 106.8095 -638.8374 99.1402 107.6357 -639.1112 98.89445 107.6357 -639.1112 98.89445 106.8095 -638.8515 99.1543 106.8095 -638.8515 99.1543 107.6357 -638.8485 99.12902 107.6357 -638.8485 99.12902 106.8095 -638.4742 99.50345 106.8095 -638.4742 99.50345 107.6357 -638.8627 99.14312 107.6357 -638.8627 99.14312 106.8095 -638.4884 99.51755 106.8095 -638.4884 99.51755 107.6357 -643.8993 88.71725 106.8073 -643.8993 88.71725 106.3459 -643.7063 88.91012 106.3459 -643.7063 88.91012 106.8073 -643.7154 88.90107 106.8073 -643.7154 88.90107 106.3459 -643.472 89.14443 106.3459 -643.472 89.14443 106.8073 -643.481 89.13538 106.8073 -643.481 89.13538 106.3459 -643.2561 89.3603 106.3459 -643.2561 89.3603 106.8073 -643.2651 89.35125 106.8073 -643.2651 89.35125 106.3459 -643.0712 89.5451 106.3459 -643.0712 89.5451 106.8073 -643.0803 89.53605 106.8073 -643.0803 89.53605 106.3459 -642.8414 89.77482 106.3459 -642.8414 89.77482 106.8074 -642.8505 89.76577 106.8074 -642.8505 89.76577 106.3459 -642.6943 89.92192 106.346 -642.6943 89.92192 106.8074 -642.7034 89.91287 106.8074 -642.7034 89.91287 106.346 -642.4416 90.17459 106.346 -642.4416 90.17459 106.8074 -642.3071 90.30859 106.8074 -642.3071 90.30859 106.346 -642.0738 90.5418 106.346 -642.0738 90.5418 106.8074 -641.9398 90.67624 106.8074 -641.9398 90.67624 106.346 -641.7148 90.90117 106.346 -641.7148 90.90117 106.8074 -641.7239 90.89211 106.8074 -641.7239 90.89211 106.346 -641.4621 91.15384 106.346 -641.4621 91.15384 106.8074 -641.4712 91.14479 106.8074 -641.4712 91.14479 106.346 -641.2507 91.3652 106.346 -641.2507 91.3652 106.8074 -641.2598 91.35615 106.8074 -641.2598 91.35615 106.346 -640.998 91.61787 106.346 -640.998 91.61787 106.8074 -641.007 91.60882 106.8074 -641.007 91.60882 106.346 -640.7856 91.83022 106.346 -640.7856 91.83022 106.8074 -640.7946 91.82116 106.8074 -640.7946 91.82116 106.346 -640.5329 92.08289 106.346 -640.5329 92.08289 106.8074 -640.5419 92.07383 106.8074 -640.5419 92.07383 106.346 -640.3031 92.31261 106.346 -640.3031 92.31261 106.8074 -640.3121 92.30356 106.8074 -640.3121 92.30356 106.346 -640.1559 92.45971 106.346 -640.1559 92.45971 106.8074 -640.165 92.45065 106.8074 -640.165 92.45065 106.346 -639.9032 92.71238 106.346 -639.9032 92.71238 106.8074 -639.7687 92.84638 106.8075 -639.7687 92.84638 106.3461 -639.5355 93.07959 106.3461 -639.5355 93.07959 106.8075 -639.4015 93.21403 106.8075 -639.4015 93.21403 106.3461 -639.181 93.43444 106.3461 -639.181 93.43444 106.8075 -639.19 93.42539 106.8075 -639.19 93.42539 106.3461 -638.9961 93.61924 106.3461 -638.9961 93.61924 106.8075 -639.0052 93.61019 106.8075 -639.0052 93.61019 106.3461 -638.7847 93.8306 106.3461 -638.7847 93.8306 106.8075 -638.7938 93.82155 106.8075 -638.7938 93.82155 106.3461 -638.6376 93.9777 106.3461 -638.6376 93.9777 106.8075 -638.6467 93.96865 106.8075 -638.6467 93.96865 106.3461 -638.4068 94.2084 106.3461 -638.4068 94.2084 106.8075 -638.4159 94.19935 106.8075 -638.4159 94.19935 106.3461 -638.1541 94.46108 106.3461 -638.1541 94.46108 106.8075 -638.1632 94.45202 106.8075 -638.1632 94.45202 106.3461 -637.9566 94.65858 106.3461 -637.9566 94.65858 106.8075 -637.8221 94.79258 106.8075 -637.8221 94.79258 106.3461 -637.5888 95.0258 106.3461 -637.5888 95.0258 106.8076 -637.4548 95.16024 106.8075 -637.4548 95.16024 106.3461 -637.2334 95.38163 106.3461 -637.2334 95.38163 106.8075 -637.2424 95.37258 106.8075 -637.2424 95.37258 106.3461 -636.9806 95.6343 106.3461 -636.9806 95.6343 106.8075 -636.9897 95.62525 106.8075 -636.9897 95.62525 106.3461 -636.8335 95.7814 106.3461 -636.8335 95.7814 106.8075 -636.8425 95.77235 106.8075 -636.8425 95.77235 106.3461 -636.5992 96.01563 106.3461 -636.5992 96.01563 106.8075 -636.6083 96.00658 106.8075 -636.6083 96.00658 106.3461 -636.3465 96.2683 106.3461 -636.3465 96.2683 106.8076 -641.3893 91.71091 103.5184 -641.3893 91.71091 103.3863 -641.3503 91.74981 103.3863 -641.3503 91.74981 103.5184 -641.3542 91.74592 103.5674 -641.3542 91.74592 103.3543 -641.2938 91.80622 103.3543 -641.2938 91.80622 103.5674 -642.1326 90.96756 103.5766 -642.1326 90.96756 103.4445 -642.0936 91.00646 103.4445 -642.0936 91.00646 103.5766 -642.0975 91.00257 103.6256 -642.0975 91.00257 103.4125 -642.0372 91.06288 103.4125 -642.0372 91.06288 103.6256 -637.9296 95.00631 104.3861 -637.9296 95.00631 104.1221 -637.8519 95.08407 104.1221 -637.8519 95.08407 104.3861 -637.8596 95.07629 104.4841 -637.8596 95.07629 104.0582 -637.7391 95.19682 104.0582 -637.7391 95.19682 104.4841 -640.5325 92.56757 103.5578 -640.5325 92.56757 103.4257 -640.4936 92.60647 103.4257 -640.4936 92.60647 103.5578 -640.4975 92.60258 103.6068 -640.4975 92.60258 103.3937 -640.4373 92.66288 103.3937 -640.4373 92.66288 103.6068 -641.3591 91.74113 104.8637 -641.3591 91.74113 104.7316 -641.3201 91.78003 104.7316 -641.3201 91.78003 104.8637 -641.324 91.77614 104.9127 -641.324 91.77614 104.6996 -641.2637 91.83644 104.6996 -641.2637 91.83644 104.9127 -650.675 84.28461 104.7162 -650.675 84.28461 104.584 -650.6361 84.32351 104.584 -650.6361 84.32351 104.7162 -650.64 84.31962 104.7652 -650.64 84.31962 104.552 -650.5797 84.37992 104.552 -650.5797 84.37992 104.7652</float_array>
          <technique_common>
            <accessor source="#Plane_048-mesh-positions-array" count="1123" stride="3">
              <param name="X" type="float"/>
              <param name="Y" type="float"/>
              <param name="Z" type="float"/>
            </accessor>
          </technique_common>
        </source>
        <source id="Plane_048-mesh-normals">
          <float_array id="Plane_048-mesh-normals-array" count="1665">0.7070102 -0.7072026 0.001074552 0.7076842 -0.706529 0 0.7076843 -0.7065288 0 0.7071342 -0.707079 7.66015e-4 0.7074444 -0.7067686 8.31242e-4 0.7071418 -0.7070715 6.69289e-4 0.7082769 -0.7059348 2.9256e-5 0.7079094 -0.7063022 -0.001295149 0.7081416 -0.7060706 0 0.7069448 -0.7072688 -1.5972e-4 0.7066021 -0.707611 -1.10411e-4 0.7067045 -0.7075089 8.90204e-5 0.7073088 -0.7069048 0 0.7093731 -0.7048333 0 0.7091973 -0.7050101 2.25662e-4 0.7077444 -0.7064686 -1.92452e-4 0.7072318 -0.7069818 2.0649e-4 0.7072345 -0.7069791 2.54296e-4 0.7073829 -0.7068288 -0.001605093 0.7079254 -0.7062873 1.70316e-7 0.7079268 -0.7062858 6.23057e-6 0.7070675 -0.7071459 -6.55444e-4 0.7071061 -0.7071074 -4.36198e-4 0.70731 -0.7069032 -7.12246e-4 0.7069729 -0.7072407 -9.45341e-5 -0.7071589 0.7070547 0 -0.7071589 0.7070548 0 -0.7071588 0.7070548 0 -0.7070162 0.7071974 1.96969e-4 0.7071919 -0.7070217 0 0.7072329 -0.7069807 0 -0.7071494 0.7070643 0 -0.7071856 0.707028 -9.45562e-5 0.7072174 -0.7069962 0 0.7070333 0.7071804 -7.99833e-6 0.7075473 0.7066661 -4.3089e-6 0.7075473 0.7066661 -4.00185e-6 0.7075473 0.7066661 -3.99985e-6 0 0 -1 0.7072108 0.7070028 0 -0.7071068 -0.7071068 0 -0.7072348 -0.7069788 0 0.7073349 0.7068787 0 0.7070977 0.7071159 8.15865e-6 -0.7070348 -0.7071788 0 -0.7069402 -0.7072733 -5.07625e-6 -0.7069402 -0.7072734 -5.05605e-6 -0.7069402 -0.7072734 -5.08401e-6 1.41389e-5 0 -1 -3.13014e-5 0 -1 -4.32059e-5 0 -1 1.56468e-5 0 -1 0.7072671 -0.7069465 0 0.7070978 -0.7071157 0 0.7069794 -0.7072342 -1.55952e-5 0.7074774 -0.706736 1.59866e-6 0.7074774 -0.706736 1.55552e-6 0.7074774 -0.706736 1.59958e-6 -0.7071028 -0.7071108 0 -0.7071195 0.707094 0 0.7071135 -0.7071 -8.94701e-6 0 0 1 0.3795097 -0.3794658 0.8437881 -0.3793687 0.3793979 0.8438819 -0.3795818 -0.3795641 0.8437113 0.3795298 0.3794372 0.8437919 0.3795533 -0.3795338 0.8437378 -0.3794686 -0.3794848 0.8437979 0.3795519 0.379572 0.8437212 -0.3796672 0.3798102 0.8435622 -0.3796672 0.3798102 0.8435621 -0.3796672 0.3798103 0.8435622 -1.19531e-4 0 -1 -0.7071158 0.7070979 0 -0.7070295 0.7071841 4.11894e-6 -0.2869956 -0.2869956 0.9139295 -0.7071068 0.7071068 0 0.7071068 0.7071068 0 0.7071068 -0.7071068 0 -0.1689759 -0.168966 0.9710292 -0.3791081 0.3791276 0.8441205 -0.6362426 -0.6362426 0.4363379 -2.17439e-5 0 -1 6.77494e-6 0 1 -0.7071003 0.7071134 0 0.7071815 -0.7070322 0 -3.9606e-6 0 1 0.7071068 -0.7071068 0 0.7071863 -0.7070274 0 0.7060877 0.7081244 0 0.706902 0.7073116 0 0.7060877 0.7081245 0 0.7070989 0.7071147 0 0.7071818 0.7070319 0 0.7071425 -0.7070711 1.65823e-6 -0.706829 -0.7073845 0 -0.7070972 -0.7071164 2.64133e-6 0.1370656 -0.1370674 0.981033 0.379638 -0.379638 0.8436529 0.7071157 -0.7070978 -1.86026e-5 0.7071024 0.7071112 0 -0.7071068 0.7071068 -4.61033e-5 0.7070387 -0.707175 -6.47615e-6 0.7071148 -0.7070987 0 -0.7070598 -0.7071538 0 0.05323433 -0.03984081 -0.9977871 0.04993605 0.04390418 -0.9977871 0.05323117 0.03984534 -0.9977869 1.08743e-5 0 1 -1.26627e-5 0 -1 0.7073032 -0.7069104 0 0.7071298 0.7070838 0 -0.7072242 0.7069894 0 0.7068607 0.7073529 0 -0.7070937 -0.70712 0 0.7071101 -0.7071036 0 -0.7071518 -0.7070618 0 0.7071337 -0.7070798 0 0.7070876 -0.707126 4.26874e-6 -0.707062 0.7071516 0 -0.7070718 -0.7071418 0 0.7071157 -0.707098 0 0.7071737 -0.7070399 0 -0.7071022 -0.7071114 4.76291e-6 0.7070327 -0.7071809 0 0.7070469 0.7071667 0 0.7070469 0.7071667 0 0.7070469 0.7071667 0 0.7070587 0.707155 1.5505e-5 -0.7071119 -0.7071017 0 -0.707112 -0.7071015 2.36918e-4 0.7070885 -0.7071251 0 0.707283 -0.7069306 0 -0.7071003 -0.7071133 0 0.7070981 0.7071155 0 0.7071235 -0.7070901 0 0.7071036 -0.70711 0 -0.70695 0.7072635 0 0.7072113 -0.7070022 0 0.7071233 -0.7070903 5.99026e-6 0.7071288 -0.7070848 0 0.7072896 -0.7069239 7.90672e-6 -0.7070968 -0.7071168 0 -0.2869778 -0.2870231 0.9139264 0.70711 0.7071036 -6.5519e-5 0.7071245 -0.7070891 0 0.7070306 -0.707183 0 -0.707114 0.7070997 0 -0.3793203 0.3792911 0.8439517 2.99625e-5 0 -1 -0.7071195 0.7070941 0 0.7070917 -0.7071219 0 -0.6362212 -0.6361489 0.4365057 -0.04505306 0.03028774 -0.9985254 -0.05117076 -0.01812952 -0.9985254 -0.04601287 0.02880871 -0.9985254 0.7071138 0.7070999 0 0.7071198 -0.7070938 0 -0.7071068 0.7071068 0 0.7071297 -0.7070839 0 -0.7070342 -0.7071794 -1.09403e-5 -0.7070593 -0.7071543 -2.73497e-5 -0.7070999 0.7071137 0 -0.2869504 -0.286939 0.9139615 -0.7071025 -0.7071111 0 -0.7071189 0.7070947 0 0.7070733 0.7071403 0 -0.1689588 -0.1689672 0.971032 -0.6361753 -0.6363508 0.4362781 1.0873e-5 0 -1 1.07558e-5 0 1 0.7071889 -0.7070246 0 0.7070753 -0.7071383 -3.66602e-5 0.7071333 -0.7070803 0 0.7077946 0.7064183 0 0.7086071 0.7056033 0 0.7085023 0.7057084 -5.64743e-4 0.7075016 0.7067118 0 -0.7068673 -0.7073462 0 -0.7068678 -0.7073457 0 -0.7068676 -0.707346 0 0.1370724 -0.1370745 0.981031 -2.17439e-5 0 1 0.3794485 -0.3794683 0.8438143 0.7072246 -0.706989 3.40948e-5 0.7071112 0.7071024 0 -0.7071085 0.7071051 -5.47541e-5 0.7071042 -0.7071095 0 -0.7070578 -0.7071558 0 -2.90258e-5 0 -1 0.05265921 0.04059356 -0.9977872 0.0532298 0.03984242 -0.9977872 0.06124603 -0.02587962 -0.9977872 -2.17415e-5 0 1 0.7072146 -0.706999 0 0.7071288 0.7070848 0 -0.7071363 0.7070773 0 -0.7071024 -0.7071112 0 0.7071134 -0.7071003 0 0.7070907 -0.7071229 0 -0.7070546 0.7071591 0 -0.7071358 -0.7070778 0 0.7071275 -0.7070862 0 0.7071759 -0.7070378 0 0.7072107 0.7070028 0 0.7071015 0.7071121 0 0.7070588 0.7071548 3.99902e-6 -0.7071017 -0.7071119 0 -0.7071222 -0.7070915 -4.09025e-5 0.7071506 -0.707063 0 0.7072189 -0.7069947 0 0.7071163 -0.7070972 0 0.7070844 -0.7071292 0 0.707128 -0.7070856 -2.99511e-6 -0.286983 -0.286949 0.9139481 0.7071019 0.7071117 -4.57181e-5 0.7071186 -0.707095 0 0.707048 -0.7071655 8.91208e-6 9.29315e-6 0 -1 -0.3793646 0.3793621 0.8438999 -7.48766e-6 0 -1 -0.70711 0.7071036 0 0.7071521 -0.7070615 0 -0.6361927 -0.6361514 0.4365437 2.19141e-4 0 1 -0.04505068 -0.03029125 -0.9985255 -0.04601395 0.02880698 -0.9985255 -0.04204797 0.03433787 -0.9985255 0.7071133 0.7071003 0 0.7071076 -0.7071061 -8.32673e-6 -0.7068141 -0.7073993 0 -0.7069399 -0.7072737 0 -0.7071272 0.7070865 6.23973e-5 0.7069294 -0.7072842 0 0.7070358 -0.7071777 2.60131e-4 -0.7071541 0.7070595 -4.73139e-5 0.7068019 -0.7074116 0 0.7072355 -0.7069782 1.40348e-4 0.7072641 -0.7069495 3.75079e-5 0.7072915 -0.7069221 2.15064e-4 0.7069885 -0.707225 0 0.7072851 -0.7069285 0 0.7072851 -0.7069285 0 0.7072851 -0.7069285 0 0.707185 -0.7070285 0 0.7073651 -0.7068484 0 0.7070004 -0.7072132 0 0.7070809 -0.7071328 0 0.7069755 -0.707238 -1.39684e-4 0.7072998 -0.7069137 0 -0.7074061 0.7068068 8.57359e-4 -0.7080777 0.7061346 1.93119e-4 -0.7077087 0.7065035 -0.00109589 0.7068414 -0.7073722 0 -0.7071719 0.7070417 0 -0.7070742 0.7071394 0 -0.7071229 0.7070907 0 0.706752 -0.7074614 0 0.706684 -0.7075294 0 0.7070654 -0.7071483 -2.00724e-4 0.7071587 -0.7070549 0 0.7069929 -0.7072207 0 0.7071741 -0.7070395 0 -0.7068841 0.7073295 0 -0.7068842 0.7073295 0 -0.706884 0.7073296 0 0.707206 -0.7070075 0 -0.7072004 0.7070132 0 -0.7067728 0.7074407 0 0.7069976 -0.707216 0 -0.7070862 0.7071275 0 0.7071674 -0.7070462 0 0.7071672 -0.7070463 0 0.7071672 -0.7070463 -1.92988e-7 -0.7070689 0.7071447 0 0.707136 -0.7070775 0 -0.7074423 0.7067711 0 0.7070834 -0.7071302 0 0.7067692 -0.7074443 0 0.7071648 -0.7070488 0 -0.7066838 0.7075292 -6.71077e-4 -0.706684 0.7075294 0 -0.7066838 0.7075292 6.71026e-4 0.7071304 -0.7070831 0 0.7069346 -0.707279 0 0.7072997 -0.7069138 0 -0.7073272 0.7068864 0 -0.7073272 0.7068864 0 -0.7073272 0.7068864 0 0.7072355 -0.7069782 0 0.7070483 -0.7071653 0 -0.7070474 0.7071661 3.02072e-5 -0.706961 0.7072526 -4.32716e-4 -0.7071889 0.7070248 5.44127e-5 -0.7070834 0.7071302 0 0.7069469 -0.7072667 0 0.7070366 -0.7071771 0 0.7073652 -0.7068483 0 -0.7069976 0.707216 0 0.7069397 -0.7072739 0 0.7069395 -0.7072741 0 0.7069395 -0.7072741 -2.29732e-7 -0.7071831 0.7070304 -3.79997e-4 -0.707376 0.7068374 3.6211e-4 -0.7071831 0.7070304 3.80003e-4 -0.7073708 0.7068427 0 0.7067196 -0.7074939 0 0.7072175 -0.706996 0 0.7071499 -0.7070637 0 -0.7073733 0.7068402 0 0.7081869 -0.706025 0 0.7081865 -0.7060255 0 0.7081864 -0.7060256 0 0.7073308 -0.7068827 0 -0.7068893 0.7073242 0 -0.7073486 0.7068649 0 0.7071943 -0.7070192 0 -0.7067875 0.7074259 0 -0.7072339 0.7069797 0 -0.707907 0.7063056 0 0.7070206 -0.707193 0 0.7068023 -0.7074111 0 0.7075437 -0.7066696 0 0.707102 -0.7071116 0 0.7071018 -0.7071118 0 0.7071018 -0.7071118 -3.21622e-7 -0.7072228 0.7069908 0 -0.7070645 0.7071492 0 -0.7067948 0.7074186 0 -0.7071146 0.707099 -6.23984e-5 -0.7070444 0.7071692 0 0.7072867 -0.7069268 0 0.7076107 -0.7066025 -1.40256e-4 0.7076256 -0.7065876 0 0.7070268 -0.7071868 0 0.7069554 -0.7072582 0 -0.707621 0.7065922 0 0.7071186 -0.707095 0 0.7070617 -0.7071518 0 0.7070552 -0.7071584 0 0.7072563 -0.7069573 0 0.7071684 -0.7070452 0 -0.7071896 0.707024 0 -0.7073877 0.7068257 -5.02309e-4 0.7072369 -0.7069767 0 0.7070133 -0.7072004 0 0.7072727 -0.7069409 0 0.7069422 -0.7072713 1.0682e-4 0.7070357 -0.707178 -1.45055e-5 -0.7071248 0.7070888 0 0.7067216 -0.7074919 0 0.7069139 -0.7072997 0 -0.7072207 0.7069928 0 0.7069777 -0.7072359 0 -0.7066765 0.7075368 0 -0.7078877 0.706325 0 0.7069397 -0.7072739 0 0.7069395 -0.7072741 0 0.7069395 -0.7072741 0 0.707538 -0.7066754 0 0.7069797 -0.7072339 0 0.7068738 -0.7073389 0.001029849 0.7065588 -0.7076544 0 0.7070617 -0.7071519 0 0.70721 -0.7070036 0 0.7070704 -0.7071432 2.71347e-4 0.7069727 -0.7072409 0 0.7071437 -0.7070699 -1.10148e-4 0.7074735 -0.7067399 0 -0.7072516 0.7069621 0 -0.7071213 0.7070924 0 -0.7076789 0.7065339 6.7994e-4 -0.7083123 0.705899 5.62846e-4 -0.7080541 0.7061577 -8.62912e-4 -0.707058 0.7071557 0 -0.7072164 0.7069972 0 0.707216 -0.7069976 0 -0.707441 0.7067725 0 0.7069508 -0.7072628 0 0.707147 -0.7070666 0 0.706898 -0.7073156 0 0.7070899 -0.7071238 0 0.7071171 -0.7070965 5.34384e-5 -0.7068719 0.7073415 3.6854e-4 -0.7070848 0.7071288 0 -0.7070892 0.7071242 -4.76162e-4 0.7068091 -0.7074044 0 -0.7073782 0.7068352 6.38582e-4 -0.7080544 0.706158 0 -0.7077541 0.7064585 -7.51088e-4 -0.7071573 0.7070564 0 -0.7073417 0.7068719 -1.03279e-4 -0.7072739 0.7069396 0 0.7068226 -0.7073909 0 -0.7070275 0.7071827 -0.002183735 -0.7078792 0.7063313 0.001799643 -0.7070276 0.7071826 0.002183616 -0.7069118 0.7073017 0 0.7070832 -0.7071304 0 -0.7069531 0.7072605 0 0.7065791 -0.7076341 1.15992e-4 0.7065644 -0.7076487 0 0.7070717 -0.7071419 0 0.7069381 -0.7072755 0 0.7070122 -0.7072014 4.72981e-5 0.7069232 -0.7072904 0 0.7070207 -0.7071928 0 0.7071896 -0.707024 0 0.7070722 -0.7071415 0 0.7070877 -0.707126 1.20827e-4 0.7070768 -0.7071369 0 0.7074156 -0.7067978 0 -0.7079228 0.7062895 7.82866e-4 -0.7076666 0.7065465 0 0.706604 -0.7076094 0 -0.7070654 0.7071482 0 -0.7070091 0.7072045 0 -0.7071309 0.7070827 0 0.7071423 -0.7070713 0 0.7071245 -0.7070891 2.50356e-4 0.7071557 -0.707058 0 0.7070203 -0.7071933 0 -0.7074887 0.7067247 0 -0.7074887 0.7067247 0 -0.7074887 0.7067247 0 0.7071961 -0.7070175 0 -0.7072082 0.7070054 0 0.7068729 -0.7073407 0 -0.7070758 0.7071377 0 0.7073012 -0.7069124 0 0.7073012 -0.7069123 0 0.7073011 -0.7069125 0 -0.7068793 0.7073342 0 0.7068023 -0.7074112 2.45263e-4 0.7071068 -0.7071068 4.67663e-5 0.7070264 -0.7071872 0 0.7070552 -0.7071583 0 -0.7069902 0.7072232 -5.42848e-4 -0.7072694 0.7069441 0 0.7070012 -0.7072123 0 0.7070012 -0.7072123 0 0.7070012 -0.7072123 0 0.7069568 -0.7072568 0 -0.707208 0.7070056 0 0.707446 -0.7067674 4.67934e-5 0.7070717 -0.7071419 4.67686e-5 -0.7073071 0.7069064 0 -0.7074975 0.7067159 2.00124e-4 -0.7070336 0.70718 -6.23836e-5 0.7070453 -0.7071683 0 0.7067948 -0.7074186 0 0.707279 -0.7069345 0 -0.7071224 0.7070912 0 -0.7067342 0.7074791 -4.53701e-4 -0.7069531 0.7072603 -5.19711e-4 -0.7069531 0.7072604 5.19716e-4 -0.7072387 0.7069748 0 0.7074081 -0.7068054 0 0.706999 -0.7072145 0 -0.7070878 0.7071259 0 0.7076927 -0.7065204 0 0.7076568 -0.7065564 0 -0.7069966 0.707217 0 -0.7069966 0.707217 0 -0.7069966 0.707217 0 -0.7072716 0.7069419 0 0.7071776 -0.707036 0 0.7071776 -0.707036 0 0.7071776 -0.7070361 0 0.7073531 -0.70686 -7.23384e-4 0.7076307 -0.7065826 0 -0.7072255 0.7069881 0 -0.7074534 0.7067599 0 0.7071498 -0.7070637 0 0.7071498 -0.7070637 0 0.7071498 -0.7070639 0 0.7070801 -0.7071334 0 -0.7073356 0.7068779 0 -0.7071146 0.707099 6.23984e-5 -0.7071614 0.7070522 0 0.7070168 -0.7071967 0 0.7073178 -0.7068957 2.20431e-4 0.7070535 -0.7071601 0 0.7070766 -0.7071371 0 0.7073124 -0.7069011 0 0.7069413 -0.7072724 0 0.7070842 -0.7071293 2.25373e-5 0.7070488 -0.7071648 0 0.7072044 -0.7070092 0 0.7070276 -0.7071859 0 -0.7071778 0.7070358 0 0.7070477 -0.7071659 4.72957e-5 0.7071626 -0.7070509 1.42182e-4 0.7071626 -0.707051 1.42359e-4 0.7071627 -0.707051 1.42367e-4 0.7072588 -0.7069547 7.01715e-5 0.7072922 -0.7069214 5.85458e-5 0.7067472 -0.7074662 0 0.7070296 -0.707184 0 -0.7071394 0.7070742 0 0.7072164 -0.7069972 0 -0.7073651 0.7068484 0 -0.7073345 0.706879 0 0.7071413 -0.7070723 0 0.7071413 -0.7070723 2.29725e-7 0.7071412 -0.7070725 0 0.707193 -0.7070206 0 0.7072508 -0.7069627 0 0.7063213 -0.7078914 0 0.7070923 -0.7071213 0 0.7070449 -0.7071687 0 0.7067059 -0.7075076 0 0.7066182 -0.707595 3.33589e-4 0.7064964 -0.7077167 0 -0.7073883 0.7068252 0 -0.7078409 0.7063713 9.28015e-4 -0.7077107 0.7065019 -8.59256e-4 -0.7077106 0.7065019 8.59251e-4 -0.7071557 0.707058 0 0.7070912 -0.7071224 0 0.7070678 -0.7071458 0 0.7070983 -0.7071152 0 0.7067276 -0.7074857 0 0.7067276 -0.7074857 2.29772e-7 0.7067276 -0.7074857 0 -0.7071658 0.7070477 4.66175e-4 -0.707087 0.7071266 0 0.7069694 -0.7072442 0 -0.7078257 0.7063866 8.46851e-4 -0.7077097 0.7065035 0 -0.7071213 0.7070924 0 -0.7073701 0.7068434 0 -0.7072635 0.7069501 0 0.7069573 -0.7072563 5.41261e-5 0.7069573 -0.7072563 5.4145e-5 0.7069573 -0.7072563 5.41507e-5 -0.7064082 0.7078025 -0.001752138 -0.7072389 0.7069716 -0.00210905 -0.7072389 0.7069716 0.00210911 -0.4837527 -0.8752048 0 0.7212674 -0.6926562 9.50757e-4 0.720265 -0.693697 0.001683354 0.7197246 -0.6942598 7.88172e-7 0.7201522 -0.6938162 0 0.7202463 -0.6937185 0 0.7201918 -0.693775 0 0.7185781 -0.6954463 0 -0.4837473 -0.8752078 0 0.7213076 -0.6926141 0.00110048 0.7205909 -0.6933606 0 0.7197667 -0.694216 5.2115e-4 0.7201171 -0.6938527 0 0.7202481 -0.6937167 0 0.7202292 -0.6937363 0 0.7185863 -0.6954379 0</float_array>
          <technique_common>
            <accessor source="#Plane_048-mesh-normals-array" count="555" stride="3">
              <param name="X" type="float"/>
              <param name="Y" type="float"/>
              <param name="Z" type="float"/>
            </accessor>
          </technique_common>
        </source>
        <source id="Plane_048-mesh-map-0">
          <float_array id="Plane_048-mesh-map-0-array" count="3864">0.8618949 0.6386888 0.861246 0.610674 0.8618949 0.6112737 0.8618949 0.6386888 0.8710905 0.6392884 0.861246 0.6392884 0.8704416 0.6386888 0.8710905 0.610674 0.8710905 0.6392884 0.8618949 0.6112737 0.8710905 0.610674 0.8704416 0.6112737 0.8618949 0.6386888 0.861246 0.6392884 0.861246 0.610674 0.8618949 0.6386888 0.8704416 0.6386888 0.8710905 0.6392884 0.8704416 0.6386888 0.8704416 0.6112737 0.8710905 0.610674 0.8618949 0.6112737 0.861246 0.610674 0.8710905 0.610674 0.975534 0.6592559 0.9583683 0.6592559 0.9696335 0.6469318 0.896616 0.4800471 0.896616 0.49744 0.8853513 0.485116 0.896616 0.49744 0.8794509 0.49744 0.8853513 0.485116 0.9696335 0.6469318 0.9583683 0.6592559 0.9583683 0.6418629 0.9784293 0.01739346 0.961268 0.01739346 0.9725321 0.005069375 0.9626964 0.8008012 0.9626964 0.8181942 0.9514305 0.8058701 0.9626964 0.8181942 0.9455339 0.8181942 0.9514305 0.8058701 0.9725321 0.005069375 0.961268 0.01739346 0.961268 5.76901e-07 0.9032958 0.9031195 0.8966939 0.9031195 0.8966939 0.8399945 0.8173812 0.9211956 0.8107843 0.9211956 0.8107843 0.8580707 0.87854 0.5474442 0.8785452 0.6189077 0.8719429 0.6189088 0.9032958 0.8399945 0.9032958 0.9031195 0.8966939 0.8399945 0.8899855 0.9031193 0.8899855 0.8399943 0.8965888 0.9031193 0.8899855 0.8399943 0.8965888 0.8399943 0.8965888 0.9031193 0.8173812 0.8580707 0.8173812 0.9211956 0.8107843 0.8580707 0.8040766 0.9211955 0.8040766 0.8580706 0.8106785 0.9211955 0.8040766 0.8580706 0.8106785 0.8580706 0.8106785 0.9211955 0.8719429 0.6189088 0.8719429 0.5474414 0.87854 0.5474442 0.8832783 0.9045374 0.8832771 0.8399937 0.8898776 0.8722685 0.8832771 0.8399937 0.8898791 0.8399943 0.8898813 0.8516801 0.8898776 0.8722685 0.8832771 0.8399937 0.8898813 0.8516801 0.8898776 0.8722685 0.8898813 0.9045372 0.8832783 0.9045374 0 0.8973886 0.06229531 0.8890408 0.06229531 0.8973886 0.8855298 0.3312366 0.9169616 0.3910802 0.8920435 0.3910802 0.06229531 0.8429974 0 0.8651205 0 0.8445321 0 0.8445321 0 0.8328459 0.06229531 0.8429974 0.8793455 0.331236 0.8793455 0.5473352 0.8170502 0.5473352 0.7744424 9.57222e-07 0.8678854 0.3191489 0.7744423 0.3191483 0.06229531 0.8651186 0.06229531 0.8890408 0 0.8651205 0.004020631 0.5754097 0.3118398 0.004055917 0.3118422 0.5754672 0.004020631 0.5754097 3.62848e-06 0.5794827 2.07835e-06 0.2897408 0.3118422 0.5754672 0.3157938 0.4346757 0.3157932 0.5795443 0.004020631 0.5754097 0.3157932 0.5795443 3.62848e-06 0.5794827 0.3118398 0.004055917 2.08479e-06 9.33151e-07 0.3157881 6.08571e-05 0.004017293 0.003995716 3.41512e-06 0.1448712 2.08479e-06 9.33151e-07 0.004020631 0.5754097 0.3118422 0.5754672 0.3157932 0.5795443 0.3118398 0.004055917 0.004017293 0.003995716 2.08479e-06 9.33151e-07 0.3118398 0.004055917 0.3157881 6.08571e-05 0.3157922 0.1449338 0.561092 0.3192585 0.5621414 0.3292337 0.5610929 0.3292338 0.9454286 0.6727307 0.9454286 0.8398873 0.9275727 0.6727307 0.8794509 0.6388779 0.896616 0.49744 0.896616 0.6388779 0.7566617 0.8710799 0.7801713 0.8825725 0.7565974 0.8825725 0.9920368 9.73872e-07 0.9785353 0.2277384 0.9785353 9.72836e-07 0.9379324 0.6418631 0.9275727 0.6727307 0.9275727 0.6418631 0.3118398 0.004055917 0.004020631 0.5754097 0.004017293 0.003995716 0.2031196 0.5796515 0.2134792 0.6180925 0.1956233 0.6180925 0.8920435 0.4799401 0.8794509 0.4461205 0.8920435 0.4461205 0.1955175 0.579743 0.164938 0.7941691 0.1649405 0.5796494 0.3118398 0.004055917 0.3157922 0.1449338 0.3157908 0.2898014 0.90956 0.4800469 0.9331324 0.492371 0.9095587 0.492371 0.8228774 0.8819576 0.8357129 0.8580709 0.8357134 0.8819583 0.5609593 0.3312848 0.3260668 0.3415426 0.315897 0.331235 0.315897 0.6623185 0.3260668 0.3415426 0.3260655 0.6520167 0.315897 0.6623185 0.5507937 0.6520637 0.5609629 0.66237 0.2910122 0.9107786 0.3155005 0.5796509 0.3155004 0.9107786 0.9455339 0.6592559 0.9583683 0.6418629 0.9583683 0.6592559 0.5609629 0.66237 0.5507934 0.3415894 0.5609593 0.3312848 0.8794509 0.3910802 0.8855298 0.3312366 0.8920435 0.3910802 0.8794509 0.3910802 0.8920435 0.4110693 0.8794509 0.4110693 0.558475 0.6624777 0.5595231 0.6910921 0.558475 0.6910921 0.756597 0.6418634 0.7877447 0.6418634 0.756597 0.8579639 0.8174876 0.9211956 0.8227714 0.8580707 0.8227714 0.9211956 0 0.8651205 0.06229531 0.8890408 0 0.8973886 0.5606765 0.691092 0.5596283 0.6624776 0.5606765 0.6624776 0.3321475 2.56214e-06 0.5609803 0.331129 0.3321466 0.3311287 0.8170502 0.5473352 0.7859025 0.3312359 0.8793455 0.331236 0.000118356 0.8327384 0.164938 0.7941691 0.1955147 0.8327023 0.5610916 0 0.7743364 0.3191506 0.5610948 0.3191065 0.7802271 0.8580712 0.7566617 0.8710799 0.7566567 0.8580732 0.004017293 0.003995716 2.07835e-06 0.2897408 3.41512e-06 0.1448712 0.1624568 0.8918977 0.180665 0.8328459 0.1806643 0.8918977 0.9378322 0.5795829 0.9623205 0.3312353 0.9623204 0.5795829 0.8692971 0.8398836 0.9275727 0.6727307 0.9454286 0.8398873 0.06229531 0.8429974 0.06229531 0.8651186 0 0.8651205 0.867991 0.3191477 0.8991388 9.66763e-07 0.8991388 0.3191477 0.9331324 0.492371 0.9095587 0.6338089 0.9095587 0.492371 0.8483042 0.6345613 0.8611384 0.6106743 0.861141 0.6345624 0.2817067 0.9414223 0.2869902 0.8327381 0.2869908 0.9414226 0.7564877 0.8948425 0.726031 0.6803019 0.7564905 0.6418622 0.8039671 0.8580709 0.7804005 0.8710778 0.7803981 0.8580744 0.7924848 0.6390044 0.7859023 0.6190154 0.7924866 0.6190132 0.9784293 0.01739346 0.961268 0.1588314 0.961268 0.01739346 0.3158988 0.8770282 0.480837 0.6624761 0.480836 0.8769958 0.08597481 0.8328459 0.06240105 0.9742838 0.06240105 0.8328459 0.9626964 0.8181942 0.9455339 0.959632 0.9455339 0.8181942 0.8424047 0.8580707 0.8358194 0.9043623 0.8358194 0.8580707 0.9238381 0.2483524 0.9483264 9.70528e-07 0.9483264 0.2483524 0.8992444 0.3311261 0.9237326 9.68644e-07 0.9237326 0.3311261 0.9086867 0.8399943 0.9034016 0.9031193 0.9034016 0.8399943 0.1388154 0.8328459 0.1623466 0.8959708 0.1388154 0.8959708 0.9377267 0.331236 0.9169616 0.3910802 0.8855298 0.3312366 0.9755327 0.8008012 0.9626964 0.8181942 0.9626964 0.8008012 0.972008 0.1712625 0.9484344 0.3127003 0.9484344 0.1712625 0.1956233 0.8327367 0.2371536 0.9414221 0.1956233 0.9414221 0.1053376 0.8328455 0.1387102 0.8791371 0.1053376 0.8791371 0.5184528 0.6624798 0.5392178 0.8770188 0.487021 0.8770174 0.8483033 0.547442 0.8718364 0.610567 0.8483033 0.610567 0.4876297 0.8771263 0.4942088 0.9234178 0.4876297 0.9234178 0.85004 0.8579639 0.7877447 0.6418634 0.85004 0.6418634 0.5610705 0.3312371 0.7857985 0.6417573 0.5610705 0.6417112 0.2580246 0.9741746 0.2815996 0.8327367 0.2816008 0.9741746 0.9996067 0.8948433 0.989247 0.6418621 0.9996067 0.6418621 0.487021 0.8770174 0.4809421 0.6624773 0.4935347 0.6624798 0.8698751 0.886286 0.8501461 0.8399945 0.8698751 0.8399945 0.1939625 0.8328459 0.1807708 0.8959708 0.1807708 0.8328459 0.5392178 0.6624798 0.5583694 0.8770188 0.5392178 0.8770188 0.9895349 0.3312366 0.9760334 0.5589765 0.9760334 0.3312366 0.08608025 0.8328452 0.1052318 1 0.08608025 1 0.9759277 0.331236 0.9624263 0.6417503 0.9624263 0.331236 0.9094529 0.4800471 0.896616 0.49744 0.896616 0.4800471 0.9484318 0.01739346 0.961268 5.76901e-07 0.961268 0.01739346 0.8481976 0.5474418 0.7859023 0.6189049 0.7859023 0.5474418 0.8699802 0.8399945 0.8831713 0.9031195 0.8699802 0.9031195 0.06229531 0.8429974 0 0.8328459 0.06229531 0.8328459 0.4935347 0.6624798 0.5184528 0.6624798 0.487021 0.8770174 0.8039108 0.8825719 0.7804005 0.8710778 0.8039723 0.871077 0.271755 0.8326276 0.2134792 0.6180925 0.271755 0.6180912 0.2579188 0.8327367 0.2371536 0.9414221 0.2371537 0.8327367 0 0.7942013 0.1649405 0.5796494 0.164938 0.7941691 0.975534 0.8006938 0.9583683 0.6592559 0.975534 0.6592559 0.7744424 9.57222e-07 0.8678854 9.64371e-07 0.8678854 0.3191489 0.3321475 2.56214e-06 0.3158974 0.3311272 0.3158973 1.90108e-06 0.3118422 0.5754672 0.3157908 0.2898014 0.3157938 0.4346757 0.5008977 0.8771276 0.4943152 0.9109448 0.4943178 0.8771255 0.9891412 0.6418634 0.9756397 0.9523772 0.9756397 0.6418634 0.8920435 0.4110693 0.8794509 0.4461205 0.8794509 0.4110693 0.9720055 0.1589384 0.9484344 0.1712625 0.9484318 0.1589384 0.5622466 0.3292326 0.5632955 0.3192586 0.5632955 0.3292335 0.5610685 0.641862 0.726031 0.6803019 0.5610689 0.6803037 0.1956233 0.8326302 0.1956233 0.6180925 0.2134792 0.6180925 0.9896402 0.5292608 0.9999998 0.3312358 1 0.5292608 0.8501454 0.6727276 0.8692971 0.8398836 0.8501455 0.8398836 0.2909066 0.6180912 0.271755 0.8326276 0.271755 0.6180912 0.8920435 0.4461205 0.9377267 0.4110699 0.9377267 0.4461205 0.4875246 0.8771263 0.4809429 0.9234178 0.4809429 0.8771263 0.8490934 0.8580707 0.8425118 0.9043623 0.8425105 0.8580707 0.561092 0.3192585 0.5621414 0.3192575 0.5621414 0.3292337 0.8794509 0.6388779 0.8794509 0.49744 0.896616 0.49744 0.7566617 0.8710799 0.7802328 0.8710772 0.7801713 0.8825725 0.9920368 9.73872e-07 0.9920368 0.2277384 0.9785353 0.2277384 0.9379324 0.6418631 0.9454286 0.6727307 0.9275727 0.6727307 0.2031196 0.5796515 0.2134792 0.5796515 0.2134792 0.6180925 0.8920435 0.4799401 0.8794509 0.4799401 0.8794509 0.4461205 0.1955175 0.579743 0.1955147 0.8327023 0.164938 0.7941691 0.90956 0.4800469 0.9331349 0.4800469 0.9331324 0.492371 0.8228774 0.8819576 0.8228762 0.8580709 0.8357129 0.8580709 0.5609593 0.3312848 0.5507934 0.3415894 0.3260668 0.3415426 0.315897 0.6623185 0.315897 0.331235 0.3260668 0.3415426 0.315897 0.6623185 0.3260655 0.6520167 0.5507937 0.6520637 0.2910122 0.9107786 0.2910122 0.5796509 0.3155005 0.5796509 0.9455339 0.6592559 0.9455339 0.6418629 0.9583683 0.6418629 0.5609629 0.66237 0.5507937 0.6520637 0.5507934 0.3415894 0.8794509 0.3910802 0.8794509 0.331236 0.8855298 0.3312366 0.8794509 0.3910802 0.8920435 0.3910802 0.8920435 0.4110693 0.558475 0.6624777 0.5595231 0.6624777 0.5595231 0.6910921 0.8174876 0.9211956 0.8174876 0.8580707 0.8227714 0.8580707 0.5606765 0.691092 0.5596283 0.691092 0.5596283 0.6624776 0.3321475 2.56214e-06 0.5609849 1.15427e-06 0.5609803 0.331129 0.8170502 0.5473352 0.7859025 0.5473352 0.7859025 0.3312359 0.000118356 0.8327384 0 0.7942013 0.164938 0.7941691 0.5610916 0 0.7743364 4.41371e-05 0.7743364 0.3191506 0.7802271 0.8580712 0.7802328 0.8710772 0.7566617 0.8710799 0.004017293 0.003995716 0.004020631 0.5754097 2.07835e-06 0.2897408 0.1624568 0.8918977 0.1624523 0.8328459 0.180665 0.8328459 0.9378322 0.5795829 0.9378322 0.3312353 0.9623205 0.3312353 0.8692971 0.8398836 0.869297 0.6727276 0.9275727 0.6727307 0.867991 0.3191477 0.867991 9.64382e-07 0.8991388 9.66763e-07 0.9331324 0.492371 0.9331324 0.6338089 0.9095587 0.6338089 0.8483042 0.6345613 0.8483042 0.6106761 0.8611384 0.6106743 0.2817067 0.9414223 0.2817066 0.8327366 0.2869902 0.8327381 0.7564877 0.8948425 0.7260258 0.8948425 0.726031 0.6803019 0.8039671 0.8580709 0.8039723 0.871077 0.7804005 0.8710778 0.7924848 0.6390044 0.7859023 0.6390048 0.7859023 0.6190154 0.9784293 0.01739346 0.9784293 0.1588314 0.961268 0.1588314 0.3158988 0.8770282 0.3158988 0.6625094 0.480837 0.6624761 0.08597481 0.8328459 0.08597481 0.9742838 0.06240105 0.9742838 0.9626964 0.8181942 0.9626964 0.959632 0.9455339 0.959632 0.8424047 0.8580707 0.8424047 0.9043623 0.8358194 0.9043623 0.9238381 0.2483524 0.9238381 9.68651e-07 0.9483264 9.70528e-07 0.8992444 0.3311261 0.8992444 9.66771e-07 0.9237326 9.68644e-07 0.9086867 0.8399943 0.9086867 0.9031193 0.9034016 0.9031193 0.1388154 0.8328459 0.1623466 0.8328459 0.1623466 0.8959708 0.9377267 0.331236 0.9377267 0.3910802 0.9169616 0.3910802 0.9755327 0.8008012 0.9755327 0.8181942 0.9626964 0.8181942 0.972008 0.1712625 0.972008 0.3127003 0.9484344 0.3127003 0.1956233 0.8327367 0.2371537 0.8327367 0.2371536 0.9414221 0.1053376 0.8328455 0.1387102 0.8328455 0.1387102 0.8791371 0.5184528 0.6624798 0.5392178 0.6624798 0.5392178 0.8770188 0.8483033 0.547442 0.8718364 0.547442 0.8718364 0.610567 0.4876297 0.8771263 0.4942088 0.8771263 0.4942088 0.9234178 0.85004 0.8579639 0.756597 0.8579639 0.7877447 0.6418634 0.5610705 0.3312371 0.785797 0.3312829 0.7857985 0.6417573 0.2580246 0.9741746 0.2580259 0.8327367 0.2815996 0.8327367 0.9996067 0.8948433 0.989247 0.8948433 0.989247 0.6418621 0.487021 0.8770174 0.4809421 0.8770188 0.4809421 0.6624773 0.8698751 0.886286 0.8501461 0.886286 0.8501461 0.8399945 0.1939625 0.8328459 0.1939625 0.8959708 0.1807708 0.8959708 0.5392178 0.6624798 0.5583694 0.6624798 0.5583694 0.8770188 0.9895349 0.3312366 0.9895349 0.5589765 0.9760334 0.5589765 0.08608025 0.8328452 0.1052318 0.8328452 0.1052318 1 0.9759277 0.331236 0.9759277 0.6417503 0.9624263 0.6417503 0.9094529 0.4800471 0.9094529 0.49744 0.896616 0.49744 0.9484318 0.01739346 0.9484318 5.76901e-07 0.961268 5.76901e-07 0.8481976 0.5474418 0.8481976 0.6189049 0.7859023 0.6189049 0.8699802 0.8399945 0.8831713 0.8399945 0.8831713 0.9031195 0.8039108 0.8825719 0.780338 0.8825719 0.7804005 0.8710778 0.271755 0.8326276 0.1956233 0.8326302 0.2134792 0.6180925 0.2579188 0.8327367 0.2579187 0.9414221 0.2371536 0.9414221 0 0.7942013 0 0.5796828 0.1649405 0.5796494 0.975534 0.8006938 0.9583663 0.8006938 0.9583683 0.6592559 0.3321475 2.56214e-06 0.3321466 0.3311287 0.3158974 0.3311272 0.3118422 0.5754672 0.3118398 0.004055917 0.3157908 0.2898014 0.5008977 0.8771276 0.5008977 0.9109442 0.4943152 0.9109448 0.9891412 0.6418634 0.9891412 0.9523772 0.9756397 0.9523772 0.8920435 0.4110693 0.8920435 0.4461205 0.8794509 0.4461205 0.9720055 0.1589384 0.972008 0.1712625 0.9484344 0.1712625 0.5622466 0.3292326 0.5622466 0.3192579 0.5632955 0.3192586 0.5610685 0.641862 0.7564905 0.6418622 0.726031 0.6803019 0.9896402 0.5292608 0.9896402 0.3312358 0.9999998 0.3312358 0.8501454 0.6727276 0.869297 0.6727276 0.8692971 0.8398836 0.2909066 0.6180912 0.2909066 0.8326276 0.271755 0.8326276 0.8920435 0.4461205 0.8920435 0.4110693 0.9377267 0.4110699 0.4875246 0.8771263 0.4875246 0.9234178 0.4809429 0.9234178 0.8490934 0.8580707 0.8490934 0.9043623 0.8425118 0.9043623 0.5443291 0.7811635 0.5623583 0.8055043 0.5623583 0.7811627 0.741556 0.9788429 0.7526822 0.9648715 0.7526822 0.9788429 0.7793709 0.9580048 0.7651543 0.9440339 0.7793709 0.9440334 0.7793709 0.9440334 0.7651543 0.9580048 0.7793709 0.9580048 0.5033373 0.9788429 0.5170531 0.9648715 0.5170531 0.9788429 0.5414688 0.9788429 0.5285037 0.9648719 0.5414688 0.9648715 0.6473053 0.9788429 0.6614063 0.9648715 0.6614063 0.9788429 0.6905076 0.9648715 0.6762909 0.9788429 0.6762909 0.9648719 0.503447 0.9788429 0.5168632 0.9648715 0.5168632 0.9788429 0.698042 0.7462647 0.6643553 0.6406283 0.698042 0.6406283 0.958097 0.9966418 0.9778823 0.9739173 0.9778823 0.9966418 0.6762909 0.9788429 0.6905076 0.9648715 0.6905076 0.9788429 0.6086783 0.881598 0.6251214 0.8453767 0.6251214 0.881598 0.8995299 0.9998975 0.9210169 0.9706615 0.9210169 0.9998975 0.958097 0.9637697 0.9778823 0.9410451 0.958097 0.9410459 0.5552909 0.9788429 0.5661381 0.9648715 0.5661381 0.9788429 0.6198486 0.6982062 0.7391045 0.6421987 0.7391045 0.6982063 0.0846824 0.7199741 0.1180838 0.7041149 0.0846824 0.7041155 0.8243015 0.881598 0.8457816 0.8453767 0.8243015 0.845378 0.6762909 0.9788429 0.6905076 0.9648715 0.6905076 0.9788429 0.8460618 0.9999493 0.8769054 0.9547121 0.8769054 0.9999493 0.1332855 0.7121629 0.1666869 0.6963036 0.1666869 0.7121629 0.8195508 0.956074 0.8558193 0.9285128 0.8558193 0.956074 0.958097 0.9964269 0.9778823 0.9737023 0.958097 0.9737032 0.6213128 0.7473177 0.7398439 0.6380592 0.7398439 0.7473177 0.7660579 0.8055043 0.7840871 0.7811627 0.7660579 0.7811635 0.920539 0.966049 0.9408892 0.9368129 0.920539 0.936814 0.7660579 0.8055043 0.7840871 0.7811627 0.7840871 0.8055043 0.6213128 0.7473177 0.7398439 0.6380592 0.6213128 0.6380632 0.5037711 0.9790647 0.5168064 0.9632512 0.5168064 0.9790647 0.6907469 0.9788429 0.7023387 0.9648715 0.6907469 0.9648719 0.6233905 0.9648719 0.6362245 0.9788429 0.6233905 0.9788429 0.8400681 0.8055043 0.85711 0.7811627 0.8400681 0.7811635 0.5414688 0.9648715 0.5285037 0.9788429 0.5285037 0.9648719 0.7527999 0.8818556 0.7674735 0.8456344 0.7674735 0.8818556 0.6213128 0.7473177 0.7398439 0.6380592 0.7398439 0.7473177 0.8460618 0.9999493 0.8769054 0.9547121 0.8460618 0.9547137 0.7651543 0.9580048 0.7793709 0.9440334 0.7793709 0.9580048 0.6086783 0.9256852 0.6251214 0.8894639 0.6251214 0.9256852 0.5060834 0.8055043 0.5260224 0.7811627 0.5260224 0.8055043 0.5033373 0.9788429 0.5170531 0.9648715 0.5170531 0.9788429 0.6473053 0.9788429 0.6614063 0.9648715 0.6473053 0.9648719 0.5414688 0.9648715 0.5285037 0.9788429 0.5285037 0.9648719 0.7296877 0.9648715 0.7167226 0.9788429 0.7167226 0.9648719 0.5033373 0.9648719 0.5170531 0.9788429 0.5170531 0.9648715 0.5251792 0.7811627 0.50715 0.8055043 0.5251792 0.8055043 0.8226913 0.8055043 0.8404126 0.7811627 0.8404126 0.8055043 0.8570173 0.8055043 0.8740593 0.7811627 0.8740593 0.8055043 0.8561012 0.8055043 0.8738225 0.7811627 0.8738225 0.8055043 0.5620985 0.8055043 0.5801277 0.7811627 0.5620985 0.7811635 0.8995299 0.9998975 0.9210169 0.9706615 0.9210169 0.9998975 0.8460618 0.9999493 0.8769054 0.9547121 0.8460618 0.9547137 0.5399298 0.8818556 0.5531946 0.8456344 0.5399298 0.8456356 0.958097 0.9638782 0.9778823 0.9411535 0.9778823 0.9638782 0.7176432 0.8055043 0.741222 0.7811627 0.741222 0.8055043 0.958097 0.9966418 0.9778823 0.9739173 0.9778823 0.9966418 0.6473053 0.9788429 0.6614063 0.9648715 0.6473053 0.9648719 0.8460618 0.9999493 0.8769054 0.9547121 0.8769054 0.9999493 0.17171 0.8717492 0.1918925 0.8485683 0.1918925 0.8717492 0.7297835 0.9788429 0.7414004 0.9648715 0.7297835 0.9648719 0.3173027 0.6486347 0.3479462 0.6290169 0.3173027 0.6290177 0.958097 0.9637697 0.9778823 0.9410451 0.9778823 0.9637697 0.958097 0.9637697 0.9778823 0.9410451 0.9778823 0.9637697 0.652119 0.8055043 0.6617867 0.7811627 0.652119 0.7811635 0.507352 0.9256852 0.5248621 0.8894639 0.507352 0.8894652 0.6897214 0.9790647 0.7027567 0.9632512 0.6897214 0.9632518 0.9777296 0.9635764 0.9975149 0.9408518 0.9975149 0.9635764 0.5552513 0.9788429 0.566183 0.9648715 0.566183 0.9788429 0.9393106 0.966049 0.9596608 0.9368129 0.9596608 0.966049 0.6231091 0.9790647 0.6361444 0.9632512 0.6361444 0.9790647 0.6627442 0.9788429 0.675222 0.9648715 0.6627442 0.9648719 0.507352 0.881598 0.5248621 0.8453767 0.507352 0.845378 0.50715 0.7811635 0.5251792 0.8055043 0.5251792 0.7811627 0.7629116 0.7811627 0.7448824 0.8055043 0.7629116 0.8055043 0.5620985 0.8055043 0.5801277 0.7811627 0.5620985 0.7811635 0.7413058 0.9788429 0.7529647 0.9648715 0.7529647 0.9788429 0.9197089 0.9998975 0.9411959 0.9706615 0.9411959 0.9998975 0.5561271 0.7502556 0.6202234 0.7068217 0.6202234 0.7502556 0.9393106 0.9985978 0.9596608 0.9693616 0.9393106 0.9693627 0.9393106 0.966049 0.9596608 0.9368129 0.9596608 0.966049 0.741556 0.9788429 0.7526822 0.9648715 0.7526822 0.9788429 0.741556 0.9788429 0.7526822 0.9648715 0.7526822 0.9788429 0.7409916 0.9648715 0.730276 0.9788429 0.730276 0.9648719 0.6213128 0.7473177 0.7398439 0.6380592 0.7398439 0.7473177 0.8460618 0.9999493 0.8769054 0.9547121 0.8769054 0.9999493 0.5979509 0.8055043 0.6123254 0.7811627 0.6123254 0.8055043 0.5399298 0.9256852 0.5531946 0.8894639 0.5531946 0.9256852 0.6762909 0.9788429 0.6905076 0.9648715 0.6762909 0.9648719 0.6905076 0.9648715 0.6762909 0.9788429 0.6762909 0.9648719 0.5029254 0.9648719 0.5171421 0.9788429 0.5029254 0.9788429 0.5543174 0.9648715 0.5413523 0.9788429 0.5413523 0.9648719 0.5543174 0.9648715 0.5413523 0.9788429 0.5413523 0.9648719 0.6757379 0.9648715 0.6624231 0.9788429 0.6624231 0.9648719 0.7017731 0.8055043 0.716562 0.7811627 0.7017731 0.7811635 0.9199259 0.9996805 0.9414129 0.9704445 0.9414129 0.9996805 0.9772081 0.9669169 0.9986951 0.9376809 0.9986951 0.9669169 0.0846824 0.7199741 0.1180838 0.7041149 0.0846824 0.7041155 0.958097 0.9637697 0.9778823 0.9410451 0.9778823 0.9637697 0.6213128 0.7473177 0.7398439 0.6380592 0.7398439 0.7473177 0.958097 0.9637697 0.9778823 0.9410451 0.958097 0.9410459 0.8460618 0.9999493 0.8769054 0.9547121 0.8460618 0.9547137 0.5289406 0.9790647 0.5419759 0.9632512 0.5419759 0.9790647 0.958097 0.9966418 0.9778823 0.9739173 0.9778823 0.9966418 0.507352 0.9256852 0.5248621 0.8894639 0.5248621 0.9256852 0.5169987 0.9788429 0.5287899 0.9648715 0.5287899 0.9788429 0.6213128 0.7473177 0.7398439 0.6380592 0.7398439 0.7473177 0.6627442 0.9788429 0.675222 0.9648715 0.675222 0.9788429 0.7789338 0.9788429 0.7974156 0.9648715 0.7974156 0.9788429 0.6758441 0.9788429 0.6905531 0.9648715 0.6905531 0.9788429 0.8243015 0.9256852 0.8457816 0.8894639 0.8243015 0.8894652 0.7659906 0.9788429 0.7794067 0.9648715 0.7659906 0.9648719 0.958097 0.9638782 0.9778823 0.9411535 0.958097 0.9411544 0.5022985 0.7019129 0.5650669 0.6721101 0.5022985 0.6721113 0.6213128 0.7473177 0.7398439 0.6380592 0.6213128 0.6380632 0.5801412 0.8055043 0.5981704 0.7811627 0.5981704 0.8055043 0.8995299 0.9998975 0.9210169 0.9706615 0.8995299 0.9706625 0.7006369 0.8055043 0.7176983 0.7811627 0.7176983 0.8055043 0.7527999 0.9256852 0.7674735 0.8894639 0.7674735 0.9256852 0.7677343 0.881598 0.7800403 0.8453767 0.7800403 0.881598 0.507352 0.8818556 0.5248621 0.8456344 0.5248621 0.8818556 0.63581 0.9788429 0.646789 0.9648715 0.646789 0.9788429 0.7413058 0.9788429 0.7529647 0.9648715 0.7413058 0.9648719 0.6758441 0.9788429 0.6905531 0.9648715 0.6905531 0.9788429 0.958097 0.9637697 0.9778823 0.9410451 0.958097 0.9410459 0.6213128 0.7473177 0.7398439 0.6380592 0.6213128 0.6380632 0.7413058 0.9648719 0.7529647 0.9788429 0.7529647 0.9648715 0.7677343 0.9256852 0.7800403 0.8894639 0.7677343 0.8894652 0.6128025 0.9648715 0.6038509 0.9788429 0.6038509 0.9648719 0.958097 0.9638782 0.9778823 0.9411535 0.958097 0.9411544 0.63581 0.9788429 0.646789 0.9648715 0.63581 0.9648719 0.5443291 0.7811635 0.5443291 0.8055043 0.5623583 0.8055043 0.741556 0.9788429 0.741556 0.9648719 0.7526822 0.9648715 0.7793709 0.9580048 0.7651543 0.9580048 0.7651543 0.9440339 0.7793709 0.9440334 0.7651543 0.9440339 0.7651543 0.9580048 0.5033373 0.9788429 0.5033373 0.9648719 0.5170531 0.9648715 0.5414688 0.9788429 0.5285037 0.9788429 0.5285037 0.9648719 0.6473053 0.9788429 0.6473053 0.9648719 0.6614063 0.9648715 0.6905076 0.9648715 0.6905076 0.9788429 0.6762909 0.9788429 0.503447 0.9788429 0.503447 0.9648719 0.5168632 0.9648715 0.698042 0.7462647 0.6643553 0.7462647 0.6643553 0.6406283 0.958097 0.9966418 0.958097 0.9739181 0.9778823 0.9739173 0.6762909 0.9788429 0.6762909 0.9648719 0.6905076 0.9648715 0.6086783 0.881598 0.6086783 0.845378 0.6251214 0.8453767 0.8995299 0.9998975 0.8995299 0.9706625 0.9210169 0.9706615 0.958097 0.9637697 0.9778823 0.9637697 0.9778823 0.9410451 0.5552909 0.9788429 0.5552909 0.9648719 0.5661381 0.9648715 0.6198486 0.6982062 0.6198486 0.6421987 0.7391045 0.6421987 0.0846824 0.7199741 0.1180838 0.7199741 0.1180838 0.7041149 0.8243015 0.881598 0.8457816 0.881598 0.8457816 0.8453767 0.6762909 0.9788429 0.6762909 0.9648719 0.6905076 0.9648715 0.8460618 0.9999493 0.8460618 0.9547137 0.8769054 0.9547121 0.1332855 0.7121629 0.1332855 0.6963043 0.1666869 0.6963036 0.8195508 0.956074 0.8195508 0.9285138 0.8558193 0.9285128 0.958097 0.9964269 0.9778823 0.9964269 0.9778823 0.9737023 0.6213128 0.7473177 0.6213128 0.6380632 0.7398439 0.6380592 0.7660579 0.8055043 0.7840871 0.8055043 0.7840871 0.7811627 0.920539 0.966049 0.9408892 0.966049 0.9408892 0.9368129 0.7660579 0.8055043 0.7660579 0.7811635 0.7840871 0.7811627 0.6213128 0.7473177 0.7398439 0.7473177 0.7398439 0.6380592 0.5037711 0.9790647 0.5037711 0.9632518 0.5168064 0.9632512 0.6907469 0.9788429 0.7023387 0.9788429 0.7023387 0.9648715 0.6233905 0.9648719 0.6362245 0.9648715 0.6362245 0.9788429 0.8400681 0.8055043 0.85711 0.8055043 0.85711 0.7811627 0.5414688 0.9648715 0.5414688 0.9788429 0.5285037 0.9788429 0.7527999 0.8818556 0.7527999 0.8456356 0.7674735 0.8456344 0.6213128 0.7473177 0.6213128 0.6380632 0.7398439 0.6380592 0.8460618 0.9999493 0.8769054 0.9999493 0.8769054 0.9547121 0.7651543 0.9580048 0.7651543 0.9440339 0.7793709 0.9440334 0.6086783 0.9256852 0.6086783 0.8894652 0.6251214 0.8894639 0.5060834 0.8055043 0.5060834 0.7811635 0.5260224 0.7811627 0.5033373 0.9788429 0.5033373 0.9648719 0.5170531 0.9648715 0.6473053 0.9788429 0.6614063 0.9788429 0.6614063 0.9648715 0.5414688 0.9648715 0.5414688 0.9788429 0.5285037 0.9788429 0.7296877 0.9648715 0.7296877 0.9788429 0.7167226 0.9788429 0.5033373 0.9648719 0.5033373 0.9788429 0.5170531 0.9788429 0.5251792 0.7811627 0.50715 0.7811635 0.50715 0.8055043 0.8226913 0.8055043 0.8226913 0.7811635 0.8404126 0.7811627 0.8570173 0.8055043 0.8570173 0.7811635 0.8740593 0.7811627 0.8561012 0.8055043 0.8561012 0.7811635 0.8738225 0.7811627 0.5620985 0.8055043 0.5801277 0.8055043 0.5801277 0.7811627 0.8995299 0.9998975 0.8995299 0.9706625 0.9210169 0.9706615 0.8460618 0.9999493 0.8769054 0.9999493 0.8769054 0.9547121 0.5399298 0.8818556 0.5531946 0.8818556 0.5531946 0.8456344 0.958097 0.9638782 0.958097 0.9411544 0.9778823 0.9411535 0.7176432 0.8055043 0.7176432 0.7811635 0.741222 0.7811627 0.958097 0.9966418 0.958097 0.9739181 0.9778823 0.9739173 0.6473053 0.9788429 0.6614063 0.9788429 0.6614063 0.9648715 0.8460618 0.9999493 0.8460618 0.9547137 0.8769054 0.9547121 0.17171 0.8717492 0.17171 0.8485692 0.1918925 0.8485683 0.7297835 0.9788429 0.7414004 0.9788429 0.7414004 0.9648715 0.3173027 0.6486347 0.3479462 0.6486347 0.3479462 0.6290169 0.958097 0.9637697 0.958097 0.9410459 0.9778823 0.9410451 0.958097 0.9637697 0.958097 0.9410459 0.9778823 0.9410451 0.652119 0.8055043 0.6617867 0.8055043 0.6617867 0.7811627 0.507352 0.9256852 0.5248621 0.9256852 0.5248621 0.8894639 0.6897214 0.9790647 0.7027567 0.9790647 0.7027567 0.9632512 0.9777296 0.9635764 0.9777296 0.9408527 0.9975149 0.9408518 0.5552513 0.9788429 0.5552513 0.9648719 0.566183 0.9648715 0.9393106 0.966049 0.9393106 0.936814 0.9596608 0.9368129 0.6231091 0.9790647 0.6231091 0.9632518 0.6361444 0.9632512 0.6627442 0.9788429 0.675222 0.9788429 0.675222 0.9648715 0.507352 0.881598 0.5248621 0.881598 0.5248621 0.8453767 0.50715 0.7811635 0.50715 0.8055043 0.5251792 0.8055043 0.7629116 0.7811627 0.7448824 0.7811635 0.7448824 0.8055043 0.5620985 0.8055043 0.5801277 0.8055043 0.5801277 0.7811627 0.7413058 0.9788429 0.7413058 0.9648719 0.7529647 0.9648715 0.9197089 0.9998975 0.9197089 0.9706625 0.9411959 0.9706615 0.5561271 0.7502556 0.5561271 0.7068234 0.6202234 0.7068217 0.9393106 0.9985978 0.9596608 0.9985978 0.9596608 0.9693616 0.9393106 0.966049 0.9393106 0.936814 0.9596608 0.9368129 0.741556 0.9788429 0.741556 0.9648719 0.7526822 0.9648715 0.741556 0.9788429 0.741556 0.9648719 0.7526822 0.9648715 0.7409916 0.9648715 0.7409916 0.9788429 0.730276 0.9788429 0.6213128 0.7473177 0.6213128 0.6380632 0.7398439 0.6380592 0.8460618 0.9999493 0.8460618 0.9547137 0.8769054 0.9547121 0.5979509 0.8055043 0.5979509 0.7811635 0.6123254 0.7811627 0.5399298 0.9256852 0.5399298 0.8894652 0.5531946 0.8894639 0.6762909 0.9788429 0.6905076 0.9788429 0.6905076 0.9648715 0.6905076 0.9648715 0.6905076 0.9788429 0.6762909 0.9788429 0.5029254 0.9648719 0.5171421 0.9648715 0.5171421 0.9788429 0.5543174 0.9648715 0.5543174 0.9788429 0.5413523 0.9788429 0.5543174 0.9648715 0.5543174 0.9788429 0.5413523 0.9788429 0.6757379 0.9648715 0.6757379 0.9788429 0.6624231 0.9788429 0.7017731 0.8055043 0.716562 0.8055043 0.716562 0.7811627 0.9199259 0.9996805 0.9199259 0.9704455 0.9414129 0.9704445 0.9772081 0.9669169 0.9772081 0.9376819 0.9986951 0.9376809 0.0846824 0.7199741 0.1180838 0.7199741 0.1180838 0.7041149 0.958097 0.9637697 0.958097 0.9410459 0.9778823 0.9410451 0.6213128 0.7473177 0.6213128 0.6380632 0.7398439 0.6380592 0.958097 0.9637697 0.9778823 0.9637697 0.9778823 0.9410451 0.8460618 0.9999493 0.8769054 0.9999493 0.8769054 0.9547121 0.5289406 0.9790647 0.5289406 0.9632518 0.5419759 0.9632512 0.958097 0.9966418 0.958097 0.9739181 0.9778823 0.9739173 0.507352 0.9256852 0.507352 0.8894652 0.5248621 0.8894639 0.5169987 0.9788429 0.5169987 0.9648719 0.5287899 0.9648715 0.6213128 0.7473177 0.6213128 0.6380632 0.7398439 0.6380592 0.6627442 0.9788429 0.6627442 0.9648719 0.675222 0.9648715 0.7789338 0.9788429 0.7789338 0.9648719 0.7974156 0.9648715 0.6758441 0.9788429 0.6758441 0.9648719 0.6905531 0.9648715 0.8243015 0.9256852 0.8457816 0.9256852 0.8457816 0.8894639 0.7659906 0.9788429 0.7794067 0.9788429 0.7794067 0.9648715 0.958097 0.9638782 0.9778823 0.9638782 0.9778823 0.9411535 0.5022985 0.7019129 0.5650669 0.7019129 0.5650669 0.6721101 0.6213128 0.7473177 0.7398439 0.7473177 0.7398439 0.6380592 0.5801412 0.8055043 0.5801412 0.7811635 0.5981704 0.7811627 0.8995299 0.9998975 0.9210169 0.9998975 0.9210169 0.9706615 0.7006369 0.8055043 0.7006369 0.7811635 0.7176983 0.7811627 0.7527999 0.9256852 0.7527999 0.8894652 0.7674735 0.8894639 0.7677343 0.881598 0.7677343 0.845378 0.7800403 0.8453767 0.507352 0.8818556 0.507352 0.8456356 0.5248621 0.8456344 0.63581 0.9788429 0.63581 0.9648719 0.646789 0.9648715 0.7413058 0.9788429 0.7529647 0.9788429 0.7529647 0.9648715 0.6758441 0.9788429 0.6758441 0.9648719 0.6905531 0.9648715 0.958097 0.9637697 0.9778823 0.9637697 0.9778823 0.9410451 0.6213128 0.7473177 0.7398439 0.7473177 0.7398439 0.6380592 0.7413058 0.9648719 0.7413058 0.9788429 0.7529647 0.9788429 0.7677343 0.9256852 0.7800403 0.9256852 0.7800403 0.8894639 0.6128025 0.9648715 0.6128025 0.9788429 0.6038509 0.9788429 0.958097 0.9638782 0.9778823 0.9638782 0.9778823 0.9411535 0.63581 0.9788429 0.646789 0.9788429 0.646789 0.9648715 0.9999722 2.68552e-05 0.6328853 0.8271442 0.6328843 2.69325e-05 0.6335665 2.69323e-05 0.6151166 0.8271442 0.6151157 2.69362e-05 0.6328843 2.69325e-05 0.3553866 0.8271442 0.3553857 2.69909e-05 0.3553857 2.69909e-05 2.78844e-05 0.8271443 2.68552e-05 2.70657e-05 0.6328843 2.69325e-05 0.3553866 0.8271442 0.3553857 2.69909e-05 0.9999722 2.68552e-05 2.78844e-05 0.8271443 2.68552e-05 2.70657e-05 0.9999722 2.68552e-05 0.9999731 0.827144 0.6328853 0.8271442 0.6335665 2.69323e-05 0.6335675 0.8271442 0.6151166 0.8271442 0.6328843 2.69325e-05 0.6328853 0.8271442 0.3553866 0.8271442 0.3553857 2.69909e-05 0.3553866 0.8271442 2.78844e-05 0.8271443 0.6328843 2.69325e-05 0.6328853 0.8271442 0.3553866 0.8271442 0.9999722 2.68552e-05 0.9999731 0.827144 2.78844e-05 0.8271443 0.6763538 0.9788429 0.6763538 0.9648715 0.689209 0.9648715 0.689209 0.9788429 0.5669788 0.9788429 0.5669788 0.9648715 0.5768857 0.9648715 0.5768857 0.9788429 0.5557484 0.9788429 0.5557484 0.9648715 0.5656552 0.9648715 0.5656552 0.9788429 0.7173695 0.9788429 0.7173695 0.9648715 0.7299805 0.9648715 0.7299805 0.9788429 0.7409668 0.9788429 0.7409668 0.9648715 0.752667 0.9648715 0.752667 0.9788429 0.503014 0.9788429 0.503014 0.9648715 0.5168271 0.9648715 0.5168271 0.9788429 0.6471728 0.9790647 0.6471728 0.9632512 0.6611498 0.9632512 0.6611498 0.9790647 0.5031298 0.9790647 0.5031298 0.9632512 0.5168457 0.9632512 0.5168457 0.9790647 0.529497 0.9790647 0.529497 0.9632512 0.5410326 0.9632512 0.5410326 0.9790647 0.8071289 0.949707 0.8071289 0.9433594 0.8120117 0.9433594 0.8120117 0.949707 0.6764697 0.9790647 0.6764697 0.9632512 0.689209 0.9632512 0.689209 0.9790647 0.5030549 0.9788429 0.5030549 0.9648715 0.5168457 0.9648715 0.5168457 0.9788429 0.5172151 0.9788429 0.5172151 0.9648715 0.5287376 0.9648715 0.5287376 0.9788429 0.5557893 0.9788429 0.5557893 0.9648715 0.565847 0.9648715 0.565847 0.9788429 0.7174104 0.9788429 0.7174104 0.9648715 0.7299805 0.9648715 0.7299805 0.9788429 0.7409668 0.9788429 0.7409668 0.9648715 0.7528587 0.9648715 0.7528587 0.9788429 0.6763947 0.9788429 0.6763947 0.9648715 0.689209 0.9648715 0.689209 0.9788429 0.5297045 0.9788429 0.5297045 0.9648715 0.5410506 0.9648715 0.5410506 0.9788429 0.5033373 0.9788429 0.5033373 0.9648715 0.5168457 0.9648715 0.5168457 0.9788429 0.6048998 0.9788429 0.6048998 0.9648715 0.612793 0.9648715 0.612793 0.9788429 0.7972826 0.9788429 0.7972826 0.9648715 0.8100586 0.9648715 0.8100586 0.9788429 0.5033373 0.9788429 0.5033373 0.9648715 0.5168457 0.9648715 0.5168457 0.9788429 0.5297045 0.9788429 0.5297045 0.9648715 0.5410506 0.9648715 0.5410506 0.9788429 0.5033373 0.9788429 0.5033373 0.9648715 0.5168457 0.9648715 0.5168457 0.9788429 0.6048998 0.9788429 0.6048998 0.9648715 0.612793 0.9648715 0.612793 0.9788429 0.7972826 0.9788429 0.7972826 0.9648715 0.8100586 0.9648715 0.8100586 0.9788429 0.5033373 0.9788429 0.5033373 0.9648715 0.5168457 0.9648715 0.5168457 0.9788429 0.5440895 0.8055043 0.5440895 0.7811627 0.5625 0.7811627 0.5625 0.8055043 0.5069801 0.8055043 0.5069801 0.7811627 0.5253906 0.7811627 0.5253906 0.8055043 0.7437965 0.8055043 0.7437965 0.7811627 0.764698 0.7811627 0.764698 0.8055043 0.5069801 0.8055043 0.5069801 0.7811627 0.5253906 0.7811627 0.5253906 0.8055043 0.7018043 0.8055043 0.7018043 0.7811627 0.7163582 0.7811627 0.7163582 0.8055043 0.8409645 0.8055043 0.8409645 0.7811627 0.8564453 0.7811627 0.8564453 0.8055043 0.8564453 0.8055043 0.8564453 0.7811627 0.8742676 0.7811627 0.8742676 0.8055043 0.5631325 0.8055043 0.5631325 0.7811627 0.5801277 0.7811627 0.5801277 0.8055043 0.5816871 0.8055043 0.5816871 0.7811627 0.5967293 0.7811627 0.5967293 0.8055043 0.7018043 0.8055043 0.7018043 0.7811627 0.7163582 0.7811627 0.7163582 0.8055043 0.6524879 0.8055043 0.6524879 0.7811627 0.6606445 0.7811627 0.6606445 0.8055043 0.8195508 0.956074 0.8195508 0.9285128 0.8558193 0.9285128 0.8558193 0.956074 0.7174293 0.8055043 0.7174293 0.7811627 0.7412605 0.7811627 0.7412605 0.8055043 0.5816871 0.8055043 0.5816871 0.7811627 0.5967293 0.7811627 0.5967293 0.8055043 0.8228981 0.8055043 0.8228981 0.7811627 0.840332 0.7811627 0.840332 0.8055043 0.5440895 0.8055043 0.5440895 0.7811627 0.5625 0.7811627 0.5625 0.8055043 0.5069801 0.8055043 0.5069801 0.7811627 0.5253906 0.7811627 0.5253906 0.8055043 0.5631325 0.8055043 0.5631325 0.7811627 0.5801277 0.7811627 0.5801277 0.8055043 0.7657692 0.8055043 0.7657692 0.7811627 0.783741 0.7811627 0.783741 0.8055043 0.6568945 0.9260316 0.6568945 0.8898103 0.6665039 0.8898103 0.6665039 0.9260316 0.6568945 0.881598 0.6568945 0.8453767 0.6665039 0.8453767 0.6665039 0.881598 0.5069921 0.9260316 0.5069921 0.8898103 0.5236816 0.8898103 0.5236816 0.9260316 0.5069921 0.881598 0.5069921 0.8453767 0.5236816 0.8453767 0.5236816 0.881598 0.8072851 0.9260316 0.8072851 0.8898103 0.822998 0.8898103 0.822998 0.9260316 0.8072851 0.881598 0.8072851 0.8453767 0.822998 0.8453767 0.822998 0.881598 0.5069921 0.9260316 0.5069921 0.8898103 0.5236816 0.8898103 0.5236816 0.9260316 0.5069921 0.881598 0.5069921 0.8453767 0.5236816 0.8453767 0.5236816 0.881598 0.6324804 0.9260316 0.6324804 0.8898103 0.640625 0.8898103 0.640625 0.9260316 0.6324804 0.881598 0.6324804 0.8453767 0.640625 0.8453767 0.640625 0.881598 0.5069921 0.9260316 0.5069921 0.8898103 0.5236816 0.8898103 0.5236816 0.9260316 0.5069921 0.881598 0.5069921 0.8453767 0.5236816 0.8453767 0.5236816 0.881598 0.7804296 0.9260316 0.7804296 0.8898103 0.7915039 0.8898103 0.7915039 0.9260316 0.7804296 0.881598 0.7804296 0.8453767 0.7915039 0.8453767 0.7915039 0.881598 0.7042577 0.9260316 0.7042577 0.8898103 0.7202148 0.8898103 0.7202148 0.9260316 0.7042577 0.881598 0.7042577 0.8453767 0.7202148 0.8453767 0.7202148 0.881598 0.6362262 0.9788429 0.6362262 0.9648715 0.6464844 0.9648715 0.6464844 0.9788429 0.6762652 0.9788429 0.6762652 0.9648715 0.689209 0.9648715 0.689209 0.9788429 0.7409668 0.9788429 0.7409668 0.9648715 0.7529297 0.9648715 0.7529297 0.9788429 0.5556598 0.9788429 0.5556598 0.9648715 0.5659702 0.9648715 0.5659702 0.9788429 0.7172809 0.9788429 0.7172809 0.9648715 0.7299805 0.9648715 0.7299805 0.9788429 0.6044879 0.9788429 0.6044879 0.9648715 0.612793 0.9648715 0.612793 0.9788429 0.5029254 0.9788429 0.5029254 0.9648715 0.5168457 0.9648715 0.5168457 0.9788429 0.7651543 0.9580048 0.7651543 0.9440334 0.7793709 0.9440334 0.7793709 0.9580048 0.7409668 0.9788429 0.7409668 0.9648715 0.7529297 0.9648715 0.7529297 0.9788429 0.5029254 0.9788429 0.5029254 0.9648715 0.5168457 0.9648715 0.5168457 0.9788429 0.5170856 0.9788429 0.5170856 0.9648715 0.5288086 0.9648715 0.5288086 0.9788429 0.5029254 0.9788429 0.5029254 0.9648715 0.5168457 0.9648715 0.5168457 0.9788429 0.5292926 0.9788429 0.5292926 0.9648715 0.5410679 0.9648715 0.5410679 0.9788429 0.5029254 0.9788429 0.5029254 0.9648715 0.5168457 0.9648715 0.5168457 0.9788429 0.7172809 0.9788429 0.7172809 0.9648715 0.7299805 0.9648715 0.7299805 0.9788429 0.6044879 0.9788429 0.6044879 0.9648715 0.612793 0.9648715 0.612793 0.9788429 0.5029254 0.9788429 0.5029254 0.9648715 0.5168457 0.9648715 0.5168457 0.9788429 0.7651543 0.9580048 0.7651543 0.9440334 0.7793709 0.9440334 0.7793709 0.9580048 0.5170856 0.9788429 0.5170856 0.9648715 0.5288086 0.9648715 0.5288086 0.9788429 0.5556598 0.9788429 0.5556598 0.9648715 0.5659702 0.9648715 0.5659702 0.9788429 0.5170856 0.9788429 0.5170856 0.9648715 0.5288086 0.9648715 0.5288086 0.9788429 0.6044879 0.9788429 0.6044879 0.9648715 0.612793 0.9648715 0.612793 0.9788429 0.5419879 0.9788429 0.5419879 0.9648715 0.5547398 0.9648715 0.5547398 0.9788429 0.5029254 0.9788429 0.5029254 0.9648715 0.5168457 0.9648715 0.5168457 0.9788429 0.7299805 0.9788429 0.7299805 0.9648715 0.7409668 0.9648715 0.7409668 0.9788429 0.7651543 0.9580048 0.7651543 0.9440334 0.7793709 0.9440334 0.7793709 0.9580048 0.5292926 0.9788429 0.5292926 0.9648715 0.5410679 0.9648715 0.5410679 0.9788429 0.5029254 0.9788429 0.5029254 0.9648715 0.5168457 0.9648715 0.5168457 0.9788429 0.6044879 0.9788429 0.6044879 0.9648715 0.612793 0.9648715 0.612793 0.9788429 0.7971191 0.9788429 0.7971191 0.9648715 0.8100586 0.9648715 0.8100586 0.9788429 0.5029254 0.9788429 0.5029254 0.9648715 0.5168457 0.9648715 0.5168457 0.9788429 0.7172852 0.9785156 0.7172852 0.9648438 0.7299805 0.9648438 0.7299805 0.9785156 0.8457031 1 0.8457031 0.9550781 0.8764648 0.9550781 0.8764648 1 0.7172852 0.9785156 0.7172852 0.9648438 0.7299805 0.9648438 0.7299805 0.9785156 0.8457031 1 0.8457031 0.9550781 0.8764648 0.9550781 0.8764648 1 0.7172852 0.9785156 0.7172852 0.9648438 0.7299805 0.9648438 0.7299805 0.9785156 0.8457031 1 0.8457031 0.9550781 0.8764648 0.9550781 0.8764648 1 0.7172852 0.9785156 0.7172852 0.9648438 0.7299805 0.9648438 0.7299805 0.9785156 0.8457031 1 0.8457031 0.9550781 0.8764648 0.9550781 0.8764648 1 0.7172852 0.9785156 0.7172852 0.9648438 0.7299805 0.9648438 0.7299805 0.9785156 0.8457031 1 0.8457031 0.9550781 0.8764648 0.9550781 0.8764648 1 0.7172852 0.9785156 0.7172852 0.9648438 0.7299805 0.9648438 0.7299805 0.9785156 0.8457031 1 0.8457031 0.9550781 0.8764648 0.9550781 0.8764648 1</float_array>
          <technique_common>
            <accessor source="#Plane_048-mesh-map-0-array" count="1932" stride="2">
              <param name="S" type="float"/>
              <param name="T" type="float"/>
            </accessor>
          </technique_common>
        </source>
        <source id="Plane_048-mesh-colors-Col" name="Col">
          <float_array id="Plane_048-mesh-colors-Col-array" count="6048">0.972549 0.972549 0.972549 1 0.9764706 0.9764706 0.9764706 1 0.9764706 0.9764706 0.9764706 1 0.972549 0.972549 0.972549 1 0.9686275 0.9686275 0.9686275 1 0.972549 0.972549 0.972549 1 0.972549 0.972549 0.972549 1 0.9764706 0.9764706 0.9764706 1 0.972549 0.972549 0.972549 1 0.9764706 0.9764706 0.9764706 1 0.9764706 0.9764706 0.9764706 1 0.9764706 0.9764706 0.9764706 1 0.972549 0.972549 0.972549 1 0.972549 0.972549 0.972549 1 0.9764706 0.9764706 0.9764706 1 0.972549 0.972549 0.972549 1 0.972549 0.972549 0.972549 1 0.9686275 0.9686275 0.9686275 1 0.972549 0.972549 0.972549 1 0.9764706 0.9764706 0.9764706 1 0.9764706 0.9764706 0.9764706 1 0.9764706 0.9764706 0.9764706 1 0.9764706 0.9764706 0.9764706 1 0.9764706 0.9764706 0.9764706 1 1 0.9764706 0.9647059 1 1 0.9686275 0.9529412 1 1 0.9764706 0.9568628 1 1 1 1 1 1 1 1 1 1 1 1 1 1 1 1 1 1 0.9960784 0.9882353 1 1 1 1 1 1 1 0.9960784 1 1 1 1 1 1 0.9960784 0.9960784 1 1 1 1 1 1 1 1 1 1 1 1 1 1 1 1 1 1 1 0.9960784 1 1 1 1 1 1 1 0.9960784 1 1 0.9843137 0.9764706 1 1 1 1 1 1 1 1 1 1 1 1 1 1 1 1 1 0.6862745 0.6862745 0.6862745 1 0.6862745 0.6862745 0.6862745 1 0.6862745 0.6862745 0.6862745 1 0.6862745 0.6862745 0.6862745 1 0.6862745 0.6862745 0.6862745 1 0.6862745 0.6862745 0.6862745 1 0.6862745 0.6862745 0.6862745 1 0.6862745 0.6862745 0.6862745 1 0.6862745 0.6862745 0.6862745 1 0.6862745 0.6862745 0.6862745 1 0.6862745 0.6862745 0.6862745 1 0.6862745 0.6862745 0.6862745 1 0.6862745 0.6862745 0.6862745 1 0.6862745 0.6862745 0.6862745 1 0.6862745 0.6862745 0.6862745 1 0.6862745 0.6862745 0.6862745 1 0.6862745 0.6862745 0.6862745 1 0.6862745 0.6862745 0.6862745 1 0.6862745 0.6862745 0.6862745 1 0.6862745 0.6862745 0.6862745 1 0.6862745 0.6862745 0.6862745 1 0.6862745 0.6862745 0.6862745 1 0.6862745 0.6862745 0.6862745 1 0.6862745 0.6862745 0.6862745 1 0.6862745 0.6862745 0.6862745 1 0.6862745 0.6862745 0.6862745 1 0.6862745 0.6862745 0.6862745 1 0.6862745 0.6862745 0.6862745 1 0.6862745 0.6862745 0.6862745 1 0.6862745 0.6862745 0.6862745 1 0.6862745 0.6862745 0.6862745 1 0.6862745 0.6862745 0.6862745 1 0.6862745 0.6862745 0.6862745 1 0.6862745 0.6862745 0.6862745 1 0.6862745 0.6862745 0.6862745 1 0.6862745 0.6862745 0.6862745 1 0.6862745 0.6862745 0.6862745 1 0.6862745 0.6862745 0.6862745 1 0.6862745 0.6862745 0.6862745 1 0.6862745 0.6862745 0.6862745 1 0.6862745 0.6862745 0.6862745 1 0.6862745 0.6862745 0.6862745 1 1 1 1 1 1 1 1 1 1 1 1 1 1 0.9019608 0.8509804 1 1 0.9019608 0.8509804 1 1 0.9019608 0.8509804 1 1 1 1 1 1 1 1 1 1 1 1 1 1 1 1 1 1 1 1 1 1 1 1 1 1 0.9019608 0.8509804 1 1 0.9019608 0.8509804 1 1 0.9019608 0.8509804 1 1 0.9019608 0.8509804 1 1 0.9019608 0.8509804 1 1 0.9019608 0.8509804 1 1 1 1 1 1 1 1 1 1 1 1 1 1 1 1 1 1 1 1 1 1 1 1 1 1 1 1 1 1 1 1 1 1 1 1 1 1 1 1 1 1 1 1 1 1 1 1 1 1 1 1 1 1 1 1 1 1 1 1 1 1 1 1 1 1 1 1 1 1 1 1 1 1 1 1 1 1 1 1 1 1 1 1 1 1 1 1 1 1 1 1 1 1 1 1 1 1 1 1 1 1 1 1 1 1 1 1 1 1 1 1 1 1 1 1 1 1 1 1 1 0.3490196 0.3490196 0.3490196 1 0.3490196 0.3490196 0.3490196 1 0.3490196 0.3490196 0.3490196 1 1 0.9019608 0.8509804 1 1 0.9019608 0.8509804 1 1 0.9019608 0.8509804 1 0.7921569 0.6627451 0.5803922 1 1 1 1 1 0.7803922 0.6470589 0.5686275 1 1 1 1 1 1 1 1 1 1 1 1 1 1 1 1 1 1 1 1 1 1 1 1 1 1 0.9019608 0.8509804 1 1 0.9019608 0.8509804 1 1 0.9019608 0.8509804 1 1 1 1 1 1 1 1 1 1 1 1 1 1 1 1 1 1 1 1 1 1 1 1 1 1 0.9019608 0.8509804 1 1 0.9019608 0.8509804 1 1 0.9019608 0.8509804 1 1 0.854902 0.5529412 1 1 0.854902 0.5529412 1 1 0.854902 0.5529412 1 1 1 1 1 1 1 1 1 1 1 1 1 1 1 1 1 1 0.9843137 0.9764706 1 1 0.9843137 0.9803922 1 1 1 1 1 1 1 1 1 1 1 1 1 1 1 1 1 1 1 1 1 1 1 1 1 1 1 1 1 1 1 1 1 1 1 1 1 1 1 1 1 1 1 1 1 1 1 1 1 1 0.854902 0.5529412 1 1 0.854902 0.5529412 1 1 0.854902 0.5529412 1 1 1 0.9960784 1 1 0.9960784 0.9960784 1 1 1 1 1 1 1 1 1 1 1 1 1 1 1 1 1 0.9019608 0.6235294 0.5254902 1 0.9019608 0.6235294 0.5254902 1 0.9019608 0.6235294 0.5254902 1 1 0.9019608 0.8509804 1 1 0.9019608 0.8509804 1 1 0.9019608 0.8509804 1 0.3490196 0.3490196 0.3490196 1 0.3568627 0.3568627 0.3568627 1 0.3568627 0.3568627 0.3568627 1 0.9019608 0.6235294 0.5254902 1 0.9019608 0.6235294 0.5254902 1 0.9019608 0.6235294 0.5254902 1 0.6862745 0.6862745 0.6862745 1 0.6862745 0.6862745 0.6862745 1 0.6862745 0.6862745 0.6862745 1 1 1 1 1 1 1 1 1 1 1 1 1 0.4156863 0.4156863 0.4156863 1 0.4078431 0.4078431 0.4078431 1 0.4 0.4 0.4 1 0.6313726 0.6313726 0.6313726 1 0.6313726 0.6313726 0.6313726 1 0.6313726 0.6313726 0.6313726 1 0.9019608 0.6235294 0.5254902 1 0.9019608 0.6235294 0.5254902 1 0.9019608 0.6235294 0.5254902 1 1 0.854902 0.5529412 1 1 0.854902 0.5529412 1 1 0.854902 0.5529412 1 1 1 1 1 1 1 1 1 1 1 1 1 1 1 1 1 1 1 1 1 1 1 1 1 1 1 1 1 1 1 1 1 1 1 1 1 1 0.9019608 0.8509804 1 1 0.9019608 0.8509804 1 1 0.9019608 0.8509804 1 1 0.854902 0.5529412 1 1 0.854902 0.5529412 1 1 0.854902 0.5529412 1 1 0.9019608 0.8509804 1 1 0.9019608 0.8509804 1 1 0.9019608 0.8509804 1 1 1 1 1 1 1 1 1 1 1 1 1 0.9019608 0.6235294 0.5254902 1 0.9019608 0.6235294 0.5254902 1 0.9019608 0.6235294 0.5254902 1 1 0.9843137 0.9764706 1 0.8 0.6941177 0.5882353 1 1 0.9843137 0.9803922 1 1 1 1 1 1 1 1 1 1 1 1 1 0.6862745 0.6862745 0.6862745 1 0.6862745 0.6862745 0.6862745 1 0.6862745 0.6862745 0.6862745 1 1 1 1 1 1 1 1 1 1 1 1 1 1 0.9764706 0.9686275 1 1 0.9960784 0.9960784 1 1 0.9960784 0.9921569 1 0.6862745 0.6862745 0.6862745 1 0.6862745 0.6862745 0.6862745 1 0.6862745 0.6862745 0.6862745 1 1 1 1 1 0.9764706 0.9607843 0.9568628 1 1 1 1 1 0.8941177 0.8862745 0.8980392 1 0.8941177 0.8862745 0.8980392 1 0.8941177 0.8862745 0.8980392 1 1 1 1 1 1 1 1 1 1 1 1 1 1 1 0.9960784 1 0.8117647 0.7098039 0.627451 1 1 0.9843137 0.9764706 1 0.6862745 0.6862745 0.6862745 1 0.6862745 0.6862745 0.6862745 1 0.6862745 0.6862745 0.6862745 1 1 0.854902 0.5529412 1 1 0.854902 0.5529412 1 1 0.854902 0.5529412 1 1 0.854902 0.5529412 1 1 0.854902 0.5529412 1 1 0.854902 0.5529412 1 0.6862745 0.6862745 0.6862745 1 0.6862745 0.6862745 0.6862745 1 0.6862745 0.6862745 0.6862745 1 1 0.9019608 0.8509804 1 1 0.9019608 0.8509804 1 1 0.9019608 0.8509804 1 0.9019608 0.6235294 0.5254902 1 0.9019608 0.6235294 0.5254902 1 0.9019608 0.6235294 0.5254902 1 1 1 1 1 1 1 0.9960784 1 1 1 1 1 1 0.9960784 0.9843137 1 0.7176471 0.5843138 0.5058824 1 1 0.9960784 0.9921569 1 1 0.9019608 0.8509804 1 1 0.9019608 0.8509804 1 1 0.9019608 0.8509804 1 1 1 1 1 1 1 1 1 1 1 1 1 0.9019608 0.6235294 0.5254902 1 0.9019608 0.6235294 0.5254902 1 0.9019608 0.6235294 0.5254902 1 1 0.9019608 0.8509804 1 1 0.9019608 0.8509804 1 1 0.9019608 0.8509804 1 0.6862745 0.6862745 0.6862745 1 0.6862745 0.6862745 0.6862745 1 0.6862745 0.6862745 0.6862745 1 1 0.9019608 0.8509804 1 1 0.9019608 0.8509804 1 1 0.9019608 0.8509804 1 0.7647059 0.7647059 0.7647059 1 0.7647059 0.7647059 0.7647059 1 0.7647059 0.7647059 0.7647059 1 1 0.882353 0.827451 1 1 0.9686275 0.9529412 1 1 0.8941177 0.8431373 1 1 0.854902 0.5529412 1 1 0.854902 0.5529412 1 1 0.854902 0.5529412 1 0.9019608 0.6235294 0.5254902 1 0.9019608 0.6235294 0.5254902 1 0.9019608 0.6235294 0.5254902 1 1 1 1 1 1 1 1 1 1 1 1 1 1 0.9019608 0.8509804 1 1 0.9019608 0.8509804 1 1 0.9019608 0.8509804 1 0.8941177 0.8862745 0.8980392 1 0.8941177 0.8862745 0.8980392 1 0.8941177 0.8862745 0.8980392 1 1 1 1 1 1 1 1 1 1 1 1 1 0.8941177 0.8862745 0.8980392 1 0.8941177 0.8862745 0.8980392 1 0.8941177 0.8862745 0.8980392 1 1 1 1 1 1 1 1 1 1 1 1 1 1 1 1 1 1 1 1 1 1 1 1 1 1 1 1 1 1 1 1 1 1 1 1 1 1 1 1 1 1 1 1 1 1 1 1 1 1 0.9019608 0.8509804 1 1 0.9019608 0.8509804 1 1 0.9019608 0.8509804 1 1 1 1 1 1 1 1 1 1 1 1 1 1 0.9019608 0.8509804 1 1 0.9019608 0.8509804 1 1 0.9019608 0.8509804 1 1 0.9921569 0.9843137 1 1 0.9960784 0.9960784 1 1 0.9843137 0.972549 1 1 0.9019608 0.8509804 1 1 0.9019608 0.8509804 1 1 0.9019608 0.8509804 1 0.9019608 0.6235294 0.5254902 1 0.9019608 0.6235294 0.5254902 1 0.9019608 0.6235294 0.5254902 1 0.7647059 0.7647059 0.7647059 1 0.7647059 0.7647059 0.7647059 1 0.7647059 0.7647059 0.7647059 1 0.9058824 0.8078432 0.7176471 1 1 0.9686275 0.9529412 1 1 0.9764706 0.9647059 1 1 0.9019608 0.8509804 1 1 0.9019608 0.8509804 1 1 0.9019608 0.8509804 1 0.6313726 0.6313726 0.6313726 1 0.6313726 0.6313726 0.6313726 1 0.6313726 0.6313726 0.6313726 1 1 1 1 1 1 1 1 1 1 1 1 1 0.6862745 0.6862745 0.6862745 1 0.6862745 0.6862745 0.6862745 1 0.6862745 0.6862745 0.6862745 1 1 1 1 1 1 1 1 1 1 1 1 1 0.9019608 0.6235294 0.5254902 1 0.9019608 0.6235294 0.5254902 1 0.9019608 0.6235294 0.5254902 1 1 0.9921569 0.9843137 1 1 0.9960784 0.9921569 1 1 1 0.9960784 1 0.4117647 0.4117647 0.4117647 1 0.4 0.4 0.4 1 0.4039216 0.4039216 0.4039216 1 1 1 1 1 1 1 1 1 1 1 1 1 1 0.9019608 0.8509804 1 1 0.9019608 0.8509804 1 1 0.9019608 0.8509804 1 1 0.854902 0.5529412 1 1 0.854902 0.5529412 1 1 0.854902 0.5529412 1 0.8941177 0.8862745 0.8980392 1 0.8941177 0.8862745 0.8980392 1 0.8941177 0.8862745 0.8980392 1 0.8941177 0.8862745 0.8980392 1 0.8941177 0.8862745 0.8980392 1 0.8941177 0.8862745 0.8980392 1 0.9019608 0.6235294 0.5254902 1 0.9019608 0.6235294 0.5254902 1 0.9019608 0.6235294 0.5254902 1 0.6862745 0.6862745 0.6862745 1 0.6862745 0.6862745 0.6862745 1 0.6862745 0.6862745 0.6862745 1 0.6862745 0.6862745 0.6862745 1 0.6862745 0.6862745 0.6862745 1 0.6862745 0.6862745 0.6862745 1 0.3490196 0.3490196 0.3490196 1 0.3490196 0.3490196 0.3490196 1 0.3490196 0.3490196 0.3490196 1 0.7921569 0.6627451 0.5803922 1 1 0.9960784 0.9882353 1 1 1 1 1 1 1 1 1 1 1 1 1 1 1 1 1 1 1 1 1 1 1 1 1 1 1 1 1 1 0.9019608 0.8509804 1 1 0.9019608 0.8509804 1 1 0.9019608 0.8509804 1 1 1 1 1 1 1 1 1 1 1 1 1 1 0.9019608 0.8509804 1 1 0.9019608 0.8509804 1 1 0.9019608 0.8509804 1 1 0.854902 0.5529412 1 1 0.854902 0.5529412 1 1 0.854902 0.5529412 1 1 1 1 1 1 1 1 1 1 0.9843137 0.9764706 1 1 1 1 1 1 1 1 1 1 1 1 1 1 1 1 1 1 1 1 1 1 1 1 1 1 1 1 1 1 1 1 1 1 1 1 1 1 1 1 1 1 1 1 1 1 1 1 1 1 0.854902 0.5529412 1 1 0.854902 0.5529412 1 1 0.854902 0.5529412 1 1 1 0.9960784 1 1 0.9960784 0.9921569 1 1 0.9960784 0.9960784 1 1 1 1 1 1 1 1 1 1 1 1 1 0.9019608 0.6235294 0.5254902 1 0.9019608 0.6235294 0.5254902 1 0.9019608 0.6235294 0.5254902 1 1 0.9019608 0.8509804 1 1 0.9019608 0.8509804 1 1 0.9019608 0.8509804 1 0.3490196 0.3490196 0.3490196 1 0.3490196 0.3490196 0.3490196 1 0.3568627 0.3568627 0.3568627 1 0.6862745 0.6862745 0.6862745 1 0.6862745 0.6862745 0.6862745 1 0.6862745 0.6862745 0.6862745 1 0.4156863 0.4156863 0.4156863 1 0.4156863 0.4156863 0.4156863 1 0.4078431 0.4078431 0.4078431 1 0.6313726 0.6313726 0.6313726 1 0.6313726 0.6313726 0.6313726 1 0.6313726 0.6313726 0.6313726 1 0.9019608 0.6235294 0.5254902 1 0.9019608 0.6235294 0.5254902 1 0.9019608 0.6235294 0.5254902 1 1 0.854902 0.5529412 1 1 0.854902 0.5529412 1 1 0.854902 0.5529412 1 1 1 1 1 1 1 1 1 1 1 1 1 1 1 1 1 1 1 1 1 1 1 1 1 1 1 1 1 1 1 1 1 1 1 1 1 1 0.9019608 0.8509804 1 1 0.9019608 0.8509804 1 1 0.9019608 0.8509804 1 1 0.854902 0.5529412 1 1 0.854902 0.5529412 1 1 0.854902 0.5529412 1 1 0.9019608 0.8509804 1 1 0.9019608 0.8509804 1 1 0.9019608 0.8509804 1 0.9019608 0.6235294 0.5254902 1 0.9019608 0.6235294 0.5254902 1 0.9019608 0.6235294 0.5254902 1 1 0.9843137 0.9764706 1 0.8117647 0.7098039 0.6196079 1 0.8 0.6941177 0.5882353 1 1 1 1 1 1 1 1 1 1 1 1 1 0.6862745 0.6862745 0.6862745 1 0.6862745 0.6862745 0.6862745 1 0.6862745 0.6862745 0.6862745 1 1 1 1 1 1 1 1 1 1 1 1 1 1 0.9764706 0.9686275 1 1 0.9843137 0.972549 1 1 0.9960784 0.9960784 1 0.6862745 0.6862745 0.6862745 1 0.6862745 0.6862745 0.6862745 1 0.6862745 0.6862745 0.6862745 1 1 1 1 1 0.9843137 0.9803922 0.972549 1 0.9764706 0.9607843 0.9568628 1 0.8941177 0.8862745 0.8980392 1 0.8941177 0.8862745 0.8980392 1 0.8941177 0.8862745 0.8980392 1 1 1 1 1 1 1 1 1 1 1 1 1 1 1 0.9960784 1 0.8039216 0.6705883 0.5921569 1 0.8117647 0.7098039 0.627451 1 0.6862745 0.6862745 0.6862745 1 0.6862745 0.6862745 0.6862745 1 0.6862745 0.6862745 0.6862745 1 1 0.854902 0.5529412 1 1 0.854902 0.5529412 1 1 0.854902 0.5529412 1 1 0.854902 0.5529412 1 1 0.854902 0.5529412 1 1 0.854902 0.5529412 1 0.6862745 0.6862745 0.6862745 1 0.6862745 0.6862745 0.6862745 1 0.6862745 0.6862745 0.6862745 1 1 0.9019608 0.8509804 1 1 0.9019608 0.8509804 1 1 0.9019608 0.8509804 1 0.9019608 0.6235294 0.5254902 1 0.9019608 0.6235294 0.5254902 1 0.9019608 0.6235294 0.5254902 1 1 1 1 1 1 1 1 1 1 1 0.9960784 1 1 0.9960784 0.9843137 1 0.7176471 0.5882353 0.4941176 1 0.7176471 0.5843138 0.5058824 1 1 0.9019608 0.8509804 1 1 0.9019608 0.8509804 1 1 0.9019608 0.8509804 1 1 1 1 1 1 1 1 1 1 1 1 1 0.9019608 0.6235294 0.5254902 1 0.9019608 0.6235294 0.5254902 1 0.9019608 0.6235294 0.5254902 1 1 0.9019608 0.8509804 1 1 0.9019608 0.8509804 1 1 0.9019608 0.8509804 1 0.6862745 0.6862745 0.6862745 1 0.6862745 0.6862745 0.6862745 1 0.6862745 0.6862745 0.6862745 1 1 0.9019608 0.8509804 1 1 0.9019608 0.8509804 1 1 0.9019608 0.8509804 1 0.7647059 0.7647059 0.7647059 1 0.7647059 0.7647059 0.7647059 1 0.7647059 0.7647059 0.7647059 1 1 0.882353 0.827451 1 1 0.9568628 0.9333333 1 1 0.9686275 0.9529412 1 1 0.854902 0.5529412 1 1 0.854902 0.5529412 1 1 0.854902 0.5529412 1 0.9019608 0.6235294 0.5254902 1 0.9019608 0.6235294 0.5254902 1 0.9019608 0.6235294 0.5254902 1 1 1 1 1 1 1 1 1 1 1 1 1 1 0.9019608 0.8509804 1 1 0.9019608 0.8509804 1 1 0.9019608 0.8509804 1 0.8941177 0.8862745 0.8980392 1 0.8941177 0.8862745 0.8980392 1 0.8941177 0.8862745 0.8980392 1 1 1 1 1 1 1 1 1 1 1 1 1 0.8941177 0.8862745 0.8980392 1 0.8941177 0.8862745 0.8980392 1 0.8941177 0.8862745 0.8980392 1 1 1 1 1 1 1 1 1 1 1 1 1 1 1 1 1 1 1 1 1 1 1 1 1 1 1 1 1 1 1 1 1 1 1 1 1 1 1 1 1 1 1 1 1 1 1 1 1 1 0.9019608 0.8509804 1 1 0.9019608 0.8509804 1 1 0.9019608 0.8509804 1 1 0.9921569 0.9843137 1 1 1 0.9960784 1 1 0.9960784 0.9960784 1 1 0.9019608 0.8509804 1 1 0.9019608 0.8509804 1 1 0.9019608 0.8509804 1 0.9019608 0.6235294 0.5254902 1 0.9019608 0.6235294 0.5254902 1 0.9019608 0.6235294 0.5254902 1 0.7647059 0.7647059 0.7647059 1 0.7647059 0.7647059 0.7647059 1 0.7647059 0.7647059 0.7647059 1 0.9058824 0.8078432 0.7176471 1 0.8901961 0.7764706 0.6862745 1 1 0.9686275 0.9529412 1 0.6313726 0.6313726 0.6313726 1 0.6313726 0.6313726 0.6313726 1 0.6313726 0.6313726 0.6313726 1 1 1 1 1 1 1 1 1 1 1 1 1 0.6862745 0.6862745 0.6862745 1 0.6862745 0.6862745 0.6862745 1 0.6862745 0.6862745 0.6862745 1 1 1 1 1 1 1 1 1 1 1 1 1 0.9019608 0.6235294 0.5254902 1 0.9019608 0.6235294 0.5254902 1 0.9019608 0.6235294 0.5254902 1 1 0.9921569 0.9843137 1 1 0.9960784 0.9843137 1 1 0.9960784 0.9921569 1 0.4117647 0.4117647 0.4117647 1 0.4039216 0.4039216 0.4039216 1 0.4 0.4 0.4 1 1 1 1 1 1 1 1 1 1 1 1 1 1 0.854902 0.5529412 1 1 0.854902 0.5529412 1 1 0.854902 0.5529412 1 0.8941177 0.8862745 0.8980392 1 0.8941177 0.8862745 0.8980392 1 0.8941177 0.8862745 0.8980392 1 0.8941177 0.8862745 0.8980392 1 0.8941177 0.8862745 0.8980392 1 0.8941177 0.8862745 0.8980392 1 0.9019608 0.6235294 0.5254902 1 0.9019608 0.6235294 0.5254902 1 0.9019608 0.6235294 0.5254902 1 0.6862745 0.6862745 0.6862745 1 0.6862745 0.6862745 0.6862745 1 0.6862745 0.6862745 0.6862745 1 0.6862745 0.6862745 0.6862745 1 0.6862745 0.6862745 0.6862745 1 0.6862745 0.6862745 0.6862745 1 0.8509804 0.3411765 0.3803921 1 0.8313726 0.3647059 0.3960784 1 0.854902 0.3411765 0.3803921 1 0.3411765 0.3411765 0.3411765 1 0.2627451 0.2627451 0.2627451 1 0.3411765 0.3411765 0.3411765 1 0.3254902 0.3254902 0.3254902 1 0.2470588 0.2470588 0.2470588 1 0.2509804 0.2509804 0.2509804 1 0.2745098 0.2745098 0.2745098 1 0.3137255 0.3137255 0.3137255 1 0.2980392 0.2980392 0.2980392 1 0.9686275 0.9686275 0.9686275 1 0.9647059 0.9647059 0.9647059 1 0.972549 0.972549 0.972549 1 0.3372549 0.3372549 0.3372549 1 0.2392157 0.2392157 0.2392157 1 0.2431373 0.2431373 0.2431373 1 0.254902 0.254902 0.254902 1 0.254902 0.254902 0.254902 1 0.2509804 0.2509804 0.2509804 1 0.254902 0.254902 0.254902 1 0.3372549 0.3372549 0.3372549 1 0.2431373 0.2431373 0.2431373 1 0.9294118 0 0.007843136 1 0.9294118 0 0.007843136 1 0.9294118 0 0.007843136 1 0.2588235 0.4470588 0.6039216 1 0.2313725 0.4235294 0.5960785 1 0.2392157 0.427451 0.6 1 0.8588235 0.2588235 0.2823529 1 0.8588235 0.2431373 0.2627451 1 0.8588235 0.2588235 0.2823529 1 0.3490196 0.3490196 0.3490196 1 0.2666667 0.2666667 0.2666667 1 0.345098 0.345098 0.345098 1 1 0.9568628 0.9686275 1 1 0.9568628 0.9686275 1 1 0.9568628 0.9686275 1 1 1 1 1 1 1 1 1 1 1 1 1 0.8588235 0.2588235 0.2823529 1 0.8588235 0.2431373 0.2627451 1 0.8588235 0.2431373 0.2627451 1 0.9294118 0 0.007843136 1 0.9294118 0 0.007843136 1 0.9294118 0 0.007843136 1 0.2980392 0.4901961 0.6509804 1 0.2980392 0.4901961 0.6509804 1 0.2980392 0.4901961 0.6509804 1 0.9686275 0.9686275 0.9686275 1 0.972549 0.972549 0.972549 1 0.972549 0.972549 0.972549 1 1 0.9568628 0.9686275 1 1 0.9568628 0.9686275 1 1 0.9568628 0.9686275 1 0.3411765 0.3411765 0.3411765 1 0.2627451 0.2627451 0.2627451 1 0.3372549 0.3372549 0.3372549 1 0.8588235 0.254902 0.2784314 1 0.8588235 0.2431373 0.2627451 1 0.8588235 0.254902 0.2784314 1 0.9686275 0.9686275 0.9686275 1 0.972549 0.972549 0.972549 1 0.9686275 0.9686275 0.9686275 1 0.8352941 0.3568627 0.3882353 1 0.8627451 0.3294118 0.3647059 1 0.8352941 0.3568627 0.3921568 1 0.8588235 0.1529412 0.1803922 1 0.8588235 0.1529412 0.1803922 1 0.8588235 0.1529412 0.1803922 1 0.8588235 0.2705882 0.2901961 1 0.8588235 0.2627451 0.2823529 1 0.8588235 0.254902 0.2745098 1 0.8352941 0.3529412 0.3843137 1 0.8588235 0.3372549 0.372549 1 0.8627451 0.3333333 0.3686274 1 0.9764706 0.9764706 0.9764706 1 0.9764706 0.9764706 0.9764706 1 0.9803922 0.9803922 0.9803922 1 0.8352941 0.3568627 0.3843137 1 0.8627451 0.3294118 0.3647059 1 0.8313726 0.3529412 0.3882353 1 0.9647059 0.9647059 0.9647059 1 0.9686275 0.9686275 0.9686275 1 0.9647059 0.9647059 0.9647059 1 1 1 1 1 1 1 1 1 1 1 1 1 0.9176471 0.1137255 0.1215686 1 0.9215686 0.07843136 0.08235293 1 0.9176471 0.1019608 0.1098039 1 0.2705882 0.2705882 0.2705882 1 0.3215686 0.3215686 0.3215686 1 0.3294118 0.3294118 0.3294118 1 0.8313726 0.3607843 0.3960784 1 0.8588235 0.3254902 0.3607843 1 0.8588235 0.3254902 0.3607843 1 0.254902 0.254902 0.254902 1 0.3333333 0.3333333 0.3333333 1 0.254902 0.254902 0.254902 1 1 0 0.1019608 1 1 0 0.1019608 1 1 0 0.1019608 1 0.9686275 0.9686275 0.9686275 1 0.9764706 0.9764706 0.9764706 1 0.9686275 0.9686275 0.9686275 1 0.9764706 0.9764706 0.9764706 1 0.9764706 0.9764706 0.9764706 1 0.9764706 0.9764706 0.9764706 1 0.3333333 0.3333333 0.3333333 1 0.2470588 0.2470588 0.2470588 1 0.3333333 0.3333333 0.3333333 1 0 0 0 1 0 0 0 1 0 0 0 1 0.8666667 0.3215686 0.345098 1 0.882353 0.3019608 0.345098 1 0.8666667 0.3058823 0.3372549 1 0.9254902 0.1294118 0.1372549 1 0.9215686 0.1490196 0.1529412 1 0.9254902 0.1254902 0.1294118 1 0.9215686 0.1647059 0.172549 1 0.9176471 0.1490196 0.1568627 1 0.9215686 0.1529412 0.1607843 1 0.2470588 0.2470588 0.2470588 1 0.3294118 0.3294118 0.3294118 1 0.2470588 0.2470588 0.2470588 1 0.2666667 0.2666667 0.2666667 1 0.3411765 0.3411765 0.3411765 1 0.2666667 0.2666667 0.2666667 1 0.2627451 0.2627451 0.2627451 1 0.2627451 0.2627451 0.2627451 1 0.2627451 0.2627451 0.2627451 1 0.854902 0.3372549 0.372549 1 0.8313726 0.3568627 0.3921568 1 0.8352941 0.3568627 0.3882353 1 0.8588235 0.3098039 0.345098 1 0.8901961 0.2980392 0.3372549 1 0.8784314 0.2901961 0.3254902 1 0.827451 0.3686274 0.3960784 1 0.8588235 0.3254902 0.3607843 1 0.8352941 0.3647059 0.3960784 1 0.8745098 0.3019608 0.3372549 1 0.8941177 0.2823529 0.3254902 1 0.9019608 0.2627451 0.2980392 1 0.8352941 0.3647059 0.3882353 1 0.8588235 0.3215686 0.3607843 1 0.8588235 0.3372549 0.372549 1 1 1 1 1 1 1 1 1 1 1 1 1 1 1 1 1 1 1 1 1 1 1 1 1 1 0 0.1019608 1 1 0 0.1019608 1 1 0 0.1019608 1 0.854902 0.254902 0.2823529 1 0.854902 0.2470588 0.2705882 1 0.854902 0.254902 0.2823529 1 0.8470588 0.3411765 0.372549 1 0.8784314 0.3058823 0.345098 1 0.8666667 0.3137255 0.345098 1 1 1 1 1 1 1 1 1 1 1 1 1 0.9686275 0.9686275 0.9686275 1 0.972549 0.972549 0.972549 1 0.9686275 0.9686275 0.9686275 1 0.854902 0.2627451 0.2823529 1 0.8588235 0.2431373 0.2666667 1 0.854902 0.2627451 0.2823529 1 0.9254902 0.9254902 0.9254902 1 0.9490196 0.9490196 0.9490196 1 0.9372549 0.9372549 0.9372549 1 0.9294118 0 0.007843136 1 0.9294118 0 0.007843136 1 0.9294118 0 0.007843136 1 1 1 1 1 1 1 1 1 1 1 1 1 1 1 1 1 1 1 1 1 1 1 1 1 0.8588235 0.1529412 0.1803922 1 0.8588235 0.1529412 0.1803922 1 0.8588235 0.1529412 0.1803922 1 0.8313726 0.3529412 0.3882353 1 0.8666667 0.3254902 0.3686274 1 0.8588235 0.3254902 0.3647059 1 0 0 0 1 0 0 0 1 0 0 0 1 1 1 1 1 1 1 1 1 1 1 1 1 0.9294118 0.9294118 0.9294118 1 0.9450981 0.9450981 0.9450981 1 0.9294118 0.9294118 0.9294118 1 0.9294118 0 0.007843136 1 0.9294118 0 0.007843136 1 0.9294118 0 0.007843136 1 0.854902 0.2627451 0.2901961 1 0.8588235 0.2392157 0.2666667 1 0.854902 0.2627451 0.2862745 1 1 1 1 1 1 1 1 1 1 1 1 1 0.9294118 0 0.007843136 1 0.9294118 0 0.007843136 1 0.9294118 0 0.007843136 1 1 0.9568628 0.9686275 1 1 0.9568628 0.9686275 1 1 0.9568628 0.9686275 1 0.854902 0.3411765 0.3803921 1 0.827451 0.3607843 0.4 1 0.8509804 0.345098 0.3764706 1 0.854902 0.3333333 0.372549 1 0.827451 0.3568627 0.4 1 0.8313726 0.3568627 0.3921568 1 0.8313726 0.3529412 0.3882353 1 0.8627451 0.3294118 0.3607843 1 0.8627451 0.3215686 0.3568627 1 0.9215686 0.1529412 0.1607843 1 0.9215686 0.1607843 0.1686275 1 0.9215686 0.1529412 0.1568627 1 1 1 1 1 1 1 1 1 1 1 1 1 0.9686275 0.9686275 0.9686275 1 0.9764706 0.9764706 0.9764706 1 0.9686275 0.9686275 0.9686275 1 0.854902 0.2627451 0.2823529 1 0.8588235 0.2392157 0.2666667 1 0.8588235 0.2392157 0.2627451 1 0.854902 0.2627451 0.2901961 1 0.8588235 0.2392157 0.2666667 1 0.854902 0.2627451 0.2862745 1 0.3333333 0.3333333 0.3333333 1 0.2470588 0.2470588 0.2470588 1 0.3372549 0.3372549 0.3372549 1 0.3411765 0.3411765 0.3411765 1 0.2588235 0.2588235 0.2588235 1 0.345098 0.345098 0.345098 1 0.2705882 0.2705882 0.2705882 1 0.3215686 0.3215686 0.3215686 1 0.2705882 0.2705882 0.2705882 1 0.9686275 0.9686275 0.9686275 1 0.9764706 0.9764706 0.9764706 1 0.9686275 0.9686275 0.9686275 1 0.854902 0.2627451 0.2823529 1 0.854902 0.2470588 0.2705882 1 0.854902 0.2627451 0.2862745 1 0.8313726 0.3686274 0.3882353 1 0.8627451 0.3294118 0.3686274 1 0.8352941 0.3607843 0.3882353 1 1 1 1 1 1 1 1 1 1 1 1 1 0.3333333 0.3333333 0.3333333 1 0.2470588 0.2470588 0.2470588 1 0.2470588 0.2470588 0.2470588 1 0.254902 0.254902 0.254902 1 0.3333333 0.3333333 0.3333333 1 0.254902 0.254902 0.254902 1 0.2392157 0.2392157 0.2392157 1 0.3294118 0.3294118 0.3294118 1 0.3372549 0.3372549 0.3372549 1 0.254902 0.254902 0.254902 1 0.3294118 0.3294118 0.3294118 1 0.254902 0.254902 0.254902 1 0.2666667 0.2666667 0.2666667 1 0.3333333 0.3333333 0.3333333 1 0.2627451 0.2627451 0.2627451 1 0.2745098 0.2745098 0.2745098 1 0.3215686 0.3215686 0.3215686 1 0.2666667 0.2666667 0.2666667 1 0.8352941 0.3568627 0.3843137 1 0.8627451 0.3215686 0.3568627 1 0.8627451 0.3294118 0.372549 1 0.8588235 0.2588235 0.2823529 1 0.8588235 0.2392157 0.2627451 1 0.8588235 0.2588235 0.2823529 1 1 1 1 1 1 1 1 1 1 1 1 1 0.9686275 0.9686275 0.9686275 1 0.972549 0.972549 0.972549 1 0.972549 0.972549 0.972549 1 0.9764706 0.9764706 0.9764706 1 0.9764706 0.9764706 0.9764706 1 0.9764706 0.9764706 0.9764706 1 0.8588235 0.2745098 0.2941176 1 0.8588235 0.2352941 0.2627451 1 0.8588235 0.2745098 0.2980392 1 0.8588235 0.1529412 0.1803922 1 0.8588235 0.1529412 0.1803922 1 0.8588235 0.1529412 0.1803922 1 0.854902 0.2627451 0.2823529 1 0.854902 0.2470588 0.2705882 1 0.854902 0.2470588 0.2705882 1 1 1 1 1 1 1 1 1 1 1 1 1 1 1 1 1 1 1 1 1 1 1 1 1 1 1 1 1 1 1 1 1 1 1 1 1 0.3372549 0.3372549 0.3372549 1 0.2509804 0.2509804 0.2509804 1 0.3333333 0.3333333 0.3333333 1 0.9647059 0.9647059 0.9647059 1 0.9764706 0.9764706 0.9764706 1 0.9647059 0.9647059 0.9647059 1 0.9294118 0 0.007843136 1 0.9294118 0 0.007843136 1 0.9294118 0 0.007843136 1 0.9294118 0 0.007843136 1 0.9294118 0 0.007843136 1 0.9294118 0 0.007843136 1 0.9294118 0 0.007843136 1 0.9294118 0 0.007843136 1 0.9294118 0 0.007843136 1 0 0 0 1 0 0 0 1 0 0 0 1 0.9294118 0 0.007843136 1 0.9294118 0 0.007843136 1 0.9294118 0 0.007843136 1 0.9764706 0.9764706 0.9764706 1 0.9764706 0.9764706 0.9764706 1 0.9764706 0.9764706 0.9764706 1 0.9647059 0.9647059 0.9647059 1 0.972549 0.972549 0.972549 1 0.9764706 0.9764706 0.9764706 1 0.9647059 0.9647059 0.9647059 1 0.9764706 0.9764706 0.9764706 1 0.9764706 0.9764706 0.9764706 1 0.8352941 0.3607843 0.3882353 1 0.8627451 0.3254902 0.3647059 1 0.8352941 0.3568627 0.3843137 1 0.8588235 0.254902 0.2784314 1 0.8588235 0.2392157 0.2627451 1 0.8588235 0.2352941 0.2627451 1 0.8313726 0.3568627 0.3921568 1 0.8509804 0.3372549 0.3803921 1 0.827451 0.3607843 0.3960784 1 1 1 1 1 1 1 1 1 1 1 1 1 1 0.9568628 0.9686275 1 1 0.9568628 0.9686275 1 1 0.9568628 0.9686275 1 1 0 0.1019608 1 1 0 0.1019608 1 1 0 0.1019608 1 0.3372549 0.3372549 0.3372549 1 0.254902 0.254902 0.254902 1 0.3254902 0.3254902 0.3254902 1 0.972549 0.972549 0.972549 1 0.9686275 0.9686275 0.9686275 1 0.9647059 0.9647059 0.9647059 1 0.9176471 0.1372549 0.145098 1 0.9176471 0.1019608 0.1098039 1 0.9176471 0.1137255 0.1215686 1 0.8588235 0.1529412 0.1803922 1 0.8588235 0.1529412 0.1803922 1 0.8588235 0.1529412 0.1803922 1 0.509804 0.7333334 0.8705883 1 0.3215686 0.6784314 0.8901961 1 0.4431372 0.7176471 0.8784314 1 0.2627451 0.2627451 0.2627451 1 0.254902 0.254902 0.254902 1 0.2431373 0.2431373 0.2431373 1 0 0 0 1 0 0 0 1 0 0 0 1 0.2666667 0.2666667 0.2666667 1 0.3372549 0.3372549 0.3372549 1 0.2666667 0.2666667 0.2666667 1 0.854902 0.254902 0.2823529 1 0.854902 0.2470588 0.2705882 1 0.854902 0.2470588 0.2705882 1 0.3568627 0.3568627 0.3568627 1 0.2705882 0.2705882 0.2705882 1 0.2666667 0.2666667 0.2666667 1 0.8509804 0.3411765 0.3803921 1 0.827451 0.3647059 0.3960784 1 0.8313726 0.3647059 0.3960784 1 0.3411765 0.3411765 0.3411765 1 0.2588235 0.2588235 0.2588235 1 0.2627451 0.2627451 0.2627451 1 0.3254902 0.3254902 0.3254902 1 0.3333333 0.3333333 0.3333333 1 0.2470588 0.2470588 0.2470588 1 0.2745098 0.2745098 0.2745098 1 0.2666667 0.2666667 0.2666667 1 0.3137255 0.3137255 0.3137255 1 0.9686275 0.9686275 0.9686275 1 0.9686275 0.9686275 0.9686275 1 0.9647059 0.9647059 0.9647059 1 0.3372549 0.3372549 0.3372549 1 0.3294118 0.3294118 0.3294118 1 0.2392157 0.2392157 0.2392157 1 0.254902 0.254902 0.254902 1 0.2470588 0.2470588 0.2470588 1 0.254902 0.254902 0.254902 1 0.254902 0.254902 0.254902 1 0.3254902 0.3254902 0.3254902 1 0.3372549 0.3372549 0.3372549 1 0.9294118 0 0.007843136 1 0.9294118 0 0.007843136 1 0.9294118 0 0.007843136 1 0.2588235 0.4470588 0.6039216 1 0.2588235 0.4431372 0.6078432 1 0.2313725 0.4235294 0.5960785 1 0.8588235 0.2588235 0.2823529 1 0.8588235 0.2431373 0.2627451 1 0.8588235 0.2431373 0.2627451 1 0.3490196 0.3490196 0.3490196 1 0.2705882 0.2705882 0.2705882 1 0.2666667 0.2666667 0.2666667 1 1 0.9568628 0.9686275 1 1 0.9568628 0.9686275 1 1 0.9568628 0.9686275 1 1 1 1 1 1 1 1 1 1 1 1 1 0.8588235 0.2588235 0.2823529 1 0.8588235 0.2588235 0.2823529 1 0.8588235 0.2431373 0.2627451 1 0.9294118 0 0.007843136 1 0.9294118 0 0.007843136 1 0.9294118 0 0.007843136 1 0.2980392 0.4901961 0.6509804 1 0.2980392 0.4901961 0.6509804 1 0.2980392 0.4901961 0.6509804 1 0.9686275 0.9686275 0.9686275 1 0.9686275 0.9686275 0.9686275 1 0.972549 0.972549 0.972549 1 1 0.9568628 0.9686275 1 1 0.9568628 0.9686275 1 1 0.9568628 0.9686275 1 0.3411765 0.3411765 0.3411765 1 0.2627451 0.2627451 0.2627451 1 0.2627451 0.2627451 0.2627451 1 0.8588235 0.254902 0.2784314 1 0.8588235 0.2431373 0.2627451 1 0.8588235 0.2431373 0.2627451 1 0.9686275 0.9686275 0.9686275 1 0.972549 0.972549 0.972549 1 0.972549 0.972549 0.972549 1 0.8352941 0.3568627 0.3882353 1 0.8588235 0.3215686 0.3647059 1 0.8627451 0.3294118 0.3647059 1 0.8588235 0.1529412 0.1803922 1 0.8588235 0.1529412 0.1803922 1 0.8588235 0.1529412 0.1803922 1 0.8588235 0.2705882 0.2901961 1 0.8588235 0.2666667 0.2901961 1 0.8588235 0.2627451 0.2823529 1 0.8352941 0.3529412 0.3843137 1 0.8352941 0.3607843 0.3882353 1 0.8588235 0.3372549 0.372549 1 0.9764706 0.9764706 0.9764706 1 0.9764706 0.9764706 0.9764706 1 0.9764706 0.9764706 0.9764706 1 0.8352941 0.3568627 0.3843137 1 0.854902 0.3254902 0.3607843 1 0.8627451 0.3294118 0.3647059 1 0.9647059 0.9647059 0.9647059 1 0.9764706 0.9764706 0.9764706 1 0.9686275 0.9686275 0.9686275 1 1 1 1 1 1 1 1 1 1 1 1 1 0.9176471 0.1137255 0.1215686 1 0.9215686 0.09019607 0.0980392 1 0.9215686 0.07843136 0.08235293 1 0.2705882 0.2705882 0.2705882 1 0.2745098 0.2745098 0.2745098 1 0.3215686 0.3215686 0.3215686 1 0.8313726 0.3607843 0.3960784 1 0.827451 0.3686274 0.3960784 1 0.8588235 0.3254902 0.3607843 1 0.254902 0.254902 0.254902 1 0.3333333 0.3333333 0.3333333 1 0.3333333 0.3333333 0.3333333 1 1 0 0.1019608 1 1 0 0.1019608 1 1 0 0.1019608 1 0.9686275 0.9686275 0.9686275 1 0.9764706 0.9764706 0.9764706 1 0.9764706 0.9764706 0.9764706 1 0.9764706 0.9764706 0.9764706 1 0.9764706 0.9764706 0.9764706 1 0.9764706 0.9764706 0.9764706 1 0.3333333 0.3333333 0.3333333 1 0.2627451 0.2627451 0.2627451 1 0.2470588 0.2470588 0.2470588 1 0 0 0 1 0 0 0 1 0 0 0 1 0.8666667 0.3215686 0.345098 1 0.8745098 0.3019608 0.345098 1 0.882353 0.3019608 0.345098 1 0.9254902 0.1294118 0.1372549 1 0.9215686 0.1568627 0.1647059 1 0.9215686 0.1490196 0.1529412 1 0.9215686 0.1647059 0.172549 1 0.9215686 0.1607843 0.1686275 1 0.9176471 0.1490196 0.1568627 1 0.2470588 0.2470588 0.2470588 1 0.3254902 0.3254902 0.3254902 1 0.3294118 0.3294118 0.3294118 1 0.2666667 0.2666667 0.2666667 1 0.3333333 0.3333333 0.3333333 1 0.3411765 0.3411765 0.3411765 1 0.2627451 0.2627451 0.2627451 1 0.2941176 0.2941176 0.2941176 1 0.2627451 0.2627451 0.2627451 1 0.854902 0.3372549 0.372549 1 0.854902 0.3333333 0.372549 1 0.8313726 0.3568627 0.3921568 1 0.8588235 0.3098039 0.345098 1 0.882353 0.3058823 0.3411765 1 0.8901961 0.2980392 0.3372549 1 0.827451 0.3686274 0.3960784 1 0.8588235 0.3254902 0.3607843 1 0.8588235 0.3254902 0.3607843 1 0.8745098 0.3019608 0.3372549 1 0.8901961 0.2980392 0.3411765 1 0.8941177 0.2823529 0.3254902 1 0.8352941 0.3647059 0.3882353 1 0.8392157 0.3490196 0.3803921 1 0.8588235 0.3215686 0.3607843 1 1 1 1 1 1 1 1 1 1 1 1 1 1 1 1 1 1 1 1 1 1 1 1 1 1 0 0.1019608 1 1 0 0.1019608 1 1 0 0.1019608 1 0.854902 0.254902 0.2823529 1 0.854902 0.2470588 0.2705882 1 0.854902 0.2470588 0.2705882 1 0.8470588 0.3411765 0.372549 1 0.8666667 0.3254902 0.3647059 1 0.8784314 0.3058823 0.345098 1 1 1 1 1 1 1 1 1 1 1 1 1 0.9686275 0.9686275 0.9686275 1 0.9764706 0.9764706 0.9764706 1 0.972549 0.972549 0.972549 1 0.854902 0.2627451 0.2823529 1 0.8588235 0.2431373 0.2666667 1 0.8588235 0.2431373 0.2666667 1 0.9254902 0.9254902 0.9254902 1 0.9450981 0.9450981 0.9450981 1 0.9490196 0.9490196 0.9490196 1 0.9294118 0 0.007843136 1 0.9294118 0 0.007843136 1 0.9294118 0 0.007843136 1 1 1 1 1 1 1 1 1 1 1 1 1 1 1 1 1 1 1 1 1 1 1 1 1 0.8588235 0.1529412 0.1803922 1 0.8588235 0.1529412 0.1803922 1 0.8588235 0.1529412 0.1803922 1 0.8313726 0.3529412 0.3882353 1 0.8313726 0.3607843 0.3921568 1 0.8666667 0.3254902 0.3686274 1 0 0 0 1 0 0 0 1 0 0 0 1 1 1 1 1 1 1 1 1 1 1 1 1 0.9294118 0.9294118 0.9294118 1 0.9411765 0.9411765 0.9411765 1 0.9450981 0.9450981 0.9450981 1 0.9294118 0 0.007843136 1 0.9294118 0 0.007843136 1 0.9294118 0 0.007843136 1 0.854902 0.2627451 0.2901961 1 0.8588235 0.2392157 0.2666667 1 0.8588235 0.2392157 0.2666667 1 1 1 1 1 1 1 1 1 1 1 1 1 0.9294118 0 0.007843136 1 0.9294118 0 0.007843136 1 0.9294118 0 0.007843136 1 1 0.9568628 0.9686275 1 1 0.9568628 0.9686275 1 1 0.9568628 0.9686275 1 0.854902 0.3411765 0.3803921 1 0.8313726 0.3647059 0.3960784 1 0.827451 0.3607843 0.4 1 0.854902 0.3333333 0.372549 1 0.8509804 0.3411765 0.3803921 1 0.827451 0.3568627 0.4 1 0.8313726 0.3529412 0.3882353 1 0.8313726 0.3568627 0.3882353 1 0.8627451 0.3294118 0.3607843 1 0.9215686 0.1529412 0.1607843 1 0.9215686 0.1647059 0.172549 1 0.9215686 0.1607843 0.1686275 1 1 1 1 1 1 1 1 1 1 1 1 1 0.9686275 0.9686275 0.9686275 1 0.9764706 0.9764706 0.9764706 1 0.9764706 0.9764706 0.9764706 1 0.854902 0.2627451 0.2823529 1 0.854902 0.2627451 0.2823529 1 0.8588235 0.2392157 0.2666667 1 0.854902 0.2627451 0.2901961 1 0.8588235 0.2392157 0.2666667 1 0.8588235 0.2392157 0.2666667 1 0.3333333 0.3333333 0.3333333 1 0.254902 0.254902 0.254902 1 0.2470588 0.2470588 0.2470588 1 0.3411765 0.3411765 0.3411765 1 0.2666667 0.2666667 0.2666667 1 0.2588235 0.2588235 0.2588235 1 0.2705882 0.2705882 0.2705882 1 0.317647 0.317647 0.317647 1 0.3215686 0.3215686 0.3215686 1 0.9686275 0.9686275 0.9686275 1 0.9764706 0.9764706 0.9764706 1 0.9764706 0.9764706 0.9764706 1 0.854902 0.2627451 0.2823529 1 0.854902 0.2470588 0.2705882 1 0.854902 0.2470588 0.2705882 1 0.8313726 0.3686274 0.3882353 1 0.8666667 0.3294118 0.3647059 1 0.8627451 0.3294118 0.3686274 1 1 1 1 1 1 1 1 1 1 1 1 1 0.3333333 0.3333333 0.3333333 1 0.3372549 0.3372549 0.3372549 1 0.2470588 0.2470588 0.2470588 1 0.254902 0.254902 0.254902 1 0.3372549 0.3372549 0.3372549 1 0.3333333 0.3333333 0.3333333 1 0.2392157 0.2392157 0.2392157 1 0.2509804 0.2509804 0.2509804 1 0.3294118 0.3294118 0.3294118 1 0.254902 0.254902 0.254902 1 0.3372549 0.3372549 0.3372549 1 0.3294118 0.3294118 0.3294118 1 0.2666667 0.2666667 0.2666667 1 0.345098 0.345098 0.345098 1 0.3333333 0.3333333 0.3333333 1 0.2745098 0.2745098 0.2745098 1 0.3294118 0.3294118 0.3294118 1 0.3215686 0.3215686 0.3215686 1 0.8352941 0.3568627 0.3843137 1 0.8352941 0.3529412 0.3843137 1 0.8627451 0.3215686 0.3568627 1 0.8588235 0.2588235 0.2823529 1 0.8588235 0.2392157 0.2627451 1 0.8588235 0.2392157 0.2627451 1 1 1 1 1 1 1 1 1 1 1 1 1 0.9686275 0.9686275 0.9686275 1 0.9686275 0.9686275 0.9686275 1 0.972549 0.972549 0.972549 1 0.9764706 0.9764706 0.9764706 1 0.9764706 0.9764706 0.9764706 1 0.9764706 0.9764706 0.9764706 1 0.8588235 0.2745098 0.2941176 1 0.8588235 0.2313725 0.254902 1 0.8588235 0.2352941 0.2627451 1 0.8588235 0.1529412 0.1803922 1 0.8588235 0.1529412 0.1803922 1 0.8588235 0.1529412 0.1803922 1 0.854902 0.2627451 0.2823529 1 0.854902 0.2627451 0.2862745 1 0.854902 0.2470588 0.2705882 1 1 1 1 1 1 1 1 1 1 1 1 1 1 1 1 1 1 1 1 1 1 1 1 1 1 1 1 1 1 1 1 1 1 1 1 1 0.3372549 0.3372549 0.3372549 1 0.2509804 0.2509804 0.2509804 1 0.2509804 0.2509804 0.2509804 1 0.9647059 0.9647059 0.9647059 1 0.9764706 0.9764706 0.9764706 1 0.9764706 0.9764706 0.9764706 1 0.9294118 0 0.007843136 1 0.9294118 0 0.007843136 1 0.9294118 0 0.007843136 1 0.9294118 0 0.007843136 1 0.9294118 0 0.007843136 1 0.9294118 0 0.007843136 1 0.9294118 0 0.007843136 1 0.9294118 0 0.007843136 1 0.9294118 0 0.007843136 1 0 0 0 1 0 0 0 1 0 0 0 1 0.9294118 0 0.007843136 1 0.9294118 0 0.007843136 1 0.9294118 0 0.007843136 1 0.9764706 0.9764706 0.9764706 1 0.9764706 0.9764706 0.9764706 1 0.9764706 0.9764706 0.9764706 1 0.9647059 0.9647059 0.9647059 1 0.9686275 0.9686275 0.9686275 1 0.972549 0.972549 0.972549 1 0.9647059 0.9647059 0.9647059 1 0.9686275 0.9686275 0.9686275 1 0.9764706 0.9764706 0.9764706 1 0.8352941 0.3607843 0.3882353 1 0.8627451 0.3294118 0.3647059 1 0.8627451 0.3254902 0.3647059 1 0.8588235 0.254902 0.2784314 1 0.8588235 0.2588235 0.2823529 1 0.8588235 0.2392157 0.2627451 1 0.8313726 0.3568627 0.3921568 1 0.854902 0.3372549 0.3764706 1 0.8509804 0.3372549 0.3803921 1 1 1 1 1 1 1 1 1 1 1 1 1 1 0.9568628 0.9686275 1 1 0.9568628 0.9686275 1 1 0.9568628 0.9686275 1 1 0 0.1019608 1 1 0 0.1019608 1 1 0 0.1019608 1 0.3372549 0.3372549 0.3372549 1 0.254902 0.254902 0.254902 1 0.254902 0.254902 0.254902 1 0.972549 0.972549 0.972549 1 0.9686275 0.9686275 0.9686275 1 0.9686275 0.9686275 0.9686275 1 0.9176471 0.1372549 0.145098 1 0.9176471 0.1215686 0.1294118 1 0.9176471 0.1019608 0.1098039 1 0.8588235 0.1529412 0.1803922 1 0.8588235 0.1529412 0.1803922 1 0.8588235 0.1529412 0.1803922 1 0.509804 0.7333334 0.8705883 1 0.4392157 0.7176471 0.8745098 1 0.3215686 0.6784314 0.8901961 1 0.2627451 0.2627451 0.2627451 1 0.2745098 0.2745098 0.2745098 1 0.254902 0.254902 0.254902 1 0 0 0 1 0 0 0 1 0 0 0 1 0.2666667 0.2666667 0.2666667 1 0.3254902 0.3254902 0.3254902 1 0.3372549 0.3372549 0.3372549 1 0.854902 0.254902 0.2823529 1 0.854902 0.254902 0.2823529 1 0.854902 0.2470588 0.2705882 1 0.3568627 0.3568627 0.3568627 1 0.3529412 0.3529412 0.3529412 1 0.2705882 0.2705882 0.2705882 1 0.8980392 0.8235294 0.8039216 1 0.8980392 0.8235294 0.8039216 1 0.8980392 0.8235294 0.8039216 1 0.8980392 0.8235294 0.8039216 1 0.8980392 0.8235294 0.8039216 1 0.8980392 0.8235294 0.8039216 1 0.8980392 0.8235294 0.8039216 1 0.8980392 0.8235294 0.8039216 1 0.8980392 0.8235294 0.8039216 1 0.8980392 0.8235294 0.8039216 1 0.8980392 0.8235294 0.8039216 1 0.8980392 0.8235294 0.8039216 1 0.8980392 0.8235294 0.8039216 1 0.8980392 0.8235294 0.8039216 1 0.8980392 0.8235294 0.8039216 1 0.8980392 0.8235294 0.8039216 1 0.8980392 0.8235294 0.8039216 1 0.8980392 0.8235294 0.8039216 1 0.8980392 0.8235294 0.8039216 1 0.8980392 0.8235294 0.8039216 1 0.8980392 0.8235294 0.8039216 1 0.8980392 0.8235294 0.8039216 1 0.8980392 0.8235294 0.8039216 1 0.8980392 0.8235294 0.8039216 1 0.8980392 0.8235294 0.8039216 1 0.8980392 0.8235294 0.8039216 1 0.8980392 0.8235294 0.8039216 1 0.8980392 0.8235294 0.8039216 1 0.8980392 0.8235294 0.8039216 1 0.8980392 0.8235294 0.8039216 1 0.8980392 0.8235294 0.8039216 1 0.8980392 0.8235294 0.8039216 1 0.8980392 0.8235294 0.8039216 1 0.8980392 0.8235294 0.8039216 1 0.8980392 0.8235294 0.8039216 1 0.8980392 0.8235294 0.8039216 1</float_array>
          <technique_common>
            <accessor source="#Plane_048-mesh-colors-Col-array" count="1512" stride="4">
              <param name="R" type="float"/>
              <param name="G" type="float"/>
              <param name="B" type="float"/>
              <param name="A" type="float"/>
            </accessor>
          </technique_common>
        </source>
        <vertices id="Plane_048-mesh-vertices">
          <input semantic="POSITION" source="#Plane_048-mesh-positions"/>
        </vertices>
        <triangles material="m_bld_food_mart_001_LOD-material" count="232">
          <input semantic="VERTEX" source="#Plane_048-mesh-vertices" offset="0"/>
          <input semantic="NORMAL" source="#Plane_048-mesh-normals" offset="1"/>
          <input semantic="TEXCOORD" source="#Plane_048-mesh-map-0" offset="2" set="0"/>
          <input semantic="COLOR" source="#Plane_048-mesh-colors-Col" offset="3" set="0"/>
          <p>0 0 0 0 8 1 1 1 2 2 2 2 0 3 3 3 10 4 4 4 9 5 5 5 1 6 6 6 11 7 7 7 10 8 8 8 2 9 9 9 11 10 10 10 3 11 11 11 0 12 12 12 9 13 13 13 8 14 14 14 0 15 15 15 1 16 16 16 10 17 17 17 1 18 18 18 3 19 19 19 11 20 20 20 2 21 21 21 8 22 22 22 11 23 23 23 15 24 24 24 20 24 25 25 27 24 26 26 19 25 27 27 21 26 28 28 26 27 29 29 21 28 30 30 13 28 31 31 26 28 32 32 27 29 33 33 20 29 34 34 18 29 35 35 29 30 36 36 36 30 37 37 43 30 38 38 35 31 39 39 37 31 40 40 42 31 41 41 37 32 42 42 31 32 43 43 42 32 44 44 43 33 45 45 36 33 46 46 34 33 47 47 62 34 48 48 59 34 49 49 58 34 50 50 72 35 51 51 71 36 52 52 70 37 53 53 70 38 54 54 75 38 55 55 112 38 56 56 63 39 57 57 62 39 58 58 58 39 59 59 68 40 60 60 69 40 61 61 65 40 62 62 69 41 63 63 64 41 64 64 65 41 65 65 73 42 66 66 72 43 67 67 70 42 68 68 111 44 69 69 112 44 70 70 74 44 71 71 112 45 72 72 75 46 73 73 74 47 74 74 112 48 75 75 73 48 76 76 70 48 77 77 69 49 78 78 63 49 79 79 107 49 80 80 63 50 81 81 58 50 82 82 106 50 83 83 107 38 84 84 63 38 85 85 106 38 86 86 107 51 87 87 64 51 88 88 69 51 89 89 64 52 90 90 108 52 91 91 65 52 92 92 126 53 93 93 128 53 94 94 129 53 95 95 109 54 96 96 107 54 97 97 106 54 98 98 106 55 99 99 58 56 100 100 109 57 101 101 45 58 102 102 47 58 103 103 50 58 104 104 49 59 105 105 45 59 106 106 52 59 107 107 110 60 108 108 108 60 109 109 107 60 110 110 152 61 111 111 149 61 112 112 150 61 113 113 152 62 114 114 141 62 115 115 145 62 116 116 150 63 117 117 146 63 118 118 140 63 119 119 152 64 120 120 140 64 121 121 141 64 122 122 149 65 123 123 143 65 124 124 142 65 125 125 151 66 126 126 147 66 127 127 143 66 128 128 152 67 129 129 150 67 130 130 140 67 131 131 149 68 132 132 151 68 133 133 143 68 134 134 149 69 135 135 142 70 136 136 148 71 137 137 10 72 138 138 5 72 139 139 9 72 140 140 156 73 141 141 154 73 142 142 155 73 143 143 14 74 144 144 21 74 145 145 17 74 146 146 34 75 147 147 42 75 148 148 43 75 149 149 93 40 150 150 134 40 151 151 132 40 152 152 158 76 153 153 155 76 154 154 85 76 155 155 149 61 156 156 152 61 157 157 151 61 158 158 88 77 159 159 153 77 160 160 54 77 161 161 101 78 162 162 80 78 163 163 86 78 164 164 158 79 165 165 157 79 166 166 156 79 167 167 149 80 168 168 148 80 169 169 144 80 170 170 43 81 171 171 31 81 172 172 29 81 173 173 41 82 174 174 36 82 175 175 37 82 176 176 90 83 177 177 134 83 178 178 89 83 179 179 91 61 180 180 134 61 181 181 57 61 182 182 91 61 183 183 56 61 184 184 133 61 185 185 133 84 186 186 55 84 187 187 136 84 188 188 24 85 189 189 18 85 190 190 20 85 191 191 133 86 192 192 132 86 193 193 90 86 194 194 98 87 195 195 126 87 196 196 129 87 197 197 98 88 198 198 96 88 199 199 97 88 200 200 4 89 201 201 9 90 202 202 5 91 203 203 51 92 204 204 48 92 205 205 49 92 206 206 61 93 207 207 113 93 208 208 116 93 209 209 107 94 210 210 108 94 211 211 64 94 212 212 6 95 213 213 11 95 214 214 7 95 215 215 139 38 216 216 55 38 217 217 138 38 218 218 50 96 219 219 52 96 220 220 45 96 221 221 88 97 222 222 157 97 223 223 160 97 224 224 51 61 225 225 52 61 226 226 53 61 227 227 39 61 228 228 34 61 229 229 38 61 230 230 151 98 231 231 145 98 232 232 147 98 233 233 77 99 234 234 102 99 235 235 78 99 236 236 90 100 237 237 135 100 238 238 55 100 239 239 161 101 240 240 155 101 241 241 154 101 242 242 109 102 243 243 110 102 244 244 107 102 245 245 51 103 246 246 50 103 247 247 48 103 248 248 31 104 249 249 28 104 250 250 29 104 251 251 25 38 252 252 20 38 253 253 21 38 254 254 114 38 255 255 118 38 256 256 117 38 257 257 85 105 258 258 76 106 259 259 159 107 260 260 23 108 261 261 18 108 262 262 22 108 263 263 99 109 264 264 129 109 265 265 100 109 266 266 29 110 267 267 32 110 268 268 36 110 269 269 77 61 270 270 121 61 271 271 120 61 272 272 36 111 273 273 33 111 274 274 37 111 275 275 37 112 276 276 30 112 277 277 31 112 278 278 129 113 279 279 84 113 280 280 100 113 281 281 91 114 282 282 136 114 283 283 137 114 284 284 89 115 285 285 137 115 286 286 135 115 287 287 117 116 288 288 115 116 289 289 114 116 290 290 113 117 291 291 111 117 292 292 116 117 293 293 120 118 294 294 128 118 295 295 126 118 296 296 39 119 297 297 37 119 298 298 35 119 299 299 13 120 300 300 16 120 301 301 15 120 302 302 118 121 303 303 130 121 304 304 117 121 305 305 103 122 306 306 105 122 307 307 83 122 308 308 125 123 309 309 120 123 310 310 126 123 311 311 48 124 312 312 115 124 313 313 46 124 314 314 104 125 315 315 79 126 316 316 105 127 317 317 44 92 318 318 48 92 319 319 46 92 320 320 92 61 321 321 94 61 322 322 95 61 323 323 17 128 324 324 20 128 325 325 12 128 326 326 159 129 327 327 158 129 328 328 85 129 329 329 126 130 330 330 155 130 331 331 127 130 332 332 84 131 333 333 99 131 334 334 100 131 335 335 69 132 336 336 66 132 337 337 67 132 338 338 121 133 339 339 124 133 340 340 120 133 341 341 95 134 342 342 56 134 343 343 57 134 344 344 120 135 345 345 123 135 346 346 77 135 347 347 94 136 348 348 132 136 349 349 56 136 350 350 23 137 351 351 21 137 352 352 19 137 353 353 40 138 354 354 34 138 355 355 36 138 356 356 71 139 357 357 75 139 358 358 70 139 359 359 63 140 360 360 47 140 361 361 62 140 362 362 109 141 363 363 58 141 364 364 59 141 365 365 127 142 366 366 125 142 367 367 126 142 368 368 26 143 369 369 18 143 370 370 19 143 371 371 161 144 372 372 153 144 373 373 77 144 374 374 61 145 375 375 130 145 376 376 131 145 377 377 54 61 378 378 156 61 379 379 157 61 380 380 16 146 381 381 20 146 382 382 15 146 383 383 49 147 384 384 44 147 385 385 45 147 386 386 139 38 387 387 135 38 388 388 137 38 389 389 150 148 390 390 144 148 391 391 146 148 392 392 104 149 393 393 101 149 394 394 86 149 395 395 92 150 396 396 57 150 397 397 134 150 398 398 96 151 399 399 80 151 400 400 97 151 401 401 26 152 402 402 15 152 403 403 27 152 404 404 11 61 405 405 4 61 406 406 7 61 407 407 87 153 408 408 76 154 409 409 153 155 410 410 154 156 411 411 54 156 412 412 153 156 413 413 159 157 414 414 88 157 415 415 160 157 416 416 122 158 417 417 161 158 418 418 162 158 419 419 123 77 420 420 161 77 421 421 77 77 422 422 86 159 423 423 81 159 424 424 79 159 425 425 99 160 426 426 81 160 427 427 96 160 428 428 103 161 429 429 78 161 430 430 101 161 431 431 10 38 432 432 6 38 433 433 5 38 434 434 14 162 435 435 13 162 436 436 21 162 437 437 34 163 438 438 35 163 439 439 42 163 440 440 93 164 441 441 92 164 442 442 134 164 443 443 158 165 444 444 156 165 445 445 155 165 446 446 88 166 447 447 87 166 448 448 153 166 449 449 101 78 450 450 102 78 451 451 80 78 452 452 158 167 453 453 160 167 454 454 157 167 455 455 43 168 456 456 42 168 457 457 31 168 458 458 41 169 459 459 40 169 460 460 36 169 461 461 90 61 462 462 132 61 463 463 134 61 464 464 91 170 465 465 89 170 466 466 134 170 467 467 91 61 468 468 57 61 469 469 56 61 470 470 133 158 471 471 90 158 472 472 55 158 473 473 24 171 474 474 22 171 475 475 18 171 476 476 133 61 477 477 56 61 478 478 132 61 479 479 98 172 480 480 76 172 481 481 126 172 482 482 98 173 483 483 129 173 484 484 96 173 485 485 4 174 486 486 8 175 487 487 9 176 488 488 61 177 489 489 118 177 490 490 113 177 491 491 6 178 492 492 10 179 493 493 11 180 494 494 139 38 495 495 136 38 496 496 55 38 497 497 50 58 498 498 53 58 499 499 52 58 500 500 88 181 501 501 54 181 502 502 157 181 503 503 51 61 504 504 49 61 505 505 52 61 506 506 39 182 507 507 35 182 508 508 34 182 509 509 151 183 510 510 152 183 511 511 145 183 512 512 77 184 513 513 153 184 514 514 102 184 515 515 90 185 516 516 89 185 517 517 135 185 518 518 161 186 519 519 121 186 520 520 155 186 521 521 51 187 522 522 53 187 523 523 50 187 524 524 31 188 525 525 30 188 526 526 28 188 527 527 25 38 528 528 24 38 529 529 20 38 530 530 114 189 531 531 113 189 532 532 118 189 533 533 85 190 534 534 155 191 535 535 76 192 536 536 23 193 537 537 19 193 538 538 18 193 539 539 99 38 540 540 96 38 541 541 129 38 542 542 29 194 543 543 28 194 544 544 32 194 545 545 77 61 546 546 161 61 547 547 121 61 548 548 36 195 549 549 32 195 550 550 33 195 551 551 37 196 552 552 33 196 553 553 30 196 554 554 129 113 555 555 119 113 556 556 84 113 557 557 91 197 558 558 133 197 559 559 136 197 560 560 89 198 561 561 91 198 562 562 137 198 563 563 117 116 564 564 60 116 565 565 115 116 566 566 113 117 567 567 112 117 568 568 111 117 569 569 120 199 570 570 119 199 571 571 128 199 572 572 39 200 573 573 41 200 574 574 37 200 575 575 13 201 576 576 14 201 577 577 16 201 578 578 118 202 579 579 131 202 580 580 130 202 581 581 103 203 582 582 104 203 583 583 105 203 584 584 125 40 585 585 121 40 586 586 120 40 587 587 48 124 588 588 114 124 589 589 115 124 590 590 104 204 591 591 86 204 592 592 79 204 593 593 44 205 594 594 49 205 595 595 48 205 596 596 92 61 597 597 93 61 598 598 94 61 599 599 17 206 600 600 21 206 601 601 20 206 602 602 159 207 603 603 160 207 604 604 158 207 605 605 126 208 606 606 76 208 607 607 155 208 608 608 84 209 609 609 82 209 610 610 99 209 611 611 69 210 612 612 68 210 613 613 66 210 614 614 121 40 615 615 122 40 616 616 124 40 617 617 95 134 618 618 94 134 619 619 56 134 620 620 120 87 621 621 124 87 622 622 123 87 623 623 94 211 624 624 93 211 625 625 132 211 626 626 23 119 627 627 25 119 628 628 21 119 629 629 40 212 630 630 38 212 631 631 34 212 632 632 71 213 633 633 74 213 634 634 75 213 635 635 63 140 636 636 50 140 637 637 47 140 638 638 26 214 639 639 27 214 640 640 18 214 641 641 161 215 642 642 154 215 643 643 153 215 644 644 61 216 645 645 60 216 646 646 130 216 647 647 54 61 648 648 154 61 649 649 156 61 650 650 16 217 651 651 12 217 652 652 20 217 653 653 139 218 654 654 138 218 655 655 135 218 656 656 150 219 657 657 149 219 658 658 144 219 659 659 104 220 660 660 103 220 661 661 101 220 662 662 92 221 663 663 95 221 664 664 57 221 665 665 96 222 666 666 86 222 667 667 80 222 668 668 26 223 669 669 13 223 670 670 15 223 671 671 11 224 672 672 8 224 673 673 4 224 674 674 87 225 675 675 159 226 676 676 76 227 677 677 159 157 678 678 87 157 679 679 88 157 680 680 122 158 681 681 121 158 682 682 161 158 683 683 123 228 684 684 162 228 685 685 161 228 686 686 86 229 687 687 96 229 688 688 81 229 689 689 99 230 690 690 82 230 691 691 81 230 692 692 103 231 693 693 83 231 694 694 78 231 695 695</p>
        </triangles>
        <triangles material="clutter_commercial-material" count="292">
          <input semantic="VERTEX" source="#Plane_048-mesh-vertices" offset="0"/>
          <input semantic="NORMAL" source="#Plane_048-mesh-normals" offset="1"/>
          <input semantic="TEXCOORD" source="#Plane_048-mesh-map-0" offset="2" set="0"/>
          <input semantic="COLOR" source="#Plane_048-mesh-colors-Col" offset="3" set="0"/>
          <p>170 244 723 723 171 244 724 724 172 244 725 725 463 245 726 726 462 245 727 727 464 245 728 728 583 248 735 735 582 249 736 736 584 249 737 737 467 250 738 738 466 251 739 739 465 252 740 740 173 254 744 744 175 254 745 745 176 254 746 746 551 255 747 747 550 255 748 748 549 255 749 749 527 261 759 759 526 261 760 760 528 261 761 761 535 263 765 765 534 264 766 766 533 265 767 767 247 266 768 768 246 266 769 769 248 266 770 770 475 268 774 774 474 268 775 775 473 268 776 776 251 270 780 780 250 270 781 781 249 270 782 782 679 279 801 801 678 279 802 802 680 279 803 803 599 299 846 846 598 300 847 847 600 301 848 848 667 306 855 855 666 306 856 856 668 306 857 857 643 308 861 861 642 308 862 862 644 308 863 863 651 313 870 870 650 313 871 871 652 313 872 872 659 315 876 876 658 315 877 877 657 315 878 878 595 308 879 879 594 308 880 880 596 308 881 881 539 316 882 882 538 306 883 883 540 306 884 884 647 320 894 894 646 320 895 895 648 320 896 896 663 322 900 900 662 322 901 901 664 322 902 902 603 334 924 924 602 334 925 925 604 334 926 926 511 335 927 927 510 335 928 928 512 335 929 929 531 336 930 930 530 336 931 931 529 336 932 932 491 322 933 933 490 322 934 934 492 322 935 935 547 339 945 945 546 339 946 946 548 339 947 947 459 350 978 978 458 350 979 979 460 350 980 980 587 351 981 981 586 351 982 982 588 351 983 983 683 352 984 984 682 352 985 985 681 352 986 986 483 353 987 987 482 353 988 988 484 353 989 989 507 279 990 990 506 279 991 991 508 279 992 992 671 354 993 993 670 354 994 994 669 354 995 995 591 359 1002 1002 590 359 1003 1003 592 359 1004 1004 515 363 1011 1011 514 363 1012 1012 516 363 1013 1013 479 371 1029 1029 478 372 1030 1030 477 373 1031 1031 519 374 1032 1032 518 374 1033 1033 517 374 1034 1034 523 375 1035 1035 522 375 1036 1036 521 375 1037 1037 455 377 1041 1041 454 377 1042 1042 453 377 1043 1043 499 387 1065 1065 498 388 1066 1066 497 389 1067 1067 655 390 1068 1068 654 390 1069 1069 653 390 1070 1070 495 354 1080 1080 494 354 1081 1081 493 354 1082 1082 170 244 1113 1113 169 244 1114 1114 171 244 1115 1115 463 406 1116 1116 461 406 1117 1117 462 406 1118 1118 583 409 1125 1125 581 410 1126 1126 582 411 1127 1127 467 412 1128 1128 468 413 1129 1129 466 413 1130 1130 173 415 1134 1134 174 415 1135 1135 175 415 1136 1136 551 416 1137 1137 552 416 1138 1138 550 416 1139 1139 527 420 1149 1149 525 420 1150 1150 526 420 1151 1151 535 422 1155 1155 536 423 1156 1156 534 424 1157 1157 247 425 1158 1158 245 425 1159 1159 246 425 1160 1160 475 268 1164 1164 476 268 1165 1165 474 268 1166 1166 251 428 1170 1170 252 428 1171 1171 250 428 1172 1172 679 436 1191 1191 677 436 1192 1192 678 436 1193 1193 599 334 1236 1236 597 334 1237 1237 598 334 1238 1238 667 457 1245 1245 665 457 1246 1246 666 457 1247 1247 643 458 1251 1251 641 458 1252 1252 642 458 1253 1253 651 461 1260 1260 649 461 1261 1261 650 461 1262 1262 659 465 1266 1266 660 465 1267 1267 658 465 1268 1268 595 466 1269 1269 593 467 1270 1270 594 468 1271 1271 539 469 1272 1272 537 470 1273 1273 538 406 1274 1274 647 473 1284 1284 645 474 1285 1285 646 475 1286 1286 663 322 1290 1290 661 322 1291 1291 662 322 1292 1292 603 482 1314 1314 601 482 1315 1315 602 482 1316 1316 511 483 1317 1317 509 483 1318 1318 510 483 1319 1319 531 377 1320 1320 532 377 1321 1321 530 377 1322 1322 491 484 1323 1323 489 484 1324 1324 490 484 1325 1325 547 487 1335 1335 545 487 1336 1336 546 487 1337 1337 459 497 1368 1368 457 497 1369 1369 458 497 1370 1370 587 498 1371 1371 585 498 1372 1372 586 498 1373 1373 683 499 1374 1374 684 499 1375 1375 682 499 1376 1376 483 406 1377 1377 481 406 1378 1378 482 406 1379 1379 507 500 1380 1380 505 500 1381 1381 506 500 1382 1382 671 501 1383 1383 672 501 1384 1384 670 501 1385 1385 591 506 1392 1392 589 506 1393 1393 590 506 1394 1394 515 363 1401 1401 513 363 1402 1402 514 363 1403 1403 479 515 1419 1419 480 516 1420 1420 478 517 1421 1421 519 518 1422 1422 520 518 1423 1423 518 518 1424 1424 523 375 1425 1425 524 375 1426 1426 522 375 1427 1427 455 336 1431 1431 456 336 1432 1432 454 336 1433 1433 499 528 1455 1455 500 529 1456 1456 498 529 1457 1457 655 530 1458 1458 656 530 1459 1459 654 530 1460 1460 495 501 1470 1470 496 501 1471 1471 494 501 1472 1472 703 314 1512 873 705 314 1514 873 704 314 1513 873 703 314 1512 873 706 314 1515 873 705 314 1514 873 707 314 1516 873 709 314 1518 873 708 314 1517 873 707 314 1516 873 710 314 1519 873 709 314 1518 873 711 314 1520 873 713 314 1522 873 712 314 1521 873 711 314 1520 873 714 314 1523 873 713 314 1522 873 715 314 1524 873 717 314 1526 873 716 314 1525 873 715 314 1524 873 718 314 1527 873 717 314 1526 873 719 314 1528 873 721 314 1530 873 720 314 1529 873 719 314 1528 873 722 314 1531 873 721 314 1530 873 723 314 1532 873 725 314 1534 873 724 314 1533 873 723 314 1532 873 726 314 1535 873 725 314 1534 873 727 319 1536 891 729 319 1538 891 728 319 1537 891 727 319 1536 891 730 319 1539 891 729 319 1538 891 731 319 1540 891 733 319 1542 891 732 319 1541 891 731 319 1540 891 734 319 1543 891 733 319 1542 891 735 319 1544 891 737 319 1546 891 736 319 1545 891 735 319 1544 891 738 319 1547 891 737 319 1546 891 739 319 1548 891 741 319 1550 891 740 319 1549 891 739 319 1548 891 742 319 1551 891 741 319 1550 891 743 319 1552 891 745 319 1554 891 744 319 1553 891 743 319 1552 891 746 319 1555 891 745 319 1554 891 747 326 1556 906 749 326 1558 906 748 326 1557 906 747 326 1556 906 750 326 1559 906 749 326 1558 906 751 326 1560 906 753 326 1562 906 752 326 1561 906 751 326 1560 906 754 326 1563 906 753 326 1562 906 755 326 1564 906 757 326 1566 906 756 326 1565 906 755 326 1564 906 758 326 1567 906 757 326 1566 906 759 326 1568 906 761 326 1570 906 760 326 1569 906 759 326 1568 906 762 326 1571 906 761 326 1570 906 763 326 1572 906 765 326 1574 906 764 326 1573 906 763 326 1572 906 766 326 1575 906 765 326 1574 906 767 326 1576 906 769 326 1578 906 768 326 1577 906 767 326 1576 906 770 326 1579 906 769 326 1578 906 771 236 1580 708 772 236 1581 708 773 236 1582 708 771 236 1580 708 773 236 1582 708 774 236 1583 708 775 236 1584 708 776 236 1585 708 777 236 1586 708 775 236 1584 708 777 236 1586 708 778 236 1587 708 779 236 1588 708 780 236 1589 708 781 236 1590 708 779 236 1588 708 781 236 1590 708 782 236 1591 708 783 236 1592 708 784 236 1593 708 785 236 1594 708 783 236 1592 708 785 236 1594 708 786 236 1595 708 787 236 1596 708 788 236 1597 708 789 236 1598 708 787 236 1596 708 789 236 1598 708 790 236 1599 708 791 285 1600 816 792 285 1601 816 793 285 1602 816 791 285 1600 816 793 285 1602 816 794 285 1603 816 795 285 1604 816 796 285 1605 816 797 285 1606 816 795 285 1604 816 797 285 1606 816 798 285 1607 816 799 285 1608 816 800 285 1609 816 801 285 1610 816 799 285 1608 816 801 285 1610 816 802 285 1611 816 803 285 1612 816 804 285 1613 816 805 285 1614 816 803 285 1612 816 805 285 1614 816 806 285 1615 816 807 285 1616 816 808 285 1617 816 809 285 1618 816 807 285 1616 816 809 285 1618 816 810 285 1619 816 811 232 1620 696 813 232 1622 696 812 232 1621 696 811 232 1620 696 814 232 1623 696 813 232 1622 696 815 232 1624 696 817 232 1626 696 816 232 1625 696 815 232 1624 696 818 232 1627 696 817 232 1626 696 819 232 1628 696 821 232 1630 696 820 232 1629 696 819 232 1628 696 822 232 1631 696 821 232 1630 696 823 232 1632 696 825 232 1634 696 824 232 1633 696 823 232 1632 696 826 232 1635 696 825 232 1634 696 827 232 1636 696 829 232 1638 696 828 232 1637 696 827 232 1636 696 830 232 1639 696 829 232 1638 696 831 232 1640 696 833 232 1642 696 832 232 1641 696 831 232 1640 696 834 232 1643 696 833 232 1642 696 835 232 1644 696 837 232 1646 696 836 232 1645 696 835 232 1644 696 838 232 1647 696 837 232 1646 696 839 232 1648 696 841 232 1650 696 840 232 1649 696 839 232 1648 696 842 232 1651 696 841 232 1650 696 843 232 1652 696 845 232 1654 696 844 232 1653 696 843 232 1652 696 846 232 1655 696 845 232 1654 696 847 232 1656 696 849 232 1658 696 848 232 1657 696 847 232 1656 696 850 232 1659 696 849 232 1658 696 851 232 1660 696 853 232 1662 696 852 232 1661 696 851 232 1660 696 854 232 1663 696 853 232 1662 696 855 262 1664 762 856 262 1665 762 857 262 1666 762 855 262 1664 762 857 262 1666 762 858 262 1667 762 859 232 1668 696 861 232 1670 696 860 232 1669 696 859 232 1668 696 862 232 1671 696 861 232 1670 696 863 232 1672 696 865 232 1674 696 864 232 1673 696 863 232 1672 696 866 232 1675 696 865 232 1674 696 867 232 1676 696 869 232 1678 696 868 232 1677 696 867 232 1676 696 870 232 1679 696 869 232 1678 696 871 232 1680 696 873 232 1682 696 872 232 1681 696 871 232 1680 696 874 232 1683 696 873 232 1682 696 875 232 1684 696 877 232 1686 696 876 232 1685 696 875 232 1684 696 878 232 1687 696 877 232 1686 696 879 232 1688 696 881 232 1690 696 880 232 1689 696 879 232 1688 696 882 232 1691 696 881 232 1690 696 883 232 1692 696 885 232 1694 696 884 232 1693 696 883 232 1692 696 886 232 1695 696 885 232 1694 696 887 341 1696 954 888 341 1697 954 889 341 1698 954 887 341 1696 954 889 341 1698 954 890 341 1699 954 891 305 1700 852 893 305 1702 852 892 305 1701 852 891 305 1700 852 894 305 1703 852 893 305 1702 852 895 341 1704 954 896 341 1705 954 897 341 1706 954 895 341 1704 954 897 341 1706 954 898 341 1707 954 899 305 1708 852 901 305 1710 852 900 305 1709 852 899 305 1708 852 902 305 1711 852 901 305 1710 852 903 341 1712 954 904 341 1713 954 905 341 1714 954 903 341 1712 954 905 341 1714 954 906 341 1715 954 907 305 1716 852 909 305 1718 852 908 305 1717 852 907 305 1716 852 910 305 1719 852 909 305 1718 852 911 341 1720 954 912 341 1721 954 913 341 1722 954 911 341 1720 954 913 341 1722 954 914 341 1723 954 915 305 1724 852 917 305 1726 852 916 305 1725 852 915 305 1724 852 918 305 1727 852 917 305 1726 852 919 341 1728 954 920 341 1729 954 921 341 1730 954 919 341 1728 954 921 341 1730 954 922 341 1731 954 923 305 1732 852 925 305 1734 852 924 305 1733 852 923 305 1732 852 926 305 1735 852 925 305 1734 852 927 341 1736 954 928 341 1737 954 929 341 1738 954 927 341 1736 954 929 341 1738 954 930 341 1739 954 931 305 1740 852 933 305 1742 852 932 305 1741 852 931 305 1740 852 934 305 1743 852 933 305 1742 852 935 341 1744 954 936 341 1745 954 937 341 1746 954 935 341 1744 954 937 341 1746 954 938 341 1747 954 939 305 1748 852 941 305 1750 852 940 305 1749 852 939 305 1748 852 942 305 1751 852 941 305 1750 852 943 341 1752 954 944 341 1753 954 945 341 1754 954 943 341 1752 954 945 341 1754 954 946 341 1755 954 947 305 1756 852 949 305 1758 852 948 305 1757 852 947 305 1756 852 950 305 1759 852 949 305 1758 852 951 394 1760 1083 953 394 1762 1083 952 394 1761 1083 951 394 1760 1083 954 394 1763 1083 953 394 1762 1083 955 394 1764 1083 957 394 1766 1083 956 394 1765 1083 955 394 1764 1083 958 394 1767 1083 957 394 1766 1083 959 394 1768 1083 961 394 1770 1083 960 394 1769 1083 959 394 1768 1083 962 394 1771 1083 961 394 1770 1083 963 394 1772 1083 965 394 1774 1083 964 394 1773 1083 963 394 1772 1083 966 394 1775 1083 965 394 1774 1083 967 394 1776 1083 969 394 1778 1083 968 394 1777 1083 967 394 1776 1083 970 394 1779 1083 969 394 1778 1083 971 394 1780 1083 973 394 1782 1083 972 394 1781 1083 971 394 1780 1083 974 394 1783 1083 973 394 1782 1083 975 394 1784 1083 977 394 1786 1083 976 394 1785 1083 975 394 1784 1083 978 394 1787 1083 977 394 1786 1083 979 283 1788 807 980 283 1789 807 981 283 1790 807 979 283 1788 807 981 283 1790 807 982 283 1791 807 983 394 1792 1083 985 394 1794 1083 984 394 1793 1083 983 394 1792 1083 986 394 1795 1083 985 394 1794 1083 987 394 1796 1083 989 394 1798 1083 988 394 1797 1083 987 394 1796 1083 990 394 1799 1083 989 394 1798 1083 991 394 1800 1083 993 394 1802 1083 992 394 1801 1083 991 394 1800 1083 994 394 1803 1083 993 394 1802 1083 995 394 1804 1083 997 394 1806 1083 996 394 1805 1083 995 394 1804 1083 998 394 1807 1083 997 394 1806 1083 999 394 1808 1083 1001 394 1810 1083 1000 394 1809 1083 999 394 1808 1083 1002 394 1811 1083 1001 394 1810 1083 1003 394 1812 1083 1005 394 1814 1083 1004 394 1813 1083 1003 394 1812 1083 1006 394 1815 1083 1005 394 1814 1083 1007 394 1816 1083 1009 394 1818 1083 1008 394 1817 1083 1007 394 1816 1083 1010 394 1819 1083 1009 394 1818 1083 1011 394 1820 1083 1013 394 1822 1083 1012 394 1821 1083 1011 394 1820 1083 1014 394 1823 1083 1013 394 1822 1083 1015 394 1824 1083 1017 394 1826 1083 1016 394 1825 1083 1015 394 1824 1083 1018 394 1827 1083 1017 394 1826 1083 1019 283 1828 807 1020 283 1829 807 1021 283 1830 807 1019 283 1828 807 1021 283 1830 807 1022 283 1831 807 1023 394 1832 1083 1025 394 1834 1083 1024 394 1833 1083 1023 394 1832 1083 1026 394 1835 1083 1025 394 1834 1083 1027 394 1836 1083 1029 394 1838 1083 1028 394 1837 1083 1027 394 1836 1083 1030 394 1839 1083 1029 394 1838 1083 1031 394 1840 1083 1033 394 1842 1083 1032 394 1841 1083 1031 394 1840 1083 1034 394 1843 1083 1033 394 1842 1083 1035 394 1844 1083 1037 394 1846 1083 1036 394 1845 1083 1035 394 1844 1083 1038 394 1847 1083 1037 394 1846 1083 1039 394 1848 1083 1041 394 1850 1083 1040 394 1849 1083 1039 394 1848 1083 1042 394 1851 1083 1041 394 1850 1083 1043 394 1852 1083 1045 394 1854 1083 1044 394 1853 1083 1043 394 1852 1083 1046 394 1855 1083 1045 394 1854 1083 1047 394 1856 1083 1049 394 1858 1083 1048 394 1857 1083 1047 394 1856 1083 1050 394 1859 1083 1049 394 1858 1083 1051 283 1860 807 1052 283 1861 807 1053 283 1862 807 1051 283 1860 807 1053 283 1862 807 1054 283 1863 807 1055 394 1864 1083 1057 394 1866 1083 1056 394 1865 1083 1055 394 1864 1083 1058 394 1867 1083 1057 394 1866 1083 1059 394 1868 1083 1061 394 1870 1083 1060 394 1869 1083 1059 394 1868 1083 1062 394 1871 1083 1061 394 1870 1083 1063 394 1872 1083 1065 394 1874 1083 1064 394 1873 1083 1063 394 1872 1083 1066 394 1875 1083 1065 394 1874 1083 1067 394 1876 1083 1069 394 1878 1083 1068 394 1877 1083 1067 394 1876 1083 1070 394 1879 1083 1069 394 1878 1083 1071 394 1880 1083 1073 394 1882 1083 1072 394 1881 1083 1071 394 1880 1083 1074 394 1883 1083 1073 394 1882 1083 1075 258 1884 756 1076 258 1885 756 1077 258 1886 756 1075 258 1884 756 1077 258 1886 756 1078 258 1887 756 1079 258 1888 756 1080 258 1889 756 1081 258 1890 756 1079 258 1888 756 1081 258 1890 756 1082 258 1891 756 1083 280 1892 804 1085 280 1894 804 1084 280 1893 804 1083 280 1892 804 1086 280 1895 804 1085 280 1894 804 1087 280 1896 804 1089 280 1898 804 1088 280 1897 804 1087 280 1896 804 1090 280 1899 804 1089 280 1898 804 1091 302 1900 849 1093 302 1902 849 1092 302 1901 849 1091 302 1900 849 1094 302 1903 849 1093 302 1902 849 1095 302 1904 849 1097 302 1906 849 1096 302 1905 849 1095 302 1904 849 1098 302 1907 849 1097 302 1906 849 1099 310 1908 867 1100 310 1909 867 1101 310 1910 867 1099 310 1908 867 1101 310 1910 867 1102 310 1911 867 1103 310 1912 867 1104 310 1913 867 1105 310 1914 867 1103 310 1912 867 1105 310 1914 867 1106 310 1915 867 1107 258 1916 948 1108 258 1917 948 1109 258 1918 948 1107 258 1916 948 1109 258 1918 948 1110 258 1919 948 1111 258 1920 948 1112 258 1921 948 1113 258 1922 948 1111 258 1920 948 1113 258 1922 948 1114 258 1923 948 1115 355 1924 996 1117 355 1926 996 1116 355 1925 996 1115 355 1924 996 1118 355 1927 996 1117 355 1926 996 1119 355 1928 996 1121 355 1930 996 1120 355 1929 996 1119 355 1928 996 1122 355 1931 996 1121 355 1930 996</p>
        </triangles>
        <triangles material="wirefence-material" count="12">
          <input semantic="VERTEX" source="#Plane_048-mesh-vertices" offset="0"/>
          <input semantic="NORMAL" source="#Plane_048-mesh-normals" offset="1"/>
          <input semantic="TEXCOORD" source="#Plane_048-mesh-map-0" offset="2" set="0"/>
          <input semantic="COLOR" source="#Plane_048-mesh-colors-Col" offset="3" set="0"/>
          <p>167 539 1476 1476 695 539 1477 1477 696 539 1478 1478 689 540 1479 1479 692 541 1480 1480 691 542 1481 1481 700 543 1482 1482 697 543 1483 1483 698 543 1484 1484 694 544 1485 1485 688 544 1486 1486 687 544 1487 1487 702 545 1488 1488 686 545 1489 1489 685 545 1490 1490 163 546 1491 1491 166 546 1492 1492 165 546 1493 1493 167 547 1494 1494 168 547 1495 1495 695 547 1496 1496 689 548 1497 1497 690 549 1498 1498 692 550 1499 1499 700 551 1500 1500 699 551 1501 1501 697 551 1502 1502 694 552 1503 1503 693 552 1504 1504 688 552 1505 1505 702 553 1506 1506 701 553 1507 1507 686 553 1508 1508 163 554 1509 1509 164 554 1510 1510 166 554 1511 1511</p>
        </triangles>
      </mesh>
    </geometry>
    <geometry id="Plane_057-mesh" name="Plane.057">
      <mesh>
        <source id="Plane_057-mesh-positions">
          <float_array id="Plane_057-mesh-positions-array" count="3369">-639.1038 93.49748 103.8197 -639.3948 93.20641 103.8197 -639.1038 93.49748 105.1226 -639.3948 93.20641 105.1226 -639.1174 93.55528 105.1511 -639.1174 93.55528 103.7912 -639.4526 93.22004 103.7912 -639.4526 93.22004 105.1511 -639.0817 93.51957 105.1511 -639.0817 93.51957 103.7912 -639.4169 93.18434 103.7912 -639.4169 93.18434 105.1511 -653.4384 84.26537 98.43886 -654.8258 84.4836 105.1607 -654.8258 84.4836 98.43886 -654.0231 83.68085 105.1607 -654.0231 83.68085 98.43886 -654.2413 85.06809 98.43886 -653.4385 84.26534 105.9873 -654.2413 85.06806 105.9873 -653.4385 84.26534 105.1607 -654.2413 85.06806 105.1607 -653.0015 84.70241 105.9873 -653.8041 85.50513 105.9873 -653.0015 84.70241 105.1607 -653.8041 85.50513 105.1607 -654.6248 84.68445 105.7464 -653.8221 83.88172 105.7464 -658.3021 87.96007 98.43886 -658.3021 87.96007 105.1607 -659.1049 88.76279 98.43886 -659.1049 88.76279 105.1607 -657.7178 88.54457 98.43886 -658.5205 89.34731 98.43886 -657.7178 88.54457 105.9873 -658.5205 89.34731 105.9873 -657.7178 88.54457 105.1607 -658.5205 89.34731 105.1607 -657.2807 88.98168 105.9873 -658.0834 89.78437 105.9873 -657.2807 88.98168 105.1607 -658.0834 89.78437 105.1607 -658.9041 88.96366 105.7464 -658.1013 88.16094 105.7464 -641.6829 105.5209 102.7984 -652.4077 94.79579 102.7984 -634.4207 98.25885 102.7984 -645.1456 87.53382 102.7984 -634.4207 98.25885 105.7984 -641.6829 105.5209 105.7984 -652.4077 94.79579 105.7984 -645.1456 87.53382 105.7984 -634.4207 98.25885 107.2984 -641.6829 105.5209 107.2984 -652.4077 94.79579 107.2984 -645.1456 87.53382 107.2984 -646.353 88.64237 106.7252 -641.8442 106.4431 107.2984 -652.2792 95.31559 108.4777 -644.6259 87.66239 108.4777 -644.9213 88.2078 105.7984 -644.9213 88.2078 102.7984 -635.4021 97.63746 102.7984 -639.0544 93.98503 102.7984 -644.6965 87.98299 102.7984 -644.6965 87.98299 105.7984 -642.7523 90.37682 105.7984 -642.7523 90.37682 102.7984 -642.0784 90.60126 102.7984 -642.0784 90.60126 105.7984 -642.5275 90.15198 102.7984 -642.5275 90.15198 105.7984 -642.3021 90.82688 105.7984 -642.3021 90.82688 102.7984 -642.0775 90.60213 102.7984 -642.0775 90.60213 105.7984 -639.9006 93.22853 102.7984 -639.9006 93.22853 105.7984 -651.9703 83.02483 105.8653 -646.3531 88.64217 103.0589 -646.9731 88.02214 103.0589 -648.1096 86.88561 103.0589 -648.1096 86.88561 105.8653 -649.2875 85.70766 103.0589 -649.5117 85.93175 103.0589 -647.1973 88.2462 103.0589 -650.1835 85.25995 103.0589 -660.2172 89.19724 105.8653 -648.1096 86.88561 105.2589 -645.0612 87.35056 105.8653 -645.0612 87.35056 106.3642 -633.4985 98.09736 108.4777 -641.8442 106.4431 108.4777 -644.6259 86.96979 108.4777 -634.1912 98.09734 107.8275 -641.8444 105.7505 107.8275 -652.2792 95.31559 107.8275 -644.6259 87.66239 107.8275 -649.2875 85.70763 105.2589 -649.2875 85.70763 105.8653 -649.9592 85.03583 105.8653 -649.5117 85.93175 105.2589 -650.1835 85.25995 105.2589 -646.9731 88.02207 105.2589 -646.9731 88.02207 105.8653 -647.1973 88.2462 105.2589 -648.3336 87.10973 105.2589 -648.3336 87.10973 103.0589 -644.9213 88.2078 105.0768 -642.7523 90.37682 105.0768 -641.1013 92.0277 105.7984 -639.9006 93.22853 105.0768 -642.3021 90.82688 105.0768 -644.5286 88.6006 105.7984 -643.1451 89.98403 105.7984 -643.8367 89.2923 105.7984 -643.1451 89.98403 102.7984 -644.5286 88.6006 102.7984 -643.8367 89.2923 102.7984 -644.5286 88.6006 105.0768 -643.1451 89.98403 105.0768 -643.8367 89.2923 105.0768 -641.1013 92.0277 102.7984 -641.1013 92.0277 105.0768 -639.6758 93.00373 102.7984 -639.6758 93.00373 105.7984 -638.8745 93.80506 105.7984 -635.2222 97.45751 105.7984 -635.2222 97.45751 102.7984 -638.8745 93.80506 102.7984 -635.4021 97.63746 105.7984 -639.0544 93.98503 105.7984 -649.9592 85.03583 103.0589 -651.9703 83.02483 103.0589 -659.1799 90.23435 103.0589 -659.1799 90.23435 102.1366 -646.3531 88.64217 102.1366 -651.9703 83.02483 102.1366 -659.1799 90.23435 104.0589 -651.9703 83.02483 104.0589 -659.1799 90.23435 105.2589 -651.9703 83.02483 105.2589 -649.9592 85.03583 104.0589 -649.9592 85.03583 105.2589 -635.4021 97.63746 103.7984 -639.0544 93.98503 103.7984 -641.8444 105.7505 108.4777 -652.9719 95.31559 108.4777 -634.1912 98.09734 108.4777 -633.4985 98.09736 107.2984 -652.9719 95.31559 107.2984 -644.6259 86.96979 107.2984 -634.0518 98.65074 107.2984 -645.1793 87.52317 107.2984 -662.5654 89.37046 102.7163 -651.8111 78.61601 102.7163 -643.0892 108.8465 102.7163 -632.3351 98.09208 102.7163 -652.8273 99.10852 102.7163 -642.0731 88.35404 102.7163 -657.6964 94.23945 102.7163 -637.2041 93.22309 102.7163 -647.9584 103.9775 102.7163 -646.9421 83.48503 102.7163 -657.4434 93.98661 102.8383 -662.0598 89.37032 102.8383 -651.8112 79.12151 102.8383 -637.4569 93.47591 102.8383 -632.8406 98.09208 102.8383 -643.0892 108.3408 102.8383 -647.7055 103.7247 102.8383 -652.5745 98.85563 102.8383 -647.1948 83.73786 102.8383 -642.3259 88.60686 102.8383 -657.5607 94.10381 102.8383 -662.2941 89.37041 102.8383 -651.8112 78.88724 102.8383 -637.3397 93.35877 102.8383 -632.6063 98.09208 102.8383 -643.0892 108.5752 102.8383 -647.8226 103.8418 102.8383 -652.6917 98.97283 102.8383 -647.0778 83.6207 102.8383 -642.2089 88.4897 102.8383 -646.353 88.64237 105.8653 -653.5626 95.85191 105.8653 -659.1799 90.23456 105.8653 -653.5626 95.85191 106.7252 -659.1799 90.23456 106.7252 -651.9703 83.02503 106.7252 -660.2172 89.19724 106.3642 -651.7157 80.69583 105.8653 -651.7157 80.69583 106.3642 -653.5626 95.85169 103.0589 -653.5626 95.85169 102.1366 -631.1971 102.3137 102.7246 -631.1971 102.3137 105.665 -634.741 98.6518 102.7246 -634.741 98.6518 105.665 -651.9819 83.01425 102.6257 -651.9819 83.01425 105.2583 -639.1038 93.49748 103.8197 -639.3948 93.20641 103.8197 -639.1038 93.49748 105.1226 -639.3948 93.20641 105.1226 -639.1174 93.55528 105.1511 -639.1174 93.55528 103.7912 -639.4526 93.22004 103.7912 -639.4526 93.22004 105.1511 -639.1514 93.44194 105.0737 -639.3253 93.26805 105.0737 -639.1514 93.44194 104.7118 -639.3253 93.26805 104.7118 -639.1348 93.45857 104.6255 -639.3419 93.25144 104.6255 -639.1348 93.45857 104.2636 -639.3419 93.25144 104.2636 -639.1237 93.46965 104.2371 -639.3445 93.2488 104.2371 -639.1237 93.46965 103.8751 -639.3445 93.2488 103.8751 -640.9418 97.03575 106.8095 -640.5565 97.42109 106.8095 -640.9418 97.03575 107.6357 -640.5565 97.42109 107.6357 -640.5513 97.42635 106.8095 -640.1453 97.83241 106.8095 -640.5513 97.42635 107.6357 -640.1453 97.83241 107.6357 -640.9216 97.05596 107.6357 -641.2927 96.68489 107.6357 -640.9216 97.05596 106.8095 -641.2927 96.68489 106.8095 -640.9512 97.04515 106.8095 -640.5659 97.43047 106.8095 -640.9512 97.04515 107.6357 -640.5659 97.43047 107.6357 -640.5607 97.43569 106.8095 -640.1544 97.84175 106.8095 -640.5607 97.43569 107.6357 -640.1544 97.84175 107.6357 -640.9311 97.06535 107.6357 -641.3021 96.69422 107.6357 -640.9311 97.06535 106.8095 -641.3021 96.69422 106.8095 -639.8679 98.10964 106.8095 -639.462 98.51567 106.8095 -639.8679 98.10964 107.6357 -639.462 98.51567 107.6357 -639.1376 98.8401 107.6357 -639.5228 98.45478 107.6357 -639.1376 98.8401 106.8095 -639.5228 98.45478 106.8095 -638.8375 99.14009 107.6357 -639.15 98.82746 107.6357 -638.8375 99.14009 106.8095 -639.15 98.82746 106.8095 -638.4742 99.5034 107.6357 -638.8516 99.12605 107.6357 -638.4742 99.5034 106.8095 -638.8516 99.12605 106.8095 -639.8821 98.12377 106.8095 -639.4761 98.5298 106.8095 -639.8821 98.12377 107.6357 -639.4761 98.5298 107.6357 -639.1517 98.8542 107.6357 -639.5369 98.46891 107.6357 -639.1517 98.8542 106.8095 -639.5369 98.46891 106.8095 -638.8516 99.15419 107.6357 -639.1643 98.84159 107.6357 -638.8516 99.15419 106.8095 -639.1643 98.84159 106.8095 -638.4883 99.5175 107.6357 -638.8657 99.14018 107.6357 -638.4883 99.5175 106.8095 -638.8657 99.14018 106.8095 -644.9409 87.68166 106.088 -644.3997 88.22301 106.088 -644.9409 87.68166 106.5902 -644.3997 88.22301 106.5902 -644.9959 87.64745 105.8253 -644.3654 88.27798 105.8253 -644.9959 87.64745 106.6548 -644.3654 88.27798 106.6548 -644.7606 87.84147 106.5418 -644.9085 87.69366 106.5418 -644.7606 87.84147 106.1379 -644.9085 87.69366 106.1379 -644.6068 87.99543 106.5418 -644.7754 87.82679 106.5418 -644.6068 87.99543 106.1379 -644.7754 87.82679 106.1379 -644.4218 88.18029 106.5418 -644.5972 88.00486 106.5418 -644.4218 88.18029 106.1379 -644.5972 88.00486 106.1379 -643.6801 88.93564 106.8074 -643.8989 88.71689 106.8074 -643.6801 88.93564 106.346 -643.8989 88.71689 106.346 -643.4443 89.17134 106.8074 -643.6915 88.92417 106.8074 -643.4443 89.17134 106.346 -643.6915 88.92417 106.346 -643.2073 89.40837 106.8074 -643.4545 89.1612 106.8074 -643.2073 89.40837 106.346 -643.4545 89.1612 106.346 -642.9586 89.65702 106.8074 -643.2059 89.4099 106.8074 -642.9586 89.65702 106.346 -643.2059 89.4099 106.346 -642.7178 89.89792 106.8074 -642.965 89.65079 106.8074 -642.7178 89.89792 106.346 -642.965 89.65079 106.346 -642.0599 90.5557 106.8074 -642.3071 90.30857 106.8074 -642.0599 90.5557 106.346 -642.3071 90.30857 106.346 -641.8191 90.79665 106.8074 -642.0662 90.54949 106.8074 -641.8191 90.79665 106.346 -642.0662 90.54949 106.346 -641.5924 91.02333 106.8074 -641.8395 90.77613 106.8074 -641.5924 91.02333 106.346 -641.8395 90.77613 106.346 -641.3652 91.2506 106.8074 -641.6122 91.00339 106.8074 -641.3651 91.25057 106.346 -641.6122 91.00339 106.346 -641.1403 91.47541 106.8074 -641.3901 91.22541 106.8074 -641.1403 91.47538 106.346 -641.3901 91.22541 106.346 -640.9299 91.68589 106.8074 -641.1798 91.43589 106.8074 -640.9298 91.68586 106.346 -641.1798 91.43589 106.346 -640.6948 91.92085 106.8074 -640.942 91.67366 106.8074 -640.6948 91.92082 106.346 -640.942 91.67366 106.346 -642.4022 90.21352 106.8074 -642.6494 89.96639 106.8074 -642.4022 90.21352 106.346 -642.6494 89.96639 106.346 -640.3583 92.2574 106.8074 -640.6055 92.01017 106.8074 -640.3582 92.25736 106.346 -640.6055 92.01017 106.346 -640.0142 92.60148 106.8074 -640.2642 92.35146 106.8074 -640.0142 92.60146 106.346 -640.2642 92.35146 106.346 -639.7792 92.83641 106.8074 -640.0264 92.58921 106.8074 -639.7792 92.83638 106.346 -640.0264 92.58921 106.346 -639.5648 93.05085 106.8074 -639.7836 92.83204 106.8074 -639.5648 93.05082 106.346 -639.7836 92.83204 106.346 -639.3248 93.29087 106.8074 -639.5748 93.04087 106.8074 -639.3248 93.29084 106.346 -639.5748 93.04087 106.346 -638.9113 93.70433 106.8074 -639.1613 93.45433 106.8074 -638.9113 93.70429 106.346 -639.1613 93.45433 106.346 -638.6688 93.94679 106.8074 -638.9188 93.69679 106.8074 -638.6688 93.94676 106.346 -638.9188 93.69679 106.346 -638.4621 94.15364 106.8074 -638.6781 93.93763 106.8074 -638.4621 94.15361 106.346 -638.6781 93.93763 106.346 -638.1716 94.44413 106.8074 -638.4711 94.14447 106.8074 -638.1716 94.4441 106.346 -638.4711 94.14447 106.346 -637.8879 94.72776 106.8074 -638.1876 94.4281 106.8074 -637.8878 94.72773 106.346 -638.1876 94.4281 106.346 -637.6315 94.98414 106.8074 -637.8909 94.72474 106.8074 -637.6315 94.98412 106.346 -637.8909 94.72474 106.346 -637.2966 95.31904 106.8074 -637.5438 95.07189 106.8074 -637.2966 95.31902 106.346 -637.5438 95.07189 106.346 -636.9373 95.67845 106.812 -637.1948 95.42091 106.812 -636.9371 95.67842 106.3413 -637.1948 95.42091 106.3413 -636.6691 95.94673 106.812 -636.9628 95.65281 106.812 -636.669 95.9467 106.3413 -636.9628 95.65281 106.3413 -636.3469 96.26875 106.812 -636.6525 95.96311 106.812 -636.3469 96.26872 106.3413 -636.6525 95.96311 106.3413 -639.2255 92.31233 107.4701 -638.9523 92.58564 107.4701 -639.2255 92.31233 108.1305 -638.9523 92.58564 108.1305 -638.983 92.55494 107.4701 -638.7211 92.81678 107.4701 -638.983 92.55494 108.1305 -638.7211 92.81678 108.1305 -638.7521 92.78572 107.4701 -638.4904 93.04753 107.4701 -638.7521 92.78572 108.1305 -638.4904 93.04753 108.1305 -638.5054 93.03257 107.4701 -638.2435 93.29441 107.4701 -638.5054 93.03257 108.1305 -638.2435 93.29441 108.1305 -638.1163 93.42146 107.4701 -637.7844 93.75345 107.4701 -638.1163 93.42146 108.1305 -637.7844 93.75345 108.1305 -637.8109 93.72706 107.4701 -637.4788 94.05906 107.4701 -637.8109 93.72706 108.1305 -637.4788 94.05906 108.1305 -637.5164 94.02149 107.4701 -637.1843 94.3535 107.4701 -637.5164 94.02149 108.1305 -637.1843 94.3535 108.1305 -637.2219 94.3159 107.4701 -636.89 94.64794 107.4701 -637.2219 94.3159 108.1305 -636.89 94.64794 108.1305 -640.6198 90.91814 107.4701 -640.358 91.17992 107.4701 -640.6198 90.91814 108.1305 -640.358 91.17992 108.1305 -640.3729 91.16498 107.4701 -640.1111 91.4268 107.4701 -640.3729 91.16498 108.1305 -640.1111 91.4268 108.1305 -640.1353 91.40256 107.4701 -639.9086 91.62928 107.4701 -640.1353 91.40256 108.1305 -639.9086 91.62928 108.1305 -639.9231 91.61485 107.4701 -639.7759 91.76194 107.4701 -639.9231 91.61485 108.1305 -639.7759 91.76194 108.1305 -639.7034 91.83445 107.4488 -639.3016 92.23625 107.4488 -639.7034 91.83445 108.1471 -639.3016 92.23625 108.1471 -642.7775 88.76047 107.4701 -642.7775 88.76047 108.1305 -642.5156 89.02225 108.1305 -642.5156 89.02231 107.4701 -642.2537 89.28409 107.4701 -642.2537 89.28409 108.1305 -642.2672 89.27074 107.4701 -642.0054 89.53252 107.4701 -642.2672 89.27074 108.1305 -641.7435 89.79439 107.4701 -642.0054 89.53258 108.1305 -641.7435 89.79439 108.1305 -641.7722 89.7657 107.4701 -641.5103 90.02751 107.4701 -641.7722 89.7657 108.1305 -641.5103 90.02751 108.1305 -641.3812 90.15663 107.4701 -641.1195 90.41844 107.4701 -641.3812 90.15663 108.1305 -641.1195 90.41844 108.1305 -641.1248 90.4131 107.4701 -640.8629 90.67488 107.4701 -641.1248 90.4131 108.1305 -640.8629 90.67488 108.1305 -641.3054 91.79444 103.2745 -641.1503 91.94975 103.2745 -641.3054 91.79444 103.6124 -641.1503 91.94975 103.6124 -641.1683 91.93171 103.2745 -641.0128 92.08708 103.2745 -641.1683 91.93171 103.6124 -641.0128 92.08708 103.6124 -641.0061 92.09391 103.3895 -640.9213 92.17878 103.3895 -641.0061 92.09391 103.5741 -640.9213 92.17878 103.5741 -640.9244 92.17543 103.3895 -640.8397 92.26029 103.3895 -640.9244 92.17543 103.5741 -640.8397 92.26029 103.5741 -641.3912 91.70896 103.3543 -641.2938 91.80622 103.3543 -641.3912 91.70896 103.5674 -641.2938 91.80622 103.5674 -642.0331 91.06694 103.2898 -641.8776 91.22228 103.2898 -642.0331 91.06694 103.6276 -641.8776 91.22228 103.6276 -641.8707 91.22914 103.4048 -641.786 91.31401 103.4048 -641.8707 91.22914 103.5894 -641.786 91.31401 103.5894 -641.7894 91.31061 103.4048 -641.7045 91.39548 103.4048 -641.7894 91.31061 103.5894 -641.7045 91.39548 103.5894 -642.1345 90.96561 103.4125 -642.0372 91.06288 103.4125 -642.1345 90.96561 103.6256 -642.0372 91.06288 103.6256 -641.2593 91.84053 104.5768 -641.1041 91.99588 104.5768 -641.2593 91.84053 104.9147 -641.1041 91.99588 104.9147 -641.0972 92.0027 104.6919 -641.0123 92.08757 104.6919 -641.0972 92.0027 104.8765 -641.0123 92.08757 104.8765 -641.0156 92.08418 104.6919 -640.9309 92.16905 104.6919 -641.0156 92.08418 104.8765 -640.9309 92.16905 104.8765 -641.361 91.73918 104.6996 -641.2637 91.83644 104.6996 -641.361 91.73918 104.9127 -641.2637 91.83644 104.9127 -642.2051 90.90102 103.2483 -641.6345 91.47176 103.2483 -642.2051 90.90102 103.9816 -641.6345 91.47176 103.9816 -642.1752 90.92485 103.6903 -641.8555 91.24446 103.6903 -642.1752 90.92485 103.9689 -641.8555 91.24446 103.9689 -641.4053 91.70091 103.2483 -640.8345 92.27165 103.2483 -641.4053 91.70091 103.9816 -640.8345 92.27165 103.9816 -641.3939 91.70613 103.6535 -640.8367 92.26332 103.6535 -641.3939 91.70613 103.9509 -640.8367 92.26332 103.9509 -640.6102 92.49591 103.2483 -640.0396 93.06665 103.2483 -640.6102 92.49591 103.9816 -640.0396 93.06665 103.9816 -640.5988 92.50112 103.6535 -640.0416 93.05827 103.6535 -640.5988 92.50112 103.9509 -640.0416 93.05827 103.9509 -640.4329 92.66701 103.2709 -640.2777 92.82231 103.2709 -640.4329 92.66701 103.6088 -640.2777 92.82231 103.6088 -640.2709 92.82914 103.3859 -640.186 92.91404 103.3859 -640.2709 92.82914 103.5705 -640.186 92.91404 103.5705 -640.1893 92.91062 103.3859 -640.1044 92.99549 103.3859 -640.1893 92.91062 103.5705 -640.1044 92.99549 103.5705 -640.5344 92.56562 103.3937 -640.4373 92.66288 103.3937 -640.5344 92.56562 103.6068 -640.4373 92.66288 103.6068 -641.4473 91.65888 104.5538 -640.8765 92.22959 104.5538 -641.4473 91.65888 105.287 -640.8765 92.22959 105.287 -641.4359 91.66407 104.9589 -640.8787 92.22123 104.9589 -641.4359 91.66407 105.2563 -640.8787 92.22123 105.2563 -637.8447 95.09117 103.4283 -637.7142 95.22171 103.4283 -637.8447 95.09117 103.7847 -637.7142 95.22171 103.7847 -637.7225 95.2134 103.4283 -637.5574 95.37857 103.4283 -637.7225 95.2134 103.7847 -637.5574 95.37857 103.7847 -637.5792 95.35682 103.4283 -637.3958 95.5402 103.4283 -637.5792 95.35682 103.7847 -637.3958 95.5402 103.7847 -637.2877 95.64823 103.4283 -637.1224 95.81343 103.4283 -637.2877 95.64823 103.7847 -637.1224 95.81343 103.7847 -637.134 95.80204 103.4283 -636.9843 95.95171 103.4283 -637.134 95.80204 103.7847 -636.9843 95.95171 103.7847 -636.9879 95.94808 103.4283 -636.8381 96.09773 103.4283 -636.9879 95.94808 103.7847 -636.8381 96.09773 103.7847 -636.8436 96.09233 103.4283 -636.7131 96.22283 103.4283 -636.8436 96.09233 103.7847 -636.7131 96.22283 103.7847 -637.7623 95.1732 103.8986 -637.452 95.48365 103.8986 -637.7623 95.1732 104.5739 -637.452 95.48365 104.5739 -637.4744 95.46125 103.8986 -637.1638 95.77173 103.8986 -637.4744 95.46125 104.5739 -637.1638 95.77173 104.5739 -637.1638 95.77173 104.1286 -636.9943 95.94136 104.1286 -637.1638 95.77173 104.4975 -636.9943 95.94136 104.4975 -637.0009 95.93464 104.1286 -636.8314 96.10426 104.1286 -637.0009 95.93464 104.4975 -636.8314 96.10426 104.4975 -637.6724 95.26329 104.6236 -637.5488 95.38685 104.6236 -637.6724 95.26329 104.8283 -637.5488 95.38685 104.8283 -637.5524 95.38331 104.6236 -637.4288 95.50688 104.6236 -637.5524 95.38331 104.8283 -637.4288 95.50688 104.8283 -637.3384 95.59712 104.6236 -637.215 95.72068 104.6236 -637.3384 95.59712 104.8283 -637.215 95.72068 104.8283 -637.2117 95.72392 104.6236 -637.0881 95.84754 104.6236 -637.2117 95.72392 104.8283 -637.0881 95.84754 104.8283 -637.0884 95.84718 104.6236 -636.9648 95.97074 104.6236 -637.0884 95.84718 104.8283 -636.9648 95.97074 104.8283 -636.9744 95.96131 104.6236 -636.8508 96.08489 104.6236 -636.9744 95.96131 104.8283 -636.8508 96.08489 104.8283 -637.9335 95.00242 104.0582 -637.7391 95.19682 104.0582 -637.9335 95.00242 104.4841 -637.7391 95.19682 104.4841 -637.9064 95.02964 105.0713 -637.7758 95.16014 105.0713 -637.9064 95.02964 105.4277 -637.7758 95.16014 105.4277 -637.7745 95.16156 105.0713 -637.6096 95.3264 105.0713 -637.7745 95.16156 105.4277 -637.6096 95.3264 105.4277 -637.6163 95.31961 105.0713 -637.4858 95.45011 105.0713 -637.6163 95.31961 105.4277 -637.4858 95.45011 105.4277 -637.4861 95.44992 105.0713 -637.3555 95.58039 105.0713 -637.4861 95.44992 105.4277 -637.3555 95.58039 105.4277 -637.2648 95.67079 105.0625 -637.0952 95.8404 105.0625 -637.2648 95.67079 105.4314 -637.0952 95.8404 105.4314 -637.0981 95.83747 105.0625 -636.9285 96.00711 105.0625 -637.0981 95.83747 105.4314 -636.9285 96.00711 105.4314 -636.9055 96.03005 105.0625 -636.7261 96.2096 105.0625 -636.9055 96.03005 105.4314 -636.7261 96.2096 105.4314 -637.9891 94.95639 103.8411 -636.6979 96.24772 103.8411 -637.9891 94.95639 105.0002 -636.6979 96.24772 105.0002 -637.9565 94.9865 104.4867 -637.426 95.51725 104.4867 -637.9565 94.9865 104.9492 -637.426 95.51725 104.9492 -650.5753 84.38399 104.4293 -650.4201 84.53934 104.4293 -650.5753 84.38399 104.7672 -650.4201 84.53934 104.7672 -650.4133 84.54618 104.5443 -650.3284 84.63106 104.5443 -650.4133 84.54618 104.7289 -650.3284 84.63106 104.7289 -650.3317 84.6277 104.5443 -650.2468 84.71257 104.5443 -650.3317 84.6277 104.7289 -650.2468 84.71257 104.7289 -650.6769 84.28266 104.552 -650.5797 84.37992 104.552 -650.6769 84.28266 104.7652 -650.5797 84.37992 104.7652 -650.7633 84.20235 104.4062 -650.1926 84.77309 104.4062 -650.7633 84.20235 105.1395 -650.1926 84.77309 105.1395 -650.7518 84.20757 104.8114 -650.1947 84.76473 104.8114 -650.7518 84.20757 105.1088 -650.1947 84.76473 105.1088 -654.1934 81.16101 102.0789 -654.1934 81.16101 104.7116 -655.2822 80.00566 103.8288 -655.2822 80.00566 106.4615 -654.1478 81.17519 102.8638 -654.1478 81.17519 106.4615 -654.2048 81.11582 102.8638 -654.2048 81.11582 106.4615 -654.181 81.1489 106.4615 -654.181 81.1489 103.8288 -653.4171 83.80752 105.2583 -653.4171 83.80752 102.6257 -654.181 81.1489 106.4533 -654.181 81.1489 103.8207 -653.3209 82.04169 106.4533 -653.3209 82.04169 103.8207 -653.3334 82.05377 104.7116 -653.3334 82.05377 102.0789 -637.9065 95.02971 105.426 -637.9065 95.02971 105.073 -637.8063 95.12985 105.073 -637.8063 95.12985 105.426 -637.8064 95.12968 105.426 -637.8064 95.12968 105.073 -637.7292 95.20686 105.073 -637.7292 95.20686 105.426 -637.7294 95.20669 105.426 -637.7294 95.20669 105.073 -637.6521 95.28386 105.073 -637.6521 95.28386 105.426 -637.6523 95.28369 105.426 -637.6523 95.28369 105.073 -637.554 95.38192 105.073 -637.554 95.38192 105.426 -637.5542 95.38176 105.426 -637.5542 95.38176 105.073 -637.463 95.4729 105.073 -637.463 95.4729 105.426 -637.4631 95.47273 105.426 -637.4631 95.47273 105.073 -637.3554 95.58033 105.073 -637.3554 95.58033 105.426 -637.3383 95.597 104.8283 -637.3383 95.597 104.6236 -637.2069 95.72851 104.6236 -637.2069 95.72851 104.8283 -637.2073 95.72818 104.8283 -637.2073 95.72818 104.6236 -637.0784 95.85724 104.6236 -637.0784 95.85724 104.8283 -637.0787 95.85691 104.8283 -637.0787 95.85691 104.6236 -636.9703 95.96546 104.6236 -636.9703 95.96546 104.8283 -637.0474 95.88821 104.6632 -637.0474 95.88821 104.581 -637.0016 95.93416 104.581 -637.0016 95.93416 104.6632 -636.9706 95.96513 104.8283 -636.9706 95.96513 104.6236 -636.8509 96.085 104.6236 -636.8509 96.085 104.8283 -637.6381 95.29778 103.7847 -637.6381 95.29778 103.4283 -637.4938 95.44206 103.4283 -637.4938 95.44206 103.7847 -637.5021 95.43375 103.7847 -637.5021 95.43375 103.4283 -637.3816 95.5543 103.4283 -637.3816 95.5543 103.7847 -637.3899 95.54599 103.7847 -637.3899 95.54599 103.4283 -637.2847 95.65122 103.4283 -637.2847 95.65122 103.7847 -637.293 95.64291 103.7847 -637.293 95.64291 103.4283 -637.1616 95.77442 103.4283 -637.1616 95.77442 103.7847 -637.1699 95.76611 103.7847 -637.1699 95.76611 103.4283 -637.0455 95.89052 103.4283 -637.0455 95.89052 103.7847 -637.0538 95.88221 103.7847 -637.0538 95.88221 103.4283 -636.9198 96.01627 103.4283 -636.9198 96.01627 103.7847 -644.9086 87.69374 106.5418 -644.9086 87.69374 106.1379 -644.8134 87.78881 106.1379 -644.8134 87.78881 106.5418 -644.8155 87.78678 106.5418 -644.8155 87.78678 106.1379 -644.7022 87.89997 106.1379 -644.7022 87.89997 106.5418 -644.7043 87.89794 106.5418 -644.7043 87.89794 106.1379 -644.6381 87.96408 106.1379 -644.6381 87.96408 106.5418 -644.6401 87.96205 106.5418 -644.6401 87.96205 106.1379 -644.533 88.0691 106.1379 -644.533 88.0691 106.5418 -644.535 88.06707 106.5418 -644.535 88.06707 106.1379 -644.4218 88.18026 106.1379 -644.4218 88.18026 106.5418 -639.2807 93.31264 105.0737 -639.2807 93.31264 104.8605 -639.196 93.39736 104.8606 -639.196 93.39736 105.0737 -639.2888 93.30457 104.8273 -639.2888 93.30457 104.6142 -639.1879 93.40543 104.6142 -639.1879 93.40543 104.8273 -639.2678 93.32553 104.581 -639.2678 93.32553 104.3678 -639.2089 93.38447 104.3678 -639.2089 93.38447 104.581 -639.286 93.3073 104.3346 -639.286 93.3073 104.1215 -639.1906 93.4027 104.1215 -639.1906 93.4027 104.3346 -639.2888 93.30457 104.0882 -639.2888 93.30457 103.8751 -639.1879 93.40543 103.8751 -639.1879 93.40543 104.0882 -642.4467 89.09203 108.1304 -642.4467 89.09206 107.47 -642.1792 89.35941 107.47 -642.1792 89.35938 108.1304 -642.1942 89.34441 108.1304 -642.1942 89.34444 107.47 -641.9267 89.61179 107.47 -641.9267 89.61176 108.1304 -641.9417 89.5968 108.1304 -641.9417 89.59683 107.47 -641.6381 89.90035 107.47 -641.6381 89.90032 108.1304 -641.6531 89.88536 108.1304 -641.6531 89.88539 107.47 -641.3856 90.15273 107.47 -641.3856 90.1527 108.1304 -641.4006 90.13774 108.1304 -641.4006 90.13777 107.47 -641.1892 90.34911 107.47 -641.1892 90.34908 108.1305 -641.0451 90.49315 108.1305 -641.0451 90.49318 107.47 -640.8202 90.71798 107.4701 -640.8202 90.71795 108.1305 -640.8351 90.70299 108.1305 -640.8351 90.70302 107.4701 -640.5762 90.96183 107.4701 -640.5762 90.9618 108.1305 -640.4321 91.10586 108.1305 -640.4321 91.10589 107.4701 -640.1853 91.35269 107.4701 -640.1853 91.35266 108.1305 -640.2002 91.33769 108.1305 -640.2002 91.33772 107.4701 -639.9817 91.55616 107.4701 -639.9817 91.55613 108.1305 -639.9967 91.54116 108.1305 -639.9967 91.54119 107.4701 -639.7853 91.75254 107.4701 -639.7853 91.75251 108.1305 -639.8002 91.73755 108.1305 -639.8002 91.73758 107.4701 -639.6817 91.85602 107.4701 -639.6817 91.85599 108.1305 -639.5377 92.00013 108.1471 -639.5377 92.00017 107.4488 -639.1359 92.40188 107.4488 -639.1359 92.40185 108.1471 -638.9917 92.54584 108.1305 -638.9917 92.54587 107.4701 -638.6455 92.89193 107.4701 -638.6455 92.8919 108.1306 -638.6604 92.87694 108.1306 -638.6604 92.87697 107.4701 -638.4419 93.0954 107.4702 -638.4419 93.09537 108.1306 -638.4569 93.08041 108.1306 -638.4569 93.08044 107.4702 -638.2037 93.3336 107.4702 -638.2037 93.33357 108.1306 -638.2186 93.31861 108.1306 -638.2186 93.31864 107.4702 -637.9512 93.58599 107.4702 -637.9512 93.58596 108.1306 -637.9662 93.571 108.1306 -637.9662 93.57103 107.4702 -637.6987 93.83837 107.4702 -637.6987 93.83834 108.1306 -637.7137 93.82338 108.1306 -637.7137 93.82341 107.4702 -637.4668 94.07021 107.4702 -637.4668 94.07018 108.1306 -637.4818 94.05521 108.1306 -637.4818 94.05524 107.4702 -637.2207 94.31622 107.4702 -637.2207 94.31619 108.1306 -641.3064 96.69852 107.6356 -641.3064 96.69852 106.8094 -641.081 96.924 106.8094 -641.081 96.924 107.6357 -641.0922 96.91282 107.6357 -641.0922 96.91282 106.8094 -640.7007 97.30444 106.8094 -640.7007 97.30444 107.6357 -640.7119 97.29326 107.6357 -640.7119 97.29326 106.8094 -640.3433 97.66196 106.8095 -640.3433 97.66196 107.6357 -640.3545 97.65078 107.6357 -640.3545 97.65078 106.8095 -639.963 98.04239 106.8095 -639.963 98.04239 107.6357 -639.6714 98.33408 107.6357 -639.6714 98.33408 106.8095 -639.4804 98.52519 106.8095 -639.4804 98.52519 107.6357 -639.4915 98.51401 107.6357 -639.4915 98.51401 106.8095 -639.1001 98.90563 106.8095 -639.1001 98.90563 107.6357 -639.1112 98.89445 107.6357 -639.1112 98.89445 106.8095 -638.8515 99.1543 106.8095 -638.8515 99.1543 107.6357 -638.8627 99.14312 107.6357 -638.8627 99.14312 106.8095 -638.4884 99.51755 106.8095 -638.4884 99.51755 107.6357 -643.8993 88.71725 106.8073 -643.8993 88.71725 106.3459 -643.7063 88.91012 106.3459 -643.7063 88.91012 106.8073 -643.7154 88.90107 106.8073 -643.7154 88.90107 106.3459 -643.472 89.14443 106.3459 -643.472 89.14443 106.8073 -643.481 89.13538 106.8073 -643.481 89.13538 106.3459 -643.2561 89.3603 106.3459 -643.2561 89.3603 106.8073 -643.2651 89.35125 106.8073 -643.2651 89.35125 106.3459 -643.0712 89.5451 106.3459 -643.0712 89.5451 106.8073 -643.0803 89.53605 106.8073 -643.0803 89.53605 106.3459 -642.8414 89.77482 106.3459 -642.8414 89.77482 106.8074 -642.8505 89.76577 106.8074 -642.8505 89.76577 106.3459 -642.6943 89.92192 106.346 -642.6943 89.92192 106.8074 -642.7034 89.91287 106.8074 -642.7034 89.91287 106.346 -642.4416 90.17459 106.346 -642.4416 90.17459 106.8074 -642.3071 90.30859 106.8074 -642.3071 90.30859 106.346 -642.0738 90.5418 106.346 -642.0738 90.5418 106.8074 -641.9398 90.67624 106.8074 -641.9398 90.67624 106.346 -641.7148 90.90117 106.346 -641.7148 90.90117 106.8074 -641.7239 90.89211 106.8074 -641.7239 90.89211 106.346 -641.4621 91.15384 106.346 -641.4621 91.15384 106.8074 -641.4712 91.14479 106.8074 -641.4712 91.14479 106.346 -641.2507 91.3652 106.346 -641.2507 91.3652 106.8074 -641.2598 91.35615 106.8074 -641.2598 91.35615 106.346 -640.998 91.61787 106.346 -640.998 91.61787 106.8074 -641.007 91.60882 106.8074 -641.007 91.60882 106.346 -640.7856 91.83022 106.346 -640.7856 91.83022 106.8074 -640.7946 91.82116 106.8074 -640.7946 91.82116 106.346 -640.5329 92.08289 106.346 -640.5329 92.08289 106.8074 -640.5419 92.07383 106.8074 -640.5419 92.07383 106.346 -640.3031 92.31261 106.346 -640.3031 92.31261 106.8074 -640.3121 92.30356 106.8074 -640.3121 92.30356 106.346 -640.1559 92.45971 106.346 -640.1559 92.45971 106.8074 -640.165 92.45065 106.8074 -640.165 92.45065 106.346 -639.9032 92.71238 106.346 -639.9032 92.71238 106.8074 -639.7687 92.84638 106.8075 -639.7687 92.84638 106.3461 -639.5355 93.07959 106.3461 -639.5355 93.07959 106.8075 -639.4015 93.21403 106.8075 -639.4015 93.21403 106.3461 -639.181 93.43444 106.3461 -639.181 93.43444 106.8075 -639.19 93.42539 106.8075 -639.19 93.42539 106.3461 -638.9961 93.61924 106.3461 -638.9961 93.61924 106.8075 -639.0052 93.61019 106.8075 -639.0052 93.61019 106.3461 -638.7847 93.8306 106.3461 -638.7847 93.8306 106.8075 -638.7938 93.82155 106.8075 -638.7938 93.82155 106.3461 -638.6376 93.9777 106.3461 -638.6376 93.9777 106.8075 -638.6467 93.96865 106.8075 -638.6467 93.96865 106.3461 -638.4068 94.2084 106.3461 -638.4068 94.2084 106.8075 -638.4159 94.19935 106.8075 -638.4159 94.19935 106.3461 -638.1541 94.46108 106.3461 -638.1541 94.46108 106.8075 -638.1632 94.45202 106.8075 -638.1632 94.45202 106.3461 -637.9566 94.65858 106.3461 -637.9566 94.65858 106.8075 -637.8221 94.79258 106.8075 -637.8221 94.79258 106.3461 -637.5888 95.0258 106.3461 -637.5888 95.0258 106.8076 -637.4548 95.16024 106.8075 -637.4548 95.16024 106.3461 -637.2334 95.38163 106.3461 -637.2334 95.38163 106.8075 -637.2424 95.37258 106.8075 -637.2424 95.37258 106.3461 -636.9806 95.6343 106.3461 -636.9806 95.6343 106.8075 -636.9897 95.62525 106.8075 -636.9897 95.62525 106.3461 -636.8335 95.7814 106.3461 -636.8335 95.7814 106.8075 -636.8425 95.77235 106.8075 -636.8425 95.77235 106.3461 -636.5992 96.01563 106.3461 -636.5992 96.01563 106.8075 -636.6083 96.00658 106.8075 -636.6083 96.00658 106.3461 -636.3465 96.2683 106.3461 -636.3465 96.2683 106.8076 -641.3893 91.71091 103.5184 -641.3893 91.71091 103.3863 -641.3503 91.74981 103.3863 -641.3503 91.74981 103.5184 -641.3542 91.74592 103.5674 -641.3542 91.74592 103.3543 -641.2938 91.80622 103.3543 -641.2938 91.80622 103.5674 -642.1326 90.96756 103.5766 -642.1326 90.96756 103.4445 -642.0936 91.00646 103.4445 -642.0936 91.00646 103.5766 -642.0975 91.00257 103.6256 -642.0975 91.00257 103.4125 -642.0372 91.06288 103.4125 -642.0372 91.06288 103.6256 -637.9296 95.00631 104.3861 -637.9296 95.00631 104.1221 -637.8519 95.08407 104.1221 -637.8519 95.08407 104.3861 -637.8596 95.07629 104.4841 -637.8596 95.07629 104.0582 -637.7391 95.19682 104.0582 -637.7391 95.19682 104.4841 -640.5325 92.56757 103.5578 -640.5325 92.56757 103.4257 -640.4936 92.60647 103.4257 -640.4936 92.60647 103.5578 -640.4975 92.60258 103.6068 -640.4975 92.60258 103.3937 -640.4373 92.66288 103.3937 -640.4373 92.66288 103.6068 -641.3591 91.74113 104.8637 -641.3591 91.74113 104.7316 -641.3201 91.78003 104.7316 -641.3201 91.78003 104.8637 -641.324 91.77614 104.9127 -641.324 91.77614 104.6996 -641.2637 91.83644 104.6996 -641.2637 91.83644 104.9127 -650.675 84.28461 104.7162 -650.675 84.28461 104.584 -650.6361 84.32351 104.584 -650.6361 84.32351 104.7162 -650.64 84.31962 104.7652 -650.64 84.31962 104.552 -650.5797 84.37992 104.552 -650.5797 84.37992 104.7652</float_array>
          <technique_common>
            <accessor source="#Plane_057-mesh-positions-array" count="1123" stride="3">
              <param name="X" type="float"/>
              <param name="Y" type="float"/>
              <param name="Z" type="float"/>
            </accessor>
          </technique_common>
        </source>
        <source id="Plane_057-mesh-normals">
          <float_array id="Plane_057-mesh-normals-array" count="1776">-1.99239e-5 0 -1 0.7070102 -0.7072026 0.001074552 0.7076842 -0.706529 0 0.7076843 -0.7065288 0 0.7071342 -0.707079 7.66015e-4 0.7074444 -0.7067686 8.31242e-4 0.7071418 -0.7070715 6.69289e-4 0.7082769 -0.7059348 2.9256e-5 0.7079094 -0.7063022 -0.001295149 0.7081416 -0.7060706 0 0.7069448 -0.7072688 -1.5972e-4 0.7066021 -0.707611 -1.10411e-4 0.7067045 -0.7075089 8.90204e-5 -0.7070999 0.7071137 0 -0.2869607 -0.2869381 0.9139585 -0.7071068 -0.7071068 0 -0.707131 0.7070826 0 0.7070733 0.7071403 0 0.7073088 -0.7069048 0 0.7093731 -0.7048333 0 0.7091973 -0.7050101 2.25662e-4 0.7077444 -0.7064686 -1.92452e-4 0.7072318 -0.7069818 2.0649e-4 0.7072345 -0.7069791 2.54296e-4 0.7073829 -0.7068288 -0.001605093 0.7079254 -0.7062873 1.70316e-7 0.7079268 -0.7062858 6.23057e-6 0.7070675 -0.7071459 -6.55444e-4 0.7071061 -0.7071074 -4.36198e-4 0.70731 -0.7069032 -7.12246e-4 -0.1689569 -0.1689671 0.9710323 -0.6361692 -0.6363551 0.4362811 0.7069729 -0.7072407 -9.45341e-5 -0.7071589 0.7070547 0 -0.7071589 0.7070548 0 -0.7071588 0.7070548 0 -0.7070162 0.7071974 1.96969e-4 0.7071919 -0.7070217 0 0.7072329 -0.7069807 0 -0.7071494 0.7070643 0 0 0 -1 -0.7071856 0.707028 -9.45562e-5 0.7072174 -0.7069962 0 0.706933 0.7072805 0 -0.7073201 -0.7068935 0 0.7073571 0.7068565 0 -0.7074941 -0.7067193 0 -0.7074941 -0.7067193 0 -0.7072569 -0.7069566 0 5.75582e-6 0 1 0 0 1 5.75732e-6 0 1 -2.15987e-5 0 -1 -0.7071068 0.7071068 0 0.7071815 -0.7070322 0 0.7069572 0.7072564 0 0.7071628 0.7070508 0 -0.7070189 -0.7071948 0 -0.7072648 -0.7069488 0 0.7073979 0.7068156 0 0.7071241 0.7070896 0 0.7070562 0.7071573 0 0.7071241 0.7070896 0 -0.7070229 -0.7071908 0 -0.7072149 -0.7069987 0 2.82753e-5 0 -1 -2.82773e-5 0 -1 -4.3204e-5 0 -1 -4.90358e-5 0 -1 0.7069054 0.7073081 0 0.7061251 0.7080872 0 0.7061251 0.7080872 0 0.7075016 0.7067118 0 -0.7068256 -0.7073879 0 0.1370763 -0.1370743 0.9810305 -1.08719e-5 0 1 0.7071068 0.7071068 0 -0.7070598 -0.7071538 0 -4.64404e-5 0 -1 0.06124919 -0.02587962 -0.9977869 0.05266219 0.0405935 -0.997787 0.05323284 0.03984242 -0.997787 -1.08707e-5 0 1 1.26674e-5 0 -1 0.7072153 -0.7069983 0 0.7071298 0.7070838 0 -0.7071363 0.7070773 0 0.7068607 0.7073529 0 -0.7071024 -0.7071112 0 0.7071167 -0.7070969 0 -0.7071518 -0.7070618 0 -0.707062 0.7071516 0 -0.7071358 -0.7070778 0 0.7070469 0.7071667 0 0.7070469 0.7071667 0 0.7070469 0.7071667 -2.29764e-7 0.7070578 0.7071558 1.99951e-6 -0.7071119 -0.7071017 0 0.7070981 0.7071155 0 0.7071163 -0.7070972 0 -0.7070695 0.7071442 0 0.7070919 -0.7071217 0 -0.2869778 -0.2870231 0.9139264 0.7070478 -0.7071658 8.23767e-6 -0.636191 -0.6361549 0.436541 3.18725e-4 0 1 -0.7071068 0.7071068 0 -0.04204797 0.03433787 -0.9985255 -0.04505068 -0.03029125 -0.9985255 -0.04601395 0.02880698 -0.9985255 0.7071198 -0.7070938 0 -0.7068141 -0.7073993 0 -0.7070593 -0.7071543 -2.73497e-5 -0.7070292 0.7071844 4.11894e-6 -0.2869956 -0.2869956 0.9139295 -0.7071025 -0.7071111 0 0.7071166 0.7070971 0 -0.1689735 -0.1689666 0.9710295 -0.6362398 -0.6362398 0.4363462 -2.17439e-5 0 -1 1.26681e-5 0 1 -0.7071003 0.7071134 0 0.7071889 -0.7070246 0 0.7084996 0.7057111 5.62833e-4 0.7086037 0.7056068 0 0.7077912 0.7064218 0 0.7071818 0.7070319 0 -0.7069389 -0.7072747 0 -0.7069391 -0.7072745 0 -0.7069386 -0.707275 0 0.137064 -0.1370676 0.9810332 -0.7070578 -0.7071558 0 -1.16079e-5 0 -1 0.04993951 0.04390418 -0.9977869 0.05323463 0.03984534 -0.9977868 0.05323767 -0.03984075 -0.9977868 2.17486e-5 0 1 0.7073025 -0.706911 0 0.7071288 0.7070848 0 -0.7072242 0.7069894 0 -0.7070937 -0.70712 0 0.7071068 -0.7071068 0 -0.7070546 0.7071591 0 -0.7070718 -0.7071418 0 0.7072107 0.7070028 0 0.7070596 0.707154 1.75045e-5 -0.7071017 -0.7071119 0 0.7071036 -0.70711 0 -0.7069426 0.707271 0 0.7072039 -0.7070097 0 -0.286983 -0.286949 0.9139481 0.7070306 -0.707183 0 -3.71691e-6 0 -1 2.24716e-5 0 -1 -0.7071227 0.7070909 0 -0.6362122 -0.6361502 0.436517 0.7070999 0.7071138 0 -0.05117505 -0.01812958 -0.9985252 -0.04601705 0.02880871 -0.9985252 -0.04505717 0.03028768 -0.9985252 -0.7070329 -0.7071806 -1.09403e-5 -0.7069399 -0.7072737 0 0.7071609 -0.7070528 0 0.7070737 -0.70714 0 0.7070041 -0.7072095 0 0.7070972 -0.7071163 0 0.7071561 -0.7070575 0 0.7070096 -0.7072041 0 0.7071759 -0.7070378 0 0.707183 -0.7070307 0 0.7070922 -0.7071214 0 0.7071186 -0.707095 0 0.7071566 -0.7070569 0 0.7071822 -0.7070314 0 0.7071308 -0.7070829 0 0.7071933 -0.7070203 0 0.7071265 -0.7070871 0 0.7071317 -0.7070819 0 0.7071737 -0.7070399 0 0.7071925 -0.7070212 0 0.707147 -0.7070667 0 0.707138 -0.7070757 0 0.7071852 -0.7070284 0 0.7072369 -0.7069767 0 -7.64278e-7 0 1 0.7071151 -0.7070985 0 -1.29011e-6 0 1 -6.45034e-7 0 1 0.7071133 0.7071003 0 -6.11563e-7 0 1 0.7071151 -0.7070984 0 6.11572e-7 0 1 0.7071068 -0.7071068 0 0.7070891 -0.7071245 0 0.7071333 -0.7070803 0 0.7070989 0.7071147 0 -0.7071028 -0.7071108 0 7.83647e-7 0 1 0.7071095 -0.7071042 0 0.7070889 -0.7071247 0 0.7070907 -0.7071229 0 0.7071275 -0.7070862 0 -0.7071019 -0.7071117 0 -0.7071003 -0.7071133 0 0.7071304 -0.7070832 0 0.7070917 -0.7071219 0 -0.7070985 0.7071151 0 0.7071068 -0.7071068 -8.32674e-6 0.707098 -0.7071157 0 0.7071863 -0.7070274 0 0.7070853 -0.7071282 0 0.7071157 -0.707098 0 -0.7071008 -0.7071128 0 -0.707112 -0.7071015 2.36918e-4 -0.7071018 -0.7071118 0 0.7071127 -0.7071009 0 0.7071521 -0.7070615 0 -0.7071151 0.7070985 0 0.7071297 -0.7070839 0 -0.7071272 0.7070865 6.23973e-5 0.7069294 -0.7072842 0 0.7070358 -0.7071777 2.60131e-4 -0.7071541 0.7070595 -4.73139e-5 0.7068019 -0.7074116 0 0.7072355 -0.7069782 1.40348e-4 0.7072641 -0.7069495 3.75079e-5 0.7072915 -0.7069221 2.15064e-4 0.7069885 -0.707225 0 0.7072851 -0.7069285 0 0.7072851 -0.7069285 0 0.7072851 -0.7069285 0 0.707185 -0.7070285 0 0.7073651 -0.7068484 0 0.7070004 -0.7072132 0 0.7070809 -0.7071328 0 0.7069755 -0.707238 -1.39684e-4 0.7072998 -0.7069137 0 -0.7074061 0.7068068 8.57359e-4 -0.7080777 0.7061346 1.93119e-4 -0.7077087 0.7065035 -0.00109589 0.7068414 -0.7073722 0 -0.7071719 0.7070417 0 -0.7070742 0.7071394 0 -0.7071229 0.7070907 0 0.706752 -0.7074614 0 0.706684 -0.7075294 0 0.7070654 -0.7071483 -2.00724e-4 0.7071587 -0.7070549 0 0.7069929 -0.7072207 0 0.7071741 -0.7070395 0 -0.7068841 0.7073295 0 -0.7068842 0.7073295 0 -0.706884 0.7073296 0 0.707206 -0.7070075 0 -0.7072004 0.7070132 0 -0.7067728 0.7074407 0 0.7069976 -0.707216 0 -0.7070862 0.7071275 0 0.7071674 -0.7070462 0 0.7071672 -0.7070463 0 0.7071672 -0.7070463 -1.92988e-7 -0.7070689 0.7071447 0 0.707136 -0.7070775 0 -0.7074423 0.7067711 0 0.7070834 -0.7071302 0 0.7067692 -0.7074443 0 0.7071648 -0.7070488 0 -0.7066838 0.7075292 -6.71077e-4 -0.706684 0.7075294 0 -0.7066838 0.7075292 6.71026e-4 0.7071304 -0.7070831 0 0.7069346 -0.707279 0 0.7072997 -0.7069138 0 -0.7073272 0.7068864 0 -0.7073272 0.7068864 0 -0.7073272 0.7068864 0 0.7072355 -0.7069782 0 0.7070483 -0.7071653 0 -0.7070474 0.7071661 3.02072e-5 -0.706961 0.7072526 -4.32716e-4 -0.7071889 0.7070248 5.44127e-5 -0.7070834 0.7071302 0 0.7069469 -0.7072667 0 0.7070366 -0.7071771 0 0.7073652 -0.7068483 0 -0.7069976 0.707216 0 0.7069397 -0.7072739 0 0.7069395 -0.7072741 0 0.7069395 -0.7072741 -2.29732e-7 -0.7071831 0.7070304 -3.79997e-4 -0.707376 0.7068374 3.6211e-4 -0.7071831 0.7070304 3.80003e-4 -0.7073708 0.7068427 0 0.7067196 -0.7074939 0 0.7072175 -0.706996 0 0.7071499 -0.7070637 0 -0.7073733 0.7068402 0 0.7081869 -0.706025 0 0.7081865 -0.7060255 0 0.7081864 -0.7060256 0 0.7073308 -0.7068827 0 -0.7068893 0.7073242 0 -0.7073486 0.7068649 0 0.7071943 -0.7070192 0 -0.7067875 0.7074259 0 -0.7072339 0.7069797 0 -0.707907 0.7063056 0 0.7070206 -0.707193 0 0.7068023 -0.7074111 0 0.7075437 -0.7066696 0 0.707102 -0.7071116 0 0.7071018 -0.7071118 0 0.7071018 -0.7071118 -3.21622e-7 -0.7072228 0.7069908 0 -0.7070645 0.7071492 0 -0.7067948 0.7074186 0 -0.7071146 0.707099 -6.23984e-5 -0.7070444 0.7071692 0 0.7072867 -0.7069268 0 0.7076107 -0.7066025 -1.40256e-4 0.7076256 -0.7065876 0 0.7070268 -0.7071868 0 0.7069554 -0.7072582 0 -0.707621 0.7065922 0 0.7070617 -0.7071518 0 0.7070552 -0.7071584 0 0.7072563 -0.7069573 0 0.7071684 -0.7070452 0 -0.7071896 0.707024 0 -0.7073877 0.7068257 -5.02309e-4 0.7072369 -0.7069767 0 0.7070133 -0.7072004 0 0.7072727 -0.7069409 0 0.7069422 -0.7072713 1.0682e-4 0.7070357 -0.707178 -1.45055e-5 -0.7071248 0.7070888 0 0.7067216 -0.7074919 0 0.7069139 -0.7072997 0 -0.7072207 0.7069928 0 0.7069777 -0.7072359 0 -0.7066765 0.7075368 0 -0.7078877 0.706325 0 0.7069397 -0.7072739 0 0.7069395 -0.7072741 0 0.7069395 -0.7072741 0 0.707538 -0.7066754 0 0.7069797 -0.7072339 0 0.7068738 -0.7073389 0.001029849 0.7065588 -0.7076544 0 0.7070617 -0.7071519 0 0.70721 -0.7070036 0 0.7070704 -0.7071432 2.71347e-4 0.7069727 -0.7072409 0 0.7071437 -0.7070699 -1.10148e-4 0.7074735 -0.7067399 0 -0.7072516 0.7069621 0 -0.7071213 0.7070924 0 -0.7076789 0.7065339 6.7994e-4 -0.7083123 0.705899 5.62846e-4 -0.7080541 0.7061577 -8.62912e-4 -0.707058 0.7071557 0 -0.7072164 0.7069972 0 0.707216 -0.7069976 0 -0.707441 0.7067725 0 0.7069508 -0.7072628 0 0.707147 -0.7070666 0 0.706898 -0.7073156 0 0.7070899 -0.7071238 0 0.7071171 -0.7070965 5.34384e-5 -0.7068719 0.7073415 3.6854e-4 -0.7070848 0.7071288 0 -0.7070892 0.7071242 -4.76162e-4 0.7068091 -0.7074044 0 -0.7073782 0.7068352 6.38582e-4 -0.7080544 0.706158 0 -0.7077541 0.7064585 -7.51088e-4 -0.7071573 0.7070564 0 -0.7073417 0.7068719 -1.03279e-4 -0.7072739 0.7069396 0 0.7068226 -0.7073909 0 -0.7070275 0.7071827 -0.002183735 -0.7078792 0.7063313 0.001799643 -0.7070276 0.7071826 0.002183616 -0.7069118 0.7073017 0 0.7070832 -0.7071304 0 -0.7069531 0.7072605 0 0.7065791 -0.7076341 1.15992e-4 0.7065644 -0.7076487 0 0.7070717 -0.7071419 0 0.7069381 -0.7072755 0 0.7070122 -0.7072014 4.72981e-5 0.7069232 -0.7072904 0 0.7070207 -0.7071928 0 0.7071896 -0.707024 0 0.7070722 -0.7071415 0 0.7070877 -0.707126 1.20827e-4 0.7070768 -0.7071369 0 0.7074156 -0.7067978 0 -0.7079228 0.7062895 7.82866e-4 -0.7076666 0.7065465 0 0.706604 -0.7076094 0 -0.7070654 0.7071482 0 -0.7070091 0.7072045 0 -0.7071309 0.7070827 0 0.7071423 -0.7070713 0 0.7071245 -0.7070891 2.50356e-4 0.7071557 -0.707058 0 0.7070203 -0.7071933 0 -0.7074887 0.7067247 0 -0.7074887 0.7067247 0 -0.7074887 0.7067247 0 0.7071961 -0.7070175 0 -0.7072082 0.7070054 0 0.7068729 -0.7073407 0 -0.7070758 0.7071377 0 0.7073012 -0.7069124 0 0.7073012 -0.7069123 0 0.7073011 -0.7069125 0 -0.7068793 0.7073342 0 0.7068023 -0.7074112 2.45263e-4 0.7071068 -0.7071068 4.67663e-5 0.7070264 -0.7071872 0 0.7070552 -0.7071583 0 -0.7069902 0.7072232 -5.42848e-4 -0.7072694 0.7069441 0 0.7070012 -0.7072123 0 0.7070012 -0.7072123 0 0.7070012 -0.7072123 0 0.7069568 -0.7072568 0 -0.707208 0.7070056 0 0.707446 -0.7067674 4.67934e-5 0.7070717 -0.7071419 4.67686e-5 -0.7073071 0.7069064 0 -0.7074975 0.7067159 2.00124e-4 -0.7070336 0.70718 -6.23836e-5 0.7070453 -0.7071683 0 0.7067948 -0.7074186 0 0.707279 -0.7069345 0 -0.7071224 0.7070912 0 -0.7067342 0.7074791 -4.53701e-4 -0.7069531 0.7072603 -5.19711e-4 -0.7069531 0.7072604 5.19716e-4 -0.7072387 0.7069748 0 0.7074081 -0.7068054 0 0.706999 -0.7072145 0 -0.7070878 0.7071259 0 0.7076927 -0.7065204 0 0.7076568 -0.7065564 0 -0.7069966 0.707217 0 -0.7069966 0.707217 0 -0.7069966 0.707217 0 -0.7072716 0.7069419 0 0.7071776 -0.707036 0 0.7071776 -0.707036 0 0.7071776 -0.7070361 0 0.7073531 -0.70686 -7.23384e-4 0.7076307 -0.7065826 0 -0.7072255 0.7069881 0 -0.7074534 0.7067599 0 0.7071498 -0.7070637 0 0.7071498 -0.7070637 0 0.7071498 -0.7070639 0 0.7070801 -0.7071334 0 -0.7073356 0.7068779 0 -0.7071146 0.707099 6.23984e-5 -0.7071614 0.7070522 0 0.7070168 -0.7071967 0 0.7073178 -0.7068957 2.20431e-4 0.7070535 -0.7071601 0 0.7070766 -0.7071371 0 0.7073124 -0.7069011 0 0.7069413 -0.7072724 0 0.7070842 -0.7071293 2.25373e-5 0.7070488 -0.7071648 0 0.7072044 -0.7070092 0 0.7070276 -0.7071859 0 -0.7071778 0.7070358 0 0.7070477 -0.7071659 4.72957e-5 0.7071626 -0.7070509 1.42182e-4 0.7071626 -0.707051 1.42359e-4 0.7071627 -0.707051 1.42367e-4 0.7072588 -0.7069547 7.01715e-5 0.7072922 -0.7069214 5.85458e-5 0.7067472 -0.7074662 0 0.7070296 -0.707184 0 -0.7071394 0.7070742 0 0.7072164 -0.7069972 0 -0.7073651 0.7068484 0 -0.7073345 0.706879 0 0.7071413 -0.7070723 0 0.7071413 -0.7070723 2.29725e-7 0.7071412 -0.7070725 0 0.707193 -0.7070206 0 0.7072508 -0.7069627 0 0.7063213 -0.7078914 0 0.7070923 -0.7071213 0 0.7070449 -0.7071687 0 0.7067059 -0.7075076 0 0.7066182 -0.707595 3.33589e-4 0.7064964 -0.7077167 0 -0.7073883 0.7068252 0 -0.7078409 0.7063713 9.28015e-4 -0.7077107 0.7065019 -8.59256e-4 -0.7077106 0.7065019 8.59251e-4 -0.7071557 0.707058 0 0.7070912 -0.7071224 0 0.7070678 -0.7071458 0 0.7070983 -0.7071152 0 0.7067276 -0.7074857 0 0.7067276 -0.7074857 2.29772e-7 0.7067276 -0.7074857 0 -0.7071658 0.7070477 4.66175e-4 -0.707087 0.7071266 0 0.7069694 -0.7072442 0 -0.7078257 0.7063866 8.46851e-4 -0.7077097 0.7065035 0 -0.7071213 0.7070924 0 -0.7073701 0.7068434 0 -0.7072635 0.7069501 0 0.7069573 -0.7072563 5.41261e-5 0.7069573 -0.7072563 5.4145e-5 0.7069573 -0.7072563 5.41507e-5 -0.7064082 0.7078025 -0.001752138 -0.7072389 0.7069716 -0.00210905 -0.7072389 0.7069716 0.00210911 0.7072245 -0.7069891 3.32385e-5 -0.7071095 0.707104 -5.4754e-5 0.7071337 -0.7070798 0 0.7070327 -0.7071809 0 0.7072189 -0.7069947 0 -0.7071202 0.7070934 0 0.7071288 -0.7070848 0 0.7071054 0.7071083 -5.1194e-5 0.7071146 -0.7070991 -1.86026e-5 -0.7071104 0.7071031 -4.92785e-5 0.707283 -0.7069306 0 -0.7071148 0.7070987 0 0.7071111 0.7071025 -6.39927e-5 -0.7071175 0.707096 0 1.16995e-5 0 1 -0.379474 0.3794935 0.8437916 -1.17103e-5 0 1 0.3792954 -0.3792662 0.8439742 -5.34588e-5 0 1 0.3793231 -0.3792744 0.8439579 -0.3793451 0.3793414 0.843918 5.34645e-5 0 1 -0.3793687 0.3793979 0.8438819 -0.3796536 -0.3795652 0.8436785 0.3795298 0.3794372 0.8437919 -0.3792272 0.3792147 0.8440278 5.50115e-5 0 1 4.6075e-5 0 1 0.3795658 -0.3795463 0.8437266 2.99964e-5 0 1 0.3794215 -0.3794002 0.843857 -0.3793611 0.3793448 0.8439092 -0.3794686 -0.3794848 0.8437979 0.3795375 0.3795465 0.8437393 0.3792105 0.379306 0.8439944 -0.3794478 0.3794673 0.8438152 -4.22874e-5 0 1 3.52861e-6 0 1 -5.35303e-5 0 1 -0.379445 0.3793993 0.8438469 -0.379445 0.3793994 0.8438469 -0.379445 0.3793994 0.8438469 0.3794574 -0.3795037 0.8437945 6.68325e-5 0 1 0.3793722 -0.3793832 0.8438869 -0.3794866 0.3794963 0.8437846 -2.84402e-5 0 1 -1.23381e-5 0 1 0.379495 -0.3795276 0.8437668 0.3794631 -0.3794631 0.8438102 -5.50418e-5 0 1 -0.4837527 -0.8752048 0 0.7212674 -0.6926562 9.50757e-4 0.720265 -0.693697 0.001683354 0.7197246 -0.6942598 7.88172e-7 0.7201522 -0.6938162 0 0.7202463 -0.6937185 0 0.7201918 -0.693775 0 0.7185781 -0.6954463 0 -0.4837473 -0.8752078 0 0.7213076 -0.6926141 0.00110048 0.7205909 -0.6933606 0 0.7197667 -0.694216 5.2115e-4 0.7201171 -0.6938527 0 0.7202481 -0.6937167 0 0.7202292 -0.6937363 0 0.7185863 -0.6954379 0</float_array>
          <technique_common>
            <accessor source="#Plane_057-mesh-normals-array" count="592" stride="3">
              <param name="X" type="float"/>
              <param name="Y" type="float"/>
              <param name="Z" type="float"/>
            </accessor>
          </technique_common>
        </source>
        <source id="Plane_057-mesh-map-0">
          <float_array id="Plane_057-mesh-map-0-array" count="4172">0.1523837 0.570361 0.3974943 0.5559638 0.3974943 0.5703608 0.5817049 0.5683712 0.7533061 0.5582684 0.7389194 0.5683713 0.425138 0.5583253 0.7835962 0.5678141 0.4116259 0.5678141 0.5817049 0.5582684 0.7533061 0.5683713 0.5673182 0.5683713 0.4251389 0.5678141 0.7835962 0.5583247 0.7700842 0.5678135 0.5710321 0.2150577 -0.001298487 0.1420102 0.5710539 0.1420102 0.4788826 0.2138 0.5249616 0.1420379 0.5249616 0.2138006 0.5449769 0.4312312 -0.9400699 0.520452 -0.9400699 0.4312312 1.175218 0.3414096 1.325582 0.3925468 1.175218 0.4295492 0.6289652 0.3402842 0.5317509 0.3933774 0.5317509 0.3402842 0.5817049 0.5683712 0.5673182 0.5582684 0.7533061 0.5582684 0.425138 0.5583253 0.7700832 0.5583247 0.7835962 0.5678141 0.5817049 0.5582684 0.7389194 0.5582684 0.7533061 0.5683713 0.4251389 0.5678141 0.4116259 0.5583247 0.7835962 0.5583247 -0.1403446 0.341439 0.452557 0.4292905 -0.2465867 0.4292908 0.4283519 0.2138004 0.4788826 0.1420374 0.4788826 0.2138 0.5331227 0.5274274 0.5807331 0.5274264 0.549485 0.5611623 0.4887572 0.5751758 0.4887571 0.5269664 0.4571165 0.5611261 0.5602143 0.528614 0.5248469 0.5613753 0.5602142 0.5751758 0.549485 0.5611623 0.5807331 0.5274264 0.5807332 0.5750378 0.5331227 0.5274274 0.5807331 0.5274264 0.549485 0.5611623 0.4887572 0.5751758 0.4887571 0.5269664 0.4571165 0.5611261 0.3185067 0.4393007 0.283913 0.502835 0.283913 0.4393019 0.5602143 0.528614 0.5248469 0.5613753 0.5602142 0.5751758 0.549485 0.5611623 0.5807331 0.5274264 0.5807332 0.5750378 -0.02662158 0.3156998 -0.02662158 0.3406306 0.1423909 0.3406306 0.1423909 0.3406306 -0.02662158 0.3406306 -0.02662158 0.3156998 -0.02662158 0.3156998 -0.02662158 0.3406306 0.1423909 0.3406306 0.1423909 0.3406306 -0.02662158 0.3406306 -0.02662158 0.3156998 -1.577623 0.8517714 -2.493707 0.8914331 -2.45406 0.8517662 -1.488339 0.8517664 -0.2537497 0.8914282 -1.528001 0.8914282 -3.419726 0.8914282 -2.503662 0.8517665 -2.543319 0.8914234 0.05275064 0.3156998 -0.07322347 0.3156998 -0.07322347 0.3406306 -0.02957797 0.3156998 -0.0707786 0.3156998 -0.0707786 0.3406306 0.4350402 0.7877609 2.140063 0.7190508 2.140063 0.7877609 0.6163366 0.5750378 0.5807331 0.5274264 0.6163365 0.5274264 0.1959159 0.3406306 0.1959159 0.3156998 0.1423909 0.3406306 0.1959159 0.3156998 -0.02662158 0.3156998 0.1423909 0.3406306 -0.02662158 0.3156998 0.1959159 0.3156998 0.1423909 0.3406306 0.1959159 0.3156998 0.1959159 0.3406306 0.1423909 0.3406306 0.1959159 0.3406306 0.1959159 0.3156998 0.1423909 0.3406306 0.1959159 0.3156998 -0.02662158 0.3156998 0.1423909 0.3406306 -0.02662158 0.3156998 0.1959159 0.3156998 0.1423909 0.3406306 0.1959159 0.3156998 0.1959159 0.3406306 0.1423909 0.3406306 -0.2041275 0.8914138 1.030474 0.8517665 0.9908124 0.8914285 -0.07322347 0.3406306 0.1787207 0.3406306 0.05275064 0.3156998 0.1787207 0.3406306 0.1787207 0.3156998 0.05275064 0.3156998 -0.0707786 0.3406306 0.1567575 0.3406306 0.04298943 0.3156998 0.1567575 0.3406306 0.1567575 0.3156998 0.1155524 0.3156998 0.04298943 0.3156998 0.1567575 0.3406306 0.1155524 0.3156998 0.04298943 0.3156998 -0.02957797 0.3156998 -0.0707786 0.3406306 0.7577195 0.5559636 0.8728342 0.570361 0.7577195 0.5703608 0.1959159 0.3406306 -0.02662158 0.3156998 -0.02662158 0.3406306 0.3974943 0.5559638 0.512609 0.570361 0.3974943 0.5703608 0.8344159 0.3414437 0.459658 0.4292973 0.4596588 0.3414459 0.5249616 0.1420379 0.5729447 0.213802 0.5249616 0.2138006 0.466427 0.7877609 -0.8123751 0.7190508 -0.8123751 0.7877609 -0.001298487 0.2150577 0.5710842 0.1420102 0.5710539 0.2150577 0.3185067 0.4393007 0.283913 0.502835 0.283913 0.4393019 0.5845062 0.3156998 0.2013493 0.3406306 0.5845062 0.3406306 -0.1125085 0.4024907 0.3380011 0.3376786 0.3380019 0.4024969 0.5249616 0.1420379 0.5729447 0.213802 0.5249616 0.2138006 0.2553017 0.316566 0.1919884 0.3376924 0.1919844 0.316566 -0.001268327 0.2150577 0.5711061 0.1420102 0.5710842 0.2150577 -0.001246333 0.2150577 0.5711363 0.1420102 0.5711061 0.2150577 -0.001320362 0.2150577 0.5710539 0.1420102 0.5710321 0.2150577 0.4019164 0.3165379 0.2553057 0.3376975 0.2553017 0.316566 0.425883 0.7877609 1.704684 0.7190508 1.704684 0.7877609 0.2826821 0.7877609 -1.42234 0.7190508 -1.42234 0.7877609 -0.004303157 0.3406306 0.2182345 0.3156998 0.2182345 0.3406306 0.5248076 0.5269664 0.4887572 0.5751758 0.5248078 0.5751758 -0.001298487 0.2150577 0.5710842 0.1420102 0.5710539 0.2150577 0.3139824 0.31656 0.4596446 0.3375827 0.3139764 0.3375409 0.5711363 0.1420102 -0.001246333 0.2150577 -0.001216173 0.1420102 -0.1932243 0.315635 0.3380011 0.3376786 -0.1932281 0.3376784 0.8893851 0.4312312 2.374432 0.520452 2.374432 0.4312312 0.6730018 0.4312312 2.697812 0.520452 2.697812 0.4312312 0.5248076 0.5269664 0.4887572 0.5751758 0.5248078 0.5751758 0.6163366 0.5750378 0.5807331 0.5274264 0.6163365 0.5274264 0.4788826 0.2138 0.5249616 0.1420379 0.5249616 0.2138006 0.5711061 0.1420102 -0.001268327 0.2150577 -0.001246333 0.1420102 -0.3827699 0.3393537 1.38277 0.4271577 -0.3827696 0.4271567 0.2075709 0.31656 0.3139764 0.3375409 0.2075749 0.337549 0.8683519 0.4312312 -1.156451 0.520452 -1.156451 0.4312312 0.4283519 0.1420378 0.4788826 0.2138 0.4283519 0.2138004 0.7577195 0.5703608 0.512609 0.5559637 0.7577195 0.5559636 0.3608926 0.3414096 -0.6841771 0.4295485 -0.6841771 0.3414096 1.175218 0.4295492 0.3608926 0.3414096 1.175218 0.3414096 -0.2580415 0.4183976 -0.6090577 0.3376783 -0.1932281 0.3376784 -0.6090539 0.3156352 -0.1932281 0.3376784 -0.6090577 0.3376783 0.04536479 0.3165957 0.1919884 0.3376924 0.0453689 0.3377207 0.2075749 0.337549 0.06190574 0.3165909 0.2075709 0.31656 0.1523837 0.570361 0.1523837 0.5559636 0.3974943 0.5559638 0.5710321 0.2150577 -0.001320362 0.2150577 -0.001298487 0.1420102 0.4788826 0.2138 0.4788826 0.1420374 0.5249616 0.1420379 0.5449769 0.4312312 0.5449769 0.520452 -0.9400699 0.520452 1.175218 0.3414096 1.325582 0.3414096 1.325582 0.3925468 0.6289652 0.3402842 0.6289652 0.4317918 0.5317509 0.3933774 -0.1403446 0.341439 0.452558 0.3414391 0.452557 0.4292905 0.4283519 0.2138004 0.4283519 0.1420378 0.4788826 0.1420374 0.3185067 0.4393007 0.3185068 0.5028339 0.283913 0.502835 -1.577623 0.8517714 -1.537956 0.8914332 -2.493707 0.8914331 -1.488339 0.8517664 -0.2934065 0.8517711 -0.2537497 0.8914282 -3.419726 0.8914282 -3.459388 0.8517662 -2.503662 0.8517665 0.4350402 0.7877609 0.4350402 0.7190508 2.140063 0.7190508 0.6163366 0.5750378 0.5807332 0.5750378 0.5807331 0.5274264 -0.2041275 0.8914138 -0.2437944 0.8517668 1.030474 0.8517665 0.7577195 0.5559636 0.8728342 0.5559637 0.8728342 0.570361 0.1959159 0.3406306 0.1959159 0.3156998 -0.02662158 0.3156998 0.3974943 0.5559638 0.512609 0.5559637 0.512609 0.570361 0.8344159 0.3414437 0.903621 0.4292972 0.459658 0.4292973 0.5249616 0.1420379 0.5729449 0.1420392 0.5729447 0.213802 0.466427 0.7877609 0.466427 0.7190508 -0.8123751 0.7190508 -0.001298487 0.2150577 -0.001268327 0.1420102 0.5710842 0.1420102 0.3185067 0.4393007 0.3185068 0.5028339 0.283913 0.502835 0.5845062 0.3156998 0.2013538 0.3156998 0.2013493 0.3406306 -0.1125085 0.4024907 -0.1932281 0.3376784 0.3380011 0.3376786 0.5249616 0.1420379 0.5729449 0.1420392 0.5729447 0.213802 0.2553017 0.316566 0.2553057 0.3376975 0.1919884 0.3376924 -0.001268327 0.2150577 -0.001246333 0.1420102 0.5711061 0.1420102 -0.001246333 0.2150577 -0.001216173 0.1420102 0.5711363 0.1420102 -0.001320362 0.2150577 -0.001298487 0.1420102 0.5710539 0.1420102 0.4019164 0.3165379 0.4019204 0.3376694 0.2553057 0.3376975 0.425883 0.7877609 0.425883 0.7190508 1.704684 0.7190508 0.2826821 0.7877609 0.2826821 0.7190508 -1.42234 0.7190508 -0.004303157 0.3406306 -0.004303157 0.3156998 0.2182345 0.3156998 0.5248076 0.5269664 0.4887571 0.5269664 0.4887572 0.5751758 -0.001298487 0.2150577 -0.001268327 0.1420102 0.5710842 0.1420102 0.3139824 0.31656 0.4596506 0.3166019 0.4596446 0.3375827 0.5711363 0.1420102 0.5711061 0.2150577 -0.001246333 0.2150577 -0.1932243 0.315635 0.338005 0.3156349 0.3380011 0.3376786 0.8893851 0.4312312 0.8893851 0.520452 2.374432 0.520452 0.6730018 0.4312312 0.6730018 0.520452 2.697812 0.520452 0.5248076 0.5269664 0.4887571 0.5269664 0.4887572 0.5751758 0.6163366 0.5750378 0.5807332 0.5750378 0.5807331 0.5274264 0.4788826 0.2138 0.4788826 0.1420374 0.5249616 0.1420379 0.5711061 0.1420102 0.5710842 0.2150577 -0.001268327 0.2150577 -0.3827699 0.3393537 1.38277 0.3393558 1.38277 0.4271577 0.2075709 0.31656 0.3139824 0.31656 0.3139764 0.3375409 0.8683519 0.4312312 0.8683519 0.520452 -1.156451 0.520452 0.4283519 0.1420378 0.4788826 0.1420374 0.4788826 0.2138 0.7577195 0.5703608 0.512609 0.570361 0.512609 0.5559637 0.3608926 0.3414096 0.3608926 0.4295492 -0.6841771 0.4295485 1.175218 0.4295492 0.3608926 0.4295492 0.3608926 0.3414096 -0.2580415 0.4183976 -0.609057 0.4184018 -0.6090577 0.3376783 -0.6090539 0.3156352 -0.1932243 0.315635 -0.1932281 0.3376784 0.04536479 0.3165957 0.1919844 0.316566 0.1919884 0.3376924 0.2075749 0.337549 0.06190979 0.337577 0.06190574 0.3165909 0.6047221 0.8469615 0.6391468 0.8096216 0.6391468 0.8469615 0.6390892 0.8113049 0.6033903 0.7174594 0.6390892 0.7174594 0.842227 0.1840007 0.92443 0.3789905 0.8422269 0.3789904 0.6401652 0.8469615 0.6037037 0.8096216 0.6401652 0.8096216 0.4696814 0.6796477 0.6049761 0.5340201 0.6049761 0.6796477 0.6052854 0.6797281 0.4693722 0.6296914 0.6052854 0.6296914 0.6047221 0.8469615 0.6391468 0.8096216 0.6391468 0.8469615 0.6882338 0.5304515 0.7640939 0.3798816 0.7640939 0.5304515 0.6401652 0.8469615 0.6037037 0.8096216 0.6401652 0.8096216 0.8414656 0.3812004 0.7654378 0.5293874 0.7654378 0.3812004 0.4696814 0.6796477 0.6049761 0.5340201 0.6049761 0.6796477 0.6052854 0.6797281 0.4693722 0.6296914 0.6052854 0.6296914 0.6390892 0.8113049 0.6033903 0.7174594 0.6390892 0.7174594 0.924906 0.1840008 0.842703 0.3789906 0.9249063 0.3789905 0.6047221 0.8469615 0.6047221 0.8096216 0.6391468 0.8096216 0.6390892 0.8113049 0.6033903 0.8113049 0.6033903 0.7174594 0.842227 0.1840007 0.9244303 0.1840008 0.92443 0.3789905 0.6401652 0.8469615 0.6037037 0.8469615 0.6037037 0.8096216 0.4696814 0.6796477 0.4696814 0.5340201 0.6049761 0.5340201 0.6052854 0.6797281 0.4693722 0.6797281 0.4693722 0.6296914 0.6047221 0.8469615 0.6047221 0.8096216 0.6391468 0.8096216 0.6882338 0.5304515 0.6882338 0.3798816 0.7640939 0.3798816 0.6401652 0.8469615 0.6037037 0.8469615 0.6037037 0.8096216 0.8414656 0.3812004 0.8414657 0.5293874 0.7654378 0.5293874 0.4696814 0.6796477 0.4696814 0.5340201 0.6049761 0.5340201 0.6052854 0.6797281 0.4693722 0.6797281 0.4693722 0.6296914 0.6390892 0.8113049 0.6033903 0.8113049 0.6033903 0.7174594 0.924906 0.1840008 0.8427028 0.1840008 0.842703 0.3789906 2.879967 0.9029455 0.6663818 2.526429 0.6663895 0.902936 2.150848 0.7099552 0.9592285 2.239333 0.9592362 0.7099485 2.879967 0.9029455 2.879951 2.526439 0.6663818 2.526429 2.150848 0.7099552 2.150848 2.239339 0.9592285 2.239333 1.542374 0.8499241 0.5493622 3.398888 0.5493698 0.8499127 0.6965103 0.493578 -0.1642073 4.117027 -0.164215 0.493578 0.5423737 0.3457456 -0.4506378 0.5763373 0.5423737 0.5763373 0.3357926 4.117027 -0.4802475 0.493578 0.3357849 0.493578 0.5572357 0.493578 -0.3034668 4.117027 -0.3034897 0.493578 0.3733139 4.117027 -0.4427643 0.493578 0.373291 0.493578 -5.548945 0.3457458 -0.4506378 0.5763373 -0.4506378 0.3457456 1.542374 0.8499241 1.542374 3.398897 0.5493622 3.398888 0.6965103 0.493578 0.6965332 4.117027 -0.1642073 4.117027 0.5423737 0.3457456 -0.4506378 0.3457456 -0.4506378 0.5763373 0.3357926 4.117027 -0.4802322 4.117027 -0.4802475 0.493578 0.5572357 0.493578 0.5572586 4.117027 -0.3034668 4.117027 0.3733139 4.117027 -0.4427414 4.117027 -0.4427643 0.493578 -5.548945 0.3457458 -5.548945 0.5763375 -0.4506378 0.5763373 0.545105 1.256872 1.107666 0.9768725 0.545105 0.9768725 0.01864624 1.256872 -0.9767761 0.9768725 -0.9767761 1.256872 1.023224 0.9768725 0.6907044 1.256872 1.023224 1.256872 0.1315269 0.6906839 -3.463011 0.1656837 -3.463011 0.6906839 0.7168579 0.3843794 6.224686 1.41714 6.224701 0.3843918 0.537014 0.6906839 4.131546 0.1656837 4.131546 0.6906839 6.21373 0.537014 0.9051209 4.131527 0.9051361 0.5369892 0.2137145 0.5953419 -5.094879 0.3328419 -5.094879 0.5953419 0.01864624 0.9768725 -0.9767761 0.5568724 -0.9767761 0.9768725 0.02322369 0.2068719 1.018646 0.5568724 1.018646 0.2068719 2.109604 0.482842 0.3017731 0.8328419 2.109604 0.8328419 0.5584564 0.2068719 -3.010107 0.5568724 -3.010107 0.2068719 4.558456 1.256872 0.989893 0.9768725 4.558456 0.9768725 0.989893 -0.1159563 4.558456 0.2068719 0.989893 0.2068719 0.989893 0.9768725 4.558456 0.5568724 4.558456 0.9768725 0.3017731 0.307842 2.109604 0.482842 2.109604 0.307842 0.1076337 0.02998161 0.6907044 0.2568722 0.6907032 0.02998167 -9.521285 0.5763376 -5.548945 0.3457458 -9.521285 0.3457459 0.6907044 -0.793128 0.1076337 0.02998161 0.6907032 0.02998167 0.545105 1.256872 1.107666 1.256872 1.107666 0.9768725 0.01864624 1.256872 0.01864624 0.9768725 -0.9767761 0.9768725 1.023224 0.9768725 0.6907044 0.9768725 0.6907044 1.256872 0.1315269 0.6906839 0.1315269 0.1656837 -3.463011 0.1656837 0.7168579 0.3843794 0.7168427 1.417128 6.224686 1.41714 0.537014 0.6906839 0.537014 0.1656837 4.131546 0.1656837 6.21373 0.537014 6.213715 4.131546 0.9051209 4.131527 0.2137145 0.5953419 0.2137145 0.3328419 -5.094879 0.3328419 0.01864624 0.9768725 0.01864624 0.5568724 -0.9767761 0.5568724 0.02322369 0.2068719 0.02322369 0.5568724 1.018646 0.5568724 2.109604 0.482842 0.3017731 0.482842 0.3017731 0.8328419 0.5584564 0.2068719 0.5584564 0.5568724 -3.010107 0.5568724 4.558456 1.256872 0.989893 1.256872 0.989893 0.9768725 0.989893 -0.1159563 4.558456 -0.1159563 4.558456 0.2068719 0.989893 0.9768725 0.989893 0.5568724 4.558456 0.5568724 0.3017731 0.307842 0.3017731 0.482842 2.109604 0.482842 0.1076337 0.02998161 0.1076354 0.2568722 0.6907044 0.2568722 -9.521285 0.5763376 -5.548945 0.5763375 -5.548945 0.3457458 0.6907044 -0.793128 0.1076354 -0.793128 0.1076337 0.02998161 0.5443291 0.7811635 0.5623583 0.8055043 0.5623583 0.7811627 0.741556 0.9788429 0.7526822 0.9648715 0.7526822 0.9788429 0.7793709 0.9580048 0.7651543 0.9440339 0.7793709 0.9440334 0.7793709 0.9440334 0.7651543 0.9580048 0.7793709 0.9580048 0.5033373 0.9788429 0.5170531 0.9648715 0.5170531 0.9788429 0.5414688 0.9788429 0.5285037 0.9648719 0.5414688 0.9648715 0.6473053 0.9788429 0.6614063 0.9648715 0.6614063 0.9788429 0.6905076 0.9648715 0.6762909 0.9788429 0.6762909 0.9648719 0.503447 0.9788429 0.5168632 0.9648715 0.5168632 0.9788429 0.698042 0.7462647 0.6643553 0.6406283 0.698042 0.6406283 0.958097 0.9966418 0.9778823 0.9739173 0.9778823 0.9966418 0.6762909 0.9788429 0.6905076 0.9648715 0.6905076 0.9788429 0.6086783 0.881598 0.6251214 0.8453767 0.6251214 0.881598 0.8995299 0.9998975 0.9210169 0.9706615 0.9210169 0.9998975 0.958097 0.9637697 0.9778823 0.9410451 0.958097 0.9410459 0.5552909 0.9788429 0.5661381 0.9648715 0.5661381 0.9788429 0.6198486 0.6982062 0.7391045 0.6421987 0.7391045 0.6982063 0.0846824 0.7199741 0.1180838 0.7041149 0.0846824 0.7041155 0.8243015 0.881598 0.8457816 0.8453767 0.8243015 0.845378 0.6762909 0.9788429 0.6905076 0.9648715 0.6905076 0.9788429 0.8460618 0.9999493 0.8769054 0.9547121 0.8769054 0.9999493 0.1332855 0.7121629 0.1666869 0.6963036 0.1666869 0.7121629 0.8195508 0.956074 0.8558193 0.9285128 0.8558193 0.956074 0.958097 0.9964269 0.9778823 0.9737023 0.958097 0.9737032 0.6213128 0.7473177 0.7398439 0.6380592 0.7398439 0.7473177 0.7660579 0.8055043 0.7840871 0.7811627 0.7660579 0.7811635 0.920539 0.966049 0.9408892 0.9368129 0.920539 0.936814 0.7660579 0.8055043 0.7840871 0.7811627 0.7840871 0.8055043 0.6213128 0.7473177 0.7398439 0.6380592 0.6213128 0.6380632 0.5037711 0.9790647 0.5168064 0.9632512 0.5168064 0.9790647 0.6907469 0.9788429 0.7023387 0.9648715 0.6907469 0.9648719 0.6233905 0.9648719 0.6362245 0.9788429 0.6233905 0.9788429 0.8400681 0.8055043 0.85711 0.7811627 0.8400681 0.7811635 0.5414688 0.9648715 0.5285037 0.9788429 0.5285037 0.9648719 0.7527999 0.8818556 0.7674735 0.8456344 0.7674735 0.8818556 0.6213128 0.7473177 0.7398439 0.6380592 0.7398439 0.7473177 0.8460618 0.9999493 0.8769054 0.9547121 0.8460618 0.9547137 0.7651543 0.9580048 0.7793709 0.9440334 0.7793709 0.9580048 0.6086783 0.9256852 0.6251214 0.8894639 0.6251214 0.9256852 0.5060834 0.8055043 0.5260224 0.7811627 0.5260224 0.8055043 0.5033373 0.9788429 0.5170531 0.9648715 0.5170531 0.9788429 0.6473053 0.9788429 0.6614063 0.9648715 0.6473053 0.9648719 0.5414688 0.9648715 0.5285037 0.9788429 0.5285037 0.9648719 0.7296877 0.9648715 0.7167226 0.9788429 0.7167226 0.9648719 0.5033373 0.9648719 0.5170531 0.9788429 0.5170531 0.9648715 0.5251792 0.7811627 0.50715 0.8055043 0.5251792 0.8055043 0.8226913 0.8055043 0.8404126 0.7811627 0.8404126 0.8055043 0.8570173 0.8055043 0.8740593 0.7811627 0.8740593 0.8055043 0.8561012 0.8055043 0.8738225 0.7811627 0.8738225 0.8055043 0.5620985 0.8055043 0.5801277 0.7811627 0.5620985 0.7811635 0.8995299 0.9998975 0.9210169 0.9706615 0.9210169 0.9998975 0.8460618 0.9999493 0.8769054 0.9547121 0.8460618 0.9547137 0.5399298 0.8818556 0.5531946 0.8456344 0.5399298 0.8456356 0.958097 0.9638782 0.9778823 0.9411535 0.9778823 0.9638782 0.7176432 0.8055043 0.741222 0.7811627 0.741222 0.8055043 0.958097 0.9966418 0.9778823 0.9739173 0.9778823 0.9966418 0.6473053 0.9788429 0.6614063 0.9648715 0.6473053 0.9648719 0.8460618 0.9999493 0.8769054 0.9547121 0.8769054 0.9999493 0.17171 0.8717492 0.1918925 0.8485683 0.1918925 0.8717492 0.7297835 0.9788429 0.7414004 0.9648715 0.7297835 0.9648719 0.3173027 0.6486347 0.3479462 0.6290169 0.3173027 0.6290177 0.958097 0.9637697 0.9778823 0.9410451 0.9778823 0.9637697 0.958097 0.9637697 0.9778823 0.9410451 0.9778823 0.9637697 0.652119 0.8055043 0.6617867 0.7811627 0.652119 0.7811635 0.507352 0.9256852 0.5248621 0.8894639 0.507352 0.8894652 0.6897214 0.9790647 0.7027567 0.9632512 0.6897214 0.9632518 0.9777296 0.9635764 0.9975149 0.9408518 0.9975149 0.9635764 0.5552513 0.9788429 0.566183 0.9648715 0.566183 0.9788429 0.9393106 0.966049 0.9596608 0.9368129 0.9596608 0.966049 0.6231091 0.9790647 0.6361444 0.9632512 0.6361444 0.9790647 0.6627442 0.9788429 0.675222 0.9648715 0.6627442 0.9648719 0.507352 0.881598 0.5248621 0.8453767 0.507352 0.845378 0.50715 0.7811635 0.5251792 0.8055043 0.5251792 0.7811627 0.7629116 0.7811627 0.7448824 0.8055043 0.7629116 0.8055043 0.5620985 0.8055043 0.5801277 0.7811627 0.5620985 0.7811635 0.7413058 0.9788429 0.7529647 0.9648715 0.7529647 0.9788429 0.9197089 0.9998975 0.9411959 0.9706615 0.9411959 0.9998975 0.5561271 0.7502556 0.6202234 0.7068217 0.6202234 0.7502556 0.9393106 0.9985978 0.9596608 0.9693616 0.9393106 0.9693627 0.9393106 0.966049 0.9596608 0.9368129 0.9596608 0.966049 0.741556 0.9788429 0.7526822 0.9648715 0.7526822 0.9788429 0.741556 0.9788429 0.7526822 0.9648715 0.7526822 0.9788429 0.7409916 0.9648715 0.730276 0.9788429 0.730276 0.9648719 0.6213128 0.7473177 0.7398439 0.6380592 0.7398439 0.7473177 0.8460618 0.9999493 0.8769054 0.9547121 0.8769054 0.9999493 0.5979509 0.8055043 0.6123254 0.7811627 0.6123254 0.8055043 0.5399298 0.9256852 0.5531946 0.8894639 0.5531946 0.9256852 0.6762909 0.9788429 0.6905076 0.9648715 0.6762909 0.9648719 0.6905076 0.9648715 0.6762909 0.9788429 0.6762909 0.9648719 0.5029254 0.9648719 0.5171421 0.9788429 0.5029254 0.9788429 0.5543174 0.9648715 0.5413523 0.9788429 0.5413523 0.9648719 0.5543174 0.9648715 0.5413523 0.9788429 0.5413523 0.9648719 0.6757379 0.9648715 0.6624231 0.9788429 0.6624231 0.9648719 0.7017731 0.8055043 0.716562 0.7811627 0.7017731 0.7811635 0.9199259 0.9996805 0.9414129 0.9704445 0.9414129 0.9996805 0.9772081 0.9669169 0.9986951 0.9376809 0.9986951 0.9669169 0.0846824 0.7199741 0.1180838 0.7041149 0.0846824 0.7041155 0.958097 0.9637697 0.9778823 0.9410451 0.9778823 0.9637697 0.6213128 0.7473177 0.7398439 0.6380592 0.7398439 0.7473177 0.958097 0.9637697 0.9778823 0.9410451 0.958097 0.9410459 0.8460618 0.9999493 0.8769054 0.9547121 0.8460618 0.9547137 0.5289406 0.9790647 0.5419759 0.9632512 0.5419759 0.9790647 0.958097 0.9966418 0.9778823 0.9739173 0.9778823 0.9966418 0.507352 0.9256852 0.5248621 0.8894639 0.5248621 0.9256852 0.5169987 0.9788429 0.5287899 0.9648715 0.5287899 0.9788429 0.6213128 0.7473177 0.7398439 0.6380592 0.7398439 0.7473177 0.6627442 0.9788429 0.675222 0.9648715 0.675222 0.9788429 0.7789338 0.9788429 0.7974156 0.9648715 0.7974156 0.9788429 0.6758441 0.9788429 0.6905531 0.9648715 0.6905531 0.9788429 0.8243015 0.9256852 0.8457816 0.8894639 0.8243015 0.8894652 0.7659906 0.9788429 0.7794067 0.9648715 0.7659906 0.9648719 0.958097 0.9638782 0.9778823 0.9411535 0.958097 0.9411544 0.5022985 0.7019129 0.5650669 0.6721101 0.5022985 0.6721113 0.6213128 0.7473177 0.7398439 0.6380592 0.6213128 0.6380632 0.5801412 0.8055043 0.5981704 0.7811627 0.5981704 0.8055043 0.8995299 0.9998975 0.9210169 0.9706615 0.8995299 0.9706625 0.7006369 0.8055043 0.7176983 0.7811627 0.7176983 0.8055043 0.7527999 0.9256852 0.7674735 0.8894639 0.7674735 0.9256852 0.7677343 0.881598 0.7800403 0.8453767 0.7800403 0.881598 0.507352 0.8818556 0.5248621 0.8456344 0.5248621 0.8818556 0.63581 0.9788429 0.646789 0.9648715 0.646789 0.9788429 0.7413058 0.9788429 0.7529647 0.9648715 0.7413058 0.9648719 0.6758441 0.9788429 0.6905531 0.9648715 0.6905531 0.9788429 0.958097 0.9637697 0.9778823 0.9410451 0.958097 0.9410459 0.6213128 0.7473177 0.7398439 0.6380592 0.6213128 0.6380632 0.7413058 0.9648719 0.7529647 0.9788429 0.7529647 0.9648715 0.7677343 0.9256852 0.7800403 0.8894639 0.7677343 0.8894652 0.6128025 0.9648715 0.6038509 0.9788429 0.6038509 0.9648719 0.958097 0.9638782 0.9778823 0.9411535 0.958097 0.9411544 0.63581 0.9788429 0.646789 0.9648715 0.63581 0.9648719 0.5443291 0.7811635 0.5443291 0.8055043 0.5623583 0.8055043 0.741556 0.9788429 0.741556 0.9648719 0.7526822 0.9648715 0.7793709 0.9580048 0.7651543 0.9580048 0.7651543 0.9440339 0.7793709 0.9440334 0.7651543 0.9440339 0.7651543 0.9580048 0.5033373 0.9788429 0.5033373 0.9648719 0.5170531 0.9648715 0.5414688 0.9788429 0.5285037 0.9788429 0.5285037 0.9648719 0.6473053 0.9788429 0.6473053 0.9648719 0.6614063 0.9648715 0.6905076 0.9648715 0.6905076 0.9788429 0.6762909 0.9788429 0.503447 0.9788429 0.503447 0.9648719 0.5168632 0.9648715 0.698042 0.7462647 0.6643553 0.7462647 0.6643553 0.6406283 0.958097 0.9966418 0.958097 0.9739181 0.9778823 0.9739173 0.6762909 0.9788429 0.6762909 0.9648719 0.6905076 0.9648715 0.6086783 0.881598 0.6086783 0.845378 0.6251214 0.8453767 0.8995299 0.9998975 0.8995299 0.9706625 0.9210169 0.9706615 0.958097 0.9637697 0.9778823 0.9637697 0.9778823 0.9410451 0.5552909 0.9788429 0.5552909 0.9648719 0.5661381 0.9648715 0.6198486 0.6982062 0.6198486 0.6421987 0.7391045 0.6421987 0.0846824 0.7199741 0.1180838 0.7199741 0.1180838 0.7041149 0.8243015 0.881598 0.8457816 0.881598 0.8457816 0.8453767 0.6762909 0.9788429 0.6762909 0.9648719 0.6905076 0.9648715 0.8460618 0.9999493 0.8460618 0.9547137 0.8769054 0.9547121 0.1332855 0.7121629 0.1332855 0.6963043 0.1666869 0.6963036 0.8195508 0.956074 0.8195508 0.9285138 0.8558193 0.9285128 0.958097 0.9964269 0.9778823 0.9964269 0.9778823 0.9737023 0.6213128 0.7473177 0.6213128 0.6380632 0.7398439 0.6380592 0.7660579 0.8055043 0.7840871 0.8055043 0.7840871 0.7811627 0.920539 0.966049 0.9408892 0.966049 0.9408892 0.9368129 0.7660579 0.8055043 0.7660579 0.7811635 0.7840871 0.7811627 0.6213128 0.7473177 0.7398439 0.7473177 0.7398439 0.6380592 0.5037711 0.9790647 0.5037711 0.9632518 0.5168064 0.9632512 0.6907469 0.9788429 0.7023387 0.9788429 0.7023387 0.9648715 0.6233905 0.9648719 0.6362245 0.9648715 0.6362245 0.9788429 0.8400681 0.8055043 0.85711 0.8055043 0.85711 0.7811627 0.5414688 0.9648715 0.5414688 0.9788429 0.5285037 0.9788429 0.7527999 0.8818556 0.7527999 0.8456356 0.7674735 0.8456344 0.6213128 0.7473177 0.6213128 0.6380632 0.7398439 0.6380592 0.8460618 0.9999493 0.8769054 0.9999493 0.8769054 0.9547121 0.7651543 0.9580048 0.7651543 0.9440339 0.7793709 0.9440334 0.6086783 0.9256852 0.6086783 0.8894652 0.6251214 0.8894639 0.5060834 0.8055043 0.5060834 0.7811635 0.5260224 0.7811627 0.5033373 0.9788429 0.5033373 0.9648719 0.5170531 0.9648715 0.6473053 0.9788429 0.6614063 0.9788429 0.6614063 0.9648715 0.5414688 0.9648715 0.5414688 0.9788429 0.5285037 0.9788429 0.7296877 0.9648715 0.7296877 0.9788429 0.7167226 0.9788429 0.5033373 0.9648719 0.5033373 0.9788429 0.5170531 0.9788429 0.5251792 0.7811627 0.50715 0.7811635 0.50715 0.8055043 0.8226913 0.8055043 0.8226913 0.7811635 0.8404126 0.7811627 0.8570173 0.8055043 0.8570173 0.7811635 0.8740593 0.7811627 0.8561012 0.8055043 0.8561012 0.7811635 0.8738225 0.7811627 0.5620985 0.8055043 0.5801277 0.8055043 0.5801277 0.7811627 0.8995299 0.9998975 0.8995299 0.9706625 0.9210169 0.9706615 0.8460618 0.9999493 0.8769054 0.9999493 0.8769054 0.9547121 0.5399298 0.8818556 0.5531946 0.8818556 0.5531946 0.8456344 0.958097 0.9638782 0.958097 0.9411544 0.9778823 0.9411535 0.7176432 0.8055043 0.7176432 0.7811635 0.741222 0.7811627 0.958097 0.9966418 0.958097 0.9739181 0.9778823 0.9739173 0.6473053 0.9788429 0.6614063 0.9788429 0.6614063 0.9648715 0.8460618 0.9999493 0.8460618 0.9547137 0.8769054 0.9547121 0.17171 0.8717492 0.17171 0.8485692 0.1918925 0.8485683 0.7297835 0.9788429 0.7414004 0.9788429 0.7414004 0.9648715 0.3173027 0.6486347 0.3479462 0.6486347 0.3479462 0.6290169 0.958097 0.9637697 0.958097 0.9410459 0.9778823 0.9410451 0.958097 0.9637697 0.958097 0.9410459 0.9778823 0.9410451 0.652119 0.8055043 0.6617867 0.8055043 0.6617867 0.7811627 0.507352 0.9256852 0.5248621 0.9256852 0.5248621 0.8894639 0.6897214 0.9790647 0.7027567 0.9790647 0.7027567 0.9632512 0.9777296 0.9635764 0.9777296 0.9408527 0.9975149 0.9408518 0.5552513 0.9788429 0.5552513 0.9648719 0.566183 0.9648715 0.9393106 0.966049 0.9393106 0.936814 0.9596608 0.9368129 0.6231091 0.9790647 0.6231091 0.9632518 0.6361444 0.9632512 0.6627442 0.9788429 0.675222 0.9788429 0.675222 0.9648715 0.507352 0.881598 0.5248621 0.881598 0.5248621 0.8453767 0.50715 0.7811635 0.50715 0.8055043 0.5251792 0.8055043 0.7629116 0.7811627 0.7448824 0.7811635 0.7448824 0.8055043 0.5620985 0.8055043 0.5801277 0.8055043 0.5801277 0.7811627 0.7413058 0.9788429 0.7413058 0.9648719 0.7529647 0.9648715 0.9197089 0.9998975 0.9197089 0.9706625 0.9411959 0.9706615 0.5561271 0.7502556 0.5561271 0.7068234 0.6202234 0.7068217 0.9393106 0.9985978 0.9596608 0.9985978 0.9596608 0.9693616 0.9393106 0.966049 0.9393106 0.936814 0.9596608 0.9368129 0.741556 0.9788429 0.741556 0.9648719 0.7526822 0.9648715 0.741556 0.9788429 0.741556 0.9648719 0.7526822 0.9648715 0.7409916 0.9648715 0.7409916 0.9788429 0.730276 0.9788429 0.6213128 0.7473177 0.6213128 0.6380632 0.7398439 0.6380592 0.8460618 0.9999493 0.8460618 0.9547137 0.8769054 0.9547121 0.5979509 0.8055043 0.5979509 0.7811635 0.6123254 0.7811627 0.5399298 0.9256852 0.5399298 0.8894652 0.5531946 0.8894639 0.6762909 0.9788429 0.6905076 0.9788429 0.6905076 0.9648715 0.6905076 0.9648715 0.6905076 0.9788429 0.6762909 0.9788429 0.5029254 0.9648719 0.5171421 0.9648715 0.5171421 0.9788429 0.5543174 0.9648715 0.5543174 0.9788429 0.5413523 0.9788429 0.5543174 0.9648715 0.5543174 0.9788429 0.5413523 0.9788429 0.6757379 0.9648715 0.6757379 0.9788429 0.6624231 0.9788429 0.7017731 0.8055043 0.716562 0.8055043 0.716562 0.7811627 0.9199259 0.9996805 0.9199259 0.9704455 0.9414129 0.9704445 0.9772081 0.9669169 0.9772081 0.9376819 0.9986951 0.9376809 0.0846824 0.7199741 0.1180838 0.7199741 0.1180838 0.7041149 0.958097 0.9637697 0.958097 0.9410459 0.9778823 0.9410451 0.6213128 0.7473177 0.6213128 0.6380632 0.7398439 0.6380592 0.958097 0.9637697 0.9778823 0.9637697 0.9778823 0.9410451 0.8460618 0.9999493 0.8769054 0.9999493 0.8769054 0.9547121 0.5289406 0.9790647 0.5289406 0.9632518 0.5419759 0.9632512 0.958097 0.9966418 0.958097 0.9739181 0.9778823 0.9739173 0.507352 0.9256852 0.507352 0.8894652 0.5248621 0.8894639 0.5169987 0.9788429 0.5169987 0.9648719 0.5287899 0.9648715 0.6213128 0.7473177 0.6213128 0.6380632 0.7398439 0.6380592 0.6627442 0.9788429 0.6627442 0.9648719 0.675222 0.9648715 0.7789338 0.9788429 0.7789338 0.9648719 0.7974156 0.9648715 0.6758441 0.9788429 0.6758441 0.9648719 0.6905531 0.9648715 0.8243015 0.9256852 0.8457816 0.9256852 0.8457816 0.8894639 0.7659906 0.9788429 0.7794067 0.9788429 0.7794067 0.9648715 0.958097 0.9638782 0.9778823 0.9638782 0.9778823 0.9411535 0.5022985 0.7019129 0.5650669 0.7019129 0.5650669 0.6721101 0.6213128 0.7473177 0.7398439 0.7473177 0.7398439 0.6380592 0.5801412 0.8055043 0.5801412 0.7811635 0.5981704 0.7811627 0.8995299 0.9998975 0.9210169 0.9998975 0.9210169 0.9706615 0.7006369 0.8055043 0.7006369 0.7811635 0.7176983 0.7811627 0.7527999 0.9256852 0.7527999 0.8894652 0.7674735 0.8894639 0.7677343 0.881598 0.7677343 0.845378 0.7800403 0.8453767 0.507352 0.8818556 0.507352 0.8456356 0.5248621 0.8456344 0.63581 0.9788429 0.63581 0.9648719 0.646789 0.9648715 0.7413058 0.9788429 0.7529647 0.9788429 0.7529647 0.9648715 0.6758441 0.9788429 0.6758441 0.9648719 0.6905531 0.9648715 0.958097 0.9637697 0.9778823 0.9637697 0.9778823 0.9410451 0.6213128 0.7473177 0.7398439 0.7473177 0.7398439 0.6380592 0.7413058 0.9648719 0.7413058 0.9788429 0.7529647 0.9788429 0.7677343 0.9256852 0.7800403 0.9256852 0.7800403 0.8894639 0.6128025 0.9648715 0.6128025 0.9788429 0.6038509 0.9788429 0.958097 0.9638782 0.9778823 0.9638782 0.9778823 0.9411535 0.63581 0.9788429 0.646789 0.9788429 0.646789 0.9648715 -0.6723567 2.250124 -1.167659 0.6649523 -1.167752 2.250127 4.669495 2.152675 0.6974793 0.6526747 4.669495 0.6526747 0.7946167 2.022406 0.2279968 0.5224056 0.2279968 2.022406 0.6453552 2.022406 0.07873535 0.5224056 0.07873535 2.022406 0.1164665 2.022406 -5.018585 0.5224056 -5.018585 2.022406 0.8110962 0.5224056 0.4934387 2.022406 0.8110962 2.022406 1.110355 2.022406 6.245403 0.5224056 6.245403 2.022406 0.07876586 0.7724056 7.662476 0.02240562 7.662476 0.7724056 0.6624451 2.022406 0.3447876 0.5224056 0.3447876 2.022406 0.2977753 2.152675 -4.800175 0.6526747 -4.800175 2.152675 0.07876586 2.022406 7.662476 0.5224056 7.662476 2.022406 -0.6723567 2.250124 -0.6723911 0.6649492 -1.167659 0.6649523 4.669495 2.152675 0.6974793 2.152675 0.6974793 0.6526747 0.7946167 2.022406 0.7946167 0.5224056 0.2279968 0.5224056 0.6453552 2.022406 0.6453552 0.5224056 0.07873535 0.5224056 0.1164665 2.022406 0.1164665 0.5224056 -5.018585 0.5224056 0.8110962 0.5224056 0.4934387 0.5224056 0.4934387 2.022406 1.110355 2.022406 1.110355 0.5224056 6.245403 0.5224056 0.07876586 0.7724056 0.07876586 0.02240562 7.662476 0.02240562 0.6624451 2.022406 0.6624451 0.5224056 0.3447876 0.5224056 0.2977753 2.152675 0.2977753 0.6526747 -4.800175 0.6526747 0.07876586 2.022406 0.07876586 0.5224056 7.662476 0.5224056 0.4391338 0.8685724 1.189236 0.8043453 1.189201 0.8709167 -0.197947 0.8068469 0.4991556 0.7529796 0.4994541 0.8024488 -0.3107712 0.8695231 0.4391424 0.8020067 0.4391338 0.8685724 0.4394523 0.7490916 1.189236 0.8043453 0.4391424 0.8020067 1.197729 0.8741989 0.4994541 0.8024488 1.197782 0.8024135 0.4391424 0.8020067 -0.3104313 0.7500832 0.4394523 0.7490916 0.4994541 0.8024488 1.19737 0.7529815 1.197782 0.8024135 0.4994803 0.8741899 -0.197947 0.8068469 0.4994541 0.8024488 1.876815 0.8110837 1.19737 0.7529815 1.895772 0.7617822 1.224967 0.7998765 -0.244938 0.7494466 1.243774 0.7485509 1.157983 0.7997409 -0.1798858 0.747525 1.175162 0.7475247 -0.8756634 0.8111356 -0.1982082 0.7574297 -0.197947 0.8068469 1.900136 0.8742662 1.189236 0.8043453 1.918222 0.8077875 1.85995 0.8825764 1.197782 0.8024135 1.876815 0.8110837 -0.1993983 0.8733885 1.224967 0.7998765 1.208993 0.8721811 1.918222 0.8077875 1.189506 0.7514064 1.939377 0.754941 1.143129 0.8756023 -0.1616764 0.7997829 1.157983 0.7997409 -0.8588327 0.8827707 -0.197947 0.8068469 -0.1978939 0.8785744 -1.03945 0.8078833 -0.3104313 0.7500832 -0.3108071 0.8029839 1.876815 0.8110837 1.197782 0.8024135 1.19737 0.7529815 1.224967 0.7998765 -0.2244203 0.8008107 -0.244938 0.7494466 1.157983 0.7997409 -0.1616764 0.7997829 -0.1798858 0.747525 -0.8756634 0.8111356 -0.8953523 0.7618542 -0.1982082 0.7574297 1.85995 0.8825764 1.197729 0.8741989 1.197782 0.8024135 -0.1993983 0.8733885 -0.2244203 0.8008107 1.224967 0.7998765 1.143129 0.8756023 -0.1390423 0.8759225 -0.1616764 0.7997829 -0.8588327 0.8827707 -0.8756634 0.8111356 -0.197947 0.8068469 -1.021377 0.8742668 -0.3108071 0.8029839 -0.3107712 0.8695231 0.4391338 0.8685724 0.4391424 0.8020067 1.189236 0.8043453 -0.197947 0.8068469 -0.1982082 0.7574297 0.4991556 0.7529796 -0.3107712 0.8695231 -0.3108071 0.8029839 0.4391424 0.8020067 0.4394523 0.7490916 1.189506 0.7514064 1.189236 0.8043453 1.197729 0.8741989 0.4994803 0.8741899 0.4994541 0.8024488 0.4391424 0.8020067 -0.3108071 0.8029839 -0.3104313 0.7500832 0.4994541 0.8024488 0.4991556 0.7529796 1.19737 0.7529815 0.4994803 0.8741899 -0.1978939 0.8785744 -0.197947 0.8068469 1.900136 0.8742662 1.189201 0.8709167 1.189236 0.8043453 1.918222 0.8077875 1.189236 0.8043453 1.189506 0.7514064 -1.03945 0.8078833 -1.059915 0.7552441 -0.3104313 0.7500832 -1.021377 0.8742668 -1.03945 0.8078833 -0.3108071 0.8029839 0.9999722 2.68552e-05 0.6328853 0.8271442 0.6328843 2.69325e-05 0.6335665 2.69323e-05 0.6151166 0.8271442 0.6151157 2.69362e-05 0.6328843 2.69325e-05 0.3553866 0.8271442 0.3553857 2.69909e-05 0.3553857 2.69909e-05 2.78844e-05 0.8271443 2.68552e-05 2.70657e-05 0.6328843 2.69325e-05 0.3553866 0.8271442 0.3553857 2.69909e-05 0.9999722 2.68552e-05 2.78844e-05 0.8271443 2.68552e-05 2.70657e-05 0.9999722 2.68552e-05 0.9999731 0.827144 0.6328853 0.8271442 0.6335665 2.69323e-05 0.6335675 0.8271442 0.6151166 0.8271442 0.6328843 2.69325e-05 0.6328853 0.8271442 0.3553866 0.8271442 0.3553857 2.69909e-05 0.3553866 0.8271442 2.78844e-05 0.8271443 0.6328843 2.69325e-05 0.6328853 0.8271442 0.3553866 0.8271442 0.9999722 2.68552e-05 0.9999731 0.827144 2.78844e-05 0.8271443 0.6763538 0.9788429 0.6763538 0.9648715 0.689209 0.9648715 0.689209 0.9788429 0.5669788 0.9788429 0.5669788 0.9648715 0.5768857 0.9648715 0.5768857 0.9788429 0.5557484 0.9788429 0.5557484 0.9648715 0.5656552 0.9648715 0.5656552 0.9788429 0.7173695 0.9788429 0.7173695 0.9648715 0.7299805 0.9648715 0.7299805 0.9788429 0.7409668 0.9788429 0.7409668 0.9648715 0.752667 0.9648715 0.752667 0.9788429 0.503014 0.9788429 0.503014 0.9648715 0.5168271 0.9648715 0.5168271 0.9788429 0.6471728 0.9790647 0.6471728 0.9632512 0.6611498 0.9632512 0.6611498 0.9790647 0.5031298 0.9790647 0.5031298 0.9632512 0.5168457 0.9632512 0.5168457 0.9790647 0.529497 0.9790647 0.529497 0.9632512 0.5410326 0.9632512 0.5410326 0.9790647 0.8071289 0.949707 0.8071289 0.9433594 0.8120117 0.9433594 0.8120117 0.949707 0.6764697 0.9790647 0.6764697 0.9632512 0.689209 0.9632512 0.689209 0.9790647 0.5030549 0.9788429 0.5030549 0.9648715 0.5168457 0.9648715 0.5168457 0.9788429 0.5172151 0.9788429 0.5172151 0.9648715 0.5287376 0.9648715 0.5287376 0.9788429 0.5557893 0.9788429 0.5557893 0.9648715 0.565847 0.9648715 0.565847 0.9788429 0.7174104 0.9788429 0.7174104 0.9648715 0.7299805 0.9648715 0.7299805 0.9788429 0.7409668 0.9788429 0.7409668 0.9648715 0.7528587 0.9648715 0.7528587 0.9788429 0.6763947 0.9788429 0.6763947 0.9648715 0.689209 0.9648715 0.689209 0.9788429 0.5297045 0.9788429 0.5297045 0.9648715 0.5410506 0.9648715 0.5410506 0.9788429 0.5033373 0.9788429 0.5033373 0.9648715 0.5168457 0.9648715 0.5168457 0.9788429 0.6048998 0.9788429 0.6048998 0.9648715 0.612793 0.9648715 0.612793 0.9788429 0.7972826 0.9788429 0.7972826 0.9648715 0.8100586 0.9648715 0.8100586 0.9788429 0.5033373 0.9788429 0.5033373 0.9648715 0.5168457 0.9648715 0.5168457 0.9788429 0.5297045 0.9788429 0.5297045 0.9648715 0.5410506 0.9648715 0.5410506 0.9788429 0.5033373 0.9788429 0.5033373 0.9648715 0.5168457 0.9648715 0.5168457 0.9788429 0.6048998 0.9788429 0.6048998 0.9648715 0.612793 0.9648715 0.612793 0.9788429 0.7972826 0.9788429 0.7972826 0.9648715 0.8100586 0.9648715 0.8100586 0.9788429 0.5033373 0.9788429 0.5033373 0.9648715 0.5168457 0.9648715 0.5168457 0.9788429 0.5440895 0.8055043 0.5440895 0.7811627 0.5625 0.7811627 0.5625 0.8055043 0.5069801 0.8055043 0.5069801 0.7811627 0.5253906 0.7811627 0.5253906 0.8055043 0.7437965 0.8055043 0.7437965 0.7811627 0.764698 0.7811627 0.764698 0.8055043 0.5069801 0.8055043 0.5069801 0.7811627 0.5253906 0.7811627 0.5253906 0.8055043 0.7018043 0.8055043 0.7018043 0.7811627 0.7163582 0.7811627 0.7163582 0.8055043 0.8409645 0.8055043 0.8409645 0.7811627 0.8564453 0.7811627 0.8564453 0.8055043 0.8564453 0.8055043 0.8564453 0.7811627 0.8742676 0.7811627 0.8742676 0.8055043 0.5631325 0.8055043 0.5631325 0.7811627 0.5801277 0.7811627 0.5801277 0.8055043 0.5816871 0.8055043 0.5816871 0.7811627 0.5967293 0.7811627 0.5967293 0.8055043 0.7018043 0.8055043 0.7018043 0.7811627 0.7163582 0.7811627 0.7163582 0.8055043 0.6524879 0.8055043 0.6524879 0.7811627 0.6606445 0.7811627 0.6606445 0.8055043 0.8195508 0.956074 0.8195508 0.9285128 0.8558193 0.9285128 0.8558193 0.956074 0.7174293 0.8055043 0.7174293 0.7811627 0.7412605 0.7811627 0.7412605 0.8055043 0.5816871 0.8055043 0.5816871 0.7811627 0.5967293 0.7811627 0.5967293 0.8055043 0.8228981 0.8055043 0.8228981 0.7811627 0.840332 0.7811627 0.840332 0.8055043 0.5440895 0.8055043 0.5440895 0.7811627 0.5625 0.7811627 0.5625 0.8055043 0.5069801 0.8055043 0.5069801 0.7811627 0.5253906 0.7811627 0.5253906 0.8055043 0.5631325 0.8055043 0.5631325 0.7811627 0.5801277 0.7811627 0.5801277 0.8055043 0.7657692 0.8055043 0.7657692 0.7811627 0.783741 0.7811627 0.783741 0.8055043 0.6568945 0.881598 0.6568945 0.8453767 0.6665039 0.8453767 0.6665039 0.881598 0.5069921 0.881598 0.5069921 0.8453767 0.5236816 0.8453767 0.5236816 0.881598 0.8072851 0.881598 0.8072851 0.8453767 0.822998 0.8453767 0.822998 0.881598 0.5069921 0.881598 0.5069921 0.8453767 0.5236816 0.8453767 0.5236816 0.881598 0.6324804 0.881598 0.6324804 0.8453767 0.640625 0.8453767 0.640625 0.881598 0.5069921 0.881598 0.5069921 0.8453767 0.5236816 0.8453767 0.5236816 0.881598 0.7804296 0.881598 0.7804296 0.8453767 0.7915039 0.8453767 0.7915039 0.881598 0.7042577 0.881598 0.7042577 0.8453767 0.7202148 0.8453767 0.7202148 0.881598 0.6362262 0.9788429 0.6362262 0.9648715 0.6464844 0.9648715 0.6464844 0.9788429 0.6762652 0.9788429 0.6762652 0.9648715 0.689209 0.9648715 0.689209 0.9788429 0.7409668 0.9788429 0.7409668 0.9648715 0.7529297 0.9648715 0.7529297 0.9788429 0.5556598 0.9788429 0.5556598 0.9648715 0.5659702 0.9648715 0.5659702 0.9788429 0.7172809 0.9788429 0.7172809 0.9648715 0.7299805 0.9648715 0.7299805 0.9788429 0.6044879 0.9788429 0.6044879 0.9648715 0.612793 0.9648715 0.612793 0.9788429 0.5029254 0.9788429 0.5029254 0.9648715 0.5168457 0.9648715 0.5168457 0.9788429 0.7651543 0.9580048 0.7651543 0.9440334 0.7793709 0.9440334 0.7793709 0.9580048 0.7409668 0.9788429 0.7409668 0.9648715 0.7529297 0.9648715 0.7529297 0.9788429 0.5029254 0.9788429 0.5029254 0.9648715 0.5168457 0.9648715 0.5168457 0.9788429 0.5170856 0.9788429 0.5170856 0.9648715 0.5288086 0.9648715 0.5288086 0.9788429 0.5029254 0.9788429 0.5029254 0.9648715 0.5168457 0.9648715 0.5168457 0.9788429 0.5292926 0.9788429 0.5292926 0.9648715 0.5410679 0.9648715 0.5410679 0.9788429 0.5029254 0.9788429 0.5029254 0.9648715 0.5168457 0.9648715 0.5168457 0.9788429 0.7172809 0.9788429 0.7172809 0.9648715 0.7299805 0.9648715 0.7299805 0.9788429 0.6044879 0.9788429 0.6044879 0.9648715 0.612793 0.9648715 0.612793 0.9788429 0.5029254 0.9788429 0.5029254 0.9648715 0.5168457 0.9648715 0.5168457 0.9788429 0.7651543 0.9580048 0.7651543 0.9440334 0.7793709 0.9440334 0.7793709 0.9580048 0.5170856 0.9788429 0.5170856 0.9648715 0.5288086 0.9648715 0.5288086 0.9788429 0.5556598 0.9788429 0.5556598 0.9648715 0.5659702 0.9648715 0.5659702 0.9788429 0.5170856 0.9788429 0.5170856 0.9648715 0.5288086 0.9648715 0.5288086 0.9788429 0.6044879 0.9788429 0.6044879 0.9648715 0.612793 0.9648715 0.612793 0.9788429 0.5419879 0.9788429 0.5419879 0.9648715 0.5547398 0.9648715 0.5547398 0.9788429 0.5029254 0.9788429 0.5029254 0.9648715 0.5168457 0.9648715 0.5168457 0.9788429 0.7299805 0.9788429 0.7299805 0.9648715 0.7409668 0.9648715 0.7409668 0.9788429 0.7651543 0.9580048 0.7651543 0.9440334 0.7793709 0.9440334 0.7793709 0.9580048 0.5292926 0.9788429 0.5292926 0.9648715 0.5410679 0.9648715 0.5410679 0.9788429 0.5029254 0.9788429 0.5029254 0.9648715 0.5168457 0.9648715 0.5168457 0.9788429 0.6044879 0.9788429 0.6044879 0.9648715 0.612793 0.9648715 0.612793 0.9788429 0.7971191 0.9788429 0.7971191 0.9648715 0.8100586 0.9648715 0.8100586 0.9788429 0.5029254 0.9788429 0.5029254 0.9648715 0.5168457 0.9648715 0.5168457 0.9788429 0.7172852 0.9785156 0.7172852 0.9648438 0.7299805 0.9648438 0.7299805 0.9785156 0.8457031 1 0.8457031 0.9550781 0.8764648 0.9550781 0.8764648 1 0.7172852 0.9785156 0.7172852 0.9648438 0.7299805 0.9648438 0.7299805 0.9785156 0.8457031 1 0.8457031 0.9550781 0.8764648 0.9550781 0.8764648 1 0.7172852 0.9785156 0.7172852 0.9648438 0.7299805 0.9648438 0.7299805 0.9785156 0.8457031 1 0.8457031 0.9550781 0.8764648 0.9550781 0.8764648 1 0.7172852 0.9785156 0.7172852 0.9648438 0.7299805 0.9648438 0.7299805 0.9785156 0.8457031 1 0.8457031 0.9550781 0.8764648 0.9550781 0.8764648 1 0.7172852 0.9785156 0.7172852 0.9648438 0.7299805 0.9648438 0.7299805 0.9785156 0.8457031 1 0.8457031 0.9550781 0.8764648 0.9550781 0.8764648 1 0.7172852 0.9785156 0.7172852 0.9648438 0.7299805 0.9648438 0.7299805 0.9785156 0.8457031 1 0.8457031 0.9550781 0.8764648 0.9550781 0.8764648 1</float_array>
          <technique_common>
            <accessor source="#Plane_057-mesh-map-0-array" count="2086" stride="2">
              <param name="S" type="float"/>
              <param name="T" type="float"/>
            </accessor>
          </technique_common>
        </source>
        <source id="Plane_057-mesh-colors-Col" name="Col">
          <float_array id="Plane_057-mesh-colors-Col-array" count="6792">0.3490196 0.3490196 0.3490196 1 0.3490196 0.3490196 0.3490196 1 0.3490196 0.3490196 0.3490196 1 0.972549 0.972549 0.972549 1 0.9764706 0.9764706 0.9764706 1 0.9764706 0.9764706 0.9764706 1 0.972549 0.972549 0.972549 1 0.9686275 0.9686275 0.9686275 1 0.972549 0.972549 0.972549 1 0.972549 0.972549 0.972549 1 0.9764706 0.9764706 0.9764706 1 0.972549 0.972549 0.972549 1 0.9764706 0.9764706 0.9764706 1 0.9764706 0.9764706 0.9764706 1 0.9764706 0.9764706 0.9764706 1 1 1 1 1 0.7921569 0.6627451 0.5803922 1 1 0.9960784 0.9882353 1 1 1 1 1 1 1 1 1 1 1 1 1 1 1 1 1 1 1 1 1 1 1 1 1 1 0.9019608 0.8509804 1 1 0.9019608 0.8509804 1 1 0.9019608 0.8509804 1 1 1 1 1 1 1 1 1 1 1 1 1 0.972549 0.972549 0.972549 1 0.972549 0.972549 0.972549 1 0.9764706 0.9764706 0.9764706 1 0.972549 0.972549 0.972549 1 0.972549 0.972549 0.972549 1 0.9686275 0.9686275 0.9686275 1 0.972549 0.972549 0.972549 1 0.9764706 0.9764706 0.9764706 1 0.9764706 0.9764706 0.9764706 1 0.9764706 0.9764706 0.9764706 1 0.9764706 0.9764706 0.9764706 1 0.9764706 0.9764706 0.9764706 1 1 0.854902 0.5529412 1 1 0.854902 0.5529412 1 1 0.854902 0.5529412 1 1 0.9843137 0.9764706 1 1 1 1 1 1 1 1 1 1 0.9764706 0.9647059 1 1 0.9686275 0.9529412 1 1 0.9764706 0.9568628 1 1 1 1 1 1 1 1 1 1 1 1 1 1 1 1 1 1 0.9960784 0.9882353 1 1 1 1 1 1 1 0.9960784 1 1 1 1 1 1 0.9960784 0.9960784 1 1 1 1 1 1 1 1 1 1 1 1 1 1 1 1 1 1 1 0.9960784 1 1 1 1 1 1 1 1 1 1 1 1 1 1 1 1 1 1 1 0.9960784 1 1 0.9843137 0.9764706 1 1 1 1 1 1 1 1 1 1 1 1 1 1 1 1 1 0.6862745 0.6862745 0.6862745 1 0.6862745 0.6862745 0.6862745 1 0.6862745 0.6862745 0.6862745 1 0.6862745 0.6862745 0.6862745 1 0.6862745 0.6862745 0.6862745 1 0.6862745 0.6862745 0.6862745 1 0.6862745 0.6862745 0.6862745 1 0.6862745 0.6862745 0.6862745 1 0.6862745 0.6862745 0.6862745 1 0.6862745 0.6862745 0.6862745 1 0.6862745 0.6862745 0.6862745 1 0.6862745 0.6862745 0.6862745 1 1 1 1 1 1 1 1 1 1 1 1 1 1 1 1 1 1 1 1 1 1 1 1 1 1 1 1 1 1 1 1 1 1 1 1 1 0.6862745 0.6862745 0.6862745 1 0.6862745 0.6862745 0.6862745 1 0.6862745 0.6862745 0.6862745 1 0.6862745 0.6862745 0.6862745 1 0.6862745 0.6862745 0.6862745 1 0.6862745 0.6862745 0.6862745 1 1 0.854902 0.5529412 1 1 0.854902 0.5529412 1 1 0.854902 0.5529412 1 1 0.9960784 0.9921569 1 1 1 1 1 1 1 0.9960784 1 0.6862745 0.6862745 0.6862745 1 0.6862745 0.6862745 0.6862745 1 0.6862745 0.6862745 0.6862745 1 0.6862745 0.6862745 0.6862745 1 0.6862745 0.6862745 0.6862745 1 0.6862745 0.6862745 0.6862745 1 0.6862745 0.6862745 0.6862745 1 0.6862745 0.6862745 0.6862745 1 0.6862745 0.6862745 0.6862745 1 0.6862745 0.6862745 0.6862745 1 0.6862745 0.6862745 0.6862745 1 0.6862745 0.6862745 0.6862745 1 0.6862745 0.6862745 0.6862745 1 0.6862745 0.6862745 0.6862745 1 0.6862745 0.6862745 0.6862745 1 0.6862745 0.6862745 0.6862745 1 0.6862745 0.6862745 0.6862745 1 0.6862745 0.6862745 0.6862745 1 0.6862745 0.6862745 0.6862745 1 0.6862745 0.6862745 0.6862745 1 0.6862745 0.6862745 0.6862745 1 0.6862745 0.6862745 0.6862745 1 0.6862745 0.6862745 0.6862745 1 0.6862745 0.6862745 0.6862745 1 1 1 1 1 1 1 1 1 1 1 1 1 0.6862745 0.6862745 0.6862745 1 0.6862745 0.6862745 0.6862745 1 0.6862745 0.6862745 0.6862745 1 0.6862745 0.6862745 0.6862745 1 0.6862745 0.6862745 0.6862745 1 0.6862745 0.6862745 0.6862745 1 0.6862745 0.6862745 0.6862745 1 0.6862745 0.6862745 0.6862745 1 0.6862745 0.6862745 0.6862745 1 0.6862745 0.6862745 0.6862745 1 0.6862745 0.6862745 0.6862745 1 0.6862745 0.6862745 0.6862745 1 0.6862745 0.6862745 0.6862745 1 0.6862745 0.6862745 0.6862745 1 0.6862745 0.6862745 0.6862745 1 0.6862745 0.6862745 0.6862745 1 0.6862745 0.6862745 0.6862745 1 0.6862745 0.6862745 0.6862745 1 0.3490196 0.3490196 0.3490196 1 0.3568627 0.3568627 0.3568627 1 0.3490196 0.3490196 0.3490196 1 0.6862745 0.6862745 0.6862745 1 0.6862745 0.6862745 0.6862745 1 0.6862745 0.6862745 0.6862745 1 0.4156863 0.4156863 0.4156863 1 0.4 0.4 0.4 1 0.4156863 0.4156863 0.4156863 1 1 0.854902 0.5529412 1 1 0.854902 0.5529412 1 1 0.854902 0.5529412 1 1 1 1 1 1 1 1 1 1 1 1 1 1 0.854902 0.5529412 1 1 0.854902 0.5529412 1 1 0.854902 0.5529412 1 0.8117647 0.7098039 0.6196079 1 1 0.9843137 0.9803922 1 1 0.9843137 0.9764706 1 1 1 1 1 1 1 1 1 1 1 1 1 0.6862745 0.6862745 0.6862745 1 0.6862745 0.6862745 0.6862745 1 0.6862745 0.6862745 0.6862745 1 1 1 1 1 1 1 1 1 1 1 1 1 1 0.9960784 0.9960784 1 1 0.9764706 0.9686275 1 1 0.9843137 0.972549 1 0.6862745 0.6862745 0.6862745 1 0.6862745 0.6862745 0.6862745 1 0.6862745 0.6862745 0.6862745 1 0.9843137 0.9803922 0.972549 1 1 1 1 1 1 1 1 1 1 1 1 1 1 1 1 1 1 1 1 1 0.8039216 0.6705883 0.5921569 1 1 0.9843137 0.9764706 1 1 1 0.9960784 1 0.6862745 0.6862745 0.6862745 1 0.6862745 0.6862745 0.6862745 1 0.6862745 0.6862745 0.6862745 1 1 0.854902 0.5529412 1 1 0.854902 0.5529412 1 1 0.854902 0.5529412 1 1 0.854902 0.5529412 1 1 0.854902 0.5529412 1 1 0.854902 0.5529412 1 0.6862745 0.6862745 0.6862745 1 0.6862745 0.6862745 0.6862745 1 0.6862745 0.6862745 0.6862745 1 1 1 1 1 1 1 1 1 1 1 1 1 0.7176471 0.5882353 0.4941176 1 1 0.9960784 0.9921569 1 1 0.9960784 0.9843137 1 0.6862745 0.6862745 0.6862745 1 0.6862745 0.6862745 0.6862745 1 0.6862745 0.6862745 0.6862745 1 1 0.9568628 0.9333333 1 1 0.8941177 0.8431373 1 1 0.882353 0.827451 1 1 0.854902 0.5529412 1 1 0.854902 0.5529412 1 1 0.854902 0.5529412 1 1 1 1 1 1 1 1 1 1 1 1 1 1 1 1 1 1 1 1 1 1 1 1 1 1 1 1 1 1 1 1 1 1 1 1 1 1 1 1 1 1 1 1 1 1 1 1 1 1 0.9921569 0.9843137 1 1 0.9960784 0.9960784 1 1 0.9843137 0.972549 1 1 0.9686275 0.9529412 1 0.9058824 0.8078432 0.7176471 1 0.8901961 0.7764706 0.6862745 1 0.6313726 0.6313726 0.6313726 1 0.6313726 0.6313726 0.6313726 1 0.6313726 0.6313726 0.6313726 1 0.6862745 0.6862745 0.6862745 1 0.6862745 0.6862745 0.6862745 1 0.6862745 0.6862745 0.6862745 1 1 1 1 1 1 1 1 1 1 1 1 1 1 0.9960784 0.9921569 1 1 0.9921569 0.9843137 1 1 0.9960784 0.9843137 1 0.4 0.4 0.4 1 0.4117647 0.4117647 0.4117647 1 0.4039216 0.4039216 0.4039216 1 1 0.9019608 0.8509804 1 1 0.9019608 0.8509804 1 1 0.9019608 0.8509804 1 1 0.9019608 0.8509804 1 1 0.9019608 0.8509804 1 1 0.9019608 0.8509804 1 1 1 1 1 1 1 1 1 1 1 1 1 1 0.854902 0.5529412 1 1 0.854902 0.5529412 1 1 0.854902 0.5529412 1 0.6862745 0.6862745 0.6862745 1 0.6862745 0.6862745 0.6862745 1 0.6862745 0.6862745 0.6862745 1 0.6862745 0.6862745 0.6862745 1 0.6862745 0.6862745 0.6862745 1 0.6862745 0.6862745 0.6862745 1 0.3490196 0.3490196 0.3490196 1 0.3490196 0.3490196 0.3490196 1 0.3490196 0.3490196 0.3490196 1 1 1 1 1 0.7803922 0.6470589 0.5686275 1 0.7921569 0.6627451 0.5803922 1 1 1 1 1 1 1 1 1 1 1 1 1 1 1 1 1 1 1 1 1 1 1 1 1 1 0.9019608 0.8509804 1 1 0.9019608 0.8509804 1 1 0.9019608 0.8509804 1 1 1 1 1 1 1 1 1 1 1 1 1 1 0.854902 0.5529412 1 1 0.854902 0.5529412 1 1 0.854902 0.5529412 1 1 0.9843137 0.9764706 1 1 0.9843137 0.9803922 1 1 1 1 1 1 1 1 1 1 1 1 1 1 1 1 1 1 1 1 1 1 1 1 1 1 1 1 1 1 1 1 1 1 1 1 1 1 1 1 1 1 1 1 1 1 1 1 1 1 1 1 1 1 0.854902 0.5529412 1 1 0.854902 0.5529412 1 1 0.854902 0.5529412 1 1 0.9960784 0.9921569 1 1 0.9960784 0.9960784 1 1 1 1 1 1 1 1 1 1 1 1 1 1 1 1 1 0.3490196 0.3490196 0.3490196 1 0.3568627 0.3568627 0.3568627 1 0.3568627 0.3568627 0.3568627 1 0.6862745 0.6862745 0.6862745 1 0.6862745 0.6862745 0.6862745 1 0.6862745 0.6862745 0.6862745 1 0.4156863 0.4156863 0.4156863 1 0.4078431 0.4078431 0.4078431 1 0.4 0.4 0.4 1 1 0.854902 0.5529412 1 1 0.854902 0.5529412 1 1 0.854902 0.5529412 1 1 1 1 1 1 1 1 1 1 1 1 1 1 0.854902 0.5529412 1 1 0.854902 0.5529412 1 1 0.854902 0.5529412 1 0.8117647 0.7098039 0.6196079 1 0.8 0.6941177 0.5882353 1 1 0.9843137 0.9803922 1 1 1 1 1 1 1 1 1 1 1 1 1 0.6862745 0.6862745 0.6862745 1 0.6862745 0.6862745 0.6862745 1 0.6862745 0.6862745 0.6862745 1 1 1 1 1 1 1 1 1 1 1 1 1 1 0.9960784 0.9960784 1 1 0.9960784 0.9921569 1 1 0.9764706 0.9686275 1 0.6862745 0.6862745 0.6862745 1 0.6862745 0.6862745 0.6862745 1 0.6862745 0.6862745 0.6862745 1 0.9843137 0.9803922 0.972549 1 0.9764706 0.9607843 0.9568628 1 1 1 1 1 1 1 1 1 1 1 1 1 1 1 1 1 0.8039216 0.6705883 0.5921569 1 0.8117647 0.7098039 0.627451 1 1 0.9843137 0.9764706 1 0.6862745 0.6862745 0.6862745 1 0.6862745 0.6862745 0.6862745 1 0.6862745 0.6862745 0.6862745 1 1 0.854902 0.5529412 1 1 0.854902 0.5529412 1 1 0.854902 0.5529412 1 1 0.854902 0.5529412 1 1 0.854902 0.5529412 1 1 0.854902 0.5529412 1 0.6862745 0.6862745 0.6862745 1 0.6862745 0.6862745 0.6862745 1 0.6862745 0.6862745 0.6862745 1 1 1 1 1 1 1 0.9960784 1 1 1 1 1 0.7176471 0.5882353 0.4941176 1 0.7176471 0.5843138 0.5058824 1 1 0.9960784 0.9921569 1 0.6862745 0.6862745 0.6862745 1 0.6862745 0.6862745 0.6862745 1 0.6862745 0.6862745 0.6862745 1 1 0.9568628 0.9333333 1 1 0.9686275 0.9529412 1 1 0.8941177 0.8431373 1 1 0.854902 0.5529412 1 1 0.854902 0.5529412 1 1 0.854902 0.5529412 1 1 1 1 1 1 1 1 1 1 1 1 1 1 1 1 1 1 1 1 1 1 1 1 1 1 1 1 1 1 1 1 1 1 1 1 1 1 1 1 1 1 1 1 1 1 1 1 1 1 0.9921569 0.9843137 1 1 1 0.9960784 1 1 0.9960784 0.9960784 1 1 0.9686275 0.9529412 1 1 0.9764706 0.9647059 1 0.9058824 0.8078432 0.7176471 1 0.6313726 0.6313726 0.6313726 1 0.6313726 0.6313726 0.6313726 1 0.6313726 0.6313726 0.6313726 1 0.6862745 0.6862745 0.6862745 1 0.6862745 0.6862745 0.6862745 1 0.6862745 0.6862745 0.6862745 1 1 1 1 1 1 1 1 1 1 1 1 1 1 0.9960784 0.9921569 1 1 1 0.9960784 1 1 0.9921569 0.9843137 1 0.4 0.4 0.4 1 0.4039216 0.4039216 0.4039216 1 0.4117647 0.4117647 0.4117647 1 1 0.9019608 0.8509804 1 1 0.9019608 0.8509804 1 1 0.9019608 0.8509804 1 1 0.9019608 0.8509804 1 1 0.9019608 0.8509804 1 1 0.9019608 0.8509804 1 1 1 1 1 1 1 1 1 1 1 1 1 1 0.854902 0.5529412 1 1 0.854902 0.5529412 1 1 0.854902 0.5529412 1 0.6862745 0.6862745 0.6862745 1 0.6862745 0.6862745 0.6862745 1 0.6862745 0.6862745 0.6862745 1 0.6862745 0.6862745 0.6862745 1 0.6862745 0.6862745 0.6862745 1 0.6862745 0.6862745 0.6862745 1 1 1 1 1 1 1 1 1 1 1 1 1 1 1 1 1 1 1 1 1 1 1 1 1 1 1 1 1 1 1 1 1 1 1 1 1 1 1 1 1 1 1 1 1 1 1 1 1 1 1 1 1 1 1 1 1 1 1 1 1 1 1 1 1 1 1 1 1 1 1 1 1 1 1 1 1 1 1 1 1 1 1 1 1 1 1 1 1 1 1 1 1 1 1 1 1 1 1 1 1 1 1 1 1 1 1 1 1 1 1 1 1 1 1 1 1 1 1 1 1 1 1 1 1 1 1 1 1 1 1 1 1 1 1 1 1 1 1 1 1 1 1 1 1 1 1 1 1 1 1 1 1 1 1 1 1 1 1 1 1 1 1 1 1 1 1 1 1 1 1 1 1 1 1 1 1 1 1 1 1 1 1 1 1 1 1 1 1 1 1 1 1 1 1 1 1 1 1 1 1 1 1 1 1 1 1 1 1 1 1 1 1 1 1 1 1 1 1 1 1 1 1 1 1 1 1 1 1 1 1 1 1 1 1 1 1 1 1 1 1 1 1 1 1 1 1 1 1 1 1 1 1 1 1 1 1 1 1 1 1 1 1 1 1 1 1 1 1 1 1 1 1 1 1 1 1 1 1 1 1 1 1 1 1 1 1 1 1 1 1 1 1 1 1 1 1 1 1 1 1 1 1 1 1 1 1 1 1 1 1 1 1 1 1 1 1 1 1 1 1 1 1 1 1 1 1 1 1 1 1 1 1 1 1 1 1 0.7647059 0.7647059 0.7647059 1 0.7647059 0.7647059 0.7647059 1 0.7647059 0.7647059 0.7647059 1 0.7647059 0.7647059 0.7647059 1 0.7647059 0.7647059 0.7647059 1 0.7647059 0.7647059 0.7647059 1 0.7647059 0.7647059 0.7647059 1 0.7647059 0.7647059 0.7647059 1 0.7647059 0.7647059 0.7647059 1 0.7647059 0.7647059 0.7647059 1 0.7647059 0.7647059 0.7647059 1 0.7647059 0.7647059 0.7647059 1 0.8941177 0.8862745 0.8980392 1 0.8941177 0.8862745 0.8980392 1 0.8941177 0.8862745 0.8980392 1 1 1 1 1 1 1 1 1 1 1 1 1 0.8941177 0.8862745 0.8980392 1 0.8941177 0.8862745 0.8980392 1 0.8941177 0.8862745 0.8980392 1 1 1 1 1 1 1 1 1 1 1 1 1 1 1 1 1 1 1 1 1 1 1 1 1 1 1 1 1 1 1 1 1 1 1 1 1 0.8941177 0.8862745 0.8980392 1 0.8941177 0.8862745 0.8980392 1 0.8941177 0.8862745 0.8980392 1 0.8941177 0.8862745 0.8980392 1 0.8941177 0.8862745 0.8980392 1 0.8941177 0.8862745 0.8980392 1 1 1 1 1 1 1 1 1 1 1 1 1 0.8941177 0.8862745 0.8980392 1 0.8941177 0.8862745 0.8980392 1 0.8941177 0.8862745 0.8980392 1 1 1 1 1 1 1 1 1 1 1 1 1 1 1 1 1 1 1 1 1 1 1 1 1 1 1 1 1 1 1 1 1 1 1 1 1 0.8941177 0.8862745 0.8980392 1 0.8941177 0.8862745 0.8980392 1 0.8941177 0.8862745 0.8980392 1 1 0.9019608 0.8509804 1 1 0.9019608 0.8509804 1 1 0.9019608 0.8509804 1 0.9019608 0.6235294 0.5254902 1 0.9019608 0.6235294 0.5254902 1 0.9019608 0.6235294 0.5254902 1 1 0.9019608 0.8509804 1 1 0.9019608 0.8509804 1 1 0.9019608 0.8509804 1 0.9019608 0.6235294 0.5254902 1 0.9019608 0.6235294 0.5254902 1 0.9019608 0.6235294 0.5254902 1 0.6313726 0.6313726 0.6313726 1 0.6313726 0.6313726 0.6313726 1 0.6313726 0.6313726 0.6313726 1 0.9019608 0.6235294 0.5254902 1 0.9019608 0.6235294 0.5254902 1 0.9019608 0.6235294 0.5254902 1 1 1 1 1 1 1 1 1 1 1 1 1 0.9019608 0.6235294 0.5254902 1 0.9019608 0.6235294 0.5254902 1 0.9019608 0.6235294 0.5254902 1 1 0.9019608 0.8509804 1 1 0.9019608 0.8509804 1 1 0.9019608 0.8509804 1 0.9019608 0.6235294 0.5254902 1 0.9019608 0.6235294 0.5254902 1 0.9019608 0.6235294 0.5254902 1 1 0.9019608 0.8509804 1 1 0.9019608 0.8509804 1 1 0.9019608 0.8509804 1 0.9019608 0.6235294 0.5254902 1 0.9019608 0.6235294 0.5254902 1 0.9019608 0.6235294 0.5254902 1 0.9019608 0.6235294 0.5254902 1 0.9019608 0.6235294 0.5254902 1 0.9019608 0.6235294 0.5254902 1 0.8941177 0.8862745 0.8980392 1 0.8941177 0.8862745 0.8980392 1 0.8941177 0.8862745 0.8980392 1 1 0.9019608 0.8509804 1 1 0.9019608 0.8509804 1 1 0.9019608 0.8509804 1 0.9019608 0.6235294 0.5254902 1 0.9019608 0.6235294 0.5254902 1 0.9019608 0.6235294 0.5254902 1 0.9019608 0.6235294 0.5254902 1 0.9019608 0.6235294 0.5254902 1 0.9019608 0.6235294 0.5254902 1 0.8941177 0.8862745 0.8980392 1 0.8941177 0.8862745 0.8980392 1 0.8941177 0.8862745 0.8980392 1 0.9019608 0.6235294 0.5254902 1 0.9019608 0.6235294 0.5254902 1 0.9019608 0.6235294 0.5254902 1 1 0.9019608 0.8509804 1 1 0.9019608 0.8509804 1 1 0.9019608 0.8509804 1 0.9019608 0.6235294 0.5254902 1 0.9019608 0.6235294 0.5254902 1 0.9019608 0.6235294 0.5254902 1 1 0.9019608 0.8509804 1 1 0.9019608 0.8509804 1 1 0.9019608 0.8509804 1 0.9019608 0.6235294 0.5254902 1 0.9019608 0.6235294 0.5254902 1 0.9019608 0.6235294 0.5254902 1 0.6313726 0.6313726 0.6313726 1 0.6313726 0.6313726 0.6313726 1 0.6313726 0.6313726 0.6313726 1 0.9019608 0.6235294 0.5254902 1 0.9019608 0.6235294 0.5254902 1 0.9019608 0.6235294 0.5254902 1 1 1 1 1 1 1 1 1 1 1 1 1 0.9019608 0.6235294 0.5254902 1 0.9019608 0.6235294 0.5254902 1 0.9019608 0.6235294 0.5254902 1 1 0.9019608 0.8509804 1 1 0.9019608 0.8509804 1 1 0.9019608 0.8509804 1 0.9019608 0.6235294 0.5254902 1 0.9019608 0.6235294 0.5254902 1 0.9019608 0.6235294 0.5254902 1 1 0.9019608 0.8509804 1 1 0.9019608 0.8509804 1 1 0.9019608 0.8509804 1 0.9019608 0.6235294 0.5254902 1 0.9019608 0.6235294 0.5254902 1 0.9019608 0.6235294 0.5254902 1 0.9019608 0.6235294 0.5254902 1 0.9019608 0.6235294 0.5254902 1 0.9019608 0.6235294 0.5254902 1 0.8941177 0.8862745 0.8980392 1 0.8941177 0.8862745 0.8980392 1 0.8941177 0.8862745 0.8980392 1 1 0.9019608 0.8509804 1 1 0.9019608 0.8509804 1 1 0.9019608 0.8509804 1 0.9019608 0.6235294 0.5254902 1 0.9019608 0.6235294 0.5254902 1 0.9019608 0.6235294 0.5254902 1 0.9019608 0.6235294 0.5254902 1 0.9019608 0.6235294 0.5254902 1 0.9019608 0.6235294 0.5254902 1 0.8941177 0.8862745 0.8980392 1 0.8941177 0.8862745 0.8980392 1 0.8941177 0.8862745 0.8980392 1 0.9019608 0.6235294 0.5254902 1 0.9019608 0.6235294 0.5254902 1 0.9019608 0.6235294 0.5254902 1 0.8509804 0.3411765 0.3803921 1 0.8313726 0.3647059 0.3960784 1 0.854902 0.3411765 0.3803921 1 0.3411765 0.3411765 0.3411765 1 0.2627451 0.2627451 0.2627451 1 0.3411765 0.3411765 0.3411765 1 0.3254902 0.3254902 0.3254902 1 0.2470588 0.2470588 0.2470588 1 0.2509804 0.2509804 0.2509804 1 0.2745098 0.2745098 0.2745098 1 0.3137255 0.3137255 0.3137255 1 0.2980392 0.2980392 0.2980392 1 0.9686275 0.9686275 0.9686275 1 0.9647059 0.9647059 0.9647059 1 0.972549 0.972549 0.972549 1 0.3372549 0.3372549 0.3372549 1 0.2392157 0.2392157 0.2392157 1 0.2431373 0.2431373 0.2431373 1 0.254902 0.254902 0.254902 1 0.254902 0.254902 0.254902 1 0.2509804 0.2509804 0.2509804 1 0.254902 0.254902 0.254902 1 0.3372549 0.3372549 0.3372549 1 0.2431373 0.2431373 0.2431373 1 0.9294118 0 0.007843136 1 0.9294118 0 0.007843136 1 0.9294118 0 0.007843136 1 0.2588235 0.4470588 0.6039216 1 0.2313725 0.4235294 0.5960785 1 0.2392157 0.427451 0.6 1 0.8588235 0.2588235 0.2823529 1 0.8588235 0.2431373 0.2627451 1 0.8588235 0.2588235 0.2823529 1 0.3490196 0.3490196 0.3490196 1 0.2666667 0.2666667 0.2666667 1 0.345098 0.345098 0.345098 1 1 0.9568628 0.9686275 1 1 0.9568628 0.9686275 1 1 0.9568628 0.9686275 1 1 1 1 1 1 1 1 1 1 1 1 1 0.8588235 0.2588235 0.2823529 1 0.8588235 0.2431373 0.2627451 1 0.8588235 0.2431373 0.2627451 1 0.9294118 0 0.007843136 1 0.9294118 0 0.007843136 1 0.9294118 0 0.007843136 1 0.2980392 0.4901961 0.6509804 1 0.2980392 0.4901961 0.6509804 1 0.2980392 0.4901961 0.6509804 1 0.9686275 0.9686275 0.9686275 1 0.972549 0.972549 0.972549 1 0.972549 0.972549 0.972549 1 1 0.9568628 0.9686275 1 1 0.9568628 0.9686275 1 1 0.9568628 0.9686275 1 0.3411765 0.3411765 0.3411765 1 0.2627451 0.2627451 0.2627451 1 0.3372549 0.3372549 0.3372549 1 0.8588235 0.254902 0.2784314 1 0.8588235 0.2431373 0.2627451 1 0.8588235 0.254902 0.2784314 1 0.9686275 0.9686275 0.9686275 1 0.972549 0.972549 0.972549 1 0.9686275 0.9686275 0.9686275 1 0.8352941 0.3568627 0.3882353 1 0.8627451 0.3294118 0.3647059 1 0.8352941 0.3568627 0.3921568 1 0.8588235 0.1529412 0.1803922 1 0.8588235 0.1529412 0.1803922 1 0.8588235 0.1529412 0.1803922 1 0.8588235 0.2705882 0.2901961 1 0.8588235 0.2627451 0.2823529 1 0.8588235 0.254902 0.2745098 1 0.8352941 0.3529412 0.3843137 1 0.8588235 0.3372549 0.372549 1 0.8627451 0.3333333 0.3686274 1 0.9764706 0.9764706 0.9764706 1 0.9764706 0.9764706 0.9764706 1 0.9803922 0.9803922 0.9803922 1 0.8352941 0.3568627 0.3843137 1 0.8627451 0.3294118 0.3647059 1 0.8313726 0.3529412 0.3882353 1 0.9647059 0.9647059 0.9647059 1 0.9686275 0.9686275 0.9686275 1 0.9647059 0.9647059 0.9647059 1 1 1 1 1 1 1 1 1 1 1 1 1 0.9176471 0.1137255 0.1215686 1 0.9215686 0.07843136 0.08235293 1 0.9176471 0.1019608 0.1098039 1 0.2705882 0.2705882 0.2705882 1 0.3215686 0.3215686 0.3215686 1 0.3294118 0.3294118 0.3294118 1 0.8313726 0.3607843 0.3960784 1 0.8588235 0.3254902 0.3607843 1 0.8588235 0.3254902 0.3607843 1 0.254902 0.254902 0.254902 1 0.3333333 0.3333333 0.3333333 1 0.254902 0.254902 0.254902 1 1 0 0.1019608 1 1 0 0.1019608 1 1 0 0.1019608 1 0.9686275 0.9686275 0.9686275 1 0.9764706 0.9764706 0.9764706 1 0.9686275 0.9686275 0.9686275 1 0.9764706 0.9764706 0.9764706 1 0.9764706 0.9764706 0.9764706 1 0.9764706 0.9764706 0.9764706 1 0.3333333 0.3333333 0.3333333 1 0.2470588 0.2470588 0.2470588 1 0.3333333 0.3333333 0.3333333 1 0 0 0 1 0 0 0 1 0 0 0 1 0.8666667 0.3215686 0.345098 1 0.882353 0.3019608 0.345098 1 0.8666667 0.3058823 0.3372549 1 0.9254902 0.1294118 0.1372549 1 0.9215686 0.1490196 0.1529412 1 0.9254902 0.1254902 0.1294118 1 0.9215686 0.1647059 0.172549 1 0.9176471 0.1490196 0.1568627 1 0.9215686 0.1529412 0.1607843 1 0.2470588 0.2470588 0.2470588 1 0.3294118 0.3294118 0.3294118 1 0.2470588 0.2470588 0.2470588 1 0.2666667 0.2666667 0.2666667 1 0.3411765 0.3411765 0.3411765 1 0.2666667 0.2666667 0.2666667 1 0.2627451 0.2627451 0.2627451 1 0.2627451 0.2627451 0.2627451 1 0.2627451 0.2627451 0.2627451 1 0.854902 0.3372549 0.372549 1 0.8313726 0.3568627 0.3921568 1 0.8352941 0.3568627 0.3882353 1 0.8588235 0.3098039 0.345098 1 0.8901961 0.2980392 0.3372549 1 0.8784314 0.2901961 0.3254902 1 0.827451 0.3686274 0.3960784 1 0.8588235 0.3254902 0.3607843 1 0.8352941 0.3647059 0.3960784 1 0.8745098 0.3019608 0.3372549 1 0.8941177 0.2823529 0.3254902 1 0.9019608 0.2627451 0.2980392 1 0.8352941 0.3647059 0.3882353 1 0.8588235 0.3215686 0.3607843 1 0.8588235 0.3372549 0.372549 1 1 1 1 1 1 1 1 1 1 1 1 1 1 1 1 1 1 1 1 1 1 1 1 1 1 0 0.1019608 1 1 0 0.1019608 1 1 0 0.1019608 1 0.854902 0.254902 0.2823529 1 0.854902 0.2470588 0.2705882 1 0.854902 0.254902 0.2823529 1 0.8470588 0.3411765 0.372549 1 0.8784314 0.3058823 0.345098 1 0.8666667 0.3137255 0.345098 1 1 1 1 1 1 1 1 1 1 1 1 1 0.9686275 0.9686275 0.9686275 1 0.972549 0.972549 0.972549 1 0.9686275 0.9686275 0.9686275 1 0.854902 0.2627451 0.2823529 1 0.8588235 0.2431373 0.2666667 1 0.854902 0.2627451 0.2823529 1 0.9254902 0.9254902 0.9254902 1 0.9490196 0.9490196 0.9490196 1 0.9372549 0.9372549 0.9372549 1 0.9294118 0 0.007843136 1 0.9294118 0 0.007843136 1 0.9294118 0 0.007843136 1 1 1 1 1 1 1 1 1 1 1 1 1 1 1 1 1 1 1 1 1 1 1 1 1 0.8588235 0.1529412 0.1803922 1 0.8588235 0.1529412 0.1803922 1 0.8588235 0.1529412 0.1803922 1 0.8313726 0.3529412 0.3882353 1 0.8666667 0.3254902 0.3686274 1 0.8588235 0.3254902 0.3647059 1 0 0 0 1 0 0 0 1 0 0 0 1 1 1 1 1 1 1 1 1 1 1 1 1 0.9294118 0.9294118 0.9294118 1 0.9450981 0.9450981 0.9450981 1 0.9294118 0.9294118 0.9294118 1 0.9294118 0 0.007843136 1 0.9294118 0 0.007843136 1 0.9294118 0 0.007843136 1 0.854902 0.2627451 0.2901961 1 0.8588235 0.2392157 0.2666667 1 0.854902 0.2627451 0.2862745 1 1 1 1 1 1 1 1 1 1 1 1 1 0.9294118 0 0.007843136 1 0.9294118 0 0.007843136 1 0.9294118 0 0.007843136 1 1 0.9568628 0.9686275 1 1 0.9568628 0.9686275 1 1 0.9568628 0.9686275 1 0.854902 0.3411765 0.3803921 1 0.827451 0.3607843 0.4 1 0.8509804 0.345098 0.3764706 1 0.854902 0.3333333 0.372549 1 0.827451 0.3568627 0.4 1 0.8313726 0.3568627 0.3921568 1 0.8313726 0.3529412 0.3882353 1 0.8627451 0.3294118 0.3607843 1 0.8627451 0.3215686 0.3568627 1 0.9215686 0.1529412 0.1607843 1 0.9215686 0.1607843 0.1686275 1 0.9215686 0.1529412 0.1568627 1 1 1 1 1 1 1 1 1 1 1 1 1 0.9686275 0.9686275 0.9686275 1 0.9764706 0.9764706 0.9764706 1 0.9686275 0.9686275 0.9686275 1 0.854902 0.2627451 0.2823529 1 0.8588235 0.2392157 0.2666667 1 0.8588235 0.2392157 0.2627451 1 0.854902 0.2627451 0.2901961 1 0.8588235 0.2392157 0.2666667 1 0.854902 0.2627451 0.2862745 1 0.3333333 0.3333333 0.3333333 1 0.2470588 0.2470588 0.2470588 1 0.3372549 0.3372549 0.3372549 1 0.3411765 0.3411765 0.3411765 1 0.2588235 0.2588235 0.2588235 1 0.345098 0.345098 0.345098 1 0.2705882 0.2705882 0.2705882 1 0.3215686 0.3215686 0.3215686 1 0.2705882 0.2705882 0.2705882 1 0.9686275 0.9686275 0.9686275 1 0.9764706 0.9764706 0.9764706 1 0.9686275 0.9686275 0.9686275 1 0.854902 0.2627451 0.2823529 1 0.854902 0.2470588 0.2705882 1 0.854902 0.2627451 0.2862745 1 0.8313726 0.3686274 0.3882353 1 0.8627451 0.3294118 0.3686274 1 0.8352941 0.3607843 0.3882353 1 1 1 1 1 1 1 1 1 1 1 1 1 0.3333333 0.3333333 0.3333333 1 0.2470588 0.2470588 0.2470588 1 0.2470588 0.2470588 0.2470588 1 0.254902 0.254902 0.254902 1 0.3333333 0.3333333 0.3333333 1 0.254902 0.254902 0.254902 1 0.2392157 0.2392157 0.2392157 1 0.3294118 0.3294118 0.3294118 1 0.3372549 0.3372549 0.3372549 1 0.254902 0.254902 0.254902 1 0.3294118 0.3294118 0.3294118 1 0.254902 0.254902 0.254902 1 0.2666667 0.2666667 0.2666667 1 0.3333333 0.3333333 0.3333333 1 0.2627451 0.2627451 0.2627451 1 0.2745098 0.2745098 0.2745098 1 0.3215686 0.3215686 0.3215686 1 0.2666667 0.2666667 0.2666667 1 0.8352941 0.3568627 0.3843137 1 0.8627451 0.3215686 0.3568627 1 0.8627451 0.3294118 0.372549 1 0.8588235 0.2588235 0.2823529 1 0.8588235 0.2392157 0.2627451 1 0.8588235 0.2588235 0.2823529 1 1 1 1 1 1 1 1 1 1 1 1 1 0.9686275 0.9686275 0.9686275 1 0.972549 0.972549 0.972549 1 0.972549 0.972549 0.972549 1 0.9764706 0.9764706 0.9764706 1 0.9764706 0.9764706 0.9764706 1 0.9764706 0.9764706 0.9764706 1 0.8588235 0.2745098 0.2941176 1 0.8588235 0.2352941 0.2627451 1 0.8588235 0.2745098 0.2980392 1 0.8588235 0.1529412 0.1803922 1 0.8588235 0.1529412 0.1803922 1 0.8588235 0.1529412 0.1803922 1 0.854902 0.2627451 0.2823529 1 0.854902 0.2470588 0.2705882 1 0.854902 0.2470588 0.2705882 1 1 1 1 1 1 1 1 1 1 1 1 1 1 1 1 1 1 1 1 1 1 1 1 1 1 1 1 1 1 1 1 1 1 1 1 1 0.3372549 0.3372549 0.3372549 1 0.2509804 0.2509804 0.2509804 1 0.3333333 0.3333333 0.3333333 1 0.9647059 0.9647059 0.9647059 1 0.9764706 0.9764706 0.9764706 1 0.9647059 0.9647059 0.9647059 1 0.9294118 0 0.007843136 1 0.9294118 0 0.007843136 1 0.9294118 0 0.007843136 1 0.9294118 0 0.007843136 1 0.9294118 0 0.007843136 1 0.9294118 0 0.007843136 1 0.9294118 0 0.007843136 1 0.9294118 0 0.007843136 1 0.9294118 0 0.007843136 1 0 0 0 1 0 0 0 1 0 0 0 1 0.9294118 0 0.007843136 1 0.9294118 0 0.007843136 1 0.9294118 0 0.007843136 1 0.9764706 0.9764706 0.9764706 1 0.9764706 0.9764706 0.9764706 1 0.9764706 0.9764706 0.9764706 1 0.9647059 0.9647059 0.9647059 1 0.972549 0.972549 0.972549 1 0.9764706 0.9764706 0.9764706 1 0.9647059 0.9647059 0.9647059 1 0.9764706 0.9764706 0.9764706 1 0.9764706 0.9764706 0.9764706 1 0.8352941 0.3607843 0.3882353 1 0.8627451 0.3254902 0.3647059 1 0.8352941 0.3568627 0.3843137 1 0.8588235 0.254902 0.2784314 1 0.8588235 0.2392157 0.2627451 1 0.8588235 0.2352941 0.2627451 1 0.8313726 0.3568627 0.3921568 1 0.8509804 0.3372549 0.3803921 1 0.827451 0.3607843 0.3960784 1 1 1 1 1 1 1 1 1 1 1 1 1 1 0.9568628 0.9686275 1 1 0.9568628 0.9686275 1 1 0.9568628 0.9686275 1 1 0 0.1019608 1 1 0 0.1019608 1 1 0 0.1019608 1 0.3372549 0.3372549 0.3372549 1 0.254902 0.254902 0.254902 1 0.3254902 0.3254902 0.3254902 1 0.972549 0.972549 0.972549 1 0.9686275 0.9686275 0.9686275 1 0.9647059 0.9647059 0.9647059 1 0.9176471 0.1372549 0.145098 1 0.9176471 0.1019608 0.1098039 1 0.9176471 0.1137255 0.1215686 1 0.8588235 0.1529412 0.1803922 1 0.8588235 0.1529412 0.1803922 1 0.8588235 0.1529412 0.1803922 1 0.509804 0.7333334 0.8705883 1 0.3215686 0.6784314 0.8901961 1 0.4431372 0.7176471 0.8784314 1 0.2627451 0.2627451 0.2627451 1 0.254902 0.254902 0.254902 1 0.2431373 0.2431373 0.2431373 1 0 0 0 1 0 0 0 1 0 0 0 1 0.2666667 0.2666667 0.2666667 1 0.3372549 0.3372549 0.3372549 1 0.2666667 0.2666667 0.2666667 1 0.854902 0.254902 0.2823529 1 0.854902 0.2470588 0.2705882 1 0.854902 0.2470588 0.2705882 1 0.3568627 0.3568627 0.3568627 1 0.2705882 0.2705882 0.2705882 1 0.2666667 0.2666667 0.2666667 1 0.8509804 0.3411765 0.3803921 1 0.827451 0.3647059 0.3960784 1 0.8313726 0.3647059 0.3960784 1 0.3411765 0.3411765 0.3411765 1 0.2588235 0.2588235 0.2588235 1 0.2627451 0.2627451 0.2627451 1 0.3254902 0.3254902 0.3254902 1 0.3333333 0.3333333 0.3333333 1 0.2470588 0.2470588 0.2470588 1 0.2745098 0.2745098 0.2745098 1 0.2666667 0.2666667 0.2666667 1 0.3137255 0.3137255 0.3137255 1 0.9686275 0.9686275 0.9686275 1 0.9686275 0.9686275 0.9686275 1 0.9647059 0.9647059 0.9647059 1 0.3372549 0.3372549 0.3372549 1 0.3294118 0.3294118 0.3294118 1 0.2392157 0.2392157 0.2392157 1 0.254902 0.254902 0.254902 1 0.2470588 0.2470588 0.2470588 1 0.254902 0.254902 0.254902 1 0.254902 0.254902 0.254902 1 0.3254902 0.3254902 0.3254902 1 0.3372549 0.3372549 0.3372549 1 0.9294118 0 0.007843136 1 0.9294118 0 0.007843136 1 0.9294118 0 0.007843136 1 0.2588235 0.4470588 0.6039216 1 0.2588235 0.4431372 0.6078432 1 0.2313725 0.4235294 0.5960785 1 0.8588235 0.2588235 0.2823529 1 0.8588235 0.2431373 0.2627451 1 0.8588235 0.2431373 0.2627451 1 0.3490196 0.3490196 0.3490196 1 0.2705882 0.2705882 0.2705882 1 0.2666667 0.2666667 0.2666667 1 1 0.9568628 0.9686275 1 1 0.9568628 0.9686275 1 1 0.9568628 0.9686275 1 1 1 1 1 1 1 1 1 1 1 1 1 0.8588235 0.2588235 0.2823529 1 0.8588235 0.2588235 0.2823529 1 0.8588235 0.2431373 0.2627451 1 0.9294118 0 0.007843136 1 0.9294118 0 0.007843136 1 0.9294118 0 0.007843136 1 0.2980392 0.4901961 0.6509804 1 0.2980392 0.4901961 0.6509804 1 0.2980392 0.4901961 0.6509804 1 0.9686275 0.9686275 0.9686275 1 0.9686275 0.9686275 0.9686275 1 0.972549 0.972549 0.972549 1 1 0.9568628 0.9686275 1 1 0.9568628 0.9686275 1 1 0.9568628 0.9686275 1 0.3411765 0.3411765 0.3411765 1 0.2627451 0.2627451 0.2627451 1 0.2627451 0.2627451 0.2627451 1 0.8588235 0.254902 0.2784314 1 0.8588235 0.2431373 0.2627451 1 0.8588235 0.2431373 0.2627451 1 0.9686275 0.9686275 0.9686275 1 0.972549 0.972549 0.972549 1 0.972549 0.972549 0.972549 1 0.8352941 0.3568627 0.3882353 1 0.8588235 0.3215686 0.3647059 1 0.8627451 0.3294118 0.3647059 1 0.8588235 0.1529412 0.1803922 1 0.8588235 0.1529412 0.1803922 1 0.8588235 0.1529412 0.1803922 1 0.8588235 0.2705882 0.2901961 1 0.8588235 0.2666667 0.2901961 1 0.8588235 0.2627451 0.2823529 1 0.8352941 0.3529412 0.3843137 1 0.8352941 0.3607843 0.3882353 1 0.8588235 0.3372549 0.372549 1 0.9764706 0.9764706 0.9764706 1 0.9764706 0.9764706 0.9764706 1 0.9764706 0.9764706 0.9764706 1 0.8352941 0.3568627 0.3843137 1 0.854902 0.3254902 0.3607843 1 0.8627451 0.3294118 0.3647059 1 0.9647059 0.9647059 0.9647059 1 0.9764706 0.9764706 0.9764706 1 0.9686275 0.9686275 0.9686275 1 1 1 1 1 1 1 1 1 1 1 1 1 0.9176471 0.1137255 0.1215686 1 0.9215686 0.09019607 0.0980392 1 0.9215686 0.07843136 0.08235293 1 0.2705882 0.2705882 0.2705882 1 0.2745098 0.2745098 0.2745098 1 0.3215686 0.3215686 0.3215686 1 0.8313726 0.3607843 0.3960784 1 0.827451 0.3686274 0.3960784 1 0.8588235 0.3254902 0.3607843 1 0.254902 0.254902 0.254902 1 0.3333333 0.3333333 0.3333333 1 0.3333333 0.3333333 0.3333333 1 1 0 0.1019608 1 1 0 0.1019608 1 1 0 0.1019608 1 0.9686275 0.9686275 0.9686275 1 0.9764706 0.9764706 0.9764706 1 0.9764706 0.9764706 0.9764706 1 0.9764706 0.9764706 0.9764706 1 0.9764706 0.9764706 0.9764706 1 0.9764706 0.9764706 0.9764706 1 0.3333333 0.3333333 0.3333333 1 0.2627451 0.2627451 0.2627451 1 0.2470588 0.2470588 0.2470588 1 0 0 0 1 0 0 0 1 0 0 0 1 0.8666667 0.3215686 0.345098 1 0.8745098 0.3019608 0.345098 1 0.882353 0.3019608 0.345098 1 0.9254902 0.1294118 0.1372549 1 0.9215686 0.1568627 0.1647059 1 0.9215686 0.1490196 0.1529412 1 0.9215686 0.1647059 0.172549 1 0.9215686 0.1607843 0.1686275 1 0.9176471 0.1490196 0.1568627 1 0.2470588 0.2470588 0.2470588 1 0.3254902 0.3254902 0.3254902 1 0.3294118 0.3294118 0.3294118 1 0.2666667 0.2666667 0.2666667 1 0.3333333 0.3333333 0.3333333 1 0.3411765 0.3411765 0.3411765 1 0.2627451 0.2627451 0.2627451 1 0.2941176 0.2941176 0.2941176 1 0.2627451 0.2627451 0.2627451 1 0.854902 0.3372549 0.372549 1 0.854902 0.3333333 0.372549 1 0.8313726 0.3568627 0.3921568 1 0.8588235 0.3098039 0.345098 1 0.882353 0.3058823 0.3411765 1 0.8901961 0.2980392 0.3372549 1 0.827451 0.3686274 0.3960784 1 0.8588235 0.3254902 0.3607843 1 0.8588235 0.3254902 0.3607843 1 0.8745098 0.3019608 0.3372549 1 0.8901961 0.2980392 0.3411765 1 0.8941177 0.2823529 0.3254902 1 0.8352941 0.3647059 0.3882353 1 0.8392157 0.3490196 0.3803921 1 0.8588235 0.3215686 0.3607843 1 1 1 1 1 1 1 1 1 1 1 1 1 1 1 1 1 1 1 1 1 1 1 1 1 1 0 0.1019608 1 1 0 0.1019608 1 1 0 0.1019608 1 0.854902 0.254902 0.2823529 1 0.854902 0.2470588 0.2705882 1 0.854902 0.2470588 0.2705882 1 0.8470588 0.3411765 0.372549 1 0.8666667 0.3254902 0.3647059 1 0.8784314 0.3058823 0.345098 1 1 1 1 1 1 1 1 1 1 1 1 1 0.9686275 0.9686275 0.9686275 1 0.9764706 0.9764706 0.9764706 1 0.972549 0.972549 0.972549 1 0.854902 0.2627451 0.2823529 1 0.8588235 0.2431373 0.2666667 1 0.8588235 0.2431373 0.2666667 1 0.9254902 0.9254902 0.9254902 1 0.9450981 0.9450981 0.9450981 1 0.9490196 0.9490196 0.9490196 1 0.9294118 0 0.007843136 1 0.9294118 0 0.007843136 1 0.9294118 0 0.007843136 1 1 1 1 1 1 1 1 1 1 1 1 1 1 1 1 1 1 1 1 1 1 1 1 1 0.8588235 0.1529412 0.1803922 1 0.8588235 0.1529412 0.1803922 1 0.8588235 0.1529412 0.1803922 1 0.8313726 0.3529412 0.3882353 1 0.8313726 0.3607843 0.3921568 1 0.8666667 0.3254902 0.3686274 1 0 0 0 1 0 0 0 1 0 0 0 1 1 1 1 1 1 1 1 1 1 1 1 1 0.9294118 0.9294118 0.9294118 1 0.9411765 0.9411765 0.9411765 1 0.9450981 0.9450981 0.9450981 1 0.9294118 0 0.007843136 1 0.9294118 0 0.007843136 1 0.9294118 0 0.007843136 1 0.854902 0.2627451 0.2901961 1 0.8588235 0.2392157 0.2666667 1 0.8588235 0.2392157 0.2666667 1 1 1 1 1 1 1 1 1 1 1 1 1 0.9294118 0 0.007843136 1 0.9294118 0 0.007843136 1 0.9294118 0 0.007843136 1 1 0.9568628 0.9686275 1 1 0.9568628 0.9686275 1 1 0.9568628 0.9686275 1 0.854902 0.3411765 0.3803921 1 0.8313726 0.3647059 0.3960784 1 0.827451 0.3607843 0.4 1 0.854902 0.3333333 0.372549 1 0.8509804 0.3411765 0.3803921 1 0.827451 0.3568627 0.4 1 0.8313726 0.3529412 0.3882353 1 0.8313726 0.3568627 0.3882353 1 0.8627451 0.3294118 0.3607843 1 0.9215686 0.1529412 0.1607843 1 0.9215686 0.1647059 0.172549 1 0.9215686 0.1607843 0.1686275 1 1 1 1 1 1 1 1 1 1 1 1 1 0.9686275 0.9686275 0.9686275 1 0.9764706 0.9764706 0.9764706 1 0.9764706 0.9764706 0.9764706 1 0.854902 0.2627451 0.2823529 1 0.854902 0.2627451 0.2823529 1 0.8588235 0.2392157 0.2666667 1 0.854902 0.2627451 0.2901961 1 0.8588235 0.2392157 0.2666667 1 0.8588235 0.2392157 0.2666667 1 0.3333333 0.3333333 0.3333333 1 0.254902 0.254902 0.254902 1 0.2470588 0.2470588 0.2470588 1 0.3411765 0.3411765 0.3411765 1 0.2666667 0.2666667 0.2666667 1 0.2588235 0.2588235 0.2588235 1 0.2705882 0.2705882 0.2705882 1 0.317647 0.317647 0.317647 1 0.3215686 0.3215686 0.3215686 1 0.9686275 0.9686275 0.9686275 1 0.9764706 0.9764706 0.9764706 1 0.9764706 0.9764706 0.9764706 1 0.854902 0.2627451 0.2823529 1 0.854902 0.2470588 0.2705882 1 0.854902 0.2470588 0.2705882 1 0.8313726 0.3686274 0.3882353 1 0.8666667 0.3294118 0.3647059 1 0.8627451 0.3294118 0.3686274 1 1 1 1 1 1 1 1 1 1 1 1 1 0.3333333 0.3333333 0.3333333 1 0.3372549 0.3372549 0.3372549 1 0.2470588 0.2470588 0.2470588 1 0.254902 0.254902 0.254902 1 0.3372549 0.3372549 0.3372549 1 0.3333333 0.3333333 0.3333333 1 0.2392157 0.2392157 0.2392157 1 0.2509804 0.2509804 0.2509804 1 0.3294118 0.3294118 0.3294118 1 0.254902 0.254902 0.254902 1 0.3372549 0.3372549 0.3372549 1 0.3294118 0.3294118 0.3294118 1 0.2666667 0.2666667 0.2666667 1 0.345098 0.345098 0.345098 1 0.3333333 0.3333333 0.3333333 1 0.2745098 0.2745098 0.2745098 1 0.3294118 0.3294118 0.3294118 1 0.3215686 0.3215686 0.3215686 1 0.8352941 0.3568627 0.3843137 1 0.8352941 0.3529412 0.3843137 1 0.8627451 0.3215686 0.3568627 1 0.8588235 0.2588235 0.2823529 1 0.8588235 0.2392157 0.2627451 1 0.8588235 0.2392157 0.2627451 1 1 1 1 1 1 1 1 1 1 1 1 1 0.9686275 0.9686275 0.9686275 1 0.9686275 0.9686275 0.9686275 1 0.972549 0.972549 0.972549 1 0.9764706 0.9764706 0.9764706 1 0.9764706 0.9764706 0.9764706 1 0.9764706 0.9764706 0.9764706 1 0.8588235 0.2745098 0.2941176 1 0.8588235 0.2313725 0.254902 1 0.8588235 0.2352941 0.2627451 1 0.8588235 0.1529412 0.1803922 1 0.8588235 0.1529412 0.1803922 1 0.8588235 0.1529412 0.1803922 1 0.854902 0.2627451 0.2823529 1 0.854902 0.2627451 0.2862745 1 0.854902 0.2470588 0.2705882 1 1 1 1 1 1 1 1 1 1 1 1 1 1 1 1 1 1 1 1 1 1 1 1 1 1 1 1 1 1 1 1 1 1 1 1 1 0.3372549 0.3372549 0.3372549 1 0.2509804 0.2509804 0.2509804 1 0.2509804 0.2509804 0.2509804 1 0.9647059 0.9647059 0.9647059 1 0.9764706 0.9764706 0.9764706 1 0.9764706 0.9764706 0.9764706 1 0.9294118 0 0.007843136 1 0.9294118 0 0.007843136 1 0.9294118 0 0.007843136 1 0.9294118 0 0.007843136 1 0.9294118 0 0.007843136 1 0.9294118 0 0.007843136 1 0.9294118 0 0.007843136 1 0.9294118 0 0.007843136 1 0.9294118 0 0.007843136 1 0 0 0 1 0 0 0 1 0 0 0 1 0.9294118 0 0.007843136 1 0.9294118 0 0.007843136 1 0.9294118 0 0.007843136 1 0.9764706 0.9764706 0.9764706 1 0.9764706 0.9764706 0.9764706 1 0.9764706 0.9764706 0.9764706 1 0.9647059 0.9647059 0.9647059 1 0.9686275 0.9686275 0.9686275 1 0.972549 0.972549 0.972549 1 0.9647059 0.9647059 0.9647059 1 0.9686275 0.9686275 0.9686275 1 0.9764706 0.9764706 0.9764706 1 0.8352941 0.3607843 0.3882353 1 0.8627451 0.3294118 0.3647059 1 0.8627451 0.3254902 0.3647059 1 0.8588235 0.254902 0.2784314 1 0.8588235 0.2588235 0.2823529 1 0.8588235 0.2392157 0.2627451 1 0.8313726 0.3568627 0.3921568 1 0.854902 0.3372549 0.3764706 1 0.8509804 0.3372549 0.3803921 1 1 1 1 1 1 1 1 1 1 1 1 1 1 0.9568628 0.9686275 1 1 0.9568628 0.9686275 1 1 0.9568628 0.9686275 1 1 0 0.1019608 1 1 0 0.1019608 1 1 0 0.1019608 1 0.3372549 0.3372549 0.3372549 1 0.254902 0.254902 0.254902 1 0.254902 0.254902 0.254902 1 0.972549 0.972549 0.972549 1 0.9686275 0.9686275 0.9686275 1 0.9686275 0.9686275 0.9686275 1 0.9176471 0.1372549 0.145098 1 0.9176471 0.1215686 0.1294118 1 0.9176471 0.1019608 0.1098039 1 0.8588235 0.1529412 0.1803922 1 0.8588235 0.1529412 0.1803922 1 0.8588235 0.1529412 0.1803922 1 0.509804 0.7333334 0.8705883 1 0.4392157 0.7176471 0.8745098 1 0.3215686 0.6784314 0.8901961 1 0.2627451 0.2627451 0.2627451 1 0.2745098 0.2745098 0.2745098 1 0.254902 0.254902 0.254902 1 0 0 0 1 0 0 0 1 0 0 0 1 0.2666667 0.2666667 0.2666667 1 0.3254902 0.3254902 0.3254902 1 0.3372549 0.3372549 0.3372549 1 0.854902 0.254902 0.2823529 1 0.854902 0.254902 0.2823529 1 0.854902 0.2470588 0.2705882 1 0.3568627 0.3568627 0.3568627 1 0.3529412 0.3529412 0.3529412 1 0.2705882 0.2705882 0.2705882 1 1 0.9019608 0.8509804 1 1 0.9019608 0.8509804 1 1 0.9019608 0.8509804 1 1 0.9019608 0.8509804 1 1 0.9019608 0.8509804 1 1 0.9019608 0.8509804 1 1 0.9019608 0.8509804 1 1 0.9019608 0.8509804 1 1 0.9019608 0.8509804 1 1 0.9019608 0.8509804 1 1 0.9019608 0.8509804 1 1 0.9019608 0.8509804 1 1 0.9019608 0.8509804 1 1 0.9019608 0.8509804 1 1 0.9019608 0.8509804 1 1 0.9019608 0.8509804 1 1 0.9019608 0.8509804 1 1 0.9019608 0.8509804 1 1 0.9019608 0.8509804 1 1 0.9019608 0.8509804 1 1 0.9019608 0.8509804 1 1 0.9019608 0.8509804 1 1 0.9019608 0.8509804 1 1 0.9019608 0.8509804 1 1 0.9019608 0.8509804 1 1 0.9019608 0.8509804 1 1 0.9019608 0.8509804 1 1 0.9019608 0.8509804 1 1 0.9019608 0.8509804 1 1 0.9019608 0.8509804 1 1 0.9019608 0.8509804 1 1 0.9019608 0.8509804 1 1 0.9019608 0.8509804 1 1 0.9019608 0.8509804 1 1 0.9019608 0.8509804 1 1 0.9019608 0.8509804 1 1 0.9019608 0.8509804 1 1 0.9019608 0.8509804 1 1 0.9019608 0.8509804 1 1 0.9019608 0.8509804 1 1 0.9019608 0.8509804 1 1 0.9019608 0.8509804 1 1 0.9019608 0.8509804 1 1 0.9019608 0.8509804 1 1 0.9019608 0.8509804 1 1 0.9019608 0.8509804 1 1 0.9019608 0.8509804 1 1 0.9019608 0.8509804 1 1 0.9019608 0.8509804 1 1 0.9019608 0.8509804 1 1 0.9019608 0.8509804 1 1 0.9019608 0.8509804 1 1 0.9019608 0.8509804 1 1 0.9019608 0.8509804 1 1 0.9019608 0.8509804 1 1 0.9019608 0.8509804 1 1 0.9019608 0.8509804 1 1 0.9019608 0.8509804 1 1 0.9019608 0.8509804 1 1 0.9019608 0.8509804 1 1 0.9019608 0.8509804 1 1 0.9019608 0.8509804 1 1 0.9019608 0.8509804 1 1 0.9019608 0.8509804 1 1 0.9019608 0.8509804 1 1 0.9019608 0.8509804 1 1 1 1 1 1 1 1 1 1 1 1 1 1 1 1 1 1 1 1 1 1 1 1 1 1 1 1 1 1 1 1 1 1 1 1 1 1 1 1 1 1 1 1 1 1 1 1 1 1 1 1 1 1 1 1 1 1 1 1 1 1 1 1 1 1 1 1 1 1 1 1 1 1 1 1 1 1 1 1 1 1 1 1 1 1 1 1 1 1 1 1 1 1 1 1 1 1 1 1 1 1 1 1 1 1 1 1 1 1 1 1 1 1 1 1 1 1 1 1 1 1 1 1 1 1 1 1 1 1 1 1 1 1 1 1 1 1 1 1 1 1 1 1 1 1 1 1 1 1 1 1 1 1 1 1 1 1 1 1 1 1 1 1 1 1 1 1 1 1 1 1 1 1 1 1 1 1 1 1 1 1 1 1 1 1 1 1 1 1 1 1 1 1 1 1 1 1 1 1 1 1 1 1 1 1 1 1 1 1 1 1 1 1 1 1 1 1 1 1 1 1 1 1 1 1 1 1 1 1 1 1 1 1 1 1 1 1 1 1 1 1 1 1 1 1 1 1 1 1 1 1 1 1 1 1 1 1 1 1 1 1 1 1 1 1 1 1 1 1 1 1 1 1 1 1 1 1 1 1 1 1 1 1 1 1 1 1 1 1 1 1 1 1 1 1 1 1 1 1 1 1 1 1 1 1 1 1 1 1 1 1 1 1 1 1 1 1 1 1 1 1 1 1 1 1 1 1 1 1 1 1 1 1 1 1 1 1 1 1 1 1 1 1 1 1 1 1 1 1 1 1 1 1 1 1 1 1 1 1 1 1 1 1 1 1 1 1 1 1 1 1 1 1 1 1 1 1 1 1 1 1 1 1 1 1 1 1 1 1 1 1 1 1 1 1 1 1 1 1 1 1 1 1 1 1 1 1 1 1 1 1 1 1 1 1 1 1 1 1 1 1 1 1 1 1 1 1 1 1 1 1 1 1 1 1 1 1 1 1 1 1 1 1 1 1 1 1 1 1 1 1 1 1 1 1 1 1 1 1 1 1 1 1 1 1 1 1 1 1 1 1 1 1 1 1 1 1 1 1 1 0.8980392 0.8235294 0.8039216 1 0.8980392 0.8235294 0.8039216 1 0.8980392 0.8235294 0.8039216 1 0.8980392 0.8235294 0.8039216 1 0.8980392 0.8235294 0.8039216 1 0.8980392 0.8235294 0.8039216 1 0.8980392 0.8235294 0.8039216 1 0.8980392 0.8235294 0.8039216 1 0.8980392 0.8235294 0.8039216 1 0.8980392 0.8235294 0.8039216 1 0.8980392 0.8235294 0.8039216 1 0.8980392 0.8235294 0.8039216 1 0.8980392 0.8235294 0.8039216 1 0.8980392 0.8235294 0.8039216 1 0.8980392 0.8235294 0.8039216 1 0.8980392 0.8235294 0.8039216 1 0.8980392 0.8235294 0.8039216 1 0.8980392 0.8235294 0.8039216 1 0.8980392 0.8235294 0.8039216 1 0.8980392 0.8235294 0.8039216 1 0.8980392 0.8235294 0.8039216 1 0.8980392 0.8235294 0.8039216 1 0.8980392 0.8235294 0.8039216 1 0.8980392 0.8235294 0.8039216 1 0.8980392 0.8235294 0.8039216 1 0.8980392 0.8235294 0.8039216 1 0.8980392 0.8235294 0.8039216 1 0.8980392 0.8235294 0.8039216 1 0.8980392 0.8235294 0.8039216 1 0.8980392 0.8235294 0.8039216 1 0.8980392 0.8235294 0.8039216 1 0.8980392 0.8235294 0.8039216 1 0.8980392 0.8235294 0.8039216 1 0.8980392 0.8235294 0.8039216 1 0.8980392 0.8235294 0.8039216 1 0.8980392 0.8235294 0.8039216 1</float_array>
          <technique_common>
            <accessor source="#Plane_057-mesh-colors-Col-array" count="1698" stride="4">
              <param name="R" type="float"/>
              <param name="G" type="float"/>
              <param name="B" type="float"/>
              <param name="A" type="float"/>
            </accessor>
          </technique_common>
        </source>
        <vertices id="Plane_057-mesh-vertices">
          <input semantic="POSITION" source="#Plane_057-mesh-positions"/>
        </vertices>
        <triangles material="clutter_commercial-material" count="276">
          <input semantic="VERTEX" source="#Plane_057-mesh-vertices" offset="0"/>
          <input semantic="NORMAL" source="#Plane_057-mesh-normals" offset="1"/>
          <input semantic="TEXCOORD" source="#Plane_057-mesh-map-0" offset="2" set="0"/>
          <input semantic="COLOR" source="#Plane_057-mesh-colors-Col" offset="3" set="0"/>
          <p>202 231 723 723 203 231 724 724 204 231 725 725 495 232 726 726 494 232 727 727 496 232 728 728 615 235 735 735 614 236 736 736 616 236 737 737 499 237 738 738 498 238 739 739 497 239 740 740 205 241 744 744 207 241 745 745 208 241 746 746 583 242 747 747 582 242 748 748 581 242 749 749 559 248 759 759 558 248 760 760 560 248 761 761 567 250 765 765 566 251 766 766 565 252 767 767 279 253 768 768 278 253 769 769 280 253 770 770 507 255 774 774 506 255 775 775 505 255 776 776 283 257 780 780 282 257 781 781 281 257 782 782 711 266 801 801 710 266 802 802 712 266 803 803 631 286 846 846 630 287 847 847 632 288 848 848 699 293 855 855 698 293 856 856 700 293 857 857 675 295 861 861 674 295 862 862 676 295 863 863 683 300 870 870 682 300 871 871 684 300 872 872 691 302 876 876 690 302 877 877 689 302 878 878 627 295 879 879 626 295 880 880 628 295 881 881 571 303 882 882 570 293 883 883 572 293 884 884 679 307 894 894 678 307 895 895 680 307 896 896 695 309 900 900 694 309 901 901 696 309 902 902 635 321 924 924 634 321 925 925 636 321 926 926 543 322 927 927 542 322 928 928 544 322 929 929 563 323 930 930 562 323 931 931 561 323 932 932 523 309 933 933 522 309 934 934 524 309 935 935 579 325 945 945 578 325 946 946 580 325 947 947 491 336 978 978 490 336 979 979 492 336 980 980 619 337 981 981 618 337 982 982 620 337 983 983 715 338 984 984 714 338 985 985 713 338 986 986 515 339 987 987 514 339 988 988 516 339 989 989 539 266 990 990 538 266 991 991 540 266 992 992 703 340 993 993 702 340 994 994 701 340 995 995 623 345 1002 1002 622 345 1003 1003 624 345 1004 1004 547 349 1011 1011 546 349 1012 1012 548 349 1013 1013 511 357 1029 1029 510 358 1030 1030 509 359 1031 1031 551 360 1032 1032 550 360 1033 1033 549 360 1034 1034 555 361 1035 1035 554 361 1036 1036 553 361 1037 1037 487 363 1041 1041 486 363 1042 1042 485 363 1043 1043 531 373 1065 1065 530 374 1066 1066 529 375 1067 1067 687 376 1068 1068 686 376 1069 1069 685 376 1070 1070 527 340 1080 1080 526 340 1081 1081 525 340 1082 1082 202 231 1113 1113 201 231 1114 1114 203 231 1115 1115 495 392 1116 1116 493 392 1117 1117 494 392 1118 1118 615 395 1125 1125 613 396 1126 1126 614 397 1127 1127 499 398 1128 1128 500 399 1129 1129 498 399 1130 1130 205 401 1134 1134 206 401 1135 1135 207 401 1136 1136 583 402 1137 1137 584 402 1138 1138 582 402 1139 1139 559 406 1149 1149 557 406 1150 1150 558 406 1151 1151 567 408 1155 1155 568 409 1156 1156 566 410 1157 1157 279 411 1158 1158 277 411 1159 1159 278 411 1160 1160 507 255 1164 1164 508 255 1165 1165 506 255 1166 1166 283 414 1170 1170 284 414 1171 1171 282 414 1172 1172 711 422 1191 1191 709 422 1192 1192 710 422 1193 1193 631 321 1236 1236 629 321 1237 1237 630 321 1238 1238 699 443 1245 1245 697 443 1246 1246 698 443 1247 1247 675 444 1251 1251 673 444 1252 1252 674 444 1253 1253 683 447 1260 1260 681 447 1261 1261 682 447 1262 1262 691 451 1266 1266 692 451 1267 1267 690 451 1268 1268 627 452 1269 1269 625 453 1270 1270 626 454 1271 1271 571 455 1272 1272 569 456 1273 1273 570 392 1274 1274 679 459 1284 1284 677 460 1285 1285 678 461 1286 1286 695 309 1290 1290 693 309 1291 1291 694 309 1292 1292 635 468 1314 1314 633 468 1315 1315 634 468 1316 1316 543 469 1317 1317 541 469 1318 1318 542 469 1319 1319 563 363 1320 1320 564 363 1321 1321 562 363 1322 1322 523 470 1323 1323 521 470 1324 1324 522 470 1325 1325 579 473 1335 1335 577 473 1336 1336 578 473 1337 1337 491 483 1368 1368 489 483 1369 1369 490 483 1370 1370 619 484 1371 1371 617 484 1372 1372 618 484 1373 1373 715 485 1374 1374 716 485 1375 1375 714 485 1376 1376 515 392 1377 1377 513 392 1378 1378 514 392 1379 1379 539 486 1380 1380 537 486 1381 1381 538 486 1382 1382 703 487 1383 1383 704 487 1384 1384 702 487 1385 1385 623 492 1392 1392 621 492 1393 1393 622 492 1394 1394 547 349 1401 1401 545 349 1402 1402 546 349 1403 1403 511 501 1419 1419 512 502 1420 1420 510 503 1421 1421 551 504 1422 1422 552 504 1423 1423 550 504 1424 1424 555 361 1425 1425 556 361 1426 1426 554 361 1427 1427 487 323 1431 1431 488 323 1432 1432 486 323 1433 1433 531 514 1455 1455 532 515 1456 1456 530 515 1457 1457 687 516 1458 1458 688 516 1459 1459 686 516 1460 1460 527 487 1470 1470 528 487 1471 1471 526 487 1472 1472 735 301 1698 873 737 301 1700 873 736 301 1699 873 735 301 1698 873 738 301 1701 873 737 301 1700 873 739 301 1702 873 741 301 1704 873 740 301 1703 873 739 301 1702 873 742 301 1705 873 741 301 1704 873 743 301 1706 873 745 301 1708 873 744 301 1707 873 743 301 1706 873 746 301 1709 873 745 301 1708 873 747 301 1710 873 749 301 1712 873 748 301 1711 873 747 301 1710 873 750 301 1713 873 749 301 1712 873 751 301 1714 873 753 301 1716 873 752 301 1715 873 751 301 1714 873 754 301 1717 873 753 301 1716 873 755 301 1718 873 757 301 1720 873 756 301 1719 873 755 301 1718 873 758 301 1721 873 757 301 1720 873 759 306 1722 891 761 306 1724 891 760 306 1723 891 759 306 1722 891 762 306 1725 891 761 306 1724 891 763 306 1726 891 765 306 1728 891 764 306 1727 891 763 306 1726 891 766 306 1729 891 765 306 1728 891 767 306 1730 891 769 306 1732 891 768 306 1731 891 767 306 1730 891 770 306 1733 891 769 306 1732 891 771 306 1734 891 773 306 1736 891 772 306 1735 891 771 306 1734 891 774 306 1737 891 773 306 1736 891 775 306 1738 891 777 306 1740 891 776 306 1739 891 775 306 1738 891 778 306 1741 891 777 306 1740 891 779 313 1742 906 781 313 1744 906 780 313 1743 906 779 313 1742 906 782 313 1745 906 781 313 1744 906 783 313 1746 906 785 313 1748 906 784 313 1747 906 783 313 1746 906 786 313 1749 906 785 313 1748 906 787 313 1750 906 789 313 1752 906 788 313 1751 906 787 313 1750 906 790 313 1753 906 789 313 1752 906 791 313 1754 906 793 313 1756 906 792 313 1755 906 791 313 1754 906 794 313 1757 906 793 313 1756 906 795 313 1758 906 797 313 1760 906 796 313 1759 906 795 313 1758 906 798 313 1761 906 797 313 1760 906 799 313 1762 906 801 313 1764 906 800 313 1763 906 799 313 1762 906 802 313 1765 906 801 313 1764 906 803 223 1766 708 804 223 1767 708 805 223 1768 708 803 223 1766 708 805 223 1768 708 806 223 1769 708 807 223 1770 708 808 223 1771 708 809 223 1772 708 807 223 1770 708 809 223 1772 708 810 223 1773 708 811 223 1774 708 812 223 1775 708 813 223 1776 708 811 223 1774 708 813 223 1776 708 814 223 1777 708 815 223 1778 708 816 223 1779 708 817 223 1780 708 815 223 1778 708 817 223 1780 708 818 223 1781 708 819 223 1782 708 820 223 1783 708 821 223 1784 708 819 223 1782 708 821 223 1784 708 822 223 1785 708 823 272 1786 816 824 272 1787 816 825 272 1788 816 823 272 1786 816 825 272 1788 816 826 272 1789 816 827 272 1790 816 828 272 1791 816 829 272 1792 816 827 272 1790 816 829 272 1792 816 830 272 1793 816 831 272 1794 816 832 272 1795 816 833 272 1796 816 831 272 1794 816 833 272 1796 816 834 272 1797 816 835 272 1798 816 836 272 1799 816 837 272 1800 816 835 272 1798 816 837 272 1800 816 838 272 1801 816 839 272 1802 816 840 272 1803 816 841 272 1804 816 839 272 1802 816 841 272 1804 816 842 272 1805 816 843 219 1806 696 845 219 1808 696 844 219 1807 696 843 219 1806 696 846 219 1809 696 845 219 1808 696 847 219 1810 696 849 219 1812 696 848 219 1811 696 847 219 1810 696 850 219 1813 696 849 219 1812 696 851 219 1814 696 853 219 1816 696 852 219 1815 696 851 219 1814 696 854 219 1817 696 853 219 1816 696 855 219 1818 696 857 219 1820 696 856 219 1819 696 855 219 1818 696 858 219 1821 696 857 219 1820 696 859 219 1822 696 861 219 1824 696 860 219 1823 696 859 219 1822 696 862 219 1825 696 861 219 1824 696 863 219 1826 696 865 219 1828 696 864 219 1827 696 863 219 1826 696 866 219 1829 696 865 219 1828 696 867 219 1830 696 869 219 1832 696 868 219 1831 696 867 219 1830 696 870 219 1833 696 869 219 1832 696 871 219 1834 696 873 219 1836 696 872 219 1835 696 871 219 1834 696 874 219 1837 696 873 219 1836 696 875 219 1838 696 877 219 1840 696 876 219 1839 696 875 219 1838 696 878 219 1841 696 877 219 1840 696 879 219 1842 696 881 219 1844 696 880 219 1843 696 879 219 1842 696 882 219 1845 696 881 219 1844 696 883 219 1846 696 885 219 1848 696 884 219 1847 696 883 219 1846 696 886 219 1849 696 885 219 1848 696 887 249 1850 762 888 249 1851 762 889 249 1852 762 887 249 1850 762 889 249 1852 762 890 249 1853 762 891 219 1854 696 893 219 1856 696 892 219 1855 696 891 219 1854 696 894 219 1857 696 893 219 1856 696 895 219 1858 696 897 219 1860 696 896 219 1859 696 895 219 1858 696 898 219 1861 696 897 219 1860 696 899 219 1862 696 901 219 1864 696 900 219 1863 696 899 219 1862 696 902 219 1865 696 901 219 1864 696 903 219 1866 696 905 219 1868 696 904 219 1867 696 903 219 1866 696 906 219 1869 696 905 219 1868 696 907 219 1870 696 909 219 1872 696 908 219 1871 696 907 219 1870 696 910 219 1873 696 909 219 1872 696 911 219 1874 696 913 219 1876 696 912 219 1875 696 911 219 1874 696 914 219 1877 696 913 219 1876 696 915 219 1878 696 917 219 1880 696 916 219 1879 696 915 219 1878 696 918 219 1881 696 917 219 1880 696 919 292 1882 852 921 292 1884 852 920 292 1883 852 919 292 1882 852 922 292 1885 852 921 292 1884 852 923 292 1886 852 925 292 1888 852 924 292 1887 852 923 292 1886 852 926 292 1889 852 925 292 1888 852 927 292 1890 852 929 292 1892 852 928 292 1891 852 927 292 1890 852 930 292 1893 852 929 292 1892 852 931 292 1894 852 933 292 1896 852 932 292 1895 852 931 292 1894 852 934 292 1897 852 933 292 1896 852 935 292 1898 852 937 292 1900 852 936 292 1899 852 935 292 1898 852 938 292 1901 852 937 292 1900 852 939 292 1902 852 941 292 1904 852 940 292 1903 852 939 292 1902 852 942 292 1905 852 941 292 1904 852 943 292 1906 852 945 292 1908 852 944 292 1907 852 943 292 1906 852 946 292 1909 852 945 292 1908 852 947 292 1910 852 949 292 1912 852 948 292 1911 852 947 292 1910 852 950 292 1913 852 949 292 1912 852 951 380 1914 1083 953 380 1916 1083 952 380 1915 1083 951 380 1914 1083 954 380 1917 1083 953 380 1916 1083 955 380 1918 1083 957 380 1920 1083 956 380 1919 1083 955 380 1918 1083 958 380 1921 1083 957 380 1920 1083 959 380 1922 1083 961 380 1924 1083 960 380 1923 1083 959 380 1922 1083 962 380 1925 1083 961 380 1924 1083 963 380 1926 1083 965 380 1928 1083 964 380 1927 1083 963 380 1926 1083 966 380 1929 1083 965 380 1928 1083 967 380 1930 1083 969 380 1932 1083 968 380 1931 1083 967 380 1930 1083 970 380 1933 1083 969 380 1932 1083 971 380 1934 1083 973 380 1936 1083 972 380 1935 1083 971 380 1934 1083 974 380 1937 1083 973 380 1936 1083 975 380 1938 1083 977 380 1940 1083 976 380 1939 1083 975 380 1938 1083 978 380 1941 1083 977 380 1940 1083 979 270 1942 807 980 270 1943 807 981 270 1944 807 979 270 1942 807 981 270 1944 807 982 270 1945 807 983 380 1946 1083 985 380 1948 1083 984 380 1947 1083 983 380 1946 1083 986 380 1949 1083 985 380 1948 1083 987 380 1950 1083 989 380 1952 1083 988 380 1951 1083 987 380 1950 1083 990 380 1953 1083 989 380 1952 1083 991 380 1954 1083 993 380 1956 1083 992 380 1955 1083 991 380 1954 1083 994 380 1957 1083 993 380 1956 1083 995 380 1958 1083 997 380 1960 1083 996 380 1959 1083 995 380 1958 1083 998 380 1961 1083 997 380 1960 1083 999 380 1962 1083 1001 380 1964 1083 1000 380 1963 1083 999 380 1962 1083 1002 380 1965 1083 1001 380 1964 1083 1003 380 1966 1083 1005 380 1968 1083 1004 380 1967 1083 1003 380 1966 1083 1006 380 1969 1083 1005 380 1968 1083 1007 380 1970 1083 1009 380 1972 1083 1008 380 1971 1083 1007 380 1970 1083 1010 380 1973 1083 1009 380 1972 1083 1011 380 1974 1083 1013 380 1976 1083 1012 380 1975 1083 1011 380 1974 1083 1014 380 1977 1083 1013 380 1976 1083 1015 380 1978 1083 1017 380 1980 1083 1016 380 1979 1083 1015 380 1978 1083 1018 380 1981 1083 1017 380 1980 1083 1019 270 1982 807 1020 270 1983 807 1021 270 1984 807 1019 270 1982 807 1021 270 1984 807 1022 270 1985 807 1023 380 1986 1083 1025 380 1988 1083 1024 380 1987 1083 1023 380 1986 1083 1026 380 1989 1083 1025 380 1988 1083 1027 380 1990 1083 1029 380 1992 1083 1028 380 1991 1083 1027 380 1990 1083 1030 380 1993 1083 1029 380 1992 1083 1031 380 1994 1083 1033 380 1996 1083 1032 380 1995 1083 1031 380 1994 1083 1034 380 1997 1083 1033 380 1996 1083 1035 380 1998 1083 1037 380 2000 1083 1036 380 1999 1083 1035 380 1998 1083 1038 380 2001 1083 1037 380 2000 1083 1039 380 2002 1083 1041 380 2004 1083 1040 380 2003 1083 1039 380 2002 1083 1042 380 2005 1083 1041 380 2004 1083 1043 380 2006 1083 1045 380 2008 1083 1044 380 2007 1083 1043 380 2006 1083 1046 380 2009 1083 1045 380 2008 1083 1047 380 2010 1083 1049 380 2012 1083 1048 380 2011 1083 1047 380 2010 1083 1050 380 2013 1083 1049 380 2012 1083 1051 270 2014 807 1052 270 2015 807 1053 270 2016 807 1051 270 2014 807 1053 270 2016 807 1054 270 2017 807 1055 380 2018 1083 1057 380 2020 1083 1056 380 2019 1083 1055 380 2018 1083 1058 380 2021 1083 1057 380 2020 1083 1059 380 2022 1083 1061 380 2024 1083 1060 380 2023 1083 1059 380 2022 1083 1062 380 2025 1083 1061 380 2024 1083 1063 380 2026 1083 1065 380 2028 1083 1064 380 2027 1083 1063 380 2026 1083 1066 380 2029 1083 1065 380 2028 1083 1067 380 2030 1083 1069 380 2032 1083 1068 380 2031 1083 1067 380 2030 1083 1070 380 2033 1083 1069 380 2032 1083 1071 380 2034 1083 1073 380 2036 1083 1072 380 2035 1083 1071 380 2034 1083 1074 380 2037 1083 1073 380 2036 1083 1075 245 2038 756 1076 245 2039 756 1077 245 2040 756 1075 245 2038 756 1077 245 2040 756 1078 245 2041 756 1079 245 2042 756 1080 245 2043 756 1081 245 2044 756 1079 245 2042 756 1081 245 2044 756 1082 245 2045 756 1083 267 2046 804 1085 267 2048 804 1084 267 2047 804 1083 267 2046 804 1086 267 2049 804 1085 267 2048 804 1087 267 2050 804 1089 267 2052 804 1088 267 2051 804 1087 267 2050 804 1090 267 2053 804 1089 267 2052 804 1091 289 2054 849 1093 289 2056 849 1092 289 2055 849 1091 289 2054 849 1094 289 2057 849 1093 289 2056 849 1095 289 2058 849 1097 289 2060 849 1096 289 2059 849 1095 289 2058 849 1098 289 2061 849 1097 289 2060 849 1099 297 2062 867 1100 297 2063 867 1101 297 2064 867 1099 297 2062 867 1101 297 2064 867 1102 297 2065 867 1103 297 2066 867 1104 297 2067 867 1105 297 2068 867 1103 297 2066 867 1105 297 2068 867 1106 297 2069 867 1107 245 2070 948 1108 245 2071 948 1109 245 2072 948 1107 245 2070 948 1109 245 2072 948 1110 245 2073 948 1111 245 2074 948 1112 245 2075 948 1113 245 2076 948 1111 245 2074 948 1113 245 2076 948 1114 245 2077 948 1115 341 2078 996 1117 341 2080 996 1116 341 2079 996 1115 341 2078 996 1118 341 2081 996 1117 341 2080 996 1119 341 2082 996 1121 341 2084 996 1120 341 2083 996 1119 341 2082 996 1122 341 2085 996 1121 341 2084 996</p>
        </triangles>
        <triangles material="wirefence-material" count="12">
          <input semantic="VERTEX" source="#Plane_057-mesh-vertices" offset="0"/>
          <input semantic="NORMAL" source="#Plane_057-mesh-normals" offset="1"/>
          <input semantic="TEXCOORD" source="#Plane_057-mesh-map-0" offset="2" set="0"/>
          <input semantic="COLOR" source="#Plane_057-mesh-colors-Col" offset="3" set="0"/>
          <p>199 576 1662 1662 727 576 1663 1663 728 576 1664 1664 721 577 1665 1665 724 578 1666 1666 723 579 1667 1667 732 580 1668 1668 729 580 1669 1669 730 580 1670 1670 726 581 1671 1671 720 581 1672 1672 719 581 1673 1673 734 582 1674 1674 718 582 1675 1675 717 582 1676 1676 195 583 1677 1677 198 583 1678 1678 197 583 1679 1679 199 584 1680 1680 200 584 1681 1681 727 584 1682 1682 721 585 1683 1683 722 586 1684 1684 724 587 1685 1685 732 588 1686 1686 731 588 1687 1687 729 588 1688 1688 726 589 1689 1689 725 589 1690 1690 720 589 1691 1691 734 590 1692 1692 733 590 1693 1693 718 590 1694 1694 195 591 1695 1695 196 591 1696 1696 198 591 1697 1697</p>
        </triangles>
        <triangles material="industrial-material" count="148">
          <input semantic="VERTEX" source="#Plane_057-mesh-vertices" offset="0"/>
          <input semantic="NORMAL" source="#Plane_057-mesh-normals" offset="1"/>
          <input semantic="TEXCOORD" source="#Plane_057-mesh-map-0" offset="2" set="0"/>
          <input semantic="COLOR" source="#Plane_057-mesh-colors-Col" offset="3" set="0"/>
          <p>5 0 0 0 10 0 1 1 6 0 2 2 0 1 3 3 8 2 4 4 2 3 5 5 0 4 6 6 10 5 7 7 9 6 8 8 1 7 9 9 11 8 10 10 10 9 11 11 2 10 12 12 11 11 13 13 3 12 14 14 21 13 15 15 14 13 16 16 13 13 17 17 42 14 18 18 34 14 19 19 35 14 20 20 94 15 21 21 146 15 22 22 95 15 23 23 186 16 24 24 190 16 25 25 188 16 26 26 184 17 27 27 90 17 28 28 89 17 29 29 0 18 30 30 9 19 31 31 8 20 32 32 0 21 33 33 1 22 34 34 10 23 35 35 1 24 36 36 3 25 37 37 11 26 38 38 2 27 39 39 8 28 40 40 11 29 41 41 189 30 42 42 190 30 43 43 192 30 44 44 31 31 45 45 43 31 46 46 42 31 47 47 15 32 48 48 20 32 49 49 27 32 50 50 19 33 51 51 21 34 52 52 26 35 53 53 21 36 54 54 13 36 55 55 26 36 56 56 27 37 57 57 20 37 58 58 18 37 59 59 29 38 60 60 36 38 61 61 43 38 62 62 35 39 63 63 37 39 64 64 42 39 65 65 36 40 66 66 41 40 67 67 40 40 68 68 37 41 69 69 31 41 70 70 42 41 71 71 43 42 72 72 36 42 73 73 34 42 74 74 64 43 75 75 61 43 76 76 108 43 77 77 109 44 78 78 67 44 79 79 70 44 80 80 74 45 81 81 73 45 82 82 112 45 83 83 111 46 84 84 76 47 85 85 124 48 86 86 148 49 87 87 92 49 88 88 146 49 89 89 148 50 90 90 93 50 91 91 91 50 92 92 58 51 93 93 93 51 94 94 59 51 95 95 110 40 96 96 77 40 97 97 125 40 98 98 114 52 99 99 66 52 100 100 71 52 101 101 92 53 102 102 150 53 103 103 147 53 104 104 22 54 105 105 20 54 106 106 24 54 107 107 60 55 108 108 65 55 109 109 108 55 110 110 65 56 111 111 64 56 112 112 108 56 113 113 70 57 114 114 71 57 115 115 109 57 116 116 71 58 117 117 66 58 118 118 109 58 119 119 72 59 120 120 75 59 121 121 112 59 122 122 75 60 123 123 74 61 124 124 112 62 125 125 124 63 126 126 125 63 127 127 111 63 128 128 125 64 129 129 77 64 130 130 111 64 131 131 146 50 132 132 147 50 133 133 58 50 134 134 125 65 135 135 75 65 136 136 110 65 137 137 75 66 138 138 72 66 139 139 110 66 140 140 71 40 141 141 65 40 142 142 115 40 143 143 65 67 144 144 60 67 145 145 113 67 146 146 115 68 147 147 65 68 148 148 113 68 149 149 115 40 150 150 114 40 151 151 71 40 152 152 8 69 153 153 5 70 154 154 4 71 155 155 131 72 156 156 129 72 157 157 63 72 158 158 10 73 159 159 7 73 160 160 6 73 161 161 189 74 162 162 90 74 163 163 56 74 164 164 34 75 165 165 39 75 166 166 35 75 167 167 91 76 168 168 57 76 169 169 92 76 170 170 30 77 171 171 29 77 172 172 31 77 173 173 20 40 174 174 25 40 175 175 24 40 176 176 131 78 177 177 127 78 178 178 126 78 179 179 78 79 180 180 87 80 181 181 186 81 182 182 18 82 183 183 23 82 184 184 19 82 185 185 143 83 186 186 101 83 187 187 98 83 188 188 28 84 189 189 36 84 190 190 29 84 191 191 32 85 192 192 37 85 193 193 36 85 194 194 33 86 195 195 31 86 196 196 37 86 197 197 132 87 198 198 102 87 199 199 143 87 200 200 147 88 201 201 151 88 202 202 93 88 203 203 93 89 204 204 149 89 205 205 91 89 206 206 62 90 207 207 127 90 208 208 130 90 209 209 41 91 210 210 35 91 211 211 39 91 212 212 14 92 213 213 15 92 214 214 13 92 215 215 88 93 216 216 107 94 217 217 106 95 218 218 21 96 219 219 12 96 220 220 17 96 221 221 192 97 222 222 87 97 223 223 191 97 224 224 96 98 225 225 59 98 226 226 97 98 227 227 95 99 228 228 58 99 229 229 96 99 230 230 25 100 231 231 19 100 232 232 23 100 233 233 38 101 234 234 36 101 235 235 40 101 236 236 26 102 237 237 18 102 238 238 19 102 239 239 20 103 240 240 16 103 241 241 12 103 242 242 149 40 243 243 153 40 244 244 152 40 245 245 103 40 246 246 106 40 247 247 105 40 248 248 97 53 249 249 148 53 250 250 94 53 251 251 15 104 252 252 26 104 253 253 13 104 254 254 4 105 255 255 11 105 256 256 8 105 257 257 185 76 258 258 56 76 259 259 184 76 260 260 188 106 261 261 185 106 262 262 186 106 263 263 78 107 264 264 89 108 265 265 191 109 266 266 90 110 267 267 191 110 268 268 89 110 269 269 83 111 270 270 101 111 271 271 84 111 272 272 105 112 273 273 80 112 274 274 103 112 275 275 5 40 276 276 9 40 277 277 10 40 278 278 21 113 279 279 17 113 280 280 14 113 281 281 42 114 282 282 43 114 283 283 34 114 284 284 94 115 285 285 148 115 286 286 146 115 287 287 186 106 288 288 87 106 289 289 190 106 290 290 184 116 291 291 56 116 292 292 90 116 293 293 189 117 294 294 188 117 295 295 190 117 296 296 31 118 297 297 29 118 298 298 43 118 299 299 36 119 300 300 37 119 301 301 41 119 302 302 148 50 303 303 91 50 304 304 92 50 305 305 148 120 306 306 59 120 307 307 93 120 308 308 58 50 309 309 147 50 310 310 93 50 311 311 92 121 312 312 57 121 313 313 150 121 314 314 22 122 315 315 18 122 316 316 20 122 317 317 146 50 318 318 92 50 319 319 147 50 320 320 8 123 321 321 9 124 322 322 5 125 323 323 131 126 324 324 126 126 325 325 129 126 326 326 10 127 327 327 11 128 328 328 7 129 329 329 189 130 330 330 192 130 331 331 90 130 332 332 34 50 333 333 38 50 334 334 39 50 335 335 91 76 336 336 149 76 337 337 57 76 338 338 30 131 339 339 28 131 340 340 29 131 341 341 20 40 342 342 21 40 343 343 25 40 344 344 131 132 345 345 130 132 346 346 127 132 347 347 78 133 348 348 191 134 349 349 87 135 350 350 18 136 351 351 22 136 352 352 23 136 353 353 143 40 354 354 102 40 355 355 101 40 356 356 28 137 357 357 32 137 358 358 36 137 359 359 32 138 360 360 33 138 361 361 37 138 362 362 33 139 363 363 30 139 364 364 31 139 365 365 132 87 366 366 86 87 367 367 102 87 368 368 147 140 369 369 150 140 370 370 151 140 371 371 93 141 372 372 151 141 373 373 149 141 374 374 62 90 375 375 128 90 376 376 127 90 377 377 41 142 378 378 37 142 379 379 35 142 380 380 14 143 381 381 16 143 382 382 15 143 383 383 88 144 384 384 81 144 385 385 107 144 386 386 21 145 387 387 20 145 388 388 12 145 389 389 192 146 390 390 190 146 391 391 87 146 392 392 96 98 393 393 58 98 394 394 59 98 395 395 95 147 396 396 146 147 397 397 58 147 398 398 25 148 399 399 21 148 400 400 19 148 401 401 38 149 402 402 34 149 403 403 36 149 404 404 26 150 405 405 27 150 406 406 18 150 407 407 20 151 408 408 15 151 409 409 16 151 410 410 149 152 411 411 151 152 412 412 153 152 413 413 103 153 414 414 88 153 415 415 106 153 416 416 97 154 417 417 59 154 418 418 148 154 419 419 15 155 420 420 27 155 421 421 26 155 422 422 4 50 423 423 7 50 424 424 11 50 425 425 185 156 426 426 187 156 427 427 56 156 428 428 188 106 429 429 187 106 430 430 185 106 431 431 78 157 432 432 184 158 433 433 89 159 434 434 90 110 435 435 192 110 436 436 191 110 437 437 83 160 438 438 98 160 439 439 101 160 440 440 105 161 441 441 85 161 442 442 80 161 443 443</p>
        </triangles>
        <triangles material="windows_doors_reflective-material" count="28">
          <input semantic="VERTEX" source="#Plane_057-mesh-vertices" offset="0"/>
          <input semantic="NORMAL" source="#Plane_057-mesh-normals" offset="1"/>
          <input semantic="TEXCOORD" source="#Plane_057-mesh-map-0" offset="2" set="0"/>
          <input semantic="COLOR" source="#Plane_057-mesh-colors-Col" offset="3" set="0"/>
          <p>121 162 444 444 114 162 445 445 115 162 446 446 109 163 447 447 116 163 448 448 67 163 449 449 117 164 450 450 121 164 451 451 119 164 452 452 66 165 453 453 120 165 454 454 109 165 455 455 111 166 456 456 122 166 457 457 76 166 458 458 110 141 459 459 112 141 460 460 123 141 461 461 119 167 462 462 115 167 463 463 113 167 464 464 106 168 465 465 85 168 466 466 105 168 467 467 113 169 468 468 108 169 469 469 119 169 470 470 84 170 471 471 102 170 472 472 86 170 473 473 123 171 474 474 73 171 475 475 122 171 476 476 77 172 477 477 123 172 478 478 111 172 479 479 119 173 480 480 61 173 481 481 117 173 482 482 118 174 483 483 120 174 484 484 121 174 485 485 121 175 486 486 120 175 487 487 114 175 488 488 109 163 489 489 120 163 490 490 116 163 491 491 117 164 492 492 118 164 493 493 121 164 494 494 66 165 495 495 114 165 496 496 120 165 497 497 111 176 498 498 123 176 499 499 122 176 500 500 110 177 501 501 72 177 502 502 112 177 503 503 119 167 504 504 121 167 505 505 115 167 506 506 106 178 507 507 107 178 508 508 85 178 509 509 113 179 510 510 60 179 511 511 108 179 512 512 84 180 513 513 101 180 514 514 102 180 515 515 123 89 516 516 112 89 517 517 73 89 518 518 77 181 519 519 110 181 520 520 123 181 521 521 119 182 522 522 108 182 523 523 61 182 524 524 118 183 525 525 116 183 526 526 120 183 527 527</p>
        </triangles>
        <triangles material="corrugation-material" count="4">
          <input semantic="VERTEX" source="#Plane_057-mesh-vertices" offset="0"/>
          <input semantic="NORMAL" source="#Plane_057-mesh-normals" offset="1"/>
          <input semantic="TEXCOORD" source="#Plane_057-mesh-map-0" offset="2" set="0"/>
          <input semantic="COLOR" source="#Plane_057-mesh-colors-Col" offset="3" set="0"/>
          <p>96 184 528 528 94 184 529 529 95 184 530 530 188 50 531 531 56 50 532 532 187 50 533 533 96 50 534 534 97 50 535 535 94 50 536 536 188 50 537 537 189 50 538 538 56 50 539 539</p>
        </triangles>
        <triangles material="slabs_large-material" count="14">
          <input semantic="VERTEX" source="#Plane_057-mesh-vertices" offset="0"/>
          <input semantic="NORMAL" source="#Plane_057-mesh-normals" offset="1"/>
          <input semantic="TEXCOORD" source="#Plane_057-mesh-map-0" offset="2" set="0"/>
          <input semantic="COLOR" source="#Plane_057-mesh-colors-Col" offset="3" set="0"/>
          <p>134 50 540 540 79 50 541 541 193 50 542 542 171 50 543 543 167 50 544 544 170 50 545 545 137 185 546 546 79 185 547 547 133 185 548 548 167 186 549 549 169 186 550 550 170 186 551 551 164 50 552 552 173 50 553 553 171 50 554 554 166 187 555 555 164 187 556 556 165 187 557 557 194 188 558 558 79 188 559 559 136 188 560 560 134 50 561 561 133 50 562 562 79 50 563 563 171 189 564 564 173 189 565 565 167 189 566 566 137 190 567 567 136 190 568 568 79 190 569 569 167 50 570 570 168 50 571 571 169 50 572 572 164 191 573 573 172 191 574 574 173 191 575 575 166 50 576 576 172 50 577 577 164 50 578 578 194 76 579 579 193 76 580 580 79 76 581 581</p>
        </triangles>
        <triangles material="m_stucco_scraped_01-material" count="38">
          <input semantic="VERTEX" source="#Plane_057-mesh-vertices" offset="0"/>
          <input semantic="NORMAL" source="#Plane_057-mesh-normals" offset="1"/>
          <input semantic="TEXCOORD" source="#Plane_057-mesh-map-0" offset="2" set="0"/>
          <input semantic="COLOR" source="#Plane_057-mesh-colors-Col" offset="3" set="0"/>
          <p>104 192 582 582 88 192 583 583 103 192 584 584 78 193 585 585 143 193 586 586 100 193 587 587 143 194 588 588 99 194 589 589 100 194 590 590 52 195 591 591 49 195 592 592 53 195 593 593 57 40 594 594 153 40 595 595 150 40 596 596 54 196 597 597 51 196 598 598 55 196 599 599 54 197 600 600 52 197 601 601 53 197 602 602 55 198 603 603 48 198 604 604 52 198 605 605 141 199 606 606 142 199 607 607 143 199 608 608 132 200 609 609 139 200 610 610 133 200 611 611 145 201 612 612 130 201 613 613 131 201 614 614 133 15 615 615 138 15 616 616 134 15 617 617 78 202 618 618 140 202 619 619 141 202 620 620 135 203 621 621 133 203 622 622 134 203 623 623 140 15 624 624 139 15 625 625 141 15 626 626 62 204 627 627 145 204 628 628 63 204 629 629 88 205 630 630 99 205 631 631 98 205 632 632 134 206 633 633 194 206 634 634 135 206 635 635 83 207 636 636 88 207 637 637 98 207 638 638 104 192 639 639 82 192 640 640 88 192 641 641 78 208 642 642 141 208 643 643 143 208 644 644 143 209 645 645 98 209 646 646 99 209 647 647 52 195 648 648 48 195 649 649 49 195 650 650 57 40 651 651 152 40 652 652 153 40 653 653 54 196 654 654 50 196 655 655 51 196 656 656 54 50 657 657 55 50 658 658 52 50 659 659 55 198 660 660 51 198 661 661 48 198 662 662 141 199 663 663 139 199 664 664 142 199 665 665 132 210 666 666 142 210 667 667 139 210 668 668 145 211 669 669 144 211 670 670 130 211 671 671 133 212 672 672 139 212 673 673 138 212 674 674 78 213 675 675 186 213 676 676 140 213 677 677 135 15 678 678 137 15 679 679 133 15 680 680 140 214 681 681 138 214 682 682 139 214 683 683 62 215 684 684 144 215 685 685 145 215 686 686 88 216 687 687 82 216 688 688 99 216 689 689 134 217 690 690 193 217 691 691 194 217 692 692 83 218 693 693 81 218 694 694 88 218 695 695</p>
        </triangles>
        <triangles material="stone_brick_regular-material" count="22">
          <input semantic="VERTEX" source="#Plane_057-mesh-vertices" offset="0"/>
          <input semantic="NORMAL" source="#Plane_057-mesh-normals" offset="1"/>
          <input semantic="TEXCOORD" source="#Plane_057-mesh-map-0" offset="2" set="0"/>
          <input semantic="COLOR" source="#Plane_057-mesh-colors-Col" offset="3" set="0"/>
          <p>104 525 1476 1476 79 525 1477 1477 184 525 1478 1478 186 526 1479 1479 193 526 1480 1480 134 526 1481 1481 125 527 1482 1482 129 527 1483 1483 126 527 1484 1484 127 528 1485 1485 46 528 1486 1486 48 528 1487 1487 48 195 1488 1488 44 195 1489 1489 49 195 1490 1490 70 529 1491 1491 69 529 1492 1492 71 529 1493 1493 50 196 1494 1494 47 196 1495 1495 51 196 1496 1496 53 530 1497 1497 50 530 1498 1498 54 530 1499 1499 51 531 1500 1500 64 531 1501 1501 65 531 1502 1502 184 532 1503 1503 193 532 1504 1504 185 532 1505 1505 49 530 1506 1506 45 530 1507 1507 50 530 1508 1508 104 533 1509 1509 80 533 1510 1510 79 533 1511 1511 186 534 1512 1512 185 534 1513 1513 193 534 1514 1514 125 527 1515 1515 124 527 1516 1516 129 527 1517 1517 127 528 1518 1518 128 528 1519 1519 46 528 1520 1520 48 195 1521 1521 46 195 1522 1522 44 195 1523 1523 70 535 1524 1524 68 535 1525 1525 69 535 1526 1526 50 196 1527 1527 45 196 1528 1528 47 196 1529 1529 53 536 1530 1530 49 536 1531 1531 50 536 1532 1532 51 531 1533 1533 47 531 1534 1534 64 531 1535 1535 184 537 1536 1536 79 537 1537 1537 193 537 1538 1538 49 538 1539 1539 44 538 1540 1540 45 538 1541 1541</p>
        </triangles>
        <triangles material="curbs-material" count="40">
          <input semantic="VERTEX" source="#Plane_057-mesh-vertices" offset="0"/>
          <input semantic="NORMAL" source="#Plane_057-mesh-normals" offset="1"/>
          <input semantic="TEXCOORD" source="#Plane_057-mesh-map-0" offset="2" set="0"/>
          <input semantic="COLOR" source="#Plane_057-mesh-colors-Col" offset="3" set="0"/>
          <p>173 539 1542 1542 177 539 1543 1543 167 539 1544 1544 180 540 1545 1545 158 540 1546 1546 181 540 1547 1547 172 541 1548 1548 183 541 1549 1549 173 541 1550 1550 159 542 1551 1551 177 542 1552 1552 183 542 1553 1553 164 543 1554 1554 181 543 1555 1555 174 543 1556 1556 183 544 1557 1557 163 544 1558 1558 159 544 1559 1559 181 545 1560 1560 160 545 1561 1561 174 545 1562 1562 171 546 1563 1563 180 546 1564 1564 181 546 1565 1565 175 547 1566 1566 160 547 1567 1567 154 547 1568 1568 176 548 1569 1569 154 548 1570 1570 155 548 1571 1571 179 549 1572 1572 157 549 1573 1573 156 549 1574 1574 179 550 1575 1575 162 550 1576 1576 180 550 1577 1577 168 50 1578 1578 177 50 1579 1579 178 50 1580 1580 165 551 1581 1581 174 551 1582 1582 175 551 1583 1583 165 552 1584 1584 176 552 1585 1585 166 552 1586 1586 178 553 1587 1587 161 553 1588 1588 157 553 1589 1589 169 50 1590 1590 178 50 1591 1591 179 50 1592 1592 169 554 1593 1593 180 554 1594 1594 170 554 1595 1595 176 555 1596 1596 163 555 1597 1597 182 555 1598 1598 175 556 1599 1599 174 556 1600 1600 160 556 1601 1601 176 557 1602 1602 175 557 1603 1603 154 557 1604 1604 179 558 1605 1605 178 559 1606 1606 157 558 1607 1607 179 560 1608 1608 156 560 1609 1609 162 560 1610 1610 165 561 1611 1611 164 561 1612 1612 174 561 1613 1613 165 50 1614 1614 175 50 1615 1615 176 50 1616 1616 169 50 1617 1617 168 50 1618 1618 178 50 1619 1619 169 50 1620 1620 179 50 1621 1621 180 50 1622 1622 166 562 1623 1623 182 562 1624 1624 172 562 1625 1625 173 563 1626 1626 183 563 1627 1627 177 563 1628 1628 180 564 1629 1629 162 565 1630 1630 158 566 1631 1631 172 50 1632 1632 182 50 1633 1633 183 50 1634 1634 159 567 1635 1635 161 567 1636 1636 177 567 1637 1637 164 568 1638 1638 171 568 1639 1639 181 568 1640 1640 183 569 1641 1641 182 569 1642 1642 163 569 1643 1643 181 570 1644 1644 158 570 1645 1645 160 570 1646 1646 171 571 1647 1647 170 571 1648 1648 180 571 1649 1649 168 572 1650 1650 167 572 1651 1651 177 572 1652 1652 178 573 1653 1653 177 573 1654 1654 161 573 1655 1655 176 574 1656 1656 155 574 1657 1657 163 574 1658 1658 166 575 1659 1659 176 575 1660 1660 182 575 1661 1661</p>
        </triangles>
      </mesh>
    </geometry>
  </library_geometries>
  <library_visual_scenes>
    <visual_scene id="Scene" name="Scene">
      <node id="base00" name="base00" type="NODE">
        <matrix sid="transform">1 0 0 0 0 1 0 0 0 0 1 0 0 0 0 1</matrix>
        <node id="start01" name="start01" type="NODE">
          <matrix sid="transform">1 0 0 0 0 1 0 0 0 0 1 0 0 0 0 1</matrix>
          <node id="s_bld_food_mart_001_L539" name="s_bld_food_mart_001_L539" type="NODE">
            <matrix sid="transform">1 0 0 0 0 1 0 0 0 0 1 0 0 0 0 1</matrix>
            <instance_geometry url="#Plane_057-mesh" name="s_bld_food_mart_001_L539">
              <bind_material>
                <technique_common>
                  <instance_material symbol="clutter_commercial-material" target="#clutter_commercial-material">
                    <bind_vertex_input semantic="Plane_057-mesh-map-0" input_semantic="TEXCOORD" input_set="0"/>
                  </instance_material>
                  <instance_material symbol="wirefence-material" target="#wirefence-material">
                    <bind_vertex_input semantic="Plane_057-mesh-map-0" input_semantic="TEXCOORD" input_set="0"/>
                  </instance_material>
                  <instance_material symbol="industrial-material" target="#industrial-material">
                    <bind_vertex_input semantic="Plane_057-mesh-map-0" input_semantic="TEXCOORD" input_set="0"/>
                  </instance_material>
                  <instance_material symbol="windows_doors_reflective-material" target="#windows_doors_reflective-material">
                    <bind_vertex_input semantic="Plane_057-mesh-map-0" input_semantic="TEXCOORD" input_set="0"/>
                  </instance_material>
                  <instance_material symbol="corrugation-material" target="#corrugation-material">
                    <bind_vertex_input semantic="Plane_057-mesh-map-0" input_semantic="TEXCOORD" input_set="0"/>
                  </instance_material>
                  <instance_material symbol="slabs_large-material" target="#slabs_large-material">
                    <bind_vertex_input semantic="Plane_057-mesh-map-0" input_semantic="TEXCOORD" input_set="0"/>
                  </instance_material>
                  <instance_material symbol="m_stucco_scraped_01-material" target="#m_stucco_scraped_01-material">
                    <bind_vertex_input semantic="Plane_057-mesh-map-0" input_semantic="TEXCOORD" input_set="0"/>
                  </instance_material>
                  <instance_material symbol="stone_brick_regular-material" target="#stone_brick_regular-material">
                    <bind_vertex_input semantic="Plane_057-mesh-map-0" input_semantic="TEXCOORD" input_set="0"/>
                  </instance_material>
                  <instance_material symbol="curbs-material" target="#curbs-material">
                    <bind_vertex_input semantic="Plane_057-mesh-map-0" input_semantic="TEXCOORD" input_set="0"/>
                  </instance_material>
                </technique_common>
              </bind_material>
            </instance_geometry>
          </node>
          <node id="s_bld_food_mart_001_L343" name="s_bld_food_mart_001_L343" type="NODE">
            <matrix sid="transform">1 0 0 0 0 1 0 0 0 0 1 0 0 0 0 1</matrix>
            <instance_geometry url="#Plane_048-mesh" name="s_bld_food_mart_001_L343">
              <bind_material>
                <technique_common>
                  <instance_material symbol="m_bld_food_mart_001_LOD-material" target="#m_bld_food_mart_001_LOD-material">
                    <bind_vertex_input semantic="Plane_048-mesh-map-0" input_semantic="TEXCOORD" input_set="0"/>
                  </instance_material>
                  <instance_material symbol="clutter_commercial-material" target="#clutter_commercial-material">
                    <bind_vertex_input semantic="Plane_048-mesh-map-0" input_semantic="TEXCOORD" input_set="0"/>
                  </instance_material>
                  <instance_material symbol="wirefence-material" target="#wirefence-material">
                    <bind_vertex_input semantic="Plane_048-mesh-map-0" input_semantic="TEXCOORD" input_set="0"/>
                  </instance_material>
                  <instance_material symbol="industrial-material" target="#industrial-material">
                    <bind_vertex_input semantic="Plane_048-mesh-map-0" input_semantic="TEXCOORD" input_set="0"/>
                  </instance_material>
                  <instance_material symbol="windows_doors_reflective-material" target="#windows_doors_reflective-material">
                    <bind_vertex_input semantic="Plane_048-mesh-map-0" input_semantic="TEXCOORD" input_set="0"/>
                  </instance_material>
                  <instance_material symbol="corrugation-material" target="#corrugation-material">
                    <bind_vertex_input semantic="Plane_048-mesh-map-0" input_semantic="TEXCOORD" input_set="0"/>
                  </instance_material>
                  <instance_material symbol="slabs_large-material" target="#slabs_large-material">
                    <bind_vertex_input semantic="Plane_048-mesh-map-0" input_semantic="TEXCOORD" input_set="0"/>
                  </instance_material>
                  <instance_material symbol="m_stucco_scraped_01-material" target="#m_stucco_scraped_01-material">
                    <bind_vertex_input semantic="Plane_048-mesh-map-0" input_semantic="TEXCOORD" input_set="0"/>
                  </instance_material>
                  <instance_material symbol="stone_brick_regular-material" target="#stone_brick_regular-material">
                    <bind_vertex_input semantic="Plane_048-mesh-map-0" input_semantic="TEXCOORD" input_set="0"/>
                  </instance_material>
                  <instance_material symbol="curbs-material" target="#curbs-material">
                    <bind_vertex_input semantic="Plane_048-mesh-map-0" input_semantic="TEXCOORD" input_set="0"/>
                  </instance_material>
                </technique_common>
              </bind_material>
            </instance_geometry>
          </node>
          <node id="s_bld_food_mart_001_L147" name="s_bld_food_mart_001_L147" type="NODE">
            <matrix sid="transform">1 0 0 0 0 1 0 0 0 0 1 0 0 0 0 1</matrix>
            <instance_geometry url="#Plane_049-mesh" name="s_bld_food_mart_001_L147">
              <bind_material>
                <technique_common>
                  <instance_material symbol="m_bld_food_mart_001_LOD-material" target="#m_bld_food_mart_001_LOD-material">
                    <bind_vertex_input semantic="Plane_049-mesh-map-0" input_semantic="TEXCOORD" input_set="0"/>
                  </instance_material>
                </technique_common>
              </bind_material>
            </instance_geometry>
          </node>
        </node>
      </node>
    </visual_scene>
  </library_visual_scenes>
  <scene>
    <instance_visual_scene url="#Scene"/>
  </scene>
</COLLADA>