<?xml version="1.0" encoding="utf-8"?>
<COLLADA xmlns="http://www.collada.org/2005/11/COLLADASchema" version="1.4.1" xmlns:xsi="http://www.w3.org/2001/XMLSchema-instance">
  <asset>
    <contributor>
      <author>Blender User</author>
      <authoring_tool>Blender 4.5.5 LTS commit date:2025-11-17, commit time:16:03, hash:836beaaf597a</authoring_tool>
    </contributor>
    <created>2026-06-30T14:21:13</created>
    <modified>2026-06-30T14:21:13</modified>
    <unit name="meter" meter="1"/>
    <up_axis>Z_UP</up_axis>
  </asset>
  <library_effects>
    <effect id="slabs_large-effect">
      <profile_COMMON>
        <technique sid="common">
          <lambert>
            <emission>
              <color sid="emission">0 0 0 1</color>
            </emission>
            <diffuse>
              <color sid="diffuse">0.8 0.8 0.8 1</color>
            </diffuse>
            <reflectivity>
              <float sid="specular">0.5</float>
            </reflectivity>
          </lambert>
        </technique>
      </profile_COMMON>
    </effect>
    <effect id="industrial-effect">
      <profile_COMMON>
        <technique sid="common">
          <lambert>
            <emission>
              <color sid="emission">0 0 0 1</color>
            </emission>
            <diffuse>
              <color sid="diffuse">0.8 0.8 0.8 1</color>
            </diffuse>
            <reflectivity>
              <float sid="specular">0.5</float>
            </reflectivity>
          </lambert>
        </technique>
      </profile_COMMON>
    </effect>
    <effect id="windows_doors_reflective-effect">
      <profile_COMMON>
        <technique sid="common">
          <lambert>
            <emission>
              <color sid="emission">0 0 0 1</color>
            </emission>
            <diffuse>
              <color sid="diffuse">0.8 0.8 0.8 1</color>
            </diffuse>
            <reflectivity>
              <float sid="specular">0.5</float>
            </reflectivity>
          </lambert>
        </technique>
      </profile_COMMON>
    </effect>
    <effect id="balustrades-effect">
      <profile_COMMON>
        <technique sid="common">
          <lambert>
            <emission>
              <color sid="emission">0 0 0 1</color>
            </emission>
            <diffuse>
              <color sid="diffuse">0.8 0.8 0.8 1</color>
            </diffuse>
            <reflectivity>
              <float sid="specular">0.5</float>
            </reflectivity>
          </lambert>
        </technique>
      </profile_COMMON>
    </effect>
    <effect id="brick_painted-effect">
      <profile_COMMON>
        <technique sid="common">
          <lambert>
            <emission>
              <color sid="emission">0 0 0 1</color>
            </emission>
            <diffuse>
              <color sid="diffuse">0.8 0.8 0.8 1</color>
            </diffuse>
            <reflectivity>
              <float sid="specular">0.5</float>
            </reflectivity>
          </lambert>
        </technique>
      </profile_COMMON>
    </effect>
    <effect id="construction-effect">
      <profile_COMMON>
        <technique sid="common">
          <lambert>
            <emission>
              <color sid="emission">0 0 0 1</color>
            </emission>
            <diffuse>
              <color sid="diffuse">0.8 0.8 0.8 1</color>
            </diffuse>
            <reflectivity>
              <float sid="specular">0.5</float>
            </reflectivity>
          </lambert>
        </technique>
      </profile_COMMON>
    </effect>
    <effect id="clutter_commercial-effect">
      <profile_COMMON>
        <technique sid="common">
          <lambert>
            <emission>
              <color sid="emission">0 0 0 1</color>
            </emission>
            <diffuse>
              <color sid="diffuse">0.8 0.8 0.8 1</color>
            </diffuse>
            <reflectivity>
              <float sid="specular">0.5</float>
            </reflectivity>
          </lambert>
        </technique>
      </profile_COMMON>
    </effect>
    <effect id="stone_brick_regular-effect">
      <profile_COMMON>
        <technique sid="common">
          <lambert>
            <emission>
              <color sid="emission">0 0 0 1</color>
            </emission>
            <diffuse>
              <color sid="diffuse">0.8 0.8 0.8 1</color>
            </diffuse>
            <reflectivity>
              <float sid="specular">0.5</float>
            </reflectivity>
          </lambert>
        </technique>
      </profile_COMMON>
    </effect>
    <effect id="m_bld_laundomat_001_LOD-effect">
      <profile_COMMON>
        <newparam sid="t_bld_laundomat_001_LOD_b_color_png-surface">
          <surface type="2D">
            <init_from>t_bld_laundomat_001_LOD_b_color_png</init_from>
          </surface>
        </newparam>
        <newparam sid="t_bld_laundomat_001_LOD_b_color_png-sampler">
          <sampler2D>
            <source>t_bld_laundomat_001_LOD_b_color_png-surface</source>
          </sampler2D>
        </newparam>
        <technique sid="common">
          <lambert>
            <emission>
              <color sid="emission">0 0 0 1</color>
            </emission>
            <diffuse>
              <texture texture="t_bld_laundomat_001_LOD_b_color_png-sampler" texcoord="UVMap"/>
            </diffuse>
            <index_of_refraction>
              <float sid="ior">1.5</float>
            </index_of_refraction>
          </lambert>
        </technique>
      </profile_COMMON>
    </effect>
  </library_effects>
  <library_images>
    <image id="t_bld_laundomat_001_LOD_b_color_png" name="t_bld_laundomat_001_LOD_b_color_png">
      <init_from>t_bld_laundomat_001_LOD_b.color.png</init_from>
    </image>
  </library_images>
  <library_materials>
    <material id="slabs_large-material" name="slabs_large">
      <instance_effect url="#slabs_large-effect"/>
    </material>
    <material id="industrial-material" name="industrial">
      <instance_effect url="#industrial-effect"/>
    </material>
    <material id="windows_doors_reflective-material" name="windows_doors_reflective">
      <instance_effect url="#windows_doors_reflective-effect"/>
    </material>
    <material id="balustrades-material" name="balustrades">
      <instance_effect url="#balustrades-effect"/>
    </material>
    <material id="brick_painted-material" name="brick_painted">
      <instance_effect url="#brick_painted-effect"/>
    </material>
    <material id="construction-material" name="construction">
      <instance_effect url="#construction-effect"/>
    </material>
    <material id="clutter_commercial-material" name="clutter_commercial">
      <instance_effect url="#clutter_commercial-effect"/>
    </material>
    <material id="stone_brick_regular-material" name="stone_brick_regular">
      <instance_effect url="#stone_brick_regular-effect"/>
    </material>
    <material id="m_bld_laundomat_001_LOD-material" name="m_bld_laundomat_001_LOD">
      <instance_effect url="#m_bld_laundomat_001_LOD-effect"/>
    </material>
  </library_materials>
  <library_geometries>
    <geometry id="Mesh_004-mesh" name="Mesh.004">
      <mesh>
        <source id="Mesh_004-mesh-positions">
          <float_array id="Mesh_004-mesh-positions-array" count="132">-727.7481 122.7924 118.4483 -727.7482 122.7925 125.0983 -739.8016 110.7392 118.4483 -739.8016 110.7393 125.0983 -733.804 105.6837 125.0983 -722.4674 117.0205 125.0983 -727.7482 122.3012 125.0983 -739.3001 110.7495 125.0983 -733.804 105.6837 124.1994 -722.4674 117.0205 124.1994 -727.7482 122.3012 124.1994 -739.3001 110.7495 124.1994 -721.9761 117.0205 125.0983 -733.7941 105.2022 125.0983 -732.0988 106.8977 119.3259 -723.9267 115.0699 119.3259 -733.7942 105.2022 122.4483 -732.0988 106.8978 122.4483 -723.9267 115.0699 122.4483 -721.9763 117.0205 122.4483 -727.7481 122.7925 122.8483 -727.7481 122.7925 122.4483 -732.3831 103.7912 122.4482 -719.1543 117.0207 122.4482 -726.3369 124.2035 122.4483 -726.3369 124.2036 122.8483 -719.154 117.0204 122.8482 -732.3831 103.7911 122.8482 -721.9761 117.0205 118.4483 -731.9058 106.7049 122.4483 -731.906 106.7049 119.3259 -723.734 114.877 119.3259 -726.09 112.9066 125.0983 -729.7247 109.2719 125.0983 -725.9111 112.7278 125.0709 -729.5457 109.0929 124.9308 -729.509 109.1295 122.8483 -725.8745 112.7645 122.8483 -726.09 112.9066 122.8483 -729.7247 109.2718 122.8483 -733.7942 105.2022 122.8483 -721.9763 117.0205 122.8483 -733.7941 105.2022 118.4483 -733.7941 105.2022 118.4483</float_array>
          <technique_common>
            <accessor source="#Mesh_004-mesh-positions-array" count="44" stride="3">
              <param name="X" type="float"/>
              <param name="Y" type="float"/>
              <param name="Z" type="float"/>
            </accessor>
          </technique_common>
        </source>
        <source id="Mesh_004-mesh-normals">
          <float_array id="Mesh_004-mesh-normals-array" count="348">0.7071068 0.7071068 4.37676e-5 0.7071018 0.7071118 -4.62521e-5 -0.6777296 -0.7353113 5.4709e-6 -0.6777267 -0.7353139 4.49364e-6 -0.6777306 -0.7353104 5.76325e-6 -0.6777335 -0.7353078 6.74051e-6 -3.19524e-6 2.88944e-6 1 -1.01953e-6 2.88949e-6 1 -1.84724e-6 2.88947e-6 1 -4.00201e-6 2.88942e-6 1 -2.01628e-5 0 1 0.1351538 -0.1351545 0.9815635 -1.98171e-5 0 1 -2.97911e-6 3.40736e-6 1 9.34435e-6 0 1 1.02686e-5 0 1 -1.83298e-6 3.61153e-6 1 -3.28544e-5 0 1 -3.23666e-5 0 1 2.39607e-5 6.93237e-6 1 2.79103e-5 7.36634e-6 1 -0.7071232 0.7070904 0 -0.7071068 0.7071068 0 -0.7071074 0.7071062 0 -0.7071238 0.7070899 0 -0.7071145 -0.7070991 0 -0.7070977 -0.7071159 0 -0.7070991 -0.7071145 0 -0.7071159 -0.7070977 0 0.7071026 -0.707111 0 0.6777313 0.7353097 0 0.7071142 -0.7070994 2.35159e-5 0.7071182 -0.7070955 6.89112e-6 0.7071188 -0.7070948 0 0.7071312 -0.7070825 7.00581e-5 0.7071269 -0.7070866 3.45593e-5 0.7071151 -0.7070985 1.16513e-4 0.7071189 -0.7070947 1.43279e-5 0.7071006 -0.707113 1.96986e-5 0.7071188 -0.7070949 1.29498e-5 0.7071235 -0.7070901 0 0.707154 -0.7070596 2.39961e-5 0.7071607 -0.7070528 3.99123e-5 0.7071412 -0.7070724 -6.2544e-6 0.7071349 -0.7070788 -2.13558e-5 0.7071258 0.7070878 3.07999e-5 0.707127 0.7070866 -6.00906e-5 0.707127 0.7070866 -5.77554e-5 0.7071258 0.7070878 3.31333e-5 0.7071084 0.7071053 -1.41784e-5 0.7071149 0.7070987 1.10626e-5 -0.7070825 -0.7071311 -4.30489e-5 -0.7070775 -0.707136 -3.82349e-5 -0.707112 -0.7071016 -7.16558e-5 -0.707117 -0.7070966 -7.64699e-5 -1.12715e-5 2.94106e-5 -1 -2.04171e-5 3.27754e-5 -1 -3.00241e-5 3.46876e-5 -1 -2.55115e-5 3.24375e-5 -1 -4.6596e-5 4.32366e-5 -1 -4.97602e-5 9.43786e-6 -1 -4.92586e-5 5.66437e-6 -1 -1.49874e-5 -1.41774e-5 -1 -2.00924e-5 -1.74949e-5 -1 -0.707063 0.7071506 -7.16504e-5 -0.7070611 0.7071526 -7.64638e-5 -0.7070742 0.7071394 -4.30462e-5 -0.7070761 0.7071375 -3.82327e-5 2.0381e-5 1.18031e-5 1 4.74125e-5 0 1 4.23762e-5 -4.10171e-6 1 1.6559e-5 6.61133e-6 1 -0.7071365 -0.7070772 3.01183e-5 -0.7068784 -0.7073351 8.95633e-6 -0.7068936 -0.7073199 1.01989e-5 -0.7071516 -0.707062 3.13605e-5 -3.04982e-6 1.39954e-6 -1 3.51052e-5 1.39967e-6 -1 3.45237e-5 1.39967e-6 -1 -3.63124e-6 1.39954e-6 -1 0.7075442 0.7066692 -6.20504e-6 0.7075442 0.7066692 -6.18396e-6 0.7075442 0.7066692 -6.27619e-6 0.7071134 -0.7071002 -4.9538e-6 0.7071067 -0.707107 -9.42677e-6 0.7071284 -0.7070853 4.95403e-6 0.7071351 -0.7070785 9.42696e-6 0.7071155 -0.7070982 -2.49713e-5 0.7071138 -0.7070998 -3.26385e-5 0.7071192 -0.7070945 -7.66743e-6 0.7071208 -0.7070928 0 8.64305e-6 4.02061e-6 1 2.70084e-5 -2.25948e-5 1 3.68045e-5 -2.68067e-5 1 3.48906e-5 -3.65117e-5 1 0 -1.12959e-6 1 3.07254e-5 -3.38497e-5 1 0.02335304 -0.03567445 0.9990906 0.7071232 -0.7070904 -7.92552e-5 0.7071246 -0.7070881 -0.001094639 0.7071246 -0.7070882 -0.001080632 0.7071232 -0.7070904 -6.52508e-5 0.7207816 -0.6930074 0.01464861 0.7044235 -0.7044283 0.08699619 0.7080491 -0.7024404 0.072416 0.7236014 -0.6902182 -1.8905e-5 0.3810067 -0.3821853 0.8418838 0.05705225 -0.09535926 0.9938066 -0.7008762 -0.712942 -0.02205592 -0.5504888 -0.8348426 4.59079e-5 -0.5633713 -0.8262022 -0.001735329 -0.718313 -0.6952756 -0.02486741 0.5627723 0.8263401 0.02119588 0.7069392 0.7072744 0 0.6971139 0.7169588 0.00157088 0.5507515 0.8343576 0.02280944</float_array>
          <technique_common>
            <accessor source="#Mesh_004-mesh-normals-array" count="116" stride="3">
              <param name="X" type="float"/>
              <param name="Y" type="float"/>
              <param name="Z" type="float"/>
            </accessor>
          </technique_common>
        </source>
        <source id="Mesh_004-mesh-map-0">
          <float_array id="Mesh_004-mesh-map-0-array" count="444">-11.5091 -9.940735 -8.623127 -9.940735 -8.623127 -8.815754 -8.623127 -8.815754 -11.5091 -8.815735 -11.5091 -9.940735 51.06531 -12.14074 51.06531 -8.815735 48.06158 -8.815754 48.06158 -8.815754 48.06158 -12.14075 51.06531 -12.14074 51.06039 -17.17752 56.72867 -11.5091 54.08829 -8.868752 54.08829 -8.868752 48.31235 -14.64462 51.06039 -17.17752 51.06531 -17.41824 53.10004 -15.38343 51.06039 -17.17752 56.9743 -11.5091 54.08829 -8.623127 54.08829 -8.868752 54.08829 -8.868752 56.72867 -11.5091 56.9743 -11.5091 54.08829 -8.623127 48.06158 -14.64974 48.31235 -14.64462 48.31235 -14.64462 54.08829 -8.868752 54.08829 -8.623127 48.06158 -14.64974 51.06531 -17.41824 51.06039 -17.17752 51.06039 -17.17752 48.31235 -14.64462 48.06158 -14.64974 18.17752 -8.815735 12.5091 -8.815735 12.5091 -9.265164 12.5091 -9.265164 18.17752 -9.265164 18.17752 -8.815735 56.72867 -8.815735 54.08829 -8.815754 54.08829 -9.265179 54.08829 -9.265179 56.72867 -9.265164 56.72867 -8.815735 54.08829 -8.815754 48.31235 -8.815754 48.31235 -9.265179 48.31235 -9.265179 54.08829 -9.265179 54.08829 -8.815754 -47.31235 -8.815754 -50.06039 -8.815735 -50.06039 -9.265164 -50.06039 -9.265164 -47.31235 -9.265179 -47.31235 -8.815754 -11.50912 -12.14074 -12.48441 -11.70192 -16.57049 -11.70193 -16.57049 -11.70193 -17.41826 -12.14074 -11.50912 -12.14074 -16.57048 -10.14073 -17.41824 -10.14073 -17.41826 -12.14074 -17.41826 -12.14074 -16.57049 -11.70193 -16.57048 -10.14073 -11.50909 -10.14072 -12.4844 -10.14072 -12.48441 -11.70192 -12.48441 -11.70192 -11.50912 -12.14074 -11.50909 -10.14072 -15.47291 -8.899479 -15.45462 -9.940739 -13.63714 -9.940735 -13.63714 -9.940735 -13.65545 -8.829449 -15.47291 -8.899479 -11.509 -10.14079 -7.917603 -10.14074 -7.917583 -9.940754 -7.917583 -9.940754 -11.50916 -9.940804 -11.509 -10.14079 -11.50912 -12.14074 -8.62315 -12.14075 -8.623139 -10.14072 -8.623139 -10.14072 -11.50909 -10.14072 -11.50912 -12.14074 51.06528 -9.940743 51.06528 -10.14073 51.77081 -10.14077 51.77081 -10.14077 51.77081 -9.940789 51.06528 -9.940743 -50.91299 -16.57048 -51.00946 -16.66691 -50.77081 -18.12378 -50.77081 -18.12378 -50.06528 -17.41824 -50.91299 -16.57048 -54.99902 -12.4844 -55.97424 -11.50909 -57.38522 -11.509 -55.97424 -11.50909 -53.08835 -8.623139 -53.79394 -7.917603 -53.79394 -7.917603 -57.38522 -11.509 -55.97424 -11.50909 -53.08835 -10.14072 -53.08835 -9.940735 -53.79394 -9.940754 -53.79394 -9.940754 -53.79394 -10.14074 -53.08835 -10.14072 54.08835 -8.623127 56.97424 -11.5091 58.38537 -11.50916 58.38537 -11.50916 54.79394 -7.917583 54.08835 -8.623127 51.91299 -10.14073 51.91299 -11.70193 52.0094 -11.70193 52.0094 -11.70193 52.00946 -10.14073 51.91299 -10.14073 -50.91299 -16.57049 -54.99902 -12.48441 -55.0954 -12.58084 -55.0954 -12.58084 -51.0094 -16.66692 -50.91299 -16.57049 -12.48441 -11.70192 -12.4844 -10.14072 -12.58084 -11.70192 -54.99902 -12.4844 -57.38522 -11.509 -50.77081 -18.12378 -50.77081 -18.12378 -51.00946 -16.66691 -54.99902 -12.4844 -17.41824 -8.815735 -17.41826 -9.940743 -15.38347 -9.940739 -15.38347 -9.940739 -15.38343 -8.815735 -17.41824 -8.815735 -11.5091 -9.940735 -11.5091 -8.815735 -13.56604 -8.815735 -13.56604 -8.815735 -13.56604 -9.940735 -11.5091 -9.940735 54.91739 -13.56604 55.02511 -13.63714 58.38537 -11.50916 58.38537 -11.50916 56.97424 -11.5091 54.91739 -13.56604 55.02511 -13.63714 53.20785 -15.45462 51.77081 -18.12379 51.77081 -18.12379 58.38537 -11.50916 55.02511 -13.63714 53.20785 -15.45462 53.1 -15.38347 51.06528 -17.41826 51.06528 -17.41826 51.77081 -18.12379 53.20785 -15.45462 53.10004 -15.38343 54.91739 -13.56604 56.72867 -11.5091 56.72867 -11.5091 51.06039 -17.17752 53.10004 -15.38343 54.91739 -13.56604 56.9743 -11.5091 56.72867 -11.5091 -18.12378 -10.14077 -11.509 -10.14079 -11.50916 -9.940804 -11.50916 -9.940804 -18.12379 -9.940789 -18.12378 -10.14077 -16.66692 -11.70193 -12.58084 -11.70192 -12.4844 -10.14072 -12.4844 -10.14072 -16.66691 -10.14073 -16.66692 -11.70193 54.91739 -13.56604 53.10004 -15.38343 53.18951 -15.47291 53.18951 -15.47291 55.00683 -13.65545 54.91739 -13.56604 53.10004 -8.815735 53.1 -9.940739 53.20785 -9.940739 53.20785 -9.940739 53.18951 -8.899479 53.10004 -8.815735 -53.91739 -9.940735 -53.91739 -8.815735 -54.00683 -8.829449 -54.00683 -8.829449 -54.02511 -9.940735 -53.91739 -9.940735</float_array>
          <technique_common>
            <accessor source="#Mesh_004-mesh-map-0-array" count="222" stride="2">
              <param name="S" type="float"/>
              <param name="T" type="float"/>
            </accessor>
          </technique_common>
        </source>
        <source id="Mesh_004-mesh-colors-Attribute.001" name="Attribute.001">
          <float_array id="Mesh_004-mesh-colors-Attribute.001-array" count="888">1 1 1 1 1 1 1 1 1 1 1 1 1 1 1 1 1 1 1 1 1 1 1 1 1 1 1 1 1 1 1 1 1 1 1 1 1 1 1 1 1 1 1 1 1 1 1 1 1 1 1 1 1 1 1 1 1 1 1 1 1 1 1 1 1 1 1 1 1 1 1 1 1 1 1 1 1 1 1 1 1 1 1 1 1 1 1 1 1 1 1 1 1 1 1 1 1 1 1 1 1 1 1 1 1 1 1 1 1 1 1 1 1 1 1 1 1 1 1 1 1 1 1 1 1 1 1 1 1 1 1 1 1 1 1 1 1 1 1 1 1 1 1 1 1 1 1 1 1 1 1 1 1 1 1 1 1 1 1 1 1 1 1 1 1 1 1 1 1 1 1 1 1 1 1 1 1 1 1 1 1 1 1 1 1 1 1 1 1 1 1 1 1 1 1 1 1 1 1 1 1 1 1 1 1 1 1 1 1 1 1 1 1 1 1 1 1 1 1 1 1 1 1 1 1 1 1 1 1 1 1 1 1 1 1 1 1 1 1 1 1 1 1 1 1 1 1 1 1 1 1 1 1 1 1 1 1 1 1 1 1 1 1 1 1 1 1 1 1 1 1 1 1 1 1 1 1 1 1 1 1 1 1 1 1 1 1 1 1 1 1 1 1 1 1 1 1 1 1 1 1 1 1 1 1 1 1 1 1 1 1 1 1 1 1 1 1 1 1 1 1 1 1 1 1 1 1 1 1 1 1 1 1 1 1 1 1 1 1 1 1 1 1 1 1 1 1 1 1 1 1 1 1 1 1 1 1 1 1 1 1 1 1 1 1 1 1 1 1 1 1 1 1 1 1 1 1 1 1 1 1 1 1 1 1 1 1 1 1 1 1 1 1 1 1 1 1 1 1 1 1 1 1 1 1 1 1 1 1 1 1 1 1 1 1 1 1 1 1 1 1 1 1 1 1 1 1 1 1 1 1 1 1 1 1 1 1 1 1 1 1 1 1 1 1 1 1 1 1 1 1 1 1 1 1 1 1 1 1 1 1 1 1 1 1 1 1 1 1 1 1 1 1 1 1 1 1 1 1 1 1 1 1 1 1 1 1 1 1 1 1 1 1 1 1 1 1 1 1 1 1 1 1 1 1 1 1 1 1 1 1 1 1 1 1 1 1 1 1 1 1 1 1 1 1 1 1 1 1 1 1 1 1 1 1 1 1 1 1 1 1 1 1 1 1 1 1 1 1 1 1 1 1 1 1 1 1 1 1 1 1 1 1 1 1 1 1 1 1 1 1 1 1 1 1 1 1 1 1 1 1 1 1 1 1 1 1 1 1 1 1 1 1 1 1 1 1 1 1 1 1 1 1 1 1 1 1 1 1 1 1 1 1 1 1 1 1 1 1 1 1 1 1 1 1 1 1 1 1 1 1 1 1 1 1 1 1 1 1 1 1 1 1 1 1 1 1 1 1 1 1 1 1 1 1 1 1 1 1 1 1 1 1 1 1 1 1 1 1 1 1 1 1 1 1 1 1 1 1 1 1 1 1 1 1 1 1 1 1 1 1 1 1 1 1 1 1 1 1 1 1 1 1 1 1 1 1 1 1 1 1 1 1 1 1 1 1 1 1 1 1 1 1 1 1 1 1 1 1 1 1 1 1 1 1 1 1 1 1 1 1 1 1 1 1 1 1 1 1 1 1 1 1 1 1 1 1 1 1 1 1 1 1 1 1 1 1 1 1 1 1 1 1 1 1 1 1 1 1 1 1 1 1 1 1 1 1 1 1 1 1 1 1 1 1 1 1 1 1 1 1 1 1 1 1 1 1 1 1 1 1 1 1 1 1 1 1 1 1 1 1 1 1 1 1 1 1 1 1 1 1 1 1 1 1 1 1 1 1 1 1 1 1 1 1 1 1 1 1 1 1 1 1 1 1 1 1 1 1 1 1 1 1 1 1 1 1 1 1 1 1 1 1 1 1 1 1 1 1 1 1 1 1 1 1 1 1 1</float_array>
          <technique_common>
            <accessor source="#Mesh_004-mesh-colors-Attribute.001-array" count="222" stride="4">
              <param name="R" type="float"/>
              <param name="G" type="float"/>
              <param name="B" type="float"/>
              <param name="A" type="float"/>
            </accessor>
          </technique_common>
        </source>
        <vertices id="Mesh_004-mesh-vertices">
          <input semantic="POSITION" source="#Mesh_004-mesh-positions"/>
        </vertices>
        <triangles material="slabs_large-material" count="74">
          <input semantic="VERTEX" source="#Mesh_004-mesh-vertices" offset="0"/>
          <input semantic="NORMAL" source="#Mesh_004-mesh-normals" offset="1"/>
          <input semantic="TEXCOORD" source="#Mesh_004-mesh-map-0" offset="2" set="0"/>
          <input semantic="COLOR" source="#Mesh_004-mesh-colors-Attribute.001" offset="3" set="0"/>
          <p>41 0 0 0 20 0 1 1 1 0 2 2 1 1 3 3 12 1 4 4 41 1 5 5 42 2 6 6 13 3 7 7 3 4 8 8 3 4 9 9 2 5 10 10 42 2 11 11 8 6 12 12 9 7 13 13 10 8 14 14 10 8 15 15 11 9 16 16 8 6 17 17 13 10 18 18 33 11 19 19 4 12 20 20 12 13 21 21 1 14 22 22 6 15 23 23 6 15 24 24 5 16 25 25 12 13 26 26 1 14 27 27 3 17 28 28 7 18 29 29 7 18 30 30 6 15 31 31 1 14 32 32 3 19 33 33 13 10 34 34 4 12 35 35 4 12 36 36 7 20 37 37 3 19 38 38 4 21 39 39 5 22 40 40 9 23 41 41 9 23 42 42 8 24 43 43 4 21 44 44 5 25 45 45 6 26 46 46 10 27 47 47 10 27 48 48 9 28 49 49 5 25 50 50 6 29 51 51 7 29 52 52 11 29 53 53 11 29 54 54 10 29 55 55 6 29 56 56 7 30 57 57 4 30 58 58 8 30 59 59 8 30 60 60 11 30 61 61 7 30 62 62 28 31 63 63 15 32 64 64 14 33 65 65 14 34 66 66 43 35 67 67 28 36 68 68 17 37 69 69 16 38 70 70 43 35 71 71 43 35 72 72 14 34 73 73 17 37 74 74 19 39 75 75 18 40 76 76 15 32 77 77 15 32 78 78 28 31 79 79 19 39 80 80 35 41 81 81 36 42 82 82 37 43 83 83 37 43 84 84 34 44 85 85 35 41 86 86 23 45 87 87 24 46 88 88 25 47 89 89 25 47 90 90 26 48 91 91 23 45 92 92 28 49 93 93 0 49 94 94 21 49 95 95 21 50 96 96 19 50 97 97 28 50 98 98 40 51 99 99 16 52 100 100 22 53 101 101 22 53 102 102 27 54 103 103 40 51 104 104 17 55 105 105 29 56 106 106 22 57 107 107 22 57 108 108 16 58 109 109 17 55 110 110 18 59 111 111 19 60 112 112 23 61 113 113 19 60 114 114 21 62 115 115 24 63 116 116 24 63 117 117 23 61 118 118 19 60 119 119 21 64 120 120 20 65 121 121 25 66 122 122 25 66 123 123 24 67 124 124 21 64 125 125 20 68 126 126 41 69 127 127 26 70 128 128 26 70 129 129 25 71 130 130 20 68 131 131 17 72 132 132 14 73 133 133 30 74 134 134 30 74 135 135 29 75 136 136 17 72 137 137 14 76 138 138 15 77 139 139 31 78 140 140 31 78 141 141 30 79 142 142 14 76 143 143 15 80 144 144 18 81 145 145 31 82 146 146 18 59 147 147 23 61 148 148 22 57 149 149 22 57 150 150 29 56 151 151 18 59 152 152 13 83 153 153 40 84 154 154 39 85 155 155 39 85 156 156 33 86 157 157 13 83 158 158 41 87 159 159 12 88 160 160 32 89 161 161 32 89 162 162 38 90 163 163 41 87 164 164 38 91 165 165 37 92 166 166 26 70 167 167 26 70 168 168 41 69 169 169 38 91 170 170 37 92 171 171 36 93 172 172 27 94 173 173 27 94 174 174 26 70 175 175 37 92 176 176 36 93 177 177 39 95 178 178 40 96 179 179 40 96 180 180 27 94 181 181 36 93 182 182 33 11 183 183 32 97 184 184 5 16 185 185 5 16 186 186 4 12 187 187 33 11 188 188 32 97 189 189 12 13 190 190 5 16 191 191 22 98 192 192 23 99 193 193 26 100 194 194 26 100 195 195 27 101 196 196 22 98 197 197 30 102 198 198 31 103 199 199 18 104 200 200 18 104 201 201 29 105 202 202 30 102 203 203 32 97 204 204 33 11 205 205 35 106 206 206 35 106 207 207 34 107 208 208 32 97 209 209 33 108 210 210 39 109 211 211 36 110 212 212 36 110 213 213 35 111 214 214 33 108 215 215 38 112 216 216 32 113 217 217 34 114 218 218 34 114 219 219 37 115 220 220 38 112 221 221</p>
        </triangles>
      </mesh>
    </geometry>
    <geometry id="Plane_060-mesh" name="Plane.060">
      <mesh>
        <source id="Plane_060-mesh-positions">
          <float_array id="Plane_060-mesh-positions-array" count="897">-723.9265 115.07 118.9484 -723.9265 115.07 118.4484 -725.6571 120.702 118.4484 -721.9758 117.0207 118.4484 -725.6571 120.702 118.9484 -721.9758 117.0207 118.9484 -723.9265 115.07 119.4484 -732.0106 106.9857 118.4484 -732.0106 106.9857 119.4484 -733.7939 105.2024 118.4484 -733.7939 105.2024 119.4484 -732.0106 106.9857 122.4484 -733.7939 105.2024 122.4484 -727.6046 118.7482 118.9484 -725.6539 120.6989 118.9484 -724.1795 115.3231 118.4484 -724.1795 115.3231 119.4484 -732.2637 107.2387 119.4484 -732.2637 107.2387 122.4484 -733.7939 105.2024 122.4484 -721.9758 117.0207 122.4484 -732.3796 103.7882 122.4484 -719.1475 117.0207 122.4484 -727.7577 122.7831 122.4484 -721.9856 117.011 122.4484 -726.3338 124.2071 122.4484 -719.1475 117.0207 122.4484 -733.7939 105.2024 122.8484 -719.1475 117.0207 122.8484 -732.3796 103.7882 122.8484 -719.1475 117.0207 122.8484 -727.7479 122.7929 122.8484 -726.3338 124.2071 122.8484 -719.1475 117.0207 122.8484 -733.7939 105.2024 122.8484 -721.9758 117.0207 122.8484 -732.3796 103.7882 122.8484 -719.1475 117.0207 122.8484 -727.7479 122.7929 122.8484 -721.9758 117.0207 122.8484 -726.3338 124.2071 122.8484 -719.1475 117.0207 122.8484 -733.7939 105.2024 122.8484 -733.7939 105.2024 124.8484 -721.9758 117.0207 124.8484 -727.7479 122.7929 122.8484 -727.7479 122.7929 124.8484 -733.8037 105.684 125.0984 -722.4673 117.0207 125.0984 -727.7479 122.3015 125.0984 -724.184 115.3186 119.4484 -724.184 115.3186 122.4484 -723.9308 115.0655 122.4484 -724.1838 115.3186 122.4484 -723.7338 114.8773 119.4484 -731.8179 106.7929 119.4484 -731.8179 106.7929 122.4484 -723.7338 114.8773 119.326 -731.9058 106.7051 119.326 -723.933 115.0765 119.326 -732.1162 106.9155 119.326 -731.9058 106.7051 122.4484 -732.1162 106.9155 122.4484 -726.8772 112.6253 122.4484 -729.5704 109.932 122.4484 -729.5704 109.932 119.4484 -726.8772 112.6253 119.4484 -729.5077 109.8996 122.4002 -732.1971 107.2102 122.4002 -732.1971 107.2102 119.4046 -729.5077 109.8996 119.4046 -727.112 112.1915 122.4002 -729.8013 109.5022 122.4002 -729.8013 109.5022 119.4046 -727.112 112.1915 119.4046 -727.1829 112.1269 122.4002 -724.4935 114.8162 122.4002 -724.4935 114.8162 119.4046 -727.1829 112.1269 119.4046 -723.9265 115.07 120.1895 -723.9523 115.0957 120.0072 -724.184 115.3186 118.9254 -724.184 115.3186 122.4484 -727.604 118.7388 118.9254 -727.604 118.7388 122.4484 -725.6588 120.6842 118.9254 -725.6588 120.6842 122.4484 -727.7577 122.7831 118.9254 -727.7577 122.7831 122.4484 -727.604 118.7388 118.9254 -727.604 118.7388 122.4484 -725.6588 120.6842 118.9254 -725.6588 120.6842 122.4484 -727.604 118.7388 121.5841 -725.6588 120.6842 121.5841 -726.6314 119.7115 122.4484 -726.6314 119.7115 118.9254 -726.6314 119.7115 121.5841 -723.9308 115.0656 122.4484 -721.9855 117.0108 122.4484 -722.9581 116.0382 122.4484 -721.9758 117.0967 118.5176 -722.0416 117.0587 118.5176 -722.0416 116.9828 118.5176 -721.9758 116.9447 118.5176 -721.91 116.9827 118.5176 -721.91 117.0587 118.5176 -721.9758 117.0967 125.1789 -722.0416 117.0587 125.1789 -722.0416 116.9828 125.1789 -721.9758 116.9447 125.1789 -721.91 116.9827 125.1789 -721.91 117.0587 125.1789 -726.0049 112.8951 123.1725 -729.6395 109.2602 123.0325 -729.676 109.2236 124.9309 -726.0415 112.8585 125.071 -729.5456 109.0931 124.9309 -725.911 112.728 125.071 -729.509 109.1297 123.0325 -725.8744 112.7646 123.1725 -739.8014 110.7394 118.4484 -739.2998 110.7496 125.0984 -721.9758 117.0207 125.0984 -733.7939 105.2024 125.0984 -739.8014 110.7394 125.0984 -727.7479 122.7929 125.0984 -733.8037 105.684 124.21 -722.4673 117.0207 124.21 -727.7479 122.3015 124.21 -739.2998 110.7496 124.21 -725.6539 120.6989 118.9484 -721.9758 117.0207 120.1895 -725.6539 120.6989 120.1895 -723.9265 115.07 118.9484 -721.9758 117.0207 118.9484 -732.0701 106.9777 118.7661 -723.9523 115.0957 118.7661 -732.0701 106.9777 120.0072 -728.9785 109.5574 123.6884 -728.7357 109.8001 123.6992 -728.9907 109.5451 124.236 -728.7479 109.7879 124.2469 -728.7232 109.8126 123.6997 -728.4356 110.1003 123.7126 -728.7354 109.8004 124.2474 -728.4478 110.0881 124.2602 -728.4269 110.1089 123.713 -728.1393 110.3966 123.7258 -728.4391 110.0967 124.2606 -728.1514 110.3844 124.2734 -728.1168 110.4191 123.7268 -727.8291 110.7068 123.7396 -728.129 110.4069 124.2744 -727.8413 110.6946 124.2873 -727.8158 110.72 123.7402 -727.5281 111.0077 123.753 -727.828 110.7078 124.2879 -727.5404 110.9955 124.3007 -727.52 111.0158 123.7534 -727.2323 111.3035 123.7662 -727.5322 111.0036 124.3011 -727.2445 111.2913 124.3139 -727.2465 111.2894 123.7656 -726.9588 111.5771 123.7784 -727.2587 111.2772 124.3133 -726.971 111.5649 124.3261 -726.9533 111.5826 123.7787 -726.6038 111.9321 123.7942 -726.9655 111.5704 124.3263 -726.616 111.9198 124.3419 -726.5923 111.9435 123.7947 -726.3046 112.2312 123.8076 -726.6045 111.9313 124.3424 -726.3168 112.219 124.3552 -726.3067 112.2291 123.8075 -726.0191 112.5168 123.8203 -726.319 112.2169 124.3551 -726.0313 112.5046 124.368 -720.931 118.815 122.3138 -721.1788 119.0627 122.3145 -720.9301 118.814 122.7554 -721.1779 119.0618 122.7561 -721.1915 119.0755 122.3145 -721.4852 119.3691 122.3153 -721.1906 119.0746 122.7561 -721.4841 119.3681 122.757 -721.4939 119.3779 122.3153 -721.7875 119.6715 122.3162 -721.4929 119.3769 122.757 -721.7865 119.6705 122.7578 -721.8104 119.6944 122.3162 -722.1041 119.988 122.317 -721.8095 119.6935 122.7579 -722.103 119.987 122.7587 -722.1176 120.0015 122.3171 -722.4111 120.2951 122.3179 -722.1166 120.0006 122.7587 -722.4102 120.2942 122.7595 -722.4194 120.3034 122.3179 -722.7131 120.597 122.3187 -722.4185 120.3024 122.7596 -722.712 120.596 122.7604 -722.6986 120.5826 122.3187 -722.9923 120.8762 122.3195 -722.6976 120.5816 122.7604 -722.9913 120.8752 122.7612 -722.9978 120.8818 122.3195 -723.3545 121.2385 122.3205 -722.9969 120.8809 122.7612 -723.3535 121.2375 122.7622 -723.3662 121.2502 122.3206 -723.6598 121.5438 122.3214 -723.3652 121.2492 122.7622 -723.6588 121.5428 122.763 -723.6577 121.5417 122.3214 -723.9513 121.8353 122.3222 -723.6567 121.5407 122.763 -723.9503 121.8343 122.7639 -728.8834 109.6527 124.2407 -728.8712 109.6649 123.693 -728.6507 109.8854 123.7029 -728.6629 109.8732 124.2505 -728.6542 109.8819 124.2509 -728.642 109.8941 123.7033 -728.3347 110.2013 123.717 -728.3469 110.189 124.2647 -728.3383 110.1977 124.2651 -728.3261 110.2099 123.7174 -728.0293 110.5067 123.7307 -728.0415 110.4944 124.2783 -728.0328 110.5031 124.2787 -728.0206 110.5153 123.7311 -727.7134 110.8225 123.7448 -727.7256 110.8103 124.2925 -727.7169 110.8189 124.2928 -727.7047 110.8312 123.7452 -727.43 111.1059 123.7575 -727.4422 111.0936 124.3051 -727.4335 111.1023 124.3055 -727.4213 111.1145 123.7579 -727.1466 111.3892 123.7701 -727.1588 111.377 124.3178 -727.1501 111.3856 124.3182 -727.1379 111.3979 123.7705 -726.9173 111.6184 123.7804 -726.9295 111.6061 124.328 -726.9209 111.6148 124.3284 -726.9086 111.6271 123.7808 -726.6281 111.9075 123.7933 -726.6403 111.8953 124.341 -726.6316 111.904 124.3414 -726.6194 111.9162 123.7937 -726.4422 112.0934 123.8016 -726.4544 112.0811 124.3493 -726.4458 112.0898 124.3497 -726.4336 112.1021 123.802 -726.1263 112.4092 123.8158 -726.1385 112.397 124.3634 -721.0402 118.9244 122.7557 -721.0411 118.9253 122.3141 -721.2662 119.1504 122.3147 -721.2653 119.1494 122.7563 -721.274 119.1582 122.7563 -721.2749 119.1591 122.3147 -721.5884 119.4726 122.3156 -721.5875 119.4716 122.7572 -721.5963 119.4804 122.7573 -721.5972 119.4813 122.3156 -721.9 119.7841 122.3165 -721.8991 119.7832 122.7581 -721.9079 119.7919 122.7581 -721.9088 119.7929 122.3165 -722.2223 120.1064 122.3174 -722.2214 120.1054 122.759 -722.2302 120.1141 122.7591 -722.2311 120.1151 122.3175 -722.5114 120.3954 122.3183 -722.5105 120.3945 122.7599 -722.5193 120.4032 122.7599 -722.5202 120.4041 122.3183 -722.8005 120.6845 122.3191 -722.7996 120.6835 122.7607 -722.8084 120.6922 122.7607 -722.8093 120.6932 122.3191 -723.0344 120.9182 122.3197 -723.0335 120.9173 122.7614 -723.0422 120.926 122.7614 -723.0431 120.9269 122.3198 -723.3294 121.2132 122.3206 -723.3285 121.2122 122.7622 -723.3372 121.221 122.7622 -723.3381 121.2219 122.3206 -723.519 121.4027 122.3211 -723.5181 121.4018 122.7627 -723.5268 121.4105 122.7628 -723.5277 121.4115 122.3212 -723.8412 121.7249 122.322 -723.8403 121.724 122.7637</float_array>
          <technique_common>
            <accessor source="#Plane_060-mesh-positions-array" count="299" stride="3">
              <param name="X" type="float"/>
              <param name="Y" type="float"/>
              <param name="Z" type="float"/>
            </accessor>
          </technique_common>
        </source>
        <source id="Plane_060-mesh-normals">
          <float_array id="Plane_060-mesh-normals-array" count="432">0.7071186 0.7070951 0 0.7071068 -0.7071068 0 0.7071174 -0.7070961 0 0.7071189 -0.7070947 0 0.7070866 -0.707127 0 -4.25338e-6 0 1 0.7070926 0.707121 0 -1.02551e-5 0 1 0.7072774 0.7069361 0 9.12956e-7 0 -1 0 0 -1 0 0 0 -0.7071068 0.7071068 0 0.7071143 0.7070993 0 -0.7071449 -0.7070686 0 0.707119 -0.7070946 0 7.30364e-6 0 1 -3.73857e-6 0 1 0.7071141 -0.7070995 0 0.7071143 0.7070993 0 0.7071292 0.7070844 0 0.7071177 -0.7070958 0 0.7071202 -0.7070935 0 0.7074801 0.7067333 0 3.06039e-5 0 1 0.7070904 -0.7071232 0 -2.34314e-6 0 -1 -0.7070432 -0.7071704 0 0.7068831 -0.7073305 0 0.7070988 -0.7071148 0 0.7071122 -0.7071015 0 0.7071015 -0.7071122 0 0.7071115 0.7071021 0 0.7071154 -0.7070983 0 0.7071319 0.7070817 0 0.7070683 -0.7071453 0 0.7071272 0.7070864 0 -0.7071084 0.7071052 0 0.7071517 -0.7070619 0 0.7071026 -0.707111 0 0.7071694 -0.7070442 0 2.13538e-6 0 -1 0.8659973 -0.5000489 0 -8.28853e-4 -0.9999997 0 -3.52699e-4 -1 0 -0.8661733 -0.4997438 0 -0.8660862 0.4998949 0 -0.866324 0.4994826 0 0.8661729 0.4997447 0 0.8659988 -0.5000461 0 -0.8664111 -0.4993315 0 1.6873e-4 1 0 -3.07657e-4 1 0 0.8661713 0.4997472 0 0.7071068 0.7071068 0 0.7071161 -0.7070976 -1.56244e-5 0.01925158 0.01926767 -0.9996291 -0.01923477 -0.0192669 0.9996294 0.7063168 0.707372 0.02722918 -0.7070092 -0.7066798 -0.02723443 -0.677724 -0.7353164 0 0.7071026 -0.707111 0 0 0 1 -5.87408e-6 0 1 -2.00104e-6 0 1 -0.7071111 0.7071025 0 0.6777218 0.7353185 0 -0.7071068 -0.7071068 0 0.7069624 -0.7072511 2.02638e-5 0.7069625 -0.7072511 4.27497e-6 0.7071971 -0.7070165 0 0.7070908 -0.7071229 1.71034e-5 0.707171 -0.7070427 0 0.7071111 -0.7071025 0 0.7069529 -0.7072607 0 0.7070048 -0.7072089 2.81563e-5 0.7072362 -0.7069774 9.62241e-6 0.7069572 -0.7072564 3.41988e-5 0.7070775 0.707136 2.46489e-5 0.7070206 0.7071929 -4.16017e-5 0.7072352 0.7069784 4.16119e-5 0.7069312 0.7072823 4.16013e-5 0.7070879 0.7071257 8.32015e-5 0.706893 0.7073206 0 0.7070878 0.7071258 6.8493e-5 0.7071608 0.7070529 0 0.7071598 0.7070538 -4.1605e-5 0.7071068 0.7071068 0 0.7070947 -0.7071189 0 -2.12671e-6 0 1 1.72414e-6 0 -1 0 1 0 -0.7071115 0.7071021 -5.03172e-5 -0.7070878 -0.7071259 0 0.7071027 -0.7071109 0 0.7071105 -0.7071031 0 0.707118 0.7070956 0 0.7070993 0.7071143 0 0.7071142 -0.7070995 0 2.70537e-5 0 -1 0.7071815 0.7070322 0 0.7071338 -0.7070798 0 0.7075164 -0.7066969 0 0.7070881 -0.7071256 0 0.7071095 -0.7071041 0 0.7071042 -0.7071095 0 0.7071154 -0.7070983 0 0.7071176 0.707096 0 0.7071132 -0.7071004 0 -0.7071028 0.7071108 -2.225e-6 0.7072031 -0.7070105 0 -2.13544e-6 0 -1 0.707131 0.7070826 1.6593e-4 0.7071419 -0.7070717 0 0.01923352 0.01926565 -0.9996294 -0.01926118 -0.01926922 0.9996289 0.7069263 0.7067629 0.02722942 -0.7065839 -0.7071064 -0.02720224 -0.6777228 -0.7353175 0 0.707111 -0.7071026 0 -1.91747e-5 0 1 2.0391e-6 0 1 -0.7071197 0.707094 0 -0.7071252 -0.7070884 0 0.7073032 -0.7069104 1.26726e-5 0.7072992 -0.7069143 0 0.7072308 -0.7069828 -1.7106e-5 0.7072778 -0.7069357 -1.71071e-5 0.7071058 -0.7071079 2.13788e-6 0.7071089 -0.7071046 5.34467e-6 0.70711 -0.7071036 -1.17583e-5 0.7071402 -0.7070733 -5.54337e-5 0.7069914 -0.7072222 -3.41971e-5 0.7072431 -0.7069705 -4.3835e-5 0.707002 0.7072116 5.19999e-5 0.7072013 0.7070124 -1.12148e-5 0.7072058 0.7070077 -2.1373e-5 0.7072107 0.7070028 -2.53549e-5 0.7071883 0.7070254 2.37303e-5 0.7070329 0.7071807 -5.23236e-5 0.7071968 0.7070168 3.38072e-5 0.707077 0.7071366 -3.17054e-5 0.7071582 0.7070555 -4.50245e-5 0.7070311 0.7071825 5.41112e-5</float_array>
          <technique_common>
            <accessor source="#Plane_060-mesh-normals-array" count="144" stride="3">
              <param name="X" type="float"/>
              <param name="Y" type="float"/>
              <param name="Z" type="float"/>
            </accessor>
          </technique_common>
        </source>
        <source id="Plane_060-mesh-map-0">
          <float_array id="Plane_060-mesh-map-0-array" count="1228">-2.298126 0.4441929 0.3049622 0.6941929 0.3049622 0.4441929 1.510334 0.4441929 0.1310081 0.6941929 0.1310081 0.4441929 0.1310081 0.9441929 -5.585434 0.4441929 0.1310081 0.4441929 0.414566 0.9441929 -0.8463631 0.4441929 0.414566 0.4441929 1.414566 0.9441929 0.1536369 2.444193 0.1536369 0.9441929 0.7012405 1.005167 0.05103302 0.3155136 0.7012405 0.3155041 0.3050537 -1.055807 0.1260986 0.4441929 0.3050537 0.4441929 0.3049622 6.131008 0.1260986 0.4145699 0.3050537 0.414566 0.3049622 0.4441929 0.1260375 0.9441929 0.3049622 0.9441929 0.8168167 0.4289963 0.08259981 0.3403248 0.08259981 0.4289963 0.2532114 0.3403248 0.6159383 0.4289963 0.253213 0.4289963 0.2605726 0.3148303 0.140589 0.338827 0.2605726 0.338827 0.5104065 0.4441929 -0.4895935 0.6441937 0.5104065 0.6441937 -0.7420925 0.3148303 0.2605726 0.338827 0.2605726 0.3148303 0.5677826 0.3156477 0.4529277 0.3386188 0.4529277 0.3156477 1.365065 0.3148303 0.242416 0.338827 0.242416 0.3148303 0.08159422 0.3399707 0.8207502 0.428422 0.08159494 0.4284215 0.4476486 0.4286271 0.08159422 0.340169 0.08159428 0.4286199 0.6782122 0.341065 -0.04338002 0.4274143 -0.04338002 0.3410648 0.6782122 0.341065 1.030648 0.427414 0.6782122 0.4274141 1.390236 0.7874612 0.6988954 0.8086331 0.6988954 0.7874609 0.6988954 0.7874609 -0.5141018 0.8058236 -0.5141019 0.7846514 0.000890598 0.426108 0.1755332 0.5694009 0.000890568 0.5694009 -0.4192726 0.7845017 1.550868 0.7228024 -0.419274 0.722792 1.372542 0.809142 1.152147 0.7880871 1.152147 0.809142 0.192749 0.809142 1.032665 0.7880871 1.032666 0.809142 -0.1354067 0.8113461 1.155065 0.7886515 1.155191 0.8111768 0.1836225 0.7880871 1.032665 0.809142 1.032665 0.7880871 1.372542 0.7880871 1.143154 0.809142 1.143154 0.7880871 0.2178272 0.8138029 0.8065578 0.7894288 0.1938073 0.7894288 0.000890598 0.426108 0.1755332 0.5694009 0.000890568 0.5694009 0.000890598 0.426108 0.1755332 0.5694009 0.000890568 0.5694009 0.005153775 -0.000503913 0.228132 0.1824479 0.005153715 0.1824479 0.9913958 -0.000503913 0.7684175 0.1824479 0.9913958 0.1824479 0.228132 0.1824479 0.005153775 -0.000503913 0.005153715 0.1824479 -0.3313314 0.6772692 0.697521 0.7386404 -0.3313314 0.7386404 0.697521 0.6772692 1.243163 0.7386404 0.697521 0.7386404 -0.3937637 0.6772692 2.334448 0.7386404 -0.3937637 0.7386404 0.00131005 0.5701267 0.176729 0.4237563 0.1767301 0.5701251 0.471538 0.2166442 0.3602058 0.3139805 0.3602058 0.2166442 -0.6987 0.6827183 0.7076416 2.444193 0.7076416 0.6827183 0.7436352 0.1345968 5.00172 -1.408641 0.7436352 -1.527904 0.3609717 0.2166442 0.4723039 0.3139805 0.4723039 0.2166442 0.8425074 0.3803928 0.7652311 0.5316621 0.765231 0.3803928 0.5735595 0.380858 0.4625412 0.5333842 0.4625412 0.380858 0.471538 0.3139805 0.3602058 0.3139805 0.3602058 0.3139805 0.4723039 0.3139805 0.3609717 0.3139805 0.4723039 0.3139805 0.5345846 0.9380353 1.16693 0.9490729 0.5345774 0.949073 0.5346131 0.8938848 1.166959 0.9049224 0.5346059 0.9049224 0.5345916 0.9269977 1.166937 0.9380353 0.5345846 0.9380353 0.5345774 0.949073 1.166923 0.9601106 0.5345702 0.9601106 0.5346059 0.9049224 1.166952 0.91596 0.5345988 0.91596 0.5345988 0.91596 1.166944 0.9269976 0.5345916 0.9269977 0.5529474 0.8085358 0.5074636 0.7881081 0.5529466 0.7881063 0.3027694 0.7229183 0.1549218 0.7806518 0.1549218 0.7229182 0.8859647 0.8085262 0.3458763 0.7891207 0.3458738 0.808507 0.4602517 0.8085262 -0.07983738 0.7891207 0.4602541 0.7891399 0.7027829 0.8085262 0.5033153 0.7891399 0.5033153 0.8085262 0.2677876 0.808507 0.06831973 0.7891207 0.2677876 0.7891207 0.6307501 4.267657 -3.449869 0.9434582 0.6307501 0.9434582 -1.239257 0.1345968 0.8028336 -0.08749771 0.8028336 0.1345968 0.9791944 0.02080649 1.44226e-05 2.43437e-05 0.9999855 1.44226e-05 0.04258728 2.91396e-05 0.9999794 0.04258692 2.06334e-05 0.04259622 0.0212475 1.48932e-05 0.9999858 0.02039986 1.42778e-05 0.02040052 0.04432135 0.04255241 0.9999794 2.06228e-05 0.9591454 0.04255253 0.7515106 0.9102249 -0.182022 4.918304 -0.182022 0.8341236 2.802825 0.1345968 0.7987938 -0.08749771 0.7987938 0.1345968 1.751511 0.1345968 0.8179779 -0.08749771 0.8179779 0.1345968 -0.182022 0.1345968 0.7514877 -0.08749771 0.7514877 0.1345968 0.6354413 0.9648719 0.6463826 0.9788429 0.6354413 0.9788429 0.516604 0.9648715 0.5035443 0.9788429 0.5035443 0.9648719 0.7659003 0.9648715 0.7529955 0.9788429 0.7529955 0.9648719 0.6755865 0.9648715 0.6626818 0.9788429 0.6626818 0.9648719 0.5420419 0.9648719 0.5549467 0.9788429 0.5420419 0.9788429 0.7171432 0.9648719 0.730048 0.9788429 0.7171432 0.9788429 0.6763081 0.9648719 0.6899641 0.9788429 0.6763081 0.9788429 0.6470314 0.9648719 0.6606875 0.9788429 0.6470314 0.9788429 0.516604 0.9648715 0.5035443 0.9788429 0.5035443 0.9648719 0.7412494 0.9648719 0.7523139 0.9788429 0.7412494 0.9788429 0.6354413 0.9648719 0.6463826 0.9788429 0.6354413 0.9788429 0.5035443 0.9648719 0.516604 0.9788429 0.5035443 0.9788429 0.7529955 0.9648719 0.7659003 0.9788429 0.7529955 0.9788429 0.6626818 0.9648719 0.6755865 0.9788429 0.6626818 0.9788429 0.5420419 0.9648719 0.5549467 0.9788429 0.5420419 0.9788429 0.7171432 0.9648719 0.730048 0.9788429 0.7171432 0.9788429 0.6763081 0.9648719 0.6899641 0.9788429 0.6763081 0.9788429 0.6470314 0.9648719 0.6606875 0.9788429 0.6470314 0.9788429 0.5035443 0.9648719 0.516604 0.9788429 0.5035443 0.9788429 0.7412494 0.9648719 0.7523139 0.9788429 0.7412494 0.9788429 -2.298126 0.4441929 -2.298126 0.6941929 0.3049622 0.6941929 1.510334 0.4441929 1.510334 0.6941929 0.1310081 0.6941929 0.1310081 0.9441929 -5.585434 0.9441929 -5.585434 0.4441929 0.414566 0.9441929 -0.8463631 0.9441929 -0.8463631 0.4441929 1.414566 0.9441929 1.414566 2.444193 0.1536369 2.444193 0.7012405 1.005167 0.05103302 1.005178 0.05103302 0.3155136 0.3050537 -1.055807 0.1260986 -1.055807 0.1260986 0.4441929 0.3049622 6.131008 0.1260375 6.131012 0.1260986 0.4145699 0.3049622 0.4441929 0.1260375 0.4441929 0.1260375 0.9441929 0.8168167 0.4289963 0.9046763 0.3403248 0.08259981 0.3403248 0.2532114 0.3403248 0.7048064 0.3403248 0.6159383 0.4289963 0.2605726 0.3148303 0.140589 0.3148303 0.140589 0.338827 0.5104065 0.4441929 -0.4895935 0.4441929 -0.4895935 0.6441937 -0.7420925 0.3148303 -0.7420925 0.338827 0.2605726 0.338827 0.5677826 0.3156477 0.5677826 0.3386188 0.4529277 0.3386188 1.365065 0.3148303 1.365065 0.338827 0.242416 0.338827 0.08159422 0.3399707 0.9092005 0.3399704 0.8207502 0.428422 0.4476486 0.4286271 0.5360994 0.3401763 0.08159422 0.340169 0.6782122 0.341065 0.6782122 0.4274141 -0.04338002 0.4274143 0.6782122 0.341065 1.030648 0.341065 1.030648 0.427414 1.390236 0.7874612 1.390235 0.8086341 0.6988954 0.8086331 0.6988954 0.7874609 0.6988954 0.8086331 -0.5141018 0.8058236 0.000890598 0.426108 0.1755332 0.426108 0.1755332 0.5694009 -0.4192726 0.7845017 1.550868 0.7845014 1.550868 0.7228024 1.372542 0.809142 1.372542 0.7880871 1.152147 0.7880871 0.192749 0.809142 0.1927473 0.7880871 1.032665 0.7880871 -0.1354067 0.8113461 -0.1584195 0.788668 1.155065 0.7886515 0.1836225 0.7880871 0.1836219 0.809142 1.032665 0.809142 1.372542 0.7880871 1.372542 0.809142 1.143154 0.809142 0.2178272 0.8138029 0.8065578 0.813803 0.8065578 0.7894288 0.000890598 0.426108 0.1755332 0.426108 0.1755332 0.5694009 0.000890598 0.426108 0.1755332 0.426108 0.1755332 0.5694009 0.005153775 -0.000503913 0.228132 -0.000503913 0.228132 0.1824479 0.9913958 -0.000503913 0.7684175 -0.000503913 0.7684175 0.1824479 0.228132 0.1824479 0.228132 -0.000503913 0.005153775 -0.000503913 -0.3313314 0.6772692 0.697521 0.6772692 0.697521 0.7386404 0.697521 0.6772692 1.243163 0.6772692 1.243163 0.7386404 -0.3937637 0.6772692 2.334448 0.6772692 2.334448 0.7386404 0.00131005 0.5701267 0.001308917 0.4237578 0.176729 0.4237563 0.471538 0.2166442 0.471538 0.3139805 0.3602058 0.3139805 -0.6987 0.6827183 -0.6987 2.444193 0.7076416 2.444193 0.7436352 0.1345968 5.00518 0.1345968 5.00172 -1.408641 0.3609717 0.2166442 0.3609717 0.3139805 0.4723039 0.3139805 0.8425074 0.3803928 0.8425074 0.5316621 0.7652311 0.5316621 0.5735595 0.380858 0.5735595 0.5333842 0.4625412 0.5333842 0.471538 0.3139805 0.471538 0.3139805 0.3602058 0.3139805 0.4723039 0.3139805 0.3609717 0.3139805 0.3609717 0.3139805 0.5345846 0.9380353 1.166937 0.9380353 1.16693 0.9490729 0.5346131 0.8938848 1.166966 0.8938848 1.166959 0.9049224 0.5345916 0.9269977 1.166944 0.9269976 1.166937 0.9380353 0.5345774 0.949073 1.16693 0.9490729 1.166923 0.9601106 0.5346059 0.9049224 1.166959 0.9049224 1.166952 0.91596 0.5345988 0.91596 1.166952 0.91596 1.166944 0.9269976 0.5529474 0.8085358 0.5059238 0.8085376 0.5074636 0.7881081 0.3027694 0.7229183 0.3027694 0.7806516 0.1549218 0.7806518 0.8859647 0.8085262 0.885967 0.7891399 0.3458763 0.7891207 0.4602517 0.8085262 -0.07983982 0.808507 -0.07983738 0.7891207 0.7027829 0.8085262 0.7027829 0.7891399 0.5033153 0.7891399 0.2677876 0.808507 0.06831973 0.808507 0.06831973 0.7891207 0.6307501 4.267657 -3.449869 4.267657 -3.449869 0.9434582 -1.239257 0.1345968 -1.239257 -0.08749771 0.8028336 -0.08749771 0.9791944 0.02080649 0.01997655 0.02081602 1.44226e-05 2.43437e-05 0.04258728 2.91396e-05 0.9574131 2.06334e-05 0.9999794 0.04258692 0.0212475 1.48932e-05 0.9795999 1.42778e-05 0.9999858 0.02039986 0.04432135 0.04255241 2.06228e-05 2.06228e-05 0.9999794 2.06228e-05 0.7515106 0.9102249 0.7514877 4.918287 -0.182022 4.918304 2.802825 0.1345968 2.802825 -0.08749771 0.7987938 -0.08749771 1.751511 0.1345968 1.751511 -0.08749771 0.8179779 -0.08749771 -0.182022 0.1345968 -0.182022 -0.08749771 0.7514877 -0.08749771 0.6354413 0.9648719 0.6463826 0.9648715 0.6463826 0.9788429 0.516604 0.9648715 0.516604 0.9788429 0.5035443 0.9788429 0.7659003 0.9648715 0.7659003 0.9788429 0.7529955 0.9788429 0.6755865 0.9648715 0.6755865 0.9788429 0.6626818 0.9788429 0.5420419 0.9648719 0.5549467 0.9648715 0.5549467 0.9788429 0.7171432 0.9648719 0.730048 0.9648715 0.730048 0.9788429 0.6763081 0.9648719 0.6899641 0.9648715 0.6899641 0.9788429 0.6470314 0.9648719 0.6606875 0.9648715 0.6606875 0.9788429 0.516604 0.9648715 0.516604 0.9788429 0.5035443 0.9788429 0.7412494 0.9648719 0.7523139 0.9648715 0.7523139 0.9788429 0.6354413 0.9648719 0.6463826 0.9648715 0.6463826 0.9788429 0.5035443 0.9648719 0.516604 0.9648715 0.516604 0.9788429 0.7529955 0.9648719 0.7659003 0.9648715 0.7659003 0.9788429 0.6626818 0.9648719 0.6755865 0.9648715 0.6755865 0.9788429 0.5420419 0.9648719 0.5549467 0.9648715 0.5549467 0.9788429 0.7171432 0.9648719 0.730048 0.9648715 0.730048 0.9788429 0.6763081 0.9648719 0.6899641 0.9648715 0.6899641 0.9788429 0.6470314 0.9648719 0.6606875 0.9648715 0.6606875 0.9788429 0.5035443 0.9648719 0.516604 0.9648715 0.516604 0.9788429 0.7412494 0.9648719 0.7523139 0.9648715 0.7523139 0.9788429 0.6362847 0.9788429 0.6362847 0.9648715 0.6462231 0.9648715 0.6462231 0.9788429 0.5029839 0.9788429 0.5029839 0.9648715 0.5168286 0.9648715 0.5168286 0.9788429 0.7656792 0.9788429 0.7656792 0.9648715 0.7790527 0.9648715 0.7790527 0.9788429 0.5029839 0.9788429 0.5029839 0.9648715 0.5168286 0.9648715 0.5168286 0.9788429 0.6626519 0.9788429 0.6626519 0.9648715 0.6750317 0.9648715 0.6750317 0.9788429 0.5420464 0.9788429 0.5420464 0.9648715 0.5544262 0.9648715 0.5544262 0.9788429 0.5557183 0.9788429 0.5557183 0.9648715 0.5656567 0.9648715 0.5656567 0.9788429 0.7173394 0.9788429 0.7173394 0.9648715 0.7299805 0.9648715 0.7299805 0.9788429 0.6045464 0.9788429 0.6045464 0.9648715 0.6125317 0.9648715 0.6125317 0.9788429 0.5029839 0.9788429 0.5029839 0.9648715 0.5168286 0.9648715 0.5168286 0.9788429 0.6362847 0.9788429 0.6362847 0.9648715 0.6462231 0.9648715 0.6462231 0.9788429 0.5029839 0.9788429 0.5029839 0.9648715 0.5168286 0.9648715 0.5168286 0.9788429 0.7656792 0.9788429 0.7656792 0.9648715 0.7790527 0.9648715 0.7790527 0.9788429 0.5029839 0.9788429 0.5029839 0.9648715 0.5168286 0.9648715 0.5168286 0.9788429 0.6626519 0.9788429 0.6626519 0.9648715 0.6750317 0.9648715 0.6750317 0.9788429 0.5420464 0.9788429 0.5420464 0.9648715 0.5544262 0.9648715 0.5544262 0.9788429 0.5557183 0.9788429 0.5557183 0.9648715 0.5656567 0.9648715 0.5656567 0.9788429 0.7173394 0.9788429 0.7173394 0.9648715 0.7299805 0.9648715 0.7299805 0.9788429 0.6045464 0.9788429 0.6045464 0.9648715 0.6125317 0.9648715 0.6125317 0.9788429 0.5029839 0.9788429 0.5029839 0.9648715 0.5168286 0.9648715 0.5168286 0.9788429</float_array>
          <technique_common>
            <accessor source="#Plane_060-mesh-map-0-array" count="614" stride="2">
              <param name="S" type="float"/>
              <param name="T" type="float"/>
            </accessor>
          </technique_common>
        </source>
        <source id="Plane_060-mesh-map-1">
          <float_array id="Plane_060-mesh-map-1-array" count="1228">0 0 0 0 0 0 0 0 0 0 0 0 0 0 0 0 0 0 0 0 0 0 0 0 0 0 0 0 0 0 0 0 0 0 0 0 0 0 0 0 0 0 0 0 0 0 0 0 0 0 0 0 0 0 0 0 0 0 0 0 0 0 0 0 0 0 0 0 0 0 0 0 0 0 0 0 0 0 0 0 0 0 0 0 0 0 0 0 0 0 0 0 0 0 0 0 0 0 0 0 0 0 0 0 0 0 0 0 0 0 0 0 0 0 0 0 0 0 0 0 0 0 0 0 0 0 0 0 0 0 0 0 0 0 0 0 0 0 0 0 0 0 0 0 0 0 0 0 0 0 0 0 0 0 0 0 0 0 0 0 0 0 0 0 0 0 0 0 0 0 0 0 0 0 0 0 0 0 0 0 0 0 0 0 0 0 0 0 0 0 0 0 0 0 0 0 0 0 0 0 0 0 0 0 0 0 0 0 0 0 0 0 0 0 0 0 0 0 0 0 0 0 0 0 0 0 0 0 0 0 0 0 0 0 0 0 0 0 0 0 0 0 0 0 0 0 0 0 0 0 0 0 0 0 0 0 0 0 0 0 0 0 0 0 0 0 0 0 0 0 0 0 0 0 0 0 0 0 0 0 0 0 0 0 0 0 0 0 0 0 0 0 0 0 0 0 0 0 0 0 0 0 0 0 0 0 0 0 0 0 0 0 0 0 0 0 0 0 0 0 0 0 0 0 0 0 0 0 0 0 0 0 0 0 0 0 0 0 0 0 0 0 0 0 0 0 0 0 0 0 0 0 0 0 0 0 0 0 0 0 0 0 0 0 0 0 0 0 0 0 0 0 0 0 0 0 0 0 0 0 0 0 0 0 0 0 0 0 0 0 0 0 0 0 0 0 0 0 0 0 0 0 0 0 0 0 0 0 0 0 0 0 0 0 0 0 0 0 0 0 0 0 0 0 0 0 0 0 0 0 0 0 0 0 0 0 0 0 0 0 0 0 0 0 0 0 0 0 0 0 0 0 0 0 0 0 0 0 0 0 0 0 0 0 0 0 0 0 0 0 0 0 0 0 0 0 0 0 0 0 0 0 0 0 0 0 0 0 0 0 0 0 0 0 0 0 0 0 0 0 0 0 0 0 0 0 0 0 0 0 0 0 0 0 0 0 0 0 0 0 0 0 0 0 0 0 0 0 0 0 0 0 0 0 0 0 0 0 0 0 0 0 0 0 0 0 0 0 0 0 0 0 0 0 0 0 0 0 0 0 0 0 0 0 0 0 0 0 0 0 0 0 0 0 0 0 0 0 0 0 0 0 0 0 0 0 0 0 0 0 0 0 0 0 0 0 0 0 0 0 0 0 0 0 0 0 0 0 0 0 0 0 0 0 0 0 0 0 0 0 0 0 0 0 0 0 0 0 0 0 0 0 0 0 0 0 0 0 0 0 0 0 0 0 0 0 0 0 0 0 0 0 0 0 0 0 0 0 0 0 0 0 0 0 0 0 0 0 0 0 0 0 0 0 0 0 0 0 0 0 0 0 0 0 0 0 0 0 0 0 0 0 0 0 0 0 0 0 0 0 0 0 0 0 0 0 0 0 0 0 0 0 0 0 0 0 0 0 0 0 0 0 0 0 0 0 0 0 0 0 0 0 0 0 0 0 0 0 0 0 0 0 0 0 0 0 0 0 0 0 0 0 0 0 0 0 0 0 0 0 0 0 0 0 0 0 0 0 0 0 0 0 0 0 0 0 0 0 0 0 0 0 0 0 0 0 0 0 0 0 0 0 0 0 0 0 0 0 0 0 0 0 0 0 0 0 0 0 0 0 0 0 0 0 0 0 0 0 0 0 0 0 0 0 0 0 0 0 0 0 0 0 0 0 0 0 0 0 0 0 0 0 0 0 0 0 0 0 0 0 0 0 0 0 0 0 0 0 0 0 0 0 0 0 0 0 0 0 0 0 0 0 0 0 0 0 0 0 0 0 0 0 0 0 0 0 0 0 0 0 0 0 0 0 0 0 0 0 0 0 0 0 0 0 0 0 0 0 0 0 0 0 0 0 0 0 0 0 0 0 0 0 0 0 0 0 0 0 0 0 0 0 0 0 0 0 0 0 0 0 0 0 0 0 0 0 0 0 0 0 0 0 0 0 0 0 0 0 0 0 0 0 0 0 0 0 0 0 0 0 0 0 0 0 0 0 0 0 0 0 0 0 0 0 0 0 0 0 0 0 0 0 0 0 0 0 0 0 0 0 0 0 0 0 0 0 0 0 0 0 0 0 0 0 0 0 0 0 0 0 0 0 0 0 0 0 0 0 0 0 0 0 0 0 0 0 0 0 0 0 0 0 0 0 0 0 0 0 0 0 0 0 0 0 0 0 0 0 0 0 0 0 0 0 0 0 0 0 0 0 0 0 0 0 0 0 0 0 0 0 0 0 0 0 0 0 0 0 0 0 0 0 0 0 0 0 0 0 0 0 0 0 0 0 0 0 0 0 0 0 0 0 0 0 0 0 0 0 0 0 0 0 0 0 0 0 0 0 0 0 0 0 0 0 0 0 0 0 0 0 0 0 0 0 0 0 0 0 0 0 0 0 0 0 0 0 0 0 0 0 0 0 0 0 0 0 0 0 0 0 0 0 0 0 0 0 0 0 0 0 0 0 0 0 0 0 0 0 0 0 0 0 0 0 0 0 0 0 0 0 0 0 0 0 0 0 0 0 0 0 0 0 0 0 0 0 0 0 0 0 0 0 0 0 0 0 0 0</float_array>
          <technique_common>
            <accessor source="#Plane_060-mesh-map-1-array" count="614" stride="2">
              <param name="S" type="float"/>
              <param name="T" type="float"/>
            </accessor>
          </technique_common>
        </source>
        <source id="Plane_060-mesh-map-2">
          <float_array id="Plane_060-mesh-map-2-array" count="1228">0 0 0 0 0 0 0 0 0 0 0 0 0 0 0 0 0 0 0 0 0 0 0 0 0 0 0 0 0 0 0 0 0 0 0 0 0 0 0 0 0 0 0 0 0 0 0 0 0 0 0 0 0 0 0 0 0 0 0 0 0 0 0 0 0 0 0 0 0 0 0 0 0 0 0 0 0 0 0 0 0 0 0 0 0 0 0 0 0 0 0 0 0 0 0 0 0 0 0 0 0 0 0 0 0 0 0 0 0 0 0 0 0 0 0 0 0 0 0 0 0 0 0 0 0 0 0 0 0 0 0 0 0 0 0 0 0 0 0 0 0 0 0 0 0 0 0 0 0 0 0 0 0 0 0 0 0 0 0 0 0 0 0 0 0 0 0 0 0 0 0 0 0 0 0 0 0 0 0 0 0 0 0 0 0 0 0 0 0 0 0 0 0 0 0 0 0 0 0 0 0 0 0 0 0 0 0 0 0 0 0 0 0 0 0 0 0 0 0 0 0 0 0 0 0 0 0 0 0 0 0 0 0 0 0 0 0 0 0 0 0 0 0 0 0 0 0 0 0 0 0 0 0 0 0 0 0 0 0 0 0 0 0 0 0 0 0 0 0 0 0 0 0 0 0 0 0 0 0 0 0 0 0 0 0 0 0 0 0 0 0 0 0 0 0 0 0 0 0 0 0 0 0 0 0 0 0 0 0 0 0 0 0 0 0 0 0 0 0 0 0 0 0 0 0 0 0 0 0 0 0 0 0 0 0 0 0 0 0 0 0 0 0 0 0 0 0 0 0 0 0 0 0 0 0 0 0 0 0 0 0 0 0 0 0 0 0 0 0 0 0 0 0 0 0 0 0 0 0 0 0 0 0 0 0 0 0 0 0 0 0 0 0 0 0 0 0 0 0 0 0 0 0 0 0 0 0 0 0 0 0 0 0 0 0 0 0 0 0 0 0 0 0 0 0 0 0 0 0 0 0 0 0 0 0 0 0 0 0 0 0 0 0 0 0 0 0 0 0 0 0 0 0 0 0 0 0 0 0 0 0 0 0 0 0 0 0 0 0 0 0 0 0 0 0 0 0 0 0 0 0 0 0 0 0 0 0 0 0 0 0 0 0 0 0 0 0 0 0 0 0 0 0 0 0 0 0 0 0 0 0 0 0 0 0 0 0 0 0 0 0 0 0 0 0 0 0 0 0 0 0 0 0 0 0 0 0 0 0 0 0 0 0 0 0 0 0 0 0 0 0 0 0 0 0 0 0 0 0 0 0 0 0 0 0 0 0 0 0 0 0 0 0 0 0 0 0 0 0 0 0 0 0 0 0 0 0 0 0 0 0 0 0 0 0 0 0 0 0 0 0 0 0 0 0 0 0 0 0 0 0 0 0 0 0 0 0 0 0 0 0 0 0 0 0 0 0 0 0 0 0 0 0 0 0 0 0 0 0 0 0 0 0 0 0 0 0 0 0 0 0 0 0 0 0 0 0 0 0 0 0 0 0 0 0 0 0 0 0 0 0 0 0 0 0 0 0 0 0 0 0 0 0 0 0 0 0 0 0 0 0 0 0 0 0 0 0 0 0 0 0 0 0 0 0 0 0 0 0 0 0 0 0 0 0 0 0 0 0 0 0 0 0 0 0 0 0 0 0 0 0 0 0 0 0 0 0 0 0 0 0 0 0 0 0 0 0 0 0 0 0 0 0 0 0 0 0 0 0 0 0 0 0 0 0 0 0 0 0 0 0 0 0 0 0 0 0 0 0 0 0 0 0 0 0 0 0 0 0 0 0 0 0 0 0 0 0 0 0 0 0 0 0 0 0 0 0 0 0 0 0 0 0 0 0 0 0 0 0 0 0 0 0 0 0 0 0 0 0 0 0 0 0 0 0 0 0 0 0 0 0 0 0 0 0 0 0 0 0 0 0 0 0 0 0 0 0 0 0 0 0 0 0 0 0 0 0 0 0 0 0 0 0 0 0 0 0 0 0 0 0 0 0 0 0 0 0 0 0 0 0 0 0 0 0 0 0 0 0 0 0 0 0 0 0 0 0 0 0 0 0 0 0 0 0 0 0 0 0 0 0 0 0 0 0 0 0 0 0 0 0 0 0 0 0 0 0 0 0 0 0 0 0 0 0 0 0 0 0 0 0 0 0 0 0 0 0 0 0 0 0 0 0 0 0 0 0 0 0 0 0 0 0 0 0 0 0 0 0 0 0 0 0 0 0 0 0 0 0 0 0 0 0 0 0 0 0 0 0 0 0 0 0 0 0 0 0 0 0 0 0 0 0 0 0 0 0 0 0 0 0 0 0 0 0 0 0 0 0 0 0 0 0 0 0 0 0 0 0 0 0 0 0 0 0 0 0 0 0 0 0 0 0 0 0 0 0 0 0 0 0 0 0 0 0 0 0 0 0 0 0 0 0 0 0 0 0 0 0 0 0 0 0 0 0 0 0 0 0 0 0 0 0 0 0 0 0 0 0 0 0 0 0 0 0 0 0 0 0 0 0 0 0 0 0 0 0 0 0 0 0 0 0 0 0 0 0 0 0 0 0 0 0 0 0 0 0 0 0 0 0 0 0 0 0 0 0 0 0 0 0 0 0 0 0 0 0 0 0 0 0 0 0 0 0 0 0 0 0 0 0 0 0 0 0 0 0 0 0 0 0 0 0 0 0 0 0 0 0 0 0 0 0 0 0 0 0 0 0 0 0 0 0 0 0 0 0 0 0 0 0 0 0 0 0 0 0 0 0 0 0 0 0 0 0 0 0 0</float_array>
          <technique_common>
            <accessor source="#Plane_060-mesh-map-2-array" count="614" stride="2">
              <param name="S" type="float"/>
              <param name="T" type="float"/>
            </accessor>
          </technique_common>
        </source>
        <source id="Plane_060-mesh-colors-Col" name="Col">
          <float_array id="Plane_060-mesh-colors-Col-array" count="2136">0.5803922 0.5450981 0.5490196 1 0.5803922 0.5450981 0.5490196 1 0.5803922 0.5450981 0.5490196 1 0.5803922 0.5450981 0.5490196 1 0.5803922 0.5450981 0.5490196 1 0.5803922 0.5450981 0.5490196 1 0.5294118 0.5019608 0.5058824 1 0.5294118 0.5019608 0.5058824 1 0.5294118 0.5019608 0.5058824 1 0.5294118 0.5019608 0.5058824 1 0.5294118 0.5019608 0.5058824 1 0.5294118 0.5019608 0.5058824 1 0.5294118 0.5019608 0.5058824 1 0.5294118 0.5019608 0.5058824 1 0.5294118 0.5019608 0.5058824 1 1 1 1 1 1 1 1 1 1 1 1 1 0.5294118 0.5019608 0.5058824 1 0.5294118 0.5019608 0.5058824 1 0.5294118 0.5019608 0.5058824 1 0.5294118 0.5019608 0.5058824 1 0.5294118 0.5019608 0.5058824 1 0.5294118 0.5019608 0.5058824 1 0.5294118 0.5019608 0.5058824 1 0.5294118 0.5019608 0.5058824 1 0.5294118 0.5019608 0.5058824 1 1 1 1 1 1 1 1 1 1 1 1 1 1 1 1 1 1 1 1 1 1 1 1 1 1 1 1 1 1 1 1 1 1 1 1 1 1 1 1 1 1 1 1 1 1 1 1 1 0.6 0.5960785 0.509804 1 0.6 0.5960785 0.509804 1 0.6 0.5960785 0.509804 1 0.6 0.5960785 0.509804 1 0.6 0.5960785 0.509804 1 0.6 0.5960785 0.509804 1 0.6 0.5960785 0.509804 1 0.6 0.5960785 0.509804 1 0.6 0.5960785 0.509804 1 0.6 0.5960785 0.509804 1 0.6 0.5960785 0.509804 1 0.6 0.5960785 0.509804 1 0.6 0.5960785 0.509804 1 0.6 0.5960785 0.509804 1 0.6 0.5960785 0.509804 1 0.6 0.5960785 0.509804 1 0.6 0.5960785 0.509804 1 0.6 0.5960785 0.509804 1 0.6 0.5960785 0.509804 1 0.6 0.5960785 0.509804 1 0.6 0.5960785 0.509804 1 1 1 1 1 1 1 1 1 1 1 1 1 1 1 1 1 1 1 1 1 1 1 1 1 1 1 1 1 1 1 1 1 1 1 1 1 1 1 1 1 1 1 1 1 1 1 1 1 0.8392157 0.7450981 0.6705883 1 0.8392157 0.7450981 0.6705883 1 0.8392157 0.7450981 0.6705883 1 0.8392157 0.7450981 0.6705883 1 0.8392157 0.7450981 0.6705883 1 0.8392157 0.7450981 0.6705883 1 0.8392157 0.7450981 0.6705883 1 0.8392157 0.7450981 0.6705883 1 0.8392157 0.7450981 0.6705883 1 0.8392157 0.7450981 0.6705883 1 0.8392157 0.7450981 0.6705883 1 0.8392157 0.7450981 0.6705883 1 0.8392157 0.7450981 0.6705883 1 0.8392157 0.7450981 0.6705883 1 0.8392157 0.7450981 0.6705883 1 0.8392157 0.7450981 0.6705883 1 0.8392157 0.7450981 0.6705883 1 0.8392157 0.7450981 0.6705883 1 1 1 1 1 1 1 1 1 1 1 1 1 1 1 1 1 1 1 1 1 1 1 1 1 1 0.9372549 0.9490196 1 1 0.9372549 0.9490196 1 1 0.9372549 0.9490196 1 1 0.9372549 0.9490196 1 1 0.9372549 0.9490196 1 1 0.9372549 0.9490196 1 1 0.9372549 0.9490196 1 1 0.9372549 0.9490196 1 1 0.9372549 0.9490196 1 0.5411765 0.4 0.3333333 1 0.5411765 0.4 0.3333333 1 0.5411765 0.4 0.3333333 1 0.5411765 0.4 0.3333333 1 0.5411765 0.4 0.3333333 1 0.5411765 0.4 0.3333333 1 0.5411765 0.4 0.3333333 1 0.5411765 0.4 0.3333333 1 0.5411765 0.4 0.3333333 1 1 1 1 1 1 1 1 1 1 1 1 1 0.5803922 0.5450981 0.5490196 1 0.5803922 0.5450981 0.5490196 1 0.5803922 0.5450981 0.5490196 1 0.5803922 0.5450981 0.5490196 1 0.5803922 0.5450981 0.5490196 1 0.5803922 0.5450981 0.5490196 1 1 1 1 1 1 1 1 1 1 1 1 1 0.5803922 0.5450981 0.5490196 1 0.5803922 0.5450981 0.5490196 1 0.5803922 0.5450981 0.5490196 1 1 1 1 1 1 1 1 1 1 1 1 1 1 1 1 1 1 1 1 1 1 1 1 1 1 1 1 1 1 1 1 1 1 1 1 1 1 1 1 1 1 1 1 1 1 1 1 1 0.5803922 0.5450981 0.5490196 1 0.5803922 0.5450981 0.5490196 1 0.5803922 0.5450981 0.5490196 1 0.5803922 0.5450981 0.5490196 1 0.5803922 0.5450981 0.5490196 1 0.5803922 0.5450981 0.5490196 1 0.5803922 0.5450981 0.5490196 1 0.5803922 0.5450981 0.5490196 1 0.5803922 0.5450981 0.5490196 1 0.5803922 0.5450981 0.5490196 1 0.5803922 0.5450981 0.5490196 1 0.5803922 0.5450981 0.5490196 1 0.5803922 0.5450981 0.5490196 1 0.5803922 0.5450981 0.5490196 1 0.5803922 0.5450981 0.5490196 1 0.5803922 0.5450981 0.5490196 1 0.5803922 0.5450981 0.5490196 1 0.5803922 0.5450981 0.5490196 1 0.8392157 0.7450981 0.6705883 1 0.8392157 0.7450981 0.6705883 1 0.8392157 0.7450981 0.6705883 1 1 0.9372549 0.9490196 1 1 0.9372549 0.9490196 1 1 0.9372549 0.9490196 1 1 0.9372549 0.9490196 1 1 0.9372549 0.9490196 1 1 0.9372549 0.9490196 1 1 0.9372549 0.9490196 1 1 0.9372549 0.9490196 1 1 0.9372549 0.9490196 1 1 0.9372549 0.9490196 1 1 0.9372549 0.9490196 1 1 0.9372549 0.9490196 1 1 0.9372549 0.9490196 1 1 0.9372549 0.9490196 1 1 0.9372549 0.9490196 1 0.5294118 0.5019608 0.5058824 1 0.5294118 0.5019608 0.5058824 1 0.5294118 0.5019608 0.5058824 1 0.9960784 0.9960784 0.9960784 0.9960784 0.9960784 0.9960784 0.9960784 0.9960784 0.9960784 0.9960784 0.9960784 0.9960784 0.9960784 0.9960784 0.9960784 0.9960784 1 1 1 1 1 1 1 1 0.9960784 0.9960784 0.9960784 0.9960784 1 1 1 1 1 1 1 1 0.9960784 0.9960784 0.9960784 0.9960784 1 1 1 1 1 1 1 1 0.9960784 0.9960784 0.9960784 0.9960784 1 1 1 1 1 1 1 1 1 1 1 1 0.9960784 0.9960784 0.9960784 0.9960784 0.9960784 0.9960784 0.9960784 0.9960784 0.9960784 0.9960784 0.9960784 0.9960784 1 1 1 1 1 1 1 1 1 1 1 1 0.9960784 0.9960784 0.9960784 0.9960784 0.9960784 0.9960784 0.9960784 0.9960784 0.9960784 0.9960784 0.9960784 0.9960784 0.9960784 0.9960784 0.9960784 0.9960784 0.9960784 0.9960784 0.9960784 0.9960784 0.6941177 0.9529412 1 1 0.6941177 0.9529412 1 1 0.6941177 0.9529412 1 1 0.6941177 0.9529412 1 1 0.6941177 0.9529412 1 1 0.6941177 0.9529412 1 1 0.6941177 0.9529412 1 1 0.6941177 0.9529412 1 1 0.6941177 0.9529412 1 1 0.6941177 0.9529412 1 1 0.6941177 0.9529412 1 1 0.6941177 0.9529412 1 1 0.6941177 0.9529412 1 1 0.6941177 0.9529412 1 1 0.6941177 0.9529412 1 1 0.6941177 0.9529412 1 1 0.6941177 0.9529412 1 1 0.6941177 0.9529412 1 1 0.6941177 0.9529412 1 1 0.6941177 0.9529412 1 1 0.6941177 0.9529412 1 1 0.6941177 0.9529412 1 1 0.6941177 0.9529412 1 1 0.6941177 0.9529412 1 1 0.6941177 0.9529412 1 1 0.6941177 0.9529412 1 1 0.6941177 0.9529412 1 1 0.6941177 0.9529412 1 1 0.6941177 0.9529412 1 1 0.6941177 0.9529412 1 1 0.8901961 0.5764706 0.7058824 1 0.8901961 0.5764706 0.7058824 1 0.8901961 0.5764706 0.7058824 1 0.8901961 0.5764706 0.7058824 1 0.8901961 0.5764706 0.7058824 1 0.8901961 0.5764706 0.7058824 1 0.8901961 0.5764706 0.7058824 1 0.8901961 0.5764706 0.7058824 1 0.8901961 0.5764706 0.7058824 1 0.8901961 0.5764706 0.7058824 1 0.8901961 0.5764706 0.7058824 1 0.8901961 0.5764706 0.7058824 1 0.8901961 0.5764706 0.7058824 1 0.8901961 0.5764706 0.7058824 1 0.8901961 0.5764706 0.7058824 1 0.8901961 0.5764706 0.7058824 1 0.8901961 0.5764706 0.7058824 1 0.8901961 0.5764706 0.7058824 1 0.8901961 0.5764706 0.7058824 1 0.8901961 0.5764706 0.7058824 1 0.8901961 0.5764706 0.7058824 1 0.8901961 0.5764706 0.7058824 1 0.8901961 0.5764706 0.7058824 1 0.8901961 0.5764706 0.7058824 1 0.8901961 0.5764706 0.7058824 1 0.8901961 0.5764706 0.7058824 1 0.8901961 0.5764706 0.7058824 1 0.8901961 0.5764706 0.7058824 1 0.8901961 0.5764706 0.7058824 1 0.8901961 0.5764706 0.7058824 1 0.5803922 0.5450981 0.5490196 1 0.5803922 0.5450981 0.5490196 1 0.5803922 0.5450981 0.5490196 1 0.5803922 0.5450981 0.5490196 1 0.5803922 0.5450981 0.5490196 1 0.5803922 0.5450981 0.5490196 1 0.5294118 0.5019608 0.5058824 1 0.5294118 0.5019608 0.5058824 1 0.5294118 0.5019608 0.5058824 1 0.5294118 0.5019608 0.5058824 1 0.5294118 0.5019608 0.5058824 1 0.5294118 0.5019608 0.5058824 1 0.5294118 0.5019608 0.5058824 1 0.5294118 0.5019608 0.5058824 1 0.5294118 0.5019608 0.5058824 1 1 1 1 1 1 1 1 1 1 1 1 1 0.5294118 0.5019608 0.5058824 1 0.5294118 0.5019608 0.5058824 1 0.5294118 0.5019608 0.5058824 1 0.5294118 0.5019608 0.5058824 1 0.5294118 0.5019608 0.5058824 1 0.5294118 0.5019608 0.5058824 1 0.5294118 0.5019608 0.5058824 1 0.5294118 0.5019608 0.5058824 1 0.5294118 0.5019608 0.5058824 1 1 1 1 1 1 1 1 1 1 1 1 1 1 1 1 1 1 1 1 1 1 1 1 1 1 1 1 1 1 1 1 1 1 1 1 1 1 1 1 1 1 1 1 1 1 1 1 1 0.6 0.5960785 0.509804 1 0.6 0.5960785 0.509804 1 0.6 0.5960785 0.509804 1 0.6 0.5960785 0.509804 1 0.6 0.5960785 0.509804 1 0.6 0.5960785 0.509804 1 0.6 0.5960785 0.509804 1 0.6 0.5960785 0.509804 1 0.6 0.5960785 0.509804 1 0.6 0.5960785 0.509804 1 0.6 0.5960785 0.509804 1 0.6 0.5960785 0.509804 1 0.6 0.5960785 0.509804 1 0.6 0.5960785 0.509804 1 0.6 0.5960785 0.509804 1 0.6 0.5960785 0.509804 1 0.6 0.5960785 0.509804 1 0.6 0.5960785 0.509804 1 0.6 0.5960785 0.509804 1 0.6 0.5960785 0.509804 1 0.6 0.5960785 0.509804 1 1 1 1 1 1 1 1 1 1 1 1 1 1 1 1 1 1 1 1 1 1 1 1 1 1 1 1 1 1 1 1 1 1 1 1 1 1 1 1 1 1 1 1 1 1 1 1 1 0.8392157 0.7450981 0.6705883 1 0.8392157 0.7450981 0.6705883 1 0.8392157 0.7450981 0.6705883 1 0.8392157 0.7450981 0.6705883 1 0.8392157 0.7450981 0.6705883 1 0.8392157 0.7450981 0.6705883 1 0.8392157 0.7450981 0.6705883 1 0.8392157 0.7450981 0.6705883 1 0.8392157 0.7450981 0.6705883 1 0.8392157 0.7450981 0.6705883 1 0.8392157 0.7450981 0.6705883 1 0.8392157 0.7450981 0.6705883 1 0.8392157 0.7450981 0.6705883 1 0.8392157 0.7450981 0.6705883 1 0.8392157 0.7450981 0.6705883 1 0.8392157 0.7450981 0.6705883 1 0.8392157 0.7450981 0.6705883 1 0.8392157 0.7450981 0.6705883 1 1 1 1 1 1 1 1 1 1 1 1 1 1 1 1 1 1 1 1 1 1 1 1 1 1 0.9372549 0.9490196 1 1 0.9372549 0.9490196 1 1 0.9372549 0.9490196 1 1 0.9372549 0.9490196 1 1 0.9372549 0.9490196 1 1 0.9372549 0.9490196 1 1 0.9372549 0.9490196 1 1 0.9372549 0.9490196 1 1 0.9372549 0.9490196 1 0.5411765 0.4 0.3333333 1 0.5411765 0.4 0.3333333 1 0.5411765 0.4 0.3333333 1 0.5411765 0.4 0.3333333 1 0.5411765 0.4 0.3333333 1 0.5411765 0.4 0.3333333 1 0.5411765 0.4 0.3333333 1 0.5411765 0.4 0.3333333 1 0.5411765 0.4 0.3333333 1 1 1 1 1 1 1 1 1 1 1 1 1 0.5803922 0.5450981 0.5490196 1 0.5803922 0.5450981 0.5490196 1 0.5803922 0.5450981 0.5490196 1 0.5803922 0.5450981 0.5490196 1 0.5803922 0.5450981 0.5490196 1 0.5803922 0.5450981 0.5490196 1 1 1 1 1 1 1 1 1 1 1 1 1 0.5803922 0.5450981 0.5490196 1 0.5803922 0.5450981 0.5490196 1 0.5803922 0.5450981 0.5490196 1 1 1 1 1 1 1 1 1 1 1 1 1 1 1 1 1 1 1 1 1 1 1 1 1 1 1 1 1 1 1 1 1 1 1 1 1 1 1 1 1 1 1 1 1 1 1 1 1 0.5803922 0.5450981 0.5490196 1 0.5803922 0.5450981 0.5490196 1 0.5803922 0.5450981 0.5490196 1 0.5803922 0.5450981 0.5490196 1 0.5803922 0.5450981 0.5490196 1 0.5803922 0.5450981 0.5490196 1 0.5803922 0.5450981 0.5490196 1 0.5803922 0.5450981 0.5490196 1 0.5803922 0.5450981 0.5490196 1 0.5803922 0.5450981 0.5490196 1 0.5803922 0.5450981 0.5490196 1 0.5803922 0.5450981 0.5490196 1 0.5803922 0.5450981 0.5490196 1 0.5803922 0.5450981 0.5490196 1 0.5803922 0.5450981 0.5490196 1 0.5803922 0.5450981 0.5490196 1 0.5803922 0.5450981 0.5490196 1 0.5803922 0.5450981 0.5490196 1 0.8392157 0.7450981 0.6705883 1 0.8392157 0.7450981 0.6705883 1 0.8392157 0.7450981 0.6705883 1 1 0.9372549 0.9490196 1 1 0.9372549 0.9490196 1 1 0.9372549 0.9490196 1 1 0.9372549 0.9490196 1 1 0.9372549 0.9490196 1 1 0.9372549 0.9490196 1 1 0.9372549 0.9490196 1 1 0.9372549 0.9490196 1 1 0.9372549 0.9490196 1 1 0.9372549 0.9490196 1 1 0.9372549 0.9490196 1 1 0.9372549 0.9490196 1 1 0.9372549 0.9490196 1 1 0.9372549 0.9490196 1 1 0.9372549 0.9490196 1 0.5294118 0.5019608 0.5058824 1 0.5294118 0.5019608 0.5058824 1 0.5294118 0.5019608 0.5058824 1 0.9960784 0.9960784 0.9960784 0.9960784 0.9960784 0.9960784 0.9960784 0.9960784 0.9960784 0.9960784 0.9960784 0.9960784 0.9960784 0.9960784 0.9960784 0.9960784 1 1 1 1 1 1 1 1 0.9960784 0.9960784 0.9960784 0.9960784 0.9960784 0.9960784 0.9960784 0.9960784 1 1 1 1 0.9960784 0.9960784 0.9960784 0.9960784 0.9960784 0.9960784 0.9960784 0.9960784 1 1 1 1 0.9960784 0.9960784 0.9960784 0.9960784 1 1 1 1 1 1 1 1 1 1 1 1 0.9960784 0.9960784 0.9960784 0.9960784 0.9960784 0.9960784 0.9960784 0.9960784 0.9960784 0.9960784 0.9960784 0.9960784 0.9960784 0.9960784 0.9960784 0.9960784 1 1 1 1 1 1 1 1 1 1 1 1 0.9960784 0.9960784 0.9960784 0.9960784 0.9960784 0.9960784 0.9960784 0.9960784 0.9960784 0.9960784 0.9960784 0.9960784 0.9960784 0.9960784 0.9960784 0.9960784 0.6941177 0.9529412 1 1 0.6941177 0.9529412 1 1 0.6941177 0.9529412 1 1 0.6941177 0.9529412 1 1 0.6941177 0.9529412 1 1 0.6941177 0.9529412 1 1 0.6941177 0.9529412 1 1 0.6941177 0.9529412 1 1 0.6941177 0.9529412 1 1 0.6941177 0.9529412 1 1 0.6941177 0.9529412 1 1 0.6941177 0.9529412 1 1 0.6941177 0.9529412 1 1 0.6941177 0.9529412 1 1 0.6941177 0.9529412 1 1 0.6941177 0.9529412 1 1 0.6941177 0.9529412 1 1 0.6941177 0.9529412 1 1 0.6941177 0.9529412 1 1 0.6941177 0.9529412 1 1 0.6941177 0.9529412 1 1 0.6941177 0.9529412 1 1 0.6941177 0.9529412 1 1 0.6941177 0.9529412 1 1 0.6941177 0.9529412 1 1 0.6941177 0.9529412 1 1 0.6941177 0.9529412 1 1 0.6941177 0.9529412 1 1 0.6941177 0.9529412 1 1 0.6941177 0.9529412 1 1 0.8901961 0.5764706 0.7058824 1 0.8901961 0.5764706 0.7058824 1 0.8901961 0.5764706 0.7058824 1 0.8901961 0.5764706 0.7058824 1 0.8901961 0.5764706 0.7058824 1 0.8901961 0.5764706 0.7058824 1 0.8901961 0.5764706 0.7058824 1 0.8901961 0.5764706 0.7058824 1 0.8901961 0.5764706 0.7058824 1 0.8901961 0.5764706 0.7058824 1 0.8901961 0.5764706 0.7058824 1 0.8901961 0.5764706 0.7058824 1 0.8901961 0.5764706 0.7058824 1 0.8901961 0.5764706 0.7058824 1 0.8901961 0.5764706 0.7058824 1 0.8901961 0.5764706 0.7058824 1 0.8901961 0.5764706 0.7058824 1 0.8901961 0.5764706 0.7058824 1 0.8901961 0.5764706 0.7058824 1 0.8901961 0.5764706 0.7058824 1 0.8901961 0.5764706 0.7058824 1 0.8901961 0.5764706 0.7058824 1 0.8901961 0.5764706 0.7058824 1 0.8901961 0.5764706 0.7058824 1 0.8901961 0.5764706 0.7058824 1 0.8901961 0.5764706 0.7058824 1 0.8901961 0.5764706 0.7058824 1 0.8901961 0.5764706 0.7058824 1 0.8901961 0.5764706 0.7058824 1 0.8901961 0.5764706 0.7058824 1</float_array>
          <technique_common>
            <accessor source="#Plane_060-mesh-colors-Col-array" count="534" stride="4">
              <param name="R" type="float"/>
              <param name="G" type="float"/>
              <param name="B" type="float"/>
              <param name="A" type="float"/>
            </accessor>
          </technique_common>
        </source>
        <vertices id="Plane_060-mesh-vertices">
          <input semantic="POSITION" source="#Plane_060-mesh-positions"/>
        </vertices>
        <triangles material="industrial-material" count="78">
          <input semantic="VERTEX" source="#Plane_060-mesh-vertices" offset="0"/>
          <input semantic="NORMAL" source="#Plane_060-mesh-normals" offset="1"/>
          <input semantic="TEXCOORD" source="#Plane_060-mesh-map-0" offset="2" set="0"/>
          <input semantic="TEXCOORD" source="#Plane_060-mesh-map-1" offset="2" set="1"/>
          <input semantic="TEXCOORD" source="#Plane_060-mesh-map-2" offset="2" set="2"/>
          <input semantic="COLOR" source="#Plane_060-mesh-colors-Col" offset="3" set="0"/>
          <p>20 9 27 27 21 9 28 28 19 9 29 29 25 10 30 30 24 10 31 31 23 10 32 32 22 11 33 33 28 11 34 34 30 11 35 35 25 13 39 39 33 13 40 40 26 13 41 41 21 14 42 42 27 14 43 43 19 14 44 44 22 15 45 45 29 15 46 46 21 15 47 47 36 16 48 48 35 16 49 49 34 16 50 50 39 17 51 51 40 17 52 52 38 17 53 53 35 18 54 54 43 18 55 55 42 18 56 56 35 19 57 57 46 19 58 58 44 19 59 59 46 20 60 60 123 20 61 61 44 20 62 62 44 21 63 63 124 21 64 64 43 21 65 65 18 10 69 69 52 10 70 70 11 10 71 71 11 23 72 72 55 23 73 73 8 23 74 74 8 24 75 75 54 24 76 76 6 24 77 77 55 25 78 78 57 25 79 79 54 25 80 80 58 26 81 81 59 26 82 82 57 26 83 83 61 27 84 84 60 27 85 85 58 27 86 86 55 28 87 87 61 28 88 88 58 28 89 89 97 35 117 117 90 35 118 118 93 35 119 119 94 38 126 126 95 38 127 127 97 38 128 128 95 10 135 135 98 10 136 136 90 10 137 137 95 41 138 138 99 41 139 139 100 41 140 140 105 42 141 141 110 43 142 142 104 44 143 143 103 45 144 144 108 46 145 145 102 47 146 146 106 48 147 147 111 49 148 148 105 42 149 149 104 44 150 150 109 50 151 151 103 45 152 152 102 47 153 153 107 51 154 154 101 52 155 155 101 52 156 156 112 53 157 157 106 48 158 158 57 54 159 159 6 54 160 160 54 54 161 161 120 55 162 162 117 55 163 163 119 55 164 164 113 56 165 165 119 56 166 166 114 56 167 167 116 57 168 168 117 57 169 169 118 57 170 170 116 58 171 171 120 58 172 172 113 58 173 173 115 59 174 174 119 59 175 175 117 59 176 176 48 62 183 183 124 62 184 184 123 62 185 185 49 62 186 186 123 62 187 187 126 62 188 188 122 62 189 189 126 62 190 190 125 62 191 191 122 63 192 192 124 63 193 193 47 63 194 194 20 10 294 294 22 10 295 295 21 10 296 296 25 90 297 297 26 90 298 298 24 90 299 299 22 91 300 300 20 91 301 301 28 91 302 302 25 13 306 306 32 13 307 307 33 13 308 308 21 93 309 309 29 93 310 310 27 93 311 311 22 94 312 312 30 94 313 313 29 94 314 314 36 62 315 315 37 62 316 316 35 62 317 317 39 62 318 318 41 62 319 319 40 62 320 320 35 95 321 321 44 95 322 322 43 95 323 323 35 96 324 324 45 96 325 325 46 96 326 326 46 97 327 327 126 97 328 328 123 97 329 329 44 98 330 330 123 98 331 331 124 98 332 332 18 99 336 336 53 99 337 337 52 99 338 338 11 100 339 339 56 100 340 340 55 100 341 341 8 62 342 342 55 62 343 343 54 62 344 344 55 101 345 345 58 101 346 346 57 101 347 347 58 10 348 348 60 10 349 349 59 10 350 350 61 27 351 351 62 27 352 352 60 27 353 353 55 102 354 354 56 102 355 355 61 102 356 356 97 108 384 384 95 108 385 385 90 108 386 386 94 110 393 393 92 110 394 394 95 110 395 395 95 111 402 402 100 111 403 403 98 111 404 404 95 10 405 405 92 10 406 406 99 10 407 407 105 42 408 408 111 49 409 409 110 43 410 410 103 45 411 411 109 50 412 412 108 46 413 413 106 48 414 414 112 53 415 415 111 49 416 416 104 44 417 417 110 43 418 418 109 50 419 419 102 47 420 420 108 46 421 421 107 51 422 422 101 52 423 423 107 51 424 424 112 53 425 425 57 112 426 426 59 112 427 427 6 112 428 428 120 113 429 429 118 113 430 430 117 113 431 431 113 114 432 432 120 114 433 433 119 114 434 434 116 115 435 435 115 115 436 436 117 115 437 437 116 116 438 438 118 116 439 439 120 116 440 440 115 117 441 441 114 117 442 442 119 117 443 443 48 120 450 450 47 120 451 451 124 120 452 452 49 62 453 453 48 62 454 454 123 62 455 455 122 62 456 456 49 62 457 457 126 62 458 458 122 62 459 459 125 62 460 460 124 62 461 461</p>
        </triangles>
        <triangles material="windows_doors_reflective-material" count="12">
          <input semantic="VERTEX" source="#Plane_060-mesh-vertices" offset="0"/>
          <input semantic="NORMAL" source="#Plane_060-mesh-normals" offset="1"/>
          <input semantic="TEXCOORD" source="#Plane_060-mesh-map-0" offset="2" set="0"/>
          <input semantic="TEXCOORD" source="#Plane_060-mesh-map-1" offset="2" set="1"/>
          <input semantic="TEXCOORD" source="#Plane_060-mesh-map-2" offset="2" set="2"/>
          <input semantic="COLOR" source="#Plane_060-mesh-colors-Col" offset="3" set="0"/>
          <p>66 22 66 66 51 22 67 67 63 22 68 68 17 22 90 90 64 22 91 91 18 22 92 92 65 29 93 93 63 29 94 94 64 29 95 95 83 34 114 114 82 34 115 115 81 34 116 116 96 39 129 129 93 39 130 130 89 39 131 131 91 40 132 132 97 40 133 133 96 40 134 134 66 29 333 333 50 29 334 334 51 29 335 335 17 22 357 357 65 22 358 358 64 22 359 359 65 22 360 360 66 22 361 361 63 22 362 362 83 107 381 381 84 107 382 382 82 107 383 383 96 39 396 396 97 39 397 397 93 39 398 398 91 40 399 399 94 40 400 400 97 40 401 401</p>
        </triangles>
        <triangles material="slabs_large-material" count="12">
          <input semantic="VERTEX" source="#Plane_060-mesh-vertices" offset="0"/>
          <input semantic="NORMAL" source="#Plane_060-mesh-normals" offset="1"/>
          <input semantic="TEXCOORD" source="#Plane_060-mesh-map-0" offset="2" set="0"/>
          <input semantic="TEXCOORD" source="#Plane_060-mesh-map-1" offset="2" set="1"/>
          <input semantic="TEXCOORD" source="#Plane_060-mesh-map-2" offset="2" set="2"/>
          <input semantic="COLOR" source="#Plane_060-mesh-colors-Col" offset="3" set="0"/>
          <p>5 5 15 15 13 5 16 16 0 5 17 17 122 61 180 180 129 61 181 181 49 61 182 182 127 64 195 195 129 64 196 196 130 64 197 197 48 65 198 198 127 65 199 199 47 65 200 200 47 66 201 201 130 66 202 202 122 66 203 203 49 67 204 204 128 67 205 205 48 67 206 206 5 89 282 282 14 89 283 283 13 89 284 284 122 119 447 447 130 119 448 448 129 119 449 449 127 121 462 462 128 121 463 463 129 121 464 464 48 122 465 465 128 122 466 466 127 122 467 467 47 66 468 468 127 66 469 469 130 66 470 470 49 123 471 471 129 123 472 472 128 123 473 473</p>
        </triangles>
        <triangles material="balustrades-material" count="6">
          <input semantic="VERTEX" source="#Plane_060-mesh-vertices" offset="0"/>
          <input semantic="NORMAL" source="#Plane_060-mesh-normals" offset="1"/>
          <input semantic="TEXCOORD" source="#Plane_060-mesh-map-0" offset="2" set="0"/>
          <input semantic="TEXCOORD" source="#Plane_060-mesh-map-1" offset="2" set="1"/>
          <input semantic="TEXCOORD" source="#Plane_060-mesh-map-2" offset="2" set="2"/>
          <input semantic="COLOR" source="#Plane_060-mesh-colors-Col" offset="3" set="0"/>
          <p>133 32 105 105 135 32 106 106 131 32 107 107 132 1 108 108 134 1 109 109 135 1 110 110 80 33 111 111 136 33 112 112 137 33 113 113 133 32 372 372 132 32 373 373 135 32 374 374 132 1 375 375 79 1 376 376 134 1 377 377 80 106 378 378 138 106 379 379 136 106 380 380</p>
        </triangles>
        <triangles material="brick_painted-material" count="2">
          <input semantic="VERTEX" source="#Plane_060-mesh-vertices" offset="0"/>
          <input semantic="NORMAL" source="#Plane_060-mesh-normals" offset="1"/>
          <input semantic="TEXCOORD" source="#Plane_060-mesh-map-0" offset="2" set="0"/>
          <input semantic="TEXCOORD" source="#Plane_060-mesh-map-1" offset="2" set="1"/>
          <input semantic="TEXCOORD" source="#Plane_060-mesh-map-2" offset="2" set="2"/>
          <input semantic="COLOR" source="#Plane_060-mesh-colors-Col" offset="3" set="0"/>
          <p>125 37 123 123 87 37 124 124 121 37 125 125 125 109 390 390 126 109 391 391 87 109 392 392</p>
        </triangles>
        <triangles material="construction-material" count="6">
          <input semantic="VERTEX" source="#Plane_060-mesh-vertices" offset="0"/>
          <input semantic="NORMAL" source="#Plane_060-mesh-normals" offset="1"/>
          <input semantic="TEXCOORD" source="#Plane_060-mesh-map-0" offset="2" set="0"/>
          <input semantic="TEXCOORD" source="#Plane_060-mesh-map-1" offset="2" set="1"/>
          <input semantic="TEXCOORD" source="#Plane_060-mesh-map-2" offset="2" set="2"/>
          <input semantic="COLOR" source="#Plane_060-mesh-colors-Col" offset="3" set="0"/>
          <p>69 30 96 96 67 30 97 97 68 30 98 98 73 30 99 99 71 30 100 100 72 30 101 101 75 31 102 102 77 31 103 103 76 31 104 104 69 103 363 363 70 103 364 364 67 103 365 365 73 104 366 366 74 104 367 367 71 104 368 368 75 105 369 369 78 105 370 370 77 105 371 371</p>
        </triangles>
        <triangles material="clutter_commercial-material" count="40">
          <input semantic="VERTEX" source="#Plane_060-mesh-vertices" offset="0"/>
          <input semantic="NORMAL" source="#Plane_060-mesh-normals" offset="1"/>
          <input semantic="TEXCOORD" source="#Plane_060-mesh-map-0" offset="2" set="0"/>
          <input semantic="TEXCOORD" source="#Plane_060-mesh-map-1" offset="2" set="1"/>
          <input semantic="TEXCOORD" source="#Plane_060-mesh-map-2" offset="2" set="2"/>
          <input semantic="COLOR" source="#Plane_060-mesh-colors-Col" offset="3" set="0"/>
          <p>219 68 534 207 220 68 535 207 221 68 536 207 219 68 534 207 221 68 536 207 222 68 537 207 223 68 538 207 224 68 539 207 225 68 540 207 223 68 538 207 225 68 540 207 226 68 541 207 227 68 542 207 228 68 543 207 229 68 544 207 227 68 542 207 229 68 544 207 230 68 545 207 231 68 546 207 232 68 547 207 233 68 548 207 231 68 546 207 233 68 548 207 234 68 549 207 235 68 550 207 236 68 551 207 237 68 552 207 235 68 550 207 237 68 552 207 238 68 553 207 239 68 554 207 240 68 555 207 241 68 556 207 239 68 554 207 241 68 556 207 242 68 557 207 243 68 558 207 244 68 559 207 245 68 560 207 243 68 558 207 245 68 560 207 246 68 561 207 247 68 562 207 248 68 563 207 249 68 564 207 247 68 562 207 249 68 564 207 250 68 565 207 251 68 566 207 252 68 567 207 253 68 568 207 251 68 566 207 253 68 568 207 254 68 569 207 255 68 570 207 256 68 571 207 257 68 572 207 255 68 570 207 257 68 572 207 258 68 573 207 259 78 574 237 260 78 575 237 261 78 576 237 259 78 574 237 261 78 576 237 262 78 577 237 263 78 578 237 264 78 579 237 265 78 580 237 263 78 578 237 265 78 580 237 266 78 581 237 267 78 582 237 268 78 583 237 269 78 584 237 267 78 582 237 269 78 584 237 270 78 585 237 271 78 586 237 272 78 587 237 273 78 588 237 271 78 586 237 273 78 588 237 274 78 589 237 275 78 590 237 276 78 591 237 277 78 592 237 275 78 590 237 277 78 592 237 278 78 593 237 279 78 594 237 280 78 595 237 281 78 596 237 279 78 594 237 281 78 596 237 282 78 597 237 283 78 598 237 284 78 599 237 285 78 600 237 283 78 598 237 285 78 600 237 286 78 601 237 287 78 602 237 288 78 603 237 289 78 604 237 287 78 602 237 289 78 604 237 290 78 605 237 291 78 606 237 292 78 607 237 293 78 608 237 291 78 606 237 293 78 608 237 294 78 609 237 295 78 610 237 296 78 611 237 297 78 612 237 295 78 610 237 297 78 612 237 298 78 613 237</p>
        </triangles>
        <triangles material="stone_brick_regular-material" count="22">
          <input semantic="VERTEX" source="#Plane_060-mesh-vertices" offset="0"/>
          <input semantic="NORMAL" source="#Plane_060-mesh-normals" offset="1"/>
          <input semantic="TEXCOORD" source="#Plane_060-mesh-map-0" offset="2" set="0"/>
          <input semantic="TEXCOORD" source="#Plane_060-mesh-map-1" offset="2" set="1"/>
          <input semantic="TEXCOORD" source="#Plane_060-mesh-map-2" offset="2" set="2"/>
          <input semantic="COLOR" source="#Plane_060-mesh-colors-Col" offset="3" set="0"/>
          <p>2 0 0 0 5 0 1 1 3 0 2 2 3 1 3 3 0 1 4 4 1 1 5 5 6 2 6 6 7 2 7 7 1 2 8 8 8 3 9 9 9 3 10 10 7 3 11 11 8 4 12 12 12 4 13 13 10 4 14 14 8 6 18 18 18 6 19 19 11 6 20 20 6 7 21 21 17 7 22 22 8 7 23 23 1 8 24 24 16 8 25 25 6 8 26 26 25 12 36 36 31 12 37 37 32 12 38 38 87 36 120 120 86 36 121 121 85 36 122 122 124 60 177 177 121 60 178 178 9 60 179 179 2 87 267 267 4 87 268 268 5 87 269 269 3 1 270 270 5 1 271 271 0 1 272 272 6 2 273 273 8 2 274 274 7 2 275 275 8 88 276 276 10 88 277 277 9 88 278 278 8 3 279 279 11 3 280 280 12 3 281 281 8 6 285 285 17 6 286 286 18 6 287 287 6 62 288 288 16 62 289 289 17 62 290 290 1 87 291 291 15 87 292 292 16 87 293 293 25 92 303 303 23 92 304 304 31 92 305 305 87 36 387 387 88 36 388 388 86 36 389 389 124 118 444 444 125 118 445 445 121 118 446 446</p>
        </triangles>
      </mesh>
    </geometry>
    <geometry id="Plane_064-mesh" name="Plane.064">
      <mesh>
        <source id="Plane_064-mesh-positions">
          <float_array id="Plane_064-mesh-positions-array" count="816">-723.9265 115.07 118.9484 -723.9265 115.07 118.4484 -725.6571 120.702 118.4484 -721.9758 117.0207 118.4484 -725.6571 120.702 118.9484 -721.9758 117.0207 118.9484 -723.9265 115.07 119.4484 -732.0106 106.9857 119.4484 -733.7939 105.2024 118.4484 -732.0106 106.9857 122.4484 -733.7939 105.2024 122.4484 -727.6046 118.7482 118.9484 -725.6539 120.6989 118.9484 -724.1795 115.3231 118.4484 -724.1795 115.3231 119.4484 -732.2637 107.2387 119.4484 -733.7939 105.2024 122.4484 -721.9758 117.0207 122.4484 -732.3796 103.7882 122.4484 -719.1475 117.0207 122.4484 -727.7577 122.7831 122.4484 -721.9856 117.011 122.4484 -726.3338 124.2071 122.4484 -719.1475 117.0207 122.4484 -733.7939 105.2024 122.8484 -719.1475 117.0207 122.8484 -732.3796 103.7882 122.8484 -727.7479 122.7929 122.8484 -726.3338 124.2071 122.8484 -719.1475 117.0207 122.8484 -733.7939 105.2024 122.8484 -721.9758 117.0207 122.8484 -732.3796 103.7882 122.8484 -719.1475 117.0207 122.8484 -727.7479 122.7929 122.8484 -721.9758 117.0207 122.8484 -726.3338 124.2071 122.8484 -719.1475 117.0207 122.8484 -733.794 105.2024 122.8484 -727.7479 122.7929 122.8484 -733.8037 105.684 125.0984 -722.4673 117.0207 125.0984 -727.7479 122.3015 125.0984 -724.184 115.3186 122.4484 -723.9308 115.0655 122.4484 -724.1838 115.3186 122.4484 -731.8472 106.7636 119.3668 -731.8765 106.7343 122.4484 -723.7338 114.8773 119.4076 -723.933 115.0765 119.326 -732.1162 106.9155 119.326 -732.1162 106.9155 122.4484 -732.2637 107.2387 122.4484 -724.184 115.3186 119.4484 -729.5077 109.8996 122.4002 -732.1971 107.2102 122.4002 -732.1971 107.2102 119.4046 -729.5077 109.8996 119.4046 -727.112 112.1915 122.4002 -729.8013 109.5022 122.4002 -729.8013 109.5022 119.4046 -727.112 112.1915 119.4046 -727.1829 112.1269 122.4002 -724.4935 114.8162 122.4002 -724.4935 114.8162 119.4046 -727.1829 112.1269 119.4046 -724.184 115.3186 118.9254 -724.184 115.3186 122.4484 -727.604 118.7388 118.9254 -727.604 118.7388 122.4484 -725.6588 120.6842 118.9254 -725.6588 120.6842 122.4484 -727.7577 122.7831 118.9254 -727.7577 122.7831 122.4484 -727.604 118.7388 118.9254 -727.604 118.7388 122.4484 -725.6588 120.6841 118.9254 -725.6588 120.6842 122.4484 -723.9308 115.0655 122.4484 -721.9855 117.0108 122.4484 -721.9758 117.0967 118.5176 -722.049 116.9954 118.5176 -721.8981 117.0103 118.5176 -722.049 117.0461 125.1789 -721.9758 116.9447 125.1789 -721.8981 117.031 125.1789 -726.0043 112.8944 123.1725 -729.6395 109.2602 123.0325 -729.6754 109.2229 124.9309 -726.0415 112.8585 125.071 -725.911 112.728 125.071 -729.509 109.1297 123.0325 -739.8014 110.7394 118.4484 -739.2998 110.7496 125.0984 -721.9759 117.0207 125.0984 -733.7939 105.2024 125.0984 -739.8014 110.7394 125.0984 -727.7479 122.7929 125.0984 -733.8037 105.684 124.21 -722.4673 117.0207 124.21 -727.7479 122.3015 124.21 -739.2998 110.7496 124.21 -728.9785 109.5574 123.6884 -728.7357 109.8001 123.6992 -728.9907 109.5451 124.236 -728.7479 109.7879 124.2469 -728.7232 109.8126 123.6997 -728.4356 110.1003 123.7126 -728.7354 109.8004 124.2474 -728.4478 110.0881 124.2602 -728.4269 110.1089 123.713 -728.1393 110.3966 123.7258 -728.4391 110.0967 124.2606 -728.1514 110.3844 124.2734 -728.1168 110.4191 123.7268 -727.8291 110.7068 123.7396 -728.129 110.4069 124.2744 -727.8413 110.6946 124.2873 -727.8158 110.72 123.7402 -727.5281 111.0077 123.753 -727.828 110.7078 124.2879 -727.5404 110.9955 124.3007 -727.52 111.0158 123.7534 -727.2323 111.3035 123.7662 -727.5322 111.0036 124.3011 -727.2445 111.2913 124.3139 -727.2465 111.2894 123.7656 -726.9588 111.5771 123.7784 -727.2587 111.2772 124.3133 -726.971 111.5649 124.3261 -726.9533 111.5826 123.7787 -726.6038 111.9321 123.7942 -726.9655 111.5704 124.3263 -726.616 111.9198 124.3419 -726.5923 111.9435 123.7947 -726.3046 112.2312 123.8076 -726.6045 111.9313 124.3424 -726.3168 112.219 124.3552 -726.3067 112.2291 123.8075 -726.0191 112.5168 123.8203 -726.319 112.2169 124.3551 -726.0313 112.5046 124.368 -720.931 118.815 122.3138 -721.1788 119.0627 122.3145 -720.9301 118.814 122.7554 -721.1779 119.0618 122.7561 -721.1915 119.0755 122.3145 -721.4852 119.3691 122.3153 -721.1906 119.0746 122.7561 -721.4841 119.3681 122.757 -721.4939 119.3779 122.3153 -721.7875 119.6715 122.3162 -721.4929 119.3769 122.757 -721.7865 119.6705 122.7578 -721.8104 119.6944 122.3162 -722.1041 119.988 122.317 -721.8095 119.6935 122.7579 -722.103 119.987 122.7587 -722.1176 120.0015 122.3171 -722.4111 120.2951 122.3179 -722.1166 120.0006 122.7587 -722.4102 120.2942 122.7595 -722.4194 120.3034 122.3179 -722.7131 120.597 122.3187 -722.4185 120.3024 122.7596 -722.712 120.596 122.7604 -722.6986 120.5826 122.3187 -722.9923 120.8762 122.3195 -722.6976 120.5816 122.7604 -722.9913 120.8752 122.7612 -722.9978 120.8818 122.3195 -723.3545 121.2385 122.3205 -722.9969 120.8809 122.7612 -723.3535 121.2375 122.7622 -723.3662 121.2502 122.3206 -723.6598 121.5438 122.3214 -723.3652 121.2492 122.7622 -723.6588 121.5428 122.763 -723.6577 121.5417 122.3214 -723.9513 121.8353 122.3222 -723.6567 121.5407 122.763 -723.9503 121.8343 122.7639 -723.9265 115.07 120.1895 -723.9523 115.0957 120.0072 -725.6539 120.6989 118.9484 -721.9758 117.0207 120.1895 -725.6539 120.6989 120.1895 -723.9265 115.07 118.9484 -721.9758 117.0207 118.9484 -732.0701 106.9777 118.7661 -723.9523 115.0957 118.7661 -732.0701 106.9777 120.0072 -728.8834 109.6527 124.2407 -728.8712 109.6649 123.693 -728.6507 109.8854 123.7029 -728.6629 109.8732 124.2505 -728.6542 109.8819 124.2509 -728.642 109.8941 123.7033 -728.3347 110.2013 123.717 -728.3469 110.189 124.2647 -728.3383 110.1977 124.2651 -728.3261 110.2099 123.7174 -728.0293 110.5067 123.7307 -728.0415 110.4944 124.2783 -728.0328 110.5031 124.2787 -728.0206 110.5153 123.7311 -727.7134 110.8225 123.7448 -727.7256 110.8103 124.2925 -727.7169 110.8189 124.2928 -727.7047 110.8312 123.7452 -727.43 111.1059 123.7575 -727.4422 111.0936 124.3051 -727.4335 111.1023 124.3055 -727.4213 111.1145 123.7579 -727.1466 111.3892 123.7701 -727.1588 111.377 124.3178 -727.1501 111.3856 124.3182 -727.1379 111.3979 123.7705 -726.9173 111.6184 123.7804 -726.9295 111.6061 124.328 -726.9209 111.6148 124.3284 -726.9086 111.6271 123.7808 -726.6281 111.9075 123.7933 -726.6403 111.8953 124.341 -726.6316 111.904 124.3414 -726.6194 111.9162 123.7937 -726.4422 112.0934 123.8016 -726.4544 112.0811 124.3493 -726.4458 112.0898 124.3497 -726.4336 112.1021 123.802 -726.1263 112.4092 123.8158 -726.1385 112.397 124.3634 -721.0402 118.9244 122.7557 -721.0411 118.9253 122.3141 -721.2662 119.1504 122.3147 -721.2653 119.1494 122.7563 -721.274 119.1582 122.7563 -721.2749 119.1591 122.3147 -721.5884 119.4726 122.3156 -721.5875 119.4716 122.7572 -721.5963 119.4804 122.7573 -721.5972 119.4813 122.3156 -721.9 119.7841 122.3165 -721.8991 119.7832 122.7581 -721.9079 119.7919 122.7581 -721.9088 119.7929 122.3165 -722.2223 120.1064 122.3174 -722.2214 120.1054 122.759 -722.2302 120.1141 122.7591 -722.2311 120.1151 122.3175 -722.5114 120.3954 122.3183 -722.5105 120.3945 122.7599 -722.5193 120.4032 122.7599 -722.5202 120.4041 122.3183 -722.8005 120.6845 122.3191 -722.7996 120.6835 122.7607 -722.8084 120.6922 122.7607 -722.8093 120.6932 122.3191 -723.0344 120.9182 122.3197 -723.0335 120.9173 122.7614 -723.0422 120.926 122.7614 -723.0431 120.9269 122.3198 -723.3294 121.2132 122.3206 -723.3285 121.2122 122.7622 -723.3372 121.221 122.7622 -723.3381 121.2219 122.3206 -723.519 121.4027 122.3211 -723.5181 121.4018 122.7627 -723.5268 121.4105 122.7628 -723.5277 121.4115 122.3212 -723.8412 121.7249 122.322 -723.8403 121.724 122.7637</float_array>
          <technique_common>
            <accessor source="#Plane_064-mesh-positions-array" count="272" stride="3">
              <param name="X" type="float"/>
              <param name="Y" type="float"/>
              <param name="Z" type="float"/>
            </accessor>
          </technique_common>
        </source>
        <source id="Plane_064-mesh-normals">
          <float_array id="Plane_064-mesh-normals-array" count="372">0.7071035 0.7071101 1.32923e-5 0.7071109 -0.7071027 -3.505e-5 0.7071139 -0.7070997 0 4.27093e-6 0 -1 -2.13538e-6 0 -1 -0.8674002 -0.4973651 -0.01565045 -0.8671229 0.497848 0.01566255 -0.05274933 0.9985952 -0.005041837 0.01931589 0.01926761 -0.9996278 -0.01923477 -0.01925086 0.9996297 0.7071068 -0.7071068 0 0.7071166 -0.7070969 -4.37381e-5 -4.25342e-6 0 1 0.707095 -0.7071186 0 0.7071169 -0.7070968 0 0.7070926 0.707121 3.55266e-6 2.79745e-6 0 1 0.7071068 0.7071068 0 0 0 -1 -0.7071068 0.7071068 -3.78861e-5 0 1 0 0.7071143 0.7070993 0 -0.7071641 -0.7070496 0 0.7071082 -0.7071055 0 0 0 1 0.7071101 -0.7071036 2.59688e-5 0.7071201 0.7070935 0 0.8077705 0.5893477 0.01326924 0.2000757 -0.204892 0.9581175 0.09594929 -0.09620541 -0.9907261 -0.491567 -0.8708398 0 0.7070907 -0.7071229 0 0.7071122 -0.7071015 0 0.7071042 -0.7071095 0 0.7071319 0.7070817 0 0.7071179 -0.7070958 0 0.7071272 0.7070864 0 -0.7071033 0.7071103 -2.32016e-6 -0.05312073 -0.9985754 0.005042612 0.9330626 -0.3595236 -0.01170611 0.9333193 0.3588568 0.01170217 0.6801574 -0.7266045 -0.09711837 0.7071315 0.707082 1.69645e-4 -0.677724 -0.7353164 0 0.7069261 0.7067627 0.02723759 -0.7065836 -0.7071061 -0.02721858 0.707111 -0.7071026 0 -4.70411e-5 0 1 -1.09173e-6 0 1 2.0391e-6 0 1 -0.7071197 0.707094 0 0.6777218 0.7353185 0 -0.7071252 -0.7070884 0 0.7069624 -0.7072511 2.02638e-5 0.7069625 -0.7072511 4.27497e-6 0.7071971 -0.7070165 0 0.7070908 -0.7071229 1.71034e-5 0.707171 -0.7070427 0 0.7071111 -0.7071025 0 0.7069529 -0.7072607 0 0.7070048 -0.7072089 2.81563e-5 0.7072362 -0.7069774 9.62241e-6 0.7069572 -0.7072564 3.41988e-5 0.7070775 0.707136 2.46489e-5 0.7070206 0.7071929 -4.16017e-5 0.7072352 0.7069784 4.16119e-5 0.7069312 0.7072823 4.16013e-5 0.7071143 0.7070993 0 0.7070879 0.7071257 8.32015e-5 0.706893 0.7073206 0 0.7070878 0.7071258 6.8493e-5 0.7071608 0.7070529 0 0.7071598 0.7070538 -4.1605e-5 0.7071115 0.7071021 0 0.7071154 -0.7070983 0 0.7071174 -0.7070961 0 -2.1267e-6 0 1 0.7070713 0.7071424 0 0.7072774 0.7069361 0 3.7129e-6 0 -1 -0.7071068 0.7071068 0 -0.7070687 -0.707145 0 0.707119 -0.7070946 0 7.30365e-6 0 1 1.39922e-5 0 -1 0.8822521 0.4707773 0 0.1047407 -0.1047044 0.9889724 0.19916 -0.1943454 -0.9605026 -0.602932 -0.7976816 -0.01330399 0.7071095 -0.7071041 0 0.7071015 -0.7071122 0 0.7071176 0.707096 0 0.7071419 -0.7070717 1.17662e-5 -0.7071101 0.7071036 0 0.7266615 -0.680102 0.09707927 -0.6777228 -0.7353175 0 0.7071186 0.7070951 0 0.7071026 -0.707111 0 -7.62381e-6 0 1 5.23251e-7 0 1 -2.00104e-6 0 1 -0.7071111 0.7071025 0 -0.7071068 -0.7071068 0 0.7073032 -0.7069104 1.26726e-5 0.7072992 -0.7069143 0 0.7072308 -0.7069828 -1.7106e-5 0.7072778 -0.7069357 -1.71071e-5 0.7071058 -0.7071079 2.13788e-6 0.7071089 -0.7071046 5.34467e-6 0.70711 -0.7071036 -1.17583e-5 0.7071402 -0.7070733 -5.54337e-5 0.7069914 -0.7072222 -3.41971e-5 0.7072431 -0.7069705 -4.3835e-5 0.707002 0.7072116 5.19999e-5 0.7072013 0.7070124 -1.12148e-5 0.7072058 0.7070077 -2.1373e-5 0.7072107 0.7070028 -2.53549e-5 0.7071883 0.7070254 2.37303e-5 0.7070329 0.7071807 -5.23236e-5 0.7071968 0.7070168 3.38072e-5 0.707077 0.7071366 -3.17054e-5 0.7071582 0.7070555 -4.50245e-5 0.7070311 0.7071825 5.41112e-5 0.7071154 -0.7070983 0</float_array>
          <technique_common>
            <accessor source="#Plane_064-mesh-normals-array" count="124" stride="3">
              <param name="X" type="float"/>
              <param name="Y" type="float"/>
              <param name="Z" type="float"/>
            </accessor>
          </technique_common>
        </source>
        <source id="Plane_064-mesh-map-0">
          <float_array id="Plane_064-mesh-map-0-array" count="1024">0.5713521 0.5222609 0.5713521 0.771896 0.4997105 0.5222626 0.8408079 0.5111222 0.840808 3.22168e-07 0.9124496 1.26062e-06 0.09552341 0.8717026 1.23499e-06 0.8717026 1.26247e-06 0.5222599 0.2609183 0.9102301 0.3485139 0.7513696 0.3485119 0.9102284 0.2609183 0.9102301 0.2609183 0.7513694 0.3485139 0.7513696 0.2556005 0.7259718 0.2567422 0.5222589 0.2595282 0.7259718 0.6781036 0.8284273 0.6781036 0.6711284 0.683973 0.671328 0.4905754 0.6576576 0.4964467 0.5005602 0.4964467 0.6578598 0.6771053 0.6711299 0.6611849 0.7554945 0.6611849 0.6711299 0.839811 0.4267585 0.8079702 0.07712548 0.839811 3.2208e-07 0.6601862 0.6711317 0.5723503 0.8302064 0.5723497 0.6711317 0.8079702 0.07712548 0.7124481 3.12846e-07 0.839811 3.2208e-07 0.8079702 0.07712548 0.7124481 0.07712548 0.7124481 3.12846e-07 0.4736586 0.6607294 0.4850547 0.7524742 0.4736586 0.7524744 0.7056035 0.8718964 0.6942113 0.5222623 0.7056035 0.5222603 0.8522002 0.7790007 0.840806 0.8095824 0.840806 0.7790007 0.7761284 1 0.71245 0.4888758 0.7761284 0.4277147 0.1606404 0.5834212 0.09652107 0.8330507 0.09652107 0.5222604 0.4564548 0.8125327 0.469191 0.7513703 0.469191 0.8129555 0.2263173 0.8131944 0.2263316 0.7516615 0.2390534 0.8131944 0.9771279 0.5732426 0.9643918 0.8840391 0.9643918 0.5732426 0.2400501 0.812782 0.2527863 0.7516596 0.2527863 0.8127819 0.978125 3.32102e-07 0.9908611 0.5722846 0.978125 0.5722846 0.977129 0.06116235 0.913447 0.5722844 0.913447 0 0.1616403 0.5222578 0.2253204 0.7718973 0.1616382 0.8330594 0.9895175 0.5732442 0.9781234 0.9226895 0.9781214 0.5732448 0.9124496 0.5111231 0.8408079 0.5111222 0.9124496 1.26062e-06 0.5713521 0.771896 0.4997105 0.7718958 0.4997105 0.5222626 0.4850547 0.7524742 0.4937165 0.6607286 0.4937244 0.7549694 0.685529 0.5222619 0.6942073 0.8718975 0.685521 0.8731659 0.9905154 0.5732542 1 0.9241451 0.9905154 0.9266899 0.4458909 0.8456111 0.4554582 0.7513703 0.4554582 0.8468586 0.47597 0.7728517 0.5713523 0.8891633 0.47597 0.8891633 0.09552341 0.5222609 0.09552341 0.8717026 1.26247e-06 0.5222599 0.5723493 0.8311638 0.6677315 0.9474735 0.5723493 0.9474735 0.3495118 0.8676829 0.444894 0.7513703 0.444894 0.8676829 0.6845226 0.52226 0.5723493 0.6701733 0.5723493 0.52226 0.9284049 0.7780434 0.84081 0.6703058 0.9284049 0.6703058 0.2561466 0.9417565 0.1616368 0.8340188 0.2561466 0.8340188 0.6962612 0.000423087 0.4997102 0.5213015 0.4997102 2.97435e-07 0.8393836 0.6324031 0.8356902 0.8361088 0.8356902 0.6323953 0.8394471 0.4277243 0.8357527 0.63143 0.8356944 0.4277157 0.7094028 0.7259714 0.7065984 0.5222587 0.7105008 0.5222587 0.9012785 0.6693471 0.8408083 0.5120913 0.9012784 0.512079 0.4983799 0.6607273 0.4983799 0.6696956 0.4947174 0.668385 0.4726593 0.7504113 0.2609186 0.5005595 0.4726593 0.5005597 0.4895768 0.5005618 0.4736564 0.6597716 0.4736564 0.5005618 0.2596316 0.809988 0.253784 0.7522025 0.2596316 0.7516603 0.6670553 0.756452 0.6670553 0.8145096 0.6611824 0.8145125 0.7771243 0.9273204 0.8054108 0.427716 0.8054108 0.9273204 0 0.5111316 0.01106202 0.01063442 0.01106345 0.5009281 0 7.43054e-06 0.2488501 0.0106287 0.01106202 0.01063442 0.2599155 3.17244e-07 0.2488583 0.510232 0.2488501 0.0106287 0 0.5111316 0.2488583 0.510232 0.259921 0.5213016 0.4987125 9.15552e-07 0.2609178 0.4902966 0.2609245 3.00907e-06 0.8064082 0.9180081 0.8346947 0.427716 0.8346947 0.9180081 0.2546036 0.5222598 0.2263171 0.7507041 0.2263171 0.52226 0.9576876 0.6703057 0.9294012 0.8985353 0.9294012 0.6703059 0.6354413 0.9648719 0.6463826 0.9788429 0.6354413 0.9788429 0.516604 0.9648715 0.5035443 0.9788429 0.5035443 0.9648719 0.7659003 0.9648715 0.7529955 0.9788429 0.7529955 0.9648719 0.6755865 0.9648715 0.6626818 0.9788429 0.6626818 0.9648719 0.5420419 0.9648719 0.5549467 0.9788429 0.5420419 0.9788429 0.7171432 0.9648719 0.730048 0.9788429 0.7171432 0.9788429 0.6763081 0.9648719 0.6899641 0.9788429 0.6763081 0.9788429 0.6470314 0.9648719 0.6606875 0.9788429 0.6470314 0.9788429 0.516604 0.9648715 0.5035443 0.9788429 0.5035443 0.9648719 0.7412494 0.9648719 0.7523139 0.9788429 0.7412494 0.9788429 0.6354413 0.9648719 0.6463826 0.9788429 0.6354413 0.9788429 0.5035443 0.9648719 0.516604 0.9788429 0.5035443 0.9788429 0.7529955 0.9648719 0.7659003 0.9788429 0.7529955 0.9788429 0.6626818 0.9648719 0.6755865 0.9788429 0.6626818 0.9788429 0.5420419 0.9648719 0.5549467 0.9788429 0.5420419 0.9788429 0.7171432 0.9648719 0.730048 0.9788429 0.7171432 0.9788429 0.6763081 0.9648719 0.6899641 0.9788429 0.6763081 0.9788429 0.6470314 0.9648719 0.6606875 0.9788429 0.6470314 0.9788429 0.5035443 0.9648719 0.516604 0.9788429 0.5035443 0.9788429 0.7412494 0.9648719 0.7523139 0.9788429 0.7412494 0.9788429 -0.3313314 0.6772692 0.697521 0.7386404 -0.3313314 0.7386404 0.697521 0.6772692 1.243163 0.7386404 0.697521 0.7386404 -0.3937637 0.6772692 2.334448 0.7386404 -0.3937637 0.7386404 0.6771053 0.6711299 0.6771053 0.7554945 0.6611849 0.7554945 0.839811 0.4267585 0.8079702 0.4267585 0.8079702 0.07712548 0.6601862 0.6711317 0.6601886 0.8302063 0.5723503 0.8302064 0.4736586 0.6607294 0.4850528 0.6607292 0.4850547 0.7524742 0.7056035 0.8718964 0.6942073 0.8718975 0.6942113 0.5222623 0.8522002 0.7790007 0.8522002 0.8095824 0.840806 0.8095824 0.7761284 1 0.7124487 0.9999995 0.71245 0.4888758 0.1606404 0.5834212 0.1606422 0.8330497 0.09652107 0.8330507 0.4564548 0.8125327 0.4564548 0.7513703 0.469191 0.7513703 0.9771279 0.5732426 0.9771279 0.8840391 0.9643918 0.8840391 0.2400501 0.812782 0.2400501 0.7516598 0.2527863 0.7516596 0.978125 3.32102e-07 0.9908611 3.33034e-07 0.9908611 0.5722846 0.977129 0.06116235 0.9771274 0.5722856 0.913447 0.5722844 0.1616403 0.5222578 0.2253205 0.5222577 0.2253204 0.7718973 0.9895175 0.5732442 0.9895175 0.9226898 0.9781234 0.9226895 0.4850547 0.7524742 0.4850528 0.6607292 0.4937165 0.6607286 0.685529 0.5222619 0.6942113 0.5222623 0.6942073 0.8718975 0.9905154 0.5732542 0.9995086 0.5732432 1 0.9241451 0.4458909 0.8456111 0.4459375 0.7513703 0.4554582 0.7513703 0.47597 0.7728517 0.5713523 0.7728517 0.5713523 0.8891633 0.5723493 0.8311638 0.6677315 0.8311638 0.6677315 0.9474735 0.3495118 0.8676829 0.3495118 0.7513703 0.444894 0.7513703 0.6845226 0.52226 0.6845225 0.6701733 0.5723493 0.6701733 0.9284049 0.7780434 0.8408089 0.7780434 0.84081 0.6703058 0.2561466 0.9417565 0.1616368 0.9417565 0.1616368 0.8340188 0.6962612 0.000423087 0.7114508 0.5213015 0.4997102 0.5213015 0.8393836 0.6324031 0.8394293 0.8361166 0.8356902 0.8361088 0.8394471 0.4277243 0.8394471 0.6314377 0.8357527 0.63143 0.9012785 0.6693471 0.8408083 0.669337 0.8408083 0.5120913 0.4726593 0.7504113 0.2609186 0.7504111 0.2609186 0.5005595 0.4895768 0.5005618 0.4895768 0.6597716 0.4736564 0.6597716 0.7771243 0.9273204 0.7771244 0.427716 0.8054108 0.427716 0 0.5111316 0 7.43054e-06 0.01106202 0.01063442 0 7.43054e-06 0.2599155 3.17244e-07 0.2488501 0.0106287 0.2599155 3.17244e-07 0.259921 0.5213016 0.2488583 0.510232 0 0.5111316 0.01106345 0.5009281 0.2488583 0.510232 0.4987125 9.15552e-07 0.4987125 0.4996042 0.2609178 0.4902966 0.8064082 0.9180081 0.8064082 0.427716 0.8346947 0.427716 0.2546036 0.5222598 0.2546036 0.7507038 0.2263171 0.7507041 0.9576876 0.6703057 0.9576876 0.8985351 0.9294012 0.8985353 0.6354413 0.9648719 0.6463826 0.9648715 0.6463826 0.9788429 0.516604 0.9648715 0.516604 0.9788429 0.5035443 0.9788429 0.7659003 0.9648715 0.7659003 0.9788429 0.7529955 0.9788429 0.6755865 0.9648715 0.6755865 0.9788429 0.6626818 0.9788429 0.5420419 0.9648719 0.5549467 0.9648715 0.5549467 0.9788429 0.7171432 0.9648719 0.730048 0.9648715 0.730048 0.9788429 0.6763081 0.9648719 0.6899641 0.9648715 0.6899641 0.9788429 0.6470314 0.9648719 0.6606875 0.9648715 0.6606875 0.9788429 0.516604 0.9648715 0.516604 0.9788429 0.5035443 0.9788429 0.7412494 0.9648719 0.7523139 0.9648715 0.7523139 0.9788429 0.6354413 0.9648719 0.6463826 0.9648715 0.6463826 0.9788429 0.5035443 0.9648719 0.516604 0.9648715 0.516604 0.9788429 0.7529955 0.9648719 0.7659003 0.9648715 0.7659003 0.9788429 0.6626818 0.9648719 0.6755865 0.9648715 0.6755865 0.9788429 0.5420419 0.9648719 0.5549467 0.9648715 0.5549467 0.9788429 0.7171432 0.9648719 0.730048 0.9648715 0.730048 0.9788429 0.6763081 0.9648719 0.6899641 0.9648715 0.6899641 0.9788429 0.6470314 0.9648719 0.6606875 0.9648715 0.6606875 0.9788429 0.5035443 0.9648719 0.516604 0.9648715 0.516604 0.9788429 0.7412494 0.9648719 0.7523139 0.9648715 0.7523139 0.9788429 -0.3313314 0.6772692 0.697521 0.6772692 0.697521 0.7386404 0.697521 0.6772692 1.243163 0.6772692 1.243163 0.7386404 -0.3937637 0.6772692 2.334448 0.6772692 2.334448 0.7386404 0.6362847 0.9788429 0.6362847 0.9648715 0.6462231 0.9648715 0.6462231 0.9788429 0.5029839 0.9788429 0.5029839 0.9648715 0.5168286 0.9648715 0.5168286 0.9788429 0.7656792 0.9788429 0.7656792 0.9648715 0.7790527 0.9648715 0.7790527 0.9788429 0.5029839 0.9788429 0.5029839 0.9648715 0.5168286 0.9648715 0.5168286 0.9788429 0.6626519 0.9788429 0.6626519 0.9648715 0.6750317 0.9648715 0.6750317 0.9788429 0.5420464 0.9788429 0.5420464 0.9648715 0.5544262 0.9648715 0.5544262 0.9788429 0.5557183 0.9788429 0.5557183 0.9648715 0.5656567 0.9648715 0.5656567 0.9788429 0.7173394 0.9788429 0.7173394 0.9648715 0.7299805 0.9648715 0.7299805 0.9788429 0.6045464 0.9788429 0.6045464 0.9648715 0.6125317 0.9648715 0.6125317 0.9788429 0.5029839 0.9788429 0.5029839 0.9648715 0.5168286 0.9648715 0.5168286 0.9788429 0.6362847 0.9788429 0.6362847 0.9648715 0.6462231 0.9648715 0.6462231 0.9788429 0.5029839 0.9788429 0.5029839 0.9648715 0.5168286 0.9648715 0.5168286 0.9788429 0.7656792 0.9788429 0.7656792 0.9648715 0.7790527 0.9648715 0.7790527 0.9788429 0.5029839 0.9788429 0.5029839 0.9648715 0.5168286 0.9648715 0.5168286 0.9788429 0.6626519 0.9788429 0.6626519 0.9648715 0.6750317 0.9648715 0.6750317 0.9788429 0.5420464 0.9788429 0.5420464 0.9648715 0.5544262 0.9648715 0.5544262 0.9788429 0.5557183 0.9788429 0.5557183 0.9648715 0.5656567 0.9648715 0.5656567 0.9788429 0.7173394 0.9788429 0.7173394 0.9648715 0.7299805 0.9648715 0.7299805 0.9788429 0.6045464 0.9788429 0.6045464 0.9648715 0.6125317 0.9648715 0.6125317 0.9788429 0.5029839 0.9788429 0.5029839 0.9648715 0.5168286 0.9648715 0.5168286 0.9788429</float_array>
          <technique_common>
            <accessor source="#Plane_064-mesh-map-0-array" count="512" stride="2">
              <param name="S" type="float"/>
              <param name="T" type="float"/>
            </accessor>
          </technique_common>
        </source>
        <source id="Plane_064-mesh-map-1">
          <float_array id="Plane_064-mesh-map-1-array" count="1024">0 0 0 0 0 0 0 0 0 0 0 0 0 0 0 0 0 0 0 0 0 0 0 0 0 0 0 0 0 0 0 0 0 0 0 0 0 0 0 0 0 0 0 0 0 0 0 0 0 0 0 0 0 0 0 0 0 0 0 0 0 0 0 0 0 0 0 0 0 0 0 0 0 0 0 0 0 0 0 0 0 0 0 0 0 0 0 0 0 0 0 0 0 0 0 0 0 0 0 0 0 0 0 0 0 0 0 0 0 0 0 0 0 0 0 0 0 0 0 0 0 0 0 0 0 0 0 0 0 0 0 0 0 0 0 0 0 0 0 0 0 0 0 0 0 0 0 0 0 0 0 0 0 0 0 0 0 0 0 0 0 0 0 0 0 0 0 0 0 0 0 0 0 0 0 0 0 0 0 0 0 0 0 0 0 0 0 0 0 0 0 0 0 0 0 0 0 0 0 0 0 0 0 0 0 0 0 0 0 0 0 0 0 0 0 0 0 0 0 0 0 0 0 0 0 0 0 0 0 0 0 0 0 0 0 0 0 0 0 0 0 0 0 0 0 0 0 0 0 0 0 0 0 0 0 0 0 0 0 0 0 0 0 0 0 0 0 0 0 0 0 0 0 0 0 0 0 0 0 0 0 0 0 0 0 0 0 0 0 0 0 0 0 0 0 0 0 0 0 0 0 0 0 0 0 0 0 0 0 0 0 0 0 0 0 0 0 0 0 0 0 0 0 0 0 0 0 0 0 0 0 0 0 0 0 0 0 0 0 0 0 0 0 0 0 0 0 0 0 0 0 0 0 0 0 0 0 0 0 0 0 0 0 0 0 0 0 0 0 0 0 0 0 0 0 0 0 0 0 0 0 0 0 0 0 0 0 0 0 0 0 0 0 0 0 0 0 0 0 0 0 0 0 0 0 0 0 0 0 0 0 0 0 0 0 0 0 0 0 0 0 0 0 0 0 0 0 0 0 0 0 0 0 0 0 0 0 0 0 0 0 0 0 0 0 0 0 0 0 0 0 0 0 0 0 0 0 0 0 0 0 0 0 0 0 0 0 0 0 0 0 0 0 0 0 0 0 0 0 0 0 0 0 0 0 0 0 0 0 0 0 0 0 0 0 0 0 0 0 0 0 0 0 0 0 0 0 0 0 0 0 0 0 0 0 0 0 0 0 0 0 0 0 0 0 0 0 0 0 0 0 0 0 0 0 0 0 0 0 0 0 0 0 0 0 0 0 0 0 0 0 0 0 0 0 0 0 0 0 0 0 0 0 0 0 0 0 0 0 0 0 0 0 0 0 0 0 0 0 0 0 0 0 0 0 0 0 0 0 0 0 0 0 0 0 0 0 0 0 0 0 0 0 0 0 0 0 0 0 0 0 0 0 0 0 0 0 0 0 0 0 0 0 0 0 0 0 0 0 0 0 0 0 0 0 0 0 0 0 0 0 0 0 0 0 0 0 0 0 0 0 0 0 0 0 0 0 0 0 0 0 0 0 0 0 0 0 0 0 0 0 0 0 0 0 0 0 0 0 0 0 0 0 0 0 0 0 0 0 0 0 0 0 0 0 0 0 0 0 0 0 0 0 0 0 0 0 0 0 0 0 0 0 0 0 0 0 0 0 0 0 0 0 0 0 0 0 0 0 0 0 0 0 0 0 0 0 0 0 0 0 0 0 0 0 0 0 0 0 0 0 0 0 0 0 0 0 0 0 0 0 0 0 0 0 0 0 0 0 0 0 0 0 0 0 0 0 0 0 0 0 0 0 0 0 0 0 0 0 0 0 0 0 0 0 0 0 0 0 0 0 0 0 0 0 0 0 0 0 0 0 0 0 0 0 0 0 0 0 0 0 0 0 0 0 0 0 0 0 0 0 0 0 0 0 0 0 0 0 0 0 0 0 0 0 0 0 0 0 0 0 0 0 0 0 0 0 0 0 0 0 0 0 0 0 0 0 0 0 0 0 0 0 0 0 0 0 0 0 0 0 0 0 0 0 0 0 0 0 0 0 0 0 0 0 0 0 0 0 0 0 0 0 0 0 0 0 0 0 0 0 0 0 0 0 0 0 0 0 0 0 0 0 0 0 0 0 0 0 0 0 0 0 0 0 0 0 0 0 0 0 0 0 0 0 0 0 0 0 0 0 0 0 0 0 0 0 0 0 0 0 0 0 0 0 0 0 0 0 0 0 0 0 0 0 0 0 0 0 0 0 0 0 0 0 0 0 0 0 0 0 0 0 0 0 0 0 0 0 0 0 0 0 0 0 0 0 0 0 0 0 0 0 0 0 0 0 0 0 0 0 0 0 0</float_array>
          <technique_common>
            <accessor source="#Plane_064-mesh-map-1-array" count="512" stride="2">
              <param name="S" type="float"/>
              <param name="T" type="float"/>
            </accessor>
          </technique_common>
        </source>
        <source id="Plane_064-mesh-map-2">
          <float_array id="Plane_064-mesh-map-2-array" count="1024">0 0 0 0 0 0 0 0 0 0 0 0 0 0 0 0 0 0 0 0 0 0 0 0 0 0 0 0 0 0 0 0 0 0 0 0 0 0 0 0 0 0 0 0 0 0 0 0 0 0 0 0 0 0 0 0 0 0 0 0 0 0 0 0 0 0 0 0 0 0 0 0 0 0 0 0 0 0 0 0 0 0 0 0 0 0 0 0 0 0 0 0 0 0 0 0 0 0 0 0 0 0 0 0 0 0 0 0 0 0 0 0 0 0 0 0 0 0 0 0 0 0 0 0 0 0 0 0 0 0 0 0 0 0 0 0 0 0 0 0 0 0 0 0 0 0 0 0 0 0 0 0 0 0 0 0 0 0 0 0 0 0 0 0 0 0 0 0 0 0 0 0 0 0 0 0 0 0 0 0 0 0 0 0 0 0 0 0 0 0 0 0 0 0 0 0 0 0 0 0 0 0 0 0 0 0 0 0 0 0 0 0 0 0 0 0 0 0 0 0 0 0 0 0 0 0 0 0 0 0 0 0 0 0 0 0 0 0 0 0 0 0 0 0 0 0 0 0 0 0 0 0 0 0 0 0 0 0 0 0 0 0 0 0 0 0 0 0 0 0 0 0 0 0 0 0 0 0 0 0 0 0 0 0 0 0 0 0 0 0 0 0 0 0 0 0 0 0 0 0 0 0 0 0 0 0 0 0 0 0 0 0 0 0 0 0 0 0 0 0 0 0 0 0 0 0 0 0 0 0 0 0 0 0 0 0 0 0 0 0 0 0 0 0 0 0 0 0 0 0 0 0 0 0 0 0 0 0 0 0 0 0 0 0 0 0 0 0 0 0 0 0 0 0 0 0 0 0 0 0 0 0 0 0 0 0 0 0 0 0 0 0 0 0 0 0 0 0 0 0 0 0 0 0 0 0 0 0 0 0 0 0 0 0 0 0 0 0 0 0 0 0 0 0 0 0 0 0 0 0 0 0 0 0 0 0 0 0 0 0 0 0 0 0 0 0 0 0 0 0 0 0 0 0 0 0 0 0 0 0 0 0 0 0 0 0 0 0 0 0 0 0 0 0 0 0 0 0 0 0 0 0 0 0 0 0 0 0 0 0 0 0 0 0 0 0 0 0 0 0 0 0 0 0 0 0 0 0 0 0 0 0 0 0 0 0 0 0 0 0 0 0 0 0 0 0 0 0 0 0 0 0 0 0 0 0 0 0 0 0 0 0 0 0 0 0 0 0 0 0 0 0 0 0 0 0 0 0 0 0 0 0 0 0 0 0 0 0 0 0 0 0 0 0 0 0 0 0 0 0 0 0 0 0 0 0 0 0 0 0 0 0 0 0 0 0 0 0 0 0 0 0 0 0 0 0 0 0 0 0 0 0 0 0 0 0 0 0 0 0 0 0 0 0 0 0 0 0 0 0 0 0 0 0 0 0 0 0 0 0 0 0 0 0 0 0 0 0 0 0 0 0 0 0 0 0 0 0 0 0 0 0 0 0 0 0 0 0 0 0 0 0 0 0 0 0 0 0 0 0 0 0 0 0 0 0 0 0 0 0 0 0 0 0 0 0 0 0 0 0 0 0 0 0 0 0 0 0 0 0 0 0 0 0 0 0 0 0 0 0 0 0 0 0 0 0 0 0 0 0 0 0 0 0 0 0 0 0 0 0 0 0 0 0 0 0 0 0 0 0 0 0 0 0 0 0 0 0 0 0 0 0 0 0 0 0 0 0 0 0 0 0 0 0 0 0 0 0 0 0 0 0 0 0 0 0 0 0 0 0 0 0 0 0 0 0 0 0 0 0 0 0 0 0 0 0 0 0 0 0 0 0 0 0 0 0 0 0 0 0 0 0 0 0 0 0 0 0 0 0 0 0 0 0 0 0 0 0 0 0 0 0 0 0 0 0 0 0 0 0 0 0 0 0 0 0 0 0 0 0 0 0 0 0 0 0 0 0 0 0 0 0 0 0 0 0 0 0 0 0 0 0 0 0 0 0 0 0 0 0 0 0 0 0 0 0 0 0 0 0 0 0 0 0 0 0 0 0 0 0 0 0 0 0 0 0 0 0 0 0 0 0 0 0 0 0 0 0 0 0 0 0 0 0 0 0 0 0 0 0 0 0 0 0 0 0 0 0 0 0 0 0 0 0 0 0 0 0 0 0 0 0 0 0 0 0 0 0 0 0 0 0 0 0 0 0 0 0 0 0 0 0 0 0 0 0 0 0 0 0 0 0 0 0 0 0 0 0 0 0 0 0 0 0 0 0 0 0 0 0 0 0 0 0 0 0 0 0 0 0 0 0 0 0</float_array>
          <technique_common>
            <accessor source="#Plane_064-mesh-map-2-array" count="512" stride="2">
              <param name="S" type="float"/>
              <param name="T" type="float"/>
            </accessor>
          </technique_common>
        </source>
        <source id="Plane_064-mesh-colors-Col" name="Col">
          <float_array id="Plane_064-mesh-colors-Col-array" count="1728">0.6 0.5960785 0.509804 1 0.6 0.5960785 0.509804 1 0.6 0.5960785 0.509804 1 1 1 1 1 1 1 1 1 1 1 1 1 1 1 1 1 1 1 1 1 1 1 1 1 1 1 1 1 1 1 1 1 1 1 1 1 1 1 1 1 1 1 1 1 1 1 1 1 0.5803922 0.5450981 0.5490196 1 0.5803922 0.5450981 0.5490196 1 0.5803922 0.5450981 0.5490196 1 1 0.9372549 0.9490196 1 1 0.9372549 0.9490196 1 1 0.9372549 0.9490196 1 1 0.9372549 0.9490196 1 1 0.9372549 0.9490196 1 1 0.9372549 0.9490196 1 0.5803922 0.5450981 0.5490196 1 0.5803922 0.5450981 0.5490196 1 0.5803922 0.5450981 0.5490196 1 0.5294118 0.5019608 0.5058824 1 0.5294118 0.5019608 0.5058824 1 0.5294118 0.5019608 0.5058824 1 1 1 1 1 1 1 1 1 1 1 1 1 0.5294118 0.5019608 0.5058824 1 0.5294118 0.5019608 0.5058824 1 0.5294118 0.5019608 0.5058824 1 0.5294118 0.5019608 0.5058824 1 0.5294118 0.5019608 0.5058824 1 0.5294118 0.5019608 0.5058824 1 0.5294118 0.5019608 0.5058824 1 0.5294118 0.5019608 0.5058824 1 0.5294118 0.5019608 0.5058824 1 0.5294118 0.5019608 0.5058824 1 0.5294118 0.5019608 0.5058824 1 0.5294118 0.5019608 0.5058824 1 0.5294118 0.5019608 0.5058824 1 0.5294118 0.5019608 0.5058824 1 0.5294118 0.5019608 0.5058824 1 1 1 1 1 1 1 1 1 1 1 1 1 1 1 1 1 1 1 1 1 1 1 1 1 1 1 1 1 1 1 1 1 1 1 1 1 1 1 1 1 1 1 1 1 1 1 1 1 0.6 0.5960785 0.509804 1 0.6 0.5960785 0.509804 1 0.6 0.5960785 0.509804 1 0.6 0.5960785 0.509804 1 0.6 0.5960785 0.509804 1 0.6 0.5960785 0.509804 1 0.6 0.5960785 0.509804 1 0.6 0.5960785 0.509804 1 0.6 0.5960785 0.509804 1 0.6 0.5960785 0.509804 1 0.6 0.5960785 0.509804 1 0.6 0.5960785 0.509804 1 0.6 0.5960785 0.509804 1 0.6 0.5960785 0.509804 1 0.6 0.5960785 0.509804 1 1 1 1 1 1 1 1 1 1 1 1 1 0.6 0.5960785 0.509804 1 0.6 0.5960785 0.509804 1 0.6 0.5960785 0.509804 1 1 1 1 1 1 1 1 1 1 1 1 1 0.8392157 0.7450981 0.6705883 1 0.8392157 0.7450981 0.6705883 1 0.8392157 0.7450981 0.6705883 1 0.8392157 0.7450981 0.6705883 1 0.8392157 0.7450981 0.6705883 1 0.8392157 0.7450981 0.6705883 1 0.8392157 0.7450981 0.6705883 1 0.8392157 0.7450981 0.6705883 1 0.8392157 0.7450981 0.6705883 1 0.8392157 0.7450981 0.6705883 1 0.8392157 0.7450981 0.6705883 1 0.8392157 0.7450981 0.6705883 1 1 0.9372549 0.9490196 1 1 0.9372549 0.9490196 1 1 0.9372549 0.9490196 1 1 1 1 1 1 1 1 1 1 1 1 1 1 0.9372549 0.9490196 1 1 0.9372549 0.9490196 1 1 0.9372549 0.9490196 1 1 0.9372549 0.9490196 1 1 0.9372549 0.9490196 1 1 0.9372549 0.9490196 1 1 1 1 1 1 1 1 1 1 1 1 1 0.5803922 0.5450981 0.5490196 1 0.5803922 0.5450981 0.5490196 1 0.5803922 0.5450981 0.5490196 1 0.5803922 0.5450981 0.5490196 1 0.5803922 0.5450981 0.5490196 1 0.5803922 0.5450981 0.5490196 1 1 1 1 1 1 1 1 1 1 1 1 1 0.5803922 0.5450981 0.5490196 1 0.5803922 0.5450981 0.5490196 1 0.5803922 0.5450981 0.5490196 1 0.5803922 0.5450981 0.5490196 1 0.5803922 0.5450981 0.5490196 1 0.5803922 0.5450981 0.5490196 1 0.5803922 0.5450981 0.5490196 1 0.5803922 0.5450981 0.5490196 1 0.5803922 0.5450981 0.5490196 1 1 0.9372549 0.9490196 1 1 0.9372549 0.9490196 1 1 0.9372549 0.9490196 1 0.8392157 0.7450981 0.6705883 1 0.8392157 0.7450981 0.6705883 1 0.8392157 0.7450981 0.6705883 1 0.5294118 0.5019608 0.5058824 1 0.5294118 0.5019608 0.5058824 1 0.5294118 0.5019608 0.5058824 1 0.5803922 0.5450981 0.5490196 1 0.5803922 0.5450981 0.5490196 1 0.5803922 0.5450981 0.5490196 1 1 0.9372549 0.9490196 1 1 0.9372549 0.9490196 1 1 0.9372549 0.9490196 1 1 0.9372549 0.9490196 1 1 0.9372549 0.9490196 1 1 0.9372549 0.9490196 1 0.9960784 0.9960784 0.9960784 0.9960784 0.9960784 0.9960784 0.9960784 0.9960784 0.9960784 0.9960784 0.9960784 0.9960784 1 1 1 1 0.9960784 0.9960784 0.9960784 0.9960784 1 1 1 1 1 1 1 1 0.9960784 0.9960784 0.9960784 0.9960784 0.9960784 0.9960784 0.9960784 0.9960784 1 1 1 1 0.9960784 0.9960784 0.9960784 0.9960784 0.9960784 0.9960784 0.9960784 0.9960784 1 1 1 1 0.9960784 0.9960784 0.9960784 0.9960784 1 1 1 1 0.9960784 0.9960784 0.9960784 0.9960784 1 1 1 1 0.9960784 0.9960784 0.9960784 0.9960784 1 1 1 1 0.9960784 0.9960784 0.9960784 0.9960784 1 1 1 1 0.9960784 0.9960784 0.9960784 0.9960784 1 1 1 1 0.9960784 0.9960784 0.9960784 0.9960784 0.9960784 0.9960784 0.9960784 0.9960784 0.9960784 0.9960784 0.9960784 0.9960784 0.9960784 0.9960784 0.9960784 0.9960784 0.6941177 0.9529412 1 1 0.6941177 0.9529412 1 1 0.6941177 0.9529412 1 1 0.6941177 0.9529412 1 1 0.6941177 0.9529412 1 1 0.6941177 0.9529412 1 1 0.6941177 0.9529412 1 1 0.6941177 0.9529412 1 1 0.6941177 0.9529412 1 1 0.6941177 0.9529412 1 1 0.6941177 0.9529412 1 1 0.6941177 0.9529412 1 1 0.6941177 0.9529412 1 1 0.6941177 0.9529412 1 1 0.6941177 0.9529412 1 1 0.6941177 0.9529412 1 1 0.6941177 0.9529412 1 1 0.6941177 0.9529412 1 1 0.6941177 0.9529412 1 1 0.6941177 0.9529412 1 1 0.6941177 0.9529412 1 1 0.6941177 0.9529412 1 1 0.6941177 0.9529412 1 1 0.6941177 0.9529412 1 1 0.6941177 0.9529412 1 1 0.6941177 0.9529412 1 1 0.6941177 0.9529412 1 1 0.6941177 0.9529412 1 1 0.6941177 0.9529412 1 1 0.6941177 0.9529412 1 1 0.8901961 0.5764706 0.7058824 1 0.8901961 0.5764706 0.7058824 1 0.8901961 0.5764706 0.7058824 1 0.8901961 0.5764706 0.7058824 1 0.8901961 0.5764706 0.7058824 1 0.8901961 0.5764706 0.7058824 1 0.8901961 0.5764706 0.7058824 1 0.8901961 0.5764706 0.7058824 1 0.8901961 0.5764706 0.7058824 1 0.8901961 0.5764706 0.7058824 1 0.8901961 0.5764706 0.7058824 1 0.8901961 0.5764706 0.7058824 1 0.8901961 0.5764706 0.7058824 1 0.8901961 0.5764706 0.7058824 1 0.8901961 0.5764706 0.7058824 1 0.8901961 0.5764706 0.7058824 1 0.8901961 0.5764706 0.7058824 1 0.8901961 0.5764706 0.7058824 1 0.8901961 0.5764706 0.7058824 1 0.8901961 0.5764706 0.7058824 1 0.8901961 0.5764706 0.7058824 1 0.8901961 0.5764706 0.7058824 1 0.8901961 0.5764706 0.7058824 1 0.8901961 0.5764706 0.7058824 1 0.8901961 0.5764706 0.7058824 1 0.8901961 0.5764706 0.7058824 1 0.8901961 0.5764706 0.7058824 1 0.8901961 0.5764706 0.7058824 1 0.8901961 0.5764706 0.7058824 1 0.8901961 0.5764706 0.7058824 1 0.5411765 0.4 0.3333333 1 0.5411765 0.4 0.3333333 1 0.5411765 0.4 0.3333333 1 0.5411765 0.4 0.3333333 1 0.5411765 0.4 0.3333333 1 0.5411765 0.4 0.3333333 1 0.5411765 0.4 0.3333333 1 0.5411765 0.4 0.3333333 1 0.5411765 0.4 0.3333333 1 0.5803922 0.5450981 0.5490196 1 0.5803922 0.5450981 0.5490196 1 0.5803922 0.5450981 0.5490196 1 0.5294118 0.5019608 0.5058824 1 0.5294118 0.5019608 0.5058824 1 0.5294118 0.5019608 0.5058824 1 1 1 1 1 1 1 1 1 1 1 1 1 0.5294118 0.5019608 0.5058824 1 0.5294118 0.5019608 0.5058824 1 0.5294118 0.5019608 0.5058824 1 0.5294118 0.5019608 0.5058824 1 0.5294118 0.5019608 0.5058824 1 0.5294118 0.5019608 0.5058824 1 0.5294118 0.5019608 0.5058824 1 0.5294118 0.5019608 0.5058824 1 0.5294118 0.5019608 0.5058824 1 1 1 1 1 1 1 1 1 1 1 1 1 1 1 1 1 1 1 1 1 1 1 1 1 1 1 1 1 1 1 1 1 1 1 1 1 0.6 0.5960785 0.509804 1 0.6 0.5960785 0.509804 1 0.6 0.5960785 0.509804 1 0.6 0.5960785 0.509804 1 0.6 0.5960785 0.509804 1 0.6 0.5960785 0.509804 1 0.6 0.5960785 0.509804 1 0.6 0.5960785 0.509804 1 0.6 0.5960785 0.509804 1 0.6 0.5960785 0.509804 1 0.6 0.5960785 0.509804 1 0.6 0.5960785 0.509804 1 0.6 0.5960785 0.509804 1 0.6 0.5960785 0.509804 1 0.6 0.5960785 0.509804 1 1 1 1 1 1 1 1 1 1 1 1 1 0.8392157 0.7450981 0.6705883 1 0.8392157 0.7450981 0.6705883 1 0.8392157 0.7450981 0.6705883 1 0.8392157 0.7450981 0.6705883 1 0.8392157 0.7450981 0.6705883 1 0.8392157 0.7450981 0.6705883 1 0.8392157 0.7450981 0.6705883 1 0.8392157 0.7450981 0.6705883 1 0.8392157 0.7450981 0.6705883 1 0.8392157 0.7450981 0.6705883 1 0.8392157 0.7450981 0.6705883 1 0.8392157 0.7450981 0.6705883 1 1 0.9372549 0.9490196 1 1 0.9372549 0.9490196 1 1 0.9372549 0.9490196 1 1 0.9372549 0.9490196 1 1 0.9372549 0.9490196 1 1 0.9372549 0.9490196 1 1 0.9372549 0.9490196 1 1 0.9372549 0.9490196 1 1 0.9372549 0.9490196 1 1 1 1 1 1 1 1 1 1 1 1 1 0.5803922 0.5450981 0.5490196 1 0.5803922 0.5450981 0.5490196 1 0.5803922 0.5450981 0.5490196 1 0.5803922 0.5450981 0.5490196 1 0.5803922 0.5450981 0.5490196 1 0.5803922 0.5450981 0.5490196 1 1 1 1 1 1 1 1 1 1 1 1 1 0.5803922 0.5450981 0.5490196 1 0.5803922 0.5450981 0.5490196 1 0.5803922 0.5450981 0.5490196 1 0.5803922 0.5450981 0.5490196 1 0.5803922 0.5450981 0.5490196 1 0.5803922 0.5450981 0.5490196 1 1 0.9372549 0.9490196 1 1 0.9372549 0.9490196 1 1 0.9372549 0.9490196 1 0.5294118 0.5019608 0.5058824 1 0.5294118 0.5019608 0.5058824 1 0.5294118 0.5019608 0.5058824 1 0.5803922 0.5450981 0.5490196 1 0.5803922 0.5450981 0.5490196 1 0.5803922 0.5450981 0.5490196 1 0.9960784 0.9960784 0.9960784 0.9960784 0.9960784 0.9960784 0.9960784 0.9960784 0.9960784 0.9960784 0.9960784 0.9960784 1 1 1 1 1 1 1 1 0.9960784 0.9960784 0.9960784 0.9960784 1 1 1 1 1 1 1 1 0.9960784 0.9960784 0.9960784 0.9960784 1 1 1 1 1 1 1 1 0.9960784 0.9960784 0.9960784 0.9960784 1 1 1 1 1 1 1 1 0.9960784 0.9960784 0.9960784 0.9960784 0.9960784 0.9960784 0.9960784 0.9960784 0.9960784 0.9960784 0.9960784 0.9960784 1 1 1 1 1 1 1 1 0.9960784 0.9960784 0.9960784 0.9960784 0.9960784 0.9960784 0.9960784 0.9960784 0.9960784 0.9960784 0.9960784 0.9960784 1 1 1 1 1 1 1 1 0.9960784 0.9960784 0.9960784 0.9960784 0.9960784 0.9960784 0.9960784 0.9960784 0.9960784 0.9960784 0.9960784 0.9960784 0.6941177 0.9529412 1 1 0.6941177 0.9529412 1 1 0.6941177 0.9529412 1 1 0.6941177 0.9529412 1 1 0.6941177 0.9529412 1 1 0.6941177 0.9529412 1 1 0.6941177 0.9529412 1 1 0.6941177 0.9529412 1 1 0.6941177 0.9529412 1 1 0.6941177 0.9529412 1 1 0.6941177 0.9529412 1 1 0.6941177 0.9529412 1 1 0.6941177 0.9529412 1 1 0.6941177 0.9529412 1 1 0.6941177 0.9529412 1 1 0.6941177 0.9529412 1 1 0.6941177 0.9529412 1 1 0.6941177 0.9529412 1 1 0.6941177 0.9529412 1 1 0.6941177 0.9529412 1 1 0.6941177 0.9529412 1 1 0.6941177 0.9529412 1 1 0.6941177 0.9529412 1 1 0.6941177 0.9529412 1 1 0.6941177 0.9529412 1 1 0.6941177 0.9529412 1 1 0.6941177 0.9529412 1 1 0.6941177 0.9529412 1 1 0.6941177 0.9529412 1 1 0.6941177 0.9529412 1 1 0.8901961 0.5764706 0.7058824 1 0.8901961 0.5764706 0.7058824 1 0.8901961 0.5764706 0.7058824 1 0.8901961 0.5764706 0.7058824 1 0.8901961 0.5764706 0.7058824 1 0.8901961 0.5764706 0.7058824 1 0.8901961 0.5764706 0.7058824 1 0.8901961 0.5764706 0.7058824 1 0.8901961 0.5764706 0.7058824 1 0.8901961 0.5764706 0.7058824 1 0.8901961 0.5764706 0.7058824 1 0.8901961 0.5764706 0.7058824 1 0.8901961 0.5764706 0.7058824 1 0.8901961 0.5764706 0.7058824 1 0.8901961 0.5764706 0.7058824 1 0.8901961 0.5764706 0.7058824 1 0.8901961 0.5764706 0.7058824 1 0.8901961 0.5764706 0.7058824 1 0.8901961 0.5764706 0.7058824 1 0.8901961 0.5764706 0.7058824 1 0.8901961 0.5764706 0.7058824 1 0.8901961 0.5764706 0.7058824 1 0.8901961 0.5764706 0.7058824 1 0.8901961 0.5764706 0.7058824 1 0.8901961 0.5764706 0.7058824 1 0.8901961 0.5764706 0.7058824 1 0.8901961 0.5764706 0.7058824 1 0.8901961 0.5764706 0.7058824 1 0.8901961 0.5764706 0.7058824 1 0.8901961 0.5764706 0.7058824 1 0.5411765 0.4 0.3333333 1 0.5411765 0.4 0.3333333 1 0.5411765 0.4 0.3333333 1 0.5411765 0.4 0.3333333 1 0.5411765 0.4 0.3333333 1 0.5411765 0.4 0.3333333 1 0.5411765 0.4 0.3333333 1 0.5411765 0.4 0.3333333 1 0.5411765 0.4 0.3333333 1</float_array>
          <technique_common>
            <accessor source="#Plane_064-mesh-colors-Col-array" count="432" stride="4">
              <param name="R" type="float"/>
              <param name="G" type="float"/>
              <param name="B" type="float"/>
              <param name="A" type="float"/>
            </accessor>
          </technique_common>
        </source>
        <vertices id="Plane_064-mesh-vertices">
          <input semantic="POSITION" source="#Plane_064-mesh-positions"/>
        </vertices>
        <triangles material="m_bld_laundomat_001_LOD-material" count="98">
          <input semantic="VERTEX" source="#Plane_064-mesh-vertices" offset="0"/>
          <input semantic="NORMAL" source="#Plane_064-mesh-normals" offset="1"/>
          <input semantic="TEXCOORD" source="#Plane_064-mesh-map-0" offset="2" set="0"/>
          <input semantic="TEXCOORD" source="#Plane_064-mesh-map-1" offset="2" set="1"/>
          <input semantic="TEXCOORD" source="#Plane_064-mesh-map-2" offset="2" set="2"/>
          <input semantic="COLOR" source="#Plane_064-mesh-colors-Col" offset="3" set="0"/>
          <p>31 0 0 0 39 0 1 1 94 0 2 2 94 1 3 3 95 1 4 4 38 1 5 5 53 2 6 6 43 2 7 7 52 2 8 8 77 3 9 9 78 3 10 10 75 3 11 11 77 4 12 12 79 4 13 13 78 4 14 14 81 5 15 15 83 6 16 16 80 7 17 17 86 8 18 18 91 8 19 19 87 8 20 20 89 9 21 21 88 9 22 22 90 9 23 23 1 10 24 24 5 10 25 25 0 10 26 26 1 11 27 27 7 11 28 28 8 11 29 29 11 12 30 30 5 12 31 31 12 12 32 32 7 13 33 33 10 13 34 34 8 13 35 35 7 14 36 36 9 14 37 37 10 14 38 38 52 15 39 39 7 15 40 40 15 15 41 41 15 16 42 42 6 16 43 43 14 16 44 44 6 17 45 45 13 17 46 46 14 17 47 47 18 18 48 48 17 18 49 49 19 18 50 50 21 18 51 51 22 18 52 52 23 18 53 53 27 19 54 54 22 19 55 55 20 19 56 56 19 20 57 57 17 20 58 58 25 20 59 59 23 21 60 60 28 21 61 61 29 21 62 62 16 22 63 63 26 22 64 64 24 22 65 65 26 23 66 66 19 23 67 67 25 23 68 68 31 24 69 69 32 24 70 70 33 24 71 71 36 24 72 72 35 24 73 73 37 24 74 74 44 18 75 75 52 18 76 76 45 18 77 77 31 25 78 78 94 25 79 79 38 25 80 80 39 26 81 81 97 26 82 82 94 26 83 83 7 27 84 84 47 27 85 85 46 27 86 86 48 28 87 87 7 28 88 88 46 28 89 89 49 29 90 90 46 29 91 91 50 29 92 92 46 30 93 93 51 30 94 94 50 30 95 95 55 31 96 96 57 31 97 97 54 31 98 98 15 2 99 99 53 2 100 100 52 2 101 101 59 32 102 102 61 32 103 103 58 32 104 104 63 33 105 105 65 33 106 106 64 33 107 107 66 34 108 108 69 34 109 109 67 34 110 110 74 35 111 111 77 35 112 112 75 35 113 113 70 36 114 114 73 36 115 115 71 36 116 116 72 37 117 117 96 37 118 118 97 37 119 119 84 38 120 120 82 39 121 121 85 40 122 122 85 40 123 123 80 7 124 124 83 6 125 125 81 5 126 126 84 38 127 127 83 6 128 128 88 41 129 129 86 41 130 130 90 41 131 131 48 42 132 132 49 42 133 133 6 42 134 134 8 43 135 135 96 43 136 136 92 43 137 137 3 17 138 138 4 17 139 139 5 17 140 140 86 44 141 141 89 44 142 142 90 44 143 143 88 45 144 144 87 45 145 145 91 45 146 146 42 46 147 147 101 46 148 148 100 46 149 149 95 24 150 150 41 24 151 151 40 24 152 152 94 47 153 153 42 47 154 154 41 47 155 155 97 24 156 156 93 24 157 157 42 24 158 158 95 48 159 159 93 48 160 160 96 48 161 161 100 49 162 162 98 49 163 163 99 49 164 164 40 50 165 165 99 50 166 166 98 50 167 167 93 51 168 168 98 51 169 169 101 51 170 170 41 52 171 171 100 52 172 172 99 52 173 173 1 10 243 243 3 10 244 244 5 10 245 245 1 75 246 246 6 75 247 247 7 75 248 248 11 76 249 249 0 76 250 250 5 76 251 251 52 77 252 252 9 77 253 253 7 77 254 254 15 24 255 255 7 24 256 256 6 24 257 257 6 78 258 258 1 78 259 259 13 78 260 260 18 18 261 261 16 18 262 262 17 18 263 263 21 79 264 264 20 79 265 265 22 79 266 266 27 80 267 267 28 80 268 268 22 80 269 269 23 21 270 270 22 21 271 271 28 21 272 272 16 81 273 273 18 81 274 274 26 81 275 275 26 82 276 276 18 82 277 277 19 82 278 278 31 83 279 279 30 83 280 280 32 83 281 281 36 24 282 282 34 24 283 283 35 24 284 284 44 84 285 285 9 84 286 286 52 84 287 287 7 85 288 288 9 85 289 289 47 85 290 290 48 86 291 291 6 86 292 292 7 86 293 293 49 87 294 294 48 87 295 295 46 87 296 296 46 88 297 297 47 88 298 298 51 88 299 299 55 89 300 300 56 89 301 301 57 89 302 302 59 89 303 303 60 89 304 304 61 89 305 305 63 90 306 306 62 90 307 307 65 90 308 308 66 91 309 309 68 91 310 310 69 91 311 311 74 92 312 312 76 92 313 313 77 92 314 314 70 36 315 315 72 36 316 316 73 36 317 317 72 93 318 318 92 93 319 319 96 93 320 320 84 38 321 321 81 5 322 322 82 39 323 323 85 40 324 324 82 39 325 325 80 7 326 326 88 94 327 327 91 94 328 328 86 94 329 329 8 95 330 330 95 95 331 331 96 95 332 332 3 96 333 333 2 96 334 334 4 96 335 335 42 97 336 336 93 97 337 337 101 97 338 338 95 98 339 339 94 98 340 340 41 98 341 341 94 24 342 342 97 24 343 343 42 24 344 344 97 99 345 345 96 99 346 346 93 99 347 347 95 24 348 348 40 24 349 349 93 24 350 350 100 100 351 351 101 100 352 352 98 100 353 353 40 101 354 354 41 101 355 355 99 101 356 356 93 51 357 357 40 51 358 358 98 51 359 359 41 102 360 360 42 102 361 361 100 102 362 362</p>
        </triangles>
        <triangles material="clutter_commercial-material" count="40">
          <input semantic="VERTEX" source="#Plane_064-mesh-vertices" offset="0"/>
          <input semantic="NORMAL" source="#Plane_064-mesh-normals" offset="1"/>
          <input semantic="TEXCOORD" source="#Plane_064-mesh-map-0" offset="2" set="0"/>
          <input semantic="TEXCOORD" source="#Plane_064-mesh-map-1" offset="2" set="1"/>
          <input semantic="TEXCOORD" source="#Plane_064-mesh-map-2" offset="2" set="2"/>
          <input semantic="COLOR" source="#Plane_064-mesh-colors-Col" offset="3" set="0"/>
          <p>192 53 432 174 193 53 433 174 194 53 434 174 192 53 432 174 194 53 434 174 195 53 435 174 196 53 436 174 197 53 437 174 198 53 438 174 196 53 436 174 198 53 438 174 199 53 439 174 200 53 440 174 201 53 441 174 202 53 442 174 200 53 440 174 202 53 442 174 203 53 443 174 204 53 444 174 205 53 445 174 206 53 446 174 204 53 444 174 206 53 446 174 207 53 447 174 208 53 448 174 209 53 449 174 210 53 450 174 208 53 448 174 210 53 450 174 211 53 451 174 212 53 452 174 213 53 453 174 214 53 454 174 212 53 452 174 214 53 454 174 215 53 455 174 216 53 456 174 217 53 457 174 218 53 458 174 216 53 456 174 218 53 458 174 219 53 459 174 220 53 460 174 221 53 461 174 222 53 462 174 220 53 460 174 222 53 462 174 223 53 463 174 224 53 464 174 225 53 465 174 226 53 466 174 224 53 464 174 226 53 466 174 227 53 467 174 228 53 468 174 229 53 469 174 230 53 470 174 228 53 468 174 230 53 470 174 231 53 471 174 232 63 472 204 233 63 473 204 234 63 474 204 232 63 472 204 234 63 474 204 235 63 475 204 236 63 476 204 237 63 477 204 238 63 478 204 236 63 476 204 238 63 478 204 239 63 479 204 240 63 480 204 241 63 481 204 242 63 482 204 240 63 480 204 242 63 482 204 243 63 483 204 244 63 484 204 245 63 485 204 246 63 486 204 244 63 484 204 246 63 486 204 247 63 487 204 248 63 488 204 249 63 489 204 250 63 490 204 248 63 488 204 250 63 490 204 251 63 491 204 252 63 492 204 253 63 493 204 254 63 494 204 252 63 492 204 254 63 494 204 255 63 495 204 256 63 496 204 257 63 497 204 258 63 498 204 256 63 496 204 258 63 498 204 259 63 499 204 260 63 500 204 261 63 501 204 262 63 502 204 260 63 500 204 262 63 502 204 263 63 503 204 264 63 504 204 265 63 505 204 266 63 506 204 264 63 504 204 266 63 506 204 267 63 507 204 268 63 508 204 269 63 509 204 270 63 510 204 268 63 508 204 270 63 510 204 271 63 511 204</p>
        </triangles>
        <triangles material="balustrades-material" count="6">
          <input semantic="VERTEX" source="#Plane_064-mesh-vertices" offset="0"/>
          <input semantic="NORMAL" source="#Plane_064-mesh-normals" offset="1"/>
          <input semantic="TEXCOORD" source="#Plane_064-mesh-map-0" offset="2" set="0"/>
          <input semantic="TEXCOORD" source="#Plane_064-mesh-map-1" offset="2" set="1"/>
          <input semantic="TEXCOORD" source="#Plane_064-mesh-map-2" offset="2" set="2"/>
          <input semantic="COLOR" source="#Plane_064-mesh-colors-Col" offset="3" set="0"/>
          <p>186 73 234 234 188 73 235 235 184 73 236 236 185 10 237 237 187 10 238 238 188 10 239 239 183 74 240 240 189 74 241 241 190 74 242 242 186 73 423 423 185 73 424 424 188 73 425 425 185 10 426 426 182 10 427 427 187 10 428 428 183 123 429 429 191 123 430 430 189 123 431 431</p>
        </triangles>
      </mesh>
    </geometry>
    <geometry id="Plane_063-mesh" name="Plane.063">
      <mesh>
        <source id="Plane_063-mesh-positions">
          <float_array id="Plane_063-mesh-positions-array" count="306">-723.9265 115.07 118.9484 -723.9265 115.07 118.4484 -725.6571 120.702 118.4484 -721.9758 117.0207 118.4484 -725.6571 120.702 118.9484 -721.9758 117.0207 118.9484 -723.9265 115.07 119.4484 -732.0106 106.9857 119.4484 -733.7939 105.2024 118.4484 -732.0106 106.9857 122.4484 -733.7939 105.2024 122.4484 -727.6046 118.7482 118.9484 -725.6539 120.6989 118.9484 -724.1795 115.3231 118.4484 -724.1795 115.3231 119.4484 -732.2637 107.2387 119.4484 -733.7939 105.2024 122.4484 -721.9758 117.0207 122.4484 -732.3796 103.7882 122.4484 -719.1475 117.0207 122.4484 -727.7577 122.7831 122.4484 -721.9856 117.011 122.4484 -726.3338 124.2071 122.4484 -719.1475 117.0207 122.4484 -733.7939 105.2024 122.8484 -719.1475 117.0207 122.8484 -732.3796 103.7882 122.8484 -727.7479 122.7929 122.8484 -726.3338 124.2071 122.8484 -719.1475 117.0207 122.8484 -733.7939 105.2024 122.8484 -721.9758 117.0207 122.8484 -732.3796 103.7882 122.8484 -719.1475 117.0207 122.8484 -727.7479 122.7929 122.8484 -721.9758 117.0207 122.8484 -726.3338 124.2071 122.8484 -719.1475 117.0207 122.8484 -733.794 105.2024 122.8484 -727.7479 122.7929 122.8484 -733.8037 105.684 125.0984 -722.4673 117.0207 125.0984 -727.7479 122.3015 125.0984 -724.184 115.3186 122.4484 -723.9308 115.0655 122.4484 -724.1838 115.3186 122.4484 -731.8472 106.7636 119.3668 -731.8765 106.7343 122.4484 -723.7338 114.8773 119.4076 -723.933 115.0765 119.326 -732.1162 106.9155 119.326 -732.1162 106.9155 122.4484 -732.2637 107.2387 122.4484 -724.184 115.3186 119.4484 -729.5077 109.8996 122.4002 -732.1971 107.2102 122.4002 -732.1971 107.2102 119.4046 -729.5077 109.8996 119.4046 -727.112 112.1915 122.4002 -729.8013 109.5022 122.4002 -729.8013 109.5022 119.4046 -727.112 112.1915 119.4046 -727.1829 112.1269 122.4002 -724.4935 114.8162 122.4002 -724.4935 114.8162 119.4046 -727.1829 112.1269 119.4046 -724.184 115.3186 118.9254 -724.184 115.3186 122.4484 -727.604 118.7388 118.9254 -727.604 118.7388 122.4484 -725.6588 120.6842 118.9254 -725.6588 120.6842 122.4484 -727.7577 122.7831 118.9254 -727.7577 122.7831 122.4484 -727.604 118.7388 118.9254 -727.604 118.7388 122.4484 -725.6588 120.6841 118.9254 -725.6588 120.6842 122.4484 -723.9308 115.0655 122.4484 -721.9855 117.0108 122.4484 -721.9758 117.0967 118.5176 -722.049 116.9954 118.5176 -721.8981 117.0103 118.5176 -722.049 117.0461 125.1789 -721.9758 116.9447 125.1789 -721.8981 117.031 125.1789 -726.0043 112.8944 123.1725 -729.6395 109.2602 123.0325 -729.6754 109.2229 124.9309 -726.0415 112.8585 125.071 -725.911 112.728 125.071 -729.509 109.1297 123.0325 -739.8014 110.7394 118.4484 -739.2998 110.7496 125.0984 -721.9759 117.0207 125.0984 -733.7939 105.2024 125.0984 -739.8014 110.7394 125.0984 -727.7479 122.7929 125.0984 -733.8037 105.684 124.21 -722.4673 117.0207 124.21 -727.7479 122.3015 124.21 -739.2998 110.7496 124.21</float_array>
          <technique_common>
            <accessor source="#Plane_063-mesh-positions-array" count="102" stride="3">
              <param name="X" type="float"/>
              <param name="Y" type="float"/>
              <param name="Z" type="float"/>
            </accessor>
          </technique_common>
        </source>
        <source id="Plane_063-mesh-normals">
          <float_array id="Plane_063-mesh-normals-array" count="243">0.7071035 0.7071101 1.32923e-5 0.7071109 -0.7071027 -3.505e-5 0.7071139 -0.7070997 0 4.27093e-6 0 -1 -2.13538e-6 0 -1 -0.8674002 -0.4973651 -0.01565045 -0.8671229 0.497848 0.01566255 -0.05274933 0.9985952 -0.005041837 0.01931589 0.01926761 -0.9996278 -0.01923477 -0.01925086 0.9996297 0.7071068 -0.7071068 0 0.7071166 -0.7070969 -4.37381e-5 -4.25342e-6 0 1 0.707095 -0.7071186 0 0.7071169 -0.7070968 0 0.7070926 0.707121 3.55266e-6 2.79745e-6 0 1 0.7071068 0.7071068 0 0 0 -1 -0.7071068 0.7071068 -3.78861e-5 0 1 0 0.7071143 0.7070993 0 -0.7071641 -0.7070496 0 0.7071082 -0.7071055 0 0 0 1 0.7071101 -0.7071036 2.59688e-5 0.7071201 0.7070935 0 0.8077705 0.5893477 0.01326924 0.2000757 -0.204892 0.9581175 0.09594929 -0.09620541 -0.9907261 -0.491567 -0.8708398 0 0.7070907 -0.7071229 0 0.7071122 -0.7071015 0 0.7071042 -0.7071095 0 0.7071319 0.7070817 0 0.7071179 -0.7070958 0 0.7071272 0.7070864 0 -0.7071033 0.7071103 -2.32016e-6 -0.05312073 -0.9985754 0.005042612 0.9330626 -0.3595236 -0.01170611 0.9333193 0.3588568 0.01170217 0.6801574 -0.7266045 -0.09711837 0.7071315 0.707082 1.69645e-4 -0.677724 -0.7353164 0 0.7069261 0.7067627 0.02723759 -0.7065836 -0.7071061 -0.02721858 0.707111 -0.7071026 0 -4.70411e-5 0 1 -1.09173e-6 0 1 2.0391e-6 0 1 -0.7071197 0.707094 0 0.6777218 0.7353185 0 -0.7071252 -0.7070884 0 0.7071174 -0.7070961 0 -2.1267e-6 0 1 0.7070713 0.7071424 0 0.7072774 0.7069361 0 3.7129e-6 0 -1 -0.7071068 0.7071068 0 -0.7070687 -0.707145 0 0.707119 -0.7070946 0 7.30365e-6 0 1 1.39922e-5 0 -1 0.8822521 0.4707773 0 0.1047407 -0.1047044 0.9889724 0.19916 -0.1943454 -0.9605026 -0.602932 -0.7976816 -0.01330399 0.7071095 -0.7071041 0 0.7071015 -0.7071122 0 0.7071176 0.707096 0 0.7071419 -0.7070717 1.17662e-5 -0.7071101 0.7071036 0 0.7266615 -0.680102 0.09707927 -0.6777228 -0.7353175 0 0.7071186 0.7070951 0 0.7071026 -0.707111 0 -7.62381e-6 0 1 5.23251e-7 0 1 -2.00104e-6 0 1 -0.7071111 0.7071025 0 -0.7071068 -0.7071068 0</float_array>
          <technique_common>
            <accessor source="#Plane_063-mesh-normals-array" count="81" stride="3">
              <param name="X" type="float"/>
              <param name="Y" type="float"/>
              <param name="Z" type="float"/>
            </accessor>
          </technique_common>
        </source>
        <source id="Plane_063-mesh-map-0">
          <float_array id="Plane_063-mesh-map-0-array" count="588">0.5713521 0.5222609 0.5713521 0.771896 0.4997105 0.5222626 0.8408079 0.5111222 0.840808 3.22168e-7 0.9124496 1.26062e-6 0.09552341 0.8717026 1.23499e-6 0.8717026 1.26247e-6 0.5222599 0.2609183 0.9102301 0.3485139 0.7513696 0.3485119 0.9102284 0.2609183 0.9102301 0.2609183 0.7513694 0.3485139 0.7513696 0.2556005 0.7259718 0.2567422 0.5222589 0.2595282 0.7259718 0.6781036 0.8284273 0.6781036 0.6711284 0.683973 0.671328 0.4905754 0.6576576 0.4964467 0.5005602 0.4964467 0.6578598 0.6771053 0.6711299 0.6611849 0.7554945 0.6611849 0.6711299 0.839811 0.4267585 0.8079702 0.07712548 0.839811 3.2208e-7 0.6601862 0.6711317 0.5723503 0.8302064 0.5723497 0.6711317 0.8079702 0.07712548 0.7124481 3.12846e-7 0.839811 3.2208e-7 0.8079702 0.07712548 0.7124481 0.07712548 0.7124481 3.12846e-7 0.4736586 0.6607294 0.4850547 0.7524742 0.4736586 0.7524744 0.7056035 0.8718964 0.6942113 0.5222623 0.7056035 0.5222603 0.8522002 0.7790007 0.840806 0.8095824 0.840806 0.7790007 0.7761284 1 0.71245 0.4888758 0.7761284 0.4277147 0.1606404 0.5834212 0.09652107 0.8330507 0.09652107 0.5222604 0.4564548 0.8125327 0.469191 0.7513703 0.469191 0.8129555 0.2263173 0.8131944 0.2263316 0.7516615 0.2390534 0.8131944 0.9771279 0.5732426 0.9643918 0.8840391 0.9643918 0.5732426 0.2400501 0.812782 0.2527863 0.7516596 0.2527863 0.8127819 0.978125 3.32102e-7 0.9908611 0.5722846 0.978125 0.5722846 0.977129 0.06116235 0.913447 0.5722844 0.913447 0 0.1616403 0.5222578 0.2253204 0.7718973 0.1616382 0.8330594 0.9895175 0.5732442 0.9781234 0.9226895 0.9781214 0.5732448 0.9124496 0.5111231 0.8408079 0.5111222 0.9124496 1.26062e-6 0.5713521 0.771896 0.4997105 0.7718958 0.4997105 0.5222626 0.4850547 0.7524742 0.4937165 0.6607286 0.4937244 0.7549694 0.685529 0.5222619 0.6942073 0.8718975 0.685521 0.8731659 0.9905154 0.5732542 1 0.9241451 0.9905154 0.9266899 0.4458909 0.8456111 0.4554582 0.7513703 0.4554582 0.8468586 0.47597 0.7728517 0.5713523 0.8891633 0.47597 0.8891633 0.09552341 0.5222609 0.09552341 0.8717026 1.26247e-6 0.5222599 0.5723493 0.8311638 0.6677315 0.9474735 0.5723493 0.9474735 0.3495118 0.8676829 0.444894 0.7513703 0.444894 0.8676829 0.6845226 0.52226 0.5723493 0.6701733 0.5723493 0.52226 0.9284049 0.7780434 0.84081 0.6703058 0.9284049 0.6703058 0.2561466 0.9417565 0.1616368 0.8340188 0.2561466 0.8340188 0.6962612 4.23087e-4 0.4997102 0.5213015 0.4997102 2.97435e-7 0.8393836 0.6324031 0.8356902 0.8361088 0.8356902 0.6323953 0.8394471 0.4277243 0.8357527 0.63143 0.8356944 0.4277157 0.7094028 0.7259714 0.7065984 0.5222587 0.7105008 0.5222587 0.9012785 0.6693471 0.8408083 0.5120913 0.9012784 0.512079 0.4983799 0.6607273 0.4983799 0.6696956 0.4947174 0.668385 0.4726593 0.7504113 0.2609186 0.5005595 0.4726593 0.5005597 0.4895768 0.5005618 0.4736564 0.6597716 0.4736564 0.5005618 0.2596316 0.809988 0.253784 0.7522025 0.2596316 0.7516603 0.6670553 0.756452 0.6670553 0.8145096 0.6611824 0.8145125 0.7771243 0.9273204 0.8054108 0.427716 0.8054108 0.9273204 0 0.5111316 0.01106202 0.01063442 0.01106345 0.5009281 0 7.43054e-6 0.2488501 0.0106287 0.01106202 0.01063442 0.2599155 3.17244e-7 0.2488583 0.510232 0.2488501 0.0106287 0 0.5111316 0.2488583 0.510232 0.259921 0.5213016 0.4987125 9.15552e-7 0.2609178 0.4902966 0.2609245 3.00907e-6 0.8064082 0.9180081 0.8346947 0.427716 0.8346947 0.9180081 0.2546036 0.5222598 0.2263171 0.7507041 0.2263171 0.52226 0.9576876 0.6703057 0.9294012 0.8985353 0.9294012 0.6703059 0.6771053 0.6711299 0.6771053 0.7554945 0.6611849 0.7554945 0.839811 0.4267585 0.8079702 0.4267585 0.8079702 0.07712548 0.6601862 0.6711317 0.6601886 0.8302063 0.5723503 0.8302064 0.4736586 0.6607294 0.4850528 0.6607292 0.4850547 0.7524742 0.7056035 0.8718964 0.6942073 0.8718975 0.6942113 0.5222623 0.8522002 0.7790007 0.8522002 0.8095824 0.840806 0.8095824 0.7761284 1 0.7124487 0.9999995 0.71245 0.4888758 0.1606404 0.5834212 0.1606422 0.8330497 0.09652107 0.8330507 0.4564548 0.8125327 0.4564548 0.7513703 0.469191 0.7513703 0.9771279 0.5732426 0.9771279 0.8840391 0.9643918 0.8840391 0.2400501 0.812782 0.2400501 0.7516598 0.2527863 0.7516596 0.978125 3.32102e-7 0.9908611 3.33034e-7 0.9908611 0.5722846 0.977129 0.06116235 0.9771274 0.5722856 0.913447 0.5722844 0.1616403 0.5222578 0.2253205 0.5222577 0.2253204 0.7718973 0.9895175 0.5732442 0.9895175 0.9226898 0.9781234 0.9226895 0.4850547 0.7524742 0.4850528 0.6607292 0.4937165 0.6607286 0.685529 0.5222619 0.6942113 0.5222623 0.6942073 0.8718975 0.9905154 0.5732542 0.9995086 0.5732432 1 0.9241451 0.4458909 0.8456111 0.4459375 0.7513703 0.4554582 0.7513703 0.47597 0.7728517 0.5713523 0.7728517 0.5713523 0.8891633 0.5723493 0.8311638 0.6677315 0.8311638 0.6677315 0.9474735 0.3495118 0.8676829 0.3495118 0.7513703 0.444894 0.7513703 0.6845226 0.52226 0.6845225 0.6701733 0.5723493 0.6701733 0.9284049 0.7780434 0.8408089 0.7780434 0.84081 0.6703058 0.2561466 0.9417565 0.1616368 0.9417565 0.1616368 0.8340188 0.6962612 4.23087e-4 0.7114508 0.5213015 0.4997102 0.5213015 0.8393836 0.6324031 0.8394293 0.8361166 0.8356902 0.8361088 0.8394471 0.4277243 0.8394471 0.6314377 0.8357527 0.63143 0.9012785 0.6693471 0.8408083 0.669337 0.8408083 0.5120913 0.4726593 0.7504113 0.2609186 0.7504111 0.2609186 0.5005595 0.4895768 0.5005618 0.4895768 0.6597716 0.4736564 0.6597716 0.7771243 0.9273204 0.7771244 0.427716 0.8054108 0.427716 0 0.5111316 0 7.43054e-6 0.01106202 0.01063442 0 7.43054e-6 0.2599155 3.17244e-7 0.2488501 0.0106287 0.2599155 3.17244e-7 0.259921 0.5213016 0.2488583 0.510232 0 0.5111316 0.01106345 0.5009281 0.2488583 0.510232 0.4987125 9.15552e-7 0.4987125 0.4996042 0.2609178 0.4902966 0.8064082 0.9180081 0.8064082 0.427716 0.8346947 0.427716 0.2546036 0.5222598 0.2546036 0.7507038 0.2263171 0.7507041 0.9576876 0.6703057 0.9576876 0.8985351 0.9294012 0.8985353</float_array>
          <technique_common>
            <accessor source="#Plane_063-mesh-map-0-array" count="294" stride="2">
              <param name="S" type="float"/>
              <param name="T" type="float"/>
            </accessor>
          </technique_common>
        </source>
        <source id="Plane_063-mesh-colors-Col" name="Col">
          <float_array id="Plane_063-mesh-colors-Col-array" count="1176">0.6 0.5960785 0.509804 1 0.6 0.5960785 0.509804 1 0.6 0.5960785 0.509804 1 1 1 1 1 1 1 1 1 1 1 1 1 1 1 1 1 1 1 1 1 1 1 1 1 1 1 1 1 1 1 1 1 1 1 1 1 1 1 1 1 1 1 1 1 1 1 1 1 0.5803922 0.5450981 0.5490196 1 0.5803922 0.5450981 0.5490196 1 0.5803922 0.5450981 0.5490196 1 1 0.9372549 0.9490196 1 1 0.9372549 0.9490196 1 1 0.9372549 0.9490196 1 1 0.9372549 0.9490196 1 1 0.9372549 0.9490196 1 1 0.9372549 0.9490196 1 0.5803922 0.5450981 0.5490196 1 0.5803922 0.5450981 0.5490196 1 0.5803922 0.5450981 0.5490196 1 0.5294118 0.5019608 0.5058824 1 0.5294118 0.5019608 0.5058824 1 0.5294118 0.5019608 0.5058824 1 1 1 1 1 1 1 1 1 1 1 1 1 0.5294118 0.5019608 0.5058824 1 0.5294118 0.5019608 0.5058824 1 0.5294118 0.5019608 0.5058824 1 0.5294118 0.5019608 0.5058824 1 0.5294118 0.5019608 0.5058824 1 0.5294118 0.5019608 0.5058824 1 0.5294118 0.5019608 0.5058824 1 0.5294118 0.5019608 0.5058824 1 0.5294118 0.5019608 0.5058824 1 0.5294118 0.5019608 0.5058824 1 0.5294118 0.5019608 0.5058824 1 0.5294118 0.5019608 0.5058824 1 0.5294118 0.5019608 0.5058824 1 0.5294118 0.5019608 0.5058824 1 0.5294118 0.5019608 0.5058824 1 1 1 1 1 1 1 1 1 1 1 1 1 1 1 1 1 1 1 1 1 1 1 1 1 1 1 1 1 1 1 1 1 1 1 1 1 1 1 1 1 1 1 1 1 1 1 1 1 0.6 0.5960785 0.509804 1 0.6 0.5960785 0.509804 1 0.6 0.5960785 0.509804 1 0.6 0.5960785 0.509804 1 0.6 0.5960785 0.509804 1 0.6 0.5960785 0.509804 1 0.6 0.5960785 0.509804 1 0.6 0.5960785 0.509804 1 0.6 0.5960785 0.509804 1 0.6 0.5960785 0.509804 1 0.6 0.5960785 0.509804 1 0.6 0.5960785 0.509804 1 0.6 0.5960785 0.509804 1 0.6 0.5960785 0.509804 1 0.6 0.5960785 0.509804 1 1 1 1 1 1 1 1 1 1 1 1 1 0.6 0.5960785 0.509804 1 0.6 0.5960785 0.509804 1 0.6 0.5960785 0.509804 1 1 1 1 1 1 1 1 1 1 1 1 1 0.8392157 0.7450981 0.6705883 1 0.8392157 0.7450981 0.6705883 1 0.8392157 0.7450981 0.6705883 1 0.8392157 0.7450981 0.6705883 1 0.8392157 0.7450981 0.6705883 1 0.8392157 0.7450981 0.6705883 1 0.8392157 0.7450981 0.6705883 1 0.8392157 0.7450981 0.6705883 1 0.8392157 0.7450981 0.6705883 1 0.8392157 0.7450981 0.6705883 1 0.8392157 0.7450981 0.6705883 1 0.8392157 0.7450981 0.6705883 1 1 0.9372549 0.9490196 1 1 0.9372549 0.9490196 1 1 0.9372549 0.9490196 1 1 1 1 1 1 1 1 1 1 1 1 1 1 0.9372549 0.9490196 1 1 0.9372549 0.9490196 1 1 0.9372549 0.9490196 1 1 0.9372549 0.9490196 1 1 0.9372549 0.9490196 1 1 0.9372549 0.9490196 1 1 1 1 1 1 1 1 1 1 1 1 1 0.5803922 0.5450981 0.5490196 1 0.5803922 0.5450981 0.5490196 1 0.5803922 0.5450981 0.5490196 1 0.5803922 0.5450981 0.5490196 1 0.5803922 0.5450981 0.5490196 1 0.5803922 0.5450981 0.5490196 1 1 1 1 1 1 1 1 1 1 1 1 1 0.5803922 0.5450981 0.5490196 1 0.5803922 0.5450981 0.5490196 1 0.5803922 0.5450981 0.5490196 1 0.5803922 0.5450981 0.5490196 1 0.5803922 0.5450981 0.5490196 1 0.5803922 0.5450981 0.5490196 1 0.5803922 0.5450981 0.5490196 1 0.5803922 0.5450981 0.5490196 1 0.5803922 0.5450981 0.5490196 1 1 0.9372549 0.9490196 1 1 0.9372549 0.9490196 1 1 0.9372549 0.9490196 1 0.8392157 0.7450981 0.6705883 1 0.8392157 0.7450981 0.6705883 1 0.8392157 0.7450981 0.6705883 1 0.5294118 0.5019608 0.5058824 1 0.5294118 0.5019608 0.5058824 1 0.5294118 0.5019608 0.5058824 1 0.5803922 0.5450981 0.5490196 1 0.5803922 0.5450981 0.5490196 1 0.5803922 0.5450981 0.5490196 1 1 0.9372549 0.9490196 1 1 0.9372549 0.9490196 1 1 0.9372549 0.9490196 1 1 0.9372549 0.9490196 1 1 0.9372549 0.9490196 1 1 0.9372549 0.9490196 1 0.9960784 0.9960784 0.9960784 0.9960784 0.9960784 0.9960784 0.9960784 0.9960784 0.9960784 0.9960784 0.9960784 0.9960784 1 1 1 1 0.9960784 0.9960784 0.9960784 0.9960784 1 1 1 1 1 1 1 1 0.9960784 0.9960784 0.9960784 0.9960784 0.9960784 0.9960784 0.9960784 0.9960784 1 1 1 1 0.9960784 0.9960784 0.9960784 0.9960784 0.9960784 0.9960784 0.9960784 0.9960784 1 1 1 1 0.9960784 0.9960784 0.9960784 0.9960784 1 1 1 1 0.9960784 0.9960784 0.9960784 0.9960784 1 1 1 1 0.9960784 0.9960784 0.9960784 0.9960784 1 1 1 1 0.9960784 0.9960784 0.9960784 0.9960784 1 1 1 1 0.9960784 0.9960784 0.9960784 0.9960784 1 1 1 1 0.9960784 0.9960784 0.9960784 0.9960784 0.9960784 0.9960784 0.9960784 0.9960784 0.9960784 0.9960784 0.9960784 0.9960784 0.9960784 0.9960784 0.9960784 0.9960784 0.5803922 0.5450981 0.5490196 1 0.5803922 0.5450981 0.5490196 1 0.5803922 0.5450981 0.5490196 1 0.5294118 0.5019608 0.5058824 1 0.5294118 0.5019608 0.5058824 1 0.5294118 0.5019608 0.5058824 1 1 1 1 1 1 1 1 1 1 1 1 1 0.5294118 0.5019608 0.5058824 1 0.5294118 0.5019608 0.5058824 1 0.5294118 0.5019608 0.5058824 1 0.5294118 0.5019608 0.5058824 1 0.5294118 0.5019608 0.5058824 1 0.5294118 0.5019608 0.5058824 1 0.5294118 0.5019608 0.5058824 1 0.5294118 0.5019608 0.5058824 1 0.5294118 0.5019608 0.5058824 1 1 1 1 1 1 1 1 1 1 1 1 1 1 1 1 1 1 1 1 1 1 1 1 1 1 1 1 1 1 1 1 1 1 1 1 1 0.6 0.5960785 0.509804 1 0.6 0.5960785 0.509804 1 0.6 0.5960785 0.509804 1 0.6 0.5960785 0.509804 1 0.6 0.5960785 0.509804 1 0.6 0.5960785 0.509804 1 0.6 0.5960785 0.509804 1 0.6 0.5960785 0.509804 1 0.6 0.5960785 0.509804 1 0.6 0.5960785 0.509804 1 0.6 0.5960785 0.509804 1 0.6 0.5960785 0.509804 1 0.6 0.5960785 0.509804 1 0.6 0.5960785 0.509804 1 0.6 0.5960785 0.509804 1 1 1 1 1 1 1 1 1 1 1 1 1 0.8392157 0.7450981 0.6705883 1 0.8392157 0.7450981 0.6705883 1 0.8392157 0.7450981 0.6705883 1 0.8392157 0.7450981 0.6705883 1 0.8392157 0.7450981 0.6705883 1 0.8392157 0.7450981 0.6705883 1 0.8392157 0.7450981 0.6705883 1 0.8392157 0.7450981 0.6705883 1 0.8392157 0.7450981 0.6705883 1 0.8392157 0.7450981 0.6705883 1 0.8392157 0.7450981 0.6705883 1 0.8392157 0.7450981 0.6705883 1 1 0.9372549 0.9490196 1 1 0.9372549 0.9490196 1 1 0.9372549 0.9490196 1 1 0.9372549 0.9490196 1 1 0.9372549 0.9490196 1 1 0.9372549 0.9490196 1 1 0.9372549 0.9490196 1 1 0.9372549 0.9490196 1 1 0.9372549 0.9490196 1 1 1 1 1 1 1 1 1 1 1 1 1 0.5803922 0.5450981 0.5490196 1 0.5803922 0.5450981 0.5490196 1 0.5803922 0.5450981 0.5490196 1 0.5803922 0.5450981 0.5490196 1 0.5803922 0.5450981 0.5490196 1 0.5803922 0.5450981 0.5490196 1 1 1 1 1 1 1 1 1 1 1 1 1 0.5803922 0.5450981 0.5490196 1 0.5803922 0.5450981 0.5490196 1 0.5803922 0.5450981 0.5490196 1 0.5803922 0.5450981 0.5490196 1 0.5803922 0.5450981 0.5490196 1 0.5803922 0.5450981 0.5490196 1 1 0.9372549 0.9490196 1 1 0.9372549 0.9490196 1 1 0.9372549 0.9490196 1 0.5294118 0.5019608 0.5058824 1 0.5294118 0.5019608 0.5058824 1 0.5294118 0.5019608 0.5058824 1 0.5803922 0.5450981 0.5490196 1 0.5803922 0.5450981 0.5490196 1 0.5803922 0.5450981 0.5490196 1 0.9960784 0.9960784 0.9960784 0.9960784 0.9960784 0.9960784 0.9960784 0.9960784 0.9960784 0.9960784 0.9960784 0.9960784 1 1 1 1 1 1 1 1 0.9960784 0.9960784 0.9960784 0.9960784 1 1 1 1 1 1 1 1 0.9960784 0.9960784 0.9960784 0.9960784 1 1 1 1 1 1 1 1 0.9960784 0.9960784 0.9960784 0.9960784 1 1 1 1 1 1 1 1 0.9960784 0.9960784 0.9960784 0.9960784 0.9960784 0.9960784 0.9960784 0.9960784 0.9960784 0.9960784 0.9960784 0.9960784 1 1 1 1 1 1 1 1 0.9960784 0.9960784 0.9960784 0.9960784 0.9960784 0.9960784 0.9960784 0.9960784 0.9960784 0.9960784 0.9960784 0.9960784 1 1 1 1 1 1 1 1 0.9960784 0.9960784 0.9960784 0.9960784 0.9960784 0.9960784 0.9960784 0.9960784 0.9960784 0.9960784 0.9960784 0.9960784</float_array>
          <technique_common>
            <accessor source="#Plane_063-mesh-colors-Col-array" count="294" stride="4">
              <param name="R" type="float"/>
              <param name="G" type="float"/>
              <param name="B" type="float"/>
              <param name="A" type="float"/>
            </accessor>
          </technique_common>
        </source>
        <vertices id="Plane_063-mesh-vertices">
          <input semantic="POSITION" source="#Plane_063-mesh-positions"/>
        </vertices>
        <triangles material="m_bld_laundomat_001_LOD-material" count="98">
          <input semantic="VERTEX" source="#Plane_063-mesh-vertices" offset="0"/>
          <input semantic="NORMAL" source="#Plane_063-mesh-normals" offset="1"/>
          <input semantic="TEXCOORD" source="#Plane_063-mesh-map-0" offset="2" set="0"/>
          <input semantic="COLOR" source="#Plane_063-mesh-colors-Col" offset="3" set="0"/>
          <p>31 0 0 0 39 0 1 1 94 0 2 2 94 1 3 3 95 1 4 4 38 1 5 5 53 2 6 6 43 2 7 7 52 2 8 8 77 3 9 9 78 3 10 10 75 3 11 11 77 4 12 12 79 4 13 13 78 4 14 14 81 5 15 15 83 6 16 16 80 7 17 17 86 8 18 18 91 8 19 19 87 8 20 20 89 9 21 21 88 9 22 22 90 9 23 23 1 10 24 24 5 10 25 25 0 10 26 26 1 11 27 27 7 11 28 28 8 11 29 29 11 12 30 30 5 12 31 31 12 12 32 32 7 13 33 33 10 13 34 34 8 13 35 35 7 14 36 36 9 14 37 37 10 14 38 38 52 15 39 39 7 15 40 40 15 15 41 41 15 16 42 42 6 16 43 43 14 16 44 44 6 17 45 45 13 17 46 46 14 17 47 47 18 18 48 48 17 18 49 49 19 18 50 50 21 18 51 51 22 18 52 52 23 18 53 53 27 19 54 54 22 19 55 55 20 19 56 56 19 20 57 57 17 20 58 58 25 20 59 59 23 21 60 60 28 21 61 61 29 21 62 62 16 22 63 63 26 22 64 64 24 22 65 65 26 23 66 66 19 23 67 67 25 23 68 68 31 24 69 69 32 24 70 70 33 24 71 71 36 24 72 72 35 24 73 73 37 24 74 74 44 18 75 75 52 18 76 76 45 18 77 77 31 25 78 78 94 25 79 79 38 25 80 80 39 26 81 81 97 26 82 82 94 26 83 83 7 27 84 84 47 27 85 85 46 27 86 86 48 28 87 87 7 28 88 88 46 28 89 89 49 29 90 90 46 29 91 91 50 29 92 92 46 30 93 93 51 30 94 94 50 30 95 95 55 31 96 96 57 31 97 97 54 31 98 98 15 2 99 99 53 2 100 100 52 2 101 101 59 32 102 102 61 32 103 103 58 32 104 104 63 33 105 105 65 33 106 106 64 33 107 107 66 34 108 108 69 34 109 109 67 34 110 110 74 35 111 111 77 35 112 112 75 35 113 113 70 36 114 114 73 36 115 115 71 36 116 116 72 37 117 117 96 37 118 118 97 37 119 119 84 38 120 120 82 39 121 121 85 40 122 122 85 40 123 123 80 7 124 124 83 6 125 125 81 5 126 126 84 38 127 127 83 6 128 128 88 41 129 129 86 41 130 130 90 41 131 131 48 42 132 132 49 42 133 133 6 42 134 134 8 43 135 135 96 43 136 136 92 43 137 137 3 17 138 138 4 17 139 139 5 17 140 140 86 44 141 141 89 44 142 142 90 44 143 143 88 45 144 144 87 45 145 145 91 45 146 146 42 46 147 147 101 46 148 148 100 46 149 149 95 24 150 150 41 24 151 151 40 24 152 152 94 47 153 153 42 47 154 154 41 47 155 155 97 24 156 156 93 24 157 157 42 24 158 158 95 48 159 159 93 48 160 160 96 48 161 161 100 49 162 162 98 49 163 163 99 49 164 164 40 50 165 165 99 50 166 166 98 50 167 167 93 51 168 168 98 51 169 169 101 51 170 170 41 52 171 171 100 52 172 172 99 52 173 173 1 10 174 174 3 10 175 175 5 10 176 176 1 53 177 177 6 53 178 178 7 53 179 179 11 54 180 180 0 54 181 181 5 54 182 182 52 55 183 183 9 55 184 184 7 55 185 185 15 24 186 186 7 24 187 187 6 24 188 188 6 56 189 189 1 56 190 190 13 56 191 191 18 18 192 192 16 18 193 193 17 18 194 194 21 57 195 195 20 57 196 196 22 57 197 197 27 58 198 198 28 58 199 199 22 58 200 200 23 21 201 201 22 21 202 202 28 21 203 203 16 59 204 204 18 59 205 205 26 59 206 206 26 60 207 207 18 60 208 208 19 60 209 209 31 61 210 210 30 61 211 211 32 61 212 212 36 24 213 213 34 24 214 214 35 24 215 215 44 62 216 216 9 62 217 217 52 62 218 218 7 63 219 219 9 63 220 220 47 63 221 221 48 64 222 222 6 64 223 223 7 64 224 224 49 65 225 225 48 65 226 226 46 65 227 227 46 66 228 228 47 66 229 229 51 66 230 230 55 67 231 231 56 67 232 232 57 67 233 233 59 67 234 234 60 67 235 235 61 67 236 236 63 68 237 237 62 68 238 238 65 68 239 239 66 69 240 240 68 69 241 241 69 69 242 242 74 70 243 243 76 70 244 244 77 70 245 245 70 36 246 246 72 36 247 247 73 36 248 248 72 71 249 249 92 71 250 250 96 71 251 251 84 38 252 252 81 5 253 253 82 39 254 254 85 40 255 255 82 39 256 256 80 7 257 257 88 72 258 258 91 72 259 259 86 72 260 260 8 73 261 261 95 73 262 262 96 73 263 263 3 74 264 264 2 74 265 265 4 74 266 266 42 75 267 267 93 75 268 268 101 75 269 269 95 76 270 270 94 76 271 271 41 76 272 272 94 24 273 273 97 24 274 274 42 24 275 275 97 77 276 276 96 77 277 277 93 77 278 278 95 24 279 279 40 24 280 280 93 24 281 281 100 78 282 282 101 78 283 283 98 78 284 284 40 79 285 285 41 79 286 286 99 79 287 287 93 51 288 288 40 51 289 289 98 51 290 290 41 80 291 291 42 80 292 292 100 80 293 293</p>
        </triangles>
      </mesh>
    </geometry>
  </library_geometries>
  <library_visual_scenes>
    <visual_scene id="Scene" name="Scene">
      <node id="base00" name="base00" type="NODE">
        <matrix sid="transform">1 0 0 0 0 1 0 0 0 0 1 0 0 0 0 1</matrix>
        <node id="start01" name="start01" type="NODE">
          <matrix sid="transform">1 0 0 0 0 1 0 0 0 0 1 0 0 0 0 1</matrix>
          <node id="s_bld_laundomat_001_L200" name="s_bld_laundomat_001_L200" type="NODE">
            <matrix sid="transform">1 0 0 0 0 1 0 0 0 0 1 0 0 0 0 1</matrix>
            <instance_geometry url="#Plane_063-mesh" name="s_bld_laundomat_001_L200">
              <bind_material>
                <technique_common>
                  <instance_material symbol="m_bld_laundomat_001_LOD-material" target="#m_bld_laundomat_001_LOD-material">
                    <bind_vertex_input semantic="UVMap" input_semantic="TEXCOORD" input_set="0"/>
                  </instance_material>
                </technique_common>
              </bind_material>
            </instance_geometry>
          </node>
          <node id="s_bld_laundomat_001_L400" name="s_bld_laundomat_001_L400" type="NODE">
            <matrix sid="transform">1 0 0 0 0 1 0 0 0 0 1 0 0 0 0 1</matrix>
            <instance_geometry url="#Plane_064-mesh" name="s_bld_laundomat_001_L400">
              <bind_material>
                <technique_common>
                  <instance_material symbol="m_bld_laundomat_001_LOD-material" target="#m_bld_laundomat_001_LOD-material">
                    <bind_vertex_input semantic="UVMap" input_semantic="TEXCOORD" input_set="0"/>
                    <bind_vertex_input semantic="UVMap.001" input_semantic="TEXCOORD" input_set="1"/>
                    <bind_vertex_input semantic="sponsors" input_semantic="TEXCOORD" input_set="2"/>
                  </instance_material>
                  <instance_material symbol="clutter_commercial-material" target="#clutter_commercial-material">
                    <bind_vertex_input semantic="UVMap" input_semantic="TEXCOORD" input_set="0"/>
                    <bind_vertex_input semantic="UVMap.001" input_semantic="TEXCOORD" input_set="1"/>
                    <bind_vertex_input semantic="sponsors" input_semantic="TEXCOORD" input_set="2"/>
                  </instance_material>
                  <instance_material symbol="balustrades-material" target="#balustrades-material">
                    <bind_vertex_input semantic="UVMap" input_semantic="TEXCOORD" input_set="0"/>
                    <bind_vertex_input semantic="UVMap.001" input_semantic="TEXCOORD" input_set="1"/>
                    <bind_vertex_input semantic="sponsors" input_semantic="TEXCOORD" input_set="2"/>
                  </instance_material>
                </technique_common>
              </bind_material>
            </instance_geometry>
          </node>
          <node id="s_bld_laundomat_001_L700" name="s_bld_laundomat_001_L700" type="NODE">
            <matrix sid="transform">1 0 0 0 0 1 0 0 0 0 1 0 0 0 0 1</matrix>
            <instance_geometry url="#Plane_060-mesh" name="s_bld_laundomat_001_L700">
              <bind_material>
                <technique_common>
                  <instance_material symbol="industrial-material" target="#industrial-material">
                    <bind_vertex_input semantic="UVMap" input_semantic="TEXCOORD" input_set="0"/>
                    <bind_vertex_input semantic="UVMap.001" input_semantic="TEXCOORD" input_set="1"/>
                    <bind_vertex_input semantic="sponsors" input_semantic="TEXCOORD" input_set="2"/>
                  </instance_material>
                  <instance_material symbol="windows_doors_reflective-material" target="#windows_doors_reflective-material">
                    <bind_vertex_input semantic="UVMap" input_semantic="TEXCOORD" input_set="0"/>
                    <bind_vertex_input semantic="UVMap.001" input_semantic="TEXCOORD" input_set="1"/>
                    <bind_vertex_input semantic="sponsors" input_semantic="TEXCOORD" input_set="2"/>
                  </instance_material>
                  <instance_material symbol="slabs_large-material" target="#slabs_large-material">
                    <bind_vertex_input semantic="UVMap" input_semantic="TEXCOORD" input_set="0"/>
                    <bind_vertex_input semantic="UVMap.001" input_semantic="TEXCOORD" input_set="1"/>
                    <bind_vertex_input semantic="sponsors" input_semantic="TEXCOORD" input_set="2"/>
                  </instance_material>
                  <instance_material symbol="balustrades-material" target="#balustrades-material">
                    <bind_vertex_input semantic="UVMap" input_semantic="TEXCOORD" input_set="0"/>
                    <bind_vertex_input semantic="UVMap.001" input_semantic="TEXCOORD" input_set="1"/>
                    <bind_vertex_input semantic="sponsors" input_semantic="TEXCOORD" input_set="2"/>
                  </instance_material>
                  <instance_material symbol="brick_painted-material" target="#brick_painted-material">
                    <bind_vertex_input semantic="UVMap" input_semantic="TEXCOORD" input_set="0"/>
                    <bind_vertex_input semantic="UVMap.001" input_semantic="TEXCOORD" input_set="1"/>
                    <bind_vertex_input semantic="sponsors" input_semantic="TEXCOORD" input_set="2"/>
                  </instance_material>
                  <instance_material symbol="construction-material" target="#construction-material">
                    <bind_vertex_input semantic="UVMap" input_semantic="TEXCOORD" input_set="0"/>
                    <bind_vertex_input semantic="UVMap.001" input_semantic="TEXCOORD" input_set="1"/>
                    <bind_vertex_input semantic="sponsors" input_semantic="TEXCOORD" input_set="2"/>
                  </instance_material>
                  <instance_material symbol="clutter_commercial-material" target="#clutter_commercial-material">
                    <bind_vertex_input semantic="UVMap" input_semantic="TEXCOORD" input_set="0"/>
                    <bind_vertex_input semantic="UVMap.001" input_semantic="TEXCOORD" input_set="1"/>
                    <bind_vertex_input semantic="sponsors" input_semantic="TEXCOORD" input_set="2"/>
                  </instance_material>
                  <instance_material symbol="stone_brick_regular-material" target="#stone_brick_regular-material">
                    <bind_vertex_input semantic="UVMap" input_semantic="TEXCOORD" input_set="0"/>
                    <bind_vertex_input semantic="UVMap.001" input_semantic="TEXCOORD" input_set="1"/>
                    <bind_vertex_input semantic="sponsors" input_semantic="TEXCOORD" input_set="2"/>
                  </instance_material>
                </technique_common>
              </bind_material>
            </instance_geometry>
          </node>
          <node id="Colmesh_s_bld_laundomat_001-1" name="Colmesh_s_bld_laundomat_001-1" type="NODE">
            <matrix sid="transform">1 0 0 0 0 1 0 0 0 0 1 0 0 0 0 1</matrix>
            <instance_geometry url="#Mesh_004-mesh" name="Colmesh_s_bld_laundomat_001-1">
              <bind_material>
                <technique_common>
                  <instance_material symbol="slabs_large-material" target="#slabs_large-material">
                    <bind_vertex_input semantic="Attribute" input_semantic="TEXCOORD" input_set="0"/>
                  </instance_material>
                </technique_common>
              </bind_material>
            </instance_geometry>
          </node>
        </node>
      </node>
    </visual_scene>
  </library_visual_scenes>
  <scene>
    <instance_visual_scene url="#Scene"/>
  </scene>
</COLLADA>