<?xml version="1.0" encoding="utf-8"?>
<COLLADA xmlns="http://www.collada.org/2005/11/COLLADASchema" version="1.4.1" xmlns:xsi="http://www.w3.org/2001/XMLSchema-instance">
  <asset>
    <contributor>
      <author>Blender User</author>
      <authoring_tool>Blender 4.5.5 LTS commit date:2025-11-17, commit time:16:03, hash:836beaaf597a</authoring_tool>
    </contributor>
    <created>2026-05-13T15:11:25</created>
    <modified>2026-05-13T15:11:25</modified>
    <unit name="meter" meter="1"/>
    <up_axis>Z_UP</up_axis>
  </asset>
  <library_effects>
    <effect id="industrial_trim-effect">
      <profile_COMMON>
        <technique sid="common">
          <lambert>
            <emission>
              <color sid="emission">0 0 0 1</color>
            </emission>
            <diffuse>
              <color sid="diffuse">0.8 0.8 0.8 1</color>
            </diffuse>
            <reflectivity>
              <float sid="specular">0.5</float>
            </reflectivity>
          </lambert>
        </technique>
      </profile_COMMON>
    </effect>
    <effect id="windows_doors_reflective-effect">
      <profile_COMMON>
        <technique sid="common">
          <lambert>
            <emission>
              <color sid="emission">0 0 0 1</color>
            </emission>
            <diffuse>
              <color sid="diffuse">0.8 0.8 0.8 1</color>
            </diffuse>
            <reflectivity>
              <float sid="specular">0.5</float>
            </reflectivity>
          </lambert>
        </technique>
      </profile_COMMON>
    </effect>
    <effect id="balustrades-effect">
      <profile_COMMON>
        <technique sid="common">
          <lambert>
            <emission>
              <color sid="emission">0 0 0 1</color>
            </emission>
            <diffuse>
              <color sid="diffuse">0.8 0.8 0.8 1</color>
            </diffuse>
            <reflectivity>
              <float sid="specular">0.5</float>
            </reflectivity>
          </lambert>
        </technique>
      </profile_COMMON>
    </effect>
    <effect id="m_stucco_scraped_01-effect">
      <profile_COMMON>
        <technique sid="common">
          <lambert>
            <emission>
              <color sid="emission">0 0 0 1</color>
            </emission>
            <diffuse>
              <color sid="diffuse">0.8 0.8 0.8 1</color>
            </diffuse>
            <reflectivity>
              <float sid="specular">0.5</float>
            </reflectivity>
          </lambert>
        </technique>
      </profile_COMMON>
    </effect>
    <effect id="clutter_commercial-effect">
      <profile_COMMON>
        <technique sid="common">
          <lambert>
            <emission>
              <color sid="emission">0 0 0 1</color>
            </emission>
            <diffuse>
              <color sid="diffuse">0.8 0.8 0.8 1</color>
            </diffuse>
            <reflectivity>
              <float sid="specular">0.5</float>
            </reflectivity>
          </lambert>
        </technique>
      </profile_COMMON>
    </effect>
    <effect id="brick_plain-effect">
      <profile_COMMON>
        <technique sid="common">
          <lambert>
            <emission>
              <color sid="emission">0 0 0 1</color>
            </emission>
            <diffuse>
              <color sid="diffuse">0.8 0.8 0.8 1</color>
            </diffuse>
            <reflectivity>
              <float sid="specular">0.5</float>
            </reflectivity>
          </lambert>
        </technique>
      </profile_COMMON>
    </effect>
    <effect id="stone_brick_regular-effect">
      <profile_COMMON>
        <technique sid="common">
          <lambert>
            <emission>
              <color sid="emission">0 0 0 1</color>
            </emission>
            <diffuse>
              <color sid="diffuse">0.8 0.8 0.8 1</color>
            </diffuse>
            <reflectivity>
              <float sid="specular">0.5</float>
            </reflectivity>
          </lambert>
        </technique>
      </profile_COMMON>
    </effect>
    <effect id="groundmesh_grass2-effect">
      <profile_COMMON>
        <technique sid="common">
          <lambert>
            <emission>
              <color sid="emission">0 0 0 1</color>
            </emission>
            <diffuse>
              <color sid="diffuse">0.8 0.8 0.8 1</color>
            </diffuse>
            <reflectivity>
              <float sid="specular">0.5</float>
            </reflectivity>
          </lambert>
        </technique>
      </profile_COMMON>
    </effect>
    <effect id="slabs_large-effect">
      <profile_COMMON>
        <technique sid="common">
          <lambert>
            <emission>
              <color sid="emission">0 0 0 1</color>
            </emission>
            <diffuse>
              <color sid="diffuse">0.8 0.8 0.8 1</color>
            </diffuse>
            <reflectivity>
              <float sid="specular">0.5</float>
            </reflectivity>
          </lambert>
        </technique>
      </profile_COMMON>
    </effect>
  </library_effects>
  <library_images/>
  <library_materials>
    <material id="industrial_trim-material" name="industrial_trim">
      <instance_effect url="#industrial_trim-effect"/>
    </material>
    <material id="windows_doors_reflective-material" name="windows_doors_reflective">
      <instance_effect url="#windows_doors_reflective-effect"/>
    </material>
    <material id="balustrades-material" name="balustrades">
      <instance_effect url="#balustrades-effect"/>
    </material>
    <material id="m_stucco_scraped_01-material" name="m_stucco_scraped_01">
      <instance_effect url="#m_stucco_scraped_01-effect"/>
    </material>
    <material id="clutter_commercial-material" name="clutter_commercial">
      <instance_effect url="#clutter_commercial-effect"/>
    </material>
    <material id="brick_plain-material" name="brick_plain">
      <instance_effect url="#brick_plain-effect"/>
    </material>
    <material id="stone_brick_regular-material" name="stone_brick_regular">
      <instance_effect url="#stone_brick_regular-effect"/>
    </material>
    <material id="groundmesh_grass2-material" name="groundmesh_grass2">
      <instance_effect url="#groundmesh_grass2-effect"/>
    </material>
    <material id="slabs_large-material" name="slabs_large">
      <instance_effect url="#slabs_large-effect"/>
    </material>
  </library_materials>
  <library_geometries>
    <geometry id="Plane_058-mesh" name="Plane.058">
      <mesh>
        <source id="Plane_058-mesh-positions">
          <float_array id="Plane_058-mesh-positions-array" count="6519">-620.2731 92.25727 102.7931 -608.1924 104.3035 102.7931 -620.2731 92.02657 101.5486 -607.9617 104.3035 101.5486 -609.0562 105.1674 102.7931 -621.137 93.12099 102.7931 -609.0562 105.3979 101.5486 -621.3676 93.12099 101.5486 -607.9617 104.3035 102.7931 -620.2731 92.02657 102.7931 -609.0562 105.3979 102.7931 -621.3676 93.12099 102.7931 -608.1924 104.3035 102.5925 -620.2731 92.25727 102.5925 -609.0562 105.1674 102.5925 -621.137 93.12099 102.5925 -600.0652 112.5413 102.714 -593.9363 118.6335 102.714 -600.2456 112.0778 101.4833 -593.7057 118.6335 101.4833 -594.8001 119.4974 102.714 -600.2889 113.9927 102.714 -594.8001 119.7279 101.4833 -600.5195 113.9927 101.4833 -593.7057 118.6335 102.714 -600.2456 112.0778 102.714 -594.8001 119.7279 102.714 -600.5195 113.9927 102.714 -593.9363 118.6335 102.5271 -600.0652 112.5413 102.5271 -594.8001 119.4974 102.5271 -600.2889 113.9927 102.5271 -580.921 131.628 102.2463 -572.3273 140.2089 102.2463 -581.1321 131.1865 101.0019 -572.0967 140.2089 101.0019 -573.1911 141.0728 102.2463 -580.9429 133.3324 102.2463 -573.1911 141.3034 101.0019 -581.1459 133.3599 101.0019 -572.0967 140.2089 102.2463 -581.1321 131.1865 102.2463 -573.1911 141.3034 102.2463 -581.1459 133.3599 102.2463 -572.3273 140.2089 102.0457 -580.921 131.628 102.0457 -573.1911 141.0728 102.0457 -580.9429 133.3324 102.0457 -621.55 92.4187 103.1974 -629.7649 100.6723 103.1974 -621.3193 92.41869 102.6984 -629.7649 100.9029 102.7014 -630.6288 99.80849 103.1974 -622.4137 91.5549 103.1974 -630.8593 99.80849 102.7014 -622.4137 91.32425 102.6984 -629.7649 100.9029 103.1974 -621.3193 92.41869 103.1974 -630.8593 99.80849 103.1974 -622.4137 91.32425 103.1974 -629.7649 100.6723 103.0855 -621.55 92.4187 103.0855 -630.6288 99.80849 103.0855 -622.4137 91.5549 103.0855 -629.7763 100.8929 102.8186 -629.4227 101.2464 102.8186 -620.2507 92.07416 102.8186 -629.4227 101.2464 104.9217 -629.7763 100.8929 104.9217 -620.2507 92.07416 104.9217 -631.1973 102.3178 102.8453 -629.7831 100.9036 102.8453 -629.7831 103.732 102.8453 -628.3688 102.3178 102.8453 -629.7831 103.732 105.8976 -631.1973 102.3178 105.8976 -629.7831 100.9036 105.8976 -628.3688 102.3178 105.8976 -620.6041 91.72061 102.8186 -607.6705 104.6546 102.8186 -620.6041 91.72061 104.9217 -607.6705 104.6546 104.9217 -620.2507 91.36707 102.8186 -607.317 104.301 102.8186 -620.2507 91.36707 104.9217 -607.317 104.301 104.9217 -610.5635 106.8284 102.8186 -608.0302 104.2949 102.8186 -610.21 107.1819 102.8186 -607.6766 104.6485 102.8186 -610.21 107.1819 103.8397 -610.5635 106.8284 103.8397 -608.0302 104.2949 103.8397 -607.6766 104.6485 103.8397 -600.2487 112.0765 102.4233 -593.3497 118.9757 102.4233 -600.2487 112.0765 104.5265 -593.3497 118.9757 104.5265 -599.8953 111.723 102.4233 -592.9962 118.6222 102.4233 -599.8953 111.723 104.5265 -592.9962 118.6222 104.5265 -602.4338 125.8779 101.1916 -611.1113 134.5193 101.1916 -602.7874 125.5243 101.1916 -611.4648 134.1657 101.1916 -602.7874 125.5243 102.5845 -602.4338 125.8779 102.5845 -611.1113 134.5193 102.5845 -611.4648 134.1657 102.5845 -629.7763 100.8929 101.608 -620.6041 91.72061 101.608 -629.4227 101.2464 101.608 -620.2507 92.07416 101.608 -631.1973 102.3178 101.6347 -629.7831 100.9036 101.6347 -629.7831 103.732 101.6347 -628.3688 102.3178 101.6347 -607.6705 104.6546 101.608 -620.2507 91.36707 101.608 -607.317 104.301 101.608 -610.5635 106.8284 101.608 -608.0302 104.2949 101.608 -610.21 107.1819 101.608 -607.6766 104.6485 101.608 -600.2487 112.0765 101.2128 -593.3497 118.9757 101.2128 -599.8953 111.723 101.2128 -592.9962 118.6222 101.2128 -602.4338 125.8779 99.98112 -611.1113 134.5193 99.98112 -602.7874 125.5243 99.98112 -611.4648 134.1657 99.98112 -629.8171 100.9941 104.9217 -620.2916 91.46826 104.9217 -593.3281 118.9974 102.4233 -586.4291 125.8966 102.4233 -593.3281 118.9974 104.5265 -586.4291 125.8966 104.5265 -592.9746 118.6438 102.4233 -586.0756 125.543 102.4233 -592.9746 118.6438 104.5265 -586.0756 125.543 104.5265 -593.3281 118.9974 101.2128 -586.4291 125.8966 101.2128 -592.9746 118.6438 101.2128 -586.0756 125.543 101.2128 -599.9464 111.8139 104.5219 -586.1914 125.5692 104.5219 -586.1914 125.5692 105.5219 -581.1459 131.1799 101.5853 -570.5122 141.8138 101.5853 -581.1459 131.1799 103.6884 -570.5122 141.8138 103.6884 -580.7922 130.8264 101.5853 -570.1586 141.4603 101.5853 -580.7922 130.8264 103.6884 -570.1586 141.4603 103.6884 -581.1459 131.1799 100.3747 -570.5122 141.8138 100.3747 -580.7922 130.8264 100.3747 -570.1586 141.4603 100.3747 -564.1063 148.2199 101.1348 -553.4451 158.8812 101.1348 -564.1063 148.2199 103.2379 -553.4451 158.8812 103.2379 -563.7526 147.8664 101.1348 -553.0917 158.5276 101.1348 -563.7526 147.8664 103.2379 -553.0917 158.5276 103.2379 -564.1063 148.2199 99.92426 -553.4451 158.8812 99.92426 -563.7526 147.8664 99.92426 -553.0917 158.5276 99.92426 -562.9783 167.7053 101.1325 -553.8063 158.533 101.1325 -562.6248 168.0589 101.1325 -553.4528 158.8866 101.1325 -562.6248 168.0589 103.2357 -562.9783 167.7053 103.2357 -553.8063 158.533 103.2357 -553.4528 158.8866 103.2357 -562.9783 167.7053 99.92201 -553.8063 158.533 99.92201 -562.6248 168.0589 99.92201 -553.4528 158.8866 99.92201 -580.762 130.9988 104.6846 -570.2864 141.4746 104.6846 -563.7305 148.0306 104.2304 -553.2548 158.5064 103.2304 -553.2548 158.5064 104.2304 -602.7449 125.9354 103.5683 -611.5281 134.6823 102.5683 -611.5281 134.6823 103.5683 -562.5214 167.7807 104.229 -607.2645 104.3536 101.729 -607.2645 104.3536 105.8256 -607.9175 105.0135 101.729 -607.9175 105.0135 105.8256 -607.2949 104.3232 101.729 -607.2949 104.3232 105.8256 -607.9479 104.983 101.729 -607.9479 104.983 105.8256 -620.2366 91.35294 102.8186 -607.3027 104.2869 102.8186 -620.2366 91.35294 103.0236 -607.3027 104.2869 103.0236 -599.8818 111.7078 102.2924 -592.9678 118.6222 102.2924 -599.8818 111.7078 102.4974 -592.9678 118.6222 102.4974 -626.9474 84.79132 104.7707 -620.3193 91.44045 104.7707 -629.8171 100.9941 105.9217 -620.2916 91.46826 105.9217 -607.5021 104.258 104.9217 -607.5021 104.258 105.9217 -599.9464 111.8139 105.5219 -580.762 130.9988 103.6846 -570.2864 141.4746 103.6846 -563.7305 148.0306 103.2304 -602.7449 125.9354 102.5683 -562.5214 167.7807 103.229 -553.2435 158.503 103.229 -553.2435 158.503 104.229 -626.9474 84.79132 102.9406 -620.3193 91.44045 102.9406 -570.2692 141.8772 100.9536 -570.2692 141.8772 104.5644 -631.1971 102.3137 102.8186 -630.8435 102.6673 102.8186 -630.8435 102.6673 104.9217 -631.1971 102.3137 104.9217 -631.1971 102.3137 101.608 -630.8435 102.6673 101.608 -641.6391 113.4631 102.8186 -641.9926 113.1095 102.8186 -641.6391 113.4631 104.9217 -641.9926 113.1095 104.9217 -641.6391 113.4631 101.608 -641.9926 113.1095 101.608 -641.8721 113.0493 104.9217 -641.8721 113.0493 105.9217 -631.0787 102.2558 104.9217 -631.0787 102.2558 105.9217 -593.0574 118.526 104.1927 -592.8641 118.7191 104.1927 -593.0574 118.526 104.4931 -592.8641 118.7191 104.4931 -592.9387 118.6447 103.9726 -592.6971 118.8862 103.9726 -592.9387 118.6447 104.498 -592.6971 118.8862 104.498 -589.8654 121.725 103.6483 -589.6157 121.9748 103.6483 -589.8654 121.725 104.3606 -589.6157 121.9748 104.3606 -589.4039 122.1865 103.6483 -589.082 122.5084 103.6483 -589.4039 122.1865 104.3606 -589.082 122.5084 104.3606 -589.6343 121.956 103.6483 -589.3887 122.2016 103.6483 -589.6343 121.956 104.3606 -589.3887 122.2016 104.3606 -588.6638 122.9265 103.638 -588.4141 123.1763 103.638 -588.6638 122.9265 104.3503 -588.4141 123.1763 104.3503 -588.1987 123.3916 103.638 -587.8768 123.7135 103.638 -588.1987 123.3916 104.3503 -587.8768 123.7135 104.3503 -588.4329 123.1575 103.638 -588.1873 123.4031 103.638 -588.4329 123.1575 104.3503 -588.1873 123.4031 104.3503 -587.9274 123.663 103.638 -587.6818 123.9086 103.638 -587.9274 123.663 104.3503 -587.6818 123.9086 104.3503 -589.0449 122.5455 103.6483 -588.723 122.8674 103.6483 -589.0449 122.5455 104.3606 -588.723 122.8674 104.3606 -613.1055 98.48426 102.2561 -612.8502 98.73957 102.2561 -613.1055 98.48426 102.7035 -612.8502 98.73957 102.7035 -612.8485 98.74131 102.2561 -612.5933 98.99665 102.2561 -612.8485 98.74131 102.7035 -612.5933 98.99665 102.7035 -612.5921 98.99771 102.2561 -612.3367 99.25302 102.2561 -612.5921 98.99771 102.7035 -612.3367 99.25302 102.7035 -612.0712 99.51859 102.2561 -611.8159 99.77393 102.2561 -612.0712 99.51859 102.7035 -611.8159 99.77393 102.7035 -611.8142 99.77564 102.2561 -611.5588 100.031 102.2561 -611.8142 99.77564 102.7035 -611.5588 100.031 102.7035 -611.5502 100.0395 102.2561 -611.2949 100.2948 102.2561 -611.5502 100.0395 102.7035 -611.2949 100.2948 102.7035 -611.2864 100.3033 102.2561 -611.0311 100.5586 102.2561 -611.2864 100.3033 102.7035 -611.0311 100.5586 102.7035 -612.3339 99.25598 102.3602 -612.0786 99.51129 102.3602 -612.3339 99.25598 102.5994 -612.0786 99.51129 102.5994 -622.8624 93.8935 102.3456 -622.6965 93.72769 102.3456 -622.8624 93.8935 102.7985 -622.6965 93.72769 102.7985 -622.7071 93.73823 102.3456 -622.4971 93.52833 102.3456 -622.7071 93.73823 102.7985 -622.4971 93.52833 102.7985 -622.5248 93.55599 102.3456 -622.2919 93.32297 102.3456 -622.5248 93.55599 102.7985 -622.2919 93.32297 102.7985 -622.1544 93.18569 102.3456 -621.9447 92.97582 102.3456 -622.1544 93.18569 102.7985 -621.9447 92.97582 102.7985 -621.9592 92.99027 102.3456 -621.7689 92.80013 102.3456 -621.9592 92.99027 102.7985 -621.7689 92.80013 102.7985 -621.7736 92.80472 102.3456 -621.5834 92.61457 102.3456 -621.7736 92.80472 102.7985 -621.5834 92.61457 102.7985 -621.5903 92.62145 102.3456 -621.4244 92.4556 102.3456 -621.5903 92.62145 102.7985 -621.4244 92.4556 102.7985 -622.7581 93.78879 103.4164 -622.3635 93.39432 103.4164 -622.7581 93.78879 104.2744 -622.3635 93.39432 104.2744 -622.3922 93.4228 103.4164 -621.9976 93.02833 103.4164 -622.3922 93.4228 104.2744 -621.9976 93.02833 104.2744 -621.9976 93.02828 103.7086 -621.7822 92.81278 103.7086 -621.9976 93.02828 104.1774 -621.7822 92.81278 104.1774 -621.7907 92.82134 103.7086 -621.5751 92.60581 103.7086 -621.7907 92.82134 104.1774 -621.5751 92.60581 104.1774 -622.6436 93.67438 104.3375 -622.4866 93.51737 104.3375 -622.6436 93.67438 104.5977 -622.4866 93.51737 104.5977 -622.4912 93.52186 104.3375 -622.3342 93.36481 104.3375 -622.4912 93.52186 104.5977 -622.3342 93.36481 104.5977 -622.2195 93.25019 104.3375 -622.0626 93.09319 104.3375 -622.2195 93.25019 104.5977 -622.0626 93.09319 104.5977 -622.0584 93.08904 104.3375 -621.9014 92.93201 104.3375 -622.0584 93.08904 104.5977 -621.9014 92.93201 104.5977 -621.9017 92.93247 104.3375 -621.7448 92.77542 104.3375 -621.9017 92.93247 104.5977 -621.7448 92.77542 104.5977 -621.7568 92.78742 104.3375 -621.5997 92.63043 104.3375 -621.7568 92.78742 104.5977 -621.5997 92.63043 104.5977 -622.9751 94.00626 103.6192 -622.7281 93.75934 103.6191 -622.9751 94.00626 104.1603 -622.7281 93.75934 104.1603 -622.9407 93.9717 104.9064 -622.7747 93.80588 104.9064 -622.9407 93.9717 105.3593 -622.7747 93.80588 105.3593 -622.7731 93.80408 104.9064 -622.5634 93.59464 104.9064 -622.7731 93.80408 105.3593 -622.5634 93.59464 105.3593 -622.5721 93.60324 104.9064 -622.4064 93.43746 104.9064 -622.5721 93.60324 105.3593 -622.4064 93.43746 105.3593 -622.4066 93.43769 104.9064 -622.2407 93.27188 104.9064 -622.4066 93.43769 105.3593 -622.2407 93.27188 105.3593 -622.1259 93.15659 104.8953 -621.9105 92.94108 104.8953 -622.1259 93.15659 105.364 -621.9105 92.94108 105.364 -621.9141 92.9448 104.8953 -621.6986 92.72925 104.8953 -621.9141 92.9448 105.364 -621.6986 92.72925 105.364 -621.6694 92.70011 104.8953 -621.4414 92.47199 104.8953 -621.6694 92.70011 105.364 -621.4414 92.47199 105.364 -587.4763 124.0091 103.685 -587.2568 124.2286 103.685 -587.4763 124.0091 104.2405 -587.2568 124.2286 104.2405 -587.0798 124.4057 103.685 -586.8128 124.6726 103.685 -587.0798 124.4057 104.2405 -586.8128 124.6726 104.2405 -586.5859 124.8996 104.2405 -586.8237 124.6616 104.2405 -586.5859 124.8996 103.685 -586.8237 124.6616 103.685 -586.6362 124.8491 103.685 -586.4168 125.0687 103.685 -586.6362 124.8491 104.2405 -586.4168 125.0687 104.2405 -587.2789 124.2065 103.685 -587.0593 124.426 103.685 -587.2789 124.2065 104.2405 -587.0593 124.426 104.2405 -594.9293 116.6227 104.1253 -594.7175 116.8346 104.1253 -594.9293 116.6227 104.4277 -594.7175 116.8346 104.4277 -594.538 117.014 104.1253 -594.2651 117.287 104.1253 -594.538 117.014 104.4277 -594.2651 117.287 104.4277 -594.7333 116.8186 104.1253 -594.5252 117.0269 104.1253 -594.7333 116.8186 104.4277 -594.5252 117.0269 104.4277 -594.9571 116.5949 103.4758 -594.7454 116.8067 103.4758 -594.9571 116.5949 103.7782 -594.7454 116.8067 103.7782 -594.5626 116.9893 103.4758 -594.2897 117.2622 103.4758 -594.5626 116.9893 103.7782 -594.2897 117.2622 103.7782 -594.7612 116.7908 103.4758 -594.5529 116.9991 103.4758 -594.7612 116.7908 103.7782 -594.5529 116.9991 103.7782 -594.3327 117.2194 103.4758 -594.1245 117.4276 103.4758 -594.3327 117.2194 103.7782 -594.1245 117.4276 103.7782 -594.7031 116.8488 103.8154 -594.4302 117.1217 103.8154 -594.7031 116.8488 104.1178 -594.4302 117.1217 104.1178 -625.7496 85.92884 103.4894 -625.5942 86.08416 103.4894 -625.7496 85.92884 103.8272 -625.5942 86.08416 103.8272 -625.6124 86.06613 103.4894 -625.4571 86.22147 103.4894 -625.6124 86.06613 103.8272 -625.4571 86.22147 103.8272 -625.4501 86.2283 103.6044 -625.3652 86.31317 103.6044 -625.4501 86.2283 103.789 -625.3652 86.31317 103.789 -625.3688 86.30982 103.6044 -625.2839 86.39469 103.6044 -625.3688 86.30982 103.789 -625.2839 86.39469 103.789 -625.8353 85.84333 103.5692 -625.7381 85.94058 103.5692 -625.8353 85.84333 103.7823 -625.7381 85.94058 103.7823 -626.4772 85.20133 103.5046 -626.3218 85.35669 103.5046 -626.4772 85.20133 103.8425 -626.3218 85.35669 103.8425 -626.3151 85.36353 103.6197 -626.2302 85.4484 103.6197 -626.3151 85.36353 103.8043 -626.2302 85.4484 103.8043 -626.2335 85.44504 103.6197 -626.1486 85.52991 103.6197 -626.2335 85.44504 103.8043 -626.1486 85.52991 103.8043 -626.5787 85.09998 103.6274 -626.4813 85.19724 103.6274 -626.5787 85.09998 103.8405 -626.4813 85.19724 103.8405 -624.1732 87.50537 103.4863 -624.0178 87.66071 103.4863 -624.1732 87.50537 103.8242 -624.0178 87.66071 103.8242 -624.0109 87.66754 103.6013 -623.9261 87.75241 103.6013 -624.0109 87.66754 103.7859 -623.9261 87.75241 103.7859 -623.9294 87.74906 103.6013 -623.8445 87.83393 103.6013 -623.9294 87.74906 103.7859 -623.8445 87.83393 103.7859 -624.2745 87.40399 103.609 -624.1774 87.50125 103.609 -624.2745 87.40399 103.8221 -624.1774 87.50125 103.8221 -623.3912 88.28733 103.493 -623.2357 88.44268 103.493 -623.3912 88.28733 103.8309 -623.2357 88.44268 103.8309 -623.2289 88.44953 103.608 -623.1442 88.5344 103.608 -623.2289 88.44953 103.7926 -623.1442 88.5344 103.7926 -623.1475 88.53104 103.608 -623.0626 88.61591 103.608 -623.1475 88.53104 103.7926 -623.0626 88.61591 103.7926 -623.4927 88.18598 103.6157 -623.3953 88.28324 103.6157 -623.4927 88.18598 103.8288 -623.3953 88.28324 103.8288 -626.6492 85.03543 103.4632 -626.0786 85.60614 103.4632 -626.6492 85.03543 104.1965 -626.0786 85.60614 104.1965 -626.6193 85.05924 103.9052 -626.2996 85.37888 103.9052 -626.6193 85.05924 104.1838 -626.2996 85.37888 104.1838 -625.8494 85.8353 103.4632 -625.2786 86.40601 103.4632 -625.8494 85.8353 104.1965 -625.2786 86.40601 104.1965 -625.838 85.84052 103.8684 -625.2808 86.39771 103.8684 -625.838 85.84052 104.1657 -625.2808 86.39771 104.1657 -574.5602 137.0408 102.5491 -574.2147 137.3864 102.5491 -574.5602 137.0408 103.2955 -574.2147 137.3864 103.2955 -573.9218 137.6793 102.5491 -573.4763 138.1247 102.5491 -573.9218 137.6793 103.2955 -573.4763 138.1247 103.2955 -574.2407 137.3604 102.5491 -573.9008 137.7003 102.5491 -574.2407 137.3604 103.2955 -573.9008 137.7003 103.2955 -572.898 138.7031 102.5383 -572.5524 139.0487 102.5383 -572.898 138.7031 103.2846 -572.5524 139.0487 103.2846 -572.2543 139.3466 102.5383 -571.8091 139.792 102.5383 -572.2543 139.3466 103.2846 -571.8091 139.792 103.2846 -572.5784 139.0227 102.5383 -572.2385 139.3625 102.5383 -572.5784 139.0227 103.2846 -572.2385 139.3625 103.2846 -571.879 139.7221 102.5383 -571.5391 140.0619 102.5383 -571.879 139.7221 103.2846 -571.5391 140.0619 103.2846 -573.4251 138.176 102.5491 -572.9797 138.6213 102.5491 -573.4251 138.176 103.2955 -572.9797 138.6213 103.2955 -625.0543 86.63028 103.4632 -624.4838 87.201 103.4632 -625.0543 86.63028 104.1965 -624.4838 87.201 104.1965 -625.0431 86.63549 103.8684 -624.4858 87.19266 103.8684 -625.0431 86.63549 104.1657 -624.4858 87.19266 104.1657 -624.8771 86.80139 103.4858 -624.7217 86.95673 103.4858 -624.8771 86.80139 103.8236 -624.7217 86.95673 103.8236 -624.715 86.96356 103.6008 -624.6301 87.04843 103.6008 -624.715 86.96356 103.7854 -624.6301 87.04843 103.7854 -624.6334 87.04505 103.6008 -624.5485 87.12995 103.6008 -624.6334 87.04505 103.7854 -624.5485 87.12995 103.7854 -624.9785 86.70001 103.6085 -624.8814 86.79727 103.6085 -624.9785 86.70001 103.8216 -624.8814 86.79727 103.8216 -624.361 87.3237 103.4632 -623.7902 87.89441 103.4632 -624.361 87.3237 104.1965 -623.7902 87.89441 104.1965 -624.3496 87.32892 103.8684 -623.7924 87.88607 103.8684 -624.3496 87.32892 104.1657 -623.7924 87.88607 104.1657 -623.5725 88.11222 103.4632 -623.0018 88.68292 103.4632 -623.5725 88.11222 104.1965 -623.0018 88.68292 104.1965 -623.5611 88.11746 103.8684 -623.0039 88.67462 103.8684 -623.5611 88.11746 104.1657 -623.0039 88.67462 104.1657 -622.3325 89.35221 103.7865 -621.6406 90.04417 103.7865 -622.3325 89.35221 104.6716 -621.6406 90.04417 104.6716 -622.3325 89.35221 103.1277 -621.6406 90.04417 103.1277 -622.1829 89.4877 103.2162 -622.0106 89.65982 103.2162 -622.1829 89.4877 103.5906 -622.0106 89.65982 103.5906 -622.0231 89.6474 103.2162 -621.8511 89.81952 103.2162 -622.0231 89.6474 103.5906 -621.8511 89.81952 103.5906 -621.8511 89.81952 103.3437 -621.757 89.91355 103.3437 -621.8511 89.81952 103.5482 -621.757 89.91355 103.5482 -621.7606 89.90979 103.3437 -621.6666 90.00385 103.3437 -621.7606 89.90979 103.5482 -621.6666 90.00385 103.5482 -622.1329 89.53762 103.6181 -622.0643 89.60617 103.6181 -622.1329 89.53762 103.7316 -622.0643 89.60617 103.7316 -622.0664 89.60416 103.6181 -621.9979 89.6727 103.6181 -622.0664 89.60416 103.7316 -621.9979 89.6727 103.7316 -621.9478 89.72271 103.6181 -621.8793 89.7912 103.6181 -621.9478 89.72271 103.7316 -621.8793 89.7912 103.7316 -621.8776 89.793 103.6181 -621.8776 89.793 103.7316 -621.8093 89.86129 103.6181 -621.7407 89.92981 103.6181 -621.8093 89.86129 103.7316 -621.7407 89.92981 103.7316 -621.746 89.92459 103.6181 -621.6774 89.99311 103.6181 -621.746 89.92459 103.7316 -621.6774 89.99311 103.7316 -622.2775 89.39295 103.3047 -622.1697 89.5007 103.3047 -622.2775 89.39295 103.5408 -622.1697 89.5007 103.5408 -578.9482 132.6509 103.1214 -579.2684 132.3307 103.1214 -578.9482 132.6509 102.342 -579.2684 132.3307 102.342 -578.6193 132.9799 103.1214 -578.9396 132.6597 103.1214 -578.6193 132.9799 102.342 -578.9396 132.6597 102.342 -578.2969 133.3023 103.1214 -578.6171 132.9821 103.1214 -578.2969 133.3023 102.342 -578.6171 132.9821 102.342 -577.9822 133.6169 103.1214 -578.3024 133.2967 103.1214 -577.9822 133.6169 102.342 -578.3024 133.2967 102.342 -577.6796 133.9197 103.1214 -577.9996 133.5994 103.1214 -577.6796 133.9197 102.342 -577.9996 133.5994 102.342 -577.3727 134.2264 103.1214 -577.6929 133.9062 103.1214 -577.3727 134.2264 102.342 -577.6929 133.9062 102.342 -576.6246 134.9746 103.1104 -576.9553 134.6438 103.1104 -576.6246 134.9746 102.3522 -576.9553 134.6438 102.3522 -576.3521 135.2471 103.1104 -576.614 134.9852 103.1104 -576.3521 135.2471 102.3522 -576.614 134.9852 102.3522 -576.009 135.5902 103.1139 -576.3397 135.2594 103.1139 -576.009 135.5902 102.3558 -576.3397 135.2594 102.3558 -575.6962 135.903 103.1139 -576.0269 135.5722 103.1139 -575.6962 135.903 102.3558 -576.0269 135.5722 102.3558 -575.3793 136.2198 103.1139 -575.7102 135.889 103.1139 -575.3793 136.2198 102.3558 -575.7102 135.889 102.3558 -589.4833 122.1009 101.9582 -588.767 122.8173 101.9582 -589.4833 122.1009 103.2211 -588.767 122.8173 103.2211 -588.7485 122.8357 101.9582 -588.0322 123.5521 101.9582 -588.7485 122.8357 103.2211 -588.0322 123.5521 103.2211 -591.5237 120.0267 101.6608 -591.2933 120.2572 101.6608 -591.5237 120.0267 102.2665 -591.2933 120.2572 102.2665 -591.0903 120.46 101.6608 -590.8489 120.7015 101.6608 -591.0903 120.46 102.2665 -590.8489 120.7015 102.2665 -591.0679 120.4825 102.2665 -591.2985 120.252 102.2665 -591.0679 120.4825 101.6608 -591.2985 120.252 101.6608 -590.8533 120.6972 101.6608 -590.6118 120.9387 101.6608 -590.8533 120.6972 102.2665 -590.6118 120.9387 102.2665 -592.5294 119.021 101.6608 -592.2991 119.2514 101.6608 -592.5294 119.021 102.2665 -592.2991 119.2514 102.2665 -592.5314 119.019 102.2665 -592.762 118.7885 102.2665 -592.5314 119.019 101.6608 -592.762 118.7885 101.6608 -592.3002 119.2503 101.6608 -592.0587 119.4918 101.6608 -592.3002 119.2503 102.2665 -592.0587 119.4918 102.2665 -591.9349 119.6156 101.6608 -591.6934 119.857 101.6608 -591.9349 119.6156 102.2665 -591.6934 119.857 102.2665 -590.6088 120.9416 101.6608 -590.3674 121.1831 101.6608 -590.6088 120.9416 102.2665 -590.3674 121.1831 102.2665 -592.5388 119.045 104.0602 -592.3411 119.2427 104.0602 -592.5388 119.045 104.4325 -592.3411 119.2427 104.4325 -592.3447 119.2391 104.0602 -592.147 119.4368 104.0602 -592.3447 119.2391 104.4325 -592.147 119.4368 104.4325 -592.1506 119.4331 104.0602 -591.9528 119.6308 104.0602 -592.1506 119.4331 104.4325 -591.9528 119.6308 104.4325 -591.9702 119.6136 104.0602 -591.7849 119.7989 104.0602 -591.9702 119.6136 104.4325 -591.7849 119.7989 104.4325 -591.8018 119.7819 104.0602 -591.6602 119.9236 104.0602 -591.8018 119.7819 104.4325 -591.6602 119.9236 104.4325 -591.6631 119.9207 104.0602 -591.4741 120.1096 104.0602 -591.6631 119.9207 104.4325 -591.4741 120.1096 104.4325 -591.4849 120.0989 104.0602 -591.296 120.2878 104.0602 -591.4849 120.0989 104.4325 -591.296 120.2878 104.4325 -591.0039 120.5799 104.4325 -591.1928 120.391 104.4325 -591.0039 120.5799 104.1209 -591.1928 120.391 104.1209 -591.0289 120.5548 104.0602 -591.0289 120.5548 104.4325 -590.84 120.7437 104.4325 -590.6423 120.9415 104.4325 -590.6423 120.9415 104.0602 -590.84 120.7438 104.0602 -590.2789 121.3048 104.0602 -590.0864 121.4972 104.0602 -590.2789 121.3048 104.4325 -590.0864 121.4972 104.4325 -590.2562 121.3276 104.4325 -590.4537 121.1299 104.4325 -590.2562 121.3276 104.0602 -590.4537 121.1299 104.0602 -590.4442 121.1395 104.4325 -590.642 120.9418 104.4325 -590.4442 121.1395 104.0602 -590.642 120.9418 104.0602 -592.4581 119.1256 103.6162 -592.3019 119.2818 103.6162 -592.4581 119.1256 103.9104 -592.3019 119.2818 103.9104 -592.3156 119.2682 103.6162 -592.1691 119.4146 103.6162 -592.3156 119.2682 103.9104 -592.1691 119.4146 103.9104 -591.8848 119.699 103.6162 -591.7355 119.8483 103.6162 -591.8848 119.699 103.9104 -591.7355 119.8483 103.9104 -592.017 119.5668 103.9104 -592.1732 119.4105 103.9104 -592.017 119.5668 103.6162 -592.1732 119.4105 103.6162 -591.8745 119.7093 103.9104 -592.0308 119.553 103.9104 -591.8745 119.7093 103.6162 -592.0308 119.553 103.6162 -592.169 119.4148 103.3424 -592.0225 119.5612 103.3424 -592.169 119.4148 103.6366 -592.0225 119.5612 103.6366 -591.8787 119.705 103.6366 -592.0252 119.5586 103.6366 -591.8787 119.705 103.3424 -592.0252 119.5586 103.3424 -592.4567 119.1271 103.3424 -592.2991 119.2847 103.3424 -592.4567 119.1271 103.6366 -592.2991 119.2847 103.6366 -592.1553 119.4285 103.6366 -592.3129 119.2709 103.6366 -592.1553 119.4285 103.3424 -592.3129 119.2709 103.3424 -592.1531 119.4306 103.0607 -592.0328 119.5509 103.0607 -592.1531 119.4306 103.3549 -592.0328 119.5509 103.3549 -592.0308 119.553 103.0607 -591.8732 119.7106 103.0607 -592.0308 119.553 103.3549 -591.8732 119.7106 103.3549 -592.4567 119.1271 103.0607 -592.2991 119.2847 103.0607 -592.4567 119.1271 103.3549 -592.2991 119.2847 103.3549 -592.147 119.4368 103.3549 -592.3046 119.2792 103.3549 -592.147 119.4368 103.0607 -592.3046 119.2792 103.0607 -591.7409 119.8429 103.0578 -591.5845 119.9991 103.0578 -591.7409 119.8429 103.352 -591.5845 119.9991 103.352 -591.5983 119.9855 103.0578 -591.4517 120.1319 103.0578 -591.5983 119.9855 103.352 -591.4517 120.1319 103.352 -591.4683 120.1155 103.0578 -591.3218 120.2619 103.0578 -591.4683 120.1155 103.352 -591.3218 120.2619 103.352 -591.8749 119.7088 103.1065 -591.7413 119.8425 103.1065 -591.8749 119.7088 103.3561 -591.7413 119.8425 103.3561 -591.7308 119.8529 103.0553 -591.8773 119.7065 103.0553 -591.7308 119.8529 102.7611 -591.8773 119.7065 102.7611 -592.017 119.5668 103.0553 -592.1746 119.4092 103.0553 -592.017 119.5668 102.7611 -592.1746 119.4092 102.7611 -592.3051 119.2787 103.0553 -592.4627 119.1211 103.0553 -592.3051 119.2787 102.7611 -592.4627 119.1211 102.7611 -592.1674 119.4164 103.0553 -592.3168 119.267 103.0553 -592.1674 119.4164 102.7611 -592.3168 119.267 102.7611 -591.8652 119.7185 103.0553 -592.0228 119.5609 103.0553 -591.8652 119.7185 102.7611 -592.0228 119.5609 102.7611 -591.5103 120.0735 103.0553 -591.7338 119.85 103.0553 -591.5103 120.0735 102.7611 -591.7338 119.85 102.7611 -591.5148 120.069 102.7597 -591.4205 120.1632 102.7597 -591.5148 120.069 103.0539 -591.4205 120.1632 103.0539 -591.4269 120.1568 102.7606 -591.275 120.3088 102.7606 -591.4269 120.1568 103.0548 -591.275 120.3088 103.0548 -591.1371 120.4466 103.0547 -591.2933 120.2904 103.0547 -591.1371 120.4466 102.7606 -591.2933 120.2904 102.7606 -592.1641 119.4196 102.7587 -592.3106 119.2732 102.7587 -592.1641 119.4196 102.4644 -592.3106 119.2732 102.4644 -592.3051 119.2787 102.7587 -592.4625 119.1211 102.7587 -592.3051 119.2787 102.4644 -592.4625 119.1211 102.4644 -591.7315 119.8523 102.463 -591.6464 119.9374 102.463 -591.7315 119.8523 102.7573 -591.6464 119.9374 102.7573 -592.0234 119.5602 102.7587 -592.1699 119.4138 102.7587 -592.0234 119.5602 102.4644 -592.1699 119.4138 102.4644 -591.8782 119.7054 102.7587 -592.0247 119.559 102.7587 -591.8782 119.7054 102.4644 -592.0247 119.559 102.4644 -591.7368 119.847 102.7614 -591.8931 119.6908 102.7614 -591.7368 119.847 102.4671 -591.8931 119.6908 102.4671 -560.7103 150.8162 101.5091 -562.0054 149.5212 101.5091 -560.7103 150.8162 102.7076 -562.0054 149.5212 102.7076 -561.4503 150.0599 102.2718 -561.5864 149.9238 102.2718 -561.4503 150.0599 101.9604 -561.5864 149.9238 101.9604 -561.3112 150.1991 102.2718 -561.4471 150.0631 102.2718 -561.3112 150.1991 101.9604 -561.4471 150.0631 101.9604 -561.1638 150.3464 102.2718 -561.2999 150.2104 102.2718 -561.1638 150.3464 101.9604 -561.2999 150.2104 101.9604 -561.0272 150.483 102.2718 -561.1633 150.3469 102.2718 -561.0272 150.483 101.9604 -561.1633 150.3469 101.9604 -560.8959 150.6142 102.2718 -561.0321 150.4782 102.2718 -560.8959 150.6142 101.9604 -561.0321 150.4782 101.9604 -623.0336 94.077 103.3433 -621.3928 92.4363 103.3433 -623.0336 94.077 104.816 -621.3928 92.4363 104.816 -622.9954 94.03556 104.1637 -622.3209 93.36124 104.1637 -622.9954 94.03556 104.7513 -622.3209 93.36124 104.7513 -586.3217 125.1651 103.6121 -587.5333 123.9536 103.6121 -586.3217 125.1651 104.3455 -587.5333 123.9536 104.3455 -586.3511 125.2892 104.4126 -586.3511 125.2892 103.5449 -587.6575 123.9828 103.5449 -587.6575 123.9828 104.4126 -586.2744 125.2125 104.4126 -586.2744 125.2125 103.5449 -587.5806 123.9061 103.5449 -587.5806 123.9061 104.4126 -588.0043 123.58 101.9582 -587.288 124.2964 101.9582 -588.0043 123.58 103.2211 -587.288 124.2964 103.2211 -587.2695 124.3148 101.9582 -586.5532 125.0312 101.9582 -587.2695 124.3148 103.2211 -586.5532 125.0312 103.2211 -614.1769 97.33618 103.6021 -613.9257 97.58737 103.6021 -614.1769 97.33618 104.1123 -613.9257 97.58737 104.1123 -613.9238 97.5893 103.6021 -613.7302 97.78284 103.6021 -613.9238 97.58933 104.1123 -613.7302 97.78284 104.1123 -613.7446 97.76859 103.6021 -613.5328 97.98026 103.6021 -613.7446 97.76859 104.1123 -613.5328 97.98023 104.1123 -613.5303 97.98065 103.6021 -613.3226 98.19293 103.6021 -613.5314 97.98181 104.1123 -613.3214 98.19178 104.1123 -613.3148 98.19608 103.6021 -613.1071 98.40836 103.6021 -613.3159 98.19724 104.1123 -613.106 98.4072 104.1123 -614.1766 97.33655 104.1533 -613.9 97.61321 104.1533 -614.1766 97.33655 104.2745 -613.9 97.61321 104.2745 -613.9119 97.60137 104.1533 -613.6351 97.87802 104.1533 -613.9119 97.60137 104.2745 -613.6351 97.87802 104.2745 -613.6389 97.87424 104.1533 -613.3622 98.15093 104.1533 -613.6389 97.87424 104.2745 -613.3622 98.15093 104.2745 -613.3873 98.12574 104.1533 -613.1107 98.40241 104.1533 -613.3873 98.12574 104.2745 -613.1107 98.40241 104.2745 -612.9744 98.5407 103.488 -614.281 97.23426 103.488 -612.9744 98.5407 104.3557 -614.281 97.23426 104.3557 -613.0513 98.6174 104.3557 -613.0513 98.6174 103.488 -614.3577 97.31098 103.488 -614.3577 97.31098 104.3557 -608.0325 105.0774 102.2205 -608.2877 105.3327 102.2205 -608.0325 105.0774 102.6679 -608.2877 105.3327 102.6679 -608.2894 105.3345 102.2205 -608.5447 105.5897 102.2205 -608.2894 105.3345 102.6679 -608.5447 105.5897 102.6679 -608.5458 105.5908 102.2205 -608.8012 105.8461 102.2205 -608.5458 105.5908 102.6679 -608.8012 105.8461 102.6679 -609.0668 106.1117 102.2205 -609.3221 106.367 102.2205 -609.0668 106.1117 102.6679 -609.3221 106.367 102.6679 -609.3237 106.3688 102.2205 -609.5792 106.6241 102.2205 -609.3237 106.3688 102.6679 -609.5792 106.6241 102.6679 -609.5877 106.6326 102.2205 -609.843 106.8879 102.2205 -609.5877 106.6326 102.6679 -609.843 106.8879 102.6679 -609.8516 106.8964 102.2205 -610.1068 107.1517 102.2205 -609.8516 106.8964 102.6679 -610.1068 107.1517 102.6679 -608.8041 105.8491 102.3246 -609.0595 106.1044 102.3246 -608.8041 105.8491 102.5638 -609.0595 106.1044 102.5638 -599.2438 112.3678 103.7537 -599.1058 112.5058 103.7537 -599.2438 112.3678 104.056 -599.1058 112.5058 104.056 -599.1066 112.5051 103.7537 -598.9685 112.6431 103.7537 -599.1066 112.5051 104.056 -598.9685 112.6431 104.056 -598.9661 112.6455 103.7537 -598.8281 112.7835 103.7537 -598.9661 112.6455 104.056 -598.8281 112.7835 104.056 -598.8421 112.7696 103.7537 -598.7041 112.9076 103.7537 -598.8421 112.7696 104.056 -598.7041 112.9076 104.056 -598.5803 113.0313 103.7537 -598.4423 113.1693 103.7537 -598.5803 113.0313 104.056 -598.4423 113.1693 104.056 -598.4454 113.1662 103.7537 -598.3074 113.3043 103.7537 -598.4454 113.1662 104.056 -598.3074 113.3043 104.056 -598.3264 113.2853 103.7537 -598.1882 113.4234 103.7537 -598.3264 113.2853 104.056 -598.1882 113.4234 104.056 -598.1926 113.4191 103.7537 -598.0546 113.5571 103.7537 -598.1926 113.4191 104.056 -598.0546 113.5571 104.056 -598.062 113.5497 103.7537 -597.9559 113.6559 103.7537 -598.062 113.5497 104.056 -597.9559 113.6559 104.056 -597.9633 113.6482 103.7537 -597.8253 113.7863 103.7537 -597.9633 113.6482 104.056 -597.8253 113.7863 104.056 -597.8245 113.7872 103.7537 -597.6863 113.9253 103.7537 -597.8245 113.7872 104.056 -597.6863 113.9253 104.056 -598.5737 113.038 103.1309 -598.4357 113.176 103.1309 -598.5737 113.038 103.4333 -598.4357 113.176 103.4333 -598.4371 113.1745 103.1309 -598.2991 113.3126 103.1309 -598.4371 113.1745 103.4333 -598.2991 113.3126 103.4333 -598.3101 113.3015 103.1309 -598.1721 113.4395 103.1309 -598.3101 113.3015 103.4333 -598.1721 113.4395 103.4333 -598.1727 113.439 103.1309 -598.0347 113.577 103.1309 -598.1727 113.439 103.4333 -598.0347 113.577 103.4333 -598.8535 112.7582 103.3347 -598.8087 112.8029 103.3347 -598.8535 112.7582 103.4685 -598.8087 112.8029 103.4685 -598.8115 112.8002 103.3337 -598.7521 112.8595 103.3337 -598.8115 112.8002 103.4378 -598.7521 112.8595 103.4378 -598.7584 112.8532 103.3328 -598.6923 112.9194 103.3328 -598.7584 112.8532 103.4378 -598.6923 112.9194 103.4378 -598.6907 112.9211 103.3328 -598.5941 113.0175 103.3328 -598.6907 112.9211 103.4378 -598.5941 113.0175 103.4378 -599.0117 112.601 102.827 -597.8925 113.7201 102.827 -599.0117 112.601 103.7653 -597.8925 113.7201 103.7653 -617.3298 94.24648 104.2268 -617.0565 94.51981 104.2268 -617.3298 94.24648 104.6478 -617.0565 94.51981 104.6478 -617.0737 94.50247 104.2268 -616.8817 94.69462 104.2268 -617.0737 94.50247 104.6478 -616.8817 94.69462 104.6478 -616.8079 94.76834 104.2268 -616.6157 94.96052 104.2268 -616.8079 94.76834 104.6478 -616.6157 94.96052 104.6478 -616.6143 94.96201 104.2268 -616.5007 95.07551 104.2268 -616.6143 94.96201 104.6478 -616.5007 95.07551 104.6478 -616.5064 95.06986 104.2268 -616.3143 95.26206 104.2268 -616.5064 95.06986 104.6478 -616.3143 95.26206 104.6478 -617.314 94.26224 103.8324 -617.1566 94.41968 103.8324 -617.314 94.26224 104.1348 -617.1566 94.41968 104.1348 -617.1591 94.41703 103.8324 -617.0167 94.55966 103.8324 -617.1591 94.41703 104.1348 -617.0167 94.55966 104.1348 -617.0192 94.55698 103.8324 -616.8767 94.69962 103.8324 -617.0192 94.55698 104.1348 -616.8767 94.69962 104.1348 -616.8923 94.68386 103.8324 -616.7781 94.7983 103.8324 -616.8923 94.68386 104.1348 -616.7781 94.7983 104.1348 -616.7858 94.7905 103.8324 -616.6431 94.93311 103.8324 -616.7858 94.7905 104.1348 -616.6431 94.93311 104.1348 -616.6581 94.91809 103.8324 -616.5156 95.06075 103.8324 -616.6581 94.91809 104.1348 -616.5156 95.06075 104.1348 -616.5314 95.04492 103.8324 -616.3887 95.18752 103.8324 -616.5314 95.04492 104.1348 -616.3887 95.18752 104.1348 -616.3801 95.19602 103.8324 -616.2228 95.35343 103.8324 -616.3801 95.19602 104.1348 -616.2228 95.35343 104.1348 -616.2335 95.34278 103.8324 -616.0762 95.50019 103.8324 -616.2335 95.34278 104.1348 -616.0762 95.50019 104.1348 -616.3422 95.23409 103.5195 -616.2247 95.35147 103.5195 -616.3422 95.23409 103.8219 -616.2247 95.35147 103.8219 -617.0532 94.52317 103.8219 -617.1826 94.39359 103.8219 -617.0532 94.52317 103.5195 -617.1826 94.39359 103.5195 -617.3113 94.2649 103.5195 -617.1818 94.39451 103.5195 -617.3113 94.2649 103.8219 -617.1818 94.39451 103.8219 -617.0557 94.52069 103.5195 -616.926 94.65026 103.5195 -617.0557 94.52069 103.8219 -616.926 94.65026 103.8219 -616.9309 94.64539 103.5195 -616.8013 94.775 103.5195 -616.9309 94.64539 103.8219 -616.8013 94.775 103.8219 -616.8099 94.76624 103.5195 -616.6804 94.89585 103.5195 -616.8099 94.76624 103.8219 -616.6804 94.89585 103.8219 -616.6829 94.89337 103.5195 -616.5532 95.023 103.5195 -616.6829 94.89337 103.8219 -616.5532 95.023 103.8219 -616.5568 95.01939 103.5195 -616.4274 95.14893 103.5195 -616.5568 95.01939 103.8219 -616.4274 95.14893 103.8219 -616.4293 95.14684 103.5164 -616.3353 95.241 103.5164 -616.4293 95.14684 103.8188 -616.3353 95.241 103.8188 -616.2175 95.3588 103.5195 -616.0878 95.48838 103.5195 -616.2175 95.3588 103.8219 -616.0878 95.48838 103.8219 -617.309 94.26725 103.2195 -617.2056 94.37061 103.2195 -617.309 94.26725 103.5219 -617.2056 94.37061 103.5219 -617.2078 94.36849 103.2145 -617.0936 94.48258 103.2145 -617.2078 94.36849 103.5169 -617.0936 94.48258 103.5169 -617.0928 94.48355 103.2161 -616.9893 94.58692 103.2161 -617.0928 94.48355 103.5185 -616.9893 94.58692 103.5185 -616.9893 94.58689 103.2147 -616.8955 94.68082 103.2147 -616.9893 94.58689 103.517 -616.8955 94.68082 103.517 -616.8981 94.67819 103.2147 -616.8041 94.77213 103.2147 -616.8981 94.67819 103.517 -616.8041 94.77213 103.517 -616.3776 95.19852 103.2084 -616.2927 95.28364 103.2084 -616.3776 95.19852 103.5108 -616.2927 95.28364 103.5108 -616.5333 95.04285 103.2084 -616.4395 95.13682 103.2084 -616.5333 95.04285 103.5108 -616.4395 95.13682 103.5108 -616.4409 95.13526 103.2053 -616.3726 95.20355 103.2053 -616.4409 95.13526 103.5077 -616.3726 95.20355 103.5077 -616.2872 95.28893 103.2084 -616.2872 95.28893 103.5108 -616.1934 95.38291 103.5108 -616.1935 95.38272 103.2084 -616.0997 95.47666 103.2084 -616.0997 95.47666 103.5108 -616.8079 94.76847 103.2147 -616.6859 94.89041 103.2147 -616.8079 94.76847 103.517 -616.6859 94.89041 103.517 -616.6868 94.88938 103.2053 -616.6185 94.95764 103.2053 -616.6868 94.88938 103.5077 -616.6185 94.95764 103.5077 -616.6293 94.94699 103.2084 -616.5353 95.04093 103.2084 -616.6293 94.94699 103.5108 -616.5353 95.04093 103.5108 -616.2628 95.31345 104.2376 -616.0805 95.49584 104.2376 -616.2628 95.31345 104.6371 -616.0805 95.49584 104.6371 -616.03 95.54775 103.1468 -617.366 94.21179 103.1468 -616.03 95.54775 104.748 -617.366 94.21179 104.748 -616.0591 95.67194 104.8151 -616.0591 95.67194 103.0797 -617.4901 94.24106 103.0797 -617.4901 94.24106 104.8151 -615.9824 95.59522 104.8151 -615.9824 95.59522 103.0797 -617.4133 94.16434 103.0797 -617.4133 94.16434 104.8151 -634.2923 77.21074 102.2768 -643.3582 68.0908 102.2768 -634.2923 77.21074 103.5774 -643.3582 68.0908 103.5774 -634.4946 77.41304 102.2768 -643.5606 68.29311 102.2768 -634.4946 77.41304 103.5774 -643.5606 68.29311 103.5774 -643.4647 68.17203 104.7707 -634.4413 77.24374 104.7707 -643.4647 68.17203 102.9406 -634.4413 77.24374 102.9406 -621.3054 92.20229 103.1974 -627.7216 85.7496 103.1974 -621.3054 92.43301 101.7833 -627.9523 85.74959 101.7833 -626.8578 84.88571 103.1974 -620.4415 91.33858 103.1974 -626.8578 84.65518 101.7833 -620.2109 91.33858 101.7833 -627.9523 85.74959 103.1974 -621.3054 92.43301 103.1974 -626.8578 84.65518 103.1974 -620.2109 91.33858 103.1974 -627.7216 85.7496 103.0855 -621.3054 92.20229 103.0855 -626.8578 84.88571 103.0855 -620.4415 91.33858 103.0855 -589.2496 163.1827 101.8209 -580.6595 154.6128 101.8209 -589.4574 163.1597 100.5765 -580.6417 154.3741 100.5765 -580.1292 155.1221 101.8209 -588.7195 163.692 101.8209 -588.6967 163.8997 100.5765 -580.6417 154.3741 101.8209 -589.4574 163.1597 101.8209 -588.6967 163.8997 101.8209 -580.6595 154.6128 101.6203 -589.2496 163.1827 101.6203 -580.1292 155.1221 101.6203 -588.7195 163.692 101.6203 -580.0204 154.7936 101.8209 -583.234 151.532 101.8209 -579.8987 155.1221 100.5765 -583.4647 151.532 100.5765 -582.3702 150.6681 101.8209 -579.7047 153.3736 101.8209 -582.3702 150.4376 100.5765 -579.5195 153.3281 100.5765 -583.4647 151.532 101.8209 -579.8987 155.1221 101.8209 -582.3702 150.4376 101.8209 -579.5195 153.3281 101.8209 -583.234 151.532 101.6203 -580.0204 154.7936 101.6203 -582.3702 150.6681 101.6203 -579.7047 153.3736 101.6203 -575.7979 144.9301 101.8209 -571.811 140.7535 101.8209 -576.0286 144.9301 100.5765 -571.811 140.5228 100.5765 -570.9471 141.6173 101.8209 -574.9342 145.7939 101.8209 -570.7166 141.6173 100.5765 -574.9342 146.0245 100.5765 -571.811 140.5228 101.8209 -576.0286 144.9301 101.8209 -570.7166 141.6173 101.8209 -574.9342 146.0245 101.8209 -571.811 140.7535 101.6203 -575.7979 144.9301 101.6203 -570.9471 141.6173 101.6203 -574.9342 145.7939 101.6203 -603.0551 125.5454 102.2905 -608.8733 131.372 102.2905 -602.8244 125.5454 101.0598 -608.8733 131.6026 101.0598 -609.7372 130.5082 102.2905 -603.9188 124.6816 102.2905 -609.9677 130.5082 101.0598 -603.9188 124.451 101.0598 -608.8733 131.6026 102.2905 -602.8244 125.5454 102.2905 -609.9677 130.5082 102.2905 -603.9188 124.451 102.2905 -608.8733 131.372 102.1036 -603.0551 125.5454 102.1036 -609.7372 130.5082 102.1036 -603.9188 124.6816 102.1036 -593.3386 118.9763 101.1916 -596.9362 122.5886 101.1916 -593.6921 118.6227 101.1916 -597.2897 122.235 101.1916 -593.6921 118.6227 102.7403 -593.3386 118.9763 102.7403 -596.9362 122.5886 102.7403 -597.2897 122.235 102.7403 -593.3386 118.9763 99.98112 -596.9362 122.5886 99.98112 -593.6921 118.6227 99.98112 -597.2897 122.235 99.98112 -593.6497 119.0337 103.7214 -597.0287 122.4357 102.7214 -597.0287 122.4357 103.7214 -593.6497 119.0337 102.7214 -571.7435 140.5324 101.1916 -576.041 144.9411 101.1916 -572.0971 140.1788 101.1916 -576.3945 144.5875 101.1916 -572.0971 140.1788 102.7403 -571.7435 140.5324 102.7403 -576.041 144.9411 102.7403 -576.3945 144.5875 102.7403 -571.7435 140.5324 99.98112 -576.041 144.9411 99.98112 -572.0971 140.1788 99.98112 -576.3945 144.5875 99.98112 -572.0546 140.5899 103.7214 -576.1828 144.7565 102.7214 -576.1828 144.7565 103.7214 -572.0546 140.5899 102.7214 -607.5021 104.258 103.816 -607.5021 104.258 104.816 -610.2203 107.0534 103.816 -610.2203 107.0534 104.816 -595.0324 119.731 102.714 -597.2823 121.9842 102.714 -594.8016 119.731 101.4872 -597.2722 122.2216 101.3697 -598.1462 121.1204 102.714 -595.8961 118.8671 102.714 -598.3767 121.1204 101.3697 -595.8961 118.6365 101.4872 -597.2722 122.2216 102.714 -594.8016 119.731 102.714 -598.3767 121.1204 102.714 -595.8961 118.6365 102.714 -597.2823 121.9842 102.4135 -595.0324 119.731 102.531 -598.1462 121.1204 102.4135 -595.8961 118.8671 102.531 -574.2111 145.9207 100.9536 -574.2111 145.9207 104.5644 -622.9408 93.97156 105.357 -622.9408 93.97156 104.9086 -622.8135 93.8444 104.9087 -622.8135 93.8444 105.357 -622.8137 93.84454 105.357 -622.8137 93.84454 104.9087 -622.7156 93.74655 104.9087 -622.7156 93.74655 105.357 -622.7157 93.7467 105.357 -622.7157 93.7467 104.9087 -622.6176 93.6487 104.9087 -622.6176 93.6487 105.357 -622.6178 93.64885 105.357 -622.6178 93.64885 104.9087 -622.4929 93.5241 104.9087 -622.4929 93.5241 105.357 -622.4931 93.52425 105.357 -622.4931 93.52425 104.9087 -622.3772 93.40851 104.9087 -622.3772 93.40851 105.357 -622.3773 93.40866 105.357 -622.3773 93.40866 104.9087 -622.2406 93.27203 104.9087 -622.2406 93.27203 105.357 -622.2194 93.25028 104.5977 -622.2194 93.25028 104.3375 -622.0525 93.08323 104.3375 -622.0525 93.08323 104.5977 -622.0528 93.0836 104.5977 -622.0528 93.0836 104.3375 -621.889 92.91967 104.3375 -621.889 92.91967 104.5977 -621.8894 92.92005 104.5977 -621.8894 92.92005 104.3375 -621.7516 92.78218 104.3375 -621.7516 92.78218 104.5977 -621.8497 92.88029 104.3878 -621.8497 92.88029 104.2834 -621.7913 92.82194 104.2834 -621.7913 92.82194 104.3878 -621.752 92.78256 104.5977 -621.752 92.78256 104.3375 -621.5998 92.6303 104.3375 -621.5998 92.6303 104.5977 -621.9478 89.72274 103.7316 -621.9478 89.72274 103.6181 -621.8751 89.79547 103.6181 -621.8751 89.79547 103.7316 -621.8751 89.79547 103.7316 -621.8751 89.79547 103.6181 -621.8037 89.86683 103.6181 -621.8037 89.86683 103.7316 -621.8037 89.86683 103.7316 -621.8037 89.86683 103.6181 -621.7437 89.92684 103.6181 -621.7437 89.92684 103.7316 -621.7864 89.88413 103.64 -621.7864 89.88413 103.5945 -621.761 89.90954 103.5945 -621.761 89.90954 103.64 -621.7437 89.92684 103.7316 -621.7437 89.92684 103.6181 -621.6774 89.99313 103.6181 -621.6774 89.99313 103.7316 -622.5999 93.63082 102.7985 -622.5999 93.63082 102.3456 -622.4166 93.44756 102.3456 -622.4166 93.44756 102.7985 -622.4271 93.45813 102.7985 -622.4271 93.45813 102.3456 -622.2739 93.30501 102.3456 -622.2739 93.30501 102.7985 -622.2845 93.31558 102.7985 -622.2845 93.31558 102.3456 -622.1508 93.18193 102.3456 -622.1508 93.18193 102.7985 -622.1613 93.19249 102.7985 -622.1613 93.19249 102.3456 -621.9942 93.02546 102.3456 -621.9942 93.02546 102.7985 -622.0048 93.03602 102.7985 -622.0048 93.03602 102.3456 -621.8467 92.878 102.3456 -621.8467 92.878 102.7985 -621.8573 92.88857 102.7985 -621.8573 92.88857 102.3456 -621.6869 92.71829 102.3456 -621.6869 92.71829 102.7985 -617.3298 94.24644 104.6279 -617.3298 94.24644 104.2467 -617.2158 94.3604 104.2467 -617.2158 94.3604 104.6279 -617.2149 94.36131 104.6279 -617.2149 94.36131 104.2467 -617.1035 94.47273 104.2467 -617.1035 94.47273 104.6279 -617.1026 94.47365 104.6279 -617.1026 94.47365 104.2467 -616.9728 94.60345 104.2467 -616.9728 94.60345 104.6279 -616.9719 94.60437 104.6279 -616.9719 94.60437 104.2467 -616.8718 94.70448 104.2467 -616.8718 94.70448 104.6279 -616.8709 94.7054 104.6279 -616.8709 94.7054 104.2467 -616.7778 94.79843 104.2467 -616.7778 94.79843 104.6279 -616.7769 94.79935 104.6279 -616.7769 94.79935 104.2467 -616.6686 94.9077 104.2467 -616.6686 94.9077 104.6279 -616.6677 94.90862 104.6279 -616.6677 94.90862 104.2467 -616.5583 95.01797 104.2467 -616.5583 95.01797 104.6279 -616.5574 95.01889 104.6279 -616.5574 95.01889 104.2467 -616.4429 95.13337 104.2467 -616.4429 95.13337 104.6279 -616.442 95.13429 104.6279 -616.442 95.13429 104.2467 -616.2938 95.28248 104.2467 -616.2938 95.28248 104.6279 -616.2929 95.28339 104.6279 -616.2929 95.28339 104.2467 -616.1815 95.39481 104.2467 -616.1815 95.39481 104.6279 -616.1806 95.39573 104.6279 -616.1806 95.39573 104.2467 -616.0805 95.49584 104.2467 -616.0805 95.49584 104.6279 -594.9292 116.6226 104.4156 -594.9292 116.6226 104.1374 -594.7928 116.7591 104.1374 -594.7928 116.7591 104.4156 -594.8021 116.7498 104.4156 -594.8021 116.7498 104.1374 -594.6546 116.8973 104.1374 -594.6546 116.8973 104.4156 -594.6639 116.8881 104.4156 -594.6639 116.8881 104.1374 -594.5188 117.0332 104.1374 -594.5188 117.0332 104.4156 -594.5281 117.0239 104.4156 -594.5281 117.0239 104.1374 -594.3806 117.1715 104.1374 -594.3806 117.1715 104.4156 -594.3899 117.1622 104.4156 -594.3899 117.1622 104.1374 -594.2651 117.287 104.1374 -594.2651 117.287 104.4156 -592.5388 119.045 104.4325 -592.5388 119.045 104.0602 -592.3754 119.2083 104.0602 -592.3754 119.2083 104.4325 -592.3826 119.2011 104.4325 -592.3826 119.2011 104.0602 -592.2248 119.3589 104.0602 -592.2248 119.3589 104.4325 -592.232 119.3517 104.4325 -592.232 119.3517 104.0602 -592.0893 119.4945 104.0602 -592.0893 119.4945 104.4325 -592.0965 119.4873 104.4325 -592.0965 119.4873 104.0602 -591.9631 119.6206 104.0602 -591.9631 119.6206 104.4325 -591.9703 119.6134 104.4325 -591.9703 119.6134 104.0602 -591.8126 119.7712 104.0602 -591.8126 119.7712 104.4325 -591.8198 119.764 104.4325 -591.8198 119.764 104.0602 -591.6903 119.8934 104.0602 -591.6903 119.8934 104.4325 -591.6054 119.9783 104.4325 -591.6054 119.9783 104.0602 -591.4571 120.1267 104.0602 -591.4571 120.1267 104.4325 -591.4643 120.1195 104.4325 -591.4643 120.1195 104.0602 -591.3497 120.2341 104.0602 -591.3497 120.2341 104.4325 -591.2648 120.3189 104.4325 -591.2648 120.3189 104.0602 -591.1052 120.4786 104.0602 -591.1052 120.4786 104.4325 -591.1124 120.4714 104.4325 -591.1124 120.4714 104.0602 -590.9734 120.6104 104.0602 -590.9734 120.6104 104.4325 -590.9806 120.6032 104.4325 -590.9806 120.6032 104.0602 -590.8228 120.7609 104.0602 -590.8228 120.7609 104.4325 -590.83 120.7537 104.4325 -590.83 120.7537 104.0602 -590.7154 120.8683 104.0602 -590.7154 120.8683 104.4325 -590.7226 120.8611 104.4325 -590.7226 120.8611 104.0602 -590.6268 120.957 104.0602 -590.6268 120.957 104.4325 -590.634 120.9498 104.4325 -590.634 120.9498 104.0602 -590.4856 121.0981 104.0602 -590.4856 121.0981 104.4325 -590.4928 121.091 104.4325 -590.4928 121.091 104.0602 -590.335 121.2487 104.0602 -590.335 121.2487 104.4325 -590.3422 121.2415 104.4325 -590.3422 121.2415 104.0602 -590.1939 121.3899 104.0602 -590.1939 121.3899 104.4325 -590.2011 121.3827 104.4325 -590.2011 121.3827 104.0602 -590.0865 121.4973 104.0602 -590.0865 121.4973 104.4325 -589.8651 121.7247 104.3502 -589.8651 121.7247 103.6379 -589.6654 121.9245 103.6379 -589.6654 121.9245 104.3502 -589.677 121.9128 104.3502 -589.677 121.9128 103.6379 -589.4617 122.1283 103.6379 -589.4617 122.1283 104.3503 -589.4734 122.1166 104.3503 -589.4734 122.1166 103.6379 -589.2657 122.3243 103.638 -589.2657 122.3243 104.3503 -589.2774 122.3127 104.3503 -589.2774 122.3127 103.638 -589.0621 122.5281 103.638 -589.0621 122.5281 104.3503 -589.0737 122.5164 104.3503 -589.0737 122.5164 103.638 -588.8947 122.6955 103.638 -588.8947 122.6955 104.3503 -588.7294 122.8608 104.3503 -588.7294 122.8608 103.638 -588.5374 123.053 103.638 -588.5374 123.053 104.3503 -588.5491 123.0413 104.3503 -588.5491 123.0413 103.638 -588.37 123.2204 103.638 -588.37 123.2204 104.3503 -588.3817 123.2087 104.3503 -588.3817 123.2087 103.638 -588.1636 123.4269 103.638 -588.1636 123.4269 104.3503 -588.1753 123.4152 104.3503 -588.1753 123.4152 103.638 -587.9704 123.6202 103.638 -587.9704 123.6202 104.3503 -587.982 123.6085 104.3503 -587.982 123.6085 103.638 -587.7667 123.824 103.638 -587.7667 123.824 104.3503 -587.7784 123.8123 104.3503 -587.7784 123.8123 103.638 -587.5993 123.9914 103.638 -587.5993 123.9914 104.3503 -574.56 137.0406 103.2845 -574.56 137.0406 102.5381 -574.2836 137.317 102.5381 -574.2836 137.317 103.2845 -574.2998 137.3009 103.2845 -574.2998 137.3009 102.5381 -574.0018 137.5989 102.5381 -574.0018 137.5989 103.2846 -574.018 137.5827 103.2846 -574.018 137.5827 102.5381 -573.7307 137.8701 102.5382 -573.7307 137.8701 103.2846 -573.7468 137.854 103.2846 -573.7468 137.854 102.5382 -573.4489 138.152 102.5382 -573.4489 138.152 103.2846 -573.4651 138.1358 103.2846 -573.4651 138.1358 102.5382 -573.2173 138.3837 102.5382 -573.2173 138.3837 103.2846 -572.9886 138.6124 103.2846 -572.9886 138.6124 102.5382 -572.7228 138.8783 102.5382 -572.7228 138.8783 103.2846 -572.739 138.8621 103.2846 -572.739 138.8621 102.5382 -572.4913 139.1099 102.5382 -572.4913 139.1099 103.2846 -572.5074 139.0937 103.2846 -572.5074 139.0937 102.5382 -572.2057 139.3955 102.5382 -572.2057 139.3955 103.2846 -572.2219 139.3793 103.2846 -572.2219 139.3793 102.5382 -571.9383 139.663 102.5382 -571.9383 139.663 103.2846 -571.9545 139.6468 103.2846 -571.9545 139.6468 102.5382 -571.6565 139.9449 102.5382 -571.6565 139.9449 103.2846 -571.6727 139.9287 103.2846 -571.6727 139.9287 102.5382 -571.425 140.1765 102.5382 -571.425 140.1765 103.2847 -617.3139 94.26217 104.1348 -617.3139 94.26217 103.8324 -617.1805 94.39562 103.8324 -617.1805 94.39562 104.1348 -617.1884 94.38776 104.1348 -617.1884 94.38776 103.8324 -617.0367 94.53946 103.8324 -617.0367 94.53946 104.1348 -617.0446 94.5316 104.1348 -617.0446 94.5316 103.8324 -616.9051 94.67113 103.8324 -616.9051 94.67113 104.1348 -616.9129 94.66327 104.1348 -616.9129 94.66327 103.8324 -616.8464 94.7298 103.8324 -616.8464 94.7298 104.1348 -616.8543 94.72195 104.1348 -616.8543 94.72195 103.8324 -616.7026 94.87364 103.8324 -616.7026 94.87364 104.1348 -616.7105 94.86579 104.1348 -616.7105 94.86579 103.8324 -616.571 95.00532 103.8324 -616.571 95.00532 104.1348 -616.5788 94.99746 104.1348 -616.5788 94.99746 103.8324 -616.4272 95.14916 103.8324 -616.4272 95.14916 104.1348 -616.435 95.1413 104.1348 -616.435 95.1413 103.8324 -616.3016 95.27475 103.8324 -616.3016 95.27475 104.1348 -616.3095 95.26689 104.1348 -616.3095 95.26689 103.8324 -616.1943 95.38209 103.8324 -616.1943 95.38209 104.1348 -616.2022 95.37423 104.1348 -616.2022 95.37423 103.8324 -616.0762 95.5002 103.8324 -616.0762 95.5002 104.1348 -617.2786 94.29709 103.8219 -617.2786 94.29709 103.5195 -617.1525 94.42335 103.5195 -617.1525 94.42335 103.8219 -617.155 94.42086 103.8219 -617.155 94.42086 103.5195 -617.0259 94.55006 103.5195 -617.0259 94.55006 103.8219 -617.0284 94.54757 103.8219 -617.0284 94.54757 103.5195 -616.9022 94.67383 103.5195 -616.9022 94.67383 103.8219 -616.9047 94.67134 103.8219 -616.9047 94.67134 103.5195 -616.7871 94.78898 103.5195 -616.7871 94.78898 103.8219 -616.7896 94.78649 103.8219 -616.7896 94.78649 103.5195 -616.6719 94.90434 103.5195 -616.6719 94.90434 103.8219 -616.6744 94.90185 103.8219 -616.6744 94.90185 103.5195 -616.5449 95.03145 103.5195 -616.5449 95.03145 103.8219 -616.5474 95.02896 103.8219 -616.5474 95.02896 103.5195 -616.4212 95.15522 103.5195 -616.4212 95.15522 103.8219 -616.4237 95.15273 103.8219 -616.4237 95.15273 103.5195 -616.271 95.30561 103.5195 -616.271 95.30561 103.8219 -616.3943 95.18219 103.8635 -616.3943 95.18219 103.8001 -616.3004 95.27615 103.8001 -616.3004 95.27615 103.8635 -616.2734 95.30312 103.8219 -616.2734 95.30312 103.5195 -616.1205 95.4562 103.5195 -616.1205 95.4562 103.8219 -617.0348 94.54161 103.5108 -617.0348 94.54161 103.2084 -616.9328 94.64356 103.2084 -616.9328 94.64356 103.5108 -616.934 94.64234 103.5108 -616.934 94.64234 103.2084 -616.8233 94.75304 103.2084 -616.8233 94.75304 103.5108 -616.9115 94.66489 103.5524 -616.9115 94.66489 103.489 -616.8458 94.73049 103.489 -616.8458 94.73049 103.5524 -616.8245 94.75181 103.5108 -616.8245 94.75181 103.2084 -616.7138 94.86251 103.2084 -616.7138 94.86251 103.5108 -616.715 94.86129 103.5108 -616.715 94.86129 103.2084 -616.6217 94.95449 103.2084 -616.6217 94.95449 103.5108 -616.623 94.95327 103.5108 -616.623 94.95327 103.2084 -616.5735 95.00274 103.2084 -616.5735 95.00274 103.5108 -616.5747 95.00152 103.5108 -616.5747 95.00152 103.2084 -616.464 95.11221 103.2084 -616.464 95.11221 103.5108 -616.4652 95.11099 103.5108 -616.4652 95.11099 103.2084 -616.3739 95.20224 103.2084 -616.3739 95.20224 103.5108 -587.4556 124.0298 104.2405 -587.4556 124.0298 103.685 -587.2382 124.2472 103.685 -587.2382 124.2472 104.2405 -587.2594 124.226 104.2405 -587.2594 124.226 103.685 -587.017 124.4684 103.685 -587.017 124.4684 104.2405 -587.0383 124.4471 104.2405 -587.0383 124.4471 103.685 -586.8457 124.6397 103.685 -586.8457 124.6397 104.2405 -586.867 124.6184 104.2405 -586.867 124.6184 103.685 -586.631 124.8544 103.685 -586.631 124.8544 104.2405 -586.6522 124.8332 104.2405 -586.6522 124.8332 103.685 -586.4374 125.048 103.685 -586.4374 125.048 104.2405 -599.2438 112.3678 104.044 -599.2438 112.3678 103.7657 -599.151 112.4606 103.7657 -599.151 112.4606 104.044 -599.1538 112.4578 104.044 -599.1538 112.4578 103.7657 -599.0641 112.5476 103.7657 -599.0641 112.5476 104.044 -599.0669 112.5448 104.044 -599.0669 112.5448 103.7657 -598.9627 112.649 103.7657 -598.9627 112.649 104.044 -598.9655 112.6462 104.044 -598.9655 112.6462 103.7657 -598.8598 112.7518 103.7657 -598.8598 112.7518 104.044 -598.8626 112.749 104.044 -598.8626 112.749 103.7657 -598.8134 112.7982 103.7657 -598.8134 112.7982 104.044 -598.8162 112.7954 104.044 -598.8162 112.7954 103.7657 -598.7062 112.9054 103.7657 -598.7062 112.9054 104.044 -598.7844 112.8273 103.7778 -598.7844 112.8273 103.655 -598.7381 112.8736 103.655 -598.7381 112.8736 103.7778 -598.709 112.9026 104.044 -598.709 112.9026 103.7657 -598.6019 113.0097 103.7657 -598.6019 113.0097 104.044 -598.5194 113.0923 104.044 -598.5194 113.0923 103.7657 -598.4094 113.2023 103.7657 -598.4094 113.2023 104.044 -598.4122 113.1995 104.044 -598.4122 113.1995 103.7657 -598.3051 113.3066 103.7657 -598.3051 113.3066 104.044 -598.3079 113.3038 104.044 -598.3079 113.3038 103.7657 -598.166 113.4456 103.7657 -598.166 113.4456 104.044 -598.1688 113.4428 104.044 -598.1688 113.4428 103.7657 -598.0645 113.5472 103.7657 -598.0645 113.5472 104.044 -598.0673 113.5444 104.044 -598.0673 113.5444 103.7657 -597.9804 113.6312 103.7657 -597.9804 113.6312 104.044 -597.9832 113.6284 104.044 -597.9832 113.6284 103.7657 -597.8935 113.7181 103.7657 -597.8935 113.7181 104.044 -597.8963 113.7153 104.044 -597.8963 113.7153 103.7657 -597.7906 113.821 103.7657 -597.7906 113.821 104.044 -597.7934 113.8182 104.044 -597.7934 113.8182 103.7657 -597.6863 113.9253 103.7657 -597.6863 113.9253 104.044 -614.1769 97.33621 104.1123 -614.1769 97.33621 103.6021 -613.9719 97.54129 103.6021 -613.9719 97.54129 104.1123 -613.9705 97.54263 104.1123 -613.9705 97.54263 103.6021 -613.8532 97.65992 103.6021 -613.8532 97.65992 104.1123 -613.8519 97.66127 104.1123 -613.8519 97.66127 103.6021 -613.6673 97.8458 103.6021 -613.6673 97.8458 104.1123 -613.666 97.84715 104.1123 -613.666 97.84715 103.6021 -613.474 98.03915 103.6021 -613.474 98.03915 104.1123 -613.4726 98.0405 104.1123 -613.4726 98.0405 103.6021 -613.275 98.2381 103.6021 -613.275 98.2381 104.1123 -613.2737 98.23945 104.1123 -613.2737 98.23945 103.6021 -613.1059 98.40716 103.6021 -613.1059 98.40716 104.1123 -594.957 116.5948 103.7723 -594.957 116.5948 103.4817 -594.8143 116.7376 103.4817 -594.8143 116.7376 103.7723 -594.8249 116.727 103.7723 -594.8249 116.727 103.4817 -594.6921 116.8598 103.4817 -594.6921 116.8598 103.7723 -594.7028 116.8492 103.7723 -594.7028 116.8492 103.4817 -594.5408 117.0112 103.4817 -594.5408 117.0112 103.7723 -594.5514 117.0006 103.7723 -594.5514 117.0006 103.4817 -594.3976 117.1545 103.4817 -594.3976 117.1545 103.7723 -594.4082 117.1438 103.7723 -594.4082 117.1438 103.4817 -594.2467 117.3054 103.4817 -594.2467 117.3054 103.7723 -594.2574 117.2948 103.7723 -594.2574 117.2948 103.4817 -594.1246 117.4277 103.4817 -594.1246 117.4277 103.7723 -561.5864 149.9238 102.2612 -561.5864 149.9238 101.971 -561.5076 150.0026 101.971 -561.5076 150.0026 102.2612 -561.5064 150.0038 102.2612 -561.5064 150.0038 101.971 -561.4087 150.1015 101.971 -561.4087 150.1015 102.2612 -561.4075 150.1027 102.2612 -561.4075 150.1027 101.971 -561.3167 150.1935 101.971 -561.3167 150.1935 102.2612 -561.3155 150.1947 102.2612 -561.3155 150.1947 101.971 -561.2156 150.2946 101.971 -561.2156 150.2946 102.2612 -561.2143 150.2959 102.2612 -561.2143 150.2959 101.971 -561.1052 150.405 101.971 -561.1052 150.405 102.2612 -561.104 150.4062 102.2612 -561.104 150.4062 101.971 -561.0063 150.5039 101.971 -561.0063 150.5039 102.2612 -561.0051 150.5051 102.2612 -561.0051 150.5051 101.971 -560.8959 150.6142 101.971 -560.896 150.6143 102.2612 -592.7622 118.7887 102.2665 -592.7622 118.7887 101.6608 -592.5378 119.0131 101.6608 -592.5378 119.0131 102.2665 -592.542 119.0089 102.2665 -592.542 119.0089 101.6608 -592.3338 119.217 101.6608 -592.3338 119.217 102.2665 -592.3379 119.2128 102.2665 -592.3379 119.2128 101.6608 -592.1716 119.3791 101.6608 -592.1716 119.3791 102.2665 -592.1758 119.3749 102.2665 -592.1758 119.3749 101.6608 -591.976 119.5747 101.6608 -591.976 119.5747 102.2665 -591.8303 119.7202 102.2665 -591.8303 119.7202 101.6608 -591.6639 119.8865 101.6608 -591.6639 119.8865 102.2665 -591.6681 119.8823 102.2665 -591.6681 119.8823 101.6608 -591.4683 120.0821 101.6608 -591.4683 120.0821 102.2665 -591.4725 120.0779 102.2665 -591.4725 120.0779 101.6608 -591.2586 120.2917 101.6608 -591.2586 120.2917 102.2665 -591.2628 120.2875 102.2665 -591.2628 120.2875 101.6608 -591.0295 120.5207 101.6608 -591.0295 120.5207 102.2665 -591.0337 120.5165 102.2665 -591.0337 120.5165 101.6608 -590.8255 120.7246 101.6608 -590.8255 120.7246 102.2665 -590.8297 120.7205 102.2665 -590.8297 120.7205 101.6608 -590.6116 120.9385 101.6608 -590.6116 120.9385 102.2665 -625.8334 85.84528 103.7333 -625.8334 85.84527 103.6012 -625.7945 85.88417 103.6012 -625.7945 85.88418 103.7333 -625.7984 85.88029 103.7823 -625.7984 85.88028 103.5692 -625.7381 85.94058 103.5692 -625.7381 85.94058 103.7823 -622.9702 94.00132 104.0359 -622.9702 94.00132 103.7003 -622.8714 93.90255 103.7003 -622.8714 93.90255 104.0358 -622.8812 93.91243 104.1603 -622.8812 93.91243 103.6192 -622.7281 93.75934 103.6191 -622.7281 93.75934 104.1603 -624.2726 87.40594 103.7731 -624.2726 87.40594 103.641 -624.2337 87.44484 103.641 -624.2337 87.44484 103.7731 -624.2376 87.44095 103.8221 -624.2376 87.44095 103.609 -624.1774 87.50125 103.609 -624.1774 87.50125 103.8221 -598.5709 113.0408 103.3637 -598.5709 113.0408 103.1763 -598.5157 113.096 103.1763 -598.5157 113.096 103.3637 -598.5213 113.0904 103.4333 -598.5213 113.0904 103.1309 -598.4357 113.176 103.1309 -598.4357 113.176 103.4333 -622.2753 89.39511 103.4865 -622.2753 89.3951 103.3401 -622.2322 89.4382 103.3401 -622.2322 89.43821 103.4865 -622.2365 89.4339 103.5408 -622.2365 89.43389 103.3047 -622.1697 89.5007 103.3047 -622.1697 89.5007 103.5408 -624.9766 86.70196 103.7726 -624.9766 86.70196 103.6405 -624.9377 86.74086 103.6405 -624.9377 86.74086 103.7726 -624.9416 86.73697 103.8216 -624.9416 86.73697 103.6085 -624.8814 86.79727 103.6085 -624.8814 86.79727 103.8216 -626.5768 85.10193 103.7915 -626.5768 85.10193 103.6594 -626.5378 85.14083 103.6594 -626.5378 85.14083 103.7915 -626.5417 85.13694 103.8405 -626.5417 85.13694 103.6274 -626.4813 85.19724 103.6274 -626.4813 85.19724 103.8405 -623.4908 88.18793 103.7798 -623.4908 88.18793 103.6477 -623.4518 88.22683 103.6477 -623.4518 88.22683 103.7798 -623.4557 88.22294 103.8288 -623.4557 88.22294 103.6157 -623.3953 88.28324 103.6157 -623.3953 88.28324 103.8288 -598.8536 112.7583 103.4276 -598.8536 112.7583 103.342 -598.8238 112.788 103.342 -598.8238 112.788 103.4276 -598.8065 112.8052 103.4276 -598.8065 112.8052 103.342 -598.775 112.8367 103.342 -598.775 112.8367 103.4276 -598.7764 112.8353 103.4276 -598.7764 112.8353 103.342 -598.7466 112.865 103.342 -598.7466 112.865 103.4276 -598.748 112.8636 103.4276 -598.748 112.8636 103.342 -598.7245 112.8871 103.342 -598.7245 112.8871 103.4276 -598.7259 112.8857 103.4276 -598.7259 112.8857 103.342 -598.7029 112.9087 103.342 -598.7029 112.9087 103.4276 -598.7043 112.9073 103.4276 -598.7043 112.9073 103.342 -598.6945 112.917 103.342 -598.6945 112.917 103.4276 -598.6959 112.9156 103.4276 -598.6959 112.9156 103.342 -598.6724 112.9391 103.342 -598.6724 112.9391 103.4276 -598.6551 112.9563 103.4276 -598.6551 112.9563 103.342 -598.6236 112.9877 103.342 -598.6236 112.9877 103.4276 -598.625 112.9863 103.4276 -598.625 112.9863 103.342 -598.5939 113.0173 103.342 -598.5939 113.0173 103.4276</float_array>
          <technique_common>
            <accessor source="#Plane_058-mesh-positions-array" count="2173" stride="3">
              <param name="X" type="float"/>
              <param name="Y" type="float"/>
              <param name="Z" type="float"/>
            </accessor>
          </technique_common>
        </source>
        <source id="Plane_058-mesh-normals">
          <float_array id="Plane_058-mesh-normals-array" count="3495">-3.7179e-4 3.02623e-4 1 4.77291e-4 4.47437e-5 1 -3.38964e-4 3.38987e-4 1 0.7071626 0.707051 0 0.7072229 0.7069907 0 -7.61709e-5 0 -1 0.708767 -0.7054427 0 0.7074097 -0.7068033 -8.18802e-4 0.7072559 -0.706957 -9.60262e-4 0.7071477 -0.7070648 -0.001259028 0.7077779 -0.706435 0 0.7068813 -0.7073322 2.57807e-4 0.7069985 -0.7072151 0 0.7071983 -0.7070137 -0.001476883 0.7072169 -0.7069958 -0.001142323 -0.7071068 0.7071068 0 0.70697 -0.7072436 0 0.7068321 -0.7073811 7.76078e-4 0.7079861 -0.7062264 -3.84223e-5 0.7075457 -0.7066676 0 0.7070781 -0.7071343 0.001348495 0.7071859 -0.7070274 5.96672e-4 0.70696 -0.7072535 -8.87173e-6 0.7071029 -0.7071107 9.96118e-5 0.7074344 -0.7067791 0 0.707156 -0.7070565 -0.001351118 0.7071728 -0.70704 -0.001112639 0.7071726 -0.7070401 -0.00111258 1.88225e-5 0 1 0.7062747 -0.7079378 -2.09855e-4 0.707372 -0.7068411 8.23416e-4 0.7068766 -0.7073369 0 -2.39452e-5 0 1 -0.7071106 -0.707103 0 -8.72077e-6 0 1 0.7072013 -0.7070123 0 -0.7077252 0.7064878 0 0 0 1 -0.7071561 0.7070575 0 0.7069857 -0.707228 0 -0.7077097 0.7065035 0 -0.7078941 0.7063185 4.01906e-4 -0.7071895 0.7070241 0 0.707122 0.7070916 0 -0.7069533 -0.7072603 0 -0.7068285 0.7073848 -4.55933e-4 -0.7069334 0.7072802 0 -0.7069333 0.70728 4.79439e-4 0.7070854 -0.7071282 0 -0.7071145 0.7070991 0 7.81834e-5 0 -1 4.14656e-6 0 1 0.7069768 -0.7072368 0 0.7075616 -0.7066516 -2.45016e-4 0.7075868 -0.7066266 0 0.7065643 -0.707649 0 0.7065644 -0.7076488 0 0.7065643 -0.7076489 0 0.7071675 -0.7070446 0.001474797 0.70808 -0.7061315 0.001100838 0.7068024 -0.7074111 -6.44964e-6 0.7072786 -0.706935 -7.14827e-5 0.707488 -0.7067251 7.33736e-4 0.7070938 -0.7071187 0.001260995 0.7067549 -0.7074567 0.001580119 0.7054593 -0.7087506 0 0.7070201 -0.7071934 0 0.7070156 -0.707198 1.73066e-4 0.7070305 -0.707181 0.001685023 0.7069085 -0.7073039 0.001237988 0.7069085 -0.707304 0.001237988 0.7082659 -0.7059458 0 0.7076566 -0.7065566 -1.32104e-5 0.7071305 -0.7070827 -6.78311e-4 0.7071305 -0.7070828 -6.78276e-4 0.7071304 -0.7070829 -6.78291e-4 -0.7069507 -0.7072628 0 -0.7067624 0.7074508 -5.58305e-4 -0.7069018 0.7073115 -6.40192e-4 -0.7071756 0.7070371 0.001137375 2.32789e-5 0 1 0.7070907 -0.7071229 0 0.7070833 -0.7071304 0 -0.706794 -0.7074195 0 -0.7072551 0.7069585 0 -0.7067107 -0.7075027 0 0.7071135 0.7071002 0 0.707193 0.7070207 0 0.7066522 0.7075611 -4.00076e-4 0.7065826 0.7076307 0 -0.69266 0.7212643 0 0.7070905 -0.7071231 0 -0.7076272 -0.7065861 0 -0.7071402 0.7070734 0 -0.7071185 -0.7070952 0 -0.7064962 -0.7077166 7.41616e-4 -0.7065057 -0.7077072 4.31207e-4 -0.7066969 -0.7075166 0 0.7070793 -0.7071343 0 -0.7064182 0.7077947 0 -0.7062455 0.7079662 -0.001173734 -0.7071453 0.7070683 0 0.70764 -0.7065732 0 0.7074028 -0.7068106 0 0.707135 0.7070787 0 0.7068931 -0.7073204 -1.70343e-4 0.70721 -0.7070035 0 0.7068374 -0.7073761 -2.09709e-4 0.7074663 -0.7067471 -1.40373e-4 0.7074811 -0.7067323 0 -0.7070752 0.7071383 0 0.7067216 -0.7074919 0 0.70704 -0.7071737 0 -0.7076888 0.7065244 0 -0.7071127 0.7071008 0 -0.7071724 0.7070412 0 0.7073076 0.7069059 0 -0.7068482 0.7073653 0 -0.7061487 0.7080631 -8.62872e-4 -0.706149 0.7080633 0 -0.7061488 0.7080631 8.62847e-4 0.7071806 -0.707033 0 -0.7070734 -0.7071402 0 0.7073413 -0.7068723 0 0.7070235 -0.7071902 0 0.7062815 0.7079312 0 -0.7072105 -0.7070029 -4.66391e-4 -0.7071322 -0.7070814 0 -0.7071573 -0.7070564 0 0.706848 -0.7073655 0 0.7069169 -0.7072967 0 -0.7074637 0.7067497 0 -0.7089914 0.7052172 0 -0.7082464 0.7059653 0 0.7160782 0.6980201 0 -0.7064112 0.7078018 0 0.7072829 -0.7069308 0 -0.7071895 -0.7070241 0 -0.7076577 0.7065554 0 -0.7071498 0.7070637 -4.79389e-4 -0.7074822 0.7067308 7.23327e-4 -0.7071498 0.7070637 4.79393e-4 0.7071543 -0.7070593 0 0.7070677 -0.7071459 0 -0.7071602 -0.7070534 0 -0.7066765 0.7075368 0 0.7160388 0.6980605 0 0.7072252 -0.7069885 0 0.9783786 0.2068219 0 0.7070565 0.7071571 -7.99514e-6 0.7071828 0.7070308 -2.20618e-5 0.7071833 0.7070303 0 0.7071162 -0.7070974 0 0.7066685 -0.7075448 0 0.7069905 -0.7072231 -1.50363e-4 0.7070076 -0.707206 -2.29766e-7 0.7071136 0.7071001 0 0.7068653 -0.7073482 0 0.7074665 -0.706747 0 0.7068264 -0.7073872 0 0.7074987 -0.7067147 0 -0.7060398 0.7081722 0 0.7072869 -0.7069267 0 0.7064916 -0.7077215 4.01848e-4 0.7063373 -0.7078755 0 -0.7080858 0.7061265 0 0.7071582 -0.7070555 0 7.50852e-6 0 1 -0.7067896 0.7074235 -6.52444e-4 -0.7070749 0.7071386 0 -0.7065324 0.7076807 0 0.7123368 -0.7018378 0 -0.7068964 -0.7073171 0 0.7066047 -0.7076085 -7.68591e-5 0.7068424 -0.7073709 -3.8593e-4 0.7068483 -0.7073652 0 0.7071117 -0.7071019 0 -0.7160946 -0.6980033 0 2.9749e-6 0 1 0.707138 0.7070757 0 -0.7072654 0.7069482 0 0.7071202 0.7070934 0 -0.7069297 -0.7072839 0 0.7071664 -0.7070472 0 -0.7071068 -0.7071068 0 -0.7072772 0.7069363 0 -0.7070207 0.7071928 0 -0.7073716 0.7068415 7.6373e-4 -0.7069651 0.7072485 0 -0.7069118 0.7073017 -3.26979e-4 -0.7071151 0.7070986 0 -0.7070242 0.7071895 0 0.7076048 -0.7066085 0 0.707266 -0.7069476 0 0.7071223 -0.7070914 0 -0.7075687 0.7066446 0 0.7071898 -0.7070239 0 -0.7071872 0.7070263 0 -0.707154 -0.7070596 0 -0.70723 -0.7069835 -4.67174e-4 0.7071068 -0.7071068 0 0.7073817 -0.7068319 0 -0.7071787 -0.707035 0 -0.706922 -0.7072916 0 -0.707111 0.7071027 0 -0.7071163 0.7070972 0 0.7071235 0.7070901 0 -0.706658 -0.7075554 0 0.7070685 -0.7071451 0 0.7070859 -0.7071277 0 -0.7071135 -0.7071002 0 -0.7071955 0.7070181 0 0.7069851 -0.7072285 0 0.7075889 -0.7066243 0 0.7071145 -0.7070991 0 0.7070879 0.7071257 0 0.7224742 0.6913979 0 0.7071426 -0.7070711 -1.7864e-4 0.7072733 -0.7069402 4.02825e-4 0.7071182 -0.7070955 0 0.7069346 -0.707279 0 -0.7069323 0.7072813 0 -0.7070593 0.7071543 0 0.999918 0.01280683 0 -0.7060649 0.7081472 0 -0.9899346 -0.1415254 0 -0.7070315 0.7071819 4.36718e-4 -0.7075571 0.7066563 1.82257e-4 -0.7071708 0.7070426 -5.75242e-4 0.7070564 -0.7071572 0 0.7075036 -0.7067098 0 0.7056272 0.7085834 0 0.707112 -0.7071017 0 -0.7072968 0.7069168 0 -0.7085394 -0.7056713 0 0.7074816 -0.7067317 -1.82757e-4 0.7078017 -0.7064111 4.38961e-4 0.7075992 -0.706614 0 0.7070515 -0.7071621 0 0.7070187 -0.7071949 -7.42362e-5 0.7073535 -0.70686 0 0.7071251 -0.7070885 0 0.7071018 -0.7071118 0 0.7067954 -0.7074181 0 0.7070373 -0.7071763 0 -0.7056346 -0.7085759 0 -0.7070001 -0.7072136 0 0.7070501 -0.7071635 0 0.707139 -0.7070746 0 0.7069116 -0.7073019 -2.13711e-4 0.7065338 -0.7076793 0 0.706873 -0.7073405 0 -0.7074435 0.70677 0 0.7068929 0.7073204 4.29204e-4 0.7064347 0.707778 5.10744e-4 0.706622 0.7075912 -4.79418e-4 -0.7091984 0.705009 0 -0.7062662 -0.7079463 0 -0.707051 -0.7071626 0 0.7073535 0.70686 0 0.7070416 -0.7071719 0 0.7070666 -0.707147 0 -0.7071985 0.7070152 0 0.707585 0.7066283 0 -0.7071143 0.7070993 0 -0.7069419 0.7072716 0 0.7073481 0.7068654 0 -0.7071193 -0.7070943 0 -0.7107287 -0.7034664 0 0.7073651 -0.7068484 0 0.7070013 -0.7072123 0 0.7066287 -0.7075846 0 0.7061535 -0.7080588 0 -0.7066444 0.7075689 0 0.7071721 -0.7070415 0 -0.7072682 0.7069454 0 -0.7056354 -0.7085751 0 0.707329 -0.7068846 0 -0.7075815 0.7066317 -1.42466e-4 -0.7072913 0.7069222 3.80192e-4 -0.7074977 0.7067157 0 -0.7074977 0.7067156 -4.79362e-4 -0.7071685 -0.7070451 0 0.7070851 -0.7071284 0 -9.33694e-5 3.1941e-4 -1 9.50295e-6 0 -1 -1.52346e-4 0 1 -0.7071572 0.7070564 0 6.86332e-6 0 1 -0.02608412 0.02607625 0.9993197 0.7075973 -0.7066159 0 0.7069391 -0.7072744 4.02751e-4 0.7067839 -0.7074295 0 0.707062 -0.7071517 5.46316e-5 1.91556e-5 0 1 1.91542e-5 0 1 -3.18023e-5 0 1 1.91498e-5 0 1 0.7065928 -0.7076205 0 -0.7071151 0.7070985 0 -0.7070068 0.7072068 0 -0.7071906 0.7070229 4.0276e-4 -0.7073491 0.7068644 0 0.7070359 -0.7071777 0 0.7068599 -0.7073537 0 -0.7071131 0.7071005 0 -0.7073463 -0.7068672 0 -0.7068926 -0.707321 0 -0.7073652 0.7068483 0 -0.7070515 0.7071621 0 0.7067369 -0.7074766 -2.39481e-4 0.7073329 -0.7068807 -1.02005e-4 0.7073441 -0.7068695 0 0.709487 -0.7047185 0 -0.7070109 0.7072027 0 0.7071905 -0.707023 0 -0.712384 0.7017899 0 8.22891e-6 0 1 -6.04266e-5 0 1 3.83112e-5 0 1 3.08306e-5 0 1 4.59742e-6 0 1 1.9163e-5 0 1 0.6927633 -0.721165 0 0.7072581 -0.7069555 0 -2.05526e-5 0 1 0.7065739 -0.7076393 0 4.10644e-5 0 1 2.60257e-5 0 1 5.85686e-5 0 1 -1.24248e-5 0 1 5.12518e-5 0 1 -2.36727e-4 2.37837e-4 1 -2.37323e-4 2.37242e-4 1 -2.38733e-4 2.35824e-4 1 5.74449e-5 0 1 -7.96622e-5 0 1 -6.04449e-5 0 1 1.20543e-6 0 1 -9.2885e-5 0 1 -1.15092e-5 0 1 -6.04376e-5 0 1 1.91527e-5 0 1 6.07681e-5 0 1 -0.7070234 0.7071902 0 -0.7070736 0.70714 4.13576e-5 -0.7070545 0.7071591 -5.03938e-5 0.7070925 -0.707121 0 0.7068433 -0.7073702 0 -0.7073789 0.7068346 0 0.7073322 0.7068813 0 0.7073602 0.7068523 0.001197755 0.7085848 0.7056257 0 0.7073618 -0.7068517 0 -0.706747 0.7074664 0 0.7070453 -0.7071684 0 -0.7071135 0.7071001 0 0.7069053 -0.7073083 0 0.7071521 -0.7070615 0 -0.7068909 0.7073217 -0.00119841 -0.7068914 0.7073221 0 -0.7068909 0.7073217 0.00119841 0.7072471 -0.7069665 0 0.7069659 -0.7072476 0 0.7072878 -0.7069258 -1.50382e-4 0.707305 -0.7069086 -2.98723e-7 0.7073049 0.7069087 0 0.7069025 -0.7073111 0 0.7070577 0.7071559 0 0.7062945 0.7079181 0 0.7073806 -0.7068329 0 0.7070146 0.707199 0 -0.7069227 0.7072908 0 0.7071222 -0.7070914 0 0.7090365 -0.7051718 0 0.7070607 -0.7071529 0 0.7073788 -0.7068347 -1.65552e-4 0.7073997 -0.7068139 -2.98707e-7 0.7071322 0.7070814 0 0.7069503 -0.7072633 0 0.7060627 -0.7081494 0 -0.7067599 0.7074536 0 0.707061 -0.7071527 0 -0.7069614 0.7072522 0 -0.7069613 0.7072521 4.79352e-4 -0.7066093 0.707604 0 0.7069179 0.7072957 0 0.7132979 -0.7008047 -0.008881986 0.7189203 -0.6950919 -9.72867e-4 0.7109609 -0.7032033 -0.006314218 0.7071745 -0.7070392 0 0.7070962 -0.7071174 0 -0.7072539 0.7069597 0 0.7071906 -0.707023 0 0.7064339 -0.7077791 0 0.7071371 -0.7070765 0 -0.7070757 0.707138 0 0.7072002 -0.7070134 0 0.7071151 -0.7070985 0 -0.7079803 0.7062323 0 -0.708947 0.7052602 0.001538753 -0.7076528 0.7065604 3.43855e-4 -0.7078887 0.706324 0 -0.7078887 0.7063239 -4.79416e-4 0.7074009 -0.7068126 0 -0.7070088 0.7072048 0 0.7068721 -0.7073414 0 0.7085587 0.7056519 0 0.7072199 -0.7069936 0 0.7071543 0.7070593 0 -0.7072582 -0.7069554 0 0.7071609 -0.7070528 0 0.7070744 -0.7071392 0 0.7071127 -0.7071008 0 0.7085493 0.7056614 0 0.7070134 0.7072002 0 0.7068087 -0.7074047 0 0.7064015 -0.7078114 0 -0.7071108 -0.7071028 0 0.7069905 -0.7072231 0 0.707134 -0.7070797 0 -0.7061103 0.7081019 0 0.7069743 -0.7072393 0 -0.7066813 -0.7075321 0 -0.7066013 -0.7076118 4.38834e-4 -0.706681 -0.7075324 0 0.7071349 0.7070788 0 0.708232 -0.7059798 0 -0.7049686 0.7092386 0 -0.707149 -0.7070646 0 0.7073197 0.7068939 0 0.7069807 0.7072328 0 -0.707091 -0.7071226 0 0.7072644 -0.7069492 0 -0.7068758 -0.7073377 0 -0.7071387 0.7070749 0 -0.7071319 -0.7070818 0 0.7066577 -0.7075556 -1.85728e-4 0.7069703 -0.7072432 0 0.7073833 -0.7068302 0 0.7076024 0.7066109 0 0.7071223 -0.7070913 0 0.7233436 0.6904883 0 0.707165 -0.7070486 0 0.7068723 -0.7073413 0 -0.7071195 0.7070941 0 -0.7071428 -0.7070709 0 0.7059628 0.7082489 0 0.7071509 0.7070627 0 0.7070603 0.7071532 -3.10156e-4 0.7069137 0.7073 0 0.7070969 -0.7071167 0 -0.7070993 0.7071143 0 0.7071762 0.7070375 0 0.706778 0.7074356 0 0.7070237 -0.7071899 0 0.7076351 0.7065781 0 0.7072039 -0.7070096 0 -0.7069176 0.707296 0 -0.706807 0.707406 -8.48736e-4 0.7073097 -0.7069037 -5.35798e-4 0.7075162 -0.7066968 -7.05675e-4 0.7077465 -0.7064666 0 0.7070793 0.7071343 0 -0.7071993 0.7070142 0 -0.7065993 0.707614 0 -0.7071228 0.7070908 0 -0.7072952 0.706918 7.16636e-4 -0.7076927 0.7065204 0 -0.7076925 0.7065201 -8.62902e-4 0.7073149 -0.7068988 0 0.7071103 0.7071033 0 0.7071756 -0.707038 0 -0.7071383 0.7070753 0 -0.7072989 -0.7069147 0 -0.7075361 -0.7066772 0 -0.7070935 -0.7071202 0 0.7160688 0.6980298 0 0.7056379 0.7085726 0 -0.7070125 -0.7072011 0 0.7071184 -0.7070953 0 0.7067822 -0.7074313 -4.99316e-5 -0.7071825 0.7070312 0 0.7070408 0.7071728 0 0.7068766 -0.7073369 0 0.706952 -0.7072616 0 0.7071185 0.7070952 0 0.7076666 -0.7065465 0 0.7072419 -0.7069712 9.24587e-4 0.7068873 -0.7073263 0 -0.7071157 -0.7070978 0 -0.7072103 -0.7070033 -6.5541e-6 -0.7073459 -0.7068676 -1.87244e-5 -0.7072103 -0.7070033 0 0.7074 -0.7068135 0 -0.7094895 -0.704716 0 -0.7075314 0.706682 0 0.709097 -0.705111 0 0.7072784 -0.7069351 -2.563e-4 0.7077168 -0.7064963 0 -0.7069963 -0.7072172 0 0.7071309 -0.7070828 0 -0.7067565 0.7074569 0 -0.7069871 -0.7072265 0 -0.7071419 0.7070718 0 -0.7071418 0.7070717 4.79416e-4 -0.707165 0.7070486 0 -0.7070387 -0.7071748 0 -0.7063705 0.7078423 0 -0.7062594 0.707953 -6.5279e-4 -0.7065258 0.7076873 0 -0.7070962 0.7071174 0 -5.45613e-6 0 1 0.7067245 -0.7074888 0 0.7076643 -0.7065488 -4.07362e-4 0.7077075 -0.7065056 0 -0.7090895 0.7051185 0 -0.7233555 -0.6904758 0 -0.7070306 0.707183 0 0.7073122 -0.7069014 0 -0.7071131 -0.7071005 0 0.7110836 -0.7031074 -4.08741e-4 0.7189027 -0.6951105 6.34479e-4 0.7186371 -0.6953567 0.006323814 -0.97617 -0.217008 0 0.7071332 -0.7070804 0 0.7068959 -0.7073177 0 -0.7070757 -0.707138 0 -0.7070349 -0.7071787 0 -0.7073739 -0.7068397 0 -0.7071021 -0.7071114 0 0.7074944 -0.706719 0 0.7119829 -0.7021969 0 -0.7071187 0.7070949 0 0.7065219 -0.7076913 0 -0.7067154 0.7074977 -4.79381e-4 -0.7066466 0.7075666 -4.69411e-4 -0.7067154 0.7074978 4.79379e-4 0.7074419 -0.7067716 0 0.707051 -0.7071626 -1.79741e-4 0.7079417 -0.7062709 -2.80735e-4 0.7079749 -0.7062377 0 -0.716923 -0.6971524 0 -0.707059 -0.7071546 0 0.7074639 -0.7067494 0 0.7070702 -0.7071435 0 0.7081038 -0.7061084 0 -0.716088 -0.69801 0 0.7070254 -0.7071882 0 0.707304 0.7069096 -2.06419e-4 0.7067635 0.7074499 -5.23263e-5 0.7067607 0.7074528 0 0.7070947 -0.707119 0 -0.7080233 0.7061891 -3.35582e-4 -0.7083262 0.7058848 8.03135e-4 -0.7080233 0.7061891 3.35597e-4 -0.7069453 0.7072684 0 -0.7073194 -0.7068941 0 0.7070199 -0.7071937 0 -0.7072602 -0.7069534 0 0.7070375 -0.7071761 0 0.7072646 -0.7069491 0 0.7070273 -0.7071864 0 -0.7085471 -0.7056636 0 -0.7068807 0.7073328 0 -0.7071806 0.707033 0 0.7069879 -0.7072257 0 0.7071136 -0.7071 0 -0.7072505 -0.7069631 0 -0.7070744 0.7071392 0 0.7070423 -0.7071713 0 0.7070923 -0.7071213 0 -0.7074679 0.7067455 3.35819e-4 -0.7077096 0.7065034 -4.79315e-4 0.7071872 -0.7070263 0 0.7066514 -0.7075619 0 0.7065075 -0.7077056 0 0.7067312 -0.7074822 0 0.7070648 -0.7071489 0 0.7071235 -0.70709 0 -0.7061313 0.7080809 0 0.7070434 0.7071701 0 -0.7072184 0.7069951 0 0.7071948 -0.7070189 -3.34932e-4 0.7068519 -0.7073616 -3.65075e-4 0.707039 -0.7071746 -3.58391e-7 0.7068644 -0.7073491 0 -0.7072374 0.7069762 0 -0.7070721 0.7071416 0 -0.7073149 -0.7068988 0 0.7068093 0.7074042 0 -0.7071751 0.7070385 0 -0.7071223 0.7070913 0 0.7071182 -0.7070954 0 -0.7071655 0.7070481 0 0.7071157 -0.7070978 0 -0.7072538 0.7069595 -6.7117e-4 -0.7072539 0.7069597 0 -0.7072538 0.7069595 6.71178e-4 -0.7071558 0.7070578 0 0.7070564 0.7071572 0 0.7072156 0.7069979 0 -0.9999797 -0.006363809 0 -0.7071249 -0.7070887 0 -0.7071375 0.7070761 0 0.7072782 -0.7069354 0 -0.707109 -0.7071046 0 -0.7072231 0.7069904 0 -1.56401e-6 0 1 -0.7076209 0.7065924 0 -0.7078571 0.7063557 3.43461e-4 0.7068834 -0.7073301 0 -0.7077559 -0.7064537 -0.002192378 -0.7069007 -0.7073129 -6.48372e-7 -0.7069007 -0.7073128 0 0.7074016 -0.706812 0 0.7073589 0.7068546 0 0.7070878 -0.7071259 0 -0.7103719 -0.7038265 0 0.7071839 -0.7070297 0 0.706613 -0.7076002 0 0.7069252 -0.7072885 -1.87588e-4 0.7069522 -0.7072614 0 0.9883389 0.1522702 0 -0.7071359 0.7070777 -3.35573e-4 -0.7071359 0.7070777 0 -0.7071359 0.7070777 3.35576e-4 -0.7069619 0.7072517 0 -0.7070959 -0.7071177 0 0.707058 -0.7071557 0 0.7072156 -0.706998 0 0.7069783 -0.7072353 0 0.7070627 -0.7071509 0 -0.7071101 0.7071034 0 0.7071446 -0.707069 0 0.7071187 -0.7070949 0 -4.69282e-6 0 1 0.7071656 -0.7070479 0 -0.7071171 0.7070965 0 -0.7071145 0.7070991 0 0.7073518 -0.7068617 0 0.7082663 -0.7059454 0 0.7107822 0.7034122 0 0.7070264 -0.7071872 0 0.7071132 -0.7071005 0 0.7071422 -0.7070714 0 0.7072172 -0.7069963 0 0.706841 -0.7073726 0 -0.6972645 0.716814 0 0.7056275 0.7085831 0 -0.7075875 -0.7066258 0 0.7069315 0.7072821 0 -0.7070263 0.7071874 0 -0.7073482 0.7068653 0 -0.7071366 0.707077 0 -0.7076173 -0.7065959 0 -0.7090457 0.7051627 0 2.05711e-6 0 1 -0.7070474 -0.7071662 0 0.7091984 -0.705009 0 -0.7073297 -0.7068839 0 -0.7072538 -0.7069593 -8.56228e-4 -0.7067195 -0.7074939 0 -1.77884e-4 1.77099e-4 -1 1.71095e-6 0 1 -0.7075744 -0.7066389 0 -3.43541e-4 3.39769e-4 1 -3.42018e-4 3.4128e-4 1 8.05541e-5 4.71623e-4 1 0.7071068 0.7071068 0 0.7073354 0.7068782 0 0 0 -1 -0.7071897 0.707024 0 0.7069505 -0.7072631 0 -1.52934e-5 0 1 0.7064827 -0.7077296 0.001046955 0.7068595 -0.7073541 4.59538e-7 0.706989 -0.7072245 3.78346e-4 2.99314e-6 0 1 -0.7071144 -0.7070992 0 0.7071895 -0.7070241 0 -0.7071393 0.7070742 0 -5.85685e-6 0 1 -0.7072438 0.7069699 0 0.707228 -0.7069856 0 -0.7073651 0.7068484 0 -0.707365 0.7068483 -4.7941e-4 -0.707365 0.7068483 4.79398e-4 -0.7073903 0.7068232 0 0.7071107 0.707103 0 -0.7065458 0.7076674 -2.21301e-4 -0.7068467 0.7073668 0 0.7072781 -0.7069355 0 -0.7071107 0.707103 0 -1.38889e-4 0 -1 0.7070201 -0.7071934 0 0.7075636 -0.7066497 3.91753e-4 -0.7069365 -0.707277 0 -0.7067163 0.7074971 -1.45757e-4 -0.7076686 0.7065442 7.05767e-4 -0.7075375 0.7066755 -8.047e-4 0.7070716 -0.7071421 0 -0.7071673 -0.7070462 0 -0.707197 0.7070165 0 -0.7069417 -0.7072719 0 0.7071101 0.7071036 0 4.7064e-6 0 1 0.7065846 0.7076286 7.14919e-5 -0.6927117 0.7212147 0 -0.7076172 -0.706596 0 -0.707207 0.7070065 0 -0.7066926 -0.7075204 7.66957e-4 -0.7071612 -0.7070524 0 -0.7069966 -0.707217 1.94133e-4 -0.7069033 0.7073103 0 -0.7069032 0.7073094 0.001198351 -0.7074078 0.7068051 -9.62444e-4 -0.707261 0.7069526 0 0.7071391 -0.7070745 0 0.7069018 -0.7073118 0 0.7071209 0.7070928 0 0.7071662 -0.7070475 1.60744e-4 0.7071466 -0.7070671 0 0.7074854 -0.706728 0 0.7068299 -0.7073836 1.4037e-4 0.706815 -0.7073985 0 0.7074587 -0.7067547 2.09722e-4 -0.7071635 0.70705 0 0.7071325 -0.7070811 0 0.7070734 -0.7071402 0 -9.91471e-6 0 1 -0.7076597 0.7065535 0 -0.7076595 0.7065533 -6.71136e-4 -0.7071157 0.7070978 0 -0.7071187 0.7070949 0 0.7073194 0.7068941 0 -0.7066059 0.7076074 0 -0.7058875 0.7083236 -7.79981e-4 -0.7070657 0.7071479 0 -0.7071736 -0.70704 0 0.7069896 -0.707224 0 0.7073069 -0.7069067 0 0.7062855 0.7079272 0 -0.7075871 -0.7066261 0 -0.7075871 -0.7066261 0 -0.7072483 -0.7069653 0 -0.7071509 -0.7070627 0 0.7075169 -0.7066965 0 0.7065371 -0.7076761 0 -0.7074164 0.7067971 -9.49996e-5 -0.708994 0.7052146 0 -0.7072044 0.7070092 0 0.7160743 0.6980242 0 -0.7070633 0.7071503 0 -0.7067997 -0.7074137 0 -0.7073822 0.7068313 0 -0.7069649 0.7072485 -4.01872e-4 -0.7071496 0.7070635 -8.62874e-4 -0.7071496 0.7070636 8.62881e-4 0.7072241 -0.7069895 0 0.7160537 0.6980452 0 0.97839 0.206768 0 0.7070899 0.7071237 1.21335e-6 0.7066842 -0.7075292 0 0.7069953 -0.7072183 1.9065e-4 0.7071135 0.7071001 0 0.7070102 -0.7072034 0 0.706503 -0.7077101 0 0.7069925 -0.707221 0 -0.7060434 0.7081686 0 0.7076973 -0.7065154 -7.23312e-4 0.7079747 -0.7062379 0 0.7070261 -0.7071875 0 -0.7080919 0.7061203 0 0.7069527 -0.7072609 0 -0.7067712 0.7074422 0 -0.7073137 0.7068999 0 0.7069824 -0.7072311 -2.97052e-4 0.7076514 -0.7065618 0 0.7074012 -0.7068123 1.68942e-4 -0.7160906 -0.6980074 0 -0.7071244 0.7070892 0 0.707118 0.7070956 0 -0.706729 -0.7074844 0 0.7071247 -0.7070889 0 -0.7071691 -0.7070446 0 -0.7073221 0.7068914 0 -0.7073218 0.7068911 -9.58729e-4 -0.7073218 0.7068911 9.10809e-4 -0.7069533 0.7072603 0 -0.7070861 0.7071275 -2.78063e-4 -0.7068353 0.7073782 0 0.7072876 -0.7069258 -4.2948e-4 0.707476 -0.7067374 0 -0.7072979 0.7069157 0 0.7073466 -0.706867 0 -0.7070264 0.7071872 0 -0.707154 -0.7070595 4.79392e-4 -0.7069641 -0.7072494 -3.97128e-4 0.7070906 -0.707123 0 0.7068482 -0.7073653 0 -0.7071607 -0.7070529 0 -0.7066804 -0.707533 0 -0.7066401 -0.7075733 0 0.7072637 -0.7069499 0 -0.70712 -0.7070935 0 -0.7072792 0.7069343 0 0.7070419 -0.7071717 0 0.7072067 -0.7070066 -6.03261e-4 0.7074733 -0.70674 0 0.7069989 -0.7072147 0 0.7070627 0.7071509 0 -1.2776e-5 0 1 0.7224823 0.6913895 0 0.7068865 -0.7073271 1.56587e-4 0.7068678 -0.7073457 2.29799e-7 0.7068679 -0.7073456 0 -0.7071226 0.7070909 0 0.9999169 0.01289725 0 -0.7061365 0.7080759 0 0.707051 -0.7071626 0 -0.9899203 -0.141626 0 -0.7074584 0.7067549 4.36832e-4 -0.7073188 0.7068945 -5.7524e-4 -0.7074608 0.7067524 5.39014e-4 0.7072768 -0.7069367 0 0.7056313 0.7085793 0 0.7071171 -0.7070965 0 -0.7080574 0.706155 0 -0.7085592 -0.7056515 0 0.7074748 -0.7067387 2.5247e-4 0.7074399 -0.7067735 0 0.7075755 -0.7066379 0 0.7068856 -0.7073279 0 0.7069279 -0.7072857 2.06761e-4 0.7068948 -0.7073188 4.36535e-7 0.7072337 -0.7069798 0 0.7070816 -0.707132 0 0.7070998 -0.7071138 0 -0.7069867 -0.7072269 0 0.7072517 -0.7069618 0 0.7070488 -0.7071648 0 0.7066879 -0.7075253 -5.4107e-4 0.7071601 -0.7070535 0 0.7065498 -0.7076634 0 -0.7074232 0.7067903 0 0.7068446 0.7073687 5.67933e-4 0.7069091 0.7073041 -5.75293e-4 0.7069091 0.7073041 5.75275e-4 -0.7092057 0.7050017 0 -0.7069951 -0.7072184 0 0.7072374 0.7069762 0 0.7069765 -0.7072371 0 -0.7072533 0.7069603 2.19826e-4 0.7076173 0.7065959 0 -0.7070993 -0.7071143 0 -0.7107928 -0.7034015 0 0.7066765 -0.7075368 0 0.7070662 -0.7071474 0 0.7071549 -0.7070586 -5.10254e-4 0.7073212 -0.7068923 0 0.7068467 -0.7073668 0 -0.7069013 0.7073123 0 0.7072846 -0.706929 0 -0.707365 0.7068485 0 0.7071647 -0.7070488 0 -0.7076538 0.7065594 0 -0.707814 0.7063988 4.70229e-4 -0.707748 0.706465 0 -0.7072882 -0.7069253 0 0.7071825 -0.7070311 0 -4.8785e-4 -3.40246e-6 -0.9999999 -4.87891e-4 0 -0.9999999 -1.523e-4 0 -1 5.70445e-5 0 1 -0.7073589 0.7068546 0 4.32759e-6 0 1 -0.02608346 0.02608346 0.9993194 0.707364 -0.7068493 -5.63849e-4 0.7075812 -0.7066321 0 0.7067677 -0.7074457 0 0.7068063 -0.7074071 0 -0.7071422 0.7070714 0 0.7065893 -0.7076239 0 -0.7071179 0.7070958 0 -0.7069734 0.7072401 0 -0.7069734 0.7072401 -4.79403e-4 -0.7069734 0.7072401 4.79394e-4 0.7071004 -0.7071133 0 0.7068409 -0.7073726 0 -0.7071383 -0.7070753 0 -0.7071698 0.7070438 0 0.7064549 -0.7077581 1.74865e-4 0.7064357 -0.7077773 0 0.7070584 -0.7071551 1.39699e-4 -0.7071835 0.7070301 0 0.7073482 -0.7068653 0 -0.7123151 0.7018599 0 0.7068322 -0.7073813 0 -0.7070364 0.7071772 -3.89643e-5 -0.7070545 0.7071591 4.5387e-5 -0.7070913 0.7071223 0 0.7071231 -0.7070905 0 0.706975 -0.7072386 0 0.706684 0.7075294 0 0.7073349 0.7068783 7.67611e-4 0.7073335 -0.7068801 0 -0.7069783 0.7072353 0 0.7072094 -0.7070043 0 0.7070335 -0.7071802 0 0.7073934 -0.7068201 0 -0.7065429 0.7076694 -0.001109123 -0.7068644 0.7073491 0 0.7064653 -0.7077478 0 0.7067764 -0.707437 1.90606e-4 0.7069885 -0.7072251 0 0.7070711 0.7071425 0 0.7062475 0.7079651 0 0.7070647 -0.7071489 0 0.7071734 0.7070401 0 -0.7074291 0.7067844 0 0.706919 -0.7072947 0 0.7090457 -0.7051626 0 0.7069131 -0.7073004 0 0.7072325 -0.7069811 1.60825e-4 0.7072483 0.7069653 0 0.7061365 -0.7080759 0 -0.7066732 0.7075402 0 0.7072443 -0.7069693 0 -0.7072199 0.7069936 0 -0.7072198 0.7069936 4.79359e-4 -0.7066005 0.7076128 0 0.7069297 0.7072839 0 0.7032312 -0.7109605 0.001123487 0.7111594 -0.7030017 0.00640279 0.7088168 -0.7053338 0.009107291 0.7070111 -0.7072025 0 0.7072035 -0.7070101 0 -0.7070446 0.7071691 0 0.7071096 -0.707104 0 -0.7071053 0.7071053 -0.002061784 -0.7071052 0.7071053 0.002061665 -0.7075324 0.7066808 4.74743e-4 -0.7074859 0.7067276 0 0.7072091 -0.7070045 0 0.7073416 -0.7068719 0 0.7085433 0.7056675 0 0.7069614 -0.7072522 0 0.7071147 0.7070989 0 -0.7074727 -0.7067407 0 0.7085542 0.7056564 0 0.7070446 0.7071691 0 0.7069584 -0.707255 -5.2399e-4 0.7071974 -0.7070162 0 0.7067906 -0.7074229 0 0.707194 -0.7070195 0 0.7070117 -0.7072019 0 -0.7061188 0.7080934 0 0.7069478 -0.7072658 0 -0.7073721 -0.7068408 9.09032e-4 -0.7079755 -0.706237 0 -0.7079755 -0.7062371 -3.80058e-5 0.7070667 0.7071468 0 0.7082178 -0.7059941 0 -0.7050066 0.7092008 0 -0.707142 -0.7070716 0 0.7072109 0.7070025 4.43087e-4 0.7074205 0.706793 0 0.7070816 0.707132 0 0.7072707 -0.7069429 0 -0.7073709 -0.7068426 0 -0.7071485 -0.7070651 0 0.7066672 -0.7075462 1.52955e-4 0.7066495 -0.7075639 0 0.7069886 -0.707225 0 0.7075603 -0.7066531 0 0.7076123 0.706601 0 0.723337 0.6904952 0 0.7068879 -0.7073256 0 -0.7068554 -0.7073581 0 0.7066106 0.7076027 0 0.7073526 0.7068609 0 0.7071154 0.7070982 0 0.7071364 -0.7070772 0 -0.7071193 0.7070943 0 0.7072833 0.7069303 0 0.707086 -0.7071276 0 0.7073709 0.7068426 0 0.7070769 -0.7071367 0 -0.7071756 0.707038 0 -0.7071754 0.7070378 8.62831e-4 -0.7075608 0.7066523 -6.68886e-4 0.7066708 -0.7075421 -8.47559e-4 0.7070311 -0.7071825 0 0.7073996 -0.7068139 1.19366e-4 -0.7073289 0.7068846 0 -0.7065805 0.7076327 0 -0.7070948 0.7071189 0 -0.7078146 0.7063977 8.94276e-4 0.7072077 -0.707006 0 0.7070824 0.7071312 0 0.7074682 -0.7067452 0 -0.7072455 0.7069681 0 -0.7071179 -0.7070957 -2.55294e-4 -0.7070347 -0.707179 0 -0.7072719 -0.7069417 0 4.75946e-5 0 1 -0.7073205 -0.7068931 0 0.7160847 0.6980134 0 0.7056429 0.7085677 0 -0.7069001 -0.7073135 0 0.7067322 -0.7074812 0 -0.7072707 0.7069429 0 0.7070738 0.7071398 0 0.7071146 0.707099 0 0.7077097 -0.7065035 0 0.7069303 -0.7072833 0 -0.707118 -0.7070956 0 -0.7072103 -0.7070033 0 0.7075284 -0.706685 0 -0.7094958 -0.7047097 0 -0.7072483 0.7069653 0 0.7091045 -0.7051035 0 0.7070172 -0.7071964 2.16029e-4 0.706992 -0.7072216 0 -0.7068418 -0.7073718 0 0.7071228 -0.7070908 0 -0.7069953 0.7072182 0 -0.7068614 0.7073522 0 -0.7069979 -0.7072157 0 -0.7070201 0.7071934 0 -0.70702 0.7071933 6.7108e-4 -0.7072784 0.706935 -5.6292e-4 -0.7068743 0.7073392 0 -0.7069155 0.707298 0 1.31546e-5 0 1 0.7062333 -0.7079792 0 0.7071177 -0.7070957 6.07526e-4 -0.7091045 0.7051035 0 -0.7232987 -0.6905353 0 -0.7073355 0.7068781 0 0.7070775 -0.7071362 0 0.7029546 -0.7112344 -8.16025e-4 0.7031971 -0.7109652 -0.00650531 0.7108654 -0.703328 2.27343e-4 -0.9761477 -0.2171076 0 0.7070342 -0.7071793 -2.72602e-4 0.7071332 -0.7070804 0 -0.7069754 -0.7072381 -4.01883e-4 -0.7068212 -0.7073923 0 -1.6232e-5 0 1 -0.7070975 -0.7071161 0 0.707236 -0.7069776 0 0.7120009 -0.7021786 0 0.7070896 -0.7071241 0 -0.7067707 0.7074427 -3.92056e-4 -0.7069661 0.7072473 4.79335e-4 -0.7071679 0.7070457 -3.84966e-4 0.7073445 -0.706869 0 0.7063557 -0.7078571 1.55961e-4 0.7063372 -0.7078756 0 0.7072421 -0.7069714 3.23552e-4 -1.99884e-5 0 1 -0.7169463 -0.6971285 0 -0.7069315 -0.7072821 0 0.7072167 -0.7069968 0 0.7081404 -0.7060716 0 -0.7160911 -0.6980069 0 0.7074488 0.7067646 7.45395e-5 0.707453 0.7067605 0 0.7068998 0.7073137 1.44325e-4 0.7070886 -0.707125 0 -0.7075994 0.7066138 -2.95903e-4 -0.7077109 0.7065017 -9.10881e-4 -0.7077109 0.7065017 9.10853e-4 -0.7072038 0.7070099 0 -0.7071186 -0.707095 0 -0.707273 -0.7069406 0 0.7070438 -0.7071698 0 0.707152 -0.7070616 -2.85445e-4 0.7072646 -0.7069491 0 -0.7085471 -0.7056636 0 -0.707123 0.7070907 0 -0.707033 0.7071806 0 0.706815 -0.7073985 0 -0.7069452 -0.7072684 0 -0.7071609 0.7070528 0 0.7072144 -0.7069992 0 0.7072083 -0.7070052 0 -0.7081981 0.7060137 4.75596e-4 -0.7081555 0.7060566 0 0.7073884 -0.7068251 0 0.706684 -0.7075294 0 0.7068405 -0.7073731 0 0.7067468 -0.7074666 0 0.7070542 -0.7071594 0 0.7071202 -0.7070934 0 -0.706684 0.7075294 0 -0.7066838 0.7075292 6.71097e-4 0.7070751 0.7071385 0 0.7071989 -0.7070142 -8.31288e-4 0.7077132 -0.7064999 0 0.7073711 -0.7068425 -6.85094e-5 0.7073655 -0.706848 0 -0.7071249 0.7070887 0 -0.7070677 0.7071459 0 -0.7072077 -0.707006 0 0.7070441 0.7071694 0 0.7071411 -0.7070726 0 -0.70696 0.7072536 0 0.7071217 -0.7070919 0 -0.7066187 0.7075945 -4.13918e-4 -0.7069924 0.7072212 0 -0.7070087 0.7072048 0 0.7072518 0.7069618 0 0.7072193 0.7069943 0 -0.7071158 -0.7070977 0 0.7072997 -0.706914 0 -0.7067579 0.7074556 0 -0.7074708 0.7067425 0 -0.7074708 0.7067425 -4.79392e-4 -0.7074708 0.7067425 4.79389e-4 0.7070643 -0.7071494 0 -0.710013 -0.7041864 -0.001815855 -0.7068511 -0.7073624 7.58078e-7 -0.7068865 -0.7073269 1.07164e-4 0.7072542 -0.7069595 0 0.7071635 0.7070501 0 0.7070402 -0.7071735 0 -0.7103771 -0.7038213 0 0.7069422 -0.7072713 1.15354e-4 0.9883248 0.1523621 0 -0.7070217 0.7071919 -2.67506e-4 -0.7073317 -0.7068818 0 0.7071077 -0.7071059 -2.81298e-4 0.7072156 -0.706998 0 0.7070879 -0.7071257 0 -0.7071169 0.7070967 0 0.7071098 -0.7071039 0 -0.7072337 0.7069798 0 -0.707112 0.7071017 0 0.7068292 -0.7073843 0 0.7108464 0.7033473 0 0.7068655 -0.707348 0 0.7071202 -0.7070934 0 0.7071163 -0.7070972 0 -0.7070754 -0.7071382 0 0.707154 -0.7070596 0 0.7072393 -0.7069743 0 -0.6972705 0.7168082 0 0.705631 0.7085795 0 -0.7070341 0.7071794 4.43075e-4 -0.7068246 0.707389 0 -0.7071635 0.7070501 0 -0.7071905 0.707023 0 -0.7076169 -0.7065963 0 1.73606e-5 0 1 -0.7090365 0.7051718 0 3.03368e-6 0 1 0.7092093 -0.704998 0 -0.7073348 -0.7068788 0 -0.7067246 -0.7074888 0 -1.77882e-4 1.77097e-4 -1 -1.36855e-5 0 1 -0.7075723 -0.706641 0</float_array>
          <technique_common>
            <accessor source="#Plane_058-mesh-normals-array" count="1165" stride="3">
              <param name="X" type="float"/>
              <param name="Y" type="float"/>
              <param name="Z" type="float"/>
            </accessor>
          </technique_common>
        </source>
        <source id="Plane_058-mesh-map-0">
          <float_array id="Plane_058-mesh-map-0-array" count="8004">0.1315668 0.9181437 4.048548 0.3073399 0.1315681 0.3073404 3.733337 0.3997116 4.165253 0.5 4.165253 0.3997116 0.4996338 0.2761035 0.324646 0.6441369 0.4996338 0.6441369 0.3974943 0.5559638 0.1523837 0.570361 0.1523837 0.5559636 0.5817049 0.5683712 0.7533061 0.5582684 0.7389194 0.5683713 0.7700832 0.5583247 0.4116259 0.5678141 0.425138 0.5583253 0.5817049 0.5582684 0.7533061 0.5683713 0.5673182 0.5683713 0.7700842 0.5678135 0.4116259 0.5583247 0.7835962 0.5583247 0.5412615 0.5927104 0.4988988 0.592712 0.5412615 0.5927104 0.6958781 0.9966123 0.7066544 0.9826409 0.7066544 0.9966123 0.5817049 0.5683712 0.7533061 0.5582684 0.7389194 0.5683713 0.425138 0.5583253 0.7835962 0.5678141 0.4116259 0.5678141 0.5817049 0.5582684 0.7533061 0.5683713 0.5673182 0.5683713 0.4251389 0.5678141 0.7835962 0.5583247 0.7700842 0.5678135 0.763794 0.2364545 7.249481 0.4863782 0.763794 0.4864545 0.706727 0.9966123 0.7175033 0.9826409 0.7175033 0.9966123 0.763794 0.2364545 7.249481 0.4863782 0.763794 0.4864545 -6.87439 0.6293106 0.7593384 1.680835 -6.87439 1.680835 7.249481 0.2363782 0.763794 0.4864545 0.763794 0.2364545 0.9779896 0.9975966 0.9991371 0.9722495 0.9991371 0.9975966 0.8460618 0.9999493 0.8769054 0.9547121 0.8460618 0.9547137 0.1315668 0.9181437 4.048548 0.3073399 0.1315681 0.3073404 0.278038 1.086483 0.528038 0.3900647 0.528038 1.086483 0.5561271 0.7502556 0.6202234 0.7068217 0.6202234 0.7502556 0.958097 0.9638782 0.9778823 0.9411535 0.958097 0.9411544 0.9214273 0.9975966 0.9408817 0.9722495 0.9214273 0.9722505 -6.87439 0.6808348 0.7593384 -0.3706894 -6.87439 -0.3706894 0.9214273 0.9975966 0.9408817 0.9722495 0.9214273 0.9722505 0.5289406 0.9790647 0.5419759 0.9632512 0.5289406 0.9632518 0.8389209 0.7774943 0.8569827 0.7575932 0.8569827 0.7774943 5.507477 0.3900647 0.6290665 1.441589 5.507477 1.441589 0.3974943 0.5559638 0.1523837 0.570361 0.1523837 0.5559636 0.2496948 -8.806247 0.4996033 0.339356 0.2496032 0.339356 0.9197089 0.9998975 0.9411959 0.9706615 0.9411959 0.9998975 0.5817049 0.5683712 0.5673182 0.5582684 0.7533061 0.5582684 0.7700832 0.5583247 0.7835962 0.5678141 0.4116259 0.5678141 0.5817049 0.5582684 0.7389194 0.5582684 0.7533061 0.5683713 0.7700842 0.5678135 0.4251389 0.5678141 0.4116259 0.5583247 0.5817049 0.5683712 0.5673182 0.5582684 0.7533061 0.5582684 0.425138 0.5583253 0.7700832 0.5583247 0.7835962 0.5678141 0.5817049 0.5582684 0.7389194 0.5582684 0.7533061 0.5683713 0.4251389 0.5678141 0.4116259 0.5583247 0.7835962 0.5583247 0.6758441 0.9788429 0.6905531 0.9648715 0.6905531 0.9788429 0.8206768 0.7529465 0.8392604 0.7774943 0.8392604 0.7529458 0.2495422 -4.412593 0.4994812 0.465817 0.2494812 0.465817 0.8402615 -0.3794832 0.8402615 0.2257938 0.8402615 0.2257938 0.8195508 0.956074 0.8558193 0.9285128 0.8558193 0.956074 0.8460618 0.9547137 0.8769054 0.9999493 0.8460618 0.9999493 0.6213128 0.7473177 0.7398439 0.6380592 0.6213128 0.6380632 0.6231091 0.9790647 0.6361444 0.9632512 0.6361444 0.9790647 -6.87439 0.6293106 0.7593384 0.02403259 -6.87439 0.02403259 0.7640076 0.1938291 7.249695 0.4437528 0.7640076 0.4438291 0.7577195 0.5559636 0.8728342 0.570361 0.7577195 0.5703608 3.733337 0.3997116 4.165253 0.5 4.165253 0.3997116 0.2508389 0.8081122 0.282602 0.7930309 0.282602 0.8081122 -0.3956184 0.3997116 -3.165375 0.5 -3.165375 0.3997116 1.395569 0.3997116 0.9636536 0.5 0.9636536 0.3997116 0.2494812 -0.2152128 -6.236206 0.3900647 -6.236206 -0.2152128 0.3974943 0.5559638 0.512609 0.570361 0.3974943 0.5703608 0.2368621 2.127131 1.236862 0.6010146 1.236862 2.127131 0.6992316 0.7774943 0.7157612 0.7529458 0.6992316 0.7529465 0.6198486 0.6982062 0.7391045 0.6421987 0.7391045 0.6982063 0.8389209 0.7774943 0.8569827 0.7575932 0.8389209 0.7575939 0.5813615 0.8055043 0.5979581 0.7811627 0.5979581 0.8055043 0.3337174 -0.0176233 2.249603 0.5876508 2.249603 -0.01762712 0.706727 0.9966123 0.7175033 0.9826409 0.7175033 0.9966123 0.9214273 0.9653384 0.9408817 0.9399912 0.9408817 0.9653384 0.1267395 -0.0176233 0.3767243 0.5876508 0.3767243 -0.0176233 0.9581735 0.9985978 0.9785237 0.9693616 0.9785237 0.9985978 3.733337 0.3997116 4.165253 0.5 4.165253 0.3997116 0.763794 0.2364545 7.249481 0.4863782 0.763794 0.4864545 0.7608916 0.7774943 0.7804006 0.7529458 0.7608916 0.7529465 5.507477 0.3900647 0.6290665 1.441589 5.507477 1.441589 0.4948528 0.5892676 0.5634911 0.5012658 0.4948528 0.5012688 0.9588797 0.9653384 0.9783341 0.9399912 0.9783341 0.9653384 0.8754401 0.8055043 0.8920367 0.7811627 0.8754401 0.7811635 0.5529329 0.9593452 0.5595813 0.9455264 0.5529329 0.9455268 0.9105403 0.8840407 0.9976282 0.8254272 0.9105403 0.8254291 0.7409812 0.9788429 0.7525966 0.9614272 0.7525966 0.9788429 3.733337 0.3997116 4.165253 0.5 4.165253 0.3997116 0.9102922 0.8055043 0.9378999 0.7811627 0.9378999 0.8055043 0.937278 0.8055043 0.9568794 0.7811627 0.9568794 0.8055043 0.08190298 0.1547441 3.715025 0.7517903 3.715025 0.1547441 0.4996796 0.6441369 0.3246765 0.2761035 0.4996796 0.2761035 -4.420531 -0.2152128 -4.672605 0.417654 -4.672605 -0.2152128 0.7174277 0.9966123 0.7289684 0.9826409 0.7289684 0.9966123 0.706727 0.9966123 0.7175033 0.9826409 0.7175033 0.9966123 0.7175033 0.9826409 0.706727 0.9966123 0.7175033 0.9966123 4.019683 0.7319068 0.9890082 0.6839948 0.9890082 0.7319068 0.8460618 0.9999493 0.8769054 0.9547121 0.8460618 0.9547137 0.2494812 -0.2152128 -6.236206 0.3900647 -6.236206 -0.2152128 0.5037711 0.9790647 0.5168064 0.9632512 0.5037711 0.9632518 0.5780723 0.7774943 0.5974436 0.7529458 0.5974436 0.7774943 0.9779896 0.9975966 0.9991371 0.9722495 0.9779896 0.9722505 0.7287502 0.9966123 0.7395265 0.9826409 0.7287502 0.9826413 0.958097 0.9637697 0.9778823 0.9410451 0.958097 0.9410459 4.130096 0.2257938 4.903995 -0.3794832 4.130096 -0.3794832 0.6992316 0.7774943 0.7157612 0.7529458 0.7157612 0.7774943 0.958097 0.9966418 0.9778823 0.9739173 0.9778823 0.9966418 0.958097 0.9964269 0.9778823 0.9737023 0.958097 0.9737032 0.9073125 0.182512 0.7732444 0.001388192 0.9073125 0.001388192 0.7168574 0.9788429 0.7301119 0.9648715 0.7301119 0.9788429 0.8363249 0.1547441 0.08190298 0.7517903 0.8363175 0.7517903 -2.733482 0.3997116 0.03627383 0.5 0.03627383 0.3997116 3.599779 0.7319068 -0.9268059 0.6887683 3.599779 0.6887683 0.6814579 0.7774943 0.6996363 0.7529458 0.6996363 0.7774943 0.2496948 1.639175 -6.235992 0.5876508 -6.235992 1.639175 0.5770747 0.9788429 0.5900396 0.9614272 0.5900396 0.9788429 0.5036476 0.9966123 0.5151883 0.9826409 0.5151883 0.9966123 0.5036476 0.9966123 0.5151883 0.9826409 0.5151883 0.9966123 0.5971196 0.9966123 0.6031452 0.9826409 0.6031452 0.9966123 0.08549594 0.9154465 0.8358801 0.3101695 0.08549594 0.3101695 0.958097 0.9637697 0.9778823 0.9410451 0.9778823 0.9637697 0.8411426 0.1471244 4.912625 0.7524014 4.912625 0.1471244 0.920539 0.966049 0.9408892 0.9368129 0.9408892 0.966049 0.2496948 -8.806247 0.4996033 0.339356 0.2496032 0.339356 0.5548246 0.9788429 0.5662437 0.9648715 0.5548246 0.9648719 -0.4853411 0.3997116 -3.165375 0.5 -3.165375 0.3997116 0.4996796 0.6441369 0.3246765 0.2761035 0.4996796 0.2761035 0.5018007 0.7774943 0.5211719 0.7529458 0.5211719 0.7774943 0.5281143 1.164393 0.2781143 0.3900647 0.2781143 1.164393 0.763794 -0.2152128 7.249481 0.3900647 7.249481 -0.2152128 4.048547 0.9181432 0.1315681 0.3073404 0.1315668 0.9181437 3.733337 0.3997116 4.165253 0.5 4.165253 0.3997116 0.4988988 0.6356999 0.5412615 0.5927104 0.4988988 0.592712 0.324646 0.6441369 -4.215347 0.2761035 -4.215347 0.6441369 0.9214273 0.9975966 0.9408817 0.9722495 0.9214273 0.9722505 0.4948528 0.5892676 0.5634911 0.5012658 0.5634911 0.5892676 3.733337 0.3997116 4.165253 0.5 4.165253 0.3997116 0.5801099 0.7774943 0.5975452 0.7575932 0.5801099 0.7575939 0.958097 0.9637697 0.9778823 0.9410451 0.958097 0.9410459 0.9779896 0.9975966 0.9991371 0.9722495 0.9779896 0.9722505 -0.9268059 0.6887683 3.599779 0.7319068 3.599779 0.6887683 0.9214273 0.9975966 0.9408817 0.9722495 0.9214273 0.9722505 0.7400691 0.7774943 0.7581309 0.7575932 0.7581309 0.7774943 0.5903473 0.6441369 4.005234 0.2761035 4.005234 0.6441369 0.6612634 0.9788429 0.6750472 0.9648715 0.6612634 0.9648719 0.5032516 0.9788429 0.5165088 0.9614272 0.5165088 0.9788429 0.5026299 0.979184 0.5168851 0.9644184 0.5026299 0.9644189 0.9214273 0.9653384 0.9408817 0.9399912 0.9214273 0.9399922 0.5981896 0.8055043 0.6131865 0.7811627 0.6131865 0.8055043 0.7013 0.8055043 0.7178966 0.7811627 0.7178966 0.8055043 0.7659906 0.9788429 0.7794067 0.9648715 0.7794067 0.9788429 0.503447 0.9788429 0.5168632 0.9648715 0.5168632 0.9788429 -0.9268059 0.6887683 3.599779 0.7319068 3.599779 0.6887683 0.6198486 0.6982062 0.7391045 0.6421987 0.7391045 0.6982063 0.3247223 0.5239523 -0.9292489 0.3452587 -0.9292489 0.5239524 0.7297835 0.9788429 0.7414004 0.9648715 0.7414004 0.9788429 0.5281143 1.086483 0.2781143 0.3900647 0.2781143 1.086483 0.7400691 0.7774943 0.7581309 0.7575932 0.7581309 0.7774943 -6.87439 0.02403259 0.7593384 0.6293106 -6.87439 0.6293106 0.333845 0.9210119 0.5838451 0.1466839 0.5838451 0.9210119 0.8195508 0.956074 0.8558193 0.9285128 0.8558193 0.956074 0.5594599 0.7774943 0.5792438 0.7575932 0.5792438 0.7774943 0.7578125 -0.004262328 1.757812 0.6010146 1.757812 -0.004262328 0.458203 0.08506959 2.249603 0.3350377 0.4582021 0.3350636 0.1144714 -0.02010822 4.194549 0.5851688 4.194549 -0.02010822 0.5806069 0.8055043 0.5972035 0.7811627 0.5972035 0.8055043 0.6992316 0.7774943 0.7157612 0.7529458 0.7157612 0.7774943 0.8217462 0.7774943 0.839547 0.7529458 0.8217462 0.7529465 0.1144714 -0.02010822 -0.8370917 0.5851687 0.1144714 0.5851688 1.395137 0.3997116 1.015344 0.5 1.015344 0.3997116 -0.3956184 0.3997116 -3.165375 0.5 -3.165375 0.3997116 3.733337 0.3997116 4.165253 0.5 4.165253 0.3997116 0.8411426 0.1471244 0.0869171 0.7524014 0.8411426 0.7524014 0.4863245 0.874224 0.5050531 0.8442293 0.4863245 0.8442301 0.2781143 -0.2152128 0.5281143 0.3900647 0.5281143 -0.2152128 0.706727 0.9966123 0.7175033 0.9826409 0.7175033 0.9966123 0.2494812 -0.2152128 -6.236206 0.3900647 -6.236206 -0.2152128 0.4994019 -0.2152128 -4.420531 0.417654 -4.420531 -0.2152128 0.6473421 0.9966123 0.6575101 0.9826409 0.6473421 0.9826413 0.763794 -0.2152128 7.249481 0.3900647 7.249481 -0.2152128 0.706727 0.9966123 0.7175033 0.9826409 0.7175033 0.9966123 0.6524782 0.7774943 0.66661 0.7575932 0.66661 0.7774943 0.278038 1.441589 0.528038 0.3900647 0.528038 1.441589 0.632878 0.9966123 0.6456577 0.9826409 0.6456577 0.9966123 0.7347722 0.694041 0.6241809 0.6466982 0.7347721 0.6466982 0.5018007 0.7774943 0.5211719 0.7529458 0.5211719 0.7774943 0.4948528 0.5892676 0.5634911 0.5012658 0.5634911 0.5892676 0.9879121 0.8842913 0.9042782 0.9338703 0.9879121 0.9338703 0.324646 0.5198498 -4.215347 0.2761035 -4.215346 0.5198498 0.958097 0.9637697 0.9778823 0.9410451 0.9778823 0.9637697 0.3766975 -0.01762712 0.1266975 0.5876508 0.1266975 -0.01762712 0.6213128 0.7473177 0.7398439 0.6380592 0.7398439 0.7473177 0.8104122 0.9788429 0.8224523 0.9648715 0.8224523 0.9788429 0.5795194 0.7774943 0.5967333 0.7575932 0.5795194 0.7575939 0.5552513 0.9788429 0.566183 0.9648715 0.5552513 0.9648719 1.724921 0.7132921 6.059383 0.3452587 6.059383 0.7132921 -2.733482 0.3997116 -0.2390016 0.5 -0.2390014 0.3997116 1.395569 0.3997116 0.9636536 0.5 0.9636536 0.3997116 0.4996338 0.2761035 0.324646 0.6441369 0.4996338 0.6441369 0.1332855 0.7121629 0.1666869 0.6963036 0.1666869 0.7121629 0.7414548 0.979184 0.7529982 0.9644184 0.7529982 0.979184 0.5018007 0.7529465 0.5211719 0.7774943 0.5211719 0.7529458 -2.733482 0.5 0.03627383 0.3997116 -2.733482 0.3997116 0.3767243 1.098204 0.1267395 0.5876508 0.1267395 1.098204 0.8005999 0.7774943 0.8199712 0.7529458 0.8005999 0.7529465 0.6758441 0.9788429 0.6905531 0.9648715 0.6758441 0.9648719 0.7578125 2.127131 1.757812 0.6010146 1.757812 2.127131 -0.004113376 0.1921026 0.525026 0.2773862 0.525026 0.1921026 0.958097 0.9637697 0.9778823 0.9410451 0.9778823 0.9637697 0.9139789 0.7774943 0.9401674 0.7575932 0.9401674 0.7774943 0.6231091 0.9790647 0.6361444 0.9632512 0.6361444 0.9790647 0.9393106 0.966049 0.9596608 0.9368129 0.9393106 0.936814 0.2354125 1.639175 0.4854126 0.5876508 0.4854126 1.639175 0.7413058 0.9788429 0.7529647 0.9648715 0.7413058 0.9648719 0.763794 -0.2152128 7.249481 0.3900647 7.249481 -0.2152128 0.5660598 0.9788429 0.5769442 0.9614272 0.5769442 0.9788429 0.6575101 0.9826409 0.6473421 0.9966123 0.6575101 0.9966123 0.7174277 0.9966123 0.7289684 0.9826409 0.7174277 0.9826413 0.4997864 0.7132921 0.3247833 0.3452587 0.4997864 0.3452587 0.7413058 0.9788429 0.7529647 0.9648715 0.7529647 0.9788429 0.3974943 0.5559638 0.1523837 0.570361 0.1523837 0.5559636 0.7577195 0.5703608 0.512609 0.5559637 0.7577195 0.5559636 0.528038 -0.2152128 0.278038 0.3900647 0.278038 -0.2152128 0.1315668 0.9181437 4.048548 0.3073399 0.1315681 0.3073404 4.048547 0.9181432 0.1315681 0.3073404 0.1315668 0.9181437 0.1315668 0.9181437 4.048548 0.3073399 0.1315681 0.3073404 0.7013 0.8055043 0.7178966 0.7811627 0.7178966 0.8055043 0.6466081 0.9644187 0.6361273 0.979184 0.6361273 0.9644187 4.048547 0.9181432 0.05001831 0.9996897 4.130096 0.9996897 0.1315681 0.3073404 4.130096 0.2257938 0.05001831 0.2257938 0.1315668 0.9181437 0.05001831 0.2257938 0.05001831 0.9996897 4.048547 0.9181432 4.130096 0.2257938 4.048548 0.3073399 0.1315668 0.9181437 4.130096 0.9996897 4.048547 0.9181432 4.048548 0.3073399 0.05001831 0.2257938 0.1315681 0.3073404 0.1315668 0.9181437 0.05001831 0.2257938 0.05001831 0.9996897 4.048547 0.9181432 4.130096 0.2257938 4.048548 0.3073399 0.9779896 0.9975966 0.9991371 0.9722495 0.9779896 0.9722505 0.4058388 0.9186397 4.130096 0.9996897 4.048547 0.9181432 4.048548 0.3073399 0.537969 0.2257905 0.7378244 0.3077197 0.4058388 0.9186397 0.537969 0.2257905 0.05001831 0.9996897 4.048547 0.9181432 4.130096 0.2257938 4.048548 0.3073399 -2.733482 0.3997116 -0.2949827 0.5 -0.2949826 0.3997116 4.048547 0.9181432 0.05001831 0.9996897 4.130096 0.9996897 0.1315681 0.3073404 4.130096 0.2257938 0.05001831 0.2257938 0.1315668 0.9181437 0.05001831 0.2257938 0.05001831 0.9996897 4.048547 0.9181432 4.130096 0.2257938 4.048548 0.3073399 0.2354125 -0.01762712 9.381016 0.5876508 9.381016 -0.01762712 0.5959041 0.8055043 0.6125006 0.7811627 0.5959041 0.7811635 0.5439914 0.8055043 0.560588 0.7811627 0.5439914 0.7811635 0.6213128 0.7473177 0.7398439 0.6380592 0.7398439 0.7473177 0.6591299 0.9966123 0.6706705 0.9826409 0.6706705 0.9966123 0.2368621 -0.004262328 1.236862 0.6010146 1.236862 -0.004262328 0.4995422 -0.2152128 0.2495422 0.3900647 0.2495422 -0.2152128 0.4995422 -0.2152128 0.2495422 0.3900647 0.2495422 -0.2152128 0.2781143 -0.2152128 0.5281143 0.3900647 0.5281143 -0.2152128 0.8572514 0.7774943 0.8744654 0.7575932 0.8572514 0.7575939 0.5018007 0.7774943 0.5211719 0.7529458 0.5211719 0.7774943 4.130096 0.2257938 4.903995 -0.3794832 4.130096 -0.3794832 0.9600982 0.7774943 0.9786818 0.7529458 0.9600982 0.7529465 0.5281143 1.164393 0.2781143 0.3900647 0.2781143 1.164393 -2.733482 0.3997116 -0.5104718 0.5 -0.5104718 0.3997116 0.1315668 0.9181437 4.130096 0.9996897 4.048547 0.9181432 4.048548 0.3073399 0.05001831 0.2257938 0.1315681 0.3073404 0.1315668 0.9181437 0.05001831 0.2257938 0.05001831 0.9996897 4.048547 0.9181432 4.130096 0.2257938 4.048548 0.3073399 4.048547 0.9181432 0.4555275 0.9996896 4.130096 0.9996897 4.048548 0.3073399 0.5260079 0.2093306 0.5208721 0.3073403 0.5208604 0.9181436 0.5260079 0.2093306 0.4555275 0.9996896 4.048548 0.3073399 4.130096 0.9996897 4.130096 0.2257938 0.203445 0.9175601 4.130096 0.9996897 4.048547 0.9181432 4.048548 0.3073399 0.8554769 0.225795 0.9048006 0.3073403 0.203445 0.9175601 0.8554769 0.225795 0.05001831 0.9996897 4.048547 0.9181432 4.130096 0.2257938 4.048548 0.3073399 4.048547 0.9181432 0.05001831 0.9996897 4.130096 0.9996897 0.1315681 0.3073404 4.130096 0.2257938 0.05001831 0.2257938 0.1315668 0.9181437 0.05001831 0.2257938 0.05001831 0.9996897 4.048547 0.9181432 4.130096 0.2257938 4.048548 0.3073399 1.412153 0.3997116 0.9802375 0.5 0.9802376 0.3997116 4.048547 0.9181432 0.05001831 0.9996897 4.130096 0.9996897 0.1315681 0.3073404 4.130096 0.2257938 0.05001831 0.2257938 0.1315668 0.9181437 0.05001831 0.2257938 0.05001831 0.9996897 4.048547 0.9181432 4.130096 0.2257938 4.048548 0.3073399 0.2781143 -0.2152128 0.5281143 0.3900647 0.5281143 -0.2152128 0.1315668 0.9181437 4.130096 0.9996897 4.048547 0.9181432 0.1315681 0.3073404 4.130096 0.2257938 0.05001831 0.2257938 0.1315668 0.9181437 0.05001831 0.2257938 0.05001831 0.9996897 4.048547 0.9181432 4.130096 0.2257938 4.048548 0.3073399 0.8230253 0.8055043 0.8396219 0.7811627 0.8396219 0.8055043 4.048547 0.9181432 0.1315668 0.9181437 0.05001831 0.9996897 0.1315681 0.3073404 4.048548 0.3073399 4.130096 0.2257938 0.1315668 0.9181437 0.1315681 0.3073404 0.05001831 0.2257938 4.048547 0.9181432 4.130096 0.9996897 4.130096 0.2257938 0.1315668 0.9181437 0.05001831 0.9996897 4.130096 0.9996897 4.048548 0.3073399 4.130096 0.2257938 0.05001831 0.2257938 0.1315668 0.9181437 0.1315681 0.3073404 0.05001831 0.2257938 4.048547 0.9181432 4.130096 0.9996897 4.130096 0.2257938 0.4058388 0.9186397 0.05001831 0.9996897 4.130096 0.9996897 4.048548 0.3073399 4.130096 0.2257938 0.537969 0.2257905 0.4058388 0.9186397 0.7378244 0.3077197 0.537969 0.2257905 4.048547 0.9181432 4.130096 0.9996897 4.130096 0.2257938 4.048547 0.9181432 0.1315668 0.9181437 0.05001831 0.9996897 0.1315681 0.3073404 4.048548 0.3073399 4.130096 0.2257938 0.1315668 0.9181437 0.1315681 0.3073404 0.05001831 0.2257938 4.048547 0.9181432 4.130096 0.9996897 4.130096 0.2257938 0.1315668 0.9181437 0.05001831 0.9996897 4.130096 0.9996897 4.048548 0.3073399 4.130096 0.2257938 0.05001831 0.2257938 0.1315668 0.9181437 0.1315681 0.3073404 0.05001831 0.2257938 4.048547 0.9181432 4.130096 0.9996897 4.130096 0.2257938 4.048547 0.9181432 0.5208604 0.9181436 0.4555275 0.9996896 4.048548 0.3073399 4.130096 0.2257938 0.5260079 0.2093306 0.5208604 0.9181436 0.5208721 0.3073403 0.5260079 0.2093306 4.048548 0.3073399 4.048547 0.9181432 4.130096 0.9996897 0.203445 0.9175601 0.05001831 0.9996897 4.130096 0.9996897 4.048548 0.3073399 4.130096 0.2257938 0.8554769 0.225795 0.203445 0.9175601 0.9048006 0.3073403 0.8554769 0.225795 4.048547 0.9181432 4.130096 0.9996897 4.130096 0.2257938 4.048547 0.9181432 0.1315668 0.9181437 0.05001831 0.9996897 0.1315681 0.3073404 4.048548 0.3073399 4.130096 0.2257938 0.1315668 0.9181437 0.1315681 0.3073404 0.05001831 0.2257938 4.048547 0.9181432 4.130096 0.9996897 4.130096 0.2257938 4.048547 0.9181432 0.1315668 0.9181437 0.05001831 0.9996897 0.1315681 0.3073404 4.048548 0.3073399 4.130096 0.2257938 0.1315668 0.9181437 0.1315681 0.3073404 0.05001831 0.2257938 4.048547 0.9181432 4.130096 0.9996897 4.130096 0.2257938 0.1315668 0.9181437 0.05001831 0.9996897 4.130096 0.9996897 0.1315681 0.3073404 4.048548 0.3073399 4.130096 0.2257938 0.1315668 0.9181437 0.1315681 0.3073404 0.05001831 0.2257938 4.048547 0.9181432 4.130096 0.9996897 4.130096 0.2257938 0.8752378 0.7774943 0.8932996 0.7575932 0.8932996 0.7774943 -0.08533179 0.8096598 1.085332 0.8300806 -0.08545929 0.8300933 0.8387196 0.7774943 0.8573032 0.7529458 0.8573032 0.7774943 0.9772081 0.9669169 0.9986951 0.9376809 0.9772081 0.9376819 0.7577195 0.5559636 0.8728342 0.570361 0.7577195 0.5703608 0.6958781 0.9966123 0.7066544 0.9826409 0.7066544 0.9966123 0.8995299 0.9998975 0.9210169 0.9706615 0.8995299 0.9706625 0.9131245 0.7774943 0.9403278 0.7529458 0.9403278 0.7774943 0.01138293 0.1632232 2.450588 0.4658623 2.450588 0.1632232 0.7401839 0.7774943 0.7595552 0.7529458 0.7595552 0.7774943 0.8387196 0.7774943 0.8573032 0.7529458 0.8573032 0.7774943 0.654254 0.7774943 0.6656817 0.7529458 0.654254 0.7529465 0.958097 0.9637697 0.9778823 0.9410451 0.9778823 0.9637697 0.5598477 0.7774943 0.5780261 0.7529458 0.5780261 0.7774943 0.8995299 0.9998975 0.9210169 0.9706615 0.8995299 0.9706625 0.7295041 0.9788429 0.7412489 0.9648715 0.7412489 0.9788429 0.6213128 0.7473177 0.7398439 0.6380592 0.6213128 0.6380632 -0.6708851 0.3997116 -3.165375 0.5 -3.165375 0.3997116 0.8752378 0.7774943 0.8932996 0.7575932 0.8932996 0.7774943 0.4997864 0.7132921 0.3247833 0.3452587 0.4997864 0.3452587 0.6991891 0.7774943 0.7164373 0.7529458 0.6991891 0.7529465 0.5781864 0.7774943 0.5962482 0.7575932 0.5962482 0.7774943 0.8750023 0.7774943 0.8931808 0.7529458 0.8931808 0.7774943 -1.77722 -0.4867562 3.749078 0.3330668 3.749078 -0.4867562 0.5032516 0.9788429 0.5165088 0.9614272 0.5165088 0.9788429 0.4996338 0.2761035 0.324646 0.6441369 0.4996338 0.6441369 0.6992316 0.7774943 0.7157612 0.7529458 0.7157612 0.7774943 -2.733482 0.3997116 0.03627383 0.5 0.03627383 0.3997116 0.6897214 0.9790647 0.7027567 0.9632512 0.6897214 0.9632518 0.5226977 0.7774943 0.5412814 0.7575932 0.5412814 0.7774943 0.922392 0.9981477 0.939765 0.9726674 0.922392 0.9726682 0.7489066 -0.1040925 4.270721 0.5011844 4.270721 -0.1040925 0.9779896 0.9975966 0.9991371 0.9722495 0.9991371 0.9975966 0.7410891 0.979184 0.7300063 0.9644187 0.7410891 0.9644187 0.6764431 0.9788429 0.6894081 0.9614272 0.6894081 0.9788429 0.5594599 0.7774943 0.5792438 0.7575932 0.5792438 0.7774943 0.9139789 0.7774943 0.9401674 0.7575932 0.9139789 0.7575939 0.6213128 0.7473177 0.7398439 0.6380592 0.7398439 0.7473177 0.6992316 0.7774943 0.7157612 0.7529458 0.7157612 0.7774943 0.8752378 0.7774943 0.8932996 0.7575932 0.8932996 0.7774943 3.733337 0.3997116 4.165253 0.5 4.165253 0.3997116 0.6958781 0.9966123 0.7066544 0.9826409 0.7066544 0.9966123 1.395569 0.3997116 0.9636536 0.5 0.9636536 0.3997116 0.4174718 -0.01762712 -8.76459 0.5876508 -8.76459 -0.01762712 0.6309161 0.9577049 0.6409682 0.9455264 0.6309161 0.9455268 0.5971196 0.9966123 0.6031452 0.9826409 0.5971196 0.9826413 0.6532964 0.7774943 0.6660151 0.7529458 0.6660151 0.7774943 0.4854889 1.639175 0.2354888 0.5876508 0.2354888 1.639175 0.5018007 0.7774943 0.5211719 0.7529458 0.5211719 0.7774943 0.2496948 -0.01762712 -6.235992 0.5876508 -6.235992 -0.01762712 -2.215245 0.9210117 0.333845 0.1466839 0.333845 0.9210119 0.8460618 0.9999493 0.8769054 0.9547121 0.8769054 0.9999493 4.130096 0.2257938 4.903995 -0.3794832 4.130096 -0.3794832 0.17171 0.8717492 0.1918925 0.8485683 0.1918925 0.8717492 0.7168574 0.9788429 0.7301119 0.9648715 0.7301119 0.9788429 0.7168574 0.9788429 0.7301119 0.9648715 0.7301119 0.9788429 0.4948528 0.5892676 0.5634911 0.5012658 0.5634911 0.5892676 0.2494812 -0.2152128 -6.236206 0.3900647 -6.236206 -0.2152128 1.395569 0.3997116 0.9636536 0.5 0.9636536 0.3997116 0.654254 0.7774943 0.6656817 0.7529458 0.6656817 0.7774943 -0.7695712 0.7317965 2.601858 0.6886579 2.601858 0.7317965 0.5397667 0.7774943 0.5592757 0.7529458 0.5592757 0.7774943 0.6045441 0.9788429 0.612939 0.9648715 0.612939 0.9788429 5.857713 0.08331644 -5.786092 0.9166822 -5.786092 0.08331644 0.8460618 0.9999493 0.8769054 0.9547121 0.8769054 0.9999493 0.3974943 0.5559638 0.512609 0.570361 0.3974943 0.5703608 4.130096 0.2257938 4.903995 -0.3794832 4.130096 -0.3794832 4.019683 0.7319068 0.9890082 0.6839948 4.019683 0.6839948 -0.3956184 0.3997116 -3.165375 0.5 -3.165375 0.3997116 -1.541781 -0.0176233 0.2496032 0.5876508 -1.541781 0.5876508 0.3747101 0.1632232 0.4997101 0.4612385 0.4997101 0.1632232 3.23605 0.7517903 3.839277 0.1547441 3.23605 0.1547441 0.528038 -0.2152128 0.278038 0.3900647 0.278038 -0.2152128 0.9197089 0.9998975 0.9411959 0.9706615 0.9411959 0.9998975 0.5781864 0.7774943 0.5962482 0.7575932 0.5781864 0.7575939 0.4582189 1.098204 2.249603 0.5876508 2.249603 1.098204 0.821282 0.7774943 0.8390955 0.7575932 0.8390955 0.7774943 0.8393453 0.7774943 0.8565593 0.7575932 0.8565593 0.7774943 -2.733482 0.3997116 0.03627383 0.5 0.03627383 0.3997116 0.4505882 0.1632232 -1.988617 0.4609714 -1.988617 0.1632232 -0.3956184 0.3997116 -3.165375 0.5 -3.165375 0.3997116 0.5397667 0.7774943 0.5588417 0.7529458 0.5588417 0.7774943 0.5036476 0.9966123 0.5151883 0.9826409 0.5151883 0.9966123 0.8407947 0.8055043 0.8573912 0.7811627 0.8573912 0.8055043 0.958097 0.9637697 0.9778823 0.9410451 0.958097 0.9410459 9.381016 0.5876508 0.2354125 1.639175 9.381016 1.639175 0.6627442 0.9788429 0.675222 0.9648715 0.675222 0.9788429 0.7577195 0.5559636 0.8728342 0.570361 0.7577195 0.5703608 0.3337174 -0.01762712 0.6671578 0.5876508 0.6671578 -0.01762712 0.8402615 -0.3794832 0.8402615 0.2257938 0.8402615 0.2257938 0.2368621 2.127131 -0.7631378 0.6010146 -0.7631378 2.127131 0.5261757 0.1632232 0.4505882 0.4608235 0.4505882 0.1632232 0.6907469 0.9788429 0.7023387 0.9648715 0.6907469 0.9648719 3.733337 0.3997116 4.165253 0.5 4.165253 0.3997116 0.5289406 0.9790647 0.5419759 0.9632512 0.5289406 0.9632518 0.1266975 1.098204 0.3766975 0.5876508 0.3766975 1.098204 0.671727 0.9966123 0.6818949 0.9826409 0.671727 0.9826413 0.6473421 0.9966123 0.6575101 0.9826409 0.6575101 0.9966123 0.7578125 2.127131 -0.2421875 0.6010146 -0.2421875 2.127131 0.8957461 0.8755462 0.9133082 0.8512046 0.8957461 0.8512055 -0.4620298 0.3997116 -3.165375 0.5 -3.165375 0.3997116 4.130096 0.2257938 4.903995 -0.3794832 4.130096 -0.3794832 0.8460618 0.9999493 0.8769054 0.9547121 0.8460618 0.9547137 0.4854126 -0.01762712 0.2354125 0.5876508 0.2354125 -0.01762712 0.8402615 -0.3794832 0.8402615 0.2257938 0.8402615 0.2257938 0.5510038 0.9966123 0.5611717 0.9826409 0.5611717 0.9966123 0.528038 -0.2152128 0.278038 0.3900647 0.278038 -0.2152128 0.6897214 0.9790647 0.7027567 0.9632512 0.7027567 0.9790647 0.7577195 0.5703608 0.512609 0.5559637 0.7577195 0.5559636 0.958097 0.9966418 0.9778823 0.9739173 0.9778823 0.9966418 0.763794 1.164393 7.249481 0.3900647 7.249481 1.164393 -0.9268059 0.6887683 3.599779 0.7319068 -0.9268059 0.7319068 0.4996796 0.6441369 0.3246765 0.2761035 0.4996796 0.2761035 0.5903473 0.6441369 4.005234 0.2761035 4.005234 0.6441369 0.5163472 0.979184 0.5030226 0.9644187 0.5163472 0.9644187 0.2355804 0.02403259 0.4855805 0.6293106 0.4855805 0.02403259 0.5037711 0.9790647 0.5168064 0.9632512 0.5037711 0.9632518 0.958097 0.9638782 0.9778823 0.9411535 0.958097 0.9411544 0.8995299 0.9998975 0.9210169 0.9706615 0.9210169 0.9998975 0.6473421 0.9966123 0.6575101 0.9826409 0.6575101 0.9966123 0.7640076 -0.01762712 7.249695 0.5876508 7.249695 -0.01762712 0.958097 0.9964269 0.9778823 0.9737023 0.9778823 0.9964269 0.6213128 0.7473177 0.7398439 0.6380592 0.7398439 0.7473177 1.757812 0.1952024 0.7578125 1.195202 0.7578125 0.1952024 0.763794 1.441589 7.249481 0.3900647 7.249481 1.441589 -0.3956184 0.3997116 -3.165375 0.5 -3.165375 0.3997116 0.5594828 0.7774943 0.5788541 0.7529458 0.5788541 0.7774943 -0.9268059 0.6887683 1.007839 0.7319068 1.007839 0.6887683 0.7629705 0.9619835 0.7807713 0.9406896 0.7629705 0.9406903 -0.3956184 0.3997116 -3.165375 0.5 -3.165375 0.3997116 0.5387796 0.9966123 0.5503203 0.9826409 0.5503203 0.9966123 0.7623755 0.9592257 0.783523 0.94449 0.7623755 0.9444906 0.08562213 -0.02010822 -0.5841166 0.5851688 0.08562213 0.5851688 0.7411932 0.9788429 0.7526434 0.9648715 0.7411932 0.9648719 0.4995422 -0.2152128 0.2495422 0.4167708 0.2495422 -0.2152128 0.958097 0.9966418 0.9778823 0.9739173 0.958097 0.9739181 0.6127562 0.7774943 0.630557 0.7529458 0.6127562 0.7529465 0.3173027 0.6486347 0.3479462 0.6290169 0.3479462 0.6486347 0.8995299 0.9998975 0.9210169 0.9706615 0.8995299 0.9706625 0.8649158 0.9584547 0.8931412 0.9292187 0.8649158 0.9292197 0.8995299 0.9998975 0.9210169 0.9706615 0.8995299 0.9706625 4.048547 0.9181432 0.9048007 0.3073403 0.2584578 0.9181532 0.6625738 0.9577049 0.6698106 0.9455264 0.6698106 0.9577049 -2.733482 0.3997116 0.03627383 0.5 0.03627383 0.3997116 -2.733482 0.3997116 0.03627383 0.5 0.03627383 0.3997116 0.654254 0.7774943 0.6656817 0.7529458 0.654254 0.7529465 0.5594828 0.7774943 0.5788541 0.7529458 0.5788541 0.7774943 0.7578125 -0.004262328 -0.2421875 0.6010146 -0.2421875 -0.004262328 0.7410891 0.9644187 0.7300063 0.979184 0.7300063 0.9644187 1.397986 0.3997116 0.9900127 0.5 0.9900127 0.3997116 0.8567623 0.7774943 0.875346 0.7529458 0.875346 0.7774943 3.733337 0.3997116 4.165253 0.5 4.165253 0.3997116 0.9777296 0.9635764 0.9975149 0.9408518 0.9975149 0.9635764 0.2494812 0.465817 0.4995422 -4.412593 0.4994812 0.465817 -0.9268059 0.6887683 3.599779 0.7319068 -0.9268059 0.7319068 0.9032979 0.9981477 0.920671 0.9726674 0.920671 0.9981477 0.8363249 0.1547441 3.23605 0.7517903 3.23605 0.1547441 5.507477 0.3900647 0.6290665 1.441589 5.507477 1.441589 0.706727 0.9966123 0.7175033 0.9826409 0.7175033 0.9966123 0.6814579 0.7774943 0.6996363 0.7529458 0.6814579 0.7529465 0.5553724 0.9788429 0.5654602 0.9648715 0.5654602 0.9788429 0.958097 0.9966418 0.9778823 0.9739173 0.9778823 0.9966418 0.7593384 0.4855003 -6.87439 0.2355804 0.7593384 0.2355003 -1.949136 0.7319068 -0.9734165 0.6887683 -0.9734165 0.7319068 0.9139789 0.7774943 0.9401674 0.7575932 0.9401674 0.7774943 0.9772081 0.9669169 0.9986951 0.9376809 0.9986951 0.9669169 0.6504606 0.8055043 0.6617195 0.7811627 0.6617195 0.8055043 0.8744112 0.7774943 0.8937825 0.7529458 0.8937825 0.7774943 -2.733482 0.3997116 0.03627383 0.5 0.03627383 0.3997116 0.324646 0.5471183 -4.215347 0.2761035 -4.215347 0.5471183 0.0846824 0.7199741 0.1180838 0.7041149 0.1180838 0.7199741 0.4996338 0.2761035 0.324646 0.6441369 0.4996338 0.6441369 0.7347722 0.694041 0.6241809 0.6466982 0.7347721 0.6466982 0.5971196 0.9966123 0.6031452 0.9826409 0.5971196 0.9826413 0.9790233 0.9653841 0.9963964 0.9399037 0.9790233 0.9399046 0.9779896 0.9975966 0.9991371 0.9722495 0.9779896 0.9722505 0.6363607 0.9788429 0.6472451 0.9614272 0.6472451 0.9788429 0.7789338 0.9788429 0.7974156 0.9648715 0.7974156 0.9788429 0.2781143 -0.2152128 0.5281143 0.3900647 0.5281143 -0.2152128 0.7171236 0.9788429 0.7298456 0.9648715 0.7298456 0.9788429 0.324646 0.5471183 -4.215347 0.2761035 -4.215347 0.5471183 0.5806607 0.8055043 0.5972573 0.7811627 0.5806607 0.7811635 0.7409812 0.9788429 0.7525966 0.9614272 0.7409812 0.9614276 0.676391 0.9788429 0.6896455 0.9648715 0.6896455 0.9788429 3.599779 0.7319068 -0.9268059 0.6887683 3.599779 0.6887683 0.6627442 0.9788429 0.675222 0.9648715 0.675222 0.9788429 0.7295041 0.9788429 0.7412489 0.9648715 0.7295041 0.9648719 0.5553724 0.9788429 0.5654602 0.9648715 0.5654602 0.9788429 0.2354888 0.5876508 0.4854889 1.639175 0.2354888 1.639175 0.6591299 0.9966123 0.6706705 0.9826409 0.6591299 0.9826413 0.6763209 0.979184 0.6894966 0.9644184 0.6894966 0.979184 0.8460618 0.9999493 0.8769054 0.9547121 0.8769054 0.9999493 0.604917 0.9577049 0.6201248 0.9455264 0.6201248 0.9577049 0.6814579 0.7774943 0.6996363 0.7529458 0.6996363 0.7774943 0.5771594 0.979184 0.5901436 0.9644187 0.5901436 0.979184 0.4505882 0.1632232 -1.988617 0.4612385 -1.988617 0.1632232 0.8460618 0.9999493 0.8769054 0.9547121 0.8460618 0.9547137 4.130096 0.2257938 4.903995 -0.3794832 4.130096 -0.3794832 1.395569 0.3997116 0.9636536 0.5 0.9636536 0.3997116 0.706727 0.9966123 0.7175033 0.9826409 0.7175033 0.9966123 0.8932828 0.8055043 0.9098793 0.7811627 0.9098793 0.8055043 0.4855805 1.680835 0.2355804 0.6293106 0.2355804 1.680835 0.6198486 0.6982062 0.7391045 0.6421987 0.7391045 0.6982063 0.4996948 -0.01762712 0.2496948 0.5876508 0.2496948 -0.01762712 0.5552909 0.9788429 0.5661381 0.9648715 0.5552909 0.9648719 1.395569 0.3997116 0.9636536 0.5 0.9636536 0.3997116 0.01138293 0.1632232 2.450588 0.4609714 2.450588 0.1632232 0.5970011 0.7774943 0.6124135 0.7529458 0.5970011 0.7529465 0.1751128 0.8096598 0.8248873 0.8300806 0.175042 0.8300933 0.5780723 0.7774943 0.5974436 0.7529458 0.5780723 0.7529465 0.5903473 0.6441369 4.005234 0.2761035 4.005234 0.6441369 0.8195508 0.956074 0.8558193 0.9285128 0.8195508 0.9285138 0.5801099 0.7774943 0.5975452 0.7575932 0.5801099 0.7575939 0.2494812 -0.2152128 0.4994812 0.3900647 0.4994812 -0.2152128 0.4997254 0.3452587 0.3247223 0.7132921 0.4997254 0.7132921 0.7489066 -0.1040925 0.1717255 0.5011806 0.7489065 0.5011811 -0.7695712 0.7317965 2.601858 0.6886579 2.601858 0.7317965 0.8206768 0.7774943 0.8392604 0.7529458 0.8206768 0.7529465 0.5594599 0.7774943 0.5792438 0.7575932 0.5792438 0.7774943 0.7848053 0.7132921 5.324783 0.3452587 5.324783 0.7132921 0.78156 0.7774943 0.7993608 0.7529458 0.7993608 0.7774943 0.7608916 0.7774943 0.7804006 0.7529458 0.7608916 0.7529465 0.2495422 -4.412593 0.4994812 0.465817 0.2494812 0.465817 0.5781864 0.7774943 0.5962482 0.7575932 0.5781864 0.7575939 0.8389209 0.7774943 0.8569827 0.7575932 0.8569827 0.7774943 -6.064693 0.2463531 6.106444 0.750579 -6.064725 0.7536492 0.7400691 0.7774943 0.7581309 0.7575932 0.7581309 0.7774943 0.3747101 0.1632232 0.4997101 0.4609714 0.4997101 0.1632232 0.7391045 0.6983734 0.6198486 0.6423658 0.7391045 0.6423658 -0.9268059 0.6887683 3.599779 0.7319068 3.599779 0.6887683 0.9199259 0.9996805 0.9414129 0.9704445 0.9414129 0.9996805 0.6520151 0.8055043 0.6617663 0.7811627 0.6617663 0.8055043 1.395569 0.3997116 0.9636536 0.5 0.9636536 0.3997116 0.7608916 0.7774943 0.7804006 0.7529458 0.7608916 0.7529465 0.2354888 -0.01762712 0.4854889 0.5876508 0.4854889 -0.01762712 0.4996796 0.6441369 0.3246765 0.2761035 0.4996796 0.2761035 0.5022985 0.7019129 0.5650669 0.6721101 0.5650669 0.7019129 0.9393106 0.9985978 0.9596608 0.9693616 0.9596608 0.9985978 0.2368621 -0.004262328 -0.7631378 0.6010146 -0.7631378 -0.004262328 0.01138293 0.1632232 2.450588 0.4658623 2.450588 0.1632232 0.4854889 0.5876508 0.2354888 -0.01762712 0.4854889 -0.01762712 0.5903473 0.6441369 4.005234 0.2761035 4.005234 0.6441369 0.2495422 -4.412593 0.4994812 0.465817 0.2494812 0.465817 0.5801099 0.7774943 0.5975452 0.7575932 0.5975452 0.7774943 0.5281143 1.441589 0.2781143 0.3900647 0.2781143 1.441589 0.6290665 -0.2152128 5.507477 0.3900647 5.507477 -0.2152128 5.507477 0.3900647 0.6290665 1.441589 5.507477 1.441589 0.5971196 0.9966123 0.6031452 0.9826409 0.6031452 0.9966123 0.763794 -0.2152128 7.249481 0.4198397 7.249481 -0.2152128 0.525026 0.2773862 -0.004113376 0.1921026 0.525026 0.1921026 0.7528823 0.979184 0.7658722 0.9644184 0.7658722 0.979184 0.4505882 0.1632232 -1.988617 0.4608235 -1.988617 0.1632232 0.5147896 0.7132921 6.91671 0.3452587 6.91671 0.7132921 4.081772 0.3330668 4.837587 -0.4867562 4.081772 -0.4867562 0.9588797 0.9653384 0.9783341 0.9399912 0.9783341 0.9653384 0.7623755 0.9592257 0.783523 0.94449 0.783523 0.9592257 0.6591299 0.9966123 0.6706705 0.9826409 0.6706705 0.9966123 0.8402615 -0.3794832 0.8402615 0.2257938 0.8402615 0.2257938 0.763794 1.086483 7.249481 0.3900647 7.249481 1.086483 0.08562213 -0.02010822 4.139862 0.5851688 4.139862 -0.02010822 0.8995299 0.9998975 0.9210169 0.9706615 0.8995299 0.9706625 0.528038 -0.2152128 0.278038 0.3900647 0.278038 -0.2152128 0.278038 1.164393 0.528038 0.3900647 0.528038 1.164393 4.130096 0.2257938 4.903995 -0.3794832 4.130096 -0.3794832 -3.165375 0.5 -0.3956184 0.3997116 -0.3956184 0.5 0.7577195 0.5703608 0.512609 0.5559637 0.7577195 0.5559636 9.440482 -0.4867561 4.837587 0.3330668 9.440482 0.3330667 4.048547 0.9181432 0.6000263 0.3073403 0.2254897 0.9181437 0.1315668 0.9181437 4.048548 0.3073399 0.1315681 0.3073404 4.048547 0.9181432 4.048548 0.3073399 0.6000263 0.3073403 0.8402615 -0.3794832 0.8402615 0.2257938 0.8402615 0.2257938 7.689954 0.5343565 1.497864 1.585881 7.689954 1.585881 0.3974943 0.5559638 0.512609 0.570361 0.3974943 0.5703608 0 0 0 0 0 0 4.048547 0.9181432 0.5208719 0.3073403 0.5208601 0.9181436 0.08549594 0.9154465 -1.745754 0.3101695 -1.745754 0.9154465 0.1315668 0.9181437 4.048547 0.9181432 4.048548 0.3073399 3.733337 0.3997116 3.733337 0.5 4.165253 0.5 0.4996338 0.2761035 0.324646 0.2761035 0.324646 0.6441369 0.3974943 0.5559638 0.3974943 0.5703608 0.1523837 0.570361 0.5412615 0.5927104 0.4988988 0.592712 0.4988988 0.592712 0.6958781 0.9966123 0.6958781 0.9826413 0.7066544 0.9826409 0.763794 0.2364545 7.249481 0.2363782 7.249481 0.4863782 0.706727 0.9966123 0.706727 0.9826413 0.7175033 0.9826409 0.763794 0.2364545 7.249481 0.2363781 7.249481 0.4863782 -6.87439 0.6293106 0.7593384 0.6293106 0.7593384 1.680835 7.249481 0.2363782 7.249481 0.4863782 0.763794 0.4864545 0.9779896 0.9975966 0.9779896 0.9722505 0.9991371 0.9722495 0.8460618 0.9999493 0.8769054 0.9999493 0.8769054 0.9547121 0.1315668 0.9181437 4.048547 0.9181432 4.048548 0.3073399 0.278038 1.086483 0.278038 0.3900647 0.528038 0.3900647 0.5561271 0.7502556 0.5561271 0.7068234 0.6202234 0.7068217 0.958097 0.9638782 0.9778823 0.9638782 0.9778823 0.9411535 0.9214273 0.9975966 0.9408817 0.9975966 0.9408817 0.9722495 -6.87439 0.6808348 0.7593384 0.6808348 0.7593384 -0.3706894 0.9214273 0.9975966 0.9408817 0.9975966 0.9408817 0.9722495 0.5289406 0.9790647 0.5419759 0.9790647 0.5419759 0.9632512 0.8389209 0.7774943 0.8389209 0.7575939 0.8569827 0.7575932 5.507477 0.3900647 0.6290665 0.3900647 0.6290665 1.441589 0.3974943 0.5559638 0.3974943 0.5703608 0.1523837 0.570361 0.2496948 -8.806247 0.4996948 -8.806247 0.4996033 0.339356 0.9197089 0.9998975 0.9197089 0.9706625 0.9411959 0.9706615 0.6758441 0.9788429 0.6758441 0.9648719 0.6905531 0.9648715 0.8206768 0.7529465 0.8206768 0.7774943 0.8392604 0.7774943 0.2495422 -4.412593 0.4995422 -4.412593 0.4994812 0.465817 0.8402615 -0.3794832 0.8402615 -0.3794832 0.8402615 0.2257938 0.8195508 0.956074 0.8195508 0.9285138 0.8558193 0.9285128 0.8460618 0.9547137 0.8769054 0.9547121 0.8769054 0.9999493 0.6213128 0.7473177 0.7398439 0.7473177 0.7398439 0.6380592 0.6231091 0.9790647 0.6231091 0.9632518 0.6361444 0.9632512 -6.87439 0.6293106 0.7593384 0.6293106 0.7593384 0.02403259 0.7640076 0.1938291 7.249695 0.1937528 7.249695 0.4437528 0.7577195 0.5559636 0.8728342 0.5559637 0.8728342 0.570361 3.733337 0.3997116 3.733337 0.5 4.165253 0.5 0.2508389 0.8081122 0.2508389 0.7930314 0.282602 0.7930309 -0.3956184 0.3997116 -0.3956184 0.5 -3.165375 0.5 1.395569 0.3997116 1.395569 0.5 0.9636536 0.5 0.2494812 -0.2152128 0.2494812 0.3900647 -6.236206 0.3900647 0.3974943 0.5559638 0.512609 0.5559637 0.512609 0.570361 0.2368621 2.127131 0.2368621 0.6010146 1.236862 0.6010146 0.6992316 0.7774943 0.7157612 0.7774943 0.7157612 0.7529458 0.6198486 0.6982062 0.6198486 0.6421987 0.7391045 0.6421987 0.8389209 0.7774943 0.8569827 0.7774943 0.8569827 0.7575932 0.5813615 0.8055043 0.5813615 0.7811635 0.5979581 0.7811627 0.3337174 -0.0176233 0.3337174 0.5876508 2.249603 0.5876508 0.706727 0.9966123 0.706727 0.9826413 0.7175033 0.9826409 0.9214273 0.9653384 0.9214273 0.9399922 0.9408817 0.9399912 0.1267395 -0.0176233 0.1267395 0.5876508 0.3767243 0.5876508 0.9581735 0.9985978 0.9581735 0.9693627 0.9785237 0.9693616 3.733337 0.3997116 3.733337 0.5 4.165253 0.5 0.763794 0.2364545 7.249481 0.2363781 7.249481 0.4863782 0.7608916 0.7774943 0.7804006 0.7774943 0.7804006 0.7529458 5.507477 0.3900647 0.6290665 0.3900647 0.6290665 1.441589 0.4948528 0.5892676 0.5634911 0.5892676 0.5634911 0.5012658 0.9588797 0.9653384 0.9588797 0.9399922 0.9783341 0.9399912 0.8754401 0.8055043 0.8920367 0.8055043 0.8920367 0.7811627 0.5529329 0.9593452 0.5595813 0.9593452 0.5595813 0.9455264 0.9105403 0.8840407 0.9976282 0.8840407 0.9976282 0.8254272 0.7409812 0.9788429 0.7409812 0.9614276 0.7525966 0.9614272 3.733337 0.3997116 3.733337 0.5 4.165253 0.5 0.9102922 0.8055043 0.9102922 0.7811635 0.9378999 0.7811627 0.937278 0.8055043 0.937278 0.7811635 0.9568794 0.7811627 0.08190298 0.1547441 0.08190298 0.7517903 3.715025 0.7517903 0.4996796 0.6441369 0.3246765 0.6441369 0.3246765 0.2761035 -4.420531 -0.2152128 -4.420531 0.417654 -4.672605 0.417654 0.7174277 0.9966123 0.7174277 0.9826413 0.7289684 0.9826409 0.706727 0.9966123 0.706727 0.9826413 0.7175033 0.9826409 0.7175033 0.9826409 0.706727 0.9826413 0.706727 0.9966123 4.019683 0.7319068 4.019683 0.6839948 0.9890082 0.6839948 0.8460618 0.9999493 0.8769054 0.9999493 0.8769054 0.9547121 0.2494812 -0.2152128 0.2494812 0.3900647 -6.236206 0.3900647 0.5037711 0.9790647 0.5168064 0.9790647 0.5168064 0.9632512 0.5780723 0.7774943 0.5780723 0.7529465 0.5974436 0.7529458 0.9779896 0.9975966 0.9991371 0.9975966 0.9991371 0.9722495 0.7287502 0.9966123 0.7395265 0.9966123 0.7395265 0.9826409 0.958097 0.9637697 0.9778823 0.9637697 0.9778823 0.9410451 4.130096 0.2257938 4.903995 0.2257938 4.903995 -0.3794832 0.6992316 0.7774943 0.6992316 0.7529465 0.7157612 0.7529458 0.958097 0.9966418 0.958097 0.9739181 0.9778823 0.9739173 0.958097 0.9964269 0.9778823 0.9964269 0.9778823 0.9737023 0.9073125 0.182512 0.7732444 0.1825121 0.7732444 0.001388192 0.7168574 0.9788429 0.7168574 0.9648719 0.7301119 0.9648715 0.8363249 0.1547441 0.08190298 0.1547441 0.08190298 0.7517903 -2.733482 0.3997116 -2.733482 0.5 0.03627383 0.5 3.599779 0.7319068 -0.9268059 0.7319068 -0.9268059 0.6887683 0.6814579 0.7774943 0.6814579 0.7529465 0.6996363 0.7529458 0.2496948 1.639175 0.2496948 0.5876508 -6.235992 0.5876508 0.5770747 0.9788429 0.5770747 0.9614276 0.5900396 0.9614272 0.5036476 0.9966123 0.5036476 0.9826413 0.5151883 0.9826409 0.5036476 0.9966123 0.5036476 0.9826413 0.5151883 0.9826409 0.5971196 0.9966123 0.5971196 0.9826413 0.6031452 0.9826409 0.08549594 0.9154465 0.8358801 0.9154465 0.8358801 0.3101695 0.958097 0.9637697 0.958097 0.9410459 0.9778823 0.9410451 0.8411426 0.1471244 0.8411426 0.7524014 4.912625 0.7524014 0.920539 0.966049 0.920539 0.936814 0.9408892 0.9368129 0.2496948 -8.806247 0.4996948 -8.806247 0.4996033 0.339356 0.5548246 0.9788429 0.5662437 0.9788429 0.5662437 0.9648715 -0.4853411 0.3997116 -0.4853411 0.5 -3.165375 0.5 0.4996796 0.6441369 0.3246765 0.6441369 0.3246765 0.2761035 0.5018007 0.7774943 0.5018007 0.7529465 0.5211719 0.7529458 0.5281143 1.164393 0.5281143 0.3900647 0.2781143 0.3900647 0.763794 -0.2152128 0.763794 0.3900647 7.249481 0.3900647 4.048547 0.9181432 4.048548 0.3073399 0.1315681 0.3073404 3.733337 0.3997116 3.733337 0.5 4.165253 0.5 0.4988988 0.6356999 0.5412615 0.6356999 0.5412615 0.5927104 0.324646 0.6441369 0.324646 0.2761035 -4.215347 0.2761035 0.9214273 0.9975966 0.9408817 0.9975966 0.9408817 0.9722495 0.4948528 0.5892676 0.4948528 0.5012688 0.5634911 0.5012658 3.733337 0.3997116 3.733337 0.5 4.165253 0.5 0.5801099 0.7774943 0.5975452 0.7774943 0.5975452 0.7575932 0.958097 0.9637697 0.9778823 0.9637697 0.9778823 0.9410451 0.9779896 0.9975966 0.9991371 0.9975966 0.9991371 0.9722495 -0.9268059 0.6887683 -0.9268059 0.7319068 3.599779 0.7319068 0.9214273 0.9975966 0.9408817 0.9975966 0.9408817 0.9722495 0.7400691 0.7774943 0.7400691 0.7575939 0.7581309 0.7575932 0.5903473 0.6441369 0.5903473 0.2761035 4.005234 0.2761035 0.6612634 0.9788429 0.6750472 0.9788429 0.6750472 0.9648715 0.5032516 0.9788429 0.5032516 0.9614276 0.5165088 0.9614272 0.5026299 0.979184 0.5168851 0.979184 0.5168851 0.9644184 0.9214273 0.9653384 0.9408817 0.9653384 0.9408817 0.9399912 0.5981896 0.8055043 0.5981896 0.7811635 0.6131865 0.7811627 0.7013 0.8055043 0.7013 0.7811635 0.7178966 0.7811627 0.7659906 0.9788429 0.7659906 0.9648719 0.7794067 0.9648715 0.503447 0.9788429 0.503447 0.9648719 0.5168632 0.9648715 -0.9268059 0.6887683 -0.9268059 0.7319068 3.599779 0.7319068 0.6198486 0.6982062 0.6198486 0.6421987 0.7391045 0.6421987 0.3247223 0.5239523 0.3247223 0.3452587 -0.9292489 0.3452587 0.7297835 0.9788429 0.7297835 0.9648719 0.7414004 0.9648715 0.5281143 1.086483 0.5281143 0.3900647 0.2781143 0.3900647 0.7400691 0.7774943 0.7400691 0.7575939 0.7581309 0.7575932 -6.87439 0.02403259 0.7593384 0.02403259 0.7593384 0.6293106 0.333845 0.9210119 0.333845 0.1466839 0.5838451 0.1466839 0.8195508 0.956074 0.8195508 0.9285138 0.8558193 0.9285128 0.5594599 0.7774943 0.5594599 0.7575939 0.5792438 0.7575932 0.7578125 -0.004262328 0.7578125 0.6010146 1.757812 0.6010146 0.458203 0.08506959 2.249603 0.0850377 2.249603 0.3350377 0.1144714 -0.02010822 0.1144714 0.5851688 4.194549 0.5851688 0.5806069 0.8055043 0.5806069 0.7811635 0.5972035 0.7811627 0.6992316 0.7774943 0.6992316 0.7529465 0.7157612 0.7529458 0.8217462 0.7774943 0.839547 0.7774943 0.839547 0.7529458 0.1144714 -0.02010822 -0.8370917 -0.02010822 -0.8370917 0.5851687 1.395137 0.3997116 1.395137 0.5 1.015344 0.5 -0.3956184 0.3997116 -0.3956184 0.5 -3.165375 0.5 3.733337 0.3997116 3.733337 0.5 4.165253 0.5 0.8411426 0.1471244 0.0869171 0.1471244 0.0869171 0.7524014 0.4863245 0.874224 0.5050531 0.874224 0.5050531 0.8442293 0.2781143 -0.2152128 0.2781143 0.3900647 0.5281143 0.3900647 0.706727 0.9966123 0.706727 0.9826413 0.7175033 0.9826409 0.2494812 -0.2152128 0.2494812 0.3900647 -6.236206 0.3900647 0.4994019 -0.2152128 0.4994019 0.417654 -4.420531 0.417654 0.6473421 0.9966123 0.6575101 0.9966123 0.6575101 0.9826409 0.763794 -0.2152128 0.763794 0.3900647 7.249481 0.3900647 0.706727 0.9966123 0.706727 0.9826413 0.7175033 0.9826409 0.6524782 0.7774943 0.6524782 0.7575939 0.66661 0.7575932 0.278038 1.441589 0.278038 0.3900647 0.528038 0.3900647 0.632878 0.9966123 0.632878 0.9826413 0.6456577 0.9826409 0.7347722 0.694041 0.6241809 0.6940411 0.6241809 0.6466982 0.5018007 0.7774943 0.5018007 0.7529465 0.5211719 0.7529458 0.4948528 0.5892676 0.4948528 0.5012688 0.5634911 0.5012658 0.9879121 0.8842913 0.9042782 0.8842932 0.9042782 0.9338703 0.324646 0.5198498 0.324646 0.2761035 -4.215347 0.2761035 0.958097 0.9637697 0.958097 0.9410459 0.9778823 0.9410451 0.3766975 -0.01762712 0.3766975 0.5876508 0.1266975 0.5876508 0.6213128 0.7473177 0.6213128 0.6380632 0.7398439 0.6380592 0.8104122 0.9788429 0.8104122 0.9648719 0.8224523 0.9648715 0.5795194 0.7774943 0.5967333 0.7774943 0.5967333 0.7575932 0.5552513 0.9788429 0.566183 0.9788429 0.566183 0.9648715 1.724921 0.7132921 1.724921 0.3452587 6.059383 0.3452587 -2.733482 0.3997116 -2.733482 0.5 -0.2390016 0.5 1.395569 0.3997116 1.395569 0.5 0.9636536 0.5 0.4996338 0.2761035 0.324646 0.2761035 0.324646 0.6441369 0.1332855 0.7121629 0.1332855 0.6963043 0.1666869 0.6963036 0.7414548 0.979184 0.7414548 0.9644189 0.7529982 0.9644184 0.5018007 0.7529465 0.5018007 0.7774943 0.5211719 0.7774943 -2.733482 0.5 0.03627383 0.5 0.03627383 0.3997116 0.3767243 1.098204 0.3767243 0.5876508 0.1267395 0.5876508 0.8005999 0.7774943 0.8199712 0.7774943 0.8199712 0.7529458 0.6758441 0.9788429 0.6905531 0.9788429 0.6905531 0.9648715 0.7578125 2.127131 0.7578125 0.6010146 1.757812 0.6010146 -0.004113376 0.1921026 -0.004113495 0.2773862 0.525026 0.2773862 0.958097 0.9637697 0.958097 0.9410459 0.9778823 0.9410451 0.9139789 0.7774943 0.9139789 0.7575939 0.9401674 0.7575932 0.6231091 0.9790647 0.6231091 0.9632518 0.6361444 0.9632512 0.9393106 0.966049 0.9596608 0.966049 0.9596608 0.9368129 0.2354125 1.639175 0.2354125 0.5876508 0.4854126 0.5876508 0.7413058 0.9788429 0.7529647 0.9788429 0.7529647 0.9648715 0.763794 -0.2152128 0.763794 0.3900647 7.249481 0.3900647 0.5660598 0.9788429 0.5660598 0.9614276 0.5769442 0.9614272 0.6575101 0.9826409 0.6473421 0.9826413 0.6473421 0.9966123 0.7174277 0.9966123 0.7289684 0.9966123 0.7289684 0.9826409 0.4997864 0.7132921 0.3247833 0.7132921 0.3247833 0.3452587 0.7413058 0.9788429 0.7413058 0.9648719 0.7529647 0.9648715 0.3974943 0.5559638 0.3974943 0.5703608 0.1523837 0.570361 0.7577195 0.5703608 0.512609 0.570361 0.512609 0.5559637 0.528038 -0.2152128 0.528038 0.3900647 0.278038 0.3900647 0.1315668 0.9181437 4.048547 0.9181432 4.048548 0.3073399 4.048547 0.9181432 4.048548 0.3073399 0.1315681 0.3073404 0.1315668 0.9181437 4.048547 0.9181432 4.048548 0.3073399 0.7013 0.8055043 0.7013 0.7811635 0.7178966 0.7811627 0.6466081 0.9644187 0.6466081 0.979184 0.6361273 0.979184 0.9779896 0.9975966 0.9991371 0.9975966 0.9991371 0.9722495 -2.733482 0.3997116 -2.733482 0.5 -0.2949827 0.5 0.2354125 -0.01762712 0.2354125 0.5876508 9.381016 0.5876508 0.5959041 0.8055043 0.6125006 0.8055043 0.6125006 0.7811627 0.5439914 0.8055043 0.560588 0.8055043 0.560588 0.7811627 0.6213128 0.7473177 0.6213128 0.6380632 0.7398439 0.6380592 0.6591299 0.9966123 0.6591299 0.9826413 0.6706705 0.9826409 0.2368621 -0.004262328 0.2368621 0.6010146 1.236862 0.6010146 0.4995422 -0.2152128 0.4995422 0.3900647 0.2495422 0.3900647 0.4995422 -0.2152128 0.4995422 0.3900647 0.2495422 0.3900647 0.2781143 -0.2152128 0.2781143 0.3900647 0.5281143 0.3900647 0.8572514 0.7774943 0.8744654 0.7774943 0.8744654 0.7575932 0.5018007 0.7774943 0.5018007 0.7529465 0.5211719 0.7529458 4.130096 0.2257938 4.903995 0.2257938 4.903995 -0.3794832 0.9600982 0.7774943 0.9786818 0.7774943 0.9786818 0.7529458 0.5281143 1.164393 0.5281143 0.3900647 0.2781143 0.3900647 -2.733482 0.3997116 -2.733482 0.5 -0.5104718 0.5 1.412153 0.3997116 1.412153 0.5 0.9802375 0.5 0.2781143 -0.2152128 0.2781143 0.3900647 0.5281143 0.3900647 0.8230253 0.8055043 0.8230253 0.7811635 0.8396219 0.7811627 0.8752378 0.7774943 0.8752378 0.7575939 0.8932996 0.7575932 -0.08533179 0.8096598 1.085459 0.809647 1.085332 0.8300806 0.8387196 0.7774943 0.8387196 0.7529465 0.8573032 0.7529458 0.9772081 0.9669169 0.9986951 0.9669169 0.9986951 0.9376809 0.7577195 0.5559636 0.8728342 0.5559637 0.8728342 0.570361 0.6958781 0.9966123 0.6958781 0.9826413 0.7066544 0.9826409 0.8995299 0.9998975 0.9210169 0.9998975 0.9210169 0.9706615 0.9131245 0.7774943 0.9131245 0.7529465 0.9403278 0.7529458 0.01138293 0.1632232 0.01138293 0.4658623 2.450588 0.4658623 0.7401839 0.7774943 0.7401839 0.7529465 0.7595552 0.7529458 0.8387196 0.7774943 0.8387196 0.7529465 0.8573032 0.7529458 0.654254 0.7774943 0.6656817 0.7774943 0.6656817 0.7529458 0.958097 0.9637697 0.958097 0.9410459 0.9778823 0.9410451 0.5598477 0.7774943 0.5598477 0.7529465 0.5780261 0.7529458 0.8995299 0.9998975 0.9210169 0.9998975 0.9210169 0.9706615 0.7295041 0.9788429 0.7295041 0.9648719 0.7412489 0.9648715 0.6213128 0.7473177 0.7398439 0.7473177 0.7398439 0.6380592 -0.6708851 0.3997116 -0.6708851 0.5 -3.165375 0.5 0.8752378 0.7774943 0.8752378 0.7575939 0.8932996 0.7575932 0.4997864 0.7132921 0.3247833 0.7132921 0.3247833 0.3452587 0.6991891 0.7774943 0.7164373 0.7774943 0.7164373 0.7529458 0.5781864 0.7774943 0.5781864 0.7575939 0.5962482 0.7575932 0.8750023 0.7774943 0.8750023 0.7529465 0.8931808 0.7529458 -1.77722 -0.4867562 -1.77722 0.3330668 3.749078 0.3330668 0.5032516 0.9788429 0.5032516 0.9614276 0.5165088 0.9614272 0.4996338 0.2761035 0.324646 0.2761035 0.324646 0.6441369 0.6992316 0.7774943 0.6992316 0.7529465 0.7157612 0.7529458 -2.733482 0.3997116 -2.733482 0.5 0.03627383 0.5 0.6897214 0.9790647 0.7027567 0.9790647 0.7027567 0.9632512 0.5226977 0.7774943 0.5226977 0.7575939 0.5412814 0.7575932 0.922392 0.9981477 0.939765 0.9981477 0.939765 0.9726674 0.7489066 -0.1040925 0.7489065 0.5011811 4.270721 0.5011844 0.9779896 0.9975966 0.9779896 0.9722505 0.9991371 0.9722495 0.7410891 0.979184 0.7300063 0.979184 0.7300063 0.9644187 0.6764431 0.9788429 0.6764431 0.9614276 0.6894081 0.9614272 0.5594599 0.7774943 0.5594599 0.7575939 0.5792438 0.7575932 0.9139789 0.7774943 0.9401674 0.7774943 0.9401674 0.7575932 0.6213128 0.7473177 0.6213128 0.6380632 0.7398439 0.6380592 0.6992316 0.7774943 0.6992316 0.7529465 0.7157612 0.7529458 0.8752378 0.7774943 0.8752378 0.7575939 0.8932996 0.7575932 3.733337 0.3997116 3.733337 0.5 4.165253 0.5 0.6958781 0.9966123 0.6958781 0.9826413 0.7066544 0.9826409 1.395569 0.3997116 1.395569 0.5 0.9636536 0.5 0.4174718 -0.01762712 0.4174718 0.5876508 -8.76459 0.5876508 0.6309161 0.9577049 0.6409682 0.9577049 0.6409682 0.9455264 0.5971196 0.9966123 0.6031452 0.9966123 0.6031452 0.9826409 0.6532964 0.7774943 0.6532964 0.7529465 0.6660151 0.7529458 0.4854889 1.639175 0.4854889 0.5876508 0.2354888 0.5876508 0.5018007 0.7774943 0.5018007 0.7529465 0.5211719 0.7529458 0.2496948 -0.01762712 0.2496948 0.5876508 -6.235992 0.5876508 -2.215245 0.9210117 -2.215245 0.1466841 0.333845 0.1466839 0.8460618 0.9999493 0.8460618 0.9547137 0.8769054 0.9547121 4.130096 0.2257938 4.903995 0.2257938 4.903995 -0.3794832 0.17171 0.8717492 0.17171 0.8485692 0.1918925 0.8485683 0.7168574 0.9788429 0.7168574 0.9648719 0.7301119 0.9648715 0.7168574 0.9788429 0.7168574 0.9648719 0.7301119 0.9648715 0.4948528 0.5892676 0.4948528 0.5012688 0.5634911 0.5012658 0.2494812 -0.2152128 0.2494812 0.3900647 -6.236206 0.3900647 1.395569 0.3997116 1.395569 0.5 0.9636536 0.5 0.654254 0.7774943 0.654254 0.7529465 0.6656817 0.7529458 -0.7695712 0.7317965 -0.7695712 0.6886579 2.601858 0.6886579 0.5397667 0.7774943 0.5397667 0.7529465 0.5592757 0.7529458 0.6045441 0.9788429 0.6045441 0.9648719 0.612939 0.9648715 5.857713 0.08331644 5.857713 0.9166829 -5.786092 0.9166822 0.8460618 0.9999493 0.8460618 0.9547137 0.8769054 0.9547121 0.3974943 0.5559638 0.512609 0.5559637 0.512609 0.570361 4.130096 0.2257938 4.903995 0.2257938 4.903995 -0.3794832 4.019683 0.7319068 0.9890082 0.7319068 0.9890082 0.6839948 -0.3956184 0.3997116 -0.3956184 0.5 -3.165375 0.5 -1.541781 -0.0176233 0.2496032 -0.01762712 0.2496032 0.5876508 0.3747101 0.1632232 0.3747101 0.4612385 0.4997101 0.4612385 3.23605 0.7517903 3.839277 0.7517903 3.839277 0.1547441 0.528038 -0.2152128 0.528038 0.3900647 0.278038 0.3900647 0.9197089 0.9998975 0.9197089 0.9706625 0.9411959 0.9706615 0.5781864 0.7774943 0.5962482 0.7774943 0.5962482 0.7575932 0.4582189 1.098204 0.4582189 0.5876508 2.249603 0.5876508 0.821282 0.7774943 0.821282 0.7575939 0.8390955 0.7575932 0.8393453 0.7774943 0.8393453 0.7575939 0.8565593 0.7575932 -2.733482 0.3997116 -2.733482 0.5 0.03627383 0.5 0.4505882 0.1632232 0.4505882 0.4609714 -1.988617 0.4609714 -0.3956184 0.3997116 -0.3956184 0.5 -3.165375 0.5 0.5397667 0.7774943 0.5397667 0.7529465 0.5588417 0.7529458 0.5036476 0.9966123 0.5036476 0.9826413 0.5151883 0.9826409 0.8407947 0.8055043 0.8407947 0.7811635 0.8573912 0.7811627 0.958097 0.9637697 0.9778823 0.9637697 0.9778823 0.9410451 9.381016 0.5876508 0.2354125 0.5876508 0.2354125 1.639175 0.6627442 0.9788429 0.6627442 0.9648719 0.675222 0.9648715 0.7577195 0.5559636 0.8728342 0.5559637 0.8728342 0.570361 0.3337174 -0.01762712 0.3337174 0.5876508 0.6671578 0.5876508 0.8402615 -0.3794832 0.8402615 -0.3794832 0.8402615 0.2257938 0.2368621 2.127131 0.2368621 0.6010146 -0.7631378 0.6010146 0.5261757 0.1632232 0.5261757 0.4608234 0.4505882 0.4608235 0.6907469 0.9788429 0.7023387 0.9788429 0.7023387 0.9648715 3.733337 0.3997116 3.733337 0.5 4.165253 0.5 0.5289406 0.9790647 0.5419759 0.9790647 0.5419759 0.9632512 0.1266975 1.098204 0.1266975 0.5876508 0.3766975 0.5876508 0.671727 0.9966123 0.6818949 0.9966123 0.6818949 0.9826409 0.6473421 0.9966123 0.6473421 0.9826413 0.6575101 0.9826409 0.7578125 2.127131 0.7578125 0.6010146 -0.2421875 0.6010146 0.8957461 0.8755462 0.9133082 0.8755462 0.9133082 0.8512046 -0.4620298 0.3997116 -0.4620297 0.5 -3.165375 0.5 4.130096 0.2257938 4.903995 0.2257938 4.903995 -0.3794832 0.8460618 0.9999493 0.8769054 0.9999493 0.8769054 0.9547121 0.4854126 -0.01762712 0.4854126 0.5876508 0.2354125 0.5876508 0.8402615 -0.3794832 0.8402615 -0.3794832 0.8402615 0.2257938 0.5510038 0.9966123 0.5510038 0.9826413 0.5611717 0.9826409 0.528038 -0.2152128 0.528038 0.3900647 0.278038 0.3900647 0.6897214 0.9790647 0.6897214 0.9632518 0.7027567 0.9632512 0.7577195 0.5703608 0.512609 0.570361 0.512609 0.5559637 0.958097 0.9966418 0.958097 0.9739181 0.9778823 0.9739173 0.763794 1.164393 0.763794 0.3900647 7.249481 0.3900647 -0.9268059 0.6887683 3.599779 0.6887683 3.599779 0.7319068 0.4996796 0.6441369 0.3246765 0.6441369 0.3246765 0.2761035 0.5903473 0.6441369 0.5903473 0.2761035 4.005234 0.2761035 0.5163472 0.979184 0.5030226 0.979184 0.5030226 0.9644187 0.2355804 0.02403259 0.2355804 0.6293106 0.4855805 0.6293106 0.5037711 0.9790647 0.5168064 0.9790647 0.5168064 0.9632512 0.958097 0.9638782 0.9778823 0.9638782 0.9778823 0.9411535 0.8995299 0.9998975 0.8995299 0.9706625 0.9210169 0.9706615 0.6473421 0.9966123 0.6473421 0.9826413 0.6575101 0.9826409 0.7640076 -0.01762712 0.7640076 0.5876508 7.249695 0.5876508 0.958097 0.9964269 0.958097 0.9737032 0.9778823 0.9737023 0.6213128 0.7473177 0.6213128 0.6380632 0.7398439 0.6380592 1.757812 0.1952024 1.757812 1.195202 0.7578125 1.195202 0.763794 1.441589 0.763794 0.3900647 7.249481 0.3900647 -0.3956184 0.3997116 -0.3956184 0.5 -3.165375 0.5 0.5594828 0.7774943 0.5594828 0.7529465 0.5788541 0.7529458 -0.9268059 0.6887683 -0.9268059 0.7319068 1.007839 0.7319068 0.7629705 0.9619835 0.7807713 0.9619835 0.7807713 0.9406896 -0.3956184 0.3997116 -0.3956184 0.5 -3.165375 0.5 0.5387796 0.9966123 0.5387796 0.9826413 0.5503203 0.9826409 0.7623755 0.9592257 0.783523 0.9592257 0.783523 0.94449 0.08562213 -0.02010822 -0.5841166 -0.02010816 -0.5841166 0.5851688 0.7411932 0.9788429 0.7526434 0.9788429 0.7526434 0.9648715 0.4995422 -0.2152128 0.4995422 0.4167708 0.2495422 0.4167708 0.958097 0.9966418 0.9778823 0.9966418 0.9778823 0.9739173 0.6127562 0.7774943 0.630557 0.7774943 0.630557 0.7529458 0.3173027 0.6486347 0.3173027 0.6290177 0.3479462 0.6290169 0.8995299 0.9998975 0.9210169 0.9998975 0.9210169 0.9706615 0.8649158 0.9584547 0.8931412 0.9584547 0.8931412 0.9292187 0.8995299 0.9998975 0.9210169 0.9998975 0.9210169 0.9706615 4.048547 0.9181432 4.048548 0.3073399 0.9048007 0.3073403 0.6625738 0.9577049 0.6625738 0.9455268 0.6698106 0.9455264 -2.733482 0.3997116 -2.733482 0.5 0.03627383 0.5 -2.733482 0.3997116 -2.733482 0.5 0.03627383 0.5 0.654254 0.7774943 0.6656817 0.7774943 0.6656817 0.7529458 0.5594828 0.7774943 0.5594828 0.7529465 0.5788541 0.7529458 0.7578125 -0.004262328 0.7578125 0.6010146 -0.2421875 0.6010146 0.7410891 0.9644187 0.7410891 0.979184 0.7300063 0.979184 1.397986 0.3997116 1.397986 0.5 0.9900127 0.5 0.8567623 0.7774943 0.8567623 0.7529465 0.875346 0.7529458 3.733337 0.3997116 3.733337 0.5 4.165253 0.5 0.9777296 0.9635764 0.9777296 0.9408527 0.9975149 0.9408518 0.2494812 0.465817 0.2495422 -4.412593 0.4995422 -4.412593 -0.9268059 0.6887683 3.599779 0.6887683 3.599779 0.7319068 0.9032979 0.9981477 0.9032979 0.9726682 0.920671 0.9726674 0.8363249 0.1547441 0.8363175 0.7517903 3.23605 0.7517903 5.507477 0.3900647 0.6290665 0.3900647 0.6290665 1.441589 0.706727 0.9966123 0.706727 0.9826413 0.7175033 0.9826409 0.6814579 0.7774943 0.6996363 0.7774943 0.6996363 0.7529458 0.5553724 0.9788429 0.5553724 0.9648719 0.5654602 0.9648715 0.958097 0.9966418 0.958097 0.9739181 0.9778823 0.9739173 0.7593384 0.4855003 -6.87439 0.4855805 -6.87439 0.2355804 -1.949136 0.7319068 -1.949136 0.6887683 -0.9734165 0.6887683 0.9139789 0.7774943 0.9139789 0.7575939 0.9401674 0.7575932 0.9772081 0.9669169 0.9772081 0.9376819 0.9986951 0.9376809 0.6504606 0.8055043 0.6504606 0.7811635 0.6617195 0.7811627 0.8744112 0.7774943 0.8744112 0.7529465 0.8937825 0.7529458 -2.733482 0.3997116 -2.733482 0.5 0.03627383 0.5 0.324646 0.5471183 0.324646 0.2761035 -4.215347 0.2761035 0.0846824 0.7199741 0.0846824 0.7041155 0.1180838 0.7041149 0.4996338 0.2761035 0.324646 0.2761035 0.324646 0.6441369 0.7347722 0.694041 0.6241809 0.6940411 0.6241809 0.6466982 0.5971196 0.9966123 0.6031452 0.9966123 0.6031452 0.9826409 0.9790233 0.9653841 0.9963964 0.9653841 0.9963964 0.9399037 0.9779896 0.9975966 0.9991371 0.9975966 0.9991371 0.9722495 0.6363607 0.9788429 0.6363607 0.9614276 0.6472451 0.9614272 0.7789338 0.9788429 0.7789338 0.9648719 0.7974156 0.9648715 0.2781143 -0.2152128 0.2781143 0.3900647 0.5281143 0.3900647 0.7171236 0.9788429 0.7171236 0.9648719 0.7298456 0.9648715 0.324646 0.5471183 0.324646 0.2761035 -4.215347 0.2761035 0.5806607 0.8055043 0.5972573 0.8055043 0.5972573 0.7811627 0.7409812 0.9788429 0.7525966 0.9788429 0.7525966 0.9614272 0.676391 0.9788429 0.676391 0.9648719 0.6896455 0.9648715 3.599779 0.7319068 -0.9268059 0.7319068 -0.9268059 0.6887683 0.6627442 0.9788429 0.6627442 0.9648719 0.675222 0.9648715 0.7295041 0.9788429 0.7412489 0.9788429 0.7412489 0.9648715 0.5553724 0.9788429 0.5553724 0.9648719 0.5654602 0.9648715 0.2354888 0.5876508 0.4854889 0.5876508 0.4854889 1.639175 0.6591299 0.9966123 0.6706705 0.9966123 0.6706705 0.9826409 0.6763209 0.979184 0.6763209 0.9644189 0.6894966 0.9644184 0.8460618 0.9999493 0.8460618 0.9547137 0.8769054 0.9547121 0.604917 0.9577049 0.604917 0.9455268 0.6201248 0.9455264 0.6814579 0.7774943 0.6814579 0.7529465 0.6996363 0.7529458 0.5771594 0.979184 0.5771594 0.9644187 0.5901436 0.9644187 0.4505882 0.1632232 0.4505882 0.4612385 -1.988617 0.4612385 0.8460618 0.9999493 0.8769054 0.9999493 0.8769054 0.9547121 4.130096 0.2257938 4.903995 0.2257938 4.903995 -0.3794832 1.395569 0.3997116 1.395569 0.5 0.9636536 0.5 0.706727 0.9966123 0.706727 0.9826413 0.7175033 0.9826409 0.8932828 0.8055043 0.8932828 0.7811635 0.9098793 0.7811627 0.4855805 1.680835 0.4855805 0.6293106 0.2355804 0.6293106 0.6198486 0.6982062 0.6198486 0.6421987 0.7391045 0.6421987 0.4996948 -0.01762712 0.4996948 0.5876508 0.2496948 0.5876508 0.5552909 0.9788429 0.5661381 0.9788429 0.5661381 0.9648715 1.395569 0.3997116 1.395569 0.5 0.9636536 0.5 0.01138293 0.1632232 0.01138299 0.4609714 2.450588 0.4609714 0.5970011 0.7774943 0.6124135 0.7774943 0.6124135 0.7529458 0.1751128 0.8096598 0.8249579 0.809647 0.8248873 0.8300806 0.5780723 0.7774943 0.5974436 0.7774943 0.5974436 0.7529458 0.5903473 0.6441369 0.5903473 0.2761035 4.005234 0.2761035 0.8195508 0.956074 0.8558193 0.956074 0.8558193 0.9285128 0.5801099 0.7774943 0.5975452 0.7774943 0.5975452 0.7575932 0.2494812 -0.2152128 0.2494812 0.3900647 0.4994812 0.3900647 0.4997254 0.3452587 0.3247223 0.3452587 0.3247223 0.7132921 0.7489066 -0.1040925 0.1717255 -0.1040925 0.1717255 0.5011806 -0.7695712 0.7317965 -0.7695712 0.6886579 2.601858 0.6886579 0.8206768 0.7774943 0.8392604 0.7774943 0.8392604 0.7529458 0.5594599 0.7774943 0.5594599 0.7575939 0.5792438 0.7575932 0.7848053 0.7132921 0.7848053 0.3452587 5.324783 0.3452587 0.78156 0.7774943 0.78156 0.7529465 0.7993608 0.7529458 0.7608916 0.7774943 0.7804006 0.7774943 0.7804006 0.7529458 0.2495422 -4.412593 0.4995422 -4.412593 0.4994812 0.465817 0.5781864 0.7774943 0.5962482 0.7774943 0.5962482 0.7575932 0.8389209 0.7774943 0.8389209 0.7575939 0.8569827 0.7575932 -6.064693 0.2463531 6.106444 0.2463546 6.106444 0.750579 0.7400691 0.7774943 0.7400691 0.7575939 0.7581309 0.7575932 0.3747101 0.1632232 0.3747101 0.4609714 0.4997101 0.4609714 0.7391045 0.6983734 0.6198486 0.6983734 0.6198486 0.6423658 -0.9268059 0.6887683 -0.9268059 0.7319068 3.599779 0.7319068 0.9199259 0.9996805 0.9199259 0.9704455 0.9414129 0.9704445 0.6520151 0.8055043 0.6520151 0.7811635 0.6617663 0.7811627 1.395569 0.3997116 1.395569 0.5 0.9636536 0.5 0.7608916 0.7774943 0.7804006 0.7774943 0.7804006 0.7529458 0.2354888 -0.01762712 0.2354888 0.5876508 0.4854889 0.5876508 0.4996796 0.6441369 0.3246765 0.6441369 0.3246765 0.2761035 0.5022985 0.7019129 0.5022985 0.6721113 0.5650669 0.6721101 0.9393106 0.9985978 0.9393106 0.9693627 0.9596608 0.9693616 0.2368621 -0.004262328 0.2368621 0.6010146 -0.7631378 0.6010146 0.01138293 0.1632232 0.01138293 0.4658623 2.450588 0.4658623 0.4854889 0.5876508 0.2354888 0.5876508 0.2354888 -0.01762712 0.5903473 0.6441369 0.5903473 0.2761035 4.005234 0.2761035 0.2495422 -4.412593 0.4995422 -4.412593 0.4994812 0.465817 0.5801099 0.7774943 0.5801099 0.7575939 0.5975452 0.7575932 0.5281143 1.441589 0.5281143 0.3900647 0.2781143 0.3900647 0.6290665 -0.2152128 0.6290665 0.3900647 5.507477 0.3900647 5.507477 0.3900647 0.6290665 0.3900647 0.6290665 1.441589 0.5971196 0.9966123 0.5971196 0.9826413 0.6031452 0.9826409 0.763794 -0.2152128 0.763794 0.4198397 7.249481 0.4198397 0.525026 0.2773862 -0.004113495 0.2773862 -0.004113376 0.1921026 0.7528823 0.979184 0.7528823 0.9644189 0.7658722 0.9644184 0.4505882 0.1632232 0.4505882 0.4608235 -1.988617 0.4608235 0.5147896 0.7132921 0.5147896 0.3452587 6.91671 0.3452587 4.081772 0.3330668 4.837587 0.3330668 4.837587 -0.4867562 0.9588797 0.9653384 0.9588797 0.9399922 0.9783341 0.9399912 0.7623755 0.9592257 0.7623755 0.9444906 0.783523 0.94449 0.6591299 0.9966123 0.6591299 0.9826413 0.6706705 0.9826409 0.8402615 -0.3794832 0.8402615 -0.3794832 0.8402615 0.2257938 0.763794 1.086483 0.763794 0.3900647 7.249481 0.3900647 0.08562213 -0.02010822 0.08562213 0.5851688 4.139862 0.5851688 0.8995299 0.9998975 0.9210169 0.9998975 0.9210169 0.9706615 0.528038 -0.2152128 0.528038 0.3900647 0.278038 0.3900647 0.278038 1.164393 0.278038 0.3900647 0.528038 0.3900647 4.130096 0.2257938 4.903995 0.2257938 4.903995 -0.3794832 -3.165375 0.5 -3.165375 0.3997116 -0.3956184 0.3997116 0.7577195 0.5703608 0.512609 0.570361 0.512609 0.5559637 9.440482 -0.4867561 4.837587 -0.4867562 4.837587 0.3330668 0.1315668 0.9181437 4.048547 0.9181432 4.048548 0.3073399 0.8402615 -0.3794832 0.8402615 -0.3794832 0.8402615 0.2257938 7.689954 0.5343565 1.497864 0.5343565 1.497864 1.585881 0.3974943 0.5559638 0.512609 0.5559637 0.512609 0.570361 0 0 0 0 0 0 4.048547 0.9181432 4.048548 0.3073399 0.5208719 0.3073403 0.08549594 0.9154465 0.08549594 0.3101695 -1.745754 0.3101695 0.6763538 0.9788429 0.6763538 0.9648715 0.689209 0.9648715 0.689209 0.9788429 0.5669788 0.9788429 0.5669788 0.9648715 0.5768857 0.9648715 0.5768857 0.9788429 0.5557484 0.9788429 0.5557484 0.9648715 0.5656552 0.9648715 0.5656552 0.9788429 0.7173695 0.9788429 0.7173695 0.9648715 0.7299805 0.9648715 0.7299805 0.9788429 0.7409668 0.9788429 0.7409668 0.9648715 0.752667 0.9648715 0.752667 0.9788429 0.503014 0.9788429 0.503014 0.9648715 0.5168271 0.9648715 0.5168271 0.9788429 0.6471728 0.9790647 0.6471728 0.9632512 0.6611498 0.9632512 0.6611498 0.9790647 0.5031298 0.9790647 0.5031298 0.9632512 0.5168457 0.9632512 0.5168457 0.9790647 0.529497 0.9790647 0.529497 0.9632512 0.5410326 0.9632512 0.5410326 0.9790647 0.8071289 0.949707 0.8071289 0.9433594 0.8120117 0.9433594 0.8120117 0.949707 0.6764697 0.9790647 0.6764697 0.9632512 0.689209 0.9632512 0.689209 0.9790647 0.6471728 0.9790647 0.6471728 0.9632512 0.6611498 0.9632512 0.6611498 0.9790647 0.5031298 0.9790647 0.5031298 0.9632512 0.5168457 0.9632512 0.5168457 0.9790647 0.529497 0.9790647 0.529497 0.9632512 0.5410326 0.9632512 0.5410326 0.9790647 0.8071289 0.949707 0.8071289 0.9433594 0.8120117 0.9433594 0.8120117 0.949707 0.6764697 0.9790647 0.6764697 0.9632512 0.689209 0.9632512 0.689209 0.9790647 0.5030549 0.9788429 0.5030549 0.9648715 0.5168457 0.9648715 0.5168457 0.9788429 0.5172151 0.9788429 0.5172151 0.9648715 0.5287376 0.9648715 0.5287376 0.9788429 0.5557893 0.9788429 0.5557893 0.9648715 0.565847 0.9648715 0.565847 0.9788429 0.7174104 0.9788429 0.7174104 0.9648715 0.7299805 0.9648715 0.7299805 0.9788429 0.7409668 0.9788429 0.7409668 0.9648715 0.7528587 0.9648715 0.7528587 0.9788429 0.6763947 0.9788429 0.6763947 0.9648715 0.689209 0.9648715 0.689209 0.9788429 0.5437012 0.8055043 0.5437012 0.7811627 0.5618599 0.7811627 0.5618599 0.8055043 0.7652963 0.8055043 0.7652963 0.7811627 0.7830513 0.7811627 0.7830513 0.8055043 0.7433237 0.8055043 0.7433237 0.7811627 0.7640083 0.7811627 0.7640083 0.8055043 0.8404917 0.8055043 0.8404917 0.7811627 0.8564453 0.7811627 0.8564453 0.8055043 0.5812143 0.8055043 0.5812143 0.7811627 0.5960396 0.7811627 0.5960396 0.8055043 0.8224253 0.8055043 0.8224253 0.7811627 0.8396919 0.7811627 0.8396919 0.8055043 0.8564453 0.8055043 0.8564453 0.7811627 0.8738716 0.7811627 0.8738716 0.8055043 0.5065073 0.8055043 0.5065073 0.7811627 0.5247505 0.7811627 0.5247505 0.8055043 0.7169565 0.8055043 0.7169565 0.7811627 0.7405708 0.7811627 0.7405708 0.8055043 0.7652963 0.8055043 0.7652963 0.7811627 0.7830513 0.7811627 0.7830513 0.8055043 0.8404917 0.8055043 0.8404917 0.7811627 0.8564453 0.7811627 0.8564453 0.8055043 0.7400691 0.7774943 0.7400691 0.7575932 0.7581309 0.7575932 0.7581309 0.7774943 0.7605769 0.7774943 0.7605769 0.7575932 0.7801036 0.7575932 0.7801036 0.7774943 0.8938777 0.7774943 0.8938777 0.7575932 0.9130859 0.7575932 0.9130859 0.7774943 0.7605769 0.7774943 0.7605769 0.7575932 0.7801036 0.7575932 0.7801036 0.7774943 0.8401668 0.7774943 0.8401668 0.7575932 0.8566895 0.7575932 0.8566895 0.7774943 0.7162847 0.7774943 0.7162847 0.7529458 0.7375455 0.7529458 0.7375455 0.7774943 0.5014409 0.7774943 0.5014409 0.7529458 0.5219727 0.7529458 0.5219727 0.7774943 0.8212651 0.7774943 0.8212651 0.7529458 0.8398438 0.7529458 0.8398438 0.7774943 0.5405034 0.7774943 0.5405034 0.7529458 0.557858 0.7529458 0.557858 0.7774943 0.5014409 0.7774943 0.5014409 0.7529458 0.5219727 0.7529458 0.5219727 0.7774943 0.8398438 0.7774943 0.8398438 0.7529458 0.8566895 0.7529458 0.8566895 0.7774943 0.5595464 0.7774943 0.5595464 0.7529458 0.5788541 0.7529458 0.5788541 0.7774943 0.5800542 0.7774943 0.5800542 0.7529458 0.5949674 0.7529458 0.5949674 0.7774943 0.7992925 0.7774943 0.7992925 0.7529458 0.820065 0.7529458 0.820065 0.7774943 0.8749761 0.7774943 0.8749761 0.7529458 0.8930664 0.7529458 0.8930664 0.7774943 0.5014409 0.7774943 0.5014409 0.7529458 0.5219727 0.7529458 0.5219727 0.7774943 0.7006597 0.7774943 0.7006597 0.7529458 0.7155729 0.7529458 0.7155729 0.7774943 0.6532964 0.7774943 0.6532964 0.7529458 0.6657715 0.7529458 0.6657715 0.7774943 0.5595464 0.7774943 0.5595464 0.7529458 0.5788541 0.7529458 0.5788541 0.7774943 0.5014409 0.7774943 0.5014409 0.7529458 0.5219727 0.7529458 0.5219727 0.7774943 0.5595464 0.7774943 0.5595464 0.7529458 0.5788541 0.7529458 0.5788541 0.7774943 0.5800542 0.7774943 0.5800542 0.7529458 0.5949674 0.7529458 0.5949674 0.7774943 0.7397779 0.7774943 0.7397779 0.7575932 0.758534 0.7575932 0.758534 0.7774943 0.7602857 0.7774943 0.7602857 0.7575932 0.7805066 0.7575932 0.7805066 0.7774943 0.8935865 0.7774943 0.8935865 0.7575932 0.9130859 0.7575932 0.9130859 0.7774943 0.7602857 0.7774943 0.7602857 0.7575932 0.7805066 0.7575932 0.7805066 0.7774943 0.8398755 0.7774943 0.8398755 0.7575932 0.8566895 0.7575932 0.8566895 0.7774943 0.8750318 0.7774943 0.8750318 0.7575932 0.8930664 0.7575932 0.8930664 0.7774943 0.8398755 0.7774943 0.8398755 0.7575932 0.8566895 0.7575932 0.8566895 0.7774943 0.5014966 0.7774943 0.5014966 0.7575932 0.5219727 0.7575932 0.5219727 0.7774943 0.5596021 0.7774943 0.5596021 0.7575932 0.5788465 0.7575932 0.5788465 0.7774943 0.7602857 0.7774943 0.7602857 0.7575932 0.7805066 0.7575932 0.7805066 0.7774943 0.8398755 0.7774943 0.8398755 0.7575932 0.8566895 0.7575932 0.8566895 0.7774943 0.7397779 0.7774943 0.7397779 0.7575932 0.758534 0.7575932 0.758534 0.7774943 0.7602857 0.7774943 0.7602857 0.7575932 0.7805066 0.7575932 0.7805066 0.7774943 0.8935865 0.7774943 0.8935865 0.7575932 0.9130859 0.7575932 0.9130859 0.7774943 0.7602857 0.7774943 0.7602857 0.7575932 0.7805066 0.7575932 0.7805066 0.7774943 0.8398755 0.7774943 0.8398755 0.7575932 0.8566895 0.7575932 0.8566895 0.7774943 0.8750318 0.7774943 0.8750318 0.7575932 0.8930664 0.7575932 0.8930664 0.7774943 0.8398755 0.7774943 0.8398755 0.7575932 0.8566895 0.7575932 0.8566895 0.7774943 0.5014966 0.7774943 0.5014966 0.7575932 0.5219727 0.7575932 0.5219727 0.7774943 0.5596021 0.7774943 0.5596021 0.7575932 0.5788465 0.7575932 0.5788465 0.7774943 0.7602857 0.7774943 0.7602857 0.7575932 0.7805066 0.7575932 0.7805066 0.7774943 0.8398755 0.7774943 0.8398755 0.7575932 0.8566895 0.7575932 0.8566895 0.7774943 0.6959433 0.9966123 0.6959433 0.9826409 0.7066544 0.9826409 0.7066544 0.9966123 0.5030722 0.9966123 0.5030722 0.9826409 0.5152482 0.9826409 0.5152482 0.9966123 0.5387168 0.9966123 0.5387168 0.9826409 0.5499161 0.9826409 0.5499161 0.9966123 0.5973105 0.9966123 0.5973105 0.9826409 0.6026505 0.9826409 0.6026505 0.9966123 0.5030722 0.9966123 0.5030722 0.9826409 0.5152482 0.9826409 0.5152482 0.9966123 0.5387168 0.9966123 0.5387168 0.9826409 0.5499161 0.9826409 0.5499161 0.9966123 0.658834 0.9966123 0.658834 0.9826409 0.6710099 0.9826409 0.6710099 0.9966123 0.6959433 0.9966123 0.6959433 0.9826409 0.7066544 0.9826409 0.7066544 0.9966123 0.5514121 0.9966123 0.5514121 0.9826409 0.5606583 0.9826409 0.5606583 0.9966123 0.7071738 0.9966123 0.7071738 0.9826409 0.7172852 0.9826409 0.7172852 0.9966123 0.7067871 0.9966123 0.7067871 0.9826409 0.7172852 0.9826409 0.7172852 0.9966123 0.7287598 0.9966123 0.7287598 0.9826409 0.739502 0.9826409 0.739502 0.9966123 0.7067871 0.9966123 0.7067871 0.9826409 0.7172852 0.9826409 0.7172852 0.9966123 0.6721036 0.9966123 0.6721036 0.9826409 0.6818848 0.9826409 0.6818848 0.9966123 0.5510098 0.9966123 0.5510098 0.9826409 0.5608084 0.9826409 0.5608084 0.9966123 0.6467129 0.9966123 0.6467129 0.9826409 0.657488 0.9826409 0.657488 0.9966123 0.7067871 0.9966123 0.7067871 0.9826409 0.7172852 0.9826409 0.7172852 0.9966123 0.50267 0.9966123 0.50267 0.9826409 0.5153809 0.9826409 0.5153809 0.9966123 0.894043 0.9155273 0.894043 0.9125977 0.9018555 0.9125977 0.9018555 0.9155273 0.6584317 0.9966123 0.6584317 0.9826409 0.6711599 0.9826409 0.6711599 0.9966123 0.5264327 0.9966123 0.5264327 0.9826409 0.5378158 0.9826409 0.5378158 0.9966123 0.5029952 0.9966123 0.5029952 0.9826409 0.5153549 0.9826409 0.5153549 0.9966123 0.8364258 0.965332 0.8364258 0.9624023 0.84375 0.9624023 0.84375 0.965332 0.632878 0.9966123 0.632878 0.9826409 0.6452377 0.9826409 0.6452377 0.9966123 0.5156905 0.9966123 0.5156905 0.9826409 0.526097 0.9826409 0.526097 0.9966123 0.5972335 0.9966123 0.5972335 0.9826409 0.6027572 0.9826409 0.6027572 0.9966123 0.6587569 0.9966123 0.6587569 0.9826409 0.6711166 0.9826409 0.6711166 0.9966123 0.7070968 0.9966123 0.7070968 0.9826409 0.7172852 0.9826409 0.7172852 0.9966123 0.7817281 0.7774943 0.7817281 0.7575932 0.7987818 0.7575932 0.7987818 0.7774943 0.7392476 0.7774943 0.7392476 0.7575932 0.7582545 0.7575932 0.7582545 0.7774943 0.5795797 0.7774943 0.5795797 0.7575932 0.5946802 0.7575932 0.5946802 0.7774943 0.8745117 0.7774943 0.8745117 0.7575932 0.8930201 0.7575932 0.8930201 0.7774943 0.8398438 0.7774943 0.8398438 0.7575932 0.8566895 0.7575932 0.8566895 0.7774943 0.8407947 0.8055043 0.8407947 0.7811627 0.8564453 0.7811627 0.8564453 0.8055043 0.5815174 0.8055043 0.5815174 0.7811627 0.596649 0.7811627 0.596649 0.8055043 0.8227283 0.8055043 0.8227283 0.7811627 0.8403014 0.7811627 0.8403014 0.8055043 0.8920898 0.8055043 0.8920898 0.7811627 0.9099121 0.7811627 0.9099121 0.8055043 0.6523181 0.8055043 0.6523181 0.7811627 0.6606139 0.7811627 0.6606139 0.8055043 0.5439197 0.8055043 0.5439197 0.7811627 0.5624693 0.7811627 0.5624693 0.8055043 0.8354492 0.980957 0.8354492 0.9702148 0.8432617 0.9702148 0.8432617 0.980957 0.7655994 0.8055043 0.7655994 0.7811627 0.7836607 0.7811627 0.7836607 0.8055043 0.5439197 0.8055043 0.5439197 0.7811627 0.5624693 0.7811627 0.5624693 0.8055043 0.7655994 0.8055043 0.7655994 0.7811627 0.7836607 0.7811627 0.7836607 0.8055043 0.7172595 0.8055043 0.7172595 0.7811627 0.7411803 0.7811627 0.7411803 0.8055043 0.7851306 0.8055043 0.7851306 0.7811627 0.8027344 0.7811627 0.8027344 0.8055043 0.7016345 0.8055043 0.7016345 0.7811627 0.7162779 0.7811627 0.7162779 0.8055043 0.5815174 0.8055043 0.5815174 0.7811627 0.596649 0.7811627 0.596649 0.8055043 0.8564453 0.8055043 0.8564453 0.7811627 0.8742676 0.7811627 0.8742676 0.8055043 0.7655994 0.8055043 0.7655994 0.7811627 0.7836607 0.7811627 0.7836607 0.8055043 0.7656508 0.979184 0.7656508 0.9644187 0.7790527 0.9644187 0.7790527 0.979184 0.604518 0.979184 0.604518 0.9644187 0.6121828 0.9644187 0.6121828 0.979184 0.542018 0.979184 0.542018 0.9644187 0.5540774 0.9644187 0.5540774 0.979184 0.717311 0.979184 0.717311 0.9644187 0.7298586 0.9644187 0.7298586 0.979184 0.6762954 0.979184 0.6762954 0.9644187 0.689209 0.9644187 0.689209 0.979184 0.7300063 0.979184 0.7300063 0.9644187 0.7409668 0.9644187 0.7409668 0.979184 0.8749607 0.7774943 0.8749607 0.7575932 0.8930664 0.7575932 0.8930664 0.7774943 0.8398438 0.7774943 0.8398438 0.7575932 0.8566895 0.7575932 0.8566895 0.7774943 0.5014255 0.7774943 0.5014255 0.7575932 0.5219727 0.7575932 0.5219727 0.7774943 0.559531 0.7774943 0.559531 0.7575932 0.5790451 0.7575932 0.5790451 0.7774943 0.7602146 0.7774943 0.7602146 0.7575932 0.7807053 0.7575932 0.7807053 0.7774943 0.8398438 0.7774943 0.8398438 0.7575932 0.8566895 0.7575932 0.8566895 0.7774943 0.5555025 0.9788429 0.5555025 0.9648715 0.5656317 0.9648715 0.5656317 0.9788429 0.6624361 0.9788429 0.6624361 0.9648715 0.6750067 0.9648715 0.6750067 0.9788429 0.7409668 0.9788429 0.7409668 0.9648715 0.7526434 0.9648715 0.7526434 0.9788429 0.7171236 0.9788429 0.7171236 0.9648715 0.7299805 0.9648715 0.7299805 0.9788429 0.5027681 0.9788429 0.5027681 0.9648715 0.5168036 0.9648715 0.5168036 0.9788429 0.5418306 0.9788429 0.5418306 0.9648715 0.5544012 0.9648715 0.5544012 0.9788429 0.5027681 0.9788429 0.5027681 0.9648715 0.5168036 0.9648715 0.5168036 0.9788429 0.689209 0.9788429 0.689209 0.9614272 0.7023036 0.9614272 0.7023036 0.9788429 0.6628137 0.9788429 0.6628137 0.9614272 0.6749599 0.9614272 0.6749599 0.9788429 0.5558801 0.9788429 0.5558801 0.9614272 0.5655849 0.9614272 0.5655849 0.9788429 0.753634 0.9788429 0.753634 0.9614272 0.7652919 0.9614272 0.7652919 0.9788429 0.5671106 0.9788429 0.5671106 0.9614272 0.5768153 0.9614272 0.5768153 0.9788429 0.753634 0.9788429 0.753634 0.9614272 0.7652919 0.9614272 0.7652919 0.9788429 0.7175012 0.9788429 0.7175012 0.9614272 0.7299805 0.9614272 0.7299805 0.9788429 0.5031457 0.9788429 0.5031457 0.9614272 0.5167568 0.9614272 0.5167568 0.9788429 0.5422082 0.9788429 0.5422082 0.9614272 0.5543544 0.9614272 0.5543544 0.9788429 0.6764856 0.9788429 0.6764856 0.9614272 0.689209 0.9614272 0.689209 0.9788429 0.7172852 0.9785156 0.7172852 0.9648438 0.7299805 0.9648438 0.7299805 0.9785156 0.8457031 1 0.8457031 0.9550781 0.8764648 0.9550781 0.8764648 1 0.7172852 0.9785156 0.7172852 0.9648438 0.7299805 0.9648438 0.7299805 0.9785156 0.8457031 1 0.8457031 0.9550781 0.8764648 0.9550781 0.8764648 1 0.7172852 0.9785156 0.7172852 0.9648438 0.7299805 0.9648438 0.7299805 0.9785156 0.8457031 1 0.8457031 0.9550781 0.8764648 0.9550781 0.8764648 1 0.7172852 0.9785156 0.7172852 0.9648438 0.7299805 0.9648438 0.7299805 0.9785156 0.8457031 1 0.8457031 0.9550781 0.8764648 0.9550781 0.8764648 1 0.7172852 0.9785156 0.7172852 0.9648438 0.7299805 0.9648438 0.7299805 0.9785156 0.8457031 1 0.8457031 0.9550781 0.8764648 0.9550781 0.8764648 1 0.7172852 0.9785156 0.7172852 0.9648438 0.7299805 0.9648438 0.7299805 0.9785156 0.8457031 1 0.8457031 0.9550781 0.8764648 0.9550781 0.8764648 1 0.7172852 0.9785156 0.7172852 0.9648438 0.7299805 0.9648438 0.7299805 0.9785156 0.8457031 1 0.8457031 0.9550781 0.8764648 0.9550781 0.8764648 1 0.7172852 0.9785156 0.7172852 0.9648438 0.7299805 0.9648438 0.7299805 0.9785156 0.8457031 1 0.8457031 0.9550781 0.8764648 0.9550781 0.8764648 1 0.5043509 0.9577049 0.5043509 0.9455264 0.5130554 0.9455264 0.5130554 0.9577049 0.6420462 0.9577049 0.6420462 0.9455264 0.651239 0.9455264 0.651239 0.9577049 0.5043509 0.9577049 0.5043509 0.9455264 0.5130554 0.9455264 0.5130554 0.9577049 0.662554 0.9577049 0.662554 0.9455264 0.6694336 0.9455264 0.6694336 0.9577049 0.6777344 0.9577049 0.6777344 0.9455264 0.6844421 0.9455264 0.6844421 0.9577049 0.5805227 0.9577049 0.5805227 0.9455264 0.5833679 0.9455264 0.5833679 0.9577049 0.662554 0.9577049 0.662554 0.9455264 0.6694336 0.9455264 0.6694336 0.9577049 0.5331595 0.9577049 0.5331595 0.9455264 0.5423523 0.9455264 0.5423523 0.9577049 0.5434134 0.9577049 0.5434134 0.9455264 0.5524902 0.9455264 0.5524902 0.9577049</float_array>
          <technique_common>
            <accessor source="#Plane_058-mesh-map-0-array" count="4002" stride="2">
              <param name="S" type="float"/>
              <param name="T" type="float"/>
            </accessor>
          </technique_common>
        </source>
        <source id="Plane_058-mesh-colors-Col" name="Col">
          <float_array id="Plane_058-mesh-colors-Col-array" count="13128">0.5490196 0.4196078 0.3647059 1 0.5490196 0.4196078 0.3647059 1 0.5490196 0.4196078 0.3647059 1 0.8588235 0.7058824 0.6666667 1 0.8588235 0.7058824 0.6666667 1 0.8588235 0.7058824 0.6666667 1 0.8588235 0.7058824 0.6666667 1 0.8588235 0.7058824 0.6666667 1 0.8588235 0.7058824 0.6666667 1 0.3490196 0.3490196 0.3490196 1 0.3490196 0.3490196 0.3490196 1 0.3490196 0.3490196 0.3490196 1 0.3411765 0.5215687 0.6666667 1 0.3215686 0.5019608 0.654902 1 0.3333333 0.5019608 0.6627451 1 0.3647059 0.5372549 0.6705883 1 0.3411765 0.5215687 0.6627451 1 0.3411765 0.5215687 0.6666667 1 0.3647059 0.5372549 0.6705883 1 0.3647059 0.5333334 0.6705883 1 0.3607843 0.5411765 0.6666667 1 0.3686274 0.5411765 0.6705883 1 0.3215686 0.5019608 0.654902 1 0.3647059 0.5333334 0.6705883 1 0.9882353 0.9882353 0.9882353 1 0.9764706 0.9764706 0.9764706 1 0.9803922 0.9803922 0.9803922 1 0.9921569 0.9921569 0.9921569 1 0.9960784 0.9960784 0.9960784 1 0.9921569 0.9921569 0.9921569 1 0.3098039 0.4980392 0.654902 1 0.4156863 0.5647059 0.6901961 1 0.4117647 0.5568628 0.6901961 1 0.3098039 0.4980392 0.654902 1 0.3098039 0.4941176 0.654902 1 0.3098039 0.4941176 0.654902 1 0.3137255 0.4980392 0.654902 1 0.4313725 0.5725491 0.6980392 1 0.3098039 0.4941176 0.654902 1 0.4117647 0.5568628 0.6901961 1 0.4313725 0.5725491 0.6980392 1 0.4196078 0.5686275 0.6901961 1 0.8588235 0.7058824 0.6666667 1 0.8588235 0.7058824 0.6666667 1 0.8588235 0.7058824 0.6666667 1 0.9882353 0.9882353 0.9882353 1 0.9960784 0.9960784 0.9960784 1 0.9921569 0.9921569 0.9921569 1 0.8588235 0.7058824 0.6666667 1 0.8588235 0.7058824 0.6666667 1 0.8588235 0.7058824 0.6666667 1 0.8588235 0.7058824 0.6666667 1 0.8588235 0.7058824 0.6666667 1 0.8588235 0.7058824 0.6666667 1 0.8588235 0.7058824 0.6666667 1 0.8588235 0.7058824 0.6666667 1 0.8588235 0.7058824 0.6666667 1 0.9411765 0.3137255 0.3411765 1 0.9490196 0.2509804 0.2862745 1 0.9411765 0.2980392 0.3254902 1 0.8588235 0.254902 0.2784314 1 0.8588235 0.2431373 0.2627451 1 0.8588235 0.2431373 0.2627451 1 0.5490196 0.4196078 0.3647059 1 0.5490196 0.4196078 0.3647059 1 0.5490196 0.4196078 0.3647059 1 1 1 1 1 1 1 1 1 1 1 1 1 0.9686275 0.9686275 0.9686275 1 0.9764706 0.9764706 0.9764706 1 0.9686275 0.9686275 0.9686275 1 0.854902 0.254902 0.2823529 1 0.854902 0.2470588 0.2705882 1 0.854902 0.2470588 0.2705882 1 0.9490196 0.2392157 0.2705882 1 0.9647059 0.1921569 0.227451 1 0.9568628 0.2196078 0.2588235 1 0.8588235 0.7058824 0.6666667 1 0.8588235 0.7058824 0.6666667 1 0.8588235 0.7058824 0.6666667 1 0.9568628 0.2 0.2352941 1 0.9686275 0.145098 0.1843137 1 0.9686275 0.1647059 0.2 1 0.9803922 0.9803922 0.9803922 1 0.9803922 0.9803922 0.9803922 1 0.9803922 0.9803922 0.9803922 1 0.5764706 0.8117647 0.9294118 1 0.5960785 0.8117647 0.9254902 1 0.5764706 0.8117647 0.9294118 1 0.8588235 0.7058824 0.6666667 1 0.8588235 0.7058824 0.6666667 1 0.8588235 0.7058824 0.6666667 1 0.3490196 0.3490196 0.3490196 1 0.3490196 0.3490196 0.3490196 1 0.3490196 0.3490196 0.3490196 1 0.8588235 0.7058824 0.6666667 1 0.8588235 0.7058824 0.6666667 1 0.8588235 0.7058824 0.6666667 1 0.9764706 0.9764706 0.9764706 1 0.9803922 0.9803922 0.9803922 1 0.9803922 0.9803922 0.9803922 1 0.3411765 0.5215687 0.6666667 1 0.3411765 0.5215687 0.6627451 1 0.3215686 0.5019608 0.654902 1 0.3647059 0.5372549 0.6705883 1 0.3607843 0.5411765 0.6666667 1 0.3411765 0.5215687 0.6627451 1 0.3647059 0.5372549 0.6705883 1 0.3686274 0.5411765 0.6705883 1 0.3647059 0.5333334 0.6705883 1 0.3686274 0.5411765 0.6705883 1 0.3333333 0.5019608 0.6627451 1 0.3215686 0.5019608 0.654902 1 0.3098039 0.4980392 0.654902 1 0.3098039 0.4941176 0.654902 1 0.4156863 0.5647059 0.6901961 1 0.3098039 0.4980392 0.654902 1 0.3137255 0.4980392 0.654902 1 0.3098039 0.4941176 0.654902 1 0.3137255 0.4980392 0.654902 1 0.4196078 0.5686275 0.6901961 1 0.4313725 0.5725491 0.6980392 1 0.4117647 0.5568628 0.6901961 1 0.4156863 0.5647059 0.6901961 1 0.4313725 0.5725491 0.6980392 1 0.9294118 0 0.007843136 1 0.9294118 0 0.007843136 1 0.9294118 0 0.007843136 1 0.4509804 0.8470588 0.8901961 1 0.4196078 0.8470588 0.8901961 1 0.4509804 0.8470588 0.8901961 1 0.8588235 0.7058824 0.6666667 1 0.8588235 0.7058824 0.6666667 1 0.8588235 0.7058824 0.6666667 1 1 1 1 1 1 1 1 1 1 1 1 1 0.9803922 0.9803922 0.9803922 1 0.9803922 0.9803922 0.9803922 1 0.9843137 0.9843137 0.9843137 1 1 1 1 1 1 1 1 1 1 1 1 1 0.9647059 0.9647059 0.9647059 1 0.9764706 0.9764706 0.9764706 1 0.9764706 0.9764706 0.9764706 1 1 1 1 1 1 1 1 1 1 1 1 1 0.8588235 0.7058824 0.6666667 1 0.8588235 0.7058824 0.6666667 1 0.8588235 0.7058824 0.6666667 1 0.8588235 0.7058824 0.6666667 1 0.8588235 0.7058824 0.6666667 1 0.8588235 0.7058824 0.6666667 1 0.3490196 0.3490196 0.3490196 1 0.3490196 0.3490196 0.3490196 1 0.3529412 0.3529412 0.3529412 1 0.8588235 0.7058824 0.6666667 1 0.8588235 0.7058824 0.6666667 1 0.8588235 0.7058824 0.6666667 1 0.9686275 0.9686275 0.9686275 1 0.972549 0.972549 0.972549 1 0.9686275 0.9686275 0.9686275 1 0.8588235 0.7058824 0.6666667 1 0.8588235 0.7058824 0.6666667 1 0.8588235 0.7058824 0.6666667 1 0.8588235 0.7058824 0.6666667 1 0.8588235 0.7058824 0.6666667 1 0.8588235 0.7058824 0.6666667 1 0.8784314 0.7921569 0.6 1 0.8784314 0.7921569 0.6 1 0.8784314 0.7921569 0.6 1 0.4078431 0.4078431 0.4078431 1 0.3960784 0.3960784 0.3960784 1 0.4078431 0.4078431 0.4078431 1 0.8588235 0.7058824 0.6666667 1 0.8588235 0.7058824 0.6666667 1 0.8588235 0.7058824 0.6666667 1 0.9607843 0.9607843 0.9607843 1 0.9490196 0.9490196 0.9490196 1 0.9607843 0.9607843 0.9607843 1 0.2980392 0.4901961 0.6509804 1 0.2980392 0.4901961 0.6509804 1 0.2980392 0.4901961 0.6509804 1 0.9803922 0.9803922 0.9803922 1 0.9803922 0.9803922 0.9803922 1 0.9803922 0.9803922 0.9803922 1 0.9294118 0.509804 0.4941176 1 0.9176471 0.5607843 0.5529412 1 0.9294118 0.5019608 0.4901961 1 0.8588235 0.7686275 0.4627451 1 0.8588235 0.7686275 0.4627451 1 0.8588235 0.7686275 0.4627451 1 0.9843137 0.9843137 0.9843137 1 0.9921569 0.9921569 0.9921569 1 0.9843137 0.9843137 0.9843137 1 0.9647059 0.1764706 0.2117647 1 0.9764706 0.1254902 0.1647059 1 0.972549 0.1411765 0.1843137 1 1 1 1 1 1 1 1 1 1 1 1 1 0.854902 0.2588235 0.2823529 1 0.854902 0.2352941 0.2627451 1 0.854902 0.2588235 0.2862745 1 0.8588235 0.7058824 0.6666667 1 0.8588235 0.7058824 0.6666667 1 0.8588235 0.7058824 0.6666667 1 0.8588235 0.7058824 0.6666667 1 0.8588235 0.7058824 0.6666667 1 0.8588235 0.7058824 0.6666667 1 0.9686275 0.9686275 0.9686275 1 0.9843137 0.9843137 0.9843137 1 0.9803922 0.9803922 0.9803922 1 0.8588235 0.7058824 0.6666667 1 0.8588235 0.7058824 0.6666667 1 0.8588235 0.7058824 0.6666667 1 0.9803922 0.6666667 0.6392157 1 1 0.6470589 0.6196079 1 1 0.6470589 0.6196079 1 0.9803922 0.09019607 0.1294118 1 0.9921569 0.04705882 0.09411764 1 0.9921569 0.05490195 0.1019608 1 0.9490196 0.4509804 0.427451 1 0.9254902 0.5137255 0.4980392 1 0.9294118 0.5019608 0.4901961 1 0.9137255 0.5764706 0.5607843 1 0.9137255 0.5921569 0.5803922 1 0.9137255 0.5921569 0.5764706 1 0.5686275 0.7137255 0.9254902 1 0.6 0.7176471 0.9254902 1 0.627451 0.7215687 0.9137255 1 0.9294118 0.1254902 0.1294118 1 0.9254902 0.0862745 0.09411764 1 0.9294118 0.1098039 0.1176471 1 0.8588235 0.7058824 0.6666667 1 0.8588235 0.7058824 0.6666667 1 0.8588235 0.7058824 0.6666667 1 0.9647059 0.9647059 0.9647059 1 0.9803922 0.9803922 0.9803922 1 0.9647059 0.9647059 0.9647059 1 0.9647059 0.9647059 0.9647059 1 0.9843137 0.9843137 0.9843137 1 0.9686275 0.9686275 0.9686275 1 1 0.854902 0.5529412 1 1 0.854902 0.5529412 1 1 0.854902 0.5529412 1 0.8588235 0.7058824 0.6666667 1 0.8588235 0.7058824 0.6666667 1 0.8588235 0.7058824 0.6666667 1 0.8784314 0.7921569 0.6 1 0.8784314 0.7921569 0.6 1 0.8784314 0.7921569 0.6 1 0.9921569 0.9921569 0.9921569 1 0.9960784 0.9960784 0.9960784 1 0.9921569 0.9921569 0.9921569 1 0.9921569 0.9921569 0.9921569 1 0.9960784 0.9960784 0.9960784 1 0.9960784 0.9960784 0.9960784 1 0.9960784 0.9960784 0.9960784 1 0.9960784 0.9960784 0.9960784 1 0.9960784 0.9960784 0.9960784 1 0.6 0.4352941 0.3607843 1 0.6 0.4352941 0.3607843 1 0.6 0.4352941 0.3607843 1 0.854902 0.2627451 0.2823529 1 0.854902 0.2470588 0.2705882 1 0.854902 0.2470588 0.2705882 1 0.8784314 0.7921569 0.6 1 0.8784314 0.7921569 0.6 1 0.8784314 0.7921569 0.6 1 0.9803922 0.9803922 0.9803922 1 0.9803922 0.9803922 0.9803922 1 0.9803922 0.9803922 0.9803922 1 0.9764706 0.9764706 0.9764706 1 0.9529412 0.9529412 0.9529412 1 0.972549 0.972549 0.972549 1 0.9568628 0.227451 0.2588235 1 0.9607843 0.1803922 0.2196078 1 0.9607843 0.1803922 0.2196078 1 0.9843137 0.9843137 0.9843137 1 0.9921569 0.9921569 0.9921569 1 0.9921569 0.9921569 0.9921569 1 0.8588235 0.1529412 0.1803922 1 0.8588235 0.1529412 0.1803922 1 0.8588235 0.1529412 0.1803922 1 0.8588235 0.7058824 0.6666667 1 0.8588235 0.7058824 0.6666667 1 0.8588235 0.7058824 0.6666667 1 0.3882353 0.8470588 0.8901961 1 0.4431372 0.8470588 0.8901961 1 0.3921568 0.8470588 0.8901961 1 1 1 1 1 1 1 1 1 1 1 1 1 0.8588235 0.1529412 0.1803922 1 0.8588235 0.1529412 0.1803922 1 0.8588235 0.1529412 0.1803922 1 0.8588235 0.6901961 0.6509804 1 1 1 1 1 0.8588235 0.6901961 0.6509804 1 0.5372549 0.6117647 0.7686275 1 0.6078432 0.6588236 0.7686275 1 0.5333334 0.6039216 0.7686275 1 1 1 1 1 1 1 1 1 1 1 1 1 0.8588235 0.7058824 0.6666667 1 0.8588235 0.7058824 0.6666667 1 0.8588235 0.7058824 0.6666667 1 0.6 0.4352941 0.3607843 1 0.6 0.4352941 0.3607843 1 0.6 0.4352941 0.3607843 1 0.9568628 0.9568628 0.9568628 1 0.9490196 0.9490196 0.9490196 1 0.9529412 0.9529412 0.9529412 1 0.8588235 0.7058824 0.6666667 1 0.8588235 0.7058824 0.6666667 1 0.8588235 0.7058824 0.6666667 1 0.9294118 0.05098038 0.05882352 1 0.9294118 0.007843136 0.01568627 1 0.9294118 0.05490195 0.06274509 1 0.9843137 0.9843137 0.9843137 1 0.9882353 0.9882353 0.9882353 1 0.9843137 0.9843137 0.9843137 1 0.9921569 0.9921569 0.9921569 1 0.9960784 0.9960784 0.9960784 1 0.9921569 0.9921569 0.9921569 1 0.9960784 0.9960784 0.9960784 1 0.9960784 0.9960784 0.9960784 1 0.9960784 0.9960784 0.9960784 1 0.8901961 0.7764706 0.7490196 1 0.8901961 0.7764706 0.7490196 1 0.8901961 0.7764706 0.7490196 1 0.8588235 0.1529412 0.1803922 1 0.8588235 0.1529412 0.1803922 1 0.8588235 0.1529412 0.1803922 1 1 0.854902 0.5529412 1 1 0.854902 0.5529412 1 1 0.854902 0.5529412 1 0.9764706 0.9764706 0.9764706 1 0.9764706 0.9764706 0.9764706 1 0.9764706 0.9764706 0.9764706 1 0.8588235 0.7058824 0.6666667 1 0.8588235 0.7058824 0.6666667 1 0.8588235 0.7058824 0.6666667 1 0.9647059 0.9647059 0.9647059 1 0.9607843 0.9607843 0.9607843 1 0.9647059 0.9647059 0.9647059 1 0.8588235 0.7058824 0.6666667 1 0.8588235 0.7058824 0.6666667 1 0.8588235 0.7058824 0.6666667 1 0.8588235 0.7058824 0.6666667 1 0.8588235 0.7058824 0.6666667 1 0.8588235 0.7058824 0.6666667 1 0.9490196 0.9490196 0.9490196 1 0.9450981 0.9450981 0.9450981 1 0.9411765 0.9411765 0.9411765 1 1 1 1 1 1 1 1 1 1 1 1 1 0.8784314 0.7921569 0.6 1 0.8784314 0.7921569 0.6 1 0.8784314 0.7921569 0.6 1 0.5490196 0.4196078 0.3647059 1 0.5490196 0.4196078 0.3647059 1 0.5490196 0.4196078 0.3647059 1 0.8588235 0.7058824 0.6666667 1 0.8588235 0.7058824 0.6666667 1 0.8588235 0.7058824 0.6666667 1 0.9647059 0.9647059 0.9647059 1 0.9803922 0.9803922 0.9803922 1 0.9764706 0.9764706 0.9764706 1 0.8588235 0.7058824 0.6666667 1 0.8588235 0.7058824 0.6666667 1 0.8588235 0.7058824 0.6666667 1 0.9686275 0.1764706 0.2156863 1 0.9764706 0.1176471 0.1568627 1 0.9686275 0.145098 0.1843137 1 0.6431373 0.7254902 0.9803922 1 0.6235294 0.7137255 1 1 0.6431373 0.7254902 0.9803922 1 0.8588235 0.7058824 0.6666667 1 0.8588235 0.7058824 0.6666667 1 0.8588235 0.7058824 0.6666667 1 0.7686275 0.3529412 0.3490196 1 0.7686275 0.4196078 0.4156863 1 0.7686275 0.4352941 0.4352941 1 0.854902 0.254902 0.2784314 1 0.854902 0.2470588 0.2705882 1 0.854902 0.2470588 0.2705882 1 0.9411765 0.2941176 0.3215686 1 0.9490196 0.2431373 0.2784314 1 0.9490196 0.2509804 0.2862745 1 0.6 0.4352941 0.3607843 1 0.6 0.4352941 0.3607843 1 0.6 0.4352941 0.3607843 1 0.9607843 0.2156863 0.2509804 1 0.9686275 0.1647059 0.2 1 0.9647059 0.1921569 0.227451 1 0.9803922 0.9803922 0.9803922 1 0.9764706 0.9764706 0.9764706 1 0.9803922 0.9803922 0.9803922 1 0.8588235 0.7058824 0.6666667 1 0.8588235 0.7058824 0.6666667 1 0.8588235 0.7058824 0.6666667 1 0.9647059 0.9647059 0.9647059 1 0.9686275 0.9686275 0.9686275 1 0.9607843 0.9607843 0.9607843 1 0.9294118 0.1333333 0.1372549 1 0.9215686 0.0980392 0.1058824 1 0.9294118 0.1254902 0.1294118 1 0.9490196 0.9490196 0.9490196 1 0.9450981 0.9450981 0.9450981 1 0.9529412 0.9529412 0.9529412 1 0.972549 0.1411765 0.1764706 1 0.9882353 0.08235293 0.1215686 1 0.9764706 0.1176471 0.1568627 1 0.9647059 0.4196078 0.4078431 1 0.9294118 0.5019608 0.4901961 1 0.9490196 0.4509804 0.427451 1 0.9333333 0.4862745 0.4705882 1 0.9137255 0.5529412 0.5411765 1 0.9294118 0.4901961 0.4745098 1 0.9294118 0 0.007843136 1 0.9294118 0 0.007843136 1 0.9294118 0 0.007843136 1 0.9294118 0 0.007843136 1 0.9294118 0 0.007843136 1 0.9294118 0 0.007843136 1 0.6 0.4352941 0.3607843 1 0.6 0.4352941 0.3607843 1 0.6 0.4352941 0.3607843 1 0.2980392 0.4901961 0.6509804 1 0.2980392 0.4901961 0.6509804 1 0.2980392 0.4901961 0.6509804 1 0.8588235 0.7058824 0.6666667 1 0.8588235 0.7058824 0.6666667 1 0.8588235 0.7058824 0.6666667 1 0.9294118 0 0.007843136 1 0.9294118 0 0.007843136 1 0.9294118 0 0.007843136 1 1 1 1 1 1 1 1 1 1 1 1 1 0.7686275 0.2784314 0.2745098 1 0.7686275 0.4156863 0.4117647 1 0.7686275 0.3019608 0.2941176 1 0.8588235 0.7058824 0.6666667 1 0.8588235 0.7058824 0.6666667 1 0.8588235 0.7058824 0.6666667 1 0.8901961 0.7764706 0.7490196 1 0.8901961 0.7764706 0.7490196 1 0.8901961 0.7764706 0.7490196 1 0.7686275 0.3411765 0.3372549 1 0.7686275 0.4313725 0.427451 1 0.7686275 0.3372549 0.3294118 1 0.9803922 0.9803922 0.9803922 1 0.9843137 0.9843137 0.9843137 1 0.9764706 0.9764706 0.9764706 1 0.8588235 0.7058824 0.6666667 1 0.8588235 0.7058824 0.6666667 1 0.8588235 0.7058824 0.6666667 1 0.8588235 0.7058824 0.6666667 1 0.8588235 0.7058824 0.6666667 1 0.8588235 0.7058824 0.6666667 1 1 0.854902 0.5529412 1 1 0.854902 0.5529412 1 1 0.854902 0.5529412 1 0.9647059 0.9647059 0.9647059 1 0.9803922 0.9803922 0.9803922 1 0.9647059 0.9647059 0.9647059 1 0.9411765 0.9411765 0.9411765 1 0.9411765 0.9411765 0.9411765 1 0.9411765 0.9411765 0.9411765 1 0.9568628 0.9568628 0.9568628 1 0.9529412 0.9529412 0.9529412 1 0.9568628 0.9568628 0.9568628 1 1 1 1 1 1 1 1 1 1 1 1 1 0.8588235 0.7058824 0.6666667 1 0.8588235 0.7058824 0.6666667 1 0.8588235 0.7058824 0.6666667 1 0.8588235 0.7058824 0.6666667 1 0.8588235 0.7058824 0.6666667 1 0.8588235 0.7058824 0.6666667 1 0.8588235 0.7058824 0.6666667 1 0.8588235 0.7058824 0.6666667 1 0.8588235 0.7058824 0.6666667 1 1 1 1 1 1 1 1 1 1 1 1 1 0.9294118 0.1098039 0.1176471 1 0.9254902 0.08235293 0.09019607 1 0.9254902 0.0862745 0.09411764 1 1 1 1 1 1 1 1 1 1 1 1 1 0.9843137 0.9843137 0.9843137 1 0.9921569 0.9921569 0.9921569 1 0.9843137 0.9843137 0.9843137 1 0.8784314 0.7921569 0.6 1 0.8784314 0.7921569 0.6 1 0.8784314 0.7921569 0.6 1 0.8784314 0.7921569 0.6 1 0.8784314 0.7921569 0.6 1 0.8784314 0.7921569 0.6 1 0.9921569 0.9921569 0.9921569 1 0.9960784 0.9960784 0.9960784 1 0.9960784 0.9960784 0.9960784 1 0.8784314 0.7921569 0.6 1 0.8784314 0.7921569 0.6 1 0.8784314 0.7921569 0.6 1 0.9960784 0.9960784 0.9960784 1 0.9960784 0.9960784 0.9960784 1 0.9960784 0.9960784 0.9960784 1 0.6 0.8117647 0.9215686 1 0.6 0.8117647 0.9254902 1 0.6 0.8117647 0.9215686 1 0.8588235 0.7058824 0.6666667 1 0.8588235 0.7058824 0.6666667 1 0.8588235 0.7058824 0.6666667 1 0.9960784 0.9960784 0.9960784 1 0.9960784 0.9960784 0.9960784 1 0.9960784 0.9960784 0.9960784 1 0.4470588 0.4470588 0.4470588 1 0.5215687 0.5215687 0.5215687 1 0.5254902 0.5254902 0.5254902 1 0.3882353 0.8470588 0.8901961 1 0.4313725 0.8470588 0.8901961 1 0.3882353 0.8470588 0.8901961 1 0.6431373 0.7254902 0.9803922 1 0.6235294 0.7137255 1 1 0.6392157 0.7254902 0.9843137 1 0.3803921 0.7019608 0.8901961 1 0.3607843 0.6941177 0.8901961 1 0.3647059 0.6980392 0.8901961 1 0.8588235 0.7058824 0.6666667 1 0.8588235 0.7058824 0.6666667 1 0.8588235 0.7058824 0.6666667 1 1 1 1 1 1 1 1 1 1 1 1 1 1 1 1 1 1 1 1 1 1 1 1 1 0.9647059 0.9647059 0.9647059 1 0.9764706 0.9764706 0.9764706 1 0.9647059 0.9647059 0.9647059 1 0.9686275 0.9686275 0.9686275 1 0.9647059 0.9647059 0.9647059 1 0.9686275 0.9686275 0.9686275 1 0.5921569 0.8117647 0.9215686 1 0.5960785 0.8117647 0.9176471 1 0.5960785 0.8117647 0.9254902 1 0.9294118 0 0.007843136 1 0.9294118 0 0.007843136 1 0.9294118 0 0.007843136 1 0.8588235 0.7058824 0.6666667 1 0.8588235 0.7058824 0.6666667 1 0.8588235 0.7058824 0.6666667 1 0.8588235 0.7058824 0.6666667 1 0.8588235 0.7058824 0.6666667 1 0.8588235 0.7058824 0.6666667 1 0.8588235 0.7058824 0.6666667 1 0.8588235 0.7058824 0.6666667 1 0.8588235 0.7058824 0.6666667 1 0.8588235 0.7058824 0.6666667 1 0.8588235 0.7058824 0.6666667 1 0.8588235 0.7058824 0.6666667 1 0.9686275 0.9686275 0.9686275 1 0.972549 0.972549 0.972549 1 0.9686275 0.9686275 0.9686275 1 0.9411765 0.9411765 0.9411765 1 0.9372549 0.9372549 0.9372549 1 0.9372549 0.9372549 0.9372549 1 0.4509804 0.8470588 0.8901961 1 0.4235294 0.8470588 0.8901961 1 0.4509804 0.8470588 0.8901961 1 0.8588235 0.7058824 0.6666667 1 0.8588235 0.7058824 0.6666667 1 0.8588235 0.7058824 0.6666667 1 0.8588235 0.7058824 0.6666667 1 0.8588235 0.7058824 0.6666667 1 0.8588235 0.7058824 0.6666667 1 0.3882353 0.8470588 0.8901961 1 0.427451 0.8470588 0.8901961 1 0.4156863 0.8470588 0.8901961 1 0.9176471 0.1372549 0.145098 1 0.9176471 0.1019608 0.1098039 1 0.9176471 0.1215686 0.1294118 1 0.8588235 0.7058824 0.6666667 1 0.8588235 0.7058824 0.6666667 1 0.8588235 0.7058824 0.6666667 1 0.6 0.4352941 0.3607843 1 0.6 0.4352941 0.3607843 1 0.6 0.4352941 0.3607843 1 0.8588235 0.2588235 0.2823529 1 0.8588235 0.2431373 0.2627451 1 0.8588235 0.2588235 0.2823529 1 0.7686275 0.3333333 0.3294118 1 0.7686275 0.4313725 0.427451 1 0.7686275 0.3372549 0.3372549 1 1 1 1 1 1 1 1 1 1 1 1 1 0.854902 0.2627451 0.2901961 1 0.8588235 0.2392157 0.2666667 1 0.8588235 0.2392157 0.2666667 1 1 1 1 1 1 1 1 1 1 1 1 1 0.5411765 0.6117647 0.7686275 1 0.5882353 0.654902 0.7686275 1 0.6039216 0.6588236 0.7686275 1 0.8784314 0.7921569 0.6 1 0.8784314 0.7921569 0.6 1 0.8784314 0.7921569 0.6 1 0.9294118 0.145098 0.1490196 1 0.9254902 0.0980392 0.1058824 1 0.9294118 0.1411765 0.145098 1 0.9960784 0.9960784 0.9960784 1 0.9960784 0.9960784 0.9960784 1 0.9960784 0.9960784 0.9960784 1 0.9843137 0.9843137 0.9843137 1 0.9882353 0.9882353 0.9882353 1 0.9882353 0.9882353 0.9882353 1 0.8588235 0.7058824 0.6666667 1 0.8588235 0.7058824 0.6666667 1 0.8588235 0.7058824 0.6666667 1 0.9294118 0.1333333 0.1411765 1 0.9137255 0.2862745 0.2901961 1 0.9294118 0.1607843 0.1686275 1 0.3490196 0.3490196 0.3490196 1 0.3490196 0.3490196 0.3490196 1 0.3490196 0.3490196 0.3490196 1 0.3686274 0.3686274 0.3686274 1 0.4039216 0.4039216 0.4039216 1 0.3647059 0.3647059 0.3647059 1 1 1 1 1 1 1 1 1 1 1 1 1 0.5490196 0.4196078 0.3647059 1 0.5490196 0.4196078 0.3647059 1 0.5490196 0.4196078 0.3647059 1 0.5490196 0.4196078 0.3647059 1 0.5490196 0.4196078 0.3647059 1 0.5490196 0.4196078 0.3647059 1 0.5490196 0.4196078 0.3647059 1 0.5490196 0.4196078 0.3647059 1 0.5490196 0.4196078 0.3647059 1 0.9294118 0.4745098 0.4627451 1 0.9137255 0.5529412 0.5372549 1 0.9333333 0.4901961 0.4745098 1 0.9411765 0.8588235 0.6117647 1 0.9450981 0.8627451 0.6 1 0.9450981 0.8588235 0.6 1 0.8588235 0.7058824 0.6666667 1 0.8588235 0.7058824 0.6666667 1 0.8588235 0.7058824 0.6666667 1 0.8588235 0.7058824 0.6666667 1 0.8588235 0.7058824 0.6666667 1 0.8588235 0.7058824 0.6666667 1 0.8588235 0.7058824 0.6666667 1 0.8588235 0.7058824 0.6666667 1 0.8588235 0.7058824 0.6666667 1 0.8588235 0.7058824 0.6666667 1 0.8588235 0.7058824 0.6666667 1 0.8588235 0.7058824 0.6666667 1 0.8588235 0.7058824 0.6666667 1 0.8588235 0.7058824 0.6666667 1 0.8588235 0.7058824 0.6666667 1 0.8588235 0.7058824 0.6666667 1 0.8588235 0.7058824 0.6666667 1 0.8588235 0.7058824 0.6666667 1 0.8588235 0.7058824 0.6666667 1 0.8588235 0.7058824 0.6666667 1 0.8588235 0.7058824 0.6666667 1 0.8588235 0.7058824 0.6666667 1 0.8588235 0.7058824 0.6666667 1 0.8588235 0.7058824 0.6666667 1 0.9372549 0.3137255 0.3411765 1 0.9490196 0.2588235 0.2941176 1 0.9490196 0.2431373 0.2784314 1 0.8588235 0.7058824 0.6666667 1 0.8588235 0.7058824 0.6666667 1 0.8588235 0.7058824 0.6666667 1 0.8588235 0.7058824 0.6666667 1 0.8588235 0.7058824 0.6666667 1 0.8588235 0.7058824 0.6666667 1 0.8588235 0.7058824 0.6666667 1 0.8588235 0.7058824 0.6666667 1 0.8588235 0.7058824 0.6666667 1 0.8588235 0.7058824 0.6666667 1 0.8588235 0.7058824 0.6666667 1 0.8588235 0.7058824 0.6666667 1 0.8588235 0.7058824 0.6666667 1 0.8588235 0.7058824 0.6666667 1 0.8588235 0.7058824 0.6666667 1 0.8588235 0.7058824 0.6666667 1 0.8588235 0.7058824 0.6666667 1 0.8588235 0.7058824 0.6666667 1 0.8588235 0.7058824 0.6666667 1 0.8588235 0.7058824 0.6666667 1 0.8588235 0.7058824 0.6666667 1 0.8588235 0.7058824 0.6666667 1 0.8588235 0.7058824 0.6666667 1 0.8588235 0.7058824 0.6666667 1 0.8588235 0.7058824 0.6666667 1 0.8588235 0.7058824 0.6666667 1 0.8588235 0.7058824 0.6666667 1 1 1 1 1 1 1 1 1 1 1 1 1 0.9647059 0.9647059 0.9647059 1 0.9843137 0.9843137 0.9843137 1 0.9803922 0.9803922 0.9803922 1 0.9333333 0.4941176 0.4745098 1 0.9294118 0.509804 0.4941176 1 0.9254902 0.5372549 0.5137255 1 0.9686275 0.9686275 0.9686275 1 0.9764706 0.9764706 0.9764706 1 0.9686275 0.9686275 0.9686275 1 0.9921569 0.9921569 0.9921569 1 0.9960784 0.9960784 0.9960784 1 0.9921569 0.9921569 0.9921569 1 0.8588235 0.7058824 0.6666667 1 0.8588235 0.7058824 0.6666667 1 0.8588235 0.7058824 0.6666667 1 0.8784314 0.7921569 0.6 1 0.8784314 0.7921569 0.6 1 0.8784314 0.7921569 0.6 1 0.8784314 0.7921569 0.6 1 0.8784314 0.7921569 0.6 1 0.8784314 0.7921569 0.6 1 1 1 1 1 1 1 1 1 1 1 1 1 0.5960785 0.8117647 0.9215686 1 0.6 0.8117647 0.9254902 1 0.5960785 0.8117647 0.9254902 1 0.9568628 0.9568628 0.9568628 1 0.972549 0.972549 0.972549 1 0.9490196 0.9490196 0.9490196 1 0.8588235 0.7058824 0.6666667 1 0.8588235 0.7058824 0.6666667 1 0.8588235 0.7058824 0.6666667 1 0.4039216 0.8470588 0.8901961 1 0.4470588 0.8470588 0.8901961 1 0.4549019 0.8470588 0.8901961 1 1 1 1 1 1 1 1 1 1 1 1 1 0.8588235 0.7058824 0.6666667 1 0.8588235 0.7058824 0.6666667 1 0.8588235 0.7058824 0.6666667 1 0.8588235 0.7058824 0.6666667 1 0.8588235 0.7058824 0.6666667 1 0.8588235 0.7058824 0.6666667 1 0.8588235 0.7058824 0.6666667 1 0.8588235 0.7058824 0.6666667 1 0.8588235 0.7058824 0.6666667 1 0.8588235 0.7058824 0.6666667 1 0.8588235 0.7058824 0.6666667 1 0.8588235 0.7058824 0.6666667 1 0.8588235 0.7058824 0.6666667 1 0.8588235 0.7058824 0.6666667 1 0.8588235 0.7058824 0.6666667 1 0.8588235 0.7058824 0.6666667 1 0.8588235 0.7058824 0.6666667 1 0.8588235 0.7058824 0.6666667 1 0.8588235 0.7058824 0.6666667 1 0.8588235 0.7058824 0.6666667 1 0.8588235 0.7058824 0.6666667 1 0.8588235 0.7058824 0.6666667 1 0.8588235 0.7058824 0.6666667 1 0.8588235 0.7058824 0.6666667 1 0.8588235 0.7058824 0.6666667 1 0.8588235 0.7058824 0.6666667 1 0.8588235 0.7058824 0.6666667 1 0.8588235 0.7058824 0.6666667 1 0.8588235 0.7058824 0.6666667 1 0.8588235 0.7058824 0.6666667 1 0.8588235 0.7058824 0.6666667 1 0.8588235 0.7058824 0.6666667 1 0.8588235 0.7058824 0.6666667 1 0.8588235 0.7058824 0.6666667 1 0.8588235 0.7058824 0.6666667 1 0.8588235 0.7058824 0.6666667 1 0.8588235 0.7058824 0.6666667 1 0.8588235 0.7058824 0.6666667 1 0.8588235 0.7058824 0.6666667 1 0.8588235 0.7058824 0.6666667 1 0.8588235 0.7058824 0.6666667 1 0.8588235 0.7058824 0.6666667 1 0.8588235 0.7058824 0.6666667 1 0.8588235 0.7058824 0.6666667 1 0.8588235 0.7058824 0.6666667 1 0.8588235 0.7058824 0.6666667 1 0.8588235 0.7058824 0.6666667 1 0.8588235 0.7058824 0.6666667 1 0.8588235 0.7058824 0.6666667 1 0.8588235 0.7058824 0.6666667 1 0.8588235 0.7058824 0.6666667 1 0.8588235 0.7058824 0.6666667 1 0.8588235 0.7058824 0.6666667 1 0.8588235 0.7058824 0.6666667 1 0.8588235 0.7058824 0.6666667 1 0.8588235 0.7058824 0.6666667 1 0.8588235 0.7058824 0.6666667 1 0.8588235 0.7058824 0.6666667 1 0.8588235 0.7058824 0.6666667 1 0.8588235 0.7058824 0.6666667 1 0.8588235 0.7058824 0.6666667 1 0.8588235 0.7058824 0.6666667 1 0.8588235 0.7058824 0.6666667 1 0.8588235 0.7058824 0.6666667 1 0.8588235 0.7058824 0.6666667 1 0.8588235 0.7058824 0.6666667 1 1 1 1 1 1 1 1 1 1 1 1 1 0.8588235 0.7058824 0.6666667 1 0.8588235 0.7058824 0.6666667 1 0.8588235 0.7058824 0.6666667 1 0.8588235 0.7058824 0.6666667 1 0.8588235 0.7058824 0.6666667 1 0.8588235 0.7058824 0.6666667 1 0.8588235 0.7058824 0.6666667 1 0.8588235 0.7058824 0.6666667 1 0.8588235 0.7058824 0.6666667 1 0.8588235 0.7058824 0.6666667 1 0.8588235 0.7058824 0.6666667 1 0.8588235 0.7058824 0.6666667 1 0.9294118 0.5058824 0.4941176 1 0.9254902 0.5607843 0.5529412 1 0.9372549 0.5058824 0.4901961 1 0.8588235 0.7058824 0.6666667 1 0.8588235 0.7058824 0.6666667 1 0.8588235 0.7058824 0.6666667 1 0.8588235 0.7058824 0.6666667 1 0.8588235 0.7058824 0.6666667 1 0.8588235 0.7058824 0.6666667 1 0.8588235 0.7058824 0.6666667 1 0.8588235 0.7058824 0.6666667 1 0.8588235 0.7058824 0.6666667 1 0.8588235 0.7058824 0.6666667 1 0.8588235 0.7058824 0.6666667 1 0.8588235 0.7058824 0.6666667 1 0.8588235 0.7058824 0.6666667 1 0.8588235 0.7058824 0.6666667 1 0.8588235 0.7058824 0.6666667 1 0.8588235 0.7058824 0.6666667 1 0.8588235 0.7058824 0.6666667 1 0.8588235 0.7058824 0.6666667 1 0.8588235 0.7058824 0.6666667 1 0.8588235 0.7058824 0.6666667 1 0.8588235 0.7058824 0.6666667 1 0.8588235 0.7058824 0.6666667 1 0.8588235 0.7058824 0.6666667 1 0.8588235 0.7058824 0.6666667 1 0.8588235 0.7058824 0.6666667 1 0.8588235 0.7058824 0.6666667 1 0.8588235 0.7058824 0.6666667 1 0.8588235 0.7058824 0.6666667 1 0.8588235 0.7058824 0.6666667 1 0.8588235 0.7058824 0.6666667 1 0.8588235 0.7058824 0.6666667 1 0.8588235 0.7058824 0.6666667 1 0.8588235 0.7058824 0.6666667 1 0.8588235 0.7058824 0.6666667 1 0.8588235 0.7058824 0.6666667 1 0.8588235 0.7058824 0.6666667 1 0.8588235 0.7058824 0.6666667 1 0.8588235 0.7058824 0.6666667 1 0.8588235 0.7058824 0.6666667 1 0.8588235 0.7058824 0.6666667 1 0.8588235 0.7058824 0.6666667 1 0.8588235 0.7058824 0.6666667 1 0.8588235 0.7058824 0.6666667 1 0.8588235 0.7058824 0.6666667 1 0.8588235 0.7058824 0.6666667 1 0.8588235 0.7058824 0.6666667 1 0.8588235 0.7058824 0.6666667 1 0.8588235 0.7058824 0.6666667 1 0.8588235 0.7058824 0.6666667 1 0.8588235 0.7058824 0.6666667 1 0.8588235 0.7058824 0.6666667 1 0.8588235 0.7058824 0.6666667 1 0.8588235 0.7058824 0.6666667 1 0.8588235 0.7058824 0.6666667 1 0.8588235 0.7058824 0.6666667 1 0.8588235 0.7058824 0.6666667 1 0.8588235 0.7058824 0.6666667 1 0.8588235 0.7058824 0.6666667 1 0.8588235 0.7058824 0.6666667 1 0.8588235 0.7058824 0.6666667 1 0.8588235 0.7058824 0.6666667 1 0.8588235 0.7058824 0.6666667 1 0.8588235 0.7058824 0.6666667 1 0.8588235 0.7058824 0.6666667 1 0.8588235 0.7058824 0.6666667 1 0.8588235 0.7058824 0.6666667 1 0.8588235 0.7058824 0.6666667 1 0.8588235 0.7058824 0.6666667 1 0.8588235 0.7058824 0.6666667 1 0.8588235 0.7058824 0.6666667 1 0.8588235 0.7058824 0.6666667 1 0.8588235 0.7058824 0.6666667 1 0.8588235 0.7058824 0.6666667 1 0.8588235 0.7058824 0.6666667 1 0.8588235 0.7058824 0.6666667 1 0.8588235 0.7058824 0.6666667 1 0.8588235 0.7058824 0.6666667 1 0.8588235 0.7058824 0.6666667 1 0.8588235 0.7058824 0.6666667 1 0.8588235 0.7058824 0.6666667 1 0.8588235 0.7058824 0.6666667 1 0.8588235 0.7058824 0.6666667 1 0.8588235 0.7058824 0.6666667 1 0.8588235 0.7058824 0.6666667 1 0.8588235 0.7058824 0.6666667 1 0.8588235 0.7058824 0.6666667 1 0.8588235 0.7058824 0.6666667 1 0.8588235 0.7058824 0.6666667 1 0.8588235 0.7058824 0.6666667 1 0.8588235 0.7058824 0.6666667 1 0.8588235 0.7058824 0.6666667 1 0.8588235 0.7058824 0.6666667 1 0.8588235 0.7058824 0.6666667 1 0.8588235 0.7058824 0.6666667 1 0.8588235 0.7058824 0.6666667 1 0.8588235 0.7058824 0.6666667 1 0.8588235 0.7058824 0.6666667 1 0.8588235 0.7058824 0.6666667 1 0.8588235 0.7058824 0.6666667 1 0.8588235 0.7058824 0.6666667 1 0.8588235 0.7058824 0.6666667 1 0.8588235 0.7058824 0.6666667 1 0.8588235 0.7058824 0.6666667 1 0.8588235 0.7058824 0.6666667 1 0.8588235 0.7058824 0.6666667 1 0.8588235 0.7058824 0.6666667 1 0.8588235 0.7058824 0.6666667 1 0.8588235 0.7058824 0.6666667 1 0.8588235 0.7058824 0.6666667 1 0.8588235 0.7058824 0.6666667 1 0.8588235 0.7058824 0.6666667 1 0.8588235 0.7058824 0.6666667 1 0.8588235 0.7058824 0.6666667 1 0.8588235 0.7058824 0.6666667 1 0.8588235 0.7058824 0.6666667 1 0.8588235 0.7058824 0.6666667 1 0.8588235 0.7058824 0.6666667 1 0.8588235 0.7058824 0.6666667 1 0.8588235 0.7058824 0.6666667 1 0.8588235 0.7058824 0.6666667 1 0.7686275 0.3529412 0.3490196 1 0.7686275 0.427451 0.4235294 1 0.7686275 0.3372549 0.3294118 1 0.6784314 0.8431373 0.8509804 1 0.6784314 0.8431373 0.8509804 1 0.6784314 0.8431373 0.8509804 1 0.427451 0.8470588 0.8901961 1 0.4549019 0.8470588 0.8901961 1 0.4313725 0.8470588 0.8901961 1 0.9803922 0.9803922 0.9803922 1 0.9882353 0.9882353 0.9882353 1 0.9882353 0.9882353 0.9882353 1 0.4549019 0.4549019 0.4549019 1 0.3568627 0.3568627 0.3568627 1 0.4549019 0.4549019 0.4549019 1 0.9803922 0.9803922 0.9803922 1 0.9843137 0.9843137 0.9843137 1 0.9843137 0.9843137 0.9843137 1 0.8588235 0.254902 0.2784314 1 0.8588235 0.2392157 0.2627451 1 0.8588235 0.2352941 0.2627451 1 0.9490196 0.9490196 0.9490196 1 0.9490196 0.9490196 0.9490196 1 0.9372549 0.9372549 0.9372549 1 1 1 1 1 1 1 1 1 1 1 1 1 0.4235294 0.8470588 0.8901961 1 0.4509804 0.8470588 0.8901961 1 0.4235294 0.8470588 0.8901961 1 0.9372549 0.9372549 0.9372549 1 0.9450981 0.9450981 0.9450981 1 0.9411765 0.9411765 0.9411765 1 0.9490196 0.9490196 0.9490196 1 0.9686275 0.9686275 0.9686275 1 0.972549 0.972549 0.972549 1 0.9843137 0.9843137 0.9843137 1 0.9882353 0.9882353 0.9882353 1 0.9843137 0.9843137 0.9843137 1 0.9568628 0.9568628 0.9568628 1 0.972549 0.972549 0.972549 1 0.9529412 0.9529412 0.9529412 1 1 1 1 1 1 1 1 1 1 1 1 1 0.5411765 0.6117647 0.7686275 1 0.5960785 0.6666667 0.7686275 1 0.5490196 0.6196079 0.7686275 1 0.509804 0.7333334 0.8705883 1 0.3215686 0.6784314 0.8901961 1 0.4431372 0.7176471 0.8784314 1 0.8588235 0.7058824 0.6666667 1 0.8588235 0.7058824 0.6666667 1 0.8588235 0.7058824 0.6666667 1 0.5764706 0.8117647 0.9294118 1 0.5921569 0.8117647 0.9254902 1 0.5764706 0.8117647 0.9294118 1 0.8588235 0.7058824 0.6666667 1 0.8588235 0.7058824 0.6666667 1 0.8588235 0.7058824 0.6666667 1 0.9607843 0.9607843 0.9607843 1 0.9568628 0.9568628 0.9568628 1 0.9607843 0.9607843 0.9607843 1 0.9803922 0.9803922 0.9803922 1 0.9764706 0.9764706 0.9764706 1 0.9803922 0.9803922 0.9803922 1 0.9568628 0.9568628 0.9568628 1 0.9803922 0.9803922 0.9803922 1 0.9568628 0.9568628 0.9568628 1 1 0.854902 0.5529412 1 1 0.854902 0.5529412 1 1 0.854902 0.5529412 1 0.9294118 0.1176471 0.1254902 1 0.9254902 0.08235293 0.0862745 1 0.9294118 0.145098 0.1529412 1 0.8588235 0.7058824 0.6666667 1 0.8588235 0.7058824 0.6666667 1 0.8588235 0.7058824 0.6666667 1 0.9843137 0.9843137 0.9843137 1 0.9607843 0.9607843 0.9607843 1 0.9843137 0.9843137 0.9843137 1 0.8588235 0.7058824 0.6666667 1 0.8588235 0.7058824 0.6666667 1 0.8588235 0.7058824 0.6666667 1 1 1 1 1 1 1 1 1 1 1 1 1 0.4117647 0.8470588 0.8901961 1 0.4470588 0.8470588 0.8901961 1 0.4196078 0.8470588 0.8901961 1 0.9176471 0.9176471 0.9176471 1 0.9254902 0.9254902 0.9254902 1 0.9137255 0.9137255 0.9137255 1 1 0.854902 0.5529412 1 1 0.854902 0.5529412 1 1 0.854902 0.5529412 1 0.9568628 0.2235294 0.2588235 1 0.9607843 0.1764706 0.2117647 1 0.9568628 0.2117647 0.2470588 1 0.9372549 0.8588235 0.6117647 1 0.9333333 0.854902 0.6235294 1 0.9254902 0.8588235 0.627451 1 0.9294118 0.05490195 0.06274509 1 0.9294118 0.02352941 0.03137254 1 0.9294118 0.07450979 0.08235293 1 0.7686275 0.3333333 0.3333333 1 0.7686275 0.4078431 0.4 1 0.7686275 0.3254902 0.317647 1 0.5607843 0.8117647 0.9294118 1 0.5686275 0.8117647 0.9294118 1 0.5725491 0.8117647 0.9294118 1 0.8588235 0.2745098 0.2941176 1 0.8588235 0.2352941 0.2627451 1 0.8588235 0.2745098 0.2980392 1 0.9411765 0.9411765 0.9411765 1 0.9372549 0.9372549 0.9372549 1 0.9411765 0.9411765 0.9411765 1 0.9803922 0.9803922 0.9803922 1 0.9843137 0.9843137 0.9843137 1 0.9803922 0.9803922 0.9803922 1 0.8588235 0.7058824 0.6666667 1 0.8588235 0.7058824 0.6666667 1 0.8588235 0.7058824 0.6666667 1 0.9843137 0.9843137 0.9843137 1 0.9921569 0.9921569 0.9921569 1 0.9843137 0.9843137 0.9843137 1 0.8588235 0.7058824 0.6666667 1 0.8588235 0.7058824 0.6666667 1 0.8588235 0.7058824 0.6666667 1 0.8588235 0.7686275 0.4627451 1 0.8588235 0.7686275 0.4627451 1 0.8588235 0.7686275 0.4627451 1 0.9137255 0.5882353 0.5686275 1 0.9137255 0.6 0.5921569 1 0.9137255 0.5921569 0.5764706 1 0.9921569 0.9921569 0.9921569 1 0.9960784 0.9960784 0.9960784 1 0.9960784 0.9960784 0.9960784 1 0.3921568 0.8470588 0.8901961 1 0.4509804 0.8470588 0.8901961 1 0.3960784 0.8470588 0.8901961 1 1 1 1 1 1 1 1 1 1 1 1 1 0.9843137 0.9843137 0.9843137 1 0.9647059 0.9647059 0.9647059 1 0.9843137 0.9843137 0.9843137 1 0.8588235 0.7686275 0.4627451 1 0.8588235 0.7686275 0.4627451 1 0.8588235 0.7686275 0.4627451 1 0.8901961 0.7764706 0.7490196 1 0.8901961 0.7764706 0.7490196 1 0.8901961 0.7764706 0.7490196 1 0.9137255 0.9137255 0.9137255 1 0.9137255 0.9137255 0.9137255 1 0.9137255 0.9137255 0.9137255 1 0.8588235 0.7058824 0.6666667 1 0.8588235 0.7058824 0.6666667 1 0.8588235 0.7058824 0.6666667 1 0.9254902 0.9254902 0.9254902 1 0.9490196 0.9490196 0.9490196 1 0.9372549 0.9372549 0.9372549 1 0.9294118 0.2352941 0.2392157 1 0.9137255 0.3764706 0.3803921 1 0.9294118 0.2666667 0.2745098 1 0.9294118 0.2039216 0.2117647 1 0.9137255 0.3490196 0.3529412 1 0.9294118 0.2313725 0.2352941 1 0.9686275 0.6784314 0.6509804 1 0.9960784 0.6509804 0.6235294 1 0.9803922 0.6666667 0.6392157 1 0.8784314 0.7921569 0.6 1 0.8784314 0.7921569 0.6 1 0.8784314 0.7921569 0.6 1 0.8588235 0.7058824 0.6666667 1 0.8588235 0.7058824 0.6666667 1 0.8588235 0.7058824 0.6666667 1 0.9372549 0.9372549 0.9372549 1 0.9450981 0.9450981 0.9450981 1 0.9372549 0.9372549 0.9372549 1 0.6 0.4352941 0.3607843 1 0.6 0.4352941 0.3607843 1 0.6 0.4352941 0.3607843 1 0.9568628 0.9568628 0.9568628 1 0.9529412 0.9529412 0.9529412 1 0.9490196 0.9490196 0.9490196 1 0.5450981 0.6156863 0.7686275 1 0.6078432 0.6627451 0.7686275 1 0.5411765 0.6117647 0.7686275 1 1 0.854902 0.5529412 1 1 0.854902 0.5529412 1 1 0.854902 0.5529412 1 0.9843137 0.9843137 0.9843137 1 0.9882353 0.9882353 0.9882353 1 0.9843137 0.9843137 0.9843137 1 0.3490196 0.3490196 0.3490196 1 0.3490196 0.3490196 0.3490196 1 0.3490196 0.3490196 0.3490196 1 0.8588235 0.7058824 0.6666667 1 0.8588235 0.7058824 0.6666667 1 0.8588235 0.7058824 0.6666667 1 0.6 0.4352941 0.3607843 1 0.6 0.4352941 0.3607843 1 0.6 0.4352941 0.3607843 1 0.8588235 0.7058824 0.6666667 1 0.8588235 0.7058824 0.6666667 1 0.8588235 0.7058824 0.6666667 1 1 1 1 1 1 1 1 1 1 1 1 1 1 1 1 1 1 1 1 1 1 1 1 1 0.8588235 0.7058824 0.6666667 1 0.8588235 0.7058824 0.6666667 1 0.8588235 0.7058824 0.6666667 1 1 1 1 1 1 1 1 1 1 1 1 1 1 1 1 1 1 1 1 1 1 1 1 1 0.7686275 0.3215686 0.3137255 1 0.7686275 0.4313725 0.427451 1 0.7686275 0.4156863 0.4117647 1 0.8588235 0.7058824 0.6666667 1 0.8588235 0.7058824 0.6666667 1 0.8588235 0.7058824 0.6666667 1 0.6 0.8117647 0.9215686 1 0.6 0.8117647 0.9215686 1 0.5921569 0.8117647 0.9215686 1 0.5882353 0.8117647 0.9254902 1 0.5843138 0.8117647 0.9254902 1 0.5764706 0.8117647 0.9294118 1 0.8588235 0.7058824 0.6666667 1 0.8588235 0.7058824 0.6666667 1 0.8588235 0.7058824 0.6666667 1 1 1 1 1 1 1 1 1 1 1 1 1 0.8588235 0.7058824 0.6666667 1 0.8588235 0.7058824 0.6666667 1 0.8588235 0.7058824 0.6666667 1 0.9647059 0.9647059 0.9647059 1 0.9607843 0.9607843 0.9607843 1 0.9607843 0.9607843 0.9607843 1 0.9843137 0.9843137 0.9843137 1 0.9882353 0.9882353 0.9882353 1 0.9843137 0.9843137 0.9843137 1 0.9294118 0.5058824 0.4901961 1 0.9176471 0.5607843 0.5450981 1 0.9294118 0.509804 0.4941176 1 0.9764706 0.9764706 0.9764706 1 0.9764706 0.9764706 0.9764706 1 0.9764706 0.9764706 0.9764706 1 0.8588235 0.7058824 0.6666667 1 0.8588235 0.7058824 0.6666667 1 0.8588235 0.7058824 0.6666667 1 0.9294118 0 0.007843136 1 0.9294118 0 0.007843136 1 0.9294118 0 0.007843136 1 0.3921568 0.3921568 0.3921568 1 0.3921568 0.3921568 0.3921568 1 0.3921568 0.3921568 0.3921568 1 0.8588235 0.7686275 0.4627451 1 0.8588235 0.7686275 0.4627451 1 0.8588235 0.7686275 0.4627451 1 1 1 1 1 1 1 1 1 1 1 1 1 0.8588235 0.7058824 0.6666667 1 0.8588235 0.7058824 0.6666667 1 0.8588235 0.7058824 0.6666667 1 1 1 1 1 1 1 1 1 1 1 1 1 0.9176471 0.1137255 0.1215686 1 0.9215686 0.07843136 0.08235293 1 0.9176471 0.1019608 0.1098039 1 0.8588235 0.7058824 0.6666667 1 0.8588235 0.7058824 0.6666667 1 0.8588235 0.7058824 0.6666667 1 1 1 1 1 1 1 1 1 1 1 1 1 1 1 1 1 1 1 1 1 1 1 1 1 0.9882353 0.9882353 0.9882353 1 0.9960784 0.9960784 0.9960784 1 0.9921569 0.9921569 0.9921569 1 0.9921569 0.9921569 0.9921569 1 0.9960784 0.9960784 0.9960784 1 0.9921569 0.9921569 0.9921569 1 0.8588235 0.7058824 0.6666667 1 0.8588235 0.7058824 0.6666667 1 0.8588235 0.7058824 0.6666667 1 0.9686275 0.9686275 0.9686275 1 0.9843137 0.9843137 0.9843137 1 0.9843137 0.9843137 0.9843137 1 0.8588235 0.7058824 0.6666667 1 0.8588235 0.7058824 0.6666667 1 0.8588235 0.7058824 0.6666667 1 0.8588235 0.7058824 0.6666667 1 0.8588235 0.7058824 0.6666667 1 0.8588235 0.7058824 0.6666667 1 0.854902 0.2627451 0.2823529 1 0.8588235 0.2431373 0.2666667 1 0.8588235 0.2431373 0.2666667 1 1 1 1 1 1 1 1 1 1 1 1 1 1 1 1 1 1 1 1 1 1 1 1 1 0.9882353 0.9882353 0.9882353 1 0.9960784 0.9960784 0.9960784 1 0.9882353 0.9882353 0.9882353 1 1 1 1 1 1 1 1 1 1 1 1 1 1 1 1 1 1 1 1 1 1 1 1 1 0.5137255 0.5137255 0.5137255 1 0.4980392 0.4980392 0.4980392 1 0.5137255 0.5137255 0.5137255 1 1 1 1 1 1 1 1 1 1 1 1 1 0.8588235 0.7058824 0.6666667 1 0.8588235 0.7058824 0.6666667 1 0.8588235 0.7058824 0.6666667 1 0.6 0.4352941 0.3607843 1 0.6 0.4352941 0.3607843 1 0.6 0.4352941 0.3607843 1 0.8588235 0.7058824 0.6666667 1 0.8588235 0.7058824 0.6666667 1 0.8588235 0.7058824 0.6666667 1 0.8588235 0.7058824 0.6666667 1 0.8588235 0.7058824 0.6666667 1 0.8588235 0.7058824 0.6666667 1 0.9372549 0.8588235 0.6156863 1 0.9411765 0.8588235 0.6078432 1 0.9333333 0.8588235 0.6156863 1 0.8588235 0.7058824 0.6666667 1 0.8588235 0.7058824 0.6666667 1 0.8588235 0.7058824 0.6666667 1 1 1 1 1 1 1 1 1 1 1 1 1 0.9764706 0.9764706 0.9764706 1 0.9764706 0.9764706 0.9764706 1 0.9764706 0.9764706 0.9764706 1 0.9803922 0.9803922 0.9803922 1 0.9882353 0.9882353 0.9882353 1 0.9803922 0.9803922 0.9803922 1 0.9882353 0.9882353 0.9882353 1 0.9960784 0.9960784 0.9960784 1 0.9882353 0.9882353 0.9882353 1 0.8588235 0.7058824 0.6666667 1 0.8588235 0.7058824 0.6666667 1 0.8588235 0.7058824 0.6666667 1 0.854902 0.254902 0.2784314 1 0.854902 0.2470588 0.2705882 1 0.854902 0.254902 0.2784314 1 0.9686275 0.9686275 0.9686275 1 0.9764706 0.9764706 0.9764706 1 0.9686275 0.9686275 0.9686275 1 0.8588235 0.7058824 0.6666667 1 0.8588235 0.7058824 0.6666667 1 0.8588235 0.7058824 0.6666667 1 0.8588235 0.7058824 0.6666667 1 0.8588235 0.7058824 0.6666667 1 0.8588235 0.7058824 0.6666667 1 0.8588235 0.7058824 0.6666667 1 0.8588235 0.7058824 0.6666667 1 0.8588235 0.7058824 0.6666667 1 0.4235294 0.8470588 0.8901961 1 0.4509804 0.8470588 0.8901961 1 0.427451 0.8470588 0.8901961 1 0.6 0.4352941 0.3607843 1 0.6 0.4352941 0.3607843 1 0.6 0.4352941 0.3607843 1 0.9490196 0.9490196 0.9490196 1 0.9450981 0.9450981 0.9450981 1 0.9490196 0.9490196 0.9490196 1 0.8588235 0.7058824 0.6666667 1 0.8588235 0.7058824 0.6666667 1 0.8588235 0.7058824 0.6666667 1 0.9843137 0.9843137 0.9843137 1 0.9882353 0.9882353 0.9882353 1 0.9843137 0.9843137 0.9843137 1 0.9568628 0.2 0.2352941 1 0.9647059 0.172549 0.2117647 1 0.9607843 0.1882353 0.2235294 1 1 1 1 1 1 1 1 1 1 1 1 1 0.9686275 0.9686275 0.9686275 1 0.9647059 0.9647059 0.9647059 1 0.9686275 0.9686275 0.9686275 1 0.8784314 0.7921569 0.6 1 0.8784314 0.7921569 0.6 1 0.8784314 0.7921569 0.6 1 0.9843137 0.9843137 0.9843137 1 0.9882353 0.9882353 0.9882353 1 0.9882353 0.9882353 0.9882353 1 0.9647059 0.9647059 0.9647059 1 0.9568628 0.9568628 0.9568628 1 0.9647059 0.9647059 0.9647059 1 1 1 1 1 1 1 1 1 1 1 1 1 1 1 1 1 1 1 1 1 1 1 1 1 0.3882353 0.8470588 0.8901961 1 0.4039216 0.8470588 0.8901961 1 0.4039216 0.8470588 0.8901961 1 0.3882353 0.8470588 0.8901961 1 0.427451 0.8470588 0.8901961 1 0.427451 0.8470588 0.8901961 1 0.5490196 0.4196078 0.3647059 1 0.5490196 0.4196078 0.3647059 1 0.5490196 0.4196078 0.3647059 1 0.9137255 0.5803922 0.5607843 1 0.9137255 0.5921569 0.5764706 1 0.9137255 0.5882353 0.5686275 1 0.8588235 0.7058824 0.6666667 1 0.8588235 0.7058824 0.6666667 1 0.8588235 0.7058824 0.6666667 1 0.8588235 0.7058824 0.6666667 1 0.8588235 0.7058824 0.6666667 1 0.8588235 0.7058824 0.6666667 1 0.9529412 0.9529412 0.9529412 1 0.9529412 0.9529412 0.9529412 1 0.9529412 0.9529412 0.9529412 1 0.9843137 0.9843137 0.9843137 1 0.9568628 0.9568628 0.9568628 1 0.9764706 0.9764706 0.9764706 1 0.8588235 0.7058824 0.6666667 1 0.8588235 0.7058824 0.6666667 1 0.8588235 0.7058824 0.6666667 1 0.9333333 0.854902 0.6235294 1 0.9372549 0.8588235 0.6156863 1 0.9333333 0.8588235 0.6156863 1 0.8588235 0.7058824 0.6666667 1 0.8588235 0.7058824 0.6666667 1 0.8588235 0.7058824 0.6666667 1 0.3960784 0.8470588 0.8901961 1 0.4588235 0.8470588 0.8901961 1 0.4039216 0.8470588 0.8901961 1 0.8588235 0.7058824 0.6666667 1 0.8588235 0.7058824 0.6666667 1 0.8588235 0.7058824 0.6666667 1 0.9294118 0.9294118 0.9294118 1 0.9450981 0.9450981 0.9450981 1 0.9294118 0.9294118 0.9294118 1 0.8588235 0.7058824 0.6666667 1 0.8588235 0.7058824 0.6666667 1 0.8588235 0.7058824 0.6666667 1 0.6 0.4352941 0.3607843 1 0.6 0.4352941 0.3607843 1 0.6 0.4352941 0.3607843 1 0.9137255 0.9137255 0.9137255 1 0.9137255 0.9137255 0.9137255 1 0.9176471 0.9176471 0.9176471 1 1 0.854902 0.5529412 1 1 0.854902 0.5529412 1 1 0.854902 0.5529412 1 0.8588235 0.7058824 0.6666667 1 0.8588235 0.7058824 0.6666667 1 0.8588235 0.7058824 0.6666667 1 0.9882353 0.9882353 0.9882353 1 0.9921569 0.9921569 0.9921569 1 0.9882353 0.9882353 0.9882353 1 0.9607843 0.9607843 0.9607843 1 0.9803922 0.9803922 0.9803922 1 0.9843137 0.9843137 0.9843137 1 0.9294118 0.2666667 0.2745098 1 0.9137255 0.4039216 0.4078431 1 0.9294118 0.2862745 0.2941176 1 0.8588235 0.2588235 0.2823529 1 0.8588235 0.2431373 0.2627451 1 0.8588235 0.2588235 0.2823529 1 0.8588235 0.7058824 0.6666667 1 0.8588235 0.7058824 0.6666667 1 0.8588235 0.7058824 0.6666667 1 0.6 0.4352941 0.3607843 1 0.6 0.4352941 0.3607843 1 0.6 0.4352941 0.3607843 1 0.9803922 0.9803922 0.9803922 1 0.9843137 0.9843137 0.9843137 1 0.9803922 0.9803922 0.9803922 1 1 1 1 1 1 1 1 1 1 1 1 1 0.9333333 0.5058824 0.4823529 1 0.9254902 0.5372549 0.5137255 1 0.9333333 0.4941176 0.4745098 1 0.3921568 0.8470588 0.8901961 1 0.427451 0.8470588 0.8901961 1 0.3882353 0.8470588 0.8901961 1 0.8588235 0.7058824 0.6666667 1 0.8588235 0.7058824 0.6666667 1 0.8588235 0.7058824 0.6666667 1 0.8588235 0.7058824 0.6666667 1 0.8588235 0.7058824 0.6666667 1 0.8588235 0.7058824 0.6666667 1 0.9686275 0.9686275 0.9686275 1 0.972549 0.972549 0.972549 1 0.9686275 0.9686275 0.9686275 1 0.8588235 0.7058824 0.6666667 1 0.8588235 0.7058824 0.6666667 1 0.8588235 0.7058824 0.6666667 1 0.9803922 0.9098039 0.5568628 1 0.9921569 0.9098039 0.5215687 1 0.9803922 0.9098039 0.5568628 1 0.9843137 0.9843137 0.9843137 1 0.9882353 0.9882353 0.9882353 1 0.9882353 0.9882353 0.9882353 1 0.9294118 0.9294118 0.9294118 1 0.9254902 0.9254902 0.9254902 1 0.9254902 0.9254902 0.9254902 1 0.9568628 0.2196078 0.254902 1 0.9607843 0.1803922 0.2196078 1 0.9647059 0.172549 0.2078431 1 0.9294118 0.145098 0.145098 1 0.9215686 0.0980392 0.1058824 1 0.9294118 0.1333333 0.1372549 1 0.9294118 0 0.007843136 1 0.9294118 0 0.007843136 1 0.9294118 0 0.007843136 1 1 1 1 1 1 1 1 1 1 1 1 1 0.9647059 0.9647059 0.9647059 1 0.9607843 0.9607843 0.9607843 1 0.9686275 0.9686275 0.9686275 1 0.8588235 0.7058824 0.6666667 1 0.8588235 0.7058824 0.6666667 1 0.8588235 0.7058824 0.6666667 1 0.9372549 0.4549019 0.4470588 1 0.9294118 0.4666666 0.4549019 1 0.9294118 0.509804 0.4941176 1 0.9294118 0.07450979 0.08235293 1 0.9254902 0.05098038 0.05882352 1 0.9294118 0.02352941 0.03137254 1 0.9294118 0.1686275 0.172549 1 0.9137255 0.3294118 0.3372549 1 0.9294118 0.2039216 0.2117647 1 0.6 0.4352941 0.3607843 1 0.6 0.4352941 0.3607843 1 0.6 0.4352941 0.3607843 1 0.9294118 0 0.007843136 1 0.9294118 0 0.007843136 1 0.9294118 0 0.007843136 1 0.9294118 0.2862745 0.2941176 1 0.9137255 0.4078431 0.4156863 1 0.9137255 0.4039216 0.4078431 1 0.5450981 0.6156863 0.7686275 1 0.6078432 0.6666667 0.7686275 1 0.5411765 0.6117647 0.7686275 1 1 1 1 1 1 1 1 1 1 1 1 1 0.9960784 0.9960784 0.9960784 1 0.9960784 0.9960784 0.9960784 1 0.9960784 0.9960784 0.9960784 1 0.9372549 0.9372549 0.9372549 1 0.9372549 0.9372549 0.9372549 1 0.9411765 0.9411765 0.9411765 1 0.9764706 0.9764706 0.9764706 1 0.9764706 0.9764706 0.9764706 1 0.9764706 0.9764706 0.9764706 1 0.9137255 0.5960785 0.5764706 1 0.9137255 0.6078432 0.6 1 0.9137255 0.6 0.5921569 1 0.9490196 0.9490196 0.9490196 1 0.9490196 0.9490196 0.9490196 1 0.9490196 0.9490196 0.9490196 1 0.9529412 0.8666667 0.5882353 1 0.9450981 0.8588235 0.6 1 0.9450981 0.8627451 0.6 1 1 1 1 1 1 1 1 1 1 1 1 1 0.854902 0.2588235 0.2823529 1 0.854902 0.2470588 0.2705882 1 0.854902 0.2470588 0.2705882 1 0.8588235 0.7058824 0.6666667 1 0.8588235 0.7058824 0.6666667 1 0.8588235 0.7058824 0.6666667 1 0.8588235 0.7058824 0.6666667 1 0.8588235 0.7058824 0.6666667 1 0.8588235 0.7058824 0.6666667 1 0.9960784 0.9960784 0.9960784 1 0.9960784 0.9960784 0.9960784 1 0.9960784 0.9960784 0.9960784 1 0.9372549 0.5058824 0.4901961 1 0.9254902 0.5411765 0.5254902 1 0.9333333 0.5058824 0.4823529 1 0.8588235 0.7058824 0.6666667 1 0.8588235 0.7058824 0.6666667 1 0.8588235 0.7058824 0.6666667 1 0.2980392 0.4901961 0.6509804 1 0.2980392 0.4901961 0.6509804 1 0.2980392 0.4901961 0.6509804 1 0.8588235 0.7686275 0.4627451 1 0.8588235 0.7686275 0.4627451 1 0.8588235 0.7686275 0.4627451 1 0.9294118 0 0.007843136 1 0.9294118 0 0.007843136 1 0.9294118 0 0.007843136 1 0.8588235 0.7058824 0.6666667 1 0.8588235 0.7058824 0.6666667 1 0.8588235 0.7058824 0.6666667 1 1 1 1 1 1 1 1 1 1 1 1 1 0.9686275 0.9686275 0.9686275 1 0.9568628 0.9568628 0.9568628 1 0.9647059 0.9647059 0.9647059 1 0.6784314 0.8431373 0.8509804 1 0.6784314 0.8431373 0.8509804 1 0.6784314 0.8431373 0.8509804 1 0.9411765 0.9411765 0.9411765 1 0.9568628 0.9568628 0.9568628 1 0.9450981 0.9450981 0.9450981 1 0.8588235 0.7058824 0.6666667 1 0.8588235 0.7058824 0.6666667 1 0.8588235 0.7058824 0.6666667 1 0.5725491 0.8117647 0.9294118 1 0.5764706 0.8117647 0.9294118 1 0.5764706 0.8117647 0.9294118 1 0.5764706 0.8117647 0.9294118 1 0.5960785 0.8117647 0.9254902 1 0.5960785 0.8117647 0.9254902 1 0.8784314 0.7921569 0.6 1 0.8784314 0.7921569 0.6 1 0.8784314 0.7921569 0.6 1 0.8588235 0.7058824 0.6666667 1 0.8588235 0.7058824 0.6666667 1 0.8588235 0.7058824 0.6666667 1 1 1 1 1 1 1 1 1 1 1 1 1 0.6 0.4352941 0.3607843 1 0.6 0.4352941 0.3607843 1 0.6 0.4352941 0.3607843 1 0.9686275 0.9686275 0.9686275 1 0.9529412 0.9529412 0.9529412 1 0.9529412 0.9529412 0.9529412 1 0.5764706 0.8117647 0.9294118 1 0.5960785 0.8117647 0.9215686 1 0.5843138 0.8117647 0.9294118 1 0.8588235 0.7058824 0.6666667 1 0.8588235 0.7058824 0.6666667 1 0.8588235 0.7058824 0.6666667 1 0.9490196 0.9490196 0.9490196 1 0.9490196 0.9490196 0.9490196 1 0.9490196 0.9490196 0.9490196 1 0.9568628 0.9568628 0.9568628 1 0.9529412 0.9529412 0.9529412 1 0.9568628 0.9568628 0.9568628 1 0.8588235 0.7058824 0.6666667 1 0.8588235 0.7058824 0.6666667 1 0.8588235 0.7058824 0.6666667 1 0.5568628 0.8117647 0.9294118 1 0.5725491 0.8117647 0.9294118 1 0.5725491 0.8117647 0.9294118 1 0.7686275 0.345098 0.3411765 1 0.7686275 0.4352941 0.4352941 1 0.7686275 0.3529412 0.345098 1 1 0.854902 0.5529412 1 1 0.854902 0.5529412 1 1 0.854902 0.5529412 1 0.5607843 0.8117647 0.9294118 1 0.5725491 0.8117647 0.9294118 1 0.5607843 0.8117647 0.9294118 1 1 1 1 1 1 1 1 1 1 1 1 1 0.4470588 0.5803922 0.7058824 1 0.4862745 0.6078432 0.7137255 1 0.4588235 0.6 0.7058824 1 0.6 0.4352941 0.3607843 1 0.6 0.4352941 0.3607843 1 0.6 0.4352941 0.3607843 1 0.8588235 0.2588235 0.2823529 1 0.8588235 0.2392157 0.2627451 1 0.8588235 0.2588235 0.2823529 1 0.9647059 0.9647059 0.9647059 1 0.9843137 0.9843137 0.9843137 1 0.9647059 0.9647059 0.9647059 1 0.8588235 0.7058824 0.6666667 1 0.8588235 0.7058824 0.6666667 1 0.8588235 0.7058824 0.6666667 1 0.9686275 0.9686275 0.9686275 1 0.9529412 0.9529412 0.9529412 1 0.9607843 0.9607843 0.9607843 1 1 1 1 1 1 1 1 1 1 1 1 1 0.8588235 0.7058824 0.6666667 1 0.8588235 0.7058824 0.6666667 1 0.8588235 0.7058824 0.6666667 1 0.9647059 0.9647059 0.9647059 1 0.972549 0.972549 0.972549 1 0.9686275 0.9686275 0.9686275 1 0.854902 0.2627451 0.2823529 1 0.8588235 0.2392157 0.2666667 1 0.854902 0.2627451 0.2823529 1 0.8588235 0.7058824 0.6666667 1 0.8588235 0.7058824 0.6666667 1 0.8588235 0.7058824 0.6666667 1 1 1 1 1 1 1 1 1 1 1 1 1 1 1 1 1 1 1 1 1 1 1 1 1 0.8588235 0.7058824 0.6666667 1 0.8588235 0.7058824 0.6666667 1 0.8588235 0.7058824 0.6666667 1 0.8588235 0.7058824 0.6666667 1 0.8588235 0.7058824 0.6666667 1 0.8588235 0.7058824 0.6666667 1 0.9803922 0.9803922 0.9803922 1 0.9843137 0.9843137 0.9843137 1 0.9764706 0.9764706 0.9764706 1 1 1 1 1 1 1 1 1 1 1 1 1 0.8784314 0.7921569 0.6 1 0.8784314 0.7921569 0.6 1 0.8784314 0.7921569 0.6 1 0.8588235 0.7058824 0.6666667 1 0.8588235 0.7058824 0.6666667 1 0.8588235 0.7058824 0.6666667 1 0.9960784 0.9960784 0.9960784 1 0.9960784 0.9960784 0.9960784 1 0.9960784 0.9960784 0.9960784 1 0.8784314 0.7921569 0.6 1 0.8784314 0.7921569 0.6 1 0.8784314 0.7921569 0.6 1 0.6 0.4352941 0.3607843 1 0.6 0.4352941 0.3607843 1 0.6 0.4352941 0.3607843 1 0.9450981 0.9450981 0.9450981 1 0.9372549 0.9372549 0.9372549 1 0.9411765 0.9411765 0.9411765 1 1 1 1 1 1 1 1 1 1 1 1 1 0.8588235 0.7058824 0.6666667 1 0.8588235 0.7058824 0.6666667 1 0.8588235 0.7058824 0.6666667 1 0.8588235 0.7058824 0.6666667 1 0.8588235 0.7058824 0.6666667 1 0.8588235 0.7058824 0.6666667 1 0.972549 0.1411765 0.1803922 1 0.9843137 0.09411764 0.1372549 1 0.9803922 0.0980392 0.1411765 1 0.9450981 0.2666667 0.3019608 1 0.9568628 0.227451 0.2588235 1 0.9490196 0.2352941 0.2705882 1 0.9843137 0.9843137 0.9843137 1 0.9921569 0.9921569 0.9921569 1 0.9843137 0.9843137 0.9843137 1 1 1 1 1 1 1 1 1 1 1 1 1 0.8588235 0.7058824 0.6666667 1 0.8588235 0.7058824 0.6666667 1 0.8588235 0.7058824 0.6666667 1 1 0.854902 0.5529412 1 1 0.854902 0.5529412 1 1 0.854902 0.5529412 1 1 1 1 1 1 1 1 1 1 1 1 1 1 1 1 1 1 1 1 1 1 1 1 1 1 1 1 1 1 1 1 1 1 1 1 1 0.8588235 0.7058824 0.6666667 1 0.8588235 0.7058824 0.6666667 1 0.8588235 0.7058824 0.6666667 1 0.8588235 0.7058824 0.6666667 1 0.8588235 0.7058824 0.6666667 1 0.8588235 0.7058824 0.6666667 1 0.4549019 0.4549019 0.4549019 1 0.4588235 0.4588235 0.4588235 1 0.4549019 0.4549019 0.4549019 1 1 1 1 1 1 1 1 1 1 1 1 1 0.5490196 0.4196078 0.3647059 1 0.5490196 0.4196078 0.3647059 1 0.5490196 0.4196078 0.3647059 1 0.5490196 0.4196078 0.3647059 1 0.5490196 0.4196078 0.3647059 1 0.5490196 0.4196078 0.3647059 1 0.5490196 0.4196078 0.3647059 1 0.5490196 0.4196078 0.3647059 1 0.5490196 0.4196078 0.3647059 1 1 1 1 1 1 1 1 1 1 1 1 1 0.8588235 0.7058824 0.6666667 1 0.8588235 0.7058824 0.6666667 1 0.8588235 0.7058824 0.6666667 1 0.4588235 0.4588235 0.4588235 1 0.4627451 0.4627451 0.4627451 1 0.4549019 0.4549019 0.4549019 1 1 1 1 1 1 1 1 1 1 1 1 1 0.5490196 0.4196078 0.3647059 1 0.5490196 0.4196078 0.3647059 1 0.5490196 0.4196078 0.3647059 1 1 0.854902 0.5529412 1 1 0.854902 0.5529412 1 1 0.854902 0.5529412 1 0.5490196 0.4196078 0.3647059 1 0.5490196 0.4196078 0.3647059 1 0.5490196 0.4196078 0.3647059 1 0.8588235 0.7058824 0.6666667 1 0.8588235 0.7058824 0.6666667 1 0.8588235 0.7058824 0.6666667 1 0.8588235 0.7058824 0.6666667 1 0.8588235 0.7058824 0.6666667 1 0.8588235 0.7058824 0.6666667 1 0.3490196 0.3490196 0.3490196 1 0.3490196 0.3490196 0.3490196 1 0.3490196 0.3490196 0.3490196 1 0.9882353 0.9882353 0.9882353 1 0.9882353 0.9882353 0.9882353 1 0.9764706 0.9764706 0.9764706 1 0.9921569 0.9921569 0.9921569 1 0.9960784 0.9960784 0.9960784 1 0.9960784 0.9960784 0.9960784 1 0.8588235 0.7058824 0.6666667 1 0.8588235 0.7058824 0.6666667 1 0.8588235 0.7058824 0.6666667 1 0.9882353 0.9882353 0.9882353 1 0.9960784 0.9960784 0.9960784 1 0.9960784 0.9960784 0.9960784 1 0.8588235 0.7058824 0.6666667 1 0.8588235 0.7058824 0.6666667 1 0.8588235 0.7058824 0.6666667 1 0.8588235 0.7058824 0.6666667 1 0.8588235 0.7058824 0.6666667 1 0.8588235 0.7058824 0.6666667 1 0.8588235 0.7058824 0.6666667 1 0.8588235 0.7058824 0.6666667 1 0.8588235 0.7058824 0.6666667 1 0.9411765 0.3137255 0.3411765 1 0.9490196 0.2588235 0.2941176 1 0.9490196 0.2509804 0.2862745 1 0.8588235 0.254902 0.2784314 1 0.8588235 0.254902 0.2784314 1 0.8588235 0.2431373 0.2627451 1 0.5490196 0.4196078 0.3647059 1 0.5490196 0.4196078 0.3647059 1 0.5490196 0.4196078 0.3647059 1 1 1 1 1 1 1 1 1 1 1 1 1 0.9686275 0.9686275 0.9686275 1 0.9764706 0.9764706 0.9764706 1 0.9764706 0.9764706 0.9764706 1 0.854902 0.254902 0.2823529 1 0.854902 0.254902 0.2823529 1 0.854902 0.2470588 0.2705882 1 0.9490196 0.2392157 0.2705882 1 0.9607843 0.2156863 0.2509804 1 0.9647059 0.1921569 0.227451 1 0.8588235 0.7058824 0.6666667 1 0.8588235 0.7058824 0.6666667 1 0.8588235 0.7058824 0.6666667 1 0.9568628 0.2 0.2352941 1 0.9686275 0.1764706 0.2156863 1 0.9686275 0.145098 0.1843137 1 0.9803922 0.9803922 0.9803922 1 0.9803922 0.9803922 0.9803922 1 0.9803922 0.9803922 0.9803922 1 0.5764706 0.8117647 0.9294118 1 0.5960785 0.8117647 0.9254902 1 0.5960785 0.8117647 0.9254902 1 0.8588235 0.7058824 0.6666667 1 0.8588235 0.7058824 0.6666667 1 0.8588235 0.7058824 0.6666667 1 0.3490196 0.3490196 0.3490196 1 0.3490196 0.3490196 0.3490196 1 0.3490196 0.3490196 0.3490196 1 0.8588235 0.7058824 0.6666667 1 0.8588235 0.7058824 0.6666667 1 0.8588235 0.7058824 0.6666667 1 0.9764706 0.9764706 0.9764706 1 0.9803922 0.9803922 0.9803922 1 0.9803922 0.9803922 0.9803922 1 0.9294118 0 0.007843136 1 0.9294118 0 0.007843136 1 0.9294118 0 0.007843136 1 0.4509804 0.8470588 0.8901961 1 0.4196078 0.8470588 0.8901961 1 0.4196078 0.8470588 0.8901961 1 0.8588235 0.7058824 0.6666667 1 0.8588235 0.7058824 0.6666667 1 0.8588235 0.7058824 0.6666667 1 1 1 1 1 1 1 1 1 1 1 1 1 0.9803922 0.9803922 0.9803922 1 0.9803922 0.9803922 0.9803922 1 0.9803922 0.9803922 0.9803922 1 1 1 1 1 1 1 1 1 1 1 1 1 0.9647059 0.9647059 0.9647059 1 0.9686275 0.9686275 0.9686275 1 0.9764706 0.9764706 0.9764706 1 1 1 1 1 1 1 1 1 1 1 1 1 0.8588235 0.7058824 0.6666667 1 0.8588235 0.7058824 0.6666667 1 0.8588235 0.7058824 0.6666667 1 0.8588235 0.7058824 0.6666667 1 0.8588235 0.7058824 0.6666667 1 0.8588235 0.7058824 0.6666667 1 0.3490196 0.3490196 0.3490196 1 0.3490196 0.3490196 0.3490196 1 0.3490196 0.3490196 0.3490196 1 0.8588235 0.7058824 0.6666667 1 0.8588235 0.7058824 0.6666667 1 0.8588235 0.7058824 0.6666667 1 0.9686275 0.9686275 0.9686275 1 0.972549 0.972549 0.972549 1 0.972549 0.972549 0.972549 1 0.8588235 0.7058824 0.6666667 1 0.8588235 0.7058824 0.6666667 1 0.8588235 0.7058824 0.6666667 1 0.8588235 0.7058824 0.6666667 1 0.8588235 0.7058824 0.6666667 1 0.8588235 0.7058824 0.6666667 1 0.8784314 0.7921569 0.6 1 0.8784314 0.7921569 0.6 1 0.8784314 0.7921569 0.6 1 0.4078431 0.4078431 0.4078431 1 0.4039216 0.4039216 0.4039216 1 0.3960784 0.3960784 0.3960784 1 0.8588235 0.7058824 0.6666667 1 0.8588235 0.7058824 0.6666667 1 0.8588235 0.7058824 0.6666667 1 0.9607843 0.9607843 0.9607843 1 0.9568628 0.9568628 0.9568628 1 0.9490196 0.9490196 0.9490196 1 0.2980392 0.4901961 0.6509804 1 0.2980392 0.4901961 0.6509804 1 0.2980392 0.4901961 0.6509804 1 0.9803922 0.9803922 0.9803922 1 0.9803922 0.9803922 0.9803922 1 0.9803922 0.9803922 0.9803922 1 0.9294118 0.509804 0.4941176 1 0.9176471 0.5607843 0.5450981 1 0.9176471 0.5607843 0.5529412 1 0.8588235 0.7686275 0.4627451 1 0.8588235 0.7686275 0.4627451 1 0.8588235 0.7686275 0.4627451 1 0.9843137 0.9843137 0.9843137 1 0.9921569 0.9921569 0.9921569 1 0.9921569 0.9921569 0.9921569 1 0.9647059 0.1764706 0.2117647 1 0.9686275 0.1607843 0.2 1 0.9764706 0.1254902 0.1647059 1 1 1 1 1 1 1 1 1 1 1 1 1 0.854902 0.2588235 0.2823529 1 0.854902 0.2352941 0.2627451 1 0.854902 0.2352941 0.2627451 1 0.8588235 0.7058824 0.6666667 1 0.8588235 0.7058824 0.6666667 1 0.8588235 0.7058824 0.6666667 1 0.8588235 0.7058824 0.6666667 1 0.8588235 0.7058824 0.6666667 1 0.8588235 0.7058824 0.6666667 1 0.9686275 0.9686275 0.9686275 1 0.9607843 0.9607843 0.9607843 1 0.9843137 0.9843137 0.9843137 1 0.8588235 0.7058824 0.6666667 1 0.8588235 0.7058824 0.6666667 1 0.8588235 0.7058824 0.6666667 1 0.9803922 0.6666667 0.6392157 1 0.9803922 0.6666667 0.6392157 1 1 0.6470589 0.6196079 1 0.9803922 0.09019607 0.1294118 1 0.9882353 0.08235293 0.1215686 1 0.9921569 0.04705882 0.09411764 1 0.9490196 0.4509804 0.427451 1 0.9294118 0.4745098 0.4627451 1 0.9254902 0.5137255 0.4980392 1 0.9137255 0.5764706 0.5607843 1 0.9137255 0.5764706 0.5607843 1 0.9137255 0.5921569 0.5803922 1 0.5686275 0.7137255 0.9254902 1 0.5725491 0.7137255 0.9294118 1 0.6 0.7176471 0.9254902 1 0.9294118 0.1254902 0.1294118 1 0.9215686 0.0980392 0.1058824 1 0.9254902 0.0862745 0.09411764 1 0.8588235 0.7058824 0.6666667 1 0.8588235 0.7058824 0.6666667 1 0.8588235 0.7058824 0.6666667 1 0.9647059 0.9647059 0.9647059 1 0.9764706 0.9764706 0.9764706 1 0.9803922 0.9803922 0.9803922 1 0.9647059 0.9647059 0.9647059 1 0.9843137 0.9843137 0.9843137 1 0.9843137 0.9843137 0.9843137 1 1 0.854902 0.5529412 1 1 0.854902 0.5529412 1 1 0.854902 0.5529412 1 0.8588235 0.7058824 0.6666667 1 0.8588235 0.7058824 0.6666667 1 0.8588235 0.7058824 0.6666667 1 0.8784314 0.7921569 0.6 1 0.8784314 0.7921569 0.6 1 0.8784314 0.7921569 0.6 1 0.9921569 0.9921569 0.9921569 1 0.9960784 0.9960784 0.9960784 1 0.9960784 0.9960784 0.9960784 1 0.9921569 0.9921569 0.9921569 1 0.9960784 0.9960784 0.9960784 1 0.9960784 0.9960784 0.9960784 1 0.9960784 0.9960784 0.9960784 1 0.9960784 0.9960784 0.9960784 1 0.9960784 0.9960784 0.9960784 1 0.6 0.4352941 0.3607843 1 0.6 0.4352941 0.3607843 1 0.6 0.4352941 0.3607843 1 0.854902 0.2627451 0.2823529 1 0.854902 0.2627451 0.2862745 1 0.854902 0.2470588 0.2705882 1 0.8784314 0.7921569 0.6 1 0.8784314 0.7921569 0.6 1 0.8784314 0.7921569 0.6 1 0.9803922 0.9803922 0.9803922 1 0.9803922 0.9803922 0.9803922 1 0.9803922 0.9803922 0.9803922 1 0.9764706 0.9764706 0.9764706 1 0.9568628 0.9568628 0.9568628 1 0.9529412 0.9529412 0.9529412 1 0.9568628 0.227451 0.2588235 1 0.9568628 0.2235294 0.2588235 1 0.9607843 0.1803922 0.2196078 1 0.9843137 0.9843137 0.9843137 1 0.9882353 0.9882353 0.9882353 1 0.9921569 0.9921569 0.9921569 1 0.8588235 0.1529412 0.1803922 1 0.8588235 0.1529412 0.1803922 1 0.8588235 0.1529412 0.1803922 1 0.8588235 0.7058824 0.6666667 1 0.8588235 0.7058824 0.6666667 1 0.8588235 0.7058824 0.6666667 1 0.3882353 0.8470588 0.8901961 1 0.427451 0.8470588 0.8901961 1 0.4431372 0.8470588 0.8901961 1 1 1 1 1 1 1 1 1 1 1 1 1 0.8588235 0.1529412 0.1803922 1 0.8588235 0.1529412 0.1803922 1 0.8588235 0.1529412 0.1803922 1 0.8588235 0.6901961 0.6509804 1 0.8588235 0.6901961 0.6509804 1 1 1 1 1 0.5372549 0.6117647 0.7686275 1 0.6039216 0.6627451 0.7686275 1 0.6078432 0.6588236 0.7686275 1 1 1 1 1 1 1 1 1 1 1 1 1 0.8588235 0.7058824 0.6666667 1 0.8588235 0.7058824 0.6666667 1 0.8588235 0.7058824 0.6666667 1 0.6 0.4352941 0.3607843 1 0.6 0.4352941 0.3607843 1 0.6 0.4352941 0.3607843 1 0.9568628 0.9568628 0.9568628 1 0.9490196 0.9490196 0.9490196 1 0.9490196 0.9490196 0.9490196 1 0.8588235 0.7058824 0.6666667 1 0.8588235 0.7058824 0.6666667 1 0.8588235 0.7058824 0.6666667 1 0.9294118 0.05098038 0.05882352 1 0.9294118 0.003921568 0.0117647 1 0.9294118 0.007843136 0.01568627 1 0.9843137 0.9843137 0.9843137 1 0.9843137 0.9843137 0.9843137 1 0.9882353 0.9882353 0.9882353 1 0.9921569 0.9921569 0.9921569 1 0.9960784 0.9960784 0.9960784 1 0.9960784 0.9960784 0.9960784 1 0.9960784 0.9960784 0.9960784 1 0.9960784 0.9960784 0.9960784 1 0.9960784 0.9960784 0.9960784 1 0.8901961 0.7764706 0.7490196 1 0.8901961 0.7764706 0.7490196 1 0.8901961 0.7764706 0.7490196 1 0.8588235 0.1529412 0.1803922 1 0.8588235 0.1529412 0.1803922 1 0.8588235 0.1529412 0.1803922 1 1 0.854902 0.5529412 1 1 0.854902 0.5529412 1 1 0.854902 0.5529412 1 0.9764706 0.9764706 0.9764706 1 0.9803922 0.9803922 0.9803922 1 0.9764706 0.9764706 0.9764706 1 0.8588235 0.7058824 0.6666667 1 0.8588235 0.7058824 0.6666667 1 0.8588235 0.7058824 0.6666667 1 0.9647059 0.9647059 0.9647059 1 0.9647059 0.9647059 0.9647059 1 0.9607843 0.9607843 0.9607843 1 0.8588235 0.7058824 0.6666667 1 0.8588235 0.7058824 0.6666667 1 0.8588235 0.7058824 0.6666667 1 0.8588235 0.7058824 0.6666667 1 0.8588235 0.7058824 0.6666667 1 0.8588235 0.7058824 0.6666667 1 0.9490196 0.9490196 0.9490196 1 0.9490196 0.9490196 0.9490196 1 0.9450981 0.9450981 0.9450981 1 1 1 1 1 1 1 1 1 1 1 1 1 0.8784314 0.7921569 0.6 1 0.8784314 0.7921569 0.6 1 0.8784314 0.7921569 0.6 1 0.5490196 0.4196078 0.3647059 1 0.5490196 0.4196078 0.3647059 1 0.5490196 0.4196078 0.3647059 1 0.8588235 0.7058824 0.6666667 1 0.8588235 0.7058824 0.6666667 1 0.8588235 0.7058824 0.6666667 1 0.9647059 0.9647059 0.9647059 1 0.9647059 0.9647059 0.9647059 1 0.9803922 0.9803922 0.9803922 1 0.8588235 0.7058824 0.6666667 1 0.8588235 0.7058824 0.6666667 1 0.8588235 0.7058824 0.6666667 1 0.9686275 0.1764706 0.2156863 1 0.972549 0.1411765 0.1764706 1 0.9764706 0.1176471 0.1568627 1 0.6431373 0.7254902 0.9803922 1 0.627451 0.7137255 0.9960784 1 0.6235294 0.7137255 1 1 0.8588235 0.7058824 0.6666667 1 0.8588235 0.7058824 0.6666667 1 0.8588235 0.7058824 0.6666667 1 0.7686275 0.3529412 0.3490196 1 0.7686275 0.3372549 0.3333333 1 0.7686275 0.4196078 0.4156863 1 0.854902 0.254902 0.2784314 1 0.854902 0.254902 0.2784314 1 0.854902 0.2470588 0.2705882 1 0.9411765 0.2941176 0.3215686 1 0.9450981 0.2705882 0.3019608 1 0.9490196 0.2431373 0.2784314 1 0.6 0.4352941 0.3607843 1 0.6 0.4352941 0.3607843 1 0.6 0.4352941 0.3607843 1 0.9607843 0.2156863 0.2509804 1 0.9647059 0.1764706 0.2117647 1 0.9686275 0.1647059 0.2 1 0.9803922 0.9803922 0.9803922 1 0.972549 0.972549 0.972549 1 0.9764706 0.9764706 0.9764706 1 0.8588235 0.7058824 0.6666667 1 0.8588235 0.7058824 0.6666667 1 0.8588235 0.7058824 0.6666667 1 0.9647059 0.9647059 0.9647059 1 0.9686275 0.9686275 0.9686275 1 0.9686275 0.9686275 0.9686275 1 0.9294118 0.1333333 0.1372549 1 0.9215686 0.09411764 0.1019608 1 0.9215686 0.0980392 0.1058824 1 0.9490196 0.9490196 0.9490196 1 0.9450981 0.9450981 0.9450981 1 0.9450981 0.9450981 0.9450981 1 0.972549 0.1411765 0.1764706 1 0.9803922 0.09411764 0.1333333 1 0.9882353 0.08235293 0.1215686 1 0.9647059 0.4196078 0.4078431 1 0.9372549 0.4588235 0.4431372 1 0.9294118 0.5019608 0.4901961 1 0.9333333 0.4862745 0.4705882 1 0.9137255 0.5450981 0.5294118 1 0.9137255 0.5529412 0.5411765 1 0.9294118 0 0.007843136 1 0.9294118 0 0.007843136 1 0.9294118 0 0.007843136 1 0.9294118 0 0.007843136 1 0.9294118 0 0.007843136 1 0.9294118 0 0.007843136 1 0.6 0.4352941 0.3607843 1 0.6 0.4352941 0.3607843 1 0.6 0.4352941 0.3607843 1 0.2980392 0.4901961 0.6509804 1 0.2980392 0.4901961 0.6509804 1 0.2980392 0.4901961 0.6509804 1 0.8588235 0.7058824 0.6666667 1 0.8588235 0.7058824 0.6666667 1 0.8588235 0.7058824 0.6666667 1 0.9294118 0 0.007843136 1 0.9294118 0 0.007843136 1 0.9294118 0 0.007843136 1 1 1 1 1 1 1 1 1 1 1 1 1 0.7686275 0.2784314 0.2745098 1 0.7686275 0.4156863 0.4117647 1 0.7686275 0.4156863 0.4117647 1 0.8588235 0.7058824 0.6666667 1 0.8588235 0.7058824 0.6666667 1 0.8588235 0.7058824 0.6666667 1 0.8901961 0.7764706 0.7490196 1 0.8901961 0.7764706 0.7490196 1 0.8901961 0.7764706 0.7490196 1 0.7686275 0.3411765 0.3372549 1 0.7686275 0.4196078 0.4196078 1 0.7686275 0.4313725 0.427451 1 0.9803922 0.9803922 0.9803922 1 0.9843137 0.9843137 0.9843137 1 0.9843137 0.9843137 0.9843137 1 0.8588235 0.7058824 0.6666667 1 0.8588235 0.7058824 0.6666667 1 0.8588235 0.7058824 0.6666667 1 0.8588235 0.7058824 0.6666667 1 0.8588235 0.7058824 0.6666667 1 0.8588235 0.7058824 0.6666667 1 1 0.854902 0.5529412 1 1 0.854902 0.5529412 1 1 0.854902 0.5529412 1 0.9647059 0.9647059 0.9647059 1 0.9803922 0.9803922 0.9803922 1 0.9803922 0.9803922 0.9803922 1 0.9411765 0.9411765 0.9411765 1 0.9333333 0.9333333 0.9333333 1 0.9411765 0.9411765 0.9411765 1 0.9568628 0.9568628 0.9568628 1 0.9529412 0.9529412 0.9529412 1 0.9529412 0.9529412 0.9529412 1 1 1 1 1 1 1 1 1 1 1 1 1 0.8588235 0.7058824 0.6666667 1 0.8588235 0.7058824 0.6666667 1 0.8588235 0.7058824 0.6666667 1 0.8588235 0.7058824 0.6666667 1 0.8588235 0.7058824 0.6666667 1 0.8588235 0.7058824 0.6666667 1 0.8588235 0.7058824 0.6666667 1 0.8588235 0.7058824 0.6666667 1 0.8588235 0.7058824 0.6666667 1 1 1 1 1 1 1 1 1 1 1 1 1 0.9294118 0.1098039 0.1176471 1 0.9294118 0.1058824 0.1137255 1 0.9254902 0.08235293 0.09019607 1 1 1 1 1 1 1 1 1 1 1 1 1 0.9843137 0.9843137 0.9843137 1 0.9921569 0.9921569 0.9921569 1 0.9921569 0.9921569 0.9921569 1 0.8784314 0.7921569 0.6 1 0.8784314 0.7921569 0.6 1 0.8784314 0.7921569 0.6 1 0.8784314 0.7921569 0.6 1 0.8784314 0.7921569 0.6 1 0.8784314 0.7921569 0.6 1 0.9921569 0.9921569 0.9921569 1 0.9921569 0.9921569 0.9921569 1 0.9960784 0.9960784 0.9960784 1 0.8784314 0.7921569 0.6 1 0.8784314 0.7921569 0.6 1 0.8784314 0.7921569 0.6 1 0.9960784 0.9960784 0.9960784 1 0.9960784 0.9960784 0.9960784 1 0.9960784 0.9960784 0.9960784 1 0.6 0.8117647 0.9215686 1 0.6 0.8117647 0.9254902 1 0.6 0.8117647 0.9254902 1 0.8588235 0.7058824 0.6666667 1 0.8588235 0.7058824 0.6666667 1 0.8588235 0.7058824 0.6666667 1 0.9960784 0.9960784 0.9960784 1 0.9960784 0.9960784 0.9960784 1 0.9960784 0.9960784 0.9960784 1 0.4470588 0.4470588 0.4470588 1 0.4470588 0.4470588 0.4470588 1 0.5215687 0.5215687 0.5215687 1 0.3882353 0.8470588 0.8901961 1 0.427451 0.8470588 0.8901961 1 0.4313725 0.8470588 0.8901961 1 0.6431373 0.7254902 0.9803922 1 0.6235294 0.7137255 1 1 0.6235294 0.7137255 1 1 0.3803921 0.7019608 0.8901961 1 0.3764706 0.7098039 0.8901961 1 0.3607843 0.6941177 0.8901961 1 0.8588235 0.7058824 0.6666667 1 0.8588235 0.7058824 0.6666667 1 0.8588235 0.7058824 0.6666667 1 1 1 1 1 1 1 1 1 1 1 1 1 1 1 1 1 1 1 1 1 1 1 1 1 0.9647059 0.9647059 0.9647059 1 0.9764706 0.9764706 0.9764706 1 0.9764706 0.9764706 0.9764706 1 0.9686275 0.9686275 0.9686275 1 0.9607843 0.9607843 0.9607843 1 0.9647059 0.9647059 0.9647059 1 0.5921569 0.8117647 0.9215686 1 0.5843138 0.8117647 0.9294118 1 0.5960785 0.8117647 0.9176471 1 0.9294118 0 0.007843136 1 0.9294118 0 0.007843136 1 0.9294118 0 0.007843136 1 0.8588235 0.7058824 0.6666667 1 0.8588235 0.7058824 0.6666667 1 0.8588235 0.7058824 0.6666667 1 0.8588235 0.7058824 0.6666667 1 0.8588235 0.7058824 0.6666667 1 0.8588235 0.7058824 0.6666667 1 0.8588235 0.7058824 0.6666667 1 0.8588235 0.7058824 0.6666667 1 0.8588235 0.7058824 0.6666667 1 0.8588235 0.7058824 0.6666667 1 0.8588235 0.7058824 0.6666667 1 0.8588235 0.7058824 0.6666667 1 0.9686275 0.9686275 0.9686275 1 0.972549 0.972549 0.972549 1 0.972549 0.972549 0.972549 1 0.9411765 0.9411765 0.9411765 1 0.9372549 0.9372549 0.9372549 1 0.9372549 0.9372549 0.9372549 1 0.4509804 0.8470588 0.8901961 1 0.4196078 0.8470588 0.8901961 1 0.4235294 0.8470588 0.8901961 1 0.8588235 0.7058824 0.6666667 1 0.8588235 0.7058824 0.6666667 1 0.8588235 0.7058824 0.6666667 1 0.8588235 0.7058824 0.6666667 1 0.8588235 0.7058824 0.6666667 1 0.8588235 0.7058824 0.6666667 1 0.3882353 0.8470588 0.8901961 1 0.3921568 0.8470588 0.8901961 1 0.427451 0.8470588 0.8901961 1 0.9176471 0.1372549 0.145098 1 0.9176471 0.1137255 0.1215686 1 0.9176471 0.1019608 0.1098039 1 0.8588235 0.7058824 0.6666667 1 0.8588235 0.7058824 0.6666667 1 0.8588235 0.7058824 0.6666667 1 0.6 0.4352941 0.3607843 1 0.6 0.4352941 0.3607843 1 0.6 0.4352941 0.3607843 1 0.8588235 0.2588235 0.2823529 1 0.8588235 0.2431373 0.2627451 1 0.8588235 0.2431373 0.2627451 1 0.7686275 0.3333333 0.3294118 1 0.7686275 0.4313725 0.427451 1 0.7686275 0.4313725 0.427451 1 1 1 1 1 1 1 1 1 1 1 1 1 0.854902 0.2627451 0.2901961 1 0.854902 0.2627451 0.2862745 1 0.8588235 0.2392157 0.2666667 1 1 1 1 1 1 1 1 1 1 1 1 1 0.5411765 0.6117647 0.7686275 1 0.5450981 0.6156863 0.7686275 1 0.5882353 0.654902 0.7686275 1 0.8784314 0.7921569 0.6 1 0.8784314 0.7921569 0.6 1 0.8784314 0.7921569 0.6 1 0.9294118 0.145098 0.1490196 1 0.9254902 0.09411764 0.0980392 1 0.9254902 0.0980392 0.1058824 1 0.9960784 0.9960784 0.9960784 1 0.9960784 0.9960784 0.9960784 1 0.9960784 0.9960784 0.9960784 1 0.9843137 0.9843137 0.9843137 1 0.9843137 0.9843137 0.9843137 1 0.9882353 0.9882353 0.9882353 1 0.8588235 0.7058824 0.6666667 1 0.8588235 0.7058824 0.6666667 1 0.8588235 0.7058824 0.6666667 1 0.9294118 0.1333333 0.1411765 1 0.9254902 0.2627451 0.2666667 1 0.9137255 0.2862745 0.2901961 1 0.3490196 0.3490196 0.3490196 1 0.3490196 0.3490196 0.3490196 1 0.3490196 0.3490196 0.3490196 1 0.3686274 0.3686274 0.3686274 1 0.3960784 0.3960784 0.3960784 1 0.4039216 0.4039216 0.4039216 1 1 1 1 1 1 1 1 1 1 1 1 1 0.5490196 0.4196078 0.3647059 1 0.5490196 0.4196078 0.3647059 1 0.5490196 0.4196078 0.3647059 1 0.5490196 0.4196078 0.3647059 1 0.5490196 0.4196078 0.3647059 1 0.5490196 0.4196078 0.3647059 1 0.5490196 0.4196078 0.3647059 1 0.5490196 0.4196078 0.3647059 1 0.5490196 0.4196078 0.3647059 1 0.9294118 0.4745098 0.4627451 1 0.9254902 0.5137255 0.4980392 1 0.9137255 0.5529412 0.5372549 1 0.9411765 0.8588235 0.6117647 1 0.9372549 0.8588235 0.6156863 1 0.9450981 0.8627451 0.6 1 0.9372549 0.3137255 0.3411765 1 0.9411765 0.3137255 0.3411765 1 0.9490196 0.2588235 0.2941176 1 0.8588235 0.7058824 0.6666667 1 0.8588235 0.7058824 0.6666667 1 0.8588235 0.7058824 0.6666667 1 1 1 1 1 1 1 1 1 1 1 1 1 0.9647059 0.9647059 0.9647059 1 0.9647059 0.9647059 0.9647059 1 0.9843137 0.9843137 0.9843137 1 0.9333333 0.4941176 0.4745098 1 0.9372549 0.4549019 0.4470588 1 0.9294118 0.509804 0.4941176 1 0.9686275 0.9686275 0.9686275 1 0.9764706 0.9764706 0.9764706 1 0.9764706 0.9764706 0.9764706 1 0.9921569 0.9921569 0.9921569 1 0.9960784 0.9960784 0.9960784 1 0.9960784 0.9960784 0.9960784 1 0.8588235 0.7058824 0.6666667 1 0.8588235 0.7058824 0.6666667 1 0.8588235 0.7058824 0.6666667 1 0.8784314 0.7921569 0.6 1 0.8784314 0.7921569 0.6 1 0.8784314 0.7921569 0.6 1 0.8784314 0.7921569 0.6 1 0.8784314 0.7921569 0.6 1 0.8784314 0.7921569 0.6 1 1 1 1 1 1 1 1 1 1 1 1 1 0.5960785 0.8117647 0.9215686 1 0.5960785 0.8117647 0.9215686 1 0.6 0.8117647 0.9254902 1 0.9568628 0.9568628 0.9568628 1 0.972549 0.972549 0.972549 1 0.972549 0.972549 0.972549 1 0.8588235 0.7058824 0.6666667 1 0.8588235 0.7058824 0.6666667 1 0.8588235 0.7058824 0.6666667 1 0.4039216 0.8470588 0.8901961 1 0.4117647 0.8470588 0.8901961 1 0.4470588 0.8470588 0.8901961 1 1 1 1 1 1 1 1 1 1 1 1 1 0.8588235 0.7058824 0.6666667 1 0.8588235 0.7058824 0.6666667 1 0.8588235 0.7058824 0.6666667 1 0.8588235 0.7058824 0.6666667 1 0.8588235 0.7058824 0.6666667 1 0.8588235 0.7058824 0.6666667 1 1 1 1 1 1 1 1 1 1 1 1 1 0.9294118 0.5058824 0.4941176 1 0.9176471 0.5607843 0.5490196 1 0.9254902 0.5607843 0.5529412 1 0.7686275 0.3529412 0.3490196 1 0.7686275 0.4235294 0.4235294 1 0.7686275 0.427451 0.4235294 1 0.6784314 0.8431373 0.8509804 1 0.6784314 0.8431373 0.8509804 1 0.6784314 0.8431373 0.8509804 1 0.427451 0.8470588 0.8901961 1 0.4509804 0.8470588 0.8901961 1 0.4549019 0.8470588 0.8901961 1 0.9803922 0.9803922 0.9803922 1 0.9803922 0.9803922 0.9803922 1 0.9882353 0.9882353 0.9882353 1 0.4549019 0.4549019 0.4549019 1 0.3529412 0.3529412 0.3529412 1 0.3568627 0.3568627 0.3568627 1 0.9803922 0.9803922 0.9803922 1 0.9843137 0.9843137 0.9843137 1 0.9843137 0.9843137 0.9843137 1 0.8588235 0.254902 0.2784314 1 0.8588235 0.2588235 0.2823529 1 0.8588235 0.2392157 0.2627451 1 0.9490196 0.9490196 0.9490196 1 0.9490196 0.9490196 0.9490196 1 0.9490196 0.9490196 0.9490196 1 1 1 1 1 1 1 1 1 1 1 1 1 0.4235294 0.8470588 0.8901961 1 0.4509804 0.8470588 0.8901961 1 0.4509804 0.8470588 0.8901961 1 0.9372549 0.9372549 0.9372549 1 0.9450981 0.9450981 0.9450981 1 0.9450981 0.9450981 0.9450981 1 0.9490196 0.9490196 0.9490196 1 0.9490196 0.9490196 0.9490196 1 0.9686275 0.9686275 0.9686275 1 0.9843137 0.9843137 0.9843137 1 0.9882353 0.9882353 0.9882353 1 0.9882353 0.9882353 0.9882353 1 0.9568628 0.9568628 0.9568628 1 0.9803922 0.9803922 0.9803922 1 0.972549 0.972549 0.972549 1 1 1 1 1 1 1 1 1 1 1 1 1 0.5411765 0.6117647 0.7686275 1 0.6078432 0.6666667 0.7686275 1 0.5960785 0.6666667 0.7686275 1 0.509804 0.7333334 0.8705883 1 0.4392157 0.7176471 0.8745098 1 0.3215686 0.6784314 0.8901961 1 0.8588235 0.7058824 0.6666667 1 0.8588235 0.7058824 0.6666667 1 0.8588235 0.7058824 0.6666667 1 0.5764706 0.8117647 0.9294118 1 0.5882353 0.8117647 0.9254902 1 0.5921569 0.8117647 0.9254902 1 0.8588235 0.7058824 0.6666667 1 0.8588235 0.7058824 0.6666667 1 0.8588235 0.7058824 0.6666667 1 0.9607843 0.9607843 0.9607843 1 0.9529412 0.9529412 0.9529412 1 0.9568628 0.9568628 0.9568628 1 0.9803922 0.9803922 0.9803922 1 0.9764706 0.9764706 0.9764706 1 0.9764706 0.9764706 0.9764706 1 0.9568628 0.9568628 0.9568628 1 0.9803922 0.9803922 0.9803922 1 0.9803922 0.9803922 0.9803922 1 1 0.854902 0.5529412 1 1 0.854902 0.5529412 1 1 0.854902 0.5529412 1 0.9294118 0.1176471 0.1254902 1 0.9254902 0.06666666 0.07450979 1 0.9254902 0.08235293 0.0862745 1 0.8588235 0.7058824 0.6666667 1 0.8588235 0.7058824 0.6666667 1 0.8588235 0.7058824 0.6666667 1 0.9843137 0.9843137 0.9843137 1 0.9686275 0.9686275 0.9686275 1 0.9607843 0.9607843 0.9607843 1 0.8588235 0.7058824 0.6666667 1 0.8588235 0.7058824 0.6666667 1 0.8588235 0.7058824 0.6666667 1 1 1 1 1 1 1 1 1 1 1 1 1 0.4117647 0.8470588 0.8901961 1 0.4431372 0.8470588 0.8901961 1 0.4470588 0.8470588 0.8901961 1 0.9176471 0.9176471 0.9176471 1 0.9294118 0.9294118 0.9294118 1 0.9254902 0.9254902 0.9254902 1 1 0.854902 0.5529412 1 1 0.854902 0.5529412 1 1 0.854902 0.5529412 1 0.9568628 0.2235294 0.2588235 1 0.9607843 0.1803922 0.2196078 1 0.9607843 0.1764706 0.2117647 1 0.9372549 0.8588235 0.6117647 1 0.9333333 0.8588235 0.6235294 1 0.9333333 0.854902 0.6235294 1 0.9294118 0.05490195 0.06274509 1 0.9294118 0.007843136 0.01568627 1 0.9294118 0.02352941 0.03137254 1 0.7686275 0.3333333 0.3333333 1 0.7686275 0.427451 0.4196078 1 0.7686275 0.4078431 0.4 1 0.5607843 0.8117647 0.9294118 1 0.5607843 0.8117647 0.9294118 1 0.5686275 0.8117647 0.9294118 1 0.8588235 0.2745098 0.2941176 1 0.8588235 0.2313725 0.254902 1 0.8588235 0.2352941 0.2627451 1 0.9411765 0.9411765 0.9411765 1 0.9450981 0.9450981 0.9450981 1 0.9372549 0.9372549 0.9372549 1 0.9803922 0.9803922 0.9803922 1 0.9803922 0.9803922 0.9803922 1 0.9843137 0.9843137 0.9843137 1 0.8588235 0.7058824 0.6666667 1 0.8588235 0.7058824 0.6666667 1 0.8588235 0.7058824 0.6666667 1 0.9843137 0.9843137 0.9843137 1 0.9921569 0.9921569 0.9921569 1 0.9921569 0.9921569 0.9921569 1 0.8588235 0.7058824 0.6666667 1 0.8588235 0.7058824 0.6666667 1 0.8588235 0.7058824 0.6666667 1 0.8588235 0.7686275 0.4627451 1 0.8588235 0.7686275 0.4627451 1 0.8588235 0.7686275 0.4627451 1 0.9137255 0.5882353 0.5686275 1 0.9137255 0.5921569 0.5725491 1 0.9137255 0.6 0.5921569 1 0.9921569 0.9921569 0.9921569 1 0.9921569 0.9921569 0.9921569 1 0.9960784 0.9960784 0.9960784 1 0.3921568 0.8470588 0.8901961 1 0.4392157 0.8470588 0.8901961 1 0.4509804 0.8470588 0.8901961 1 1 1 1 1 1 1 1 1 1 1 1 1 0.9843137 0.9843137 0.9843137 1 0.9686275 0.9686275 0.9686275 1 0.9647059 0.9647059 0.9647059 1 0.8588235 0.7686275 0.4627451 1 0.8588235 0.7686275 0.4627451 1 0.8588235 0.7686275 0.4627451 1 0.8901961 0.7764706 0.7490196 1 0.8901961 0.7764706 0.7490196 1 0.8901961 0.7764706 0.7490196 1 0.9137255 0.9137255 0.9137255 1 0.9137255 0.9137255 0.9137255 1 0.9137255 0.9137255 0.9137255 1 0.8588235 0.7058824 0.6666667 1 0.8588235 0.7058824 0.6666667 1 0.8588235 0.7058824 0.6666667 1 0.9254902 0.9254902 0.9254902 1 0.9450981 0.9450981 0.9450981 1 0.9490196 0.9490196 0.9490196 1 0.9294118 0.2352941 0.2392157 1 0.9137255 0.3490196 0.3529412 1 0.9137255 0.3764706 0.3803921 1 0.9294118 0.2039216 0.2117647 1 0.9137255 0.3294118 0.3372549 1 0.9137255 0.3490196 0.3529412 1 0.9686275 0.6784314 0.6509804 1 0.9764706 0.6705883 0.6509804 1 0.9960784 0.6509804 0.6235294 1 0.8784314 0.7921569 0.6 1 0.8784314 0.7921569 0.6 1 0.8784314 0.7921569 0.6 1 0.8588235 0.7058824 0.6666667 1 0.8588235 0.7058824 0.6666667 1 0.8588235 0.7058824 0.6666667 1 0.9372549 0.9372549 0.9372549 1 0.9490196 0.9490196 0.9490196 1 0.9450981 0.9450981 0.9450981 1 0.6 0.4352941 0.3607843 1 0.6 0.4352941 0.3607843 1 0.6 0.4352941 0.3607843 1 0.9568628 0.9568628 0.9568628 1 0.9568628 0.9568628 0.9568628 1 0.9529412 0.9529412 0.9529412 1 0.5450981 0.6156863 0.7686275 1 0.5882353 0.654902 0.7686275 1 0.6078432 0.6627451 0.7686275 1 1 0.854902 0.5529412 1 1 0.854902 0.5529412 1 1 0.854902 0.5529412 1 0.9843137 0.9843137 0.9843137 1 0.9882353 0.9882353 0.9882353 1 0.9882353 0.9882353 0.9882353 1 0.3490196 0.3490196 0.3490196 1 0.3490196 0.3490196 0.3490196 1 0.3490196 0.3490196 0.3490196 1 0.8588235 0.7058824 0.6666667 1 0.8588235 0.7058824 0.6666667 1 0.8588235 0.7058824 0.6666667 1 0.6 0.4352941 0.3607843 1 0.6 0.4352941 0.3607843 1 0.6 0.4352941 0.3607843 1 0.8588235 0.7058824 0.6666667 1 0.8588235 0.7058824 0.6666667 1 0.8588235 0.7058824 0.6666667 1 1 1 1 1 1 1 1 1 1 1 1 1 1 1 1 1 1 1 1 1 1 1 1 1 0.8588235 0.7058824 0.6666667 1 0.8588235 0.7058824 0.6666667 1 0.8588235 0.7058824 0.6666667 1 1 1 1 1 1 1 1 1 1 1 1 1 1 1 1 1 1 1 1 1 1 1 1 1 0.7686275 0.3215686 0.3137255 1 0.7686275 0.3333333 0.3294118 1 0.7686275 0.4313725 0.427451 1 0.8588235 0.7058824 0.6666667 1 0.8588235 0.7058824 0.6666667 1 0.8588235 0.7058824 0.6666667 1 0.6 0.8117647 0.9215686 1 0.6 0.8117647 0.9254902 1 0.6 0.8117647 0.9215686 1 0.5882353 0.8117647 0.9254902 1 0.5921569 0.8117647 0.9215686 1 0.5843138 0.8117647 0.9254902 1 0.8588235 0.7058824 0.6666667 1 0.8588235 0.7058824 0.6666667 1 0.8588235 0.7058824 0.6666667 1 1 1 1 1 1 1 1 1 1 1 1 1 0.8588235 0.7058824 0.6666667 1 0.8588235 0.7058824 0.6666667 1 0.8588235 0.7058824 0.6666667 1 0.9647059 0.9647059 0.9647059 1 0.9686275 0.9686275 0.9686275 1 0.9607843 0.9607843 0.9607843 1 0.9843137 0.9843137 0.9843137 1 0.9882353 0.9882353 0.9882353 1 0.9882353 0.9882353 0.9882353 1 0.9294118 0.5058824 0.4901961 1 0.9176471 0.5529412 0.5411765 1 0.9176471 0.5607843 0.5450981 1 0.9764706 0.9764706 0.9764706 1 0.9764706 0.9764706 0.9764706 1 0.9764706 0.9764706 0.9764706 1 0.8588235 0.7058824 0.6666667 1 0.8588235 0.7058824 0.6666667 1 0.8588235 0.7058824 0.6666667 1 0.9294118 0 0.007843136 1 0.9294118 0 0.007843136 1 0.9294118 0 0.007843136 1 0.3921568 0.3921568 0.3921568 1 0.3882353 0.3882353 0.3882353 1 0.3921568 0.3921568 0.3921568 1 0.8588235 0.7686275 0.4627451 1 0.8588235 0.7686275 0.4627451 1 0.8588235 0.7686275 0.4627451 1 1 1 1 1 1 1 1 1 1 1 1 1 0.8588235 0.7058824 0.6666667 1 0.8588235 0.7058824 0.6666667 1 0.8588235 0.7058824 0.6666667 1 1 1 1 1 1 1 1 1 1 1 1 1 0.9176471 0.1137255 0.1215686 1 0.9215686 0.09019607 0.0980392 1 0.9215686 0.07843136 0.08235293 1 0.8588235 0.7058824 0.6666667 1 0.8588235 0.7058824 0.6666667 1 0.8588235 0.7058824 0.6666667 1 1 1 1 1 1 1 1 1 1 1 1 1 1 1 1 1 1 1 1 1 1 1 1 1 0.9882353 0.9882353 0.9882353 1 0.9882353 0.9882353 0.9882353 1 0.9960784 0.9960784 0.9960784 1 0.9921569 0.9921569 0.9921569 1 0.9960784 0.9960784 0.9960784 1 0.9960784 0.9960784 0.9960784 1 0.8588235 0.7058824 0.6666667 1 0.8588235 0.7058824 0.6666667 1 0.8588235 0.7058824 0.6666667 1 0.9686275 0.9686275 0.9686275 1 0.9686275 0.9686275 0.9686275 1 0.9843137 0.9843137 0.9843137 1 0.8588235 0.7058824 0.6666667 1 0.8588235 0.7058824 0.6666667 1 0.8588235 0.7058824 0.6666667 1 0.8588235 0.7058824 0.6666667 1 0.8588235 0.7058824 0.6666667 1 0.8588235 0.7058824 0.6666667 1 0.854902 0.2627451 0.2823529 1 0.854902 0.2627451 0.2823529 1 0.8588235 0.2431373 0.2666667 1 1 1 1 1 1 1 1 1 1 1 1 1 1 1 1 1 1 1 1 1 1 1 1 1 0.9882353 0.9882353 0.9882353 1 0.9960784 0.9960784 0.9960784 1 0.9960784 0.9960784 0.9960784 1 1 1 1 1 1 1 1 1 1 1 1 1 1 1 1 1 1 1 1 1 1 1 1 1 0.5137255 0.5137255 0.5137255 1 0.4941176 0.4941176 0.4941176 1 0.4980392 0.4980392 0.4980392 1 1 1 1 1 1 1 1 1 1 1 1 1 0.8588235 0.7058824 0.6666667 1 0.8588235 0.7058824 0.6666667 1 0.8588235 0.7058824 0.6666667 1 0.6 0.4352941 0.3607843 1 0.6 0.4352941 0.3607843 1 0.6 0.4352941 0.3607843 1 0.8588235 0.7058824 0.6666667 1 0.8588235 0.7058824 0.6666667 1 0.8588235 0.7058824 0.6666667 1 0.8588235 0.7058824 0.6666667 1 0.8588235 0.7058824 0.6666667 1 0.8588235 0.7058824 0.6666667 1 0.9372549 0.8588235 0.6156863 1 0.9372549 0.8588235 0.6156863 1 0.9411765 0.8588235 0.6078432 1 0.8588235 0.7058824 0.6666667 1 0.8588235 0.7058824 0.6666667 1 0.8588235 0.7058824 0.6666667 1 1 1 1 1 1 1 1 1 1 1 1 1 0.9764706 0.9764706 0.9764706 1 0.9764706 0.9764706 0.9764706 1 0.9764706 0.9764706 0.9764706 1 0.9803922 0.9803922 0.9803922 1 0.9882353 0.9882353 0.9882353 1 0.9882353 0.9882353 0.9882353 1 0.9882353 0.9882353 0.9882353 1 0.9960784 0.9960784 0.9960784 1 0.9960784 0.9960784 0.9960784 1 0.8588235 0.7058824 0.6666667 1 0.8588235 0.7058824 0.6666667 1 0.8588235 0.7058824 0.6666667 1 0.854902 0.254902 0.2784314 1 0.854902 0.2470588 0.2705882 1 0.854902 0.2470588 0.2705882 1 0.9686275 0.9686275 0.9686275 1 0.9764706 0.9764706 0.9764706 1 0.9764706 0.9764706 0.9764706 1 0.8588235 0.7058824 0.6666667 1 0.8588235 0.7058824 0.6666667 1 0.8588235 0.7058824 0.6666667 1 0.8588235 0.7058824 0.6666667 1 0.8588235 0.7058824 0.6666667 1 0.8588235 0.7058824 0.6666667 1 0.8588235 0.7058824 0.6666667 1 0.8588235 0.7058824 0.6666667 1 0.8588235 0.7058824 0.6666667 1 0.4235294 0.8470588 0.8901961 1 0.4509804 0.8470588 0.8901961 1 0.4509804 0.8470588 0.8901961 1 0.6 0.4352941 0.3607843 1 0.6 0.4352941 0.3607843 1 0.6 0.4352941 0.3607843 1 0.9490196 0.9490196 0.9490196 1 0.9490196 0.9490196 0.9490196 1 0.9450981 0.9450981 0.9450981 1 0.8588235 0.7058824 0.6666667 1 0.8588235 0.7058824 0.6666667 1 0.8588235 0.7058824 0.6666667 1 0.9843137 0.9843137 0.9843137 1 0.9882353 0.9882353 0.9882353 1 0.9882353 0.9882353 0.9882353 1 0.9568628 0.2 0.2352941 1 0.9568628 0.1960784 0.2313725 1 0.9647059 0.172549 0.2117647 1 1 1 1 1 1 1 1 1 1 1 1 1 0.9686275 0.9686275 0.9686275 1 0.9647059 0.9647059 0.9647059 1 0.9647059 0.9647059 0.9647059 1 0.8784314 0.7921569 0.6 1 0.8784314 0.7921569 0.6 1 0.8784314 0.7921569 0.6 1 0.9843137 0.9843137 0.9843137 1 0.9843137 0.9843137 0.9843137 1 0.9882353 0.9882353 0.9882353 1 0.9647059 0.9647059 0.9647059 1 0.9568628 0.9568628 0.9568628 1 0.9568628 0.9568628 0.9568628 1 1 1 1 1 1 1 1 1 1 1 1 1 1 1 1 1 1 1 1 1 1 1 1 1 0.3882353 0.8470588 0.8901961 1 0.3882353 0.8470588 0.8901961 1 0.4039216 0.8470588 0.8901961 1 0.3882353 0.8470588 0.8901961 1 0.3882353 0.8470588 0.8901961 1 0.427451 0.8470588 0.8901961 1 0.5490196 0.4196078 0.3647059 1 0.5490196 0.4196078 0.3647059 1 0.5490196 0.4196078 0.3647059 1 0.9137255 0.5803922 0.5607843 1 0.9137255 0.5921569 0.5803922 1 0.9137255 0.5921569 0.5764706 1 0.8588235 0.7058824 0.6666667 1 0.8588235 0.7058824 0.6666667 1 0.8588235 0.7058824 0.6666667 1 0.8588235 0.7058824 0.6666667 1 0.8588235 0.7058824 0.6666667 1 0.8588235 0.7058824 0.6666667 1 0.9529412 0.9529412 0.9529412 1 0.9490196 0.9490196 0.9490196 1 0.9529412 0.9529412 0.9529412 1 0.9843137 0.9843137 0.9843137 1 0.9607843 0.9607843 0.9607843 1 0.9568628 0.9568628 0.9568628 1 0.8588235 0.7058824 0.6666667 1 0.8588235 0.7058824 0.6666667 1 0.8588235 0.7058824 0.6666667 1 0.9333333 0.854902 0.6235294 1 0.9372549 0.8588235 0.6235294 1 0.9372549 0.8588235 0.6156863 1 0.8588235 0.7058824 0.6666667 1 0.8588235 0.7058824 0.6666667 1 0.8588235 0.7058824 0.6666667 1 0.3960784 0.8470588 0.8901961 1 0.4470588 0.8470588 0.8901961 1 0.4588235 0.8470588 0.8901961 1 0.8588235 0.7058824 0.6666667 1 0.8588235 0.7058824 0.6666667 1 0.8588235 0.7058824 0.6666667 1 0.9294118 0.9294118 0.9294118 1 0.9411765 0.9411765 0.9411765 1 0.9450981 0.9450981 0.9450981 1 0.8588235 0.7058824 0.6666667 1 0.8588235 0.7058824 0.6666667 1 0.8588235 0.7058824 0.6666667 1 0.6 0.4352941 0.3607843 1 0.6 0.4352941 0.3607843 1 0.6 0.4352941 0.3607843 1 0.9137255 0.9137255 0.9137255 1 0.9137255 0.9137255 0.9137255 1 0.9137255 0.9137255 0.9137255 1 1 0.854902 0.5529412 1 1 0.854902 0.5529412 1 1 0.854902 0.5529412 1 0.8588235 0.7058824 0.6666667 1 0.8588235 0.7058824 0.6666667 1 0.8588235 0.7058824 0.6666667 1 0.9882353 0.9882353 0.9882353 1 0.9921569 0.9921569 0.9921569 1 0.9921569 0.9921569 0.9921569 1 0.9607843 0.9607843 0.9607843 1 0.9607843 0.9607843 0.9607843 1 0.9803922 0.9803922 0.9803922 1 0.9294118 0.2666667 0.2745098 1 0.9137255 0.3764706 0.3803921 1 0.9137255 0.4039216 0.4078431 1 0.8588235 0.2588235 0.2823529 1 0.8588235 0.2431373 0.2627451 1 0.8588235 0.2431373 0.2627451 1 0.8588235 0.7058824 0.6666667 1 0.8588235 0.7058824 0.6666667 1 0.8588235 0.7058824 0.6666667 1 0.6 0.4352941 0.3607843 1 0.6 0.4352941 0.3607843 1 0.6 0.4352941 0.3607843 1 0.9803922 0.9803922 0.9803922 1 0.9764706 0.9764706 0.9764706 1 0.9843137 0.9843137 0.9843137 1 1 1 1 1 1 1 1 1 1 1 1 1 0.9333333 0.5058824 0.4823529 1 0.9254902 0.5411765 0.5254902 1 0.9254902 0.5372549 0.5137255 1 0.3921568 0.8470588 0.8901961 1 0.427451 0.8470588 0.8901961 1 0.427451 0.8470588 0.8901961 1 0.8588235 0.7058824 0.6666667 1 0.8588235 0.7058824 0.6666667 1 0.8588235 0.7058824 0.6666667 1 0.8588235 0.7058824 0.6666667 1 0.8588235 0.7058824 0.6666667 1 0.8588235 0.7058824 0.6666667 1 0.9686275 0.9686275 0.9686275 1 0.972549 0.972549 0.972549 1 0.972549 0.972549 0.972549 1 0.8588235 0.7058824 0.6666667 1 0.8588235 0.7058824 0.6666667 1 0.8588235 0.7058824 0.6666667 1 0.9803922 0.9098039 0.5568628 1 0.9882353 0.9098039 0.5411765 1 0.9921569 0.9098039 0.5215687 1 0.9843137 0.9843137 0.9843137 1 0.9843137 0.9843137 0.9843137 1 0.9882353 0.9882353 0.9882353 1 0.9294118 0.9294118 0.9294118 1 0.9294118 0.9294118 0.9294118 1 0.9254902 0.9254902 0.9254902 1 0.9568628 0.2196078 0.254902 1 0.9568628 0.227451 0.2588235 1 0.9607843 0.1803922 0.2196078 1 0.9294118 0.145098 0.145098 1 0.9215686 0.1019608 0.1098039 1 0.9215686 0.0980392 0.1058824 1 0.9294118 0 0.007843136 1 0.9294118 0 0.007843136 1 0.9294118 0 0.007843136 1 1 1 1 1 1 1 1 1 1 1 1 1 0.9647059 0.9647059 0.9647059 1 0.9647059 0.9647059 0.9647059 1 0.9607843 0.9607843 0.9607843 1 0.8588235 0.7058824 0.6666667 1 0.8588235 0.7058824 0.6666667 1 0.8588235 0.7058824 0.6666667 1 0.9372549 0.4549019 0.4470588 1 0.9450981 0.4352941 0.4235294 1 0.9294118 0.4666666 0.4549019 1 0.9294118 0.07450979 0.08235293 1 0.9294118 0.1058824 0.1137255 1 0.9254902 0.05098038 0.05882352 1 0.9294118 0.1686275 0.172549 1 0.9137255 0.2823529 0.2901961 1 0.9137255 0.3294118 0.3372549 1 0.6 0.4352941 0.3607843 1 0.6 0.4352941 0.3607843 1 0.6 0.4352941 0.3607843 1 0.9294118 0 0.007843136 1 0.9294118 0 0.007843136 1 0.9294118 0 0.007843136 1 0.9294118 0.2862745 0.2941176 1 0.9294118 0.2823529 0.2862745 1 0.9137255 0.4078431 0.4156863 1 0.5450981 0.6156863 0.7686275 1 0.6078432 0.6588236 0.7686275 1 0.6078432 0.6666667 0.7686275 1 1 1 1 1 1 1 1 1 1 1 1 1 0.9960784 0.9960784 0.9960784 1 0.9960784 0.9960784 0.9960784 1 0.9960784 0.9960784 0.9960784 1 0.9372549 0.9372549 0.9372549 1 0.9372549 0.9372549 0.9372549 1 0.9372549 0.9372549 0.9372549 1 0.9764706 0.9764706 0.9764706 1 0.9764706 0.9764706 0.9764706 1 0.9764706 0.9764706 0.9764706 1 0.9137255 0.5960785 0.5764706 1 0.9137255 0.6 0.5921569 1 0.9137255 0.6078432 0.6 1 0.9490196 0.9490196 0.9490196 1 0.9529412 0.9529412 0.9529412 1 0.9490196 0.9490196 0.9490196 1 0.9529412 0.8666667 0.5882353 1 0.9529412 0.8666667 0.5803922 1 0.9450981 0.8588235 0.6 1 1 1 1 1 1 1 1 1 1 1 1 1 0.854902 0.2588235 0.2823529 1 0.854902 0.2588235 0.2823529 1 0.854902 0.2470588 0.2705882 1 0.8588235 0.7058824 0.6666667 1 0.8588235 0.7058824 0.6666667 1 0.8588235 0.7058824 0.6666667 1 0.8588235 0.7058824 0.6666667 1 0.8588235 0.7058824 0.6666667 1 0.8588235 0.7058824 0.6666667 1 0.9960784 0.9960784 0.9960784 1 0.9960784 0.9960784 0.9960784 1 0.9960784 0.9960784 0.9960784 1 0.9372549 0.5058824 0.4901961 1 0.9254902 0.5607843 0.5529412 1 0.9254902 0.5411765 0.5254902 1 0.8588235 0.7058824 0.6666667 1 0.8588235 0.7058824 0.6666667 1 0.8588235 0.7058824 0.6666667 1 0.2980392 0.4901961 0.6509804 1 0.2980392 0.4901961 0.6509804 1 0.2980392 0.4901961 0.6509804 1 0.8588235 0.7686275 0.4627451 1 0.8588235 0.7686275 0.4627451 1 0.8588235 0.7686275 0.4627451 1 0.9294118 0 0.007843136 1 0.9294118 0 0.007843136 1 0.9294118 0 0.007843136 1 0.8588235 0.7058824 0.6666667 1 0.8588235 0.7058824 0.6666667 1 0.8588235 0.7058824 0.6666667 1 1 1 1 1 1 1 1 1 1 1 1 1 0.9686275 0.9686275 0.9686275 1 0.9647059 0.9647059 0.9647059 1 0.9568628 0.9568628 0.9568628 1 0.6784314 0.8431373 0.8509804 1 0.6784314 0.8431373 0.8509804 1 0.6784314 0.8431373 0.8509804 1 0.9411765 0.9411765 0.9411765 1 0.9411765 0.9411765 0.9411765 1 0.9568628 0.9568628 0.9568628 1 0.8588235 0.7058824 0.6666667 1 0.8588235 0.7058824 0.6666667 1 0.8588235 0.7058824 0.6666667 1 0.5725491 0.8117647 0.9294118 1 0.5725491 0.8117647 0.9294118 1 0.5764706 0.8117647 0.9294118 1 0.5764706 0.8117647 0.9294118 1 0.5803922 0.8117647 0.9294118 1 0.5960785 0.8117647 0.9254902 1 0.8784314 0.7921569 0.6 1 0.8784314 0.7921569 0.6 1 0.8784314 0.7921569 0.6 1 0.8588235 0.7058824 0.6666667 1 0.8588235 0.7058824 0.6666667 1 0.8588235 0.7058824 0.6666667 1 1 1 1 1 1 1 1 1 1 1 1 1 0.6 0.4352941 0.3607843 1 0.6 0.4352941 0.3607843 1 0.6 0.4352941 0.3607843 1 0.9686275 0.9686275 0.9686275 1 0.9686275 0.9686275 0.9686275 1 0.9529412 0.9529412 0.9529412 1 0.5764706 0.8117647 0.9294118 1 0.5960785 0.8117647 0.9254902 1 0.5960785 0.8117647 0.9215686 1 0.8588235 0.7058824 0.6666667 1 0.8588235 0.7058824 0.6666667 1 0.8588235 0.7058824 0.6666667 1 0.9490196 0.9490196 0.9490196 1 0.9529412 0.9529412 0.9529412 1 0.9490196 0.9490196 0.9490196 1 0.9568628 0.9568628 0.9568628 1 0.9568628 0.9568628 0.9568628 1 0.9529412 0.9529412 0.9529412 1 0.8588235 0.7058824 0.6666667 1 0.8588235 0.7058824 0.6666667 1 0.8588235 0.7058824 0.6666667 1 0.5568628 0.8117647 0.9294118 1 0.5607843 0.8117647 0.9294118 1 0.5725491 0.8117647 0.9294118 1 0.7686275 0.345098 0.3411765 1 0.7686275 0.4235294 0.4196078 1 0.7686275 0.4352941 0.4352941 1 1 0.854902 0.5529412 1 1 0.854902 0.5529412 1 1 0.854902 0.5529412 1 0.5607843 0.8117647 0.9294118 1 0.5686275 0.8117647 0.9294118 1 0.5725491 0.8117647 0.9294118 1 1 1 1 1 1 1 1 1 1 1 1 1 0.4470588 0.5803922 0.7058824 1 0.509804 0.627451 0.7254902 1 0.4862745 0.6078432 0.7137255 1 0.6 0.4352941 0.3607843 1 0.6 0.4352941 0.3607843 1 0.6 0.4352941 0.3607843 1 0.8588235 0.2588235 0.2823529 1 0.8588235 0.2392157 0.2627451 1 0.8588235 0.2392157 0.2627451 1 0.9647059 0.9647059 0.9647059 1 0.9843137 0.9843137 0.9843137 1 0.9843137 0.9843137 0.9843137 1 0.8588235 0.7058824 0.6666667 1 0.8588235 0.7058824 0.6666667 1 0.8588235 0.7058824 0.6666667 1 0.9686275 0.9686275 0.9686275 1 0.9607843 0.9607843 0.9607843 1 0.9529412 0.9529412 0.9529412 1 1 1 1 1 1 1 1 1 1 1 1 1 0.8588235 0.7058824 0.6666667 1 0.8588235 0.7058824 0.6666667 1 0.8588235 0.7058824 0.6666667 1 0.9647059 0.9647059 0.9647059 1 0.9764706 0.9764706 0.9764706 1 0.972549 0.972549 0.972549 1 0.854902 0.2627451 0.2823529 1 0.8588235 0.2392157 0.2627451 1 0.8588235 0.2392157 0.2666667 1 0.8588235 0.7058824 0.6666667 1 0.8588235 0.7058824 0.6666667 1 0.8588235 0.7058824 0.6666667 1 1 1 1 1 1 1 1 1 1 1 1 1 1 1 1 1 1 1 1 1 1 1 1 1 0.8588235 0.7058824 0.6666667 1 0.8588235 0.7058824 0.6666667 1 0.8588235 0.7058824 0.6666667 1 0.8588235 0.7058824 0.6666667 1 0.8588235 0.7058824 0.6666667 1 0.8588235 0.7058824 0.6666667 1 0.9803922 0.9803922 0.9803922 1 0.9803922 0.9803922 0.9803922 1 0.9843137 0.9843137 0.9843137 1 1 1 1 1 1 1 1 1 1 1 1 1 0.8784314 0.7921569 0.6 1 0.8784314 0.7921569 0.6 1 0.8784314 0.7921569 0.6 1 0.8588235 0.7058824 0.6666667 1 0.8588235 0.7058824 0.6666667 1 0.8588235 0.7058824 0.6666667 1 0.9960784 0.9960784 0.9960784 1 0.9960784 0.9960784 0.9960784 1 0.9960784 0.9960784 0.9960784 1 0.8784314 0.7921569 0.6 1 0.8784314 0.7921569 0.6 1 0.8784314 0.7921569 0.6 1 0.6 0.4352941 0.3607843 1 0.6 0.4352941 0.3607843 1 0.6 0.4352941 0.3607843 1 0.9450981 0.9450981 0.9450981 1 0.9450981 0.9450981 0.9450981 1 0.9372549 0.9372549 0.9372549 1 1 1 1 1 1 1 1 1 1 1 1 1 0.8588235 0.7058824 0.6666667 1 0.8588235 0.7058824 0.6666667 1 0.8588235 0.7058824 0.6666667 1 0.8588235 0.7058824 0.6666667 1 0.8588235 0.7058824 0.6666667 1 0.8588235 0.7058824 0.6666667 1 0.972549 0.1411765 0.1803922 1 0.9764706 0.1254902 0.1647059 1 0.9843137 0.09411764 0.1372549 1 0.9450981 0.2666667 0.3019608 1 0.9490196 0.2470588 0.2823529 1 0.9568628 0.227451 0.2588235 1 0.9843137 0.9843137 0.9843137 1 0.9882353 0.9882353 0.9882353 1 0.9921569 0.9921569 0.9921569 1 1 1 1 1 1 1 1 1 1 1 1 1 0.8588235 0.7058824 0.6666667 1 0.8588235 0.7058824 0.6666667 1 0.8588235 0.7058824 0.6666667 1 1 0.854902 0.5529412 1 1 0.854902 0.5529412 1 1 0.854902 0.5529412 1 1 1 1 1 1 1 1 1 1 1 1 1 1 1 1 1 1 1 1 1 1 1 1 1 1 1 1 1 1 1 1 1 1 1 1 1 0.8588235 0.7058824 0.6666667 1 0.8588235 0.7058824 0.6666667 1 0.8588235 0.7058824 0.6666667 1 0.8588235 0.7058824 0.6666667 1 0.8588235 0.7058824 0.6666667 1 0.8588235 0.7058824 0.6666667 1 0.4549019 0.4549019 0.4549019 1 0.4666666 0.4666666 0.4666666 1 0.4588235 0.4588235 0.4588235 1 1 1 1 1 1 1 1 1 1 1 1 1 0.5490196 0.4196078 0.3647059 1 0.5490196 0.4196078 0.3647059 1 0.5490196 0.4196078 0.3647059 1 1 1 1 1 1 1 1 1 1 1 1 1 0.8588235 0.7058824 0.6666667 1 0.8588235 0.7058824 0.6666667 1 0.8588235 0.7058824 0.6666667 1 0.4588235 0.4588235 0.4588235 1 0.4666666 0.4666666 0.4666666 1 0.4627451 0.4627451 0.4627451 1 1 1 1 1 1 1 1 1 1 1 1 1 0.5490196 0.4196078 0.3647059 1 0.5490196 0.4196078 0.3647059 1 0.5490196 0.4196078 0.3647059 1 1 0.854902 0.5529412 1 1 0.854902 0.5529412 1 1 0.854902 0.5529412 1</float_array>
          <technique_common>
            <accessor source="#Plane_058-mesh-colors-Col-array" count="3282" stride="4">
              <param name="R" type="float"/>
              <param name="G" type="float"/>
              <param name="B" type="float"/>
              <param name="A" type="float"/>
            </accessor>
          </technique_common>
        </source>
        <vertices id="Plane_058-mesh-vertices">
          <input semantic="POSITION" source="#Plane_058-mesh-positions"/>
        </vertices>
        <triangles material="industrial_trim-material" count="46">
          <input semantic="VERTEX" source="#Plane_058-mesh-vertices" offset="0"/>
          <input semantic="NORMAL" source="#Plane_058-mesh-normals" offset="1"/>
          <input semantic="TEXCOORD" source="#Plane_058-mesh-map-0" offset="2" set="0"/>
          <input semantic="COLOR" source="#Plane_058-mesh-colors-Col" offset="3" set="0"/>
          <p>981 5 9 9 976 5 10 10 980 5 11 11 971 6 12 12 979 6 13 13 973 6 14 14 972 7 15 15 980 8 16 16 971 9 17 17 972 10 18 18 982 11 19 19 981 12 20 20 974 13 21 21 979 14 22 22 982 13 23 23 1297 17 30 30 1305 18 31 31 1299 19 32 32 1297 20 33 33 1307 21 34 34 1306 20 35 35 1298 22 36 36 1308 23 37 37 1307 24 38 38 1299 25 39 39 1308 26 40 40 1300 27 41 41 1307 50 93 93 1302 50 94 94 1306 50 95 95 971 55 102 102 980 56 103 103 979 57 104 104 972 58 105 105 981 58 106 106 980 58 107 107 972 59 108 108 974 60 109 109 982 61 110 110 974 62 111 111 973 63 112 112 979 64 113 113 1297 65 114 114 1306 66 115 115 1305 67 116 116 1297 68 117 117 1298 69 118 118 1307 70 119 119 1298 71 120 120 1300 71 121 121 1308 72 122 122 1299 73 123 123 1305 74 124 124 1308 75 125 125 979 87 156 156 976 88 157 157 975 89 158 158 981 95 174 174 978 96 175 175 977 97 176 176 1028 284 636 636 1032 285 637 637 1027 285 638 638 975 286 639 639 982 286 640 640 979 286 641 641 203 347 963 963 206 347 964 964 205 347 965 965 1305 350 972 972 1302 351 973 973 1301 352 974 974 1307 423 1155 1155 1304 424 1156 1156 1303 425 1157 1157 1029 447 1221 1221 1032 447 1222 1222 1031 447 1223 1223 1031 37 1284 1284 1030 37 1285 1285 1029 37 1286 1286 207 593 1584 1584 210 593 1585 1585 209 593 1586 1586 1301 37 1755 1755 1308 37 1756 1756 1305 37 1757 1757 1028 660 1776 1776 1034 661 1777 1777 1033 662 1778 1778 50 663 1779 1779 54 663 1780 1780 51 663 1781 1781 981 671 1797 1797 977 671 1798 1798 976 671 1799 1799 1307 694 1857 1857 1303 694 1858 1858 1302 694 1859 1859 979 87 1896 1896 980 87 1897 1897 976 707 1898 1898 981 711 1914 1914 982 712 1915 1915 978 713 1916 1916 1028 871 2376 2376 1033 872 2377 2377 1032 873 2378 2378 975 874 2379 2379 978 874 2380 2380 982 874 2381 2381 203 902 2463 2463 204 902 2464 2464 206 902 2465 2465 1305 904 2472 2472 1306 904 2473 2473 1302 905 2474 2474 1307 959 2655 2655 1308 960 2656 2656 1304 961 2657 2657 1029 980 2721 2721 1027 980 2722 2722 1032 980 2723 2723 1031 1006 2784 2784 1034 1006 2785 2785 1030 1006 2786 2786 207 1108 3084 3084 208 1108 3085 3085 210 1108 3086 3086 1301 1156 3255 3255 1304 1156 3256 3256 1308 1156 3257 3257 1028 1160 3270 3270 1030 1160 3271 3271 1034 1161 3272 3272 50 1162 3273 3273 55 1162 3274 3274 54 1162 3275 3275</p>
        </triangles>
        <triangles material="windows_doors_reflective-material" count="2">
          <input semantic="VERTEX" source="#Plane_058-mesh-vertices" offset="0"/>
          <input semantic="NORMAL" source="#Plane_058-mesh-normals" offset="1"/>
          <input semantic="TEXCOORD" source="#Plane_058-mesh-map-0" offset="2" set="0"/>
          <input semantic="COLOR" source="#Plane_058-mesh-colors-Col" offset="3" set="0"/>
          <p>227 146 300 300 1452 146 301 301 228 146 302 302 227 760 2040 2040 1451 760 2041 2041 1452 760 2042 2042</p>
        </triangles>
        <triangles material="balustrades-material" count="26">
          <input semantic="VERTEX" source="#Plane_058-mesh-vertices" offset="0"/>
          <input semantic="NORMAL" source="#Plane_058-mesh-normals" offset="1"/>
          <input semantic="TEXCOORD" source="#Plane_058-mesh-map-0" offset="2" set="0"/>
          <input semantic="COLOR" source="#Plane_058-mesh-colors-Col" offset="3" set="0"/>
          <p>1318 132 264 264 1319 132 265 265 1317 132 266 266 149 152 312 312 147 152 313 313 148 152 314 314 218 190 396 396 187 190 397 397 219 190 398 398 220 204 432 432 190 204 433 433 189 204 434 434 242 418 1140 1140 243 418 1141 1141 244 418 1142 1142 212 427 1161 1161 225 427 1162 1162 226 427 1163 1163 221 478 1293 1293 193 478 1294 1294 191 478 1295 1295 1414 495 1341 1341 1413 495 1342 1342 1412 495 1343 1343 222 530 1422 1422 224 530 1423 1423 194 530 1424 1424 1434 542 1449 1449 1431 542 1450 1450 1432 542 1451 1451 216 567 1512 1512 134 567 1513 1513 215 567 1514 1514 213 603 1608 1608 134 603 1609 1609 214 603 1610 1610 1430 618 1647 1647 1429 618 1648 1648 1428 618 1649 1649 1318 750 2004 2004 1320 750 2005 2005 1319 750 2006 2006 149 152 2052 2052 217 152 2053 2053 147 152 2054 2054 218 190 2136 2136 186 190 2137 2137 187 190 2138 2138 220 204 2172 2172 188 204 2173 2173 190 204 2174 2174 242 184 2640 2640 241 184 2641 2641 243 184 2642 2642 212 963 2661 2661 211 963 2662 2662 225 963 2663 2663 221 1009 2793 2793 192 1009 2794 2794 193 1009 2795 2795 1414 1020 2841 2841 1411 1020 2842 2842 1413 1020 2843 2843 222 1051 2922 2922 223 1051 2923 2923 224 1051 2924 2924 1434 1063 2949 2949 1433 1063 2950 2950 1431 1063 2951 2951 216 567 3012 3012 214 567 3013 3013 134 567 3014 3014 213 1116 3108 3108 133 1116 3109 3109 134 1116 3110 3110 1430 1129 3147 3147 1427 1129 3148 3148 1429 1129 3149 3149</p>
        </triangles>
        <triangles material="m_stucco_scraped_01-material" count="210">
          <input semantic="VERTEX" source="#Plane_058-mesh-vertices" offset="0"/>
          <input semantic="NORMAL" source="#Plane_058-mesh-normals" offset="1"/>
          <input semantic="TEXCOORD" source="#Plane_058-mesh-map-0" offset="2" set="0"/>
          <input semantic="COLOR" source="#Plane_058-mesh-colors-Col" offset="3" set="0"/>
          <p>1333 3 3 3 1325 3 4 4 1335 3 5 5 167 4 6 6 165 4 7 7 169 4 8 8 1347 90 159 159 1341 90 160 160 1349 90 161 161 1396 92 165 165 1384 92 166 166 1395 92 167 167 1398 93 168 168 1383 93 169 169 1396 93 170 170 1395 112 207 207 1387 112 208 208 1397 112 209 209 28 122 237 237 20 122 238 238 30 122 239 239 100 126 249 249 94 127 250 250 98 127 251 251 62 149 309 309 53 150 310 310 63 151 311 311 1364 171 351 351 1352 171 352 352 1363 171 353 353 168 172 354 354 162 172 355 355 166 172 356 356 1363 179 369 369 1355 179 370 370 1365 179 371 371 181 181 375 375 176 181 376 376 178 181 377 377 44 184 384 384 36 184 385 385 46 184 386 386 156 194 405 405 155 194 406 406 157 194 407 407 93 206 438 438 88 206 439 439 90 206 440 440 47 223 483 483 32 223 484 484 45 223 485 485 13 224 486 486 1 224 487 487 12 224 488 488 60 200 489 489 52 200 490 490 62 200 491 491 109 245 540 540 104 245 541 541 106 245 542 542 1315 256 561 561 1314 256 562 562 1316 256 563 563 1349 257 564 564 1342 257 565 565 1350 257 566 566 1336 258 567 567 1321 258 568 568 1334 258 569 569 140 259 570 570 138 259 571 571 142 259 572 572 1439 263 582 582 1450 263 583 583 1449 263 584 584 201 268 597 597 200 268 598 598 202 268 599 599 84 282 630 630 78 282 631 631 82 282 632 632 1 37 660 660 9 37 661 661 8 37 662 662 5 37 663 663 10 37 664 664 11 37 665 665 0 37 666 666 11 37 667 667 9 37 668 668 1 294 669 669 10 294 670 670 4 294 671 671 16 37 672 672 24 37 673 673 17 37 674 674 20 37 675 675 27 37 676 676 21 37 677 677 16 37 678 678 27 37 679 679 25 37 680 680 17 295 681 681 26 295 682 682 20 295 683 683 32 37 687 687 40 37 688 688 33 37 689 689 36 296 690 690 43 296 691 691 37 296 692 692 32 37 693 693 43 37 694 694 41 37 695 695 33 297 696 696 42 297 697 697 36 297 698 698 46 298 699 699 37 298 700 700 47 298 701 701 49 37 702 702 57 37 703 703 56 37 704 704 53 37 705 705 58 37 706 706 59 37 707 707 48 37 708 708 59 37 709 709 57 37 710 710 49 37 711 711 58 37 712 712 52 37 713 713 1365 316 756 756 1356 316 757 757 1366 316 758 758 1321 317 759 759 1329 317 760 760 1322 317 761 761 1325 37 762 762 1332 37 763 763 1326 37 764 764 1321 318 765 765 1332 318 766 766 1330 318 767 767 1322 319 768 768 1331 319 769 769 1325 319 770 770 1338 37 771 771 1345 37 772 772 1344 37 773 773 1341 320 774 774 1346 320 775 775 1342 320 776 776 1337 37 777 777 1346 37 778 778 1345 37 779 779 1341 37 780 780 1344 37 781 781 1360 37 782 782 1351 37 783 783 1359 37 784 784 1352 37 785 785 1355 321 786 786 1362 321 787 787 1356 321 788 788 1351 37 789 789 1362 37 790 790 1360 37 791 791 1352 322 792 792 1361 322 793 793 1355 322 794 794 1368 37 795 795 1376 37 796 796 1375 37 797 797 1372 37 798 798 1377 37 799 799 1378 37 800 800 1367 37 801 801 1378 37 802 802 1376 37 803 803 1368 37 804 804 1377 37 805 805 1371 37 806 806 1350 323 807 807 1337 323 808 808 1348 323 809 809 1384 37 810 810 1392 37 811 811 1391 37 812 812 1388 37 813 813 1393 37 814 814 1394 37 815 815 1383 37 816 816 1394 37 817 817 1392 37 818 818 1384 37 819 819 1393 37 820 820 1387 37 821 821 1435 325 825 825 1443 325 826 826 1436 325 827 827 1440 37 828 828 1445 37 829 829 1446 37 830 830 1435 37 831 831 1446 37 832 832 1444 37 833 833 1436 37 834 834 1445 37 835 835 1439 37 836 836 1 327 840 840 0 327 841 841 9 327 842 842 5 328 843 843 4 328 844 844 10 328 845 845 0 37 846 846 5 37 847 847 11 37 848 848 1 37 849 849 8 37 850 850 10 37 851 851 16 37 852 852 25 37 853 853 24 37 854 854 20 37 855 855 26 37 856 856 27 37 857 857 16 37 858 858 21 37 859 859 27 37 860 860 17 37 861 861 24 37 862 862 26 37 863 863 32 329 864 864 41 329 865 865 40 329 866 866 36 37 867 867 42 37 868 868 43 37 869 869 32 330 870 870 37 330 871 871 43 330 872 872 33 37 873 873 40 37 874 874 42 37 875 875 49 331 876 876 48 331 877 877 57 331 878 878 53 332 879 879 52 333 880 880 58 334 881 881 48 335 882 882 53 335 883 883 59 335 884 884 49 37 885 885 56 37 886 886 58 37 887 887 1321 37 888 888 1330 37 889 889 1329 37 890 890 1325 336 891 891 1331 336 892 892 1332 336 893 893 1321 37 894 894 1326 37 895 895 1332 37 896 896 1322 337 897 897 1329 337 898 898 1331 337 899 899 1338 338 900 900 1337 338 901 901 1345 338 902 902 1341 37 903 903 1360 37 904 904 1346 37 905 905 1337 37 906 906 1342 37 907 907 1346 37 908 908 1341 37 909 909 1338 37 910 910 1344 37 911 911 1351 37 912 912 1360 37 913 913 1359 37 914 914 1355 339 915 915 1361 339 916 916 1362 339 917 917 1351 340 918 918 1356 340 919 919 1362 340 920 920 1352 37 921 921 1359 37 922 922 1361 37 923 923 1368 37 924 924 1367 37 925 925 1376 37 926 926 1372 37 927 927 1371 37 928 928 1377 37 929 929 1367 37 930 930 1372 37 931 931 1378 37 932 932 1368 341 933 933 1375 341 934 934 1377 341 935 935 1384 37 936 936 1383 37 937 937 1392 37 938 938 1388 37 939 939 1387 37 940 940 1393 37 941 941 1383 295 942 942 1388 295 943 943 1394 295 944 944 1384 37 945 945 1391 37 946 946 1393 37 947 947 1435 37 948 948 1444 37 949 949 1443 37 950 950 1440 37 951 951 1439 37 952 952 1445 37 953 953 1435 342 954 954 1440 342 955 955 1446 342 956 956 1436 343 957 957 1443 343 958 958 1445 343 959 959 1348 369 1011 1011 1338 369 1012 1012 1347 369 1013 1013 1315 371 1017 1017 1309 371 1018 1018 1313 371 1019 1019 99 378 1035 1035 97 378 1036 1036 101 378 1037 1037 14 380 1041 1041 5 380 1042 1042 15 380 1043 1043 1379 396 1080 1080 1371 396 1081 1081 1381 396 1082 1082 1382 397 1086 1086 1367 397 1087 1087 1380 397 1088 1088 15 415 1134 1134 0 415 1135 1135 13 415 1136 1136 29 428 1164 1164 17 428 1165 1165 28 428 1166 1166 1397 440 1194 1194 1388 440 1195 1195 1398 440 1196 1196 1380 442 1200 1200 1368 442 1201 1201 1379 442 1202 1202 1447 455 1239 1239 1439 455 1240 1240 1449 455 1241 1241 45 465 1260 1260 33 465 1261 1261 44 465 1262 1262 156 479 1296 1296 150 479 1297 1297 154 479 1298 1298 168 480 1299 1299 167 480 1300 1300 169 480 1301 1301 61 491 1335 1335 49 492 1336 1336 60 493 1337 1337 1334 497 1347 1347 1322 497 1348 1348 1333 497 1349 1349 1335 516 1389 1389 1326 516 1390 1390 1336 516 1391 1391 1381 517 1392 1392 1372 517 1393 1393 1382 517 1394 1394 1366 524 1407 1407 1351 524 1408 1408 1364 524 1409 1409 12 527 1413 1413 4 527 1414 1414 14 527 1415 1415 30 546 1464 1464 21 546 1465 1465 31 546 1466 1466 1422 547 1467 1467 1417 547 1468 1468 1419 547 1469 1469 155 549 1473 1473 153 550 1474 1474 157 551 1475 1475 1406 563 1500 1500 1401 563 1501 1501 1403 563 1502 1502 63 582 1554 1554 48 582 1555 1555 61 582 1556 1556 1450 591 1575 1575 1435 591 1576 1576 1448 591 1577 1577 141 595 1590 1590 140 595 1591 1591 142 595 1592 1592 83 601 1602 1602 81 601 1603 1603 85 601 1604 1604 68 606 1617 1617 78 606 1618 1618 80 606 1619 1619 31 623 1656 1656 16 623 1657 1657 29 623 1658 1658 141 628 1665 1665 135 628 1666 1666 139 628 1667 1667 100 635 1683 1683 99 635 1684 1684 101 635 1685 1685 196 642 1707 1707 197 642 1708 1708 198 642 1709 1709 84 644 1716 1716 83 644 1717 1717 85 644 1718 1718 1436 655 1752 1752 1448 655 1753 1753 1435 655 1754 1754 1333 669 1791 1791 1322 669 1792 1792 1325 669 1793 1793 167 670 1794 1794 163 670 1795 1795 165 670 1796 1796 1347 708 1899 1899 1338 708 1900 1900 1341 708 1901 1901 1396 709 1905 1905 1383 709 1906 1906 1384 709 1907 1907 1398 710 1908 1908 1388 710 1909 1909 1383 710 1910 1910 1395 729 1947 1947 1384 729 1948 1948 1387 729 1949 1949 28 739 1977 1977 17 739 1978 1978 20 739 1979 1979 100 743 1989 1989 96 744 1990 1990 94 745 1991 1991 62 149 2049 2049 52 762 2050 2050 53 150 2051 2051 1364 171 2091 2091 1351 171 2092 2092 1352 171 2093 2093 168 479 2094 2094 164 479 2095 2095 162 479 2096 2096 1363 179 2109 2109 1352 179 2110 2110 1355 179 2111 2111 181 782 2115 2115 177 782 2116 2116 176 782 2117 2117 44 785 2124 2124 33 785 2125 2125 36 785 2126 2126 156 214 2145 2145 154 214 2146 2146 155 214 2147 2147 93 206 2178 2178 89 206 2179 2179 88 206 2180 2180 47 818 2223 2223 37 818 2224 2224 32 818 2225 2225 13 819 2226 2226 0 819 2227 2227 1 819 2228 2228 60 820 2229 2229 49 820 2230 2230 52 820 2231 2231 109 245 2280 2280 105 245 2281 2281 104 245 2282 2282 1315 849 2301 2301 1313 849 2302 2302 1314 849 2303 2303 1349 257 2304 2304 1341 257 2305 2305 1342 257 2306 2306 1336 850 2307 2307 1326 850 2308 2308 1321 850 2309 2309 140 851 2310 2310 136 851 2311 2311 138 851 2312 2312 1439 854 2322 2322 1440 854 2323 2323 1450 854 2324 2324 201 856 2337 2337 199 856 2338 2338 200 856 2339 2339 84 869 2370 2370 80 869 2371 2371 78 869 2372 2372 46 883 2403 2403 36 883 2404 2404 37 883 2405 2405 1365 897 2448 2448 1355 897 2449 2449 1356 897 2450 2450 1350 323 2451 2451 1342 323 2452 2452 1337 323 2453 2453 1348 917 2511 2511 1337 917 2512 2512 1338 917 2513 2513 1315 919 2517 2517 1311 919 2518 2518 1309 919 2519 2519 99 925 2535 2535 95 925 2536 2536 97 925 2537 2537 14 926 2541 2541 4 926 2542 2542 5 926 2543 2543 1379 938 2580 2580 1368 938 2581 2581 1371 938 2582 2582 1382 200 2586 2586 1372 200 2587 2587 1367 200 2588 2588 15 951 2634 2634 5 951 2635 2635 0 951 2636 2636 29 964 2664 2664 16 964 2665 2665 17 964 2666 2666 1397 976 2694 2694 1387 976 2695 2695 1388 976 2696 2696 1380 977 2700 2700 1367 977 2701 2701 1368 977 2702 2702 1447 986 2739 2739 1436 986 2740 2740 1439 986 2741 2741 45 996 2760 2760 32 996 2761 2761 33 996 2762 2762 156 1010 2796 2796 152 1010 2797 2797 150 1010 2798 2798 168 214 2799 2799 166 214 2800 2800 167 214 2801 2801 61 491 2835 2835 48 1018 2836 2836 49 492 2837 2837 1334 1022 2847 2847 1321 1022 2848 2848 1322 1022 2849 2849 1335 1038 2889 2889 1325 1038 2890 2890 1326 1038 2891 2891 1381 1039 2892 2892 1371 1039 2893 2893 1372 1039 2894 2894 1366 1045 2907 2907 1356 1045 2908 2908 1351 1045 2909 2909 12 785 2913 2913 1 785 2914 2914 4 785 2915 2915 30 1066 2964 2964 20 1066 2965 2965 21 1066 2966 2966 1422 1067 2967 2967 1418 1067 2968 2968 1417 1067 2969 2969 155 1068 2973 2973 151 1069 2974 2974 153 1070 2975 2975 1406 1081 3000 3000 1402 1081 3001 3001 1401 1081 3002 3002 63 15 3054 3054 53 15 3055 3055 48 15 3056 3056 1450 15 3075 3075 1440 15 3076 3076 1435 15 3077 3077 141 1110 3090 3090 139 1110 3091 3091 140 1110 3092 3092 83 1115 3102 3102 79 1115 3103 3103 81 1115 3104 3104 68 606 3117 3117 64 606 3118 3118 78 606 3119 3119 31 1131 3156 3156 21 1131 3157 3157 16 1131 3158 3158 141 1133 3165 3165 137 1133 3166 3166 135 1133 3167 3167 100 1138 3183 3183 98 1138 3184 3184 99 1138 3185 3185 196 1142 3207 3207 195 1142 3208 3208 197 1142 3209 3209 84 1145 3216 3216 82 1145 3217 3217 83 1145 3218 3218 1436 1155 3252 3252 1447 1155 3253 3253 1448 1155 3254 3254</p>
        </triangles>
        <triangles material="clutter_commercial-material" count="614">
          <input semantic="VERTEX" source="#Plane_058-mesh-vertices" offset="0"/>
          <input semantic="NORMAL" source="#Plane_058-mesh-normals" offset="1"/>
          <input semantic="TEXCOORD" source="#Plane_058-mesh-map-0" offset="2" set="0"/>
          <input semantic="COLOR" source="#Plane_058-mesh-colors-Col" offset="3" set="0"/>
          <p>630 15 24 24 625 15 25 25 626 15 26 26 291 35 57 57 290 35 58 58 292 35 59 59 543 39 69 69 542 39 70 70 544 39 71 71 511 40 72 72 510 41 73 73 509 40 74 74 299 42 75 75 298 42 76 76 297 42 77 77 1049 44 81 81 1048 44 82 82 1047 44 83 83 653 52 99 99 652 53 100 100 654 54 101 101 587 84 144 144 586 84 145 145 585 84 146 146 623 91 162 162 622 91 163 163 624 91 164 164 833 99 180 180 832 100 181 181 831 99 182 182 975 15 183 183 977 15 184 184 978 15 185 185 307 107 198 198 306 108 199 199 308 109 200 200 523 111 204 204 522 111 205 205 524 111 206 206 920 113 213 213 921 113 214 214 922 113 215 215 985 115 219 219 984 115 220 220 983 115 221 221 1061 116 222 222 1060 116 223 223 1062 116 224 224 1145 15 231 231 1144 15 232 232 1143 15 233 233 828 136 276 276 829 136 277 277 827 136 278 278 1041 137 279 279 1040 137 280 280 1039 137 281 281 603 139 285 285 602 140 286 286 601 141 287 287 355 144 294 294 354 144 295 295 356 144 296 296 599 145 297 297 598 145 298 298 597 145 299 299 706 147 303 303 707 147 304 304 705 147 305 305 836 153 315 315 837 154 316 316 835 155 317 317 515 162 336 336 514 163 337 337 516 164 338 338 491 166 342 342 490 166 343 343 492 166 344 344 865 173 357 357 864 174 358 358 866 175 359 359 627 180 372 372 626 180 373 373 625 180 374 374 1053 182 378 378 1052 182 379 379 1051 182 380 380 723 183 381 381 722 183 382 382 724 183 383 383 531 186 390 390 530 187 391 391 529 186 392 392 295 188 393 393 294 189 394 394 293 188 395 395 303 191 399 399 302 191 400 400 301 191 401 401 1013 197 414 414 1012 197 415 415 1011 197 416 416 1057 198 417 417 1056 199 418 418 1055 198 419 419 1031 205 435 435 1033 205 436 436 1034 205 437 437 873 220 474 474 872 220 475 475 874 220 476 476 860 221 477 477 861 221 478 478 862 221 479 479 759 226 495 495 758 227 496 496 757 228 497 497 1298 242 528 528 1299 242 529 529 1300 242 530 530 989 183 534 534 988 183 535 535 990 183 536 536 940 244 537 537 941 244 538 538 942 244 539 539 359 246 543 543 358 246 544 544 360 246 545 545 547 248 549 549 546 248 550 550 548 248 551 551 591 260 573 573 590 260 574 574 592 260 575 575 1021 261 576 576 1020 261 577 577 1022 261 578 578 483 269 600 600 482 269 601 601 484 269 602 602 507 273 609 609 506 273 610 610 505 273 611 611 698 275 615 615 699 275 616 616 700 275 617 617 674 283 633 633 675 283 634 634 673 283 635 635 287 188 684 684 286 188 685 685 285 188 686 686 611 303 723 723 610 303 724 724 612 303 725 725 936 310 744 744 937 311 745 745 935 312 746 746 637 349 969 969 636 349 970 970 635 349 971 971 471 354 978 978 470 354 979 979 469 354 980 980 900 355 981 981 901 355 982 982 899 355 983 983 909 358 990 990 908 358 991 991 910 358 992 992 925 359 993 993 924 360 994 994 923 361 995 995 645 362 996 996 644 362 997 997 646 362 998 998 932 363 999 999 933 364 1000 1000 931 365 1001 1001 363 366 1002 1002 362 366 1003 1003 361 366 1004 1004 714 367 1005 1005 715 367 1006 1006 713 367 1007 1007 965 368 1008 1008 964 368 1009 1009 963 368 1010 1010 892 372 1020 1020 893 372 1021 1021 894 372 1022 1022 928 220 1026 1026 929 220 1027 1027 927 220 1028 1028 817 379 1038 1038 816 379 1039 1039 818 379 1040 1040 1121 383 1050 1050 1120 383 1051 1051 1119 384 1052 1052 1045 386 1056 1056 1044 386 1057 1057 1046 386 1058 1058 539 393 1071 1071 538 393 1072 1072 540 393 1073 1073 869 394 1074 1074 868 394 1075 1075 870 394 1076 1076 813 406 1104 1104 812 406 1105 1105 814 406 1106 1106 415 410 1119 1119 414 410 1120 1120 416 410 1121 1121 686 411 1122 1122 687 411 1123 1123 685 411 1124 1124 682 412 1125 1125 683 412 1126 1126 681 412 1127 1127 719 413 1128 1128 718 413 1129 1129 720 413 1130 1130 905 416 1137 1137 904 417 1138 1138 906 417 1139 1139 896 419 1143 1143 897 419 1144 1144 895 419 1145 1145 702 420 1146 1146 703 420 1147 1147 701 420 1148 1148 367 434 1179 1179 366 434 1180 1180 368 434 1181 1181 888 443 1203 1203 889 443 1204 1204 887 443 1205 1205 499 186 1212 1212 498 186 1213 1213 497 186 1214 1214 407 476 1287 1287 406 476 1288 1288 408 476 1289 1289 495 145 1311 1311 494 145 1312 1312 493 145 1313 1313 633 484 1314 1314 632 484 1315 1315 634 484 1316 1316 527 487 1323 1323 526 488 1324 1324 528 489 1325 1325 619 248 1326 1326 618 248 1327 1327 620 248 1328 1328 877 496 1344 1344 876 496 1345 1345 875 496 1346 1346 1065 500 1353 1353 1064 500 1354 1354 1063 500 1355 1355 641 504 1365 1365 640 504 1366 1366 639 505 1367 1367 857 506 1368 1368 856 506 1369 1369 855 506 1370 1370 969 507 1371 1371 968 507 1372 1372 970 507 1373 1373 649 508 1374 1374 648 509 1375 1375 647 508 1376 1376 247 510 1377 1377 246 510 1378 1378 245 510 1379 1379 251 511 1380 1380 250 511 1381 1381 249 511 1382 1382 849 518 1395 1395 848 518 1396 1396 847 518 1397 1397 824 519 1398 1398 825 519 1399 1399 823 519 1400 1400 411 528 1416 1416 410 529 1417 1417 412 529 1418 1418 1117 531 1425 1425 1116 531 1426 1426 1118 531 1427 1427 916 535 1437 1437 917 536 1438 1438 918 537 1439 1439 690 538 1440 1440 691 538 1441 1441 689 538 1442 1442 479 539 1443 1443 478 540 1444 1444 480 541 1445 1445 351 543 1455 1455 350 543 1456 1456 352 543 1457 1457 615 548 1470 1470 614 548 1471 1471 616 548 1472 1472 972 552 1476 1476 973 552 1477 1477 974 552 1478 1478 1125 556 1482 1482 1124 556 1483 1483 1123 556 1484 1484 1037 557 1485 1485 1036 557 1486 1486 1035 557 1487 1487 678 566 1509 1509 679 566 1510 1510 677 566 1511 1511 694 569 1518 1518 695 569 1519 1519 696 569 1520 1520 710 570 1521 1521 711 570 1522 1522 709 570 1523 1523 1025 574 1530 1530 1024 574 1531 1531 1026 574 1532 1532 880 577 1539 1539 881 577 1540 1540 879 577 1541 1541 1301 588 1566 1566 1303 588 1567 1567 1304 588 1568 1568 841 506 1581 1581 840 506 1582 1582 839 506 1583 1583 912 594 1587 1587 913 594 1588 1588 914 594 1589 1589 467 596 1593 1593 466 597 1594 1594 465 598 1595 1595 821 604 1611 1611 820 604 1612 1612 819 604 1613 1613 853 443 1620 1620 852 443 1621 1621 854 443 1622 1622 884 607 1623 1623 885 607 1624 1624 886 607 1625 1625 1028 617 1644 1644 1029 617 1645 1645 1030 617 1646 1646 475 619 1650 1650 474 619 1651 1651 476 619 1652 1652 844 624 1659 1659 845 625 1660 1660 846 626 1661 1661 551 629 1668 1668 550 629 1669 1669 552 629 1670 1670 595 630 1671 1671 594 631 1672 1672 596 631 1673 1673 1017 643 1710 1710 1016 643 1711 1711 1018 643 1712 1712 311 645 1722 1722 310 645 1723 1723 312 645 1724 1724 315 646 1725 1725 314 646 1726 1726 316 646 1727 1727 347 651 1740 1740 346 651 1741 1741 345 651 1742 1742 630 672 1800 1800 629 672 1801 1801 625 672 1802 1802 291 680 1821 1821 289 680 1822 1822 290 680 1823 1823 543 684 1833 1833 541 684 1834 1834 542 684 1835 1835 511 685 1836 1836 512 686 1837 1837 510 687 1838 1838 299 688 1839 1839 300 688 1840 1840 298 688 1841 1841 1049 557 1845 1845 1050 557 1846 1846 1048 557 1847 1847 653 695 1863 1863 651 695 1864 1864 652 696 1865 1865 587 703 1884 1884 588 703 1885 1885 586 703 1886 1886 623 91 1902 1902 621 91 1903 1903 622 91 1904 1904 833 714 1920 1920 834 715 1921 1921 832 716 1922 1922 975 15 1923 1923 976 15 1924 1924 977 15 1925 1925 307 724 1938 1938 305 725 1939 1939 306 726 1940 1940 523 728 1944 1944 521 728 1945 1945 522 728 1946 1946 920 731 1953 1953 919 732 1954 1954 921 731 1955 1955 985 734 1959 1959 986 734 1960 1960 984 734 1961 1961 1061 735 1962 1962 1059 735 1963 1963 1060 735 1964 1964 1145 738 1971 1971 1146 738 1972 1972 1144 738 1973 1973 828 136 2016 2016 830 136 2017 2017 829 136 2018 2018 1041 754 2019 2019 1042 754 2020 2020 1040 754 2021 2021 603 756 2025 2025 604 757 2026 2026 602 758 2027 2027 355 144 2034 2034 353 144 2035 2035 354 144 2036 2036 599 685 2037 2037 600 685 2038 2038 598 685 2039 2039 706 147 2043 2043 708 147 2044 2044 707 147 2045 2045 836 763 2055 2055 838 763 2056 2056 837 764 2057 2057 515 770 2076 2076 513 771 2077 2077 514 772 2078 2078 491 774 2082 2082 489 774 2083 2083 490 774 2084 2084 865 777 2097 2097 863 778 2098 2098 864 779 2099 2099 627 781 2112 2112 628 781 2113 2113 626 781 2114 2114 1053 783 2118 2118 1054 783 2119 2119 1052 783 2120 2120 723 784 2121 2121 721 784 2122 2122 722 784 2123 2123 531 786 2130 2130 532 787 2131 2131 530 788 2132 2132 295 789 2133 2133 296 789 2134 2134 294 790 2135 2135 303 791 2139 2139 304 791 2140 2140 302 791 2141 2141 1013 796 2154 2154 1014 796 2155 2155 1012 796 2156 2156 1057 198 2157 2157 1058 797 2158 2158 1056 798 2159 2159 1031 205 2175 2175 1032 205 2176 2176 1033 205 2177 2177 873 220 2214 2214 871 220 2215 2215 872 220 2216 2216 860 221 2217 2217 859 221 2218 2218 861 221 2219 2219 759 822 2235 2235 760 823 2236 2236 758 824 2237 2237 1298 837 2268 2268 1297 837 2269 2269 1299 837 2270 2270 989 784 2274 2274 987 784 2275 2275 988 784 2276 2276 940 838 2277 2277 939 838 2278 2278 941 838 2279 2279 359 839 2283 2283 357 839 2284 2284 358 839 2285 2285 547 841 2289 2289 545 841 2290 2290 546 841 2291 2291 591 852 2313 2313 589 852 2314 2314 590 852 2315 2315 1021 643 2316 2316 1019 643 2317 2317 1020 643 2318 2318 483 857 2340 2340 481 857 2341 2341 482 857 2342 2342 507 862 2349 2349 508 862 2350 2350 506 862 2351 2351 698 864 2355 2355 697 864 2356 2356 699 864 2357 2357 674 870 2373 2373 676 870 2374 2374 675 870 2375 2375 287 882 2400 2400 288 882 2401 2401 286 882 2402 2402 611 888 2415 2415 609 888 2416 2416 610 888 2417 2417 936 892 2436 2436 938 893 2437 2437 937 894 2438 2438 637 349 2469 2469 638 349 2470 2470 636 349 2471 2471 471 907 2478 2478 472 907 2479 2479 470 907 2480 2480 900 908 2481 2481 902 908 2482 2482 901 908 2483 2483 909 910 2490 2490 907 910 2491 2491 908 910 2492 2492 925 911 2493 2493 926 912 2494 2494 924 912 2495 2495 645 362 2496 2496 643 362 2497 2497 644 362 2498 2498 932 913 2499 2499 934 913 2500 2500 933 914 2501 2501 363 483 2502 2502 364 483 2503 2503 362 483 2504 2504 714 915 2505 2505 716 915 2506 2506 715 915 2507 2507 965 916 2508 2508 966 916 2509 2509 964 916 2510 2510 892 920 2520 2520 891 920 2521 2521 893 920 2522 2522 928 921 2526 2526 930 921 2527 2527 929 921 2528 2528 817 763 2538 2538 815 763 2539 2539 816 763 2540 2540 1121 929 2550 2550 1122 930 2551 2551 1120 929 2552 2552 1045 932 2556 2556 1043 932 2557 2557 1044 932 2558 2558 539 937 2571 2571 537 937 2572 2572 538 937 2573 2573 869 153 2574 2574 867 153 2575 2575 868 153 2576 2576 813 945 2604 2604 811 945 2605 2605 812 945 2606 2606 415 949 2619 2619 413 949 2620 2620 414 949 2621 2621 686 412 2622 2622 688 412 2623 2623 687 412 2624 2624 682 411 2625 2625 684 411 2626 2626 683 411 2627 2627 719 183 2628 2628 717 183 2629 2629 718 183 2630 2630 905 952 2637 2637 903 953 2638 2638 904 954 2639 2639 896 955 2643 2643 898 955 2644 2644 897 955 2645 2645 702 956 2646 2646 704 956 2647 2647 703 956 2648 2648 367 970 2679 2679 365 970 2680 2680 366 970 2681 2681 888 443 2703 2703 890 443 2704 2704 889 443 2705 2705 499 685 2712 2712 500 685 2713 2713 498 685 2714 2714 407 1007 2787 2787 405 1007 2788 2788 406 1007 2789 2789 495 685 2811 2811 496 685 2812 2812 494 685 2813 2813 633 484 2814 2814 631 484 2815 2815 632 484 2816 2816 527 1015 2823 2823 525 1015 2824 2824 526 1016 2825 2825 619 841 2826 2826 617 841 2827 2827 618 841 2828 2828 877 1021 2844 2844 878 1021 2845 2845 876 1021 2846 2846 1065 1025 2853 2853 1066 1025 2854 2854 1064 1025 2855 2855 641 1028 2865 2865 642 1028 2866 2866 640 1028 2867 2867 857 221 2868 2868 858 221 2869 2869 856 221 2870 2870 969 1029 2871 2871 967 1029 2872 2872 968 1029 2873 2873 649 1030 2874 2874 650 1031 2875 2875 648 1032 2876 2876 247 1033 2877 2877 248 1033 2878 2878 246 1033 2879 2879 251 1034 2880 2880 252 1034 2881 2881 250 1034 2882 2882 849 1040 2895 2895 850 1040 2896 2896 848 1040 2897 2897 824 1041 2898 2898 826 1041 2899 2899 825 1041 2900 2900 411 1048 2916 2916 409 1049 2917 2917 410 144 2918 2918 1117 1052 2925 2925 1115 1052 2926 2926 1116 1052 2927 2927 916 1055 2937 2937 915 1056 2938 2938 917 1057 2939 2939 690 1058 2940 2940 692 1058 2941 2941 691 1058 2942 2942 479 1059 2943 2943 477 1060 2944 2944 478 1061 2945 2945 351 1064 2955 2955 349 1064 2956 2956 350 1064 2957 2957 615 548 2970 2970 613 548 2971 2971 614 548 2972 2972 972 1071 2976 2976 971 1071 2977 2977 973 1071 2978 2978 1125 1075 2982 2982 1126 1075 2983 2983 1124 1075 2984 2984 1037 1076 2985 2985 1038 1076 2986 2986 1036 1076 2987 2987 678 1084 3009 3009 680 1084 3010 3010 679 1084 3011 3011 694 1086 3018 3018 693 1086 3019 3019 695 1086 3020 3020 710 1087 3021 3021 712 1087 3022 3022 711 1087 3023 3023 1025 1091 3030 3030 1023 1091 3031 3031 1024 1091 3032 3032 880 1094 3039 3039 882 1094 3040 3040 881 1094 3041 3041 1301 1105 3066 3066 1302 1105 3067 3067 1303 1105 3068 3068 841 383 3081 3081 842 383 3082 3082 840 383 3083 3083 912 1109 3087 3087 911 1109 3088 3088 913 1109 3089 3089 467 1111 3093 3093 468 1112 3094 3094 466 1112 3095 3095 821 604 3111 3111 822 604 3112 3112 820 604 3113 3113 853 443 3120 3120 851 443 3121 3121 852 443 3122 3122 884 1118 3123 3123 883 1118 3124 3124 885 1118 3125 3125 1028 1128 3144 3144 1027 1128 3145 3145 1029 1128 3146 3146 475 619 3150 3150 473 619 3151 3151 474 619 3152 3152 844 1132 3159 3159 843 506 3160 3160 845 506 3161 3161 551 629 3168 3168 549 629 3169 3169 550 629 3170 3170 595 1134 3171 3171 593 1135 3172 3172 594 631 3173 3173 1017 1143 3210 3210 1015 1143 3211 3211 1016 1143 3212 3212 311 1147 3222 3222 309 1147 3223 3223 310 1147 3224 3224 315 1148 3225 3225 313 1148 3226 3226 314 1148 3227 3227 347 651 3240 3240 348 651 3241 3241 346 651 3242 3242 1453 207 3282 441 1454 207 3283 441 1455 207 3284 441 1453 207 3282 441 1455 207 3284 441 1456 207 3285 441 1457 207 3286 441 1458 207 3287 441 1459 207 3288 441 1457 207 3286 441 1459 207 3288 441 1460 207 3289 441 1461 207 3290 441 1462 207 3291 441 1463 207 3292 441 1461 207 3290 441 1463 207 3292 441 1464 207 3293 441 1465 207 3294 441 1466 207 3295 441 1467 207 3296 441 1465 207 3294 441 1467 207 3296 441 1468 207 3297 441 1469 207 3298 441 1470 207 3299 441 1471 207 3300 441 1469 207 3298 441 1471 207 3300 441 1472 207 3301 441 1473 207 3302 441 1474 207 3303 441 1475 207 3304 441 1473 207 3302 441 1475 207 3304 441 1476 207 3305 441 1477 474 3306 1281 1478 474 3307 1281 1479 474 3308 1281 1477 474 3306 1281 1479 474 3308 1281 1480 474 3309 1281 1481 474 3310 1281 1482 474 3311 1281 1483 474 3312 1281 1481 474 3310 1281 1483 474 3312 1281 1484 474 3313 1281 1485 474 3314 1281 1486 474 3315 1281 1487 474 3316 1281 1485 474 3314 1281 1487 474 3316 1281 1488 474 3317 1281 1489 474 3318 1281 1490 474 3319 1281 1491 474 3320 1281 1489 474 3318 1281 1491 474 3320 1281 1492 474 3321 1281 1493 474 3322 1281 1494 474 3323 1281 1495 474 3324 1281 1493 474 3322 1281 1495 474 3324 1281 1496 474 3325 1281 1497 381 3326 1044 1499 381 3328 1044 1498 381 3327 1044 1497 381 3326 1044 1500 381 3329 1044 1499 381 3328 1044 1501 381 3330 1044 1503 381 3332 1044 1502 381 3331 1044 1501 381 3330 1044 1504 381 3333 1044 1503 381 3332 1044 1505 381 3334 1044 1507 381 3336 1044 1506 381 3335 1044 1505 381 3334 1044 1508 381 3337 1044 1507 381 3336 1044 1509 381 3338 1044 1511 381 3340 1044 1510 381 3339 1044 1509 381 3338 1044 1512 381 3341 1044 1511 381 3340 1044 1513 381 3342 1044 1515 381 3344 1044 1514 381 3343 1044 1513 381 3342 1044 1516 381 3345 1044 1515 381 3344 1044 1517 446 3346 1218 1518 446 3347 1218 1519 446 3348 1218 1517 446 3346 1218 1519 446 3348 1218 1520 446 3349 1218 1521 446 3350 1218 1522 446 3351 1218 1523 446 3352 1218 1521 446 3350 1218 1523 446 3352 1218 1524 446 3353 1218 1525 446 3354 1218 1526 446 3355 1218 1527 446 3356 1218 1525 446 3354 1218 1527 446 3356 1218 1528 446 3357 1218 1529 446 3358 1218 1530 446 3359 1218 1531 446 3360 1218 1529 446 3358 1218 1531 446 3360 1218 1532 446 3361 1218 1533 446 3362 1218 1534 446 3363 1218 1535 446 3364 1218 1533 446 3362 1218 1535 446 3364 1218 1536 446 3365 1218 1537 446 3366 1218 1538 446 3367 1218 1539 446 3368 1218 1537 446 3366 1218 1539 446 3368 1218 1540 446 3369 1218 1541 123 3370 240 1542 123 3371 240 1543 123 3372 240 1541 123 3370 240 1543 123 3372 240 1544 123 3373 240 1545 123 3374 240 1546 123 3375 240 1547 123 3376 240 1545 123 3374 240 1547 123 3376 240 1548 123 3377 240 1549 123 3378 240 1550 123 3379 240 1551 123 3380 240 1549 123 3378 240 1551 123 3380 240 1552 123 3381 240 1553 123 3382 240 1554 123 3383 240 1555 123 3384 240 1553 123 3382 240 1555 123 3384 240 1556 123 3385 240 1557 123 3386 240 1558 123 3387 240 1559 123 3388 240 1557 123 3386 240 1559 123 3388 240 1560 123 3389 240 1561 123 3390 240 1562 123 3391 240 1563 123 3392 240 1561 123 3390 240 1563 123 3392 240 1564 123 3393 240 1565 123 3394 240 1566 123 3395 240 1567 123 3396 240 1565 123 3394 240 1567 123 3396 240 1568 123 3397 240 1569 123 3398 240 1570 123 3399 240 1571 123 3400 240 1569 123 3398 240 1571 123 3400 240 1572 123 3401 240 1573 123 3402 240 1574 123 3403 240 1575 123 3404 240 1573 123 3402 240 1575 123 3404 240 1576 123 3405 240 1577 123 3406 240 1578 123 3407 240 1579 123 3408 240 1577 123 3406 240 1579 123 3408 240 1580 123 3409 240 1581 123 3410 240 1582 123 3411 240 1583 123 3412 240 1581 123 3410 240 1583 123 3412 240 1584 123 3413 240 1585 615 3414 1638 1586 615 3415 1638 1587 615 3416 1638 1585 615 3414 1638 1587 615 3416 1638 1588 615 3417 1638 1589 615 3418 1638 1590 615 3419 1638 1591 615 3420 1638 1589 615 3418 1638 1591 615 3420 1638 1592 615 3421 1638 1593 615 3422 1638 1594 615 3423 1638 1595 615 3424 1638 1593 615 3422 1638 1595 615 3424 1638 1596 615 3425 1638 1597 615 3426 1638 1598 615 3427 1638 1599 615 3428 1638 1597 615 3426 1638 1599 615 3428 1638 1600 615 3429 1638 1601 615 3430 1638 1602 615 3431 1638 1603 615 3432 1638 1601 615 3430 1638 1603 615 3432 1638 1604 615 3433 1638 1605 265 3434 588 1607 265 3436 588 1606 265 3435 588 1605 265 3434 588 1608 265 3437 588 1607 265 3436 588 1609 265 3438 588 1611 265 3440 588 1610 265 3439 588 1609 265 3438 588 1612 265 3441 588 1611 265 3440 588 1613 265 3442 588 1615 265 3444 588 1614 265 3443 588 1613 265 3442 588 1616 265 3445 588 1615 265 3444 588 1617 265 3446 588 1619 265 3448 588 1618 265 3447 588 1617 265 3446 588 1620 265 3449 588 1619 265 3448 588 1621 265 3450 588 1623 265 3452 588 1622 265 3451 588 1621 265 3450 588 1624 265 3453 588 1623 265 3452 588 1625 265 3454 588 1627 265 3456 588 1626 265 3455 588 1625 265 3454 588 1628 265 3457 588 1627 265 3456 588 1629 265 3458 588 1631 265 3460 588 1630 265 3459 588 1629 265 3458 588 1632 265 3461 588 1631 265 3460 588 1633 265 3462 588 1635 265 3464 588 1634 265 3463 588 1633 265 3462 588 1636 265 3465 588 1635 265 3464 588 1637 265 3466 588 1639 265 3468 588 1638 265 3467 588 1637 265 3466 588 1640 265 3469 588 1639 265 3468 588 1641 265 3470 588 1643 265 3472 588 1642 265 3471 588 1641 265 3470 588 1644 265 3473 588 1643 265 3472 588 1645 265 3474 588 1647 265 3476 588 1646 265 3475 588 1645 265 3474 588 1648 265 3477 588 1647 265 3476 588 1649 265 3478 588 1651 265 3480 588 1650 265 3479 588 1649 265 3478 588 1652 265 3481 588 1651 265 3480 588 1653 265 3482 588 1655 265 3484 588 1654 265 3483 588 1653 265 3482 588 1656 265 3485 588 1655 265 3484 588 1657 265 3486 588 1659 265 3488 588 1658 265 3487 588 1657 265 3486 588 1660 265 3489 588 1659 265 3488 588 1661 265 3490 588 1663 265 3492 588 1662 265 3491 588 1661 265 3490 588 1664 265 3493 588 1663 265 3492 588 1665 265 3494 588 1667 265 3496 588 1666 265 3495 588 1665 265 3494 588 1668 265 3497 588 1667 265 3496 588 1669 265 3498 588 1671 265 3500 588 1670 265 3499 588 1669 265 3498 588 1672 265 3501 588 1671 265 3500 588 1673 192 3502 402 1674 192 3503 402 1675 192 3504 402 1673 192 3502 402 1675 192 3504 402 1676 192 3505 402 1677 192 3506 402 1678 192 3507 402 1679 192 3508 402 1677 192 3506 402 1679 192 3508 402 1680 192 3509 402 1681 192 3510 402 1682 192 3511 402 1683 192 3512 402 1681 192 3510 402 1683 192 3512 402 1684 192 3513 402 1685 192 3514 402 1686 192 3515 402 1687 192 3516 402 1685 192 3514 402 1687 192 3516 402 1688 192 3517 402 1689 192 3518 402 1690 192 3519 402 1691 192 3520 402 1689 192 3518 402 1691 192 3520 402 1692 192 3521 402 1693 192 3522 402 1694 192 3523 402 1695 192 3524 402 1693 192 3522 402 1695 192 3524 402 1696 192 3525 402 1697 192 3526 402 1698 192 3527 402 1699 192 3528 402 1697 192 3526 402 1699 192 3528 402 1700 192 3529 402 1701 192 3530 402 1702 192 3531 402 1703 192 3532 402 1701 192 3530 402 1703 192 3532 402 1704 192 3533 402 1705 192 3534 402 1706 192 3535 402 1707 192 3536 402 1705 192 3534 402 1707 192 3536 402 1708 192 3537 402 1709 192 3538 402 1710 192 3539 402 1711 192 3540 402 1709 192 3538 402 1711 192 3540 402 1712 192 3541 402 1713 192 3542 402 1714 192 3543 402 1715 192 3544 402 1713 192 3542 402 1715 192 3544 402 1716 192 3545 402 1717 209 3546 447 1718 209 3547 447 1719 209 3548 447 1717 209 3546 447 1719 209 3548 447 1720 209 3549 447 1721 209 3550 447 1722 209 3551 447 1723 209 3552 447 1721 209 3550 447 1723 209 3552 447 1724 209 3553 447 1725 209 3554 447 1726 209 3555 447 1727 209 3556 447 1725 209 3554 447 1727 209 3556 447 1728 209 3557 447 1729 209 3558 447 1730 209 3559 447 1731 209 3560 447 1729 209 3558 447 1731 209 3560 447 1732 209 3561 447 1733 209 3562 447 1734 209 3563 447 1735 209 3564 447 1733 209 3562 447 1735 209 3564 447 1736 209 3565 447 1737 209 3566 447 1738 209 3567 447 1739 209 3568 447 1737 209 3566 447 1739 209 3568 447 1740 209 3569 447 1741 209 3570 447 1742 209 3571 447 1743 209 3572 447 1741 209 3570 447 1743 209 3572 447 1744 209 3573 447 1745 209 3574 447 1746 209 3575 447 1747 209 3576 447 1745 209 3574 447 1747 209 3576 447 1748 209 3577 447 1749 209 3578 447 1750 209 3579 447 1751 209 3580 447 1749 209 3578 447 1751 209 3580 447 1752 209 3581 447 1753 209 3582 447 1754 209 3583 447 1755 209 3584 447 1753 209 3582 447 1755 209 3584 447 1756 209 3585 447 1757 209 3586 447 1758 209 3587 447 1759 209 3588 447 1757 209 3586 447 1759 209 3588 447 1760 209 3589 447 1761 353 3590 975 1762 353 3591 975 1763 353 3592 975 1761 353 3590 975 1763 353 3592 975 1764 353 3593 975 1765 353 3594 975 1766 353 3595 975 1767 353 3596 975 1765 353 3594 975 1767 353 3596 975 1768 353 3597 975 1769 353 3598 975 1770 353 3599 975 1771 353 3600 975 1769 353 3598 975 1771 353 3600 975 1772 353 3601 975 1773 353 3602 975 1774 353 3603 975 1775 353 3604 975 1773 353 3602 975 1775 353 3604 975 1776 353 3605 975 1777 353 3606 975 1778 353 3607 975 1779 353 3608 975 1777 353 3606 975 1779 353 3608 975 1780 353 3609 975 1781 353 3610 975 1782 353 3611 975 1783 353 3612 975 1781 353 3610 975 1783 353 3612 975 1784 353 3613 975 1785 353 3614 975 1786 353 3615 975 1787 353 3616 975 1785 353 3614 975 1787 353 3616 975 1788 353 3617 975 1789 353 3618 975 1790 353 3619 975 1791 353 3620 975 1789 353 3618 975 1791 353 3620 975 1792 353 3621 975 1793 353 3622 975 1794 353 3623 975 1795 353 3624 975 1793 353 3622 975 1795 353 3624 975 1796 353 3625 975 1797 353 3626 975 1798 353 3627 975 1799 353 3628 975 1797 353 3626 975 1799 353 3628 975 1800 353 3629 975 1801 105 3630 195 1802 105 3631 195 1803 105 3632 195 1801 105 3630 195 1803 105 3632 195 1804 105 3633 195 1805 105 3634 195 1806 105 3635 195 1807 105 3636 195 1805 105 3634 195 1807 105 3636 195 1808 105 3637 195 1809 105 3638 195 1810 105 3639 195 1811 105 3640 195 1809 105 3638 195 1811 105 3640 195 1812 105 3641 195 1813 105 3642 195 1814 105 3643 195 1815 105 3644 195 1813 105 3642 195 1815 105 3644 195 1816 105 3645 195 1817 105 3646 195 1818 105 3647 195 1819 105 3648 195 1817 105 3646 195 1819 105 3648 195 1820 105 3649 195 1821 105 3650 195 1822 105 3651 195 1823 105 3652 195 1821 105 3650 195 1823 105 3652 195 1824 105 3653 195 1825 105 3654 195 1826 105 3655 195 1827 105 3656 195 1825 105 3654 195 1827 105 3656 195 1828 105 3657 195 1829 105 3658 195 1830 105 3659 195 1831 105 3660 195 1829 105 3658 195 1831 105 3660 195 1832 105 3661 195 1833 105 3662 195 1834 105 3663 195 1835 105 3664 195 1833 105 3662 195 1835 105 3664 195 1836 105 3665 195 1837 105 3666 195 1838 105 3667 195 1839 105 3668 195 1837 105 3666 195 1839 105 3668 195 1840 105 3669 195 1841 129 3670 255 1842 129 3671 255 1843 129 3672 255 1841 129 3670 255 1843 129 3672 255 1844 129 3673 255 1845 129 3674 255 1846 129 3675 255 1847 129 3676 255 1845 129 3674 255 1847 129 3676 255 1848 129 3677 255 1849 129 3678 255 1850 129 3679 255 1851 129 3680 255 1849 129 3678 255 1851 129 3680 255 1852 129 3681 255 1853 129 3682 255 1854 129 3683 255 1855 129 3684 255 1853 129 3682 255 1855 129 3684 255 1856 129 3685 255 1857 129 3686 255 1858 129 3687 255 1859 129 3688 255 1857 129 3686 255 1859 129 3688 255 1860 129 3689 255 1861 129 3690 255 1862 129 3691 255 1863 129 3692 255 1861 129 3690 255 1863 129 3692 255 1864 129 3693 255 1865 129 3694 255 1866 129 3695 255 1867 129 3696 255 1865 129 3694 255 1867 129 3696 255 1868 129 3697 255 1869 129 3698 255 1870 129 3699 255 1871 129 3700 255 1869 129 3698 255 1871 129 3700 255 1872 129 3701 255 1873 309 3702 741 1875 309 3704 741 1874 309 3703 741 1873 309 3702 741 1876 309 3705 741 1875 309 3704 741 1877 309 3706 741 1879 309 3708 741 1878 309 3707 741 1877 309 3706 741 1880 309 3709 741 1879 309 3708 741 1881 309 3710 741 1883 309 3712 741 1882 309 3711 741 1881 309 3710 741 1884 309 3713 741 1883 309 3712 741 1885 309 3714 741 1887 309 3716 741 1886 309 3715 741 1885 309 3714 741 1888 309 3717 741 1887 309 3716 741 1889 309 3718 741 1891 309 3720 741 1890 309 3719 741 1889 309 3718 741 1892 309 3721 741 1891 309 3720 741 1893 200 3722 420 1894 200 3723 420 1895 200 3724 420 1893 200 3722 420 1895 200 3724 420 1896 200 3725 420 1897 200 3726 420 1898 200 3727 420 1899 200 3728 420 1897 200 3726 420 1899 200 3728 420 1900 200 3729 420 1901 200 3730 420 1902 200 3731 420 1903 200 3732 420 1901 200 3730 420 1903 200 3732 420 1904 200 3733 420 1905 200 3734 420 1906 200 3735 420 1907 200 3736 420 1905 200 3734 420 1907 200 3736 420 1908 200 3737 420 1909 200 3738 420 1910 200 3739 420 1911 200 3740 420 1909 200 3738 420 1911 200 3740 420 1912 200 3741 420 1913 200 3742 420 1914 200 3743 420 1915 200 3744 420 1913 200 3742 420 1915 200 3744 420 1916 200 3745 420 1917 200 3746 420 1918 200 3747 420 1919 200 3748 420 1917 200 3746 420 1919 200 3748 420 1920 200 3749 420 1921 200 3750 420 1922 200 3751 420 1923 200 3752 420 1921 200 3750 420 1923 200 3752 420 1924 200 3753 420 1925 200 3754 420 1926 200 3755 420 1927 200 3756 420 1925 200 3754 420 1927 200 3756 420 1928 200 3757 420 1929 200 3758 420 1930 200 3759 420 1931 200 3760 420 1929 200 3758 420 1931 200 3760 420 1932 200 3761 420 1933 200 3762 420 1934 200 3763 420 1935 200 3764 420 1933 200 3762 420 1935 200 3764 420 1936 200 3765 420 1937 200 3766 420 1938 200 3767 420 1939 200 3768 420 1937 200 3766 420 1939 200 3768 420 1940 200 3769 420 1941 200 3770 420 1942 200 3771 420 1943 200 3772 420 1941 200 3770 420 1943 200 3772 420 1944 200 3773 420 1945 200 3774 420 1946 200 3775 420 1947 200 3776 420 1945 200 3774 420 1947 200 3776 420 1948 200 3777 420 1949 200 3778 420 1950 200 3779 420 1951 200 3780 420 1949 200 3778 420 1951 200 3780 420 1952 200 3781 420 1953 200 3782 420 1954 200 3783 420 1955 200 3784 420 1953 200 3782 420 1955 200 3784 420 1956 200 3785 420 1957 578 3786 1542 1958 578 3787 1542 1959 578 3788 1542 1957 578 3786 1542 1959 578 3788 1542 1960 578 3789 1542 1961 578 3790 1542 1962 578 3791 1542 1963 578 3792 1542 1961 578 3790 1542 1963 578 3792 1542 1964 578 3793 1542 1965 578 3794 1542 1966 578 3795 1542 1967 578 3796 1542 1965 578 3794 1542 1967 578 3796 1542 1968 578 3797 1542 1969 578 3798 1542 1970 578 3799 1542 1971 578 3800 1542 1969 578 3798 1542 1971 578 3800 1542 1972 578 3801 1542 1973 578 3802 1542 1974 578 3803 1542 1975 578 3804 1542 1973 578 3802 1542 1975 578 3804 1542 1976 578 3805 1542 1977 578 3806 1542 1978 578 3807 1542 1979 578 3808 1542 1977 578 3806 1542 1979 578 3808 1542 1980 578 3809 1542 1981 370 3810 1014 1982 370 3811 1014 1983 370 3812 1014 1981 370 3810 1014 1983 370 3812 1014 1984 370 3813 1014 1985 370 3814 1014 1986 370 3815 1014 1987 370 3816 1014 1985 370 3814 1014 1987 370 3816 1014 1988 370 3817 1014 1989 370 3818 1014 1990 370 3819 1014 1991 370 3820 1014 1989 370 3818 1014 1991 370 3820 1014 1992 370 3821 1014 1993 370 3822 1014 1994 370 3823 1014 1995 370 3824 1014 1993 370 3822 1014 1995 370 3824 1014 1996 370 3825 1014 1997 370 3826 1014 1998 370 3827 1014 1999 370 3828 1014 1997 370 3826 1014 1999 370 3828 1014 2000 370 3829 1014 2001 370 3830 1014 2002 370 3831 1014 2003 370 3832 1014 2001 370 3830 1014 2003 370 3832 1014 2004 370 3833 1014 2005 168 3834 348 2007 168 3836 348 2006 168 3835 348 2005 168 3834 348 2008 168 3837 348 2007 168 3836 348 2009 168 3838 348 2011 168 3840 348 2010 168 3839 348 2009 168 3838 348 2012 168 3841 348 2011 168 3840 348 2013 168 3842 348 2015 168 3844 348 2014 168 3843 348 2013 168 3842 348 2016 168 3845 348 2015 168 3844 348 2017 168 3846 348 2019 168 3848 348 2018 168 3847 348 2017 168 3846 348 2020 168 3849 348 2019 168 3848 348 2021 168 3850 348 2023 168 3852 348 2022 168 3851 348 2021 168 3850 348 2024 168 3853 348 2023 168 3852 348 2025 168 3854 348 2027 168 3856 348 2026 168 3855 348 2025 168 3854 348 2028 168 3857 348 2027 168 3856 348 2029 168 3858 348 2031 168 3860 348 2030 168 3859 348 2029 168 3858 348 2032 168 3861 348 2031 168 3860 348 2033 157 3862 321 2034 157 3863 321 2035 157 3864 321 2033 157 3862 321 2035 157 3864 321 2036 157 3865 321 2037 157 3866 321 2038 157 3867 321 2039 157 3868 321 2037 157 3866 321 2039 157 3868 321 2040 157 3869 321 2041 157 3870 321 2042 157 3871 321 2043 157 3872 321 2041 157 3870 321 2043 157 3872 321 2044 157 3873 321 2045 157 3874 321 2046 157 3875 321 2047 157 3876 321 2045 157 3874 321 2047 157 3876 321 2048 157 3877 321 2049 157 3878 321 2050 157 3879 321 2051 157 3880 321 2049 157 3878 321 2051 157 3880 321 2052 157 3881 321 2053 157 3882 321 2054 157 3883 321 2055 157 3884 321 2053 157 3882 321 2055 157 3884 321 2056 157 3885 321 2057 157 3886 321 2058 157 3887 321 2059 157 3888 321 2057 157 3886 321 2059 157 3888 321 2060 157 3889 321 2061 157 3890 321 2062 157 3891 321 2063 157 3892 321 2061 157 3890 321 2063 157 3892 321 2064 157 3893 321 2065 157 3894 321 2066 157 3895 321 2067 157 3896 321 2065 157 3894 321 2067 157 3896 321 2068 157 3897 321 2069 157 3898 321 2070 157 3899 321 2071 157 3900 321 2069 157 3898 321 2071 157 3900 321 2072 157 3901 321 2073 36 3902 60 2075 36 3904 60 2074 36 3903 60 2073 36 3902 60 2076 36 3905 60 2075 36 3904 60 2077 36 3906 60 2079 36 3908 60 2078 36 3907 60 2077 36 3906 60 2080 36 3909 60 2079 36 3908 60 2081 83 3910 141 2082 83 3911 141 2083 83 3912 141 2081 83 3910 141 2083 83 3912 141 2084 83 3913 141 2085 83 3914 141 2086 83 3915 141 2087 83 3916 141 2085 83 3914 141 2087 83 3916 141 2088 83 3917 141 2089 133 3918 267 2091 133 3920 267 2090 133 3919 267 2089 133 3918 267 2092 133 3921 267 2091 133 3920 267 2093 133 3922 267 2095 133 3924 267 2094 133 3923 267 2093 133 3922 267 2096 133 3925 267 2095 133 3924 267 2097 408 3926 1113 2098 408 3927 1113 2099 408 3928 1113 2097 408 3926 1113 2099 408 3928 1113 2100 408 3929 1113 2101 408 3930 1113 2102 408 3931 1113 2103 408 3932 1113 2101 408 3930 1113 2103 408 3932 1113 2104 408 3933 1113 2105 422 3934 1152 2106 422 3935 1152 2107 422 3936 1152 2105 422 3934 1152 2107 422 3936 1152 2108 422 3937 1152 2109 422 3938 1152 2110 422 3939 1152 2111 422 3940 1152 2109 422 3938 1152 2111 422 3940 1152 2112 422 3941 1152 2113 467 3942 1266 2115 467 3944 1266 2114 467 3943 1266 2113 467 3942 1266 2116 467 3945 1266 2115 467 3944 1266 2117 467 3946 1266 2119 467 3948 1266 2118 467 3947 1266 2117 467 3946 1266 2120 467 3949 1266 2119 467 3948 1266 2121 575 3950 1533 2122 575 3951 1533 2123 575 3952 1533 2121 575 3950 1533 2123 575 3952 1533 2124 575 3953 1533 2125 575 3954 1533 2126 575 3955 1533 2127 575 3956 1533 2125 575 3954 1533 2127 575 3956 1533 2128 575 3957 1533 2129 580 3958 1548 2131 580 3960 1548 2130 580 3959 1548 2129 580 3958 1548 2132 580 3961 1548 2131 580 3960 1548 2133 580 3962 1548 2135 580 3964 1548 2134 580 3963 1548 2133 580 3962 1548 2136 580 3965 1548 2135 580 3964 1548 2137 118 3966 228 2139 118 3968 228 2138 118 3967 228 2137 118 3966 228 2140 118 3969 228 2139 118 3968 228 2141 118 3970 228 2143 118 3972 228 2142 118 3971 228 2141 118 3970 228 2144 118 3973 228 2143 118 3972 228 2145 118 3974 228 2147 118 3976 228 2146 118 3975 228 2145 118 3974 228 2148 118 3977 228 2147 118 3976 228 2149 118 3978 228 2151 118 3980 228 2150 118 3979 228 2149 118 3978 228 2152 118 3981 228 2151 118 3980 228 2153 118 3982 228 2155 118 3984 228 2154 118 3983 228 2153 118 3982 228 2156 118 3985 228 2155 118 3984 228 2157 118 3986 228 2159 118 3988 228 2158 118 3987 228 2157 118 3986 228 2160 118 3989 228 2159 118 3988 228 2161 118 3990 228 2163 118 3992 228 2162 118 3991 228 2161 118 3990 228 2164 118 3993 228 2163 118 3992 228 2165 118 3994 228 2167 118 3996 228 2166 118 3995 228 2165 118 3994 228 2168 118 3997 228 2167 118 3996 228 2169 118 3998 228 2171 118 4000 228 2170 118 3999 228 2169 118 3998 228 2172 118 4001 228 2171 118 4000 228</p>
        </triangles>
        <triangles material="brick_plain-material" count="18">
          <input semantic="VERTEX" source="#Plane_058-mesh-vertices" offset="0"/>
          <input semantic="NORMAL" source="#Plane_058-mesh-normals" offset="1"/>
          <input semantic="TEXCOORD" source="#Plane_058-mesh-map-0" offset="2" set="0"/>
          <input semantic="COLOR" source="#Plane_058-mesh-colors-Col" offset="3" set="0"/>
          <p>170 356 984 984 163 356 985 985 171 356 986 986 159 430 1170 1170 155 431 1171 1171 161 431 1172 1172 146 441 1197 1197 139 441 1198 1198 145 441 1199 1199 171 453 1233 1233 167 453 1234 1234 173 453 1235 1235 161 579 1545 1545 154 579 1546 1546 160 579 1547 1547 143 592 1578 1578 136 592 1579 1579 144 592 1580 1580 144 616 1641 1641 140 616 1642 1642 146 616 1643 1643 158 633 1677 1677 151 633 1678 1678 159 633 1679 1679 173 200 1713 1713 166 200 1714 1714 172 200 1715 1715 170 633 2484 2484 162 633 2485 2485 163 633 2486 2486 159 966 2670 2670 151 967 2671 2671 155 968 2672 2672 146 827 2697 2697 140 827 2698 2698 139 827 2699 2699 171 985 2733 2733 163 985 2734 2734 167 985 2735 2735 161 1096 3045 3045 155 1096 3046 3046 154 1096 3047 3047 143 638 3078 3078 135 638 3079 3079 136 638 3080 3080 144 1127 3141 3141 136 1127 3142 3142 140 1127 3143 3143 158 1137 3177 3177 150 1137 3178 3178 151 1137 3179 3179 173 1144 3213 3213 167 1144 3214 3214 166 1144 3215 3215</p>
        </triangles>
        <triangles material="stone_brick_regular-material" count="240">
          <input semantic="VERTEX" source="#Plane_058-mesh-vertices" offset="0"/>
          <input semantic="NORMAL" source="#Plane_058-mesh-normals" offset="1"/>
          <input semantic="TEXCOORD" source="#Plane_058-mesh-map-0" offset="2" set="0"/>
          <input semantic="COLOR" source="#Plane_058-mesh-colors-Col" offset="3" set="0"/>
          <p>179 28 42 42 181 28 43 43 178 28 44 44 1404 32 48 48 1406 32 49 49 1403 32 50 50 236 33 51 51 232 33 52 52 238 33 53 53 108 34 54 54 106 34 55 55 107 34 56 56 108 38 66 66 105 38 67 67 109 38 68 68 237 43 78 78 230 43 79 79 235 43 80 80 163 49 90 90 164 49 91 91 165 49 92 92 1311 51 96 96 1316 51 97 97 1312 51 98 98 164 80 132 132 169 80 133 133 165 80 134 134 1442 81 135 135 1444 81 136 136 1446 81 137 137 235 86 150 150 234 86 151 151 239 86 152 152 68 37 153 153 69 37 154 154 67 37 155 155 183 94 171 171 174 94 172 172 182 94 173 173 76 98 177 177 73 98 178 178 77 98 179 179 123 104 192 192 89 104 193 193 124 104 194 194 121 110 201 201 88 110 202 202 123 110 203 203 1420 37 210 210 1422 37 211 211 1419 37 212 212 95 114 216 216 96 114 217 217 97 114 218 218 1343 125 246 246 1360 125 247 247 1353 125 248 248 127 128 252 252 94 128 253 253 125 128 254 254 1424 134 270 270 1415 134 271 271 1423 134 272 272 1377 142 288 288 1370 142 289 289 1373 142 290 290 1358 148 306 306 1360 148 307 307 1362 148 308 308 69 156 318 318 65 156 319 319 67 156 320 320 1445 161 333 333 1438 161 334 334 1441 161 335 335 23 165 339 339 26 165 340 340 22 165 341 341 80 167 345 345 85 167 346 346 81 167 347 347 1419 176 360 360 1415 176 361 361 1420 176 362 362 1425 177 363 363 1418 177 364 364 1426 177 365 365 106 208 444 444 102 208 445 445 107 208 446 446 240 210 450 450 229 210 451 451 236 210 452 452 1405 211 453 453 1402 211 454 454 1406 211 455 455 116 215 462 462 73 215 463 463 117 215 464 464 91 37 465 465 93 37 466 466 90 37 467 467 1374 216 468 468 1377 216 469 469 1373 216 470 470 1374 222 480 480 1376 222 481 481 1378 222 482 482 23 225 492 492 25 225 493 493 27 225 494 494 1423 229 498 498 1417 229 499 499 1425 229 500 500 130 231 504 504 102 231 505 505 129 231 506 506 128 232 507 507 98 232 508 508 127 232 509 509 1409 234 513 513 1402 234 514 514 1410 234 515 515 180 239 522 522 177 240 523 523 181 240 524 524 124 247 546 546 87 247 547 547 122 247 548 548 90 264 585 585 86 264 586 586 91 264 587 587 75 267 594 594 71 267 595 595 76 267 596 596 80 274 612 612 66 274 613 613 69 274 614 614 131 276 618 618 105 276 619 619 132 276 620 620 1426 287 642 642 1416 287 643 643 1424 287 644 644 111 299 714 714 79 299 715 715 118 299 716 716 114 305 729 729 72 305 730 730 116 305 731 731 145 306 732 732 135 306 733 733 143 306 734 734 160 307 735 735 150 307 736 736 158 307 737 737 182 308 738 738 176 308 739 739 184 308 740 740 1360 313 747 747 1340 313 748 748 1353 313 749 749 1403 315 753 753 1399 315 754 754 1404 315 755 755 1407 324 822 822 1401 324 823 823 1409 324 824 824 1328 374 1029 1029 1331 374 1030 1030 1327 374 1031 1031 39 385 1053 1053 42 385 1054 1054 38 385 1055 1055 120 398 1089 1089 82 398 1090 1090 119 398 1091 1091 67 405 1101 1101 64 405 1102 1102 68 405 1103 1103 111 184 1107 1107 64 184 1108 1108 110 184 1109 1109 1404 407 1110 1110 1400 407 1111 1111 1405 407 1112 1112 42 409 1116 1116 35 409 1117 1117 38 409 1118 1118 1408 414 1131 1131 1399 414 1132 1132 1407 414 1133 1133 7 421 1149 1149 10 421 1150 1150 6 421 1151 1151 26 426 1158 1158 19 426 1159 1159 22 426 1160 1160 121 429 1167 1167 87 429 1168 1168 86 429 1169 1169 1361 432 1173 1173 1354 432 1174 1174 1357 432 1175 1175 185 433 1176 1176 175 433 1177 1177 183 433 1178 1178 91 436 1185 1185 87 436 1186 1186 92 436 1187 1187 79 445 1215 1215 80 445 1216 1216 81 445 1217 1217 118 448 1224 1224 83 449 1225 1225 120 450 1226 1226 55 451 1227 1227 57 451 1228 1228 59 451 1229 1229 74 452 1230 1230 70 452 1231 1231 75 452 1232 1232 92 457 1245 1245 89 457 1246 1246 93 457 1247 1247 77 463 1254 1254 72 463 1255 1255 74 463 1256 1256 1393 466 1263 1263 1386 466 1264 1264 1389 466 1265 1265 113 470 1269 1269 78 470 1270 1270 111 470 1271 1271 1328 471 1272 1272 1330 471 1273 1273 1332 471 1274 1274 132 473 1278 1278 103 473 1279 1279 130 473 1280 1280 1420 477 1290 1290 1416 477 1291 1291 1421 477 1292 1292 240 482 1305 1305 235 482 1306 1306 239 482 1307 1307 112 486 1320 1320 66 486 1321 1321 113 486 1322 1322 76 37 1329 1329 74 37 1330 1330 75 37 1331 1331 179 490 1332 1332 175 490 1333 1333 180 490 1334 1334 1390 501 1356 1356 1392 501 1357 1357 1394 501 1358 1358 172 503 1362 1362 162 503 1363 1363 170 503 1364 1364 115 520 1401 1401 70 520 1402 1402 114 520 1403 1403 153 37 1419 1419 156 37 1420 1420 157 37 1421 1421 1358 532 1428 1428 1361 532 1429 1429 1357 532 1430 1430 136 533 1431 1431 137 533 1432 1432 138 533 1433 1433 231 37 1446 1446 238 37 1447 1447 232 37 1448 1448 129 560 1494 1494 104 560 1495 1495 131 560 1496 1496 229 571 1524 1524 231 571 1525 1525 232 571 1526 1526 10 581 1551 1551 3 581 1552 1552 6 581 1553 1553 237 587 1563 1563 236 587 1564 1564 238 587 1565 1565 119 589 1569 1569 78 589 1570 1570 111 589 1571 1571 126 600 1599 1599 99 600 1600 1600 128 600 1601 1601 39 602 1605 1605 41 602 1606 1606 43 602 1607 1607 137 608 1626 1626 142 608 1627 1627 138 608 1628 1628 59 612 1635 1635 54 613 1636 1636 55 614 1637 1637 110 627 1662 1662 65 627 1663 1663 112 627 1664 1664 117 632 1674 1674 71 632 1675 1675 115 632 1676 1676 230 634 1680 1680 233 634 1681 1681 234 634 1682 1682 96 636 1686 1686 101 636 1687 1687 97 636 1688 1688 178 587 1692 1692 174 587 1693 1693 179 587 1694 1694 125 638 1695 1695 95 638 1696 1696 126 638 1697 1697 151 639 1698 1698 152 639 1699 1699 153 639 1700 1700 184 486 1704 1704 177 486 1705 1705 185 486 1706 1706 1331 184 1719 1719 1324 184 1720 1720 1327 184 1721 1721 1343 648 1731 1731 1345 648 1732 1732 1346 648 1733 1733 107 649 1734 1734 103 649 1735 1735 108 649 1736 1736 1390 650 1737 1737 1393 650 1738 1738 1389 650 1739 1739 1410 652 1743 1743 1400 308 1744 1744 1408 308 1745 1745 1421 653 1746 1746 1418 653 1747 1747 1422 653 1748 1748 58 654 1749 1749 51 654 1750 1750 54 654 1751 1751 1323 656 1758 1758 1329 656 1759 1759 1330 656 1760 1760 7 658 1770 1770 9 658 1771 1771 11 658 1772 1772 1310 659 1773 1773 1311 659 1774 1774 1312 659 1775 1775 1445 665 1785 1785 1442 665 1786 1786 1446 665 1787 1787 179 674 1806 1806 180 674 1807 1807 181 674 1808 1808 1404 678 1812 1812 1405 678 1813 1813 1406 678 1814 1814 236 679 1815 1815 229 679 1816 1816 232 679 1817 1817 108 37 1818 1818 109 37 1819 1819 106 37 1820 1820 108 683 1830 1830 103 683 1831 1831 105 683 1832 1832 237 689 1842 1842 231 689 1843 1843 230 689 1844 1844 163 693 1854 1854 162 693 1855 1855 164 693 1856 1856 1311 37 1860 1860 1315 37 1861 1861 1316 37 1862 1862 164 37 1872 1872 168 37 1873 1873 169 37 1874 1874 1442 81 1875 1875 1437 81 1876 1876 1444 81 1877 1877 235 705 1890 1890 230 705 1891 1891 234 705 1892 1892 68 706 1893 1893 80 706 1894 1894 69 706 1895 1895 183 94 1911 1911 175 94 1912 1912 174 94 1913 1913 76 98 1917 1917 71 98 1918 1918 73 98 1919 1919 123 720 1932 1932 88 720 1933 1933 89 720 1934 1934 121 727 1941 1941 86 727 1942 1942 88 727 1943 1943 1420 730 1950 1950 1421 730 1951 1951 1422 730 1952 1952 95 733 1956 1956 94 733 1957 1957 96 733 1958 1958 1343 742 1986 1986 1346 742 1987 1987 1360 742 1988 1988 127 746 1992 1992 98 746 1993 1993 94 746 1994 1994 1424 752 2010 2010 1416 752 2011 2011 1415 752 2012 2012 1377 142 2028 2028 1375 142 2029 2029 1370 142 2030 2030 1358 761 2046 2046 1353 761 2047 2047 1360 761 2048 2048 69 765 2058 2058 66 765 2059 2059 65 765 2060 2060 1445 769 2073 2073 1443 769 2074 2074 1438 769 2075 2075 23 773 2079 2079 27 773 2080 2080 26 773 2081 2081 80 37 2085 2085 84 37 2086 2086 85 37 2087 2087 1419 176 2100 2100 1417 176 2101 2101 1415 176 2102 2102 1425 780 2103 2103 1417 780 2104 2104 1418 780 2105 2105 106 208 2184 2184 104 208 2185 2185 102 208 2186 2186 240 805 2190 2190 233 805 2191 2191 229 805 2192 2192 1405 806 2193 2193 1400 806 2194 2194 1402 806 2195 2195 116 811 2202 2202 72 811 2203 2203 73 811 2204 2204 91 812 2205 2205 92 812 2206 2206 93 812 2207 2207 1374 813 2208 2208 1378 813 2209 2209 1377 813 2210 2210 1374 817 2220 2220 1369 817 2221 2221 1376 817 2222 2222 23 821 2232 2232 18 821 2233 2233 25 821 2234 2234 1423 229 2238 2238 1415 229 2239 2239 1417 229 2240 2240 130 826 2244 2244 103 826 2245 2245 102 826 2246 2246 128 827 2247 2247 99 827 2248 2248 98 827 2249 2249 1409 829 2253 2253 1401 829 2254 2254 1402 829 2255 2255 180 834 2262 2262 175 835 2263 2263 177 836 2264 2264 124 840 2286 2286 89 840 2287 2287 87 840 2288 2288 90 264 2325 2325 88 264 2326 2326 86 264 2327 2327 75 855 2334 2334 70 855 2335 2335 71 855 2336 2336 80 863 2352 2352 78 863 2353 2353 66 863 2354 2354 131 276 2358 2358 104 276 2359 2359 105 276 2360 2360 1426 875 2382 2382 1418 875 2383 2383 1416 875 2384 2384 111 884 2406 2406 78 884 2407 2407 79 884 2408 2408 114 305 2421 2421 70 305 2422 2422 72 305 2423 2423 145 890 2424 2424 139 890 2425 2425 135 890 2426 2426 160 307 2427 2427 154 307 2428 2428 150 307 2429 2429 182 891 2430 2430 174 891 2431 2431 176 891 2432 2432 1360 313 2439 2439 1344 313 2440 2440 1340 313 2441 2441 1403 896 2445 2445 1401 896 2446 2446 1399 896 2447 2447 1407 324 2454 2454 1399 324 2455 2455 1401 324 2456 2456 1328 922 2529 2529 1332 922 2530 2530 1331 922 2531 2531 39 931 2553 2553 43 931 2554 2554 42 931 2555 2555 120 939 2589 2589 83 939 2590 2590 82 939 2591 2591 67 405 2601 2601 65 405 2602 2602 64 405 2603 2603 111 184 2607 2607 78 184 2608 2608 64 184 2609 2609 1404 946 2610 2610 1399 946 2611 2611 1400 946 2612 2612 42 948 2616 2616 40 948 2617 2617 35 948 2618 2618 1408 950 2631 2631 1400 950 2632 2632 1399 950 2633 2633 7 957 2649 2649 11 957 2650 2650 10 957 2651 2651 26 962 2658 2658 24 962 2659 2659 19 962 2660 2660 121 965 2667 2667 122 965 2668 2668 87 965 2669 2669 1361 432 2673 2673 1359 432 2674 2674 1354 432 2675 2675 185 969 2676 2676 177 969 2677 2677 175 969 2678 2678 91 971 2685 2685 86 971 2686 2686 87 971 2687 2687 79 205 2715 2715 78 205 2716 2716 80 205 2717 2717 118 981 2724 2724 79 981 2725 2725 83 982 2726 2726 55 983 2727 2727 50 983 2728 2728 57 983 2729 2729 74 984 2730 2730 72 984 2731 2731 70 984 2732 2732 92 988 2745 2745 87 988 2746 2746 89 988 2747 2747 77 463 2754 2754 73 463 2755 2755 72 463 2756 2756 1393 997 2763 2763 1391 997 2764 2764 1386 997 2765 2765 113 999 2769 2769 66 999 2770 2770 78 999 2771 2771 1328 1000 2772 2772 1323 1000 2773 2773 1330 1000 2774 2774 132 1002 2778 2778 105 1002 2779 2779 103 1002 2780 2780 1420 1008 2790 2790 1415 1008 2791 2791 1416 1008 2792 2792 240 1012 2805 2805 236 1012 2806 2806 235 1012 2807 2807 112 1014 2820 2820 65 1014 2821 2821 66 1014 2822 2822 76 37 2829 2829 77 37 2830 2830 74 37 2831 2831 179 1017 2832 2832 174 1017 2833 2833 175 1017 2834 2834 1390 1026 2856 2856 1385 1026 2857 2857 1392 1026 2858 2858 172 503 2862 2862 166 503 2863 2863 162 503 2864 2864 115 520 2901 2901 71 520 2902 2902 70 520 2903 2903 153 1050 2919 2919 152 1050 2920 2920 156 1050 2921 2921 1358 1053 2928 2928 1362 1053 2929 2929 1361 1053 2930 2930 136 733 2931 2931 135 733 2932 2932 137 733 2933 2933 231 1062 2946 2946 237 1062 2947 2947 238 1062 2948 2948 129 1078 2994 2994 102 1078 2995 2995 104 1078 2996 2996 229 1088 3024 3024 230 1088 3025 3025 231 1088 3026 3026 10 1099 3051 3051 8 1099 3052 3052 3 1099 3053 3053 237 1104 3063 3063 235 1104 3064 3064 236 1104 3065 3065 119 1106 3069 3069 82 1106 3070 3070 78 1106 3071 3071 126 1114 3099 3099 95 1114 3100 3100 99 1114 3101 3101 39 602 3105 3105 34 602 3106 3106 41 602 3107 3107 137 37 3126 3126 141 37 3127 3127 142 37 3128 3128 59 1123 3135 3135 58 1124 3136 3136 54 1125 3137 3137 110 627 3162 3162 64 627 3163 3163 65 627 3164 3164 117 1136 3174 3174 73 1136 3175 3175 71 1136 3176 3176 230 634 3180 3180 229 634 3181 3181 233 634 3182 3182 96 37 3186 3186 100 37 3187 3187 101 37 3188 3188 178 1139 3192 3192 176 1139 3193 3193 174 1139 3194 3194 125 1140 3195 3195 94 1140 3196 3196 95 1140 3197 3197 151 639 3198 3198 150 639 3199 3199 152 639 3200 3200 184 486 3204 3204 176 486 3205 3205 177 486 3206 3206 1331 1146 3219 3219 1329 1146 3220 3220 1324 1146 3221 3221 1343 1149 3231 3231 1339 1149 3232 3232 1345 1149 3233 3233 107 1150 3234 3234 102 1150 3235 3235 103 1150 3236 3236 1390 650 3237 3237 1394 650 3238 3238 1393 650 3239 3239 1410 1151 3243 3243 1402 1152 3244 3244 1400 1153 3245 3245 1421 1154 3246 3246 1416 1154 3247 3247 1418 1154 3248 3248 58 15 3249 3249 56 15 3250 3250 51 15 3251 3251 1323 1157 3258 3258 1324 1157 3259 3259 1329 1157 3260 3260 7 184 3264 3264 2 184 3265 3265 9 184 3266 3266 1310 1159 3267 3267 1309 1159 3268 3268 1311 1159 3269 3269 1445 1164 3279 3279 1441 1164 3280 3280 1442 1164 3281 3281</p>
        </triangles>
        <triangles material="groundmesh_grass2-material" count="20">
          <input semantic="VERTEX" source="#Plane_058-mesh-vertices" offset="0"/>
          <input semantic="NORMAL" source="#Plane_058-mesh-normals" offset="1"/>
          <input semantic="TEXCOORD" source="#Plane_058-mesh-map-0" offset="2" set="0"/>
          <input semantic="COLOR" source="#Plane_058-mesh-colors-Col" offset="3" set="0"/>
          <p>61 0 0 0 62 1 1 1 63 2 2 2 13 37 63 63 14 37 64 64 15 37 65 65 28 178 366 366 31 178 367 367 29 178 368 368 1380 37 645 645 1381 37 646 646 1382 37 647 647 1333 288 648 648 1336 288 649 649 1334 288 650 650 1448 289 651 651 1449 289 652 652 1450 289 653 653 1363 512 1383 1383 1366 512 1384 1384 1364 512 1385 1385 44 657 1761 1761 47 657 1762 1762 45 657 1763 1763 1396 37 1764 1764 1397 37 1765 1765 1398 37 1766 1766 44 37 1767 1767 46 37 1768 1768 47 37 1769 1769 1347 664 1782 1782 1350 664 1783 1783 1348 664 1784 1784 61 666 1788 1788 60 667 1789 1789 62 668 1790 1790 13 682 1827 1827 12 682 1828 1828 14 682 1829 1829 28 37 2106 2106 30 37 2107 2107 31 37 2108 2108 1380 876 2385 2385 1379 876 2386 2386 1381 876 2387 2387 1333 37 2388 2388 1335 37 2389 2389 1336 37 2390 2390 1448 877 2391 2391 1447 877 2392 2392 1449 877 2393 2393 1363 1035 2883 2883 1365 1035 2884 2884 1366 1035 2885 2885 1396 1158 3261 3261 1395 1158 3262 3262 1397 1158 3263 3263 1347 1163 3276 3276 1349 1163 3277 3277 1350 1163 3278 3278</p>
        </triangles>
      </mesh>
    </geometry>
    <geometry id="Plane_011-mesh" name="Plane.011">
      <mesh>
        <source id="Plane_011-mesh-positions">
          <float_array id="Plane_011-mesh-positions-array" count="570">-574.2111 145.9207 104.5644 -574.5646 145.5672 104.5644 -570.572 141.5743 104.5644 -570.2185 141.9279 104.5644 -570.2185 141.9279 100.9536 -574.2111 145.9207 100.9536 -574.5646 145.5672 100.9536 -570.572 141.5743 100.9536 -626.8578 84.65518 101.0481 -626.8578 84.65518 103.1974 -627.9523 85.74961 101.0481 -627.9523 85.74961 103.1974 -620.2109 91.33858 101.0481 -620.2109 91.33858 103.1974 -621.3054 92.43302 101.0481 -621.3054 92.43302 103.1974 -626.8578 84.65518 103.1974 -626.8578 84.65518 104.7857 -627.2116 85.00894 103.1974 -627.2116 85.00894 104.7857 -620.2109 91.33858 103.1974 -620.2447 91.37239 104.7857 -620.5647 91.69235 103.1974 -620.5985 91.72617 104.7857 -621.3054 92.43302 101.0481 -622.4137 91.32426 103.1974 -629.7649 100.9029 101.0481 -630.8593 99.80849 103.1974 -630.8593 99.80849 101.0481 -621.3054 92.43302 103.1974 -622.4137 91.32426 101.0481 -629.7649 100.9029 103.1974 -620.6041 91.72061 105.9217 -629.7763 100.8929 105.9217 -620.2507 92.07416 105.9217 -629.4227 101.2464 105.9217 -620.6041 91.72061 101.608 -629.7763 100.8929 101.608 -629.4227 101.2464 101.608 -620.2507 92.07416 101.608 -620.2109 91.33858 101.0481 -620.2503 91.36686 105.9217 -620.5647 91.69233 101.0481 -620.6041 91.72061 105.9217 -607.317 104.301 101.0481 -607.317 104.301 105.9217 -607.6708 104.6548 101.0481 -607.6708 104.6548 105.9217 -610.21 107.1819 104.816 -610.5635 106.8284 104.816 -608.0302 104.2949 104.816 -607.6766 104.6485 104.816 -607.6766 104.6485 101.0481 -610.21 107.1819 101.0481 -610.5635 106.8284 101.0481 -608.0302 104.2949 101.0481 -620.2731 92.02657 102.7931 -609.0562 105.3979 102.7931 -621.3676 93.12099 102.7931 -608.0302 104.2949 102.8186 -620.262 92.01725 101.0657 -609.0451 105.3886 101.0657 -621.3565 93.11167 101.0657 -608.0191 104.2856 101.0912 -641.5487 113.3726 105.9217 -641.9022 113.0191 105.9217 -631.1992 102.3158 105.9217 -630.8457 102.6694 105.9217 -630.8457 102.6694 101.608 -641.5487 113.3726 101.608 -641.9022 113.0191 101.608 -631.1992 102.3158 101.608 -629.783 103.7321 105.8976 -631.1972 102.3179 105.8976 -629.7831 100.9036 105.8976 -628.3688 102.3179 105.8976 -628.369 102.3178 101.6347 -629.7831 103.732 101.6347 -631.1973 102.3178 101.6347 -629.7832 100.9035 101.6347 -634.2923 77.21074 101.608 -643.3582 68.0908 101.608 -634.2923 77.21074 104.7707 -643.3582 68.0908 104.7707 -634.4946 77.41305 101.608 -643.5606 68.29311 101.608 -634.4946 77.41305 104.7707 -643.5606 68.29311 104.7707 -599.8953 111.723 101.2128 -599.8953 111.723 105.5219 -600.2491 112.0768 101.2128 -600.2491 112.0768 105.5219 -586.0756 125.543 101.2128 -586.0753 125.5428 105.5219 -586.4295 125.8968 101.2128 -586.4291 125.8966 105.5219 -600.2456 112.0778 101.4833 -600.5195 113.9927 101.4833 -600.2456 112.0778 102.714 -600.5195 113.9927 102.714 -593.6921 118.6227 102.7403 -597.2722 122.2216 101.3697 -598.3767 121.1204 101.3697 -595.8961 118.6366 101.4872 -597.2722 122.2216 102.714 -598.3767 121.1204 102.714 -595.8961 118.6366 102.714 -596.9362 122.5885 103.7214 -597.2897 122.235 103.7214 -593.6849 118.6299 103.7214 -593.3314 118.9835 103.7214 -593.3314 118.9835 99.95354 -596.9362 122.5885 99.95354 -597.2897 122.235 99.95354 -593.6849 118.6299 99.95354 -602.8244 125.5454 101.0598 -608.8733 131.6026 101.0598 -609.9677 130.5082 101.0598 -603.9188 124.451 101.0598 -608.8733 131.6026 102.2905 -602.8244 125.5454 102.2905 -609.9677 130.5082 102.2905 -603.9188 124.451 102.2905 -611.1113 134.5193 103.5683 -611.4648 134.1658 103.5683 -602.7874 125.5244 103.5683 -602.4338 125.878 103.5683 -602.4338 125.878 99.80044 -611.1113 134.5193 99.80044 -611.4648 134.1658 99.80044 -602.7874 125.5244 99.80044 -580.7922 130.8264 100.3747 -580.7922 130.8264 104.6838 -581.146 131.1802 100.3747 -581.146 131.1802 104.6838 -570.1586 141.4603 100.3747 -570.1583 141.4601 104.6838 -570.5125 141.8141 100.3747 -570.5121 141.8139 104.6838 -579.5195 153.3281 101.8209 -582.3702 150.4376 101.8209 -579.8987 155.1221 101.8209 -583.4647 151.532 101.8209 -579.5195 153.3281 100.5765 -582.3702 150.4376 100.5765 -583.4647 151.532 100.5765 -588.6967 163.8997 101.8209 -589.4574 163.1597 101.8209 -580.6417 154.3741 101.8209 -588.6967 163.8997 100.5765 -579.8987 155.1221 100.5765 -589.4574 163.1597 100.5765 -581.1321 131.1865 101.0019 -581.1459 133.3599 101.0019 -581.1321 131.1865 102.2463 -581.1459 133.3599 102.2463 -573.1911 141.3034 101.0019 -573.1911 141.3034 102.2463 -572.0967 140.2089 102.2463 -576.041 144.9411 103.7214 -576.3945 144.5876 103.7214 -572.0971 140.1788 103.7214 -571.7435 140.5324 103.7214 -571.7435 140.5324 99.98112 -576.041 144.9411 99.98112 -576.3945 144.5875 99.98112 -572.0971 140.1788 99.98112 -574.9342 146.0245 101.8209 -576.0286 144.9301 101.8209 -571.811 140.5228 101.8209 -570.7166 141.6173 101.8209 -570.7166 141.6173 100.5765 -574.9342 146.0245 100.5765 -576.0286 144.9301 100.5765 -563.7525 147.8661 99.92426 -563.7525 147.8661 104.2333 -564.1063 148.2199 99.92426 -564.1063 148.2199 104.2333 -553.1189 158.5 99.92426 -553.1187 158.5001 104.2312 -553.4727 158.8538 99.92426 -553.4725 158.8539 104.2312 -562.6248 168.0588 104.229 -562.9783 167.7053 104.229 -553.8261 158.5003 104.2312 -553.4725 158.8539 104.2312 -553.4725 158.8539 99.92426 -562.6248 168.0588 99.92201 -562.9783 167.7053 99.92201 -553.8261 158.5003 99.92426</float_array>
          <technique_common>
            <accessor source="#Plane_011-mesh-positions-array" count="190" stride="3">
              <param name="X" type="float"/>
              <param name="Y" type="float"/>
              <param name="Z" type="float"/>
            </accessor>
          </technique_common>
        </source>
        <source id="Plane_011-mesh-normals">
          <float_array id="Plane_011-mesh-normals-array" count="576">0 0 1 -0.7071322 0.7070814 0 -0.7071248 -0.7070888 0 0.7071307 0.7070829 0 0.7071934 -0.7070202 0 -0.7070862 -0.7071275 0 -0.7090414 0.7051669 0 0.7090414 -0.7051669 0 2.09175e-6 0 1 -0.7071116 -0.707102 0 -0.7090406 0.7051678 0 0.7090365 -0.7051718 0 -9.70593e-6 0 1 0.7071996 -0.707014 0 -0.7087134 -0.7054966 0 -0.7070907 0.7071228 0 0.7071167 0.707097 0 -0.707109 -0.7071046 0 0.7073722 -0.7068414 0 -0.7069865 0.7072271 0 -0.7070856 -0.7071262 -0.001608312 -0.7089784 0.7052302 0 0.7070004 0.7072132 0 0.7089798 -0.7052288 0 -2.66766e-5 0 1 -0.7070805 0.7071331 0 -0.7071633 -0.7070503 0 0.707134 0.7070797 0 -0.01195251 0.0119906 0.9998567 0.7078083 -0.7063552 0.008361458 0.7321707 0.6811205 0.001037716 -0.7070809 -0.7071323 -7.30508e-4 -0.7060891 0.7080736 -0.008367776 0.7071917 -0.7070219 0 -0.7070997 0.7071139 0 -0.7071162 -0.7070975 0 0.7071105 0.707103 0 0.7071044 -0.7071093 -5.52087e-6 -0.7070871 0.7071264 3.57944e-6 -0.707179 -0.7070345 3.85578e-5 0.7071569 0.7070567 -3.57967e-5 -0.7091987 0.7050086 0 0.7092062 -0.7050011 0 1.55496e-5 0 1 0.7072059 0.7070077 0 -0.7070962 -0.7071174 0 -0.7071126 0.707101 0 0.7069972 0.7072165 -3.18451e-5 0.7071155 -0.7070981 0 -0.7060398 0.7081722 0 -0.7075744 -0.7066389 0 -0.7086768 0.7055334 0 -0.9899203 -0.141626 0 -0.0118727 0.007876992 0.9998986 -2.39423e-5 0 1 -0.7071354 -0.7070782 0 0.7071148 0.7070989 0 -0.7071269 0.7070868 0 -0.7075933 -0.70662 0 0.7071228 -0.7070908 0 2.49188e-6 0 1 -0.7070947 0.7071189 0 -0.7056357 -0.7085749 0 0.7056277 0.7085828 0 0.707042 -0.7071716 0 -0.706983 -0.7072306 0 -0.7071219 0.7070918 0 0.7069972 0.7072165 -3.53835e-5 0.70712 -0.7070936 0 0.9783792 0.2068192 0 -0.707091 -0.7071226 0 -0.6972705 0.7168082 0 0.7119949 -0.7021846 0 0.7062815 0.7079312 0 -0.7066048 0.7076084 0 -0.9999797 -0.006363809 0 -1.54426e-6 0 1 -0.7071007 0.707113 0 -0.7084392 -0.7057411 0.006600916 -0.709145 -0.7050171 -0.00802195 -0.7071503 -0.7070633 -6.26919e-6 0.7084433 0.7057369 0.006595611 0.7091385 0.7050238 -0.008008241 0.7071545 0.7070591 1.09638e-5 6.46596e-6 0 1 -0.7071108 0.7071028 0 0.7138062 0.7003387 0.002539098 0.7170342 0.6969657 -0.01004362 0.713629 0.7005239 1.09637e-5 -0.7072094 -0.7070041 0 -0.7071204 0.7070932 2.90534e-5 0.7069386 0.7072749 -4.95568e-5 0.7071162 -0.7070974 -3.0155e-5 1.29786e-4 9.829e-5 1 -1.31638e-4 1.22199e-4 1 -0.7071352 0.7070785 0 -0.7091367 -0.7050711 0 0.7091342 0.7050736 0 -8.10776e-6 0 1 -0.7069969 0.7072167 0 -0.7071368 -0.7070769 0 0.7071203 0.7070934 0 0.7070582 -0.7071554 0 -0.7069532 -0.7072604 0 -0.7122848 0.7012451 -0.03009468 0.7122901 -0.7012397 0.03009533 0.7072767 -0.706937 0 -0.7087228 -0.7054871 0 -2.43914e-6 0 1 -0.7071275 0.7070862 0 -4.7064e-6 0 1 0.7071177 0.7070959 0 -0.7071057 -0.7071079 0 0.7072589 -0.7069547 0 -0.7070839 -0.7071279 -0.001609086 -0.7071002 0.7070454 -0.009815394 0.7071006 0.7071131 0 0.7070949 -0.7070506 0.009811878 9.17046e-6 0 1 -8.51905e-6 0 1 -0.7070785 0.7071352 0 -0.7071249 -0.7070888 0 0.7071294 0.7070842 0 -0.001046538 -0.001040339 0.999999 0.7078058 -0.7063576 0.008366227 0.7322132 0.6810748 0.001034379 -0.7070818 -0.7071314 -7.32648e-4 -0.7060897 0.7080731 -0.008364498 2.92384e-5 0 1 0.7070768 -0.7071369 0 -0.7071143 -0.7070993 0 0.7071087 0.707105 0 7.62969e-6 0 1 0.7071032 -0.7071104 -3.57936e-6 -0.7071128 0.7071008 1.63621e-6 -0.7071766 -0.707037 3.93753e-5 0.7071294 0.7070842 -3.88607e-5 -0.7092062 0.7050011 0 0.7092018 -0.7050057 0 0.7069361 0.7072775 0 -0.7071055 0.7071081 8.60695e-5 0.7070967 0.7071169 -3.49682e-5 0.7071025 -0.7071111 -8.69677e-5 9.36231e-6 0 1 -0.7075723 -0.706641 0 -0.7086604 0.7055498 0 -0.9899346 -0.1415254 0 5.57407e-6 0 1 -3.01411e-6 0 1 -0.01196223 -0.004589855 0.999918 1.19739e-5 0 1 0.7071259 0.7070878 0 -0.7070908 0.7071229 0 -0.7075817 -0.7066316 0 0.7071269 -0.7070868 0 -1.99378e-5 0 1 -0.7070966 0.7071169 0 -0.705637 -0.7085735 0 0.7056344 0.7085762 0 0.7071716 -0.707042 0 -0.7070944 -0.7071192 0 -0.7070974 0.7071163 8.45504e-5 0.7072091 0.7070044 -3.47526e-5 0.7071011 -0.7071124 -7.53506e-5 -1.41953e-5 0 1 0.9783895 0.2067707 0 9.31654e-6 0 1 -0.6972645 0.716814 0 0.7119888 -0.7021909 0 0.7062855 0.7079272 0 -0.9999799 -0.006363928 0 7.43633e-6 0 1 -0.7071893 0.7070243 -2.6922e-5 -0.7071652 -0.7070484 9.65359e-6 -0.7071652 -0.7070484 -2.62316e-6 -0.7073105 -0.7068994 0.002299726 0.7071558 0.7070578 0 0.7071558 0.7070578 1.15706e-5 0.7073039 0.7069059 0.002312183 -0.7070593 0.7071543 0 0.7136455 0.7005069 0 0.7136456 0.7005069 1.17185e-5 0.713666 0.7004855 8.64321e-4 -0.7069812 -0.7072324 0 -0.7071129 0.7071006 0 0.7071508 0.7070628 -5.66349e-5 0.7071143 -0.7070993 0 6.79364e-5 9.82923e-5 1 -1.09338e-4 1.22197e-4 1 -0.7071316 0.707082 0 -0.709137 -0.7050708 0 0.7091269 0.7050809 0</float_array>
          <technique_common>
            <accessor source="#Plane_011-mesh-normals-array" count="192" stride="3">
              <param name="X" type="float"/>
              <param name="Y" type="float"/>
              <param name="Z" type="float"/>
            </accessor>
          </technique_common>
        </source>
        <source id="Plane_011-mesh-map-0">
          <float_array id="Plane_011-mesh-map-0-array" count="1266">0.9425128 0.6090453 0.9539949 0.4793944 0.9539949 0.609045 0.2413134 0.9634044 0.2298404 0.8804967 0.2413134 0.8805005 0.2599949 0.6087285 0.3428946 0.479088 0.3428946 0.6086986 0.5475775 0.3668369 0.464678 0.4964252 0.464678 0.3668089 0.2201473 0.731459 0.2086694 0.6485517 0.2201473 0.6485511 0.5261455 0.8817542 0.5294763 0.8625651 0.5294763 0.8817556 0.7348774 0.1263912 0.731547 0.2432724 0.731547 0.1263916 0.4619714 0.8543262 0.4586414 0.971207 0.4586414 0.8543266 0.4754094 0.9476785 0.4720633 0.8543252 0.4754094 0.8638771 0.3251911 0.6592363 0.3267419 0.6690823 0.3251911 0.6690829 0.4778707 0.8543259 0.4754096 0.971207 0.4754093 0.8543263 0.633836 0.5708278 0.636297 0.6877079 0.633836 0.6877081 0.4188905 0.945321 0.4178051 0.8587473 0.4188905 0.8618133 0.6820724 0.2479968 0.6787424 0.2674366 0.6787424 0.2479968 0.7425472 0.5272868 0.7392163 0.6757094 0.7392163 0.5272852 0.5124917 0.8512503 0.5096907 0.986416 0.5096907 0.8592841 0.5328066 0.8625637 0.5294762 0.8817557 0.5294762 0.8625637 0.3210173 0.8328258 0.320113 0.9732204 0.3201127 0.8354242 0.6511448 0.9509212 0.65783 0.7901244 0.65783 0.950916 0.3791887 0.7786739 0.3725034 0.9395024 0.3725034 0.7786711 0.5447862 0.8892976 0.5432366 0.862564 0.5447862 0.8625639 0.3785813 0.7785373 0.3770313 0.7517999 0.3785813 0.7517999 0.2742163 0.6876633 0.2757669 0.7177576 0.2742163 0.7178802 0.5503241 0.5438567 0.5578743 0.7705653 0.5503224 0.7705653 0.6938763 0.7050976 0.6954269 0.7353106 0.6938763 0.7353094 0.5578733 0.3169528 0.5503224 0.5436632 0.5503224 0.3169538 0.7497496 0.7317116 0.74867 0.8915339 0.74867 0.7286127 0.4865859 0.8446158 0.4874904 0.803959 0.4874905 0.8420192 0.3387149 0.8912697 0.3371651 0.8679154 0.3387149 0.8679154 0.5993697 0.5262498 0.5935303 0.5706694 0.5935303 0.5262473 0.5993697 0.5706722 0.6052091 0.5262561 0.6052091 0.5706675 0.4908397 0.8372675 0.4875945 0.67339 0.4908397 0.682248 0.7403027 0.2149221 0.7376257 -4.20874e-7 0.7403027 7.49495e-6 0.6052091 0.5714507 0.6078866 0.5526844 0.6078866 0.5713633 0.5328068 0.8817554 0.5354838 0.8627446 0.5354838 0.8819359 0.6220672 0.758479 0.6247434 0.9740545 0.6220672 0.9740702 0.3201126 0.832827 0.3210172 0.6694318 0.3210172 0.8302304 0.4069017 0.8296846 0.4053515 0.8029509 0.4069017 0.8029509 0.5385839 0.8893014 0.5370341 0.862564 0.5385839 0.862564 0.7221924 0.7428324 0.7155072 0.9305049 0.7155072 0.7428297 0.6170935 0.7584635 0.6237787 0.5708268 0.6237787 0.7584582 0.6114085 0.5578871 0.6150268 0.5262548 0.615027 0.5475004 0.417805 0.8587492 0.411605 0.8851664 0.4116049 0.8587476 0.6909994 0.7315201 0.6847996 0.7050996 0.6909994 0.7050975 0.6114086 0.5262556 0.6052092 0.5526843 0.6052092 0.5262582 0.3315327 0.8840722 0.3253349 0.8576416 0.3315327 0.8576461 0.5871077 0.7585198 0.582207 0.9179755 0.582207 0.7585205 0.7321931 0.7343128 0.727293 0.5748589 0.7321931 0.5748581 0.3813468 0.5447877 0.3819655 0.660861 0.3813468 0.6590951 0.5252446 0.5879269 0.5261313 0.5683219 0.5261313 0.5879276 0.5401348 0.8625645 0.5416858 0.8892763 0.5401348 0.889277 0.4865859 0.606325 0.4799087 0.8486701 0.4799087 0.606325 0.5463369 0.8625639 0.5478876 0.8892766 0.5463369 0.8892765 0.7111142 0.2423447 0.7044379 -4.3871e-7 0.7111142 -3.0617e-7 0.4582729 0.7304809 0.4571933 0.9014712 0.4571933 0.7273811 0.2821758 0.8641362 0.2800927 0.8834753 0.2800927 0.864136 0.6968807 0.5007295 0.6949782 0.4572051 0.6968795 0.4572051 0.3334343 0.8576416 0.3315328 0.9388969 0.3315333 0.8576416 0.2898465 0.883136 0.2917538 0.8641816 0.2917538 0.8831825 0.6285845 0.8735938 0.6252046 0.9326146 0.6252046 0.8500768 0.6999806 0.5139587 0.7008853 0.4572048 0.7008853 0.5113621 0.3418144 0.8912698 0.3402647 0.8679155 0.3418144 0.8679155 0.3251911 0.5960388 0.3193517 0.6592463 0.3193517 0.5960364 0.3251911 0.6592352 0.3310304 0.5960355 0.3310304 0.6592306 0.2860327 0.8641359 0.2879398 0.8833279 0.2860327 0.8833279 0.7295806 0.1609387 0.7276733 0.2670747 0.7276733 0.1609379 0.2879398 0.8833268 0.2898465 0.8641359 0.2898465 0.8833268 0.7276732 0.1609382 0.7248722 0.2598792 0.724872 0.1689721 0.3354553 0.860243 0.3363589 0.9878677 0.3354551 0.9904695 0.3402647 0.8912697 0.3387149 0.8679154 0.3402647 0.8679154 0.7331323 0.271216 0.727293 0.4230571 0.727293 0.271214 0.7272929 0.5748584 0.7331323 0.4230582 0.7331323 0.5748534 0.2933039 0.887487 0.2917538 0.8641359 0.2933039 0.8641359 0.5416858 0.8625646 0.5432366 0.8892764 0.5416858 0.8892771 0.7248721 0 0.7181949 0.1864737 0.7181949 0 0.5447862 0.862564 0.5463369 0.8892767 0.5447862 0.8892765 0.7288687 0.9293044 0.7221925 0.7428308 0.7288687 0.742831 0.7342119 0.8606076 0.7331323 0.9914627 0.7331323 0.857508 0.7471203 0.7479775 0.7451702 0.7286124 0.7470987 0.7286152 0.2821758 0.8641356 0.2841044 0.8833265 0.2821758 0.8833258 0.5682833 0.8908501 0.5755296 0.88661 0.5681892 0.9074172 0.5233955 0.6026895 0.5214672 0.5895297 0.5233955 0.5895309 0.6947973 0.4572054 0.6928693 0.5075451 0.6928693 0.4572061 0.7451701 0.9020241 0.7471203 0.7479775 0.7470987 0.9020268 0.7462496 0.6856271 0.74813 0.5462203 0.7481779 0.6856166 0.7481779 0.5272853 0.7462018 0.5462309 0.7462496 0.5272959 0.4619715 0.854326 0.4653095 0.9641066 0.4619717 0.9681199 0.6995609 0.257719 0.7004712 0.1901615 0.7004712 0.2551541 0.3433644 0.8910989 0.3418145 0.8679155 0.3433644 0.8679155 0.6945325 0.1901676 0.6887359 0.2664795 0.6887359 0.1901621 0.6829392 0.2665019 0.6887357 0.1901624 0.6887357 0.2664996 0.3310304 0.6680027 0.3338606 0.5960364 0.3338607 0.6601356 0.2841044 0.8641363 0.2860327 0.8833276 0.2841044 0.8833276 0.6945324 0.2658025 0.696461 0.1901623 0.696461 0.2658023 0.5385839 0.8625646 0.5401348 0.8892763 0.5385839 0.889277 0.5755297 0.7585221 0.582207 0.944997 0.5755329 0.9449962 0.2769923 0.8641359 0.2785429 0.8908362 0.2769923 0.8908354 0.5503224 0.9570419 0.5569987 0.7705671 0.5569955 0.9570408 0.7352916 0.8606075 0.734212 0.9914621 0.734212 0.8575079 0.5493577 0.9615641 0.5502634 0.8212729 0.5502637 0.9589745 0.2800927 0.8908318 0.2785428 0.8641359 0.2800927 0.8641359 0.7248721 3.16869e-7 0.731547 0.1609379 0.7248721 0.1609368 0.3821099 0.9638704 0.3887848 0.8029508 0.3887848 0.963868 0.9425128 0.6090453 0.9425156 0.479394 0.9539949 0.4793944 0.2413134 0.9634044 0.2298404 0.9634006 0.2298404 0.8804967 0.2599949 0.6087285 0.2599949 0.4791179 0.3428946 0.479088 0.5475775 0.3668369 0.5475775 0.4964532 0.464678 0.4964252 0.2201473 0.731459 0.2086694 0.7314596 0.2086694 0.6485517 0.5261455 0.8817542 0.5261455 0.8625637 0.5294763 0.8625651 0.7348774 0.1263912 0.7348774 0.243272 0.731547 0.2432724 0.4619714 0.8543262 0.4619714 0.9712066 0.4586414 0.971207 0.4754094 0.9476785 0.4720635 0.9381272 0.4720633 0.8543252 0.3251911 0.6592363 0.3267419 0.6592357 0.3267419 0.6690823 0.4778707 0.8543259 0.4778692 0.971207 0.4754096 0.971207 0.633836 0.5708278 0.6362991 0.5708271 0.636297 0.6877079 0.4188905 0.945321 0.4178051 0.9422548 0.4178051 0.8587473 0.6820724 0.2479968 0.6820724 0.2674367 0.6787424 0.2674366 0.7425472 0.5272868 0.7425472 0.675711 0.7392163 0.6757094 0.5124917 0.8512503 0.5125278 0.9782817 0.5096907 0.986416 0.5328066 0.8625637 0.5328066 0.8817557 0.5294762 0.8817557 0.3210173 0.8328258 0.3210173 0.9706257 0.320113 0.9732204 0.6511448 0.9509212 0.6511448 0.7901297 0.65783 0.7901244 0.3791887 0.7786739 0.3791887 0.9395052 0.3725034 0.9395024 0.5447862 0.8892976 0.5432366 0.8892976 0.5432366 0.862564 0.3785813 0.7785373 0.3770313 0.7785373 0.3770313 0.7517999 0.2742163 0.6876633 0.2757669 0.6875407 0.2757669 0.7177576 0.5503241 0.5438567 0.5578743 0.5437594 0.5578743 0.7705653 0.6938763 0.7050976 0.6954269 0.7050988 0.6954269 0.7353106 0.5578733 0.3169528 0.5578754 0.5437591 0.5503224 0.5436632 0.7497496 0.7317116 0.7497496 0.8946329 0.74867 0.8915339 0.4865859 0.8446158 0.4865859 0.8065565 0.4874904 0.803959 0.3387149 0.8912697 0.3371651 0.8912697 0.3371651 0.8679154 0.5993697 0.5262498 0.5993697 0.5706718 0.5935303 0.5706694 0.5993697 0.5706722 0.5993697 0.5262607 0.6052091 0.5262561 0.4908397 0.8372675 0.4875032 0.8276619 0.4875945 0.67339 0.7403027 0.2149221 0.7376257 0.2149146 0.7376257 -4.20874e-7 0.6052091 0.5714507 0.6052091 0.5527719 0.6078866 0.5526844 0.5328068 0.8817554 0.5328068 0.8625642 0.5354838 0.8627446 0.6220672 0.758479 0.6247434 0.7584636 0.6247434 0.9740545 0.3201126 0.832827 0.3201128 0.672028 0.3210172 0.6694318 0.4069017 0.8296846 0.4053515 0.8296846 0.4053515 0.8029509 0.5385839 0.8893014 0.5370341 0.8893014 0.5370341 0.862564 0.7221924 0.7428324 0.7221924 0.9305077 0.7155072 0.9305049 0.6170935 0.7584635 0.6170935 0.5708321 0.6237787 0.5708268 0.6114085 0.5578871 0.6114085 0.5366411 0.6150268 0.5262548 0.417805 0.8587492 0.417805 0.885168 0.411605 0.8851664 0.6909994 0.7315201 0.6847996 0.7315222 0.6847996 0.7050996 0.6114086 0.5262556 0.6114086 0.5526816 0.6052092 0.5526843 0.3315327 0.8840722 0.3253349 0.8840677 0.3253349 0.8576416 0.5871077 0.7585198 0.5871077 0.9179748 0.582207 0.9179755 0.7321931 0.7343128 0.727293 0.7343135 0.727293 0.5748589 0.3813468 0.5447877 0.3819654 0.546553 0.3819655 0.660861 0.5252446 0.5879269 0.5252446 0.5683212 0.5261313 0.5683219 0.5401348 0.8625645 0.5416858 0.8625639 0.5416858 0.8892763 0.4865859 0.606325 0.4865859 0.848672 0.4799087 0.8486701 0.5463369 0.8625639 0.5478876 0.8625641 0.5478876 0.8892766 0.7111142 0.2423447 0.7044379 0.2423469 0.7044379 -4.3871e-7 0.4582729 0.7304809 0.4582729 0.9045709 0.4571933 0.9014712 0.2821758 0.8641362 0.2821758 0.8834754 0.2800927 0.8834753 0.6968807 0.5007295 0.6947973 0.5007295 0.6949782 0.4572051 0.3334343 0.8576416 0.3334399 0.9388969 0.3315328 0.9388969 0.2898465 0.883136 0.2898465 0.8641352 0.2917538 0.8641816 0.6361526 0.8814286 0.6361555 0.8953357 0.6285845 0.8735938 0.6285845 0.8735938 0.6285442 0.9318739 0.6252046 0.9326146 0.6252046 0.8500768 0.6361526 0.8814286 0.6285845 0.8735938 0.6999806 0.5139587 0.6999808 0.4598009 0.7008853 0.4572048 0.3418144 0.8912698 0.3402647 0.8912698 0.3402647 0.8679155 0.3251911 0.5960388 0.3251911 0.6592487 0.3193517 0.6592463 0.3251911 0.6592352 0.325191 0.5960401 0.3310304 0.5960355 0.2860327 0.8641359 0.2879398 0.8641359 0.2879398 0.8833279 0.7295806 0.1609387 0.7295806 0.2670755 0.7276733 0.2670747 0.2879398 0.8833268 0.2879398 0.8641359 0.2898465 0.8641359 0.7276732 0.1609382 0.7276732 0.2518466 0.7248722 0.2598792 0.3354553 0.860243 0.3363589 0.8576417 0.3363589 0.9878677 0.3402647 0.8912697 0.3387149 0.8912697 0.3387149 0.8679154 0.7331323 0.271216 0.7331323 0.4230592 0.727293 0.4230571 0.7272929 0.5748584 0.7272929 0.4230632 0.7331323 0.4230582 0.2933039 0.887487 0.2917538 0.887487 0.2917538 0.8641359 0.5416858 0.8625646 0.5432366 0.862564 0.5432366 0.8892764 0.7248721 0 0.7248721 0.1864756 0.7181949 0.1864737 0.5447862 0.862564 0.5463368 0.8625642 0.5463369 0.8892767 0.7288687 0.9293044 0.7221925 0.9293061 0.7221925 0.7428308 0.7342119 0.8606076 0.7342119 0.9945625 0.7331323 0.9914627 0.7471203 0.7479775 0.7451918 0.7479748 0.7451702 0.7286124 0.2821758 0.8641356 0.2841044 0.8641364 0.2841044 0.8833265 0.5681892 0.9074172 0.5663771 0.8962932 0.5682833 0.8908501 0.5663771 0.8962932 0.5663771 0.7641957 0.5682833 0.8908501 0.5663771 0.7641957 0.5682958 0.7585218 0.5682833 0.8908501 0.5682833 0.8908501 0.5755265 0.8701669 0.5755296 0.88661 0.5233955 0.6026895 0.5214672 0.6026883 0.5214672 0.5895297 0.6947973 0.4572054 0.6947973 0.5075443 0.6928693 0.5075451 0.7451701 0.9020241 0.7451918 0.7479748 0.7471203 0.7479775 0.7462496 0.6856271 0.7462018 0.5462309 0.74813 0.5462203 0.7481779 0.5272853 0.74813 0.5462203 0.7462018 0.5462309 0.4619715 0.854326 0.4653095 0.863922 0.4653095 0.9641066 0.6995609 0.257719 0.6995611 0.1927258 0.7004712 0.1901615 0.3433644 0.8910989 0.3418145 0.8910989 0.3418145 0.8679155 0.6945325 0.1901676 0.6945325 0.2664839 0.6887359 0.2664795 0.6829392 0.2665019 0.6829392 0.1901647 0.6887357 0.1901624 0.3310304 0.6680027 0.3310304 0.6039044 0.3338606 0.5960364 0.2841044 0.8641363 0.2860327 0.8641359 0.2860327 0.8833276 0.6945324 0.2658025 0.6945324 0.1901621 0.696461 0.1901623 0.5385839 0.8625646 0.5401348 0.8625639 0.5401348 0.8892763 0.5755297 0.7585221 0.582207 0.7585202 0.582207 0.944997 0.2769923 0.8641359 0.2785427 0.8641367 0.2785429 0.8908362 0.5503224 0.9570419 0.5503224 0.770565 0.5569987 0.7705671 0.7352916 0.8606075 0.7352915 0.9945612 0.734212 0.9914621 0.5493577 0.9615641 0.5493577 0.823862 0.5502634 0.8212729 0.2800927 0.8908318 0.2785428 0.8908318 0.2785428 0.8641359 0.7248721 3.16869e-7 0.731547 1.38513e-6 0.731547 0.1609379 0.3821099 0.9638704 0.3821099 0.8029531 0.3887848 0.8029508</float_array>
          <technique_common>
            <accessor source="#Plane_011-mesh-map-0-array" count="633" stride="2">
              <param name="S" type="float"/>
              <param name="T" type="float"/>
            </accessor>
          </technique_common>
        </source>
        <source id="Plane_011-mesh-colors-Attribute" name="Attribute">
          <float_array id="Plane_011-mesh-colors-Attribute-array" count="2532">1 1 1 1 1 1 1 1 1 1 1 1 1 1 1 1 1 1 1 1 1 1 1 1 1 1 1 1 1 1 1 1 1 1 1 1 1 1 1 1 1 1 1 1 1 1 1 1 1 1 1 1 1 1 1 1 1 1 1 1 1 1 1 1 1 1 1 1 1 1 1 1 1 1 1 1 1 1 1 1 1 1 1 1 1 1 1 1 1 1 1 1 1 1 1 1 1 1 1 1 1 1 1 1 1 1 1 1 1 1 1 1 1 1 1 1 1 1 1 1 1 1 1 1 1 1 1 1 1 1 1 1 1 1 1 1 1 1 1 1 1 1 1 1 1 1 1 1 1 1 1 1 1 1 1 1 1 1 1 1 1 1 1 1 1 1 1 1 1 1 1 1 1 1 1 1 1 1 1 1 1 1 1 1 1 1 1 1 1 1 1 1 1 1 1 1 1 1 1 1 1 1 1 1 1 1 1 1 1 1 1 1 1 1 1 1 1 1 1 1 1 1 1 1 1 1 1 1 1 1 1 1 1 1 1 1 1 1 1 1 1 1 1 1 1 1 1 1 1 1 1 1 1 1 1 1 1 1 1 1 1 1 1 1 1 1 1 1 1 1 1 1 1 1 1 1 1 1 1 1 1 1 1 1 1 1 1 1 1 1 1 1 1 1 1 1 1 1 1 1 1 1 1 1 1 1 1 1 1 1 1 1 1 1 1 1 1 1 1 1 1 1 1 1 1 1 1 1 1 1 1 1 1 1 1 1 1 1 1 1 1 1 1 1 1 1 1 1 1 1 1 1 1 1 1 1 1 1 1 1 1 1 1 1 1 1 1 1 1 1 1 1 1 1 1 1 1 1 1 1 1 1 1 1 1 1 1 1 1 1 1 1 1 1 1 1 1 1 1 1 1 1 1 1 1 1 1 1 1 1 1 1 1 1 1 1 1 1 1 1 1 1 1 1 1 1 1 1 1 1 1 1 1 1 1 1 1 1 1 1 1 1 1 1 1 1 1 1 1 1 1 1 1 1 1 1 1 1 1 1 1 1 1 1 1 1 1 1 1 1 1 1 1 1 1 1 1 1 1 1 1 1 1 1 1 1 1 1 1 1 1 1 1 1 1 1 1 1 1 1 1 1 1 1 1 1 1 1 1 1 1 1 1 1 1 1 1 1 1 1 1 1 1 1 1 1 1 1 1 1 1 1 1 1 1 1 1 1 1 1 1 1 1 1 1 1 1 1 1 1 1 1 1 1 1 1 1 1 1 1 1 1 1 1 1 1 1 1 1 1 1 1 1 1 1 1 1 1 1 1 1 1 1 1 1 1 1 1 1 1 1 1 1 1 1 1 1 1 1 1 1 1 1 1 1 1 1 1 1 1 1 1 1 1 1 1 1 1 1 1 1 1 1 1 1 1 1 1 1 1 1 1 1 1 1 1 1 1 1 1 1 1 1 1 1 1 1 1 1 1 1 1 1 1 1 1 1 1 1 1 1 1 1 1 1 1 1 1 1 1 1 1 1 1 1 1 1 1 1 1 1 1 1 1 1 1 1 1 1 1 1 1 1 1 1 1 1 1 1 1 1 1 1 1 1 1 1 1 1 1 1 1 1 1 1 1 1 1 1 1 1 1 1 1 1 1 1 1 1 1 1 1 1 1 1 1 1 1 1 1 1 1 1 1 1 1 1 1 1 1 1 1 1 1 1 1 1 1 1 1 1 1 1 1 1 1 1 1 1 1 1 1 1 1 1 1 1 1 1 1 1 1 1 1 1 1 1 1 1 1 1 1 1 1 1 1 1 1 1 1 1 1 1 1 1 1 1 1 1 1 1 1 1 1 1 1 1 1 1 1 1 1 1 1 1 1 1 1 1 1 1 1 1 1 1 1 1 1 1 1 1 1 1 1 1 1 1 1 1 1 1 1 1 1 1 1 1 1 1 1 1 1 1 1 1 1 1 1 1 1 1 1 1 1 1 1 1 1 1 1 1 1 1 1 1 1 1 1 1 1 1 1 1 1 1 1 1 1 1 1 1 1 1 1 1 1 1 1 1 1 1 1 1 1 1 1 1 1 1 1 1 1 1 1 1 1 1 1 1 1 1 1 1 1 1 1 1 1 1 1 1 1 1 1 1 1 1 1 1 1 1 1 1 1 1 1 1 1 1 1 1 1 1 1 1 1 1 1 1 1 1 1 1 1 1 1 1 1 1 1 1 1 1 1 1 1 1 1 1 1 1 1 1 1 1 1 1 1 1 1 1 1 1 1 1 1 1 1 1 1 1 1 1 1 1 1 1 1 1 1 1 1 1 1 1 1 1 1 1 1 1 1 1 1 1 1 1 1 1 1 1 1 1 1 1 1 1 1 1 1 1 1 1 1 1 1 1 1 1 1 1 1 1 1 1 1 1 1 1 1 1 1 1 1 1 1 1 1 1 1 1 1 1 1 1 1 1 1 1 1 1 1 1 1 1 1 1 1 1 1 1 1 1 1 1 1 1 1 1 1 1 1 1 1 1 1 1 1 1 1 1 1 1 1 1 1 1 1 1 1 1 1 1 1 1 1 1 1 1 1 1 1 1 1 1 1 1 1 1 1 1 1 1 1 1 1 1 1 1 1 1 1 1 1 1 1 1 1 1 1 1 1 1 1 1 1 1 1 1 1 1 1 1 1 1 1 1 1 1 1 1 1 1 1 1 1 1 1 1 1 1 1 1 1 1 1 1 1 1 1 1 1 1 1 1 1 1 1 1 1 1 1 1 1 1 1 1 1 1 1 1 1 1 1 1 1 1 1 1 1 1 1 1 1 1 1 1 1 1 1 1 1 1 1 1 1 1 1 1 1 1 1 1 1 1 1 1 1 1 1 1 1 1 1 1 1 1 1 1 1 1 1 1 1 1 1 1 1 1 1 1 1 1 1 1 1 1 1 1 1 1 1 1 1 1 1 1 1 1 1 1 1 1 1 1 1 1 1 1 1 1 1 1 1 1 1 1 1 1 1 1 1 1 1 1 1 1 1 1 1 1 1 1 1 1 1 1 1 1 1 1 1 1 1 1 1 1 1 1 1 1 1 1 1 1 1 1 1 1 1 1 1 1 1 1 1 1 1 1 1 1 1 1 1 1 1 1 1 1 1 1 1 1 1 1 1 1 1 1 1 1 1 1 1 1 1 1 1 1 1 1 1 1 1 1 1 1 1 1 1 1 1 1 1 1 1 1 1 1 1 1 1 1 1 1 1 1 1 1 1 1 1 1 1 1 1 1 1 1 1 1 1 1 1 1 1 1 1 1 1 1 1 1 1 1 1 1 1 1 1 1 1 1 1 1 1 1 1 1 1 1 1 1 1 1 1 1 1 1 1 1 1 1 1 1 1 1 1 1 1 1 1 1 1 1 1 1 1 1 1 1 1 1 1 1 1 1 1 1 1 1 1 1 1 1 1 1 1 1 1 1 1 1 1 1 1 1 1 1 1 1 1 1 1 1 1 1 1 1 1 1 1 1 1 1 1 1 1 1 1 1 1 1 1 1 1 1 1 1 1 1 1 1 1 1 1 1 1 1 1 1 1 1 1 1 1 1 1 1 1 1 1 1 1 1 1 1 1 1 1 1 1 1 1 1 1 1 1 1 1 1 1 1 1 1 1 1 1 1 1 1 1 1 1 1 1 1 1 1 1 1 1 1 1 1 1 1 1 1 1 1 1 1 1 1 1 1 1 1 1 1 1 1 1 1 1 1 1 1 1 1 1 1 1 1 1 1 1 1 1 1 1 1 1 1 1 1 1 1 1 1 1 1 1 1 1 1 1 1 1 1 1 1 1 1 1 1 1 1 1 1 1 1 1 1 1 1 1 1 1 1 1 1 1 1 1 1 1 1 1 1 1 1 1 1 1 1 1 1 1 1 1 1 1 1 1 1 1 1 1 1 1 1 1 1 1 1 1 1 1 1 1 1 1 1 1 1 1 1 1 1 1 1 1 1 1 1 1 1 1 1 1 1 1 1 1 1 1 1 1 1 1 1 1 1 1 1 1 1 1 1 1 1 1 1 1 1 1 1 1 1 1 1 1 1 1 1 1 1 1 1 1 1 1 1 1 1 1 1 1 1 1 1 1 1 1 1 1 1 1 1 1 1 1 1 1 1 1 1 1 1 1 1 1 1 1 1 1 1 1 1 1 1 1 1 1 1 1 1 1 1 1 1 1 1 1 1 1 1 1 1 1 1 1 1 1 1 1 1 1 1 1 1 1 1 1 1 1 1 1 1 1 1 1 1 1 1 1 1 1 1 1 1 1 1 1 1 1 1 1 1 1 1 1 1 1 1 1 1 1 1 1 1 1 1 1 1 1 1 1 1 1 1 1 1 1 1 1 1 1 1 1 1 1 1 1 1 1 1 1 1 1 1 1 1 1 1 1 1 1 1 1 1 1 1 1 1 1 1 1 1 1 1 1 1 1 1 1 1 1 1 1 1 1 1 1 1 1 1 1 1 1 1 1 1 1 1 1 1 1 1 1 1 1 1 1 1 1 1 1 1 1 1 1 1 1 1 1 1 1 1 1 1 1 1 1 1 1 1 1 1 1 1 1 1 1 1 1 1 1 1 1 1 1 1 1 1 1 1 1 1 1 1 1 1 1 1 1 1 1 1 1 1 1 1 1 1 1 1 1 1 1 1 1 1 1 1 1 1 1 1 1 1 1 1 1 1 1 1 1 1 1 1 1 1 1 1 1 1 1 1 1 1 1 1 1 1 1 1 1 1 1 1 1 1 1 1 1 1 1 1 1 1 1 1 1 1 1 1 1 1 1 1 1 1 1 1 1 1 1 1 1 1 1 1 1 1 1 1 1 1 1 1 1 1 1 1 1 1 1 1 1 1 1 1 1 1 1 1 1 1 1 1 1 1 1 1 1 1 1 1 1 1 1 1 1 1 1 1 1 1 1 1 1 1 1 1 1 1 1 1 1 1 1 1 1 1 1 1 1 1 1 1 1 1 1 1 1 1 1 1 1 1 1 1 1 1 1 1 1 1 1 1 1 1 1 1 1 1 1 1 1 1 1 1 1 1 1 1 1 1 1 1 1 1 1 1 1 1 1 1 1 1 1 1 1 1 1 1 1 1 1 1 1 1 1 1 1 1 1 1 1 1 1 1 1 1 1 1 1 1 1 1 1 1 1 1 1 1 1 1 1 1 1 1 1 1 1 1 1 1 1 1 1 1 1 1 1 1 1 1 1 1 1 1 1 1 1 1 1 1 1 1 1 1 1 1 1 1 1 1 1 1 1 1 1 1 1 1 1 1 1 1 1 1 1 1 1 1 1 1 1 1 1 1 1 1 1 1 1 1 1 1 1 1 1 1 1 1 1 1 1 1 1 1 1 1 1 1 1 1 1 1 1 1 1 1 1 1 1 1 1 1 1 1 1 1 1 1 1 1 1 1 1 1 1 1 1 1 1 1 1 1 1 1 1 1 1 1 1 1 1 1 1 1 1 1 1 1 1 1 1 1 1 1 1 1 1 1 1 1 1 1 1 1 1 1 1 1 1 1 1 1 1 1 1 1 1 1 1 1 1 1 1 1 1 1 1 1 1 1 1 1 1 1 1 1 1 1 1 1 1 1 1 1 1 1 1 1 1 1 1 1 1 1 1 1 1 1 1 1 1 1 1 1 1 1 1 1 1 1 1 1 1 1 1 1 1 1 1 1 1</float_array>
          <technique_common>
            <accessor source="#Plane_011-mesh-colors-Attribute-array" count="633" stride="4">
              <param name="R" type="float"/>
              <param name="G" type="float"/>
              <param name="B" type="float"/>
              <param name="A" type="float"/>
            </accessor>
          </technique_common>
        </source>
        <vertices id="Plane_011-mesh-vertices">
          <input semantic="POSITION" source="#Plane_011-mesh-positions"/>
        </vertices>
        <triangles material="slabs_large-material" count="211">
          <input semantic="VERTEX" source="#Plane_011-mesh-vertices" offset="0"/>
          <input semantic="NORMAL" source="#Plane_011-mesh-normals" offset="1"/>
          <input semantic="TEXCOORD" source="#Plane_011-mesh-map-0" offset="2" set="0"/>
          <input semantic="COLOR" source="#Plane_011-mesh-colors-Attribute" offset="3" set="0"/>
          <p>3 0 0 0 1 0 1 1 2 0 2 2 5 1 3 3 1 1 4 4 0 1 5 5 6 2 6 6 2 2 7 7 1 2 8 8 4 3 9 9 0 3 10 10 3 3 11 11 7 4 12 12 3 4 13 13 2 4 14 14 9 5 15 15 10 5 16 16 8 5 17 17 11 6 18 18 14 6 19 19 10 6 20 20 13 7 21 21 8 7 22 22 12 7 23 23 11 8 24 24 13 8 25 25 15 8 26 26 17 9 27 27 18 9 28 28 16 9 29 29 19 10 30 30 22 10 31 31 18 10 32 32 20 11 33 33 17 11 34 34 16 11 35 35 19 12 36 36 21 12 37 37 23 12 38 38 30 13 39 39 29 13 40 40 25 13 41 41 28 14 42 42 25 14 43 43 27 14 44 44 27 0 45 45 29 0 46 46 31 0 47 47 26 15 48 48 27 15 49 49 31 15 50 50 33 0 51 51 34 0 52 52 35 0 53 53 39 16 54 54 35 16 55 55 34 16 56 56 37 17 57 57 32 17 58 58 33 17 59 59 36 18 60 60 34 18 61 61 32 18 62 62 38 19 63 63 33 19 64 64 35 19 65 65 41 20 66 66 42 20 67 67 40 20 68 68 42 21 69 69 47 21 70 70 46 21 71 71 47 22 72 72 44 22 73 73 46 22 74 74 45 23 75 75 40 23 76 76 44 23 77 77 47 24 78 78 41 24 79 79 45 24 80 80 51 0 81 81 49 0 82 82 50 0 83 83 53 25 84 84 49 25 85 85 48 25 86 86 54 26 87 87 50 26 88 88 49 26 89 89 52 27 90 90 48 27 91 91 51 27 92 92 58 28 93 93 59 28 94 94 57 28 95 95 56 29 96 96 63 29 97 97 59 29 98 98 57 30 99 99 63 30 100 100 61 30 101 101 56 31 102 102 62 31 103 103 60 31 104 104 57 32 105 105 62 32 106 106 58 32 107 107 67 0 108 108 65 0 109 109 66 0 110 110 71 33 111 111 67 33 112 112 66 33 113 113 69 34 114 114 65 34 115 115 64 34 116 116 70 35 117 117 66 35 118 118 65 35 119 119 68 36 120 120 64 36 121 121 67 36 122 122 75 0 123 123 73 0 124 124 74 0 125 125 74 37 126 126 76 37 127 127 75 37 128 128 77 38 129 129 73 38 130 130 72 38 131 131 73 39 132 132 79 39 133 133 74 39 134 134 76 40 135 135 72 40 136 136 75 40 137 137 87 41 138 138 84 41 139 139 85 41 140 140 83 42 141 141 80 42 142 142 82 42 143 143 82 43 144 144 87 43 145 145 83 43 146 146 84 44 147 147 82 44 148 148 80 44 149 149 89 45 150 150 90 45 151 151 88 45 152 152 91 46 153 153 94 46 154 154 90 46 155 155 95 47 156 156 92 47 157 157 94 47 158 158 92 48 159 159 89 48 160 160 88 48 161 161 95 0 162 162 89 0 163 163 93 0 164 164 101 49 165 165 105 49 166 166 104 49 167 167 105 50 168 168 103 50 169 169 106 50 170 170 103 51 171 171 99 51 172 172 106 51 173 173 98 52 174 174 97 52 175 175 96 52 176 176 106 53 177 177 98 53 178 178 100 53 179 179 110 54 180 180 108 54 181 181 109 54 182 182 112 25 183 183 108 25 184 184 107 25 185 185 113 55 186 186 109 55 187 187 108 55 188 188 111 56 189 189 107 56 190 190 110 56 191 191 119 57 192 192 117 57 193 193 121 57 194 194 117 58 195 195 122 58 196 196 121 58 197 197 120 59 198 198 118 59 199 199 115 59 200 200 121 0 201 201 120 0 202 202 119 0 203 203 123 60 204 204 125 60 205 205 126 60 206 206 128 61 207 207 124 61 208 208 123 61 209 209 129 62 210 210 125 62 211 211 124 62 212 212 127 63 213 213 123 63 214 214 126 63 215 215 130 64 216 216 126 64 217 217 125 64 218 218 132 65 219 219 133 65 220 220 131 65 221 221 134 66 222 222 137 66 223 223 133 66 224 224 138 67 225 225 135 67 226 226 137 67 227 227 135 68 228 228 132 68 229 229 131 68 230 230 138 0 231 231 132 0 232 232 136 0 233 233 150 69 234 234 139 69 235 235 143 69 236 236 142 70 237 237 144 70 238 238 140 70 239 239 148 0 240 240 140 0 241 241 139 0 242 242 151 71 243 243 146 71 244 244 149 71 245 245 139 72 246 246 144 72 247 247 143 72 248 248 146 73 249 249 150 73 250 250 149 73 251 251 156 74 252 252 155 74 253 253 157 74 254 254 154 75 255 255 153 75 256 256 152 75 257 257 158 76 258 258 155 76 259 259 154 76 260 260 162 0 261 261 160 0 262 262 161 0 263 263 164 77 264 264 160 77 265 265 159 77 266 266 165 78 267 267 161 79 268 268 160 80 269 269 163 81 270 270 159 82 271 271 162 83 272 272 170 84 273 273 168 84 274 274 169 84 275 275 167 85 276 276 173 85 277 277 168 85 278 278 171 86 279 279 167 87 280 280 170 88 281 281 175 89 282 282 176 89 283 283 174 89 284 284 176 90 285 285 181 90 286 286 180 90 287 287 181 91 288 288 178 91 289 289 180 91 290 290 179 92 291 291 174 92 292 292 178 92 293 293 181 93 294 294 175 93 295 295 179 93 296 296 185 94 297 297 183 94 298 298 184 94 299 299 187 95 300 300 183 95 301 301 182 95 302 302 183 96 303 303 189 96 304 304 184 96 305 305 186 97 306 306 182 97 307 307 185 97 308 308 3 98 309 309 0 98 310 310 1 98 311 311 5 99 312 312 6 99 313 313 1 99 314 314 6 100 315 315 7 100 316 316 2 100 317 317 4 101 318 318 5 101 319 319 0 101 320 320 7 102 321 321 4 102 322 322 3 102 323 323 9 5 324 324 11 5 325 325 10 5 326 326 11 6 327 327 15 6 328 328 14 6 329 329 13 7 330 330 9 7 331 331 8 7 332 332 11 0 333 333 9 0 334 334 13 0 335 335 17 103 336 336 19 103 337 337 18 103 338 338 19 104 339 339 23 104 340 340 22 104 341 341 20 105 342 342 21 105 343 343 17 105 344 344 19 0 345 345 17 0 346 346 21 0 347 347 30 106 348 348 24 106 349 349 29 106 350 350 28 107 351 351 30 107 352 352 25 107 353 353 27 108 354 354 25 108 355 355 29 108 356 356 26 109 357 357 28 109 358 358 27 109 359 359 33 110 360 360 32 110 361 361 34 110 362 362 39 111 363 363 38 111 364 364 35 111 365 365 37 112 366 366 36 112 367 367 32 112 368 368 36 113 369 369 39 113 370 370 34 113 371 371 38 19 372 372 37 19 373 373 33 19 374 374 41 114 375 375 43 114 376 376 42 114 377 377 42 115 378 378 43 115 379 379 47 115 380 380 47 116 381 381 45 116 382 382 44 116 383 383 45 117 384 384 41 117 385 385 40 117 386 386 47 118 387 387 43 118 388 388 41 118 389 389 51 119 390 390 48 119 391 391 49 119 392 392 53 120 393 393 54 120 394 394 49 120 395 395 54 121 396 396 55 121 397 397 50 121 398 398 52 122 399 399 53 122 400 400 48 122 401 401 58 123 402 402 56 123 403 403 59 123 404 404 56 124 405 405 60 124 406 406 63 124 407 407 57 125 408 408 59 125 409 409 63 125 410 410 56 126 411 411 58 126 412 412 62 126 413 413 57 127 414 414 61 127 415 415 62 127 416 416 67 128 417 417 64 128 418 418 65 128 419 419 71 129 420 420 68 129 421 421 67 129 422 422 69 34 423 423 70 34 424 424 65 34 425 425 70 130 426 426 71 130 427 427 66 130 428 428 68 131 429 429 69 131 430 430 64 131 431 431 75 132 432 432 72 132 433 433 73 132 434 434 74 133 435 435 79 133 436 436 76 133 437 437 77 134 438 438 78 134 439 439 73 134 440 440 73 135 441 441 78 135 442 442 79 135 443 443 76 136 444 444 77 136 445 445 72 136 446 446 87 137 447 447 86 137 448 448 84 137 449 449 83 138 450 450 81 138 451 451 80 138 452 452 82 0 453 453 86 0 454 454 87 0 455 455 84 139 456 456 86 139 457 457 82 139 458 458 89 65 459 459 91 65 460 460 90 65 461 461 91 140 462 462 95 140 463 463 94 140 464 464 95 141 465 465 93 141 466 466 92 141 467 467 92 142 468 468 93 142 469 469 89 142 470 470 95 143 471 471 91 143 472 472 89 143 473 473 101 49 474 474 102 49 475 475 105 49 476 476 105 144 477 477 102 144 478 478 103 144 479 479 103 145 480 480 97 145 481 481 99 145 482 482 98 146 483 483 99 146 484 484 97 146 485 485 104 147 486 486 105 147 487 487 106 147 488 488 106 148 489 489 99 148 490 490 98 148 491 491 100 149 492 492 104 149 493 493 106 149 494 494 110 150 495 495 107 150 496 496 108 150 497 497 112 25 498 498 113 25 499 499 108 25 500 500 113 55 501 501 114 55 502 502 109 55 503 503 111 151 504 504 112 151 505 505 107 151 506 506 119 152 507 507 116 152 508 508 117 152 509 509 117 153 510 510 118 153 511 511 122 153 512 512 120 154 513 513 122 154 514 514 118 154 515 515 121 0 516 516 122 0 517 517 120 0 518 518 123 155 519 519 124 155 520 520 125 155 521 521 128 156 522 522 129 156 523 523 124 156 524 524 129 157 525 525 130 157 526 526 125 157 527 527 127 158 528 528 128 158 529 529 123 158 530 530 130 159 531 531 127 159 532 532 126 159 533 533 132 160 534 534 134 160 535 535 133 160 536 536 134 161 537 537 138 161 538 538 137 161 539 539 138 162 540 540 136 162 541 541 135 162 542 542 135 163 543 543 136 163 544 544 132 163 545 545 138 164 546 546 134 164 547 547 132 164 548 548 150 165 549 549 141 165 550 550 139 165 551 551 142 70 552 552 145 70 553 553 144 70 554 554 139 0 555 555 141 0 556 556 148 0 557 557 141 166 558 558 146 166 559 559 148 166 560 560 146 0 561 561 147 0 562 562 148 0 563 563 148 0 564 564 142 0 565 565 140 0 566 566 151 167 567 567 147 167 568 568 146 167 569 569 139 168 570 570 140 168 571 571 144 168 572 572 146 169 573 573 141 169 574 574 150 169 575 575 156 74 576 576 153 74 577 577 155 74 578 578 154 170 579 579 155 170 580 580 153 170 581 581 158 0 582 582 157 0 583 583 155 0 584 584 162 171 585 585 159 171 586 586 160 171 587 587 164 172 588 588 165 172 589 589 160 172 590 590 165 173 591 591 166 174 592 592 161 175 593 593 163 176 594 594 164 177 595 595 159 178 596 596 170 0 597 597 167 0 598 598 168 0 599 599 167 179 600 600 172 179 601 601 173 179 602 602 171 180 603 603 172 181 604 604 167 182 605 605 175 183 606 606 177 183 607 607 176 183 608 608 176 184 609 609 177 184 610 610 181 184 611 611 181 185 612 612 179 185 613 613 178 185 614 614 179 186 615 615 175 186 616 616 174 186 617 617 181 187 618 618 177 187 619 619 175 187 620 620 185 188 621 621 182 188 622 622 183 188 623 623 187 189 624 624 188 189 625 625 183 189 626 626 183 190 627 627 188 190 628 628 189 190 629 629 186 191 630 630 187 191 631 631 182 191 632 632</p>
        </triangles>
      </mesh>
    </geometry>
  </library_geometries>
  <library_visual_scenes>
    <visual_scene id="Scene" name="Scene">
      <node id="base00" name="base00" type="NODE">
        <matrix sid="transform">1 0 0 0 0 1 0 0 0 0 1 0 0 0 0 1</matrix>
        <node id="start01" name="start01" type="NODE">
          <matrix sid="transform">1 0 0 0 0 1 0 0 0 0 1 0 0 0 0 1</matrix>
          <node id="Colmesh_s_brick_walls_slums_car_shops-1" name="Colmesh_s_brick_walls_slums_car_shops-1" type="NODE">
            <matrix sid="transform">1 0 0 0 0 1 0 0 0 0 1 0 0 0 0 1</matrix>
            <instance_geometry url="#Plane_011-mesh" name="Colmesh_s_brick_walls_slums_car_shops-1">
              <bind_material>
                <technique_common>
                  <instance_material symbol="slabs_large-material" target="#slabs_large-material">
                    <bind_vertex_input semantic="UVMap" input_semantic="TEXCOORD" input_set="0"/>
                  </instance_material>
                </technique_common>
              </bind_material>
            </instance_geometry>
          </node>
          <node id="s_brick_walls_slums_car_shops_L2500" name="s_brick_walls_slums_car_shops_L2500" type="NODE">
            <matrix sid="transform">1 0 0 0 0 1 0 0 0 0 1 0 0 0 0 1</matrix>
            <instance_geometry url="#Plane_058-mesh" name="s_brick_walls_slums_car_shops_L2500">
              <bind_material>
                <technique_common>
                  <instance_material symbol="industrial_trim-material" target="#industrial_trim-material">
                    <bind_vertex_input semantic="UVMap" input_semantic="TEXCOORD" input_set="0"/>
                  </instance_material>
                  <instance_material symbol="windows_doors_reflective-material" target="#windows_doors_reflective-material">
                    <bind_vertex_input semantic="UVMap" input_semantic="TEXCOORD" input_set="0"/>
                  </instance_material>
                  <instance_material symbol="balustrades-material" target="#balustrades-material">
                    <bind_vertex_input semantic="UVMap" input_semantic="TEXCOORD" input_set="0"/>
                  </instance_material>
                  <instance_material symbol="m_stucco_scraped_01-material" target="#m_stucco_scraped_01-material">
                    <bind_vertex_input semantic="UVMap" input_semantic="TEXCOORD" input_set="0"/>
                  </instance_material>
                  <instance_material symbol="clutter_commercial-material" target="#clutter_commercial-material">
                    <bind_vertex_input semantic="UVMap" input_semantic="TEXCOORD" input_set="0"/>
                  </instance_material>
                  <instance_material symbol="brick_plain-material" target="#brick_plain-material">
                    <bind_vertex_input semantic="UVMap" input_semantic="TEXCOORD" input_set="0"/>
                  </instance_material>
                  <instance_material symbol="stone_brick_regular-material" target="#stone_brick_regular-material">
                    <bind_vertex_input semantic="UVMap" input_semantic="TEXCOORD" input_set="0"/>
                  </instance_material>
                  <instance_material symbol="groundmesh_grass2-material" target="#groundmesh_grass2-material">
                    <bind_vertex_input semantic="UVMap" input_semantic="TEXCOORD" input_set="0"/>
                  </instance_material>
                </technique_common>
              </bind_material>
            </instance_geometry>
          </node>
        </node>
      </node>
    </visual_scene>
  </library_visual_scenes>
  <scene>
    <instance_visual_scene url="#Scene"/>
  </scene>
</COLLADA>