<?xml version="1.0" encoding="utf-8"?>
<COLLADA xmlns="http://www.collada.org/2005/11/COLLADASchema" version="1.4.1" xmlns:xsi="http://www.w3.org/2001/XMLSchema-instance">
  <asset>
    <contributor>
      <author>Blender User</author>
      <authoring_tool>Blender 4.5.5 LTS commit date:2025-11-17, commit time:16:03, hash:836beaaf597a</authoring_tool>
    </contributor>
    <created>2026-05-13T15:48:47</created>
    <modified>2026-05-13T15:48:47</modified>
    <unit name="meter" meter="1"/>
    <up_axis>Z_UP</up_axis>
  </asset>
  <library_effects>
    <effect id="architraves-effect">
      <profile_COMMON>
        <technique sid="common">
          <lambert>
            <emission>
              <color sid="emission">0 0 0 1</color>
            </emission>
            <diffuse>
              <color sid="diffuse">0.8 0.8 0.8 1</color>
            </diffuse>
            <index_of_refraction>
              <float sid="ior">1.45</float>
            </index_of_refraction>
          </lambert>
        </technique>
      </profile_COMMON>
    </effect>
    <effect id="industrial-effect">
      <profile_COMMON>
        <technique sid="common">
          <lambert>
            <emission>
              <color sid="emission">0 0 0 1</color>
            </emission>
            <diffuse>
              <color sid="diffuse">0 0 0 1</color>
            </diffuse>
            <reflectivity>
              <float sid="specular">1</float>
            </reflectivity>
            <index_of_refraction>
              <float sid="ior">1.45</float>
            </index_of_refraction>
          </lambert>
        </technique>
      </profile_COMMON>
    </effect>
    <effect id="windows_doors_reflective-effect">
      <profile_COMMON>
        <technique sid="common">
          <lambert>
            <emission>
              <color sid="emission">0 0 0 1</color>
            </emission>
            <diffuse>
              <color sid="diffuse">0.8 0.8 0.8 1</color>
            </diffuse>
            <index_of_refraction>
              <float sid="ior">1.45</float>
            </index_of_refraction>
          </lambert>
        </technique>
      </profile_COMMON>
    </effect>
    <effect id="corrugation-effect">
      <profile_COMMON>
        <technique sid="common">
          <lambert>
            <emission>
              <color sid="emission">0 0 0 1</color>
            </emission>
            <diffuse>
              <color sid="diffuse">0.8 0.8 0.8 1</color>
            </diffuse>
            <index_of_refraction>
              <float sid="ior">1.45</float>
            </index_of_refraction>
          </lambert>
        </technique>
      </profile_COMMON>
    </effect>
    <effect id="slabs_large-effect">
      <profile_COMMON>
        <technique sid="common">
          <lambert>
            <emission>
              <color sid="emission">0 0 0 1</color>
            </emission>
            <diffuse>
              <color sid="diffuse">0.8 0.8 0.8 1</color>
            </diffuse>
            <index_of_refraction>
              <float sid="ior">1.45</float>
            </index_of_refraction>
          </lambert>
        </technique>
      </profile_COMMON>
    </effect>
    <effect id="metal_plates-effect">
      <profile_COMMON>
        <technique sid="common">
          <lambert>
            <emission>
              <color sid="emission">0 0 0 1</color>
            </emission>
            <diffuse>
              <color sid="diffuse">0.8 0.8 0.8 1</color>
            </diffuse>
            <index_of_refraction>
              <float sid="ior">1.45</float>
            </index_of_refraction>
          </lambert>
        </technique>
      </profile_COMMON>
    </effect>
    <effect id="balustrades-effect">
      <profile_COMMON>
        <technique sid="common">
          <lambert>
            <emission>
              <color sid="emission">0 0 0 1</color>
            </emission>
            <diffuse>
              <color sid="diffuse">0 0 0 1</color>
            </diffuse>
            <index_of_refraction>
              <float sid="ior">1.45</float>
            </index_of_refraction>
          </lambert>
        </technique>
      </profile_COMMON>
    </effect>
    <effect id="brick_painted-effect">
      <profile_COMMON>
        <technique sid="common">
          <lambert>
            <emission>
              <color sid="emission">0 0 0 1</color>
            </emission>
            <diffuse>
              <color sid="diffuse">0.8 0.8 0.8 1</color>
            </diffuse>
            <index_of_refraction>
              <float sid="ior">1.45</float>
            </index_of_refraction>
          </lambert>
        </technique>
      </profile_COMMON>
    </effect>
    <effect id="stucco1_white-effect">
      <profile_COMMON>
        <technique sid="common">
          <lambert>
            <emission>
              <color sid="emission">0 0 0 1</color>
            </emission>
            <diffuse>
              <color sid="diffuse">0.8 0.8 0.8 1</color>
            </diffuse>
            <index_of_refraction>
              <float sid="ior">1.45</float>
            </index_of_refraction>
          </lambert>
        </technique>
      </profile_COMMON>
    </effect>
    <effect id="columns-effect">
      <profile_COMMON>
        <technique sid="common">
          <lambert>
            <emission>
              <color sid="emission">0 0 0 1</color>
            </emission>
            <diffuse>
              <color sid="diffuse">0 0 0 1</color>
            </diffuse>
            <index_of_refraction>
              <float sid="ior">1.45</float>
            </index_of_refraction>
          </lambert>
        </technique>
      </profile_COMMON>
    </effect>
    <effect id="construction-effect">
      <profile_COMMON>
        <technique sid="common">
          <lambert>
            <emission>
              <color sid="emission">0 0 0 1</color>
            </emission>
            <diffuse>
              <color sid="diffuse">0.8 0.8 0.8 1</color>
            </diffuse>
            <index_of_refraction>
              <float sid="ior">1.45</float>
            </index_of_refraction>
          </lambert>
        </technique>
      </profile_COMMON>
    </effect>
    <effect id="clutter_commercial-effect">
      <profile_COMMON>
        <technique sid="common">
          <lambert>
            <emission>
              <color sid="emission">0 0 0 1</color>
            </emission>
            <diffuse>
              <color sid="diffuse">0.8 0.8 0.8 1</color>
            </diffuse>
            <reflectivity>
              <float sid="specular">0.5</float>
            </reflectivity>
          </lambert>
        </technique>
      </profile_COMMON>
    </effect>
    <effect id="brick_plain-effect">
      <profile_COMMON>
        <technique sid="common">
          <lambert>
            <emission>
              <color sid="emission">0 0 0 1</color>
            </emission>
            <diffuse>
              <color sid="diffuse">0 0 0 1</color>
            </diffuse>
            <index_of_refraction>
              <float sid="ior">1.45</float>
            </index_of_refraction>
          </lambert>
        </technique>
      </profile_COMMON>
    </effect>
    <effect id="stone_brick_regular-effect">
      <profile_COMMON>
        <technique sid="common">
          <lambert>
            <emission>
              <color sid="emission">0 0 0 1</color>
            </emission>
            <diffuse>
              <color sid="diffuse">0 0 0 1</color>
            </diffuse>
            <index_of_refraction>
              <float sid="ior">1.45</float>
            </index_of_refraction>
          </lambert>
        </technique>
      </profile_COMMON>
    </effect>
    <effect id="curbs-effect">
      <profile_COMMON>
        <technique sid="common">
          <lambert>
            <emission>
              <color sid="emission">0 0 0 1</color>
            </emission>
            <diffuse>
              <color sid="diffuse">0 0 0 1</color>
            </diffuse>
            <index_of_refraction>
              <float sid="ior">1.45</float>
            </index_of_refraction>
          </lambert>
        </technique>
      </profile_COMMON>
    </effect>
    <effect id="wirefence-effect">
      <profile_COMMON>
        <technique sid="common">
          <lambert>
            <emission>
              <color sid="emission">0 0 0 1</color>
            </emission>
            <diffuse>
              <color sid="diffuse">0.8 0.8 0.8 1</color>
            </diffuse>
            <index_of_refraction>
              <float sid="ior">1.45</float>
            </index_of_refraction>
          </lambert>
        </technique>
      </profile_COMMON>
    </effect>
    <effect id="groundmesh_grass2-effect">
      <profile_COMMON>
        <newparam sid="groundmesh_grass_b_color_png-surface">
          <surface type="2D">
            <init_from>groundmesh_grass_b_color_png</init_from>
          </surface>
        </newparam>
        <newparam sid="groundmesh_grass_b_color_png-sampler">
          <sampler2D>
            <source>groundmesh_grass_b_color_png-surface</source>
          </sampler2D>
        </newparam>
        <technique sid="common">
          <lambert>
            <emission>
              <color sid="emission">0 0 0 1</color>
            </emission>
            <diffuse>
              <texture texture="groundmesh_grass_b_color_png-sampler" texcoord="UVMap"/>
            </diffuse>
            <index_of_refraction>
              <float sid="ior">1.45</float>
            </index_of_refraction>
          </lambert>
        </technique>
      </profile_COMMON>
    </effect>
    <effect id="billboards-effect">
      <profile_COMMON>
        <technique sid="common">
          <lambert>
            <emission>
              <color sid="emission">0 0 0 1</color>
            </emission>
            <diffuse>
              <color sid="diffuse">0 0 0 1</color>
            </diffuse>
            <index_of_refraction>
              <float sid="ior">1.45</float>
            </index_of_refraction>
          </lambert>
        </technique>
      </profile_COMMON>
    </effect>
    <effect id="road_asphalt-effect">
      <profile_COMMON>
        <technique sid="common">
          <lambert>
            <emission>
              <color sid="emission">0 0 0 1</color>
            </emission>
            <diffuse>
              <color sid="diffuse">0 0 0 1</color>
            </diffuse>
            <index_of_refraction>
              <float sid="ior">1.45</float>
            </index_of_refraction>
          </lambert>
        </technique>
      </profile_COMMON>
    </effect>
  </library_effects>
  <library_images>
    <image id="groundmesh_grass_b_color_png" name="groundmesh_grass_b_color_png">
      <init_from>groundmesh_grass_b.color.png</init_from>
    </image>
  </library_images>
  <library_materials>
    <material id="architraves-material" name="architraves">
      <instance_effect url="#architraves-effect"/>
    </material>
    <material id="industrial-material" name="industrial">
      <instance_effect url="#industrial-effect"/>
    </material>
    <material id="windows_doors_reflective-material" name="windows_doors_reflective">
      <instance_effect url="#windows_doors_reflective-effect"/>
    </material>
    <material id="corrugation-material" name="corrugation">
      <instance_effect url="#corrugation-effect"/>
    </material>
    <material id="slabs_large-material" name="slabs_large">
      <instance_effect url="#slabs_large-effect"/>
    </material>
    <material id="metal_plates-material" name="metal_plates">
      <instance_effect url="#metal_plates-effect"/>
    </material>
    <material id="balustrades-material" name="balustrades">
      <instance_effect url="#balustrades-effect"/>
    </material>
    <material id="brick_painted-material" name="brick_painted">
      <instance_effect url="#brick_painted-effect"/>
    </material>
    <material id="stucco1_white-material" name="stucco1_white">
      <instance_effect url="#stucco1_white-effect"/>
    </material>
    <material id="columns-material" name="columns">
      <instance_effect url="#columns-effect"/>
    </material>
    <material id="construction-material" name="construction">
      <instance_effect url="#construction-effect"/>
    </material>
    <material id="clutter_commercial-material" name="clutter_commercial">
      <instance_effect url="#clutter_commercial-effect"/>
    </material>
    <material id="brick_plain-material" name="brick_plain">
      <instance_effect url="#brick_plain-effect"/>
    </material>
    <material id="stone_brick_regular-material" name="stone_brick_regular">
      <instance_effect url="#stone_brick_regular-effect"/>
    </material>
    <material id="curbs-material" name="curbs">
      <instance_effect url="#curbs-effect"/>
    </material>
    <material id="wirefence-material" name="wirefence">
      <instance_effect url="#wirefence-effect"/>
    </material>
    <material id="groundmesh_grass2-material" name="groundmesh_grass2">
      <instance_effect url="#groundmesh_grass2-effect"/>
    </material>
    <material id="billboards-material" name="billboards">
      <instance_effect url="#billboards-effect"/>
    </material>
    <material id="road_asphalt-material" name="road_asphalt">
      <instance_effect url="#road_asphalt-effect"/>
    </material>
  </library_materials>
  <library_geometries>
    <geometry id="Plane_135-mesh" name="Plane.135">
      <mesh>
        <source id="Plane_135-mesh-positions">
          <float_array id="Plane_135-mesh-positions-array" count="2898">0.4642276 -0.006894528 0 0.4642276 -0.006894528 4.501709 -0.4642277 -0.002114713 0 -0.4642277 -0.002114713 4.501709 0.4642277 -0.04988026 0 0.4642277 -0.04988026 4.501709 -0.4642277 -0.04510045 0 -0.4642277 -0.04510045 4.501709 -1.225007 -0.1385976 6.35421 -0.7841877 -0.1385977 6.35421 -1.225007 -0.1385976 7.037216 -0.7841877 -0.1385977 7.037216 -0.7437483 -0.1387271 6.35421 -0.4970334 -0.1386624 6.35421 -0.7437483 -0.1387271 7.037216 -0.4970334 -0.1386624 7.037216 -0.4617515 -0.1387271 6.35421 -0.02080231 -0.1385977 6.35421 -0.4617515 -0.1387271 7.037216 -0.02080231 -0.1385977 7.037216 0.35337 -0.1387596 6.35421 0.794319 -0.1386301 6.35421 0.35337 -0.1387596 7.037216 0.794319 -0.1386301 7.037216 0.4098913 -0.138657 7.037216 -0.03091216 -0.1386732 7.037216 0.4098913 -0.138657 6.35421 -0.03091216 -0.1386732 6.35421 -1.190847 -0.1386623 7.11261 -0.7500709 -0.1387056 7.11261 -1.190847 -0.1386623 7.795509 -0.7500709 -0.1387056 7.795509 -0.6933069 -0.1387595 7.109322 -0.4465381 -0.1386624 7.109322 -0.6933069 -0.1387595 7.792213 -0.4465381 -0.1386624 7.792213 -0.4199526 -0.1386624 7.11261 0.0208131 -0.1386948 7.11261 -0.4199526 -0.1386624 7.795509 0.0208131 -0.1386948 7.795509 0.02236682 -0.1386948 7.116013 0.4631433 -0.138738 7.116013 0.02236682 -0.1386948 7.799011 0.4631433 -0.138738 7.799011 -1.190847 -0.1386623 4.67691 -0.7500709 -0.1387056 4.67691 -1.190847 -0.1386623 5.359909 -0.7500709 -0.1387056 5.359909 0.1012064 -0.1386408 5.359909 -0.3124882 -0.1386624 5.359909 0.1012064 -0.1386408 4.67691 -0.3124882 -0.1386624 4.67691 -0.7485442 -0.1385923 4.67691 -0.3078163 -0.1386732 4.67691 -0.7485442 -0.1385923 5.359909 -0.3078163 -0.1386732 5.359909 0.5369657 -0.1385869 5.365013 0.09615683 -0.1385977 5.365013 0.5369657 -0.1385869 4.682014 0.09615683 -0.1385977 4.682114 0.9583047 -0.1387003 5.365013 0.5400731 -0.1385869 5.365013 0.9583047 -0.1387003 4.682014 0.5400731 -0.1385869 4.682114 1.370785 -0.138587 5.365013 0.9524621 -0.1387272 5.365013 1.370785 -0.138587 4.682014 0.9524621 -0.1387272 4.682114 1.704038 -0.138657 5.365013 1.363039 -0.1386949 5.365013 1.704038 -0.138657 4.682114 1.363039 -0.1386949 4.682114 1.899702 -0.1387273 5.365013 1.672862 -0.1387272 5.365013 1.899702 -0.1387273 4.682114 1.672862 -0.1387272 4.682114 2.308973 -0.1385978 5.365013 1.906208 -0.1385869 5.365013 2.308973 -0.1385978 4.682114 1.906208 -0.1385869 4.682114 2.306351 -0.1386517 4.681015 2.747128 -0.1386948 4.681015 2.306351 -0.1386517 5.364014 2.747128 -0.1386948 5.364014 -1.169667 -0.1386947 5.484016 -0.8554152 -0.1386678 5.484016 -1.169667 -0.1386947 6.166916 -0.8554152 -0.1386678 6.166916 -0.8618296 -0.1387271 5.483612 -0.6151956 -0.1385815 5.483612 -0.8618296 -0.1387271 6.166611 -0.6151956 -0.1385815 6.166611 -0.6276414 -0.1387379 5.483612 -0.288654 -0.1385869 5.483612 -0.6276414 -0.1387379 6.166611 -0.288654 -0.1385869 6.166611 -0.299886 -0.1386624 5.484512 0.06653398 -0.1386678 5.484512 -0.299886 -0.1386624 6.167511 0.06653398 -0.1386678 6.167511 0.4479731 -0.1387596 5.484512 0.888728 -0.1386948 5.484512 0.4479731 -0.1387596 6.167511 0.888728 -0.1386948 6.167511 0.8993666 -0.1388028 5.483612 1.146006 -0.1386625 5.483612 0.8993666 -0.1388028 6.166611 1.146006 -0.1386625 6.166611 1.15454 -0.138738 5.484512 1.520977 -0.138587 5.484512 1.15454 -0.138738 6.167511 1.520977 -0.138587 6.167511 1.525217 -0.1385978 5.48632 1.966026 -0.138587 5.48632 1.525217 -0.1385978 6.169319 1.966026 -0.138587 6.169319 -1.22504 -0.1251862 6.35421 -0.7842631 -0.1252294 6.35421 -1.22504 -0.1251862 7.037216 -0.7842631 -0.1252294 7.037216 -0.7436727 -0.1250783 6.35421 -0.4971737 -0.1252294 6.35421 -0.7436727 -0.1250783 7.037216 -0.4971737 -0.1252294 7.037216 -0.4617191 -0.1251215 6.35421 -0.02094256 -0.1251646 6.35421 -0.4617191 -0.1251215 7.037216 -0.02094256 -0.1251646 7.037216 0.353397 -0.1251485 6.35421 0.7943515 -0.1250244 6.35421 0.353397 -0.1251485 7.037216 0.7943515 -0.1250244 7.037216 0.4097995 -0.1251863 7.037216 -0.03094452 -0.1252617 7.037216 0.4097995 -0.1251863 6.35421 -0.03094452 -0.1252617 6.35421 -1.19075 -0.1251214 7.11261 -0.7499307 -0.1251214 7.11261 -1.19075 -0.1251214 7.795509 -0.7499307 -0.1251214 7.795509 -0.693199 -0.1252294 7.109322 -0.4464842 -0.1251646 7.109322 -0.693199 -0.1252294 7.792213 -0.4464842 -0.1251646 7.792213 -0.4200173 -0.1251323 7.11261 0.02085083 -0.1250945 7.11261 -0.4200173 -0.1251323 7.795509 0.02085083 -0.1250945 7.795509 0.02238839 -0.1252509 7.116013 0.4632835 -0.1251539 7.116013 0.02238839 -0.1252509 7.799011 0.4632835 -0.1251539 7.799011 -1.19075 -0.1251214 4.67691 -0.7499307 -0.1251214 4.67691 -1.19075 -0.1251214 5.359909 -0.7499307 -0.1251214 5.359909 0.1010985 -0.1251538 5.359909 -0.3124127 -0.1250136 5.359909 0.1010985 -0.1251538 4.67691 -0.3124127 -0.1250136 4.67691 -0.7486252 -0.1252186 4.67691 -0.3077516 -0.1250136 4.67691 -0.7486252 -0.1252186 5.359909 -0.3077516 -0.1250136 5.359909 0.5368201 -0.1251485 5.365013 0.09601658 -0.1251646 5.365013 0.5368201 -0.1251485 4.682014 0.09601658 -0.1251646 4.682114 0.9583317 -0.1250891 5.365013 0.5400084 -0.1252294 5.365013 0.9583317 -0.1250891 4.682014 0.5400084 -0.1252294 4.682114 1.37085 -0.1251 5.365013 0.9524945 -0.1251215 5.365013 1.37085 -0.1251 4.682014 0.9524945 -0.1251215 4.682114 1.703947 -0.1251863 5.365013 1.362985 -0.1251755 5.365013 1.703947 -0.1251863 4.682114 1.362985 -0.1251755 4.682114 1.899734 -0.1251215 5.365013 1.672894 -0.1251215 5.365013 1.899734 -0.1251215 4.682114 1.672894 -0.1251215 4.682114 2.308941 -0.1251864 5.365013 1.906143 -0.1252294 5.365013 2.308941 -0.1251864 4.682114 1.906143 -0.1252294 4.682114 2.306222 -0.1252294 4.681015 2.747203 -0.1250461 4.681015 2.306222 -0.1252294 5.364014 2.747203 -0.1250461 5.364014 -1.16957 -0.1251538 5.484016 -0.8555069 -0.125197 5.484016 -1.16957 -0.1251538 6.166916 -0.8555069 -0.125197 6.166916 -0.861835 -0.12517 5.483612 -0.615255 -0.1252294 5.483612 -0.861835 -0.12517 6.166611 -0.615255 -0.1252294 6.166611 -0.6275659 -0.1250891 5.483612 -0.2887188 -0.1252294 5.483612 -0.6275659 -0.1250891 6.166611 -0.2887188 -0.1252294 6.166611 -0.2999075 -0.1250891 5.484512 0.06643152 -0.1251862 5.484512 -0.2999075 -0.1250891 6.167511 0.06643152 -0.1251862 6.167511 0.4480055 -0.1251538 5.484512 0.8887496 -0.1250784 5.484512 0.4480055 -0.1251538 6.167511 0.8887496 -0.1250784 6.167511 0.8993989 -0.125197 5.483612 1.146092 -0.1251108 5.483612 0.8993989 -0.125197 6.166611 1.146092 -0.1251108 6.166611 1.154616 -0.1250892 5.484512 1.520912 -0.1252295 5.484512 1.154616 -0.1250892 6.167511 1.520912 -0.1252295 6.167511 1.525071 -0.1251593 5.48632 1.965886 -0.1251539 5.48632 1.525071 -0.1251593 6.169319 1.965886 -0.1251539 6.169319 0.769557 0.1362779 6.35421 0.3286942 0.1362348 6.35421 0.769557 0.1362779 7.037216 0.3286942 0.1362348 7.037216 0.2882009 0.1363319 6.35421 0.04149675 0.1362563 6.35421 0.2882009 0.1363319 7.037216 0.04149675 0.1362563 7.037216 0.006204009 0.1363319 6.35421 -0.4346048 0.1363211 6.35421 0.006204009 0.1363319 7.037216 -0.4346048 0.1363211 7.037216 -0.8087933 0.1363265 6.35421 -1.249694 0.1364074 6.35421 -0.8087933 0.1363265 7.037216 -1.249694 0.1364074 7.037216 -0.8654333 0.1362563 7.037216 -0.4246299 0.1362726 7.037216 -0.8654333 0.1362563 6.35421 -0.4246299 0.1362726 6.35421 0.3947373 0.136224 7.11261 -0.04608774 0.1362294 7.11261 0.3947373 0.136224 7.795509 -0.04608774 0.1362294 7.795509 -0.102814 0.1363319 7.109322 -0.3495774 0.1362294 7.109322 -0.102814 0.1363319 7.792213 -0.3495774 0.1362294 7.792213 -0.3759526 0.1362779 7.11261 -0.8169341 0.1362672 7.11261 -0.3759526 0.1362779 7.795509 -0.8169341 0.1362672 7.795509 -0.8185309 0.136224 7.116013 -1.259297 0.1362564 7.116013 -0.8185309 0.136224 7.799011 -1.259297 0.1362564 7.799011 2.72407 0.1362346 4.67691 2.283305 0.136267 4.67691 2.72407 0.1362346 5.359909 2.283305 0.136267 5.359909 1.432232 0.1362562 5.359909 1.845959 0.1363317 5.359909 1.432232 0.1362562 4.67691 1.845959 0.1363317 4.67691 2.281999 0.1363641 4.67691 1.841136 0.136321 4.67691 2.281999 0.1363641 5.359909 1.841136 0.136321 5.359909 0.9965053 0.1362562 5.365013 1.437325 0.1362563 5.365013 0.9965053 0.1362562 4.682014 1.437325 0.1362563 4.682114 0.5750098 0.1361808 5.365013 0.9933331 0.136321 5.365013 0.5750098 0.1361808 4.682014 0.9933331 0.136321 4.682114 0.1625992 0.13617 5.365013 0.5808793 0.1362671 5.365013 0.1625992 0.13617 4.682014 0.5808793 0.1362671 4.682114 -0.1705726 0.1363319 5.365013 0.1703838 0.1363265 5.365013 -0.1705726 0.1363319 4.682014 0.1703838 0.1363265 4.682114 -0.3664253 0.1363319 5.365013 -0.1395202 0.1362671 5.365013 -0.3664253 0.1363319 4.682014 -0.1395202 0.1362671 4.682114 -0.7754912 0.1362563 5.365013 -0.3726941 0.1362995 5.365013 -0.7754912 0.1362563 4.682014 -0.3726941 0.1362995 4.682114 -0.7728802 0.1363211 4.681015 -1.213824 0.1361863 4.681015 -0.7728802 0.1363211 5.364014 -1.213824 0.1361863 5.364014 1.924162 0.1363317 5.484016 1.610066 0.136321 5.484016 1.924162 0.1363317 6.166916 1.610066 0.136321 6.166916 1.616443 0.1363318 5.483612 1.369804 0.1361915 5.483612 1.616443 0.1363318 6.166611 1.369804 0.1361915 6.166611 1.382212 0.1362994 5.483612 1.043397 0.136321 5.483612 1.382212 0.1362994 6.166611 1.043397 0.136321 6.166611 1.054499 0.136267 5.484512 0.6880416 0.1362239 5.484512 1.054499 0.136267 6.167511 0.6880416 0.1362239 6.167511 0.3065863 0.1363319 5.484512 -0.1341146 0.1362995 5.484512 0.3065863 0.1363319 6.167511 -0.1341146 0.1362995 6.167511 -0.1447532 0.1364074 5.483612 -0.3915004 0.1362887 5.483612 -0.1447532 0.1364074 6.166611 -0.3915004 0.1362887 6.166611 -0.4000242 0.1362671 5.484512 -0.766277 0.136278 5.484512 -0.4000242 0.1362671 6.167511 -0.766277 0.136278 6.167511 -0.7704687 0.1363265 5.48632 -1.211294 0.1363319 5.48632 -0.7704687 0.1363265 6.169319 -1.211294 0.1363319 6.169319 0.7695354 0.122834 6.35421 0.3287265 0.1228233 6.35421 0.7695354 0.122834 7.037216 0.3287265 0.1228233 7.037216 0.2881685 0.1227262 6.35421 0.041637 0.1228233 6.35421 0.2881685 0.1227262 7.037216 0.041637 0.1228233 7.037216 0.006182432 0.1227154 6.35421 -0.4346048 0.1227694 6.35421 0.006182432 0.1227154 7.037216 -0.4346048 0.1227694 7.037216 -0.808939 0.1227478 6.35421 -1.24971 0.1227856 6.35421 -0.808939 0.1227478 7.037216 -1.24971 0.1227856 7.037216 -0.865293 0.1228233 7.037216 -0.4245274 0.1227909 7.037216 -0.865293 0.1228233 6.35421 -0.4245274 0.1227909 6.35421 0.3947589 0.1228233 7.11261 -0.04604995 0.1228125 7.11261 0.3947589 0.1228233 7.795509 -0.04604995 0.1228125 7.795509 -0.1029651 0.1227586 7.109322 -0.3494749 0.1227478 7.109322 -0.1029651 0.1227586 7.792213 -0.3494749 0.1227478 7.792213 -0.3760173 0.1227909 7.11261 -0.816783 0.1228233 7.11261 -0.3760173 0.1227909 7.795509 -0.816783 0.1228233 7.795509 -0.8183367 0.1228233 7.116013 -1.259156 0.1228233 7.116013 -0.8183367 0.1228233 7.799011 -1.259156 0.1228233 7.799011 2.724156 0.1228555 4.67691 2.283283 0.1226506 4.67691 2.724156 0.1228555 5.359909 2.283283 0.1226506 5.359909 1.432205 0.1226452 5.359909 1.845819 0.1227477 5.359909 1.432205 0.1226452 4.67691 1.845819 0.1227477 4.67691 2.281961 0.1227638 4.67691 1.841158 0.1227477 4.67691 2.281961 0.1227638 5.359909 1.841158 0.1227477 5.359909 0.9964081 0.1227153 5.365013 1.437217 0.1227262 5.365013 0.9964081 0.1227153 4.682014 1.437217 0.1227262 4.682114 0.5751447 0.1227532 5.365013 0.9933007 0.1227153 5.365013 0.5751447 0.1227532 4.682014 0.9933007 0.1227153 4.682114 0.1625884 0.1227154 5.365013 0.5808901 0.1227046 5.365013 0.1625884 0.1227154 4.682014 0.5808901 0.1227046 4.682114 -0.1705942 0.1227154 5.365013 0.1704 0.1227586 5.365013 -0.1705942 0.1227154 4.682014 0.1704 0.1227586 4.682114 -0.3665441 0.1226399 5.365013 -0.1394662 0.1227478 5.365013 -0.3665441 0.1226399 4.682014 -0.1394662 0.1227478 4.682114 -0.7755991 0.1227262 5.365013 -0.3727265 0.1226938 5.365013 -0.7755991 0.1227262 4.682014 -0.3727265 0.1226938 4.682114 -0.7729881 0.1227909 4.681015 -1.213808 0.122791 4.681015 -0.7729881 0.1227909 5.364014 -1.213808 0.122791 5.364014 1.92413 0.1227261 5.484016 1.610077 0.1227585 5.484016 1.92413 0.1227261 6.166916 1.610077 0.1227585 6.166916 1.616583 0.1228988 5.483612 1.369868 0.122834 5.483612 1.616583 0.1228988 6.166611 1.369868 0.122834 6.166611 1.382303 0.1228286 5.483612 1.043283 0.1227962 5.483612 1.382303 0.1228286 6.166611 1.043283 0.1227962 6.166611 1.054489 0.1228124 5.484512 0.6880578 0.1226561 5.484512 1.054489 0.1228124 6.167511 0.6880578 0.1226561 6.167511 0.3065108 0.1226831 5.484512 -0.1342549 0.1227154 5.484512 0.3065108 0.1226831 6.167511 -0.1342549 0.1227154 6.167511 -0.1448287 0.1227586 5.483612 -0.3915328 0.1226831 5.483612 -0.1448287 0.1227586 6.166611 -0.3915328 0.1226831 6.166611 -0.3998731 0.1228233 5.484512 -0.7663417 0.1227909 5.484512 -0.3998731 0.1228233 6.167511 -0.7663417 0.1227909 6.167511 -0.7705496 0.1226831 5.48632 -1.211315 0.1227154 5.48632 -0.7705496 0.1226831 6.169319 -1.211315 0.1227154 6.169319 3.184581 -0.1115051 4.438011 -1.480246 -0.1114078 4.438011 2.723444 -0.1114728 6.383614 0.8654225 -0.111505 7.96421 -1.480246 -0.1114078 7.96421 1.17626 -0.1115159 6.383614 2.601371 -0.1113648 6.229111 2.989278 -0.1113649 4.592514 -1.325653 -0.1114078 4.592514 -1.325653 -0.1114078 7.809715 0.7383967 -0.1115374 7.809715 1.049153 -0.1114673 6.229111 3.184656 0.1105985 4.438011 -1.4803 0.1105664 4.438011 2.723482 0.1105824 6.383614 0.8654548 0.1105555 7.96421 -1.4803 0.1105664 7.96421 1.176335 0.1105878 6.383614 1.049331 0.1100159 6.229111 0.7384938 0.1100268 7.809715 -1.325771 0.1099406 7.809715 -1.325771 0.1099406 4.592514 2.989203 0.1100267 4.592514 2.601366 0.1099566 6.229111 1.1764 0.1100915 6.383614 -1.480197 0.109946 7.96421 0.8654818 0.1100106 7.96421 2.723488 0.1098864 6.383614 -1.480197 0.109946 4.438011 3.184559 0.1099188 4.438011 0.3947586 0.1362685 7.795495 0.3947586 0.1362685 7.112585 0.1008756 0.1362613 7.112593 0.1008756 0.1362613 7.795503 0.3947589 0.1228273 7.795495 0.3947589 0.1228273 7.112585 0.1008759 0.1228201 7.112593 0.1008759 0.1228201 7.795503 0.08150838 0.1362608 7.795503 0.08150838 0.1362608 7.112593 -0.2712417 0.1362522 7.112602 -0.2712417 0.1362522 7.795512 0.08150871 0.1228197 7.795503 0.08150871 0.1228197 7.112593 -0.2712414 0.122811 7.112602 -0.2712414 0.122811 7.795512 -0.2906089 0.1362517 7.795513 -0.2906089 0.1362517 7.112603 -0.6005466 0.1362441 7.112611 -0.6005466 0.1362441 7.795521 -0.2906086 0.1228106 7.795513 -0.2906086 0.1228106 7.112603 -0.6005463 0.122803 7.112611 -0.6005463 0.122803 7.795521 -0.6199138 0.1362437 7.795521 -0.6199138 0.1362437 7.112611 -0.9887186 0.1362346 7.112621 -0.9887186 0.1362346 7.795531 -0.6199135 0.1228025 7.795521 -0.6199135 0.1228025 7.112611 -0.9887183 0.1227934 7.112621 -0.9887183 0.1227934 7.795531 -1.008086 0.1362341 7.795531 -1.008086 0.1362341 7.112621 -1.259156 0.136228 7.112627 -1.259156 0.136228 7.795538 -1.008085 0.122793 7.795531 -1.008085 0.122793 7.112621 -1.259156 0.1227868 7.112627 -1.259156 0.1227868 7.795538 -1.19075 -0.1386975 7.795495 -1.19075 -0.1386975 7.112585 -0.8968064 -0.1386975 7.112593 -0.8968064 -0.1386975 7.795503 -1.19075 -0.1251592 7.795495 -1.19075 -0.1251592 7.112585 -0.8968064 -0.1251592 7.112593 -0.8968064 -0.1251592 7.795503 -0.8774908 -0.1386975 7.795503 -0.8774908 -0.1386975 7.112593 -0.524668 -0.1386975 7.112602 -0.524668 -0.1386975 7.795512 -0.8774908 -0.1251592 7.795503 -0.8774908 -0.1251592 7.112593 -0.524668 -0.1251592 7.112602 -0.524668 -0.1251592 7.795512 -0.5053524 -0.1386975 7.795513 -0.5053524 -0.1386975 7.112603 -0.1953508 -0.1386975 7.112611 -0.1953508 -0.1386975 7.795521 -0.5053524 -0.1251592 7.795513 -0.5053524 -0.1251592 7.112603 -0.1953508 -0.1251592 7.112611 -0.1953508 -0.1251592 7.795521 -0.1760352 -0.1386975 7.795521 -0.1760352 -0.1386975 7.112611 0.1928456 -0.1386975 7.112621 0.1928456 -0.1386975 7.795531 -0.1760352 -0.1251592 7.795521 -0.1760352 -0.1251592 7.112611 0.1928456 -0.1251592 7.112621 0.1928456 -0.1251592 7.795531 0.2121612 -0.1386975 7.795531 0.2121612 -0.1386975 7.112621 0.4632835 -0.1386975 7.112627 0.4632835 -0.1386975 7.795538 0.2121612 -0.1251592 7.795531 0.2121612 -0.1251592 7.112621 0.4632835 -0.1251592 7.112627 0.4632835 -0.1251592 7.795538 0.7695351 0.1363297 7.037193 0.7695351 0.1363297 6.354175 0.3546504 0.1363196 6.354186 0.3546504 0.1363196 7.037203 0.7695354 0.1228104 7.037193 0.7695354 0.1228104 6.354175 0.3546508 0.1228003 6.354186 0.3546508 0.1228003 7.037203 0.3443479 0.1363194 7.037204 0.3443479 0.1363194 6.354186 -0.1150234 0.1363082 6.354198 -0.1150234 0.1363082 7.037215 0.3443483 0.1228 7.037204 0.3443483 0.1228 6.354186 -0.115023 0.1227889 6.354198 -0.115023 0.1227889 7.037215 -0.1253258 0.136308 7.037216 -0.1253258 0.136308 6.354198 -0.4660661 0.1362997 6.354207 -0.4660661 0.1362997 7.037224 -0.1253255 0.1227886 7.037216 -0.1253255 0.1227886 6.354198 -0.4660657 0.1227804 6.354207 -0.4660657 0.1227804 7.037224 -0.4763685 0.1362995 7.037225 -0.4763685 0.1362995 6.354207 -0.8912532 0.1362894 6.354218 -0.8912532 0.1362894 7.037235 -0.4763682 0.1227801 7.037225 -0.4763682 0.1227801 6.354207 -0.8912529 0.1227701 6.354218 -0.8912529 0.1227701 7.037235 -0.9015557 0.1362892 7.037236 -0.9015557 0.1362892 6.354218 -1.24971 0.1362807 6.354227 -1.24971 0.1362807 7.037244 -0.9015553 0.1227698 7.037236 -0.9015553 0.1227698 6.354218 -1.24971 0.1227614 6.354227 -1.24971 0.1227614 7.037244 -1.225041 -0.1386047 7.037193 -1.225041 -0.1386047 6.354175 -0.8101525 -0.1386454 6.354186 -0.8101525 -0.1386454 7.037203 -1.22504 -0.1250854 7.037193 -1.22504 -0.1250854 6.354175 -0.8101511 -0.125126 6.354186 -0.8101511 -0.125126 7.037203 -0.7998185 -0.1386464 7.037204 -0.7998185 -0.1386464 6.354186 -0.3404425 -0.1386914 6.354198 -0.3404425 -0.1386914 7.037215 -0.7998172 -0.125127 7.037204 -0.7998172 -0.125127 6.354186 -0.3404412 -0.1251721 6.354198 -0.3404412 -0.1251721 7.037215 -0.3301085 -0.1386924 7.037216 -0.3301085 -0.1386924 6.354198 0.01063514 -0.1387258 6.354207 0.01063514 -0.1387258 7.037224 -0.3301072 -0.1251731 7.037216 -0.3301072 -0.1251731 6.354198 0.01063647 -0.1252065 6.354207 0.01063647 -0.1252065 7.037224 0.02096912 -0.1387268 7.037225 0.02096912 -0.1387268 6.354207 0.435858 -0.1387675 6.354218 0.435858 -0.1387675 7.037235 0.02097045 -0.1252075 7.037225 0.02097045 -0.1252075 6.354207 0.4358593 -0.1252482 6.354218 0.4358593 -0.1252482 7.037235 0.446192 -0.1387685 7.037236 0.446192 -0.1387685 6.354218 0.7943501 -0.1388026 6.354227 0.7943501 -0.1388026 7.037244 0.4461933 -0.1252492 7.037236 0.4461933 -0.1252492 6.354218 0.7943515 -0.1252833 6.354227 0.7943515 -0.1252833 7.037244 1.924131 0.1361347 6.167168 1.924131 0.1361347 5.484257 1.626531 0.1361654 5.484267 1.626531 0.1361654 6.167179 1.92413 0.122587 6.167168 1.92413 0.122587 5.484257 1.62653 0.1226177 5.484267 1.62653 0.1226177 6.167179 1.627609 0.1361652 6.167179 1.627609 0.1361652 5.484267 1.272598 0.1362019 5.48428 1.272598 0.1362019 6.167191 1.627607 0.1226176 6.167179 1.627607 0.1226176 5.484267 1.272597 0.1226542 5.48428 1.272597 0.1226542 6.167191 1.273675 0.1362018 6.167191 1.273675 0.1362018 5.48428 0.9760754 0.1362325 5.484291 0.9760754 0.1362325 6.167202 1.273674 0.1226541 6.167191 1.273674 0.1226541 5.48428 0.976074 0.1226848 5.484291 0.976074 0.1226848 6.167202 0.9771526 0.1362324 6.167202 0.9771526 0.1362324 5.484291 0.6221421 0.136269 5.484303 0.6221421 0.136269 6.167215 0.9771512 0.1226847 6.167202 0.9771512 0.1226847 5.484291 0.6221407 0.1227214 5.484303 0.6221407 0.1227214 6.167215 0.6232194 0.1362689 6.167215 0.6232194 0.1362689 5.484303 0.3319983 0.1362989 5.484314 0.3319983 0.1362989 6.167225 0.623218 0.1227212 6.167215 0.623218 0.1227212 5.484303 0.3319969 0.1227513 5.484314 0.3319969 0.1227513 6.167225 0.3330755 0.1362988 6.167225 0.3330755 0.1362988 5.484314 -0.06020861 0.1363394 5.484328 -0.06020861 0.1363394 6.167239 0.3330741 0.1227512 6.167225 0.3330741 0.1227512 5.484314 -0.06021001 0.1227918 5.484328 -0.06021001 0.1227918 6.167239 -0.05913138 0.1363393 6.167239 -0.05913138 0.1363393 5.484328 -0.3567314 0.13637 5.484339 -0.3567314 0.13637 6.16725 -0.05913277 0.1227916 6.167239 -0.05913277 0.1227916 5.484328 -0.3567328 0.1228223 5.484339 -0.3567328 0.1228223 6.16725 -0.3556541 0.1363699 6.16725 -0.3556541 0.1363699 5.484339 -0.7935909 0.136415 5.484354 -0.7935909 0.136415 6.167266 -0.3556555 0.1228222 6.16725 -0.3556555 0.1228222 5.484339 -0.7935923 0.1228674 5.484354 -0.7935923 0.1228674 6.167266 -0.3449805 0.1363688 6.319981 -0.3449805 0.1363688 6.126654 -0.8042645 0.1364161 6.126671 -0.8042645 0.1364161 6.319997 -0.3832556 0.1228251 6.292364 -0.3832556 0.1228251 6.154274 -0.7659922 0.1228646 6.154288 -0.7659922 0.1228646 6.292378 -0.7925137 0.1364149 6.167266 -0.7925137 0.1364149 5.484354 -1.211314 0.1364581 5.48437 -1.211314 0.1364581 6.167281 -0.7925151 0.1228673 6.167266 -0.7925151 0.1228673 5.484354 -1.211315 0.1229105 5.48437 -1.211315 0.1229105 6.167281 -1.169572 -0.1384326 6.167168 -1.169572 -0.1384326 5.484257 -0.8720167 -0.1384735 5.484267 -0.8720167 -0.1384735 6.167179 -1.16957 -0.1249281 6.167168 -1.16957 -0.1249281 5.484257 -0.8720149 -0.124969 5.484267 -0.8720149 -0.124969 6.167179 -0.8730333 -0.1384733 6.167179 -0.8730333 -0.1384733 5.484267 -0.5180764 -0.1385222 5.48428 -0.5180764 -0.1385222 6.167191 -0.8730314 -0.1249688 6.167179 -0.8730314 -0.1249688 5.484267 -0.5180745 -0.1250177 5.48428 -0.5180745 -0.1250177 6.167191 -0.5190929 -0.138522 6.167191 -0.5190929 -0.138522 5.48428 -0.2215378 -0.138563 5.484291 -0.2215378 -0.138563 6.167202 -0.5190911 -0.1250175 6.167191 -0.5190911 -0.1250175 5.48428 -0.221536 -0.1250585 5.484291 -0.221536 -0.1250585 6.167202 -0.2225544 -0.1385628 6.167202 -0.2225544 -0.1385628 5.484291 0.1324025 -0.1386116 5.484303 0.1324025 -0.1386116 6.167215 -0.2225526 -0.1250583 6.167202 -0.2225526 -0.1250583 5.484291 0.1324044 -0.1251071 5.484303 0.1324044 -0.1251071 6.167215 0.1313859 -0.1386115 6.167215 0.1313859 -0.1386115 5.484303 0.4225631 -0.1386516 5.484314 0.4225631 -0.1386516 6.167225 0.1313878 -0.125107 6.167215 0.1313878 -0.125107 5.484303 0.4225649 -0.1251471 5.484314 0.4225649 -0.1251471 6.167225 0.4215465 -0.1386514 6.167225 0.4215465 -0.1386514 5.484314 0.8147713 -0.1387055 5.484328 0.8147713 -0.1387055 6.167239 0.4215483 -0.1251469 6.167225 0.4215483 -0.1251469 5.484314 0.8147732 -0.125201 5.484328 0.8147732 -0.125201 6.167239 0.8137547 -0.1387054 6.167239 0.8137547 -0.1387054 5.484328 1.11131 -0.1387463 5.484339 1.11131 -0.1387463 6.16725 0.8137566 -0.1252009 6.167239 0.8137566 -0.1252009 5.484328 1.111312 -0.1252418 5.484339 1.111312 -0.1252418 6.16725 1.110293 -0.1387462 6.16725 1.110293 -0.1387462 5.484339 1.548164 -0.1388064 5.484354 1.548164 -0.1388064 6.167266 1.110295 -0.1252417 6.16725 1.110295 -0.1252417 5.484339 1.548166 -0.1253019 5.484354 1.548166 -0.1253019 6.167266 1.099621 -0.1387447 6.319981 1.099621 -0.1387447 6.126654 1.558836 -0.1388079 6.126671 1.558836 -0.1388079 6.319997 1.137891 -0.1252455 6.292364 1.137891 -0.1252455 6.154274 1.52057 -0.1252981 6.154288 1.52057 -0.1252981 6.292378 1.547147 -0.1388062 6.167266 1.547147 -0.1388062 5.484354 1.965884 -0.1388638 5.484369 1.965884 -0.1388638 6.167281 1.547149 -0.1253017 6.167266 1.547149 -0.1253017 5.484354 1.965886 -0.1253593 5.484369 1.965886 -0.1253593 6.167281 1.960244 0.1369162 5.364982 1.960244 0.1369162 4.681972 1.542908 0.1367222 4.681982 1.542908 0.1367222 5.364993 1.96025 0.1233645 5.364982 1.96025 0.1233645 4.681972 1.542914 0.1231706 4.681982 1.542914 0.1231706 5.364993 1.547569 0.1367244 5.364993 1.547569 0.1367244 4.681982 1.398292 0.136655 4.681986 1.398292 0.136655 5.364996 1.547575 0.1231728 5.364993 1.547575 0.1231728 4.681982 1.398298 0.1231034 4.681986 1.398298 0.1231034 5.364996 1.402953 0.1366572 5.364996 1.402953 0.1366572 4.681986 1.036676 0.136487 4.681995 1.036676 0.136487 5.365006 1.402959 0.1231055 5.364996 1.402959 0.1231055 4.681986 1.036682 0.1229353 4.681995 1.036682 0.1229353 5.365006 1.041337 0.1364891 5.365005 1.041337 0.1364891 4.681995 0.6942066 0.1363278 4.682004 0.6942066 0.1363278 5.365014 1.041343 0.1229375 5.365005 1.041343 0.1229375 4.681995 0.6942129 0.1227761 4.682004 0.6942129 0.1227761 5.365014 0.6988676 0.13633 5.365014 0.6988676 0.13633 4.682004 0.2623847 0.1361271 4.682015 0.2623847 0.1361271 5.365025 0.6988739 0.1227783 5.365014 0.6988739 0.1227783 4.682004 0.262391 0.1225755 4.682015 0.262391 0.1225755 5.365025 0.6593318 0.1363116 5.54539 0.6593318 0.1363116 5.324414 0.3019206 0.1361455 5.324423 0.3019206 0.1361455 5.5454 0.621044 0.1227421 5.517769 0.621044 0.1227421 5.352037 0.3402209 0.1226116 5.352044 0.3402209 0.1226116 5.517777 0.2670457 0.1361293 5.365025 0.2670457 0.1361293 4.682015 -0.08646665 0.135965 4.682024 -0.08646665 0.135965 5.365034 0.267052 0.1225776 5.365025 0.267052 0.1225776 4.682015 -0.08646035 0.1224133 4.682024 -0.08646035 0.1224133 5.365034 -0.08180565 0.1359671 5.365034 -0.08180565 0.1359671 4.682024 -0.3332006 0.1358503 4.68203 -0.3332006 0.1358503 5.365041 -0.08179935 0.1224155 5.365034 -0.08179935 0.1224155 4.682024 -0.3331943 0.1222986 4.68203 -0.3331943 0.1222986 5.365041 -0.3285396 0.1358525 5.365041 -0.3285396 0.1358525 4.68203 -0.477817 0.1357831 4.682034 -0.477817 0.1357831 5.365044 -0.3285333 0.1223008 5.365041 -0.3285333 0.1223008 4.68203 -0.4778107 0.1222314 4.682034 -0.4778107 0.1222314 5.365044 -0.473156 0.1357853 5.365044 -0.473156 0.1357853 4.682034 -0.781992 0.1356417 4.682042 -0.781992 0.1356417 5.365052 -0.4731497 0.1222336 5.365044 -0.4731497 0.1222336 4.682034 -0.7819857 0.1220901 4.682042 -0.7819857 0.1220901 5.365052 -0.777331 0.1356439 5.365052 -0.777331 0.1356439 4.682042 -1.213814 0.135441 4.682053 -1.213814 0.135441 5.365063 -0.7773247 0.1220922 5.365052 -0.7773247 0.1220922 4.682042 -1.213808 0.1218894 4.682053 -1.213808 0.1218894 5.365063 -1.19075 -0.1386557 5.364933 -1.19075 -0.1386557 4.681922 -0.773465 -0.1386557 4.681933 -0.773465 -0.1386557 5.364943 -1.19075 -0.1251296 5.364933 -1.19075 -0.1251296 4.681922 -0.773465 -0.1251296 4.681933 -0.773465 -0.1251296 5.364943 -0.7781261 -0.1386557 5.364943 -0.7781261 -0.1386557 4.681933 -0.6288668 -0.1386557 4.681937 -0.6288668 -0.1386557 5.364947 -0.7781261 -0.1251296 5.364943 -0.7781261 -0.1251296 4.681933 -0.6288668 -0.1251296 4.681937 -0.6288668 -0.1251296 5.364947 -0.6335279 -0.1386557 5.364947 -0.6335279 -0.1386557 4.681937 -0.2672955 -0.1386557 4.681946 -0.2672955 -0.1386557 5.364956 -0.6335279 -0.1251296 5.364947 -0.6335279 -0.1251296 4.681937 -0.2672955 -0.1251296 4.681946 -0.2672955 -0.1251296 5.364956 -0.2719566 -0.1386557 5.364956 -0.2719566 -0.1386557 4.681946 0.0751312 -0.1386557 4.681955 0.0751312 -0.1386557 5.364965 -0.2719566 -0.1251296 5.364956 -0.2719566 -0.1251296 4.681946 0.0751312 -0.1251296 4.681955 0.0751312 -0.1251296 5.364965 0.0704701 -0.1386557 5.364965 0.0704701 -0.1386557 4.681955 0.5068998 -0.1386557 4.681966 0.5068998 -0.1386557 5.364976 0.0704701 -0.1251296 5.364965 0.0704701 -0.1251296 4.681955 0.5068998 -0.1251296 4.681966 0.5068998 -0.1251296 5.364976 0.1100011 -0.1386557 5.545341 0.1100011 -0.1386557 5.324365 0.4673688 -0.1386557 5.324374 0.4673688 -0.1386557 5.54535 0.1482905 -0.1251296 5.51772 0.1482905 -0.1251296 5.351988 0.4290794 -0.1251296 5.351995 0.4290794 -0.1251296 5.517727 0.5022387 -0.1386557 5.364976 0.5022387 -0.1386557 4.681966 0.855708 -0.1386557 4.681975 0.855708 -0.1386557 5.364985 0.5022387 -0.1251296 5.364976 0.5022387 -0.1251296 4.681966 0.855708 -0.1251296 4.681975 0.855708 -0.1251296 5.364985 0.8510469 -0.1386557 5.364985 0.8510469 -0.1386557 4.681975 1.102411 -0.1386557 4.681981 1.102411 -0.1386557 5.364992 0.8510469 -0.1251296 5.364985 0.8510469 -0.1251296 4.681975 1.102411 -0.1251296 4.681981 1.102411 -0.1251296 5.364992 1.09775 -0.1386557 5.364991 1.09775 -0.1386557 4.681981 1.247009 -0.1386557 4.681985 1.247009 -0.1386557 5.364995 1.09775 -0.1251296 5.364991 1.09775 -0.1251296 4.681981 1.247009 -0.1251296 4.681985 1.247009 -0.1251296 5.364995 1.242348 -0.1386557 5.364995 1.242348 -0.1386557 4.681985 1.551147 -0.1386557 4.681993 1.551147 -0.1386557 5.365003 1.242348 -0.1251296 5.364995 1.242348 -0.1251296 4.681985 1.551147 -0.1251296 4.681993 1.551147 -0.1251296 5.365003 1.546486 -0.1386557 5.365003 1.546486 -0.1386557 4.681993 1.982915 -0.1386557 4.682004 1.982915 -0.1386557 5.365014 1.546486 -0.1251296 5.365003 1.546486 -0.1251296 4.681993 1.982915 -0.1251296 4.682004 1.982915 -0.1251296 5.365014</float_array>
          <technique_common>
            <accessor source="#Plane_135-mesh-positions-array" count="966" stride="3">
              <param name="X" type="float"/>
              <param name="Y" type="float"/>
              <param name="Z" type="float"/>
            </accessor>
          </technique_common>
        </source>
        <source id="Plane_135-mesh-normals">
          <float_array id="Plane_135-mesh-normals-array" count="837">-7.34298e-5 -1 0 -1.23043e-5 -1 0 1.73529e-4 1 -4.45171e-6 -1.53977e-4 1 4.54696e-4 2.69426e-4 1 0 -2.8136e-4 1 0 -2.5036e-5 -1 0 3.94e-4 1 0 -6.80648e-4 -0.9999998 -1.61251e-4 9.94579e-6 -1 -9.92413e-6 -6.27802e-5 -1 2.61121e-4 -2.65127e-4 -1 -9.65002e-5 0 -1 0 -3.47378e-5 -1 0 -5.29692e-5 -1 -6.16108e-5 4.17672e-5 -1 -1.39366e-4 1.99466e-5 -1 -5.46548e-5 -6.95843e-4 -0.9999998 -1.81555e-4 -2.21379e-4 -0.9999998 5.39183e-4 -9.79716e-5 -1 0 0.005148053 0.9999868 0 2.44404e-5 -1 0 8.25281e-4 -0.9999997 -3.21301e-4 5.03824e-4 -0.9999999 0 1.06839e-4 -1 0 -9.79717e-5 -1 0 4.45601e-4 -1 0 4.15763e-4 -1 0 1.35213e-7 1 0 -1 -2.4368e-4 0 -8.67296e-4 -0.9999997 -1.88959e-4 -2.08528e-5 -0.9999997 8.81065e-4 -4.14443e-5 -1 -4.14167e-5 -3.47377e-5 -1 0 2.75445e-5 -1 6.2171e-5 -5.82663e-6 -0.9999998 6.9089e-4 -1.48075e-4 -1 3.86963e-4 5.08787e-4 -1 -1.88179e-4 3.59353e-4 -0.9999998 -6.39777e-4 -0.001325011 -0.9999991 3.69904e-4 -3.65089e-5 1 0 3.06052e-4 -1 0 9.79716e-5 1 0 -0.005148053 -0.9999868 0 -6.26256e-4 -0.9999996 6.95045e-4 3.41578e-5 -1 0 3.32848e-5 -0.9999996 -9.58767e-4 0 1 0 -1.47214e-5 -1 0 -7.34298e-5 -1 0 -2.00839e-4 -0.9999998 -6.58932e-4 1.71311e-4 -1 0 0.9730427 -1.65389e-4 0.2306255 -1.26531e-4 1 0 7.33729e-5 -1 0 2.44235e-5 -1 0 1.83586e-4 1 0 -2.95377e-5 -1 0 -4.64806e-4 1 0 7.34974e-5 1 0 9.26095e-4 -0.9999996 0 4.27736e-4 -0.9999998 4.50897e-4 1.11143e-4 -1 0 -3.16412e-5 -1 0 4.15412e-4 -1 -1.73068e-4 4.47742e-4 -1 0 8.03734e-5 1 0 3.66779e-5 -1 0 -5.68884e-4 1 0 0 0 1 0 0 1 -7.34297e-5 -1 0 4.15338e-4 -1 0 2.6237e-4 -1 0 -3.49374e-4 1 0 2.93597e-4 -1 0 -5.15042e-5 1 0 8.55806e-5 -1 0 2.6934e-5 1 0 -4.80949e-4 0.9999999 0 -9.79377e-5 -1 0 -2.70994e-4 -1 0 -2.3206e-4 1 0 -9.78847e-5 1 0 -1.375e-4 -1 0 4.85796e-4 -1 -2.48853e-4 5.33637e-4 -0.9999999 0 -2.93529e-4 1 0 3.35302e-4 -1 0 2.58267e-5 1 0 5.21566e-5 -1 0 -9.55553e-5 1 0 2.44742e-5 -1 0 2.40759e-4 1 0 -7.34974e-5 -1 0 -1.10994e-4 1 0 -3.83049e-4 -1 0 3.06052e-4 -1 0 2.6231e-4 -1 0 1.22704e-5 1 0 9.79715e-5 1 0 7.3565e-5 1 0 2.44742e-5 -1 0 7.34974e-5 1 0 2.6276e-7 1 0 4.37043e-5 -1 0 -1.35213e-7 1 0 -9.05496e-5 -1 0 -3.35052e-4 1 0 0.9812062 -1.433e-4 0.1929621 -1.07135e-4 1 0 -1.03247e-4 -1 0 2.4772e-4 -1 0 -3.66441e-5 1 0 3.3523e-4 -1 0 1.46829e-4 -1 0 -1.23046e-5 1 0 0 -1 0 -2.65125e-4 -1 0 8.57315e-5 -1 0 -8.83168e-5 1 0 1.71277e-4 -1 0 4.64941e-4 -1 0 2.89116e-4 -0.9999999 4.45975e-4 1.29373e-4 -1 0 -1.17596e-4 1 0 -1.82534e-4 1 0 3.17209e-5 -1 0 -9.79041e-5 -1 0 -2.20191e-4 1 0 9.94578e-6 -1 -5.07608e-5 6.60282e-5 -1 1.57203e-5 -3.82506e-5 -1 -5.18948e-5 1.99466e-5 -1 1.70917e-5 -4.13991e-4 -1 0 6.12914e-4 0.9999998 0 -1.22445e-4 -1 0 6.35074e-5 1 0 4.12019e-4 -1 0 -3.93409e-4 1 0 -2.46094e-5 1 0 -3.3924e-4 -1 0 4.75098e-4 -0.9999999 0 4.75098e-4 -0.9999998 -4.79384e-4 4.74953e-4 -0.9999998 3.35569e-4 0 0 -1 2.43971e-5 -1 0 4.26746e-4 -1 0 -1.83658e-4 -1 0 6.6028e-5 -1 -3.68937e-4 3.00445e-5 -0.9999998 -7.02571e-4 -3.82508e-5 -0.9999999 5.20172e-4 -2.85342e-4 -1 0 -5.68522e-4 1 0 -8.57346e-5 -1 0 -9.76143e-5 1 0 -2.44573e-5 1 0 1.58646e-5 1 0 -2.62371e-4 1 0 3.67118e-5 -1 0 -7.34298e-5 -1 0 -1.23042e-5 -1 0 4.96826e-5 1 3.21585e-4 1.7355e-4 1 2.29773e-7 1.28566e-4 1 2.02744e-4 -6.27797e-5 -1 -5.67099e-5 3.93999e-4 1 0 1.98877e-4 -1 4.59598e-5 4.72876e-4 -0.9999999 9.98865e-5 0.005148053 0.9999868 0 2.44404e-5 -1 0 8.39878e-4 -0.9999997 2.82208e-4 1.06839e-4 -1 0 -9.79715e-5 -1 0 4.456e-4 -1 0 4.15763e-4 -1 0 1.35213e-7 1 0 -1 -2.4368e-4 0 -3.65089e-5 1 0 3.06052e-4 -1 0 9.79716e-5 1 0 1.7142e-4 -0.9999996 9.48891e-4 3.41579e-5 -1 0 -1.47214e-5 -1 0 -7.34297e-5 -1 0 -7.33976e-5 -0.9999998 6.71137e-4 3.40784e-4 -0.9999998 -5.28065e-4 1.71311e-4 -1 0 0.9730383 -3.30705e-4 0.2306433 -1.26531e-4 1 0 7.33729e-5 -1 0 2.44235e-5 -1 0 1.83586e-4 1 0 -2.95376e-5 -1 0 -4.64807e-4 1 0 7.34973e-5 1 0 7.0448e-4 -0.9999997 -3.15628e-4 9.26095e-4 -0.9999996 0 1.11143e-4 -1 0 -3.16412e-5 -1 0 4.25096e-4 -1 1.45601e-4 8.03734e-5 1 0 -5.68885e-4 1 0 3.78631e-7 0 1 -7.34298e-5 -1 0 4.15338e-4 -1 0 2.6237e-4 -1 0 -3.49374e-4 1 0 2.93597e-4 -1 0 -5.15042e-5 1 0 8.55805e-5 -1 0 2.6934e-5 1 0 -4.80949e-4 1 0 -9.79377e-5 -1 0 -2.70994e-4 -1 0 -2.3206e-4 1 0 -9.78849e-5 1 0 -1.37499e-4 -1 0 5.06109e-4 -1 1.90246e-4 -2.93529e-4 1 0 3.35302e-4 -1 0 2.58267e-5 1 0 -9.55551e-5 1 0 2.44742e-5 -1 0 -7.34975e-5 -1 0 -1.10994e-4 1 0 -3.83049e-4 -1 0 3.06051e-4 -1 0 2.6231e-4 -1 0 1.22705e-5 1 0 9.79715e-5 1 0 7.35651e-5 1 0 2.44742e-5 -1 0 7.34974e-5 1 0 4.37044e-5 -1 0 -1.35213e-7 1 0 -9.05495e-5 -1 0 0.9812011 -3.32523e-4 0.1929881 -1.07135e-4 1 0 -1.03247e-4 -1 0 2.4772e-4 -1 0 -3.66442e-5 1 0 3.35231e-4 -1 0 1.46829e-4 -1 0 -1.23045e-5 1 0 0 -1 0 -2.65126e-4 -1 0 8.57314e-5 -1 0 -8.83169e-5 1 0 1.71277e-4 -1 0 4.64941e-4 -0.9999999 0 1.36481e-5 -1 1.61688e-4 -1.17597e-4 1 0 4.1767e-5 -1 1.50802e-5 -9.79039e-5 -1 0 -2.20191e-4 1 0 -4.13991e-4 -1 0 6.12915e-4 0.9999998 0 -1.22444e-4 -1 0 6.35075e-5 1 0 4.12018e-4 -1 0 -2.46094e-5 1 0 4.75099e-4 -0.9999999 0 4.7518e-4 -0.9999998 3.35569e-4 6.2636e-4 -0.9999997 -4.54894e-4 0 0 -1 2.4397e-5 -1 0 4.26745e-4 -1 0 -1.83658e-4 -1 0 2.78531e-5 -0.9999998 -7.20982e-4 -1.32571e-4 -1 -3.49729e-4 -2.85342e-4 -1 0 -5.68523e-4 1 0 -8.57347e-5 -1 0 -9.76144e-5 1 0 -2.44573e-5 1 0 1.58645e-5 1 0 -2.6237e-4 1 0 3.67117e-5 -1 0</float_array>
          <technique_common>
            <accessor source="#Plane_135-mesh-normals-array" count="279" stride="3">
              <param name="X" type="float"/>
              <param name="Y" type="float"/>
              <param name="Z" type="float"/>
            </accessor>
          </technique_common>
        </source>
        <source id="Plane_135-mesh-map-0">
          <float_array id="Plane_135-mesh-map-0-array" count="2576">0.5679443 0.8810594 0.5807444 0.8448382 0.5679443 0.8448394 0.7675888 0.9256852 0.7799304 0.8894639 0.7675888 0.8894652 0.7675888 0.9256852 0.7799304 0.8894639 0.7799304 0.9256852 0.7675888 0.8810594 0.7799304 0.8448382 0.7675888 0.8448394 0.6865642 0.6886782 0.6213425 0.7320856 0.6213425 0.6437346 0.6256468 0.8810594 0.6327251 0.8448382 0.6327251 0.8810594 0.4494614 0.7168331 0.5669102 0.7042452 0.5589567 0.7168331 0.662189 0.7168331 0.3528899 0.7042449 0.6515001 0.7043564 0.4016286 0.7042449 0.5871665 0.7168331 0.4123891 0.7168331 0.4415191 0.7042456 0.5604249 0.7168331 0.4313351 0.7168331 0.6110513 0.7168331 0.4005994 0.704244 0.6014105 0.7042988 0.4005994 0.704244 0.6014105 0.7042988 0.6110513 0.7168331 0.5604249 0.7168331 0.4415191 0.7042456 0.5706089 0.7042456 0.5871665 0.7168331 0.4123891 0.7168331 0.4016286 0.7042449 0.3528899 0.7042449 0.6515001 0.7043564 0.662189 0.7168331 0.4494614 0.7168331 0.43674 0.7042453 0.5669102 0.7042452 0.6086074 0.9256852 0.6254719 0.8894639 0.6254719 0.9256852 0.525026 0.2773862 -0.004113376 0.1921026 0.525026 0.1921026 0.7527999 0.8894652 0.7674735 0.9256852 0.7527999 0.9256852 0.5399298 0.8810594 0.5531946 0.8448382 0.5531946 0.8810594 0.7675888 0.9256852 0.7799304 0.8894639 0.7799304 0.9256852 0.5805646 0.9256852 0.593061 0.8894639 0.593061 0.9256852 0.7675888 0.8810594 0.7799304 0.8448382 0.7799304 0.8810594 0.7675888 0.8810594 0.7799304 0.8448382 0.7799304 0.8810594 0.7675888 0.8810594 0.7799304 0.8448382 0.7675888 0.8448394 0.4664893 0.7161399 0.6542014 0.7043178 0.6542014 0.7161399 0.4494614 0.7168331 0.43674 0.7042453 0.5669102 0.7042452 0.662189 0.7168331 0.3393628 0.7168331 0.3528899 0.7042449 0.4016286 0.7042449 0.6002492 0.7042449 0.5871665 0.7168331 0.6110513 0.7168331 0.3909519 0.7168331 0.4005994 0.704244 0.4005994 0.704244 0.6110513 0.7168331 0.3909519 0.7168331 0.5871665 0.7168331 0.4016286 0.7042449 0.6002492 0.7042449 0.3528899 0.7042449 0.662189 0.7168331 0.3393628 0.7168331 0.4494614 0.7168331 0.5669102 0.7042452 0.5589567 0.7168331 0.863559 0.8810594 0.8786555 0.8448382 0.8786555 0.8810594 0.6256468 0.8810594 0.6327251 0.8448382 0.6256468 0.8448394 0.7527999 0.9256852 0.7674735 0.8894639 0.7527999 0.8894652 -0.004113376 0.1921026 0.525026 0.2773862 0.525026 0.1921026 0.6570425 0.9256852 0.668311 0.8894639 0.6570425 0.8894652 0.6255342 0.8810594 0.6324591 0.8448382 0.6255342 0.8448394 0.7801079 0.9256852 0.792306 0.8894639 0.792306 0.9256852 0.7527999 0.8810594 0.7674735 0.8448382 0.7527999 0.8448394 0.6675111 0.8810594 0.687917 0.8448382 0.6675111 0.8448394 0.5679443 0.8810594 0.5807444 0.8448382 0.5807444 0.8810594 0.4664893 0.7043178 0.5700594 0.7161399 0.5700594 0.7043178 0.656947 0.8448394 0.667932 0.8810594 0.656947 0.8810594 0.6418399 0.9256852 0.656911 0.8894639 0.6418399 0.8894652 0.7805726 0.8810594 0.7923579 0.8448382 0.7805726 0.8448394 0.7675888 0.9256852 0.7799304 0.8894639 0.7799304 0.9256852 0.7801079 0.9256852 0.792306 0.8894639 0.7801079 0.8894652 0.6086074 0.8810594 0.6254719 0.8448382 0.6254719 0.8810594 0.6418399 0.8810594 0.656911 0.8448382 0.656911 0.8810594 0.6256468 0.9256852 0.6327251 0.8894639 0.6327251 0.9256852 0.656947 0.8810594 0.667932 0.8448382 0.667932 0.8810594 0.5399298 0.8448394 0.5531946 0.8810594 0.5399298 0.8810594 0.5679443 0.9256852 0.5807444 0.8894639 0.5807444 0.9256852 0.6256468 0.9256852 0.6327251 0.8894639 0.6327251 0.9256852 0.4063399 0.7043178 0.4887043 0.7161399 0.4887043 0.7043178 0.361217 0.7161399 0.4860889 0.7043178 0.361217 0.7043178 0.7675888 0.8810594 0.7799304 0.8448382 0.7675888 0.8448394 0.6256468 0.9256852 0.6327251 0.8894639 0.6256468 0.8894652 0.6256468 0.9256852 0.6327251 0.8894639 0.6327251 0.9256852 0.6256468 0.8810594 0.6327251 0.8448382 0.6256468 0.8448394 0.7675888 0.9256852 0.7799304 0.8894639 0.7799304 0.9256852 0.792647 0.8448394 0.8075209 0.8810594 0.8075209 0.8448382 0.6675111 0.8810594 0.687917 0.8448382 0.687917 0.8810594 0.5399298 0.9256852 0.5531946 0.8894639 0.5399298 0.8894652 0.6086074 0.8810594 0.6254719 0.8448382 0.6254719 0.8810594 0.6256468 0.9256852 0.6327251 0.8894639 0.6327251 0.9256852 0.7527999 0.8810594 0.7674735 0.8448382 0.7674735 0.8810594 0.507352 0.8894652 0.5248621 0.9256852 0.507352 0.9256852 0.792647 0.8894652 0.8075209 0.9256852 0.792647 0.9256852 0.7805726 0.9256852 0.7923579 0.8894639 0.7923579 0.9256852 0.6570425 0.8810594 0.668311 0.8448382 0.668311 0.8810594 0.7527999 0.9256852 0.7674735 0.8894639 0.7527999 0.8894652 0.507352 0.8448394 0.5248621 0.8810594 0.507352 0.8810594 0.792647 0.8448394 0.8075209 0.8810594 0.792647 0.8810594 0.5533544 0.9256852 0.5684509 0.8894639 0.5684509 0.9256852 0.5805646 0.8810594 0.593061 0.8448382 0.593061 0.8810594 0.7675888 0.9256852 0.7799304 0.8894639 0.7799304 0.9256852 0.6256468 0.8810594 0.6327251 0.8448382 0.6256468 0.8448394 0.6675111 0.9256852 0.687917 0.8894639 0.687917 0.9256852 0.656947 0.9256852 0.667932 0.8894639 0.656947 0.8894652 0.7801079 0.8810594 0.792306 0.8448382 0.792306 0.8810594 0.6256468 0.9256852 0.6327251 0.8894639 0.6256468 0.8894652 0.6256468 0.8810594 0.6327251 0.8448382 0.6327251 0.8810594 0.7527999 0.9256852 0.7674735 0.8894639 0.7674735 0.9256852 0.7805726 0.8810594 0.7923579 0.8448382 0.7805726 0.8448394 0.6086074 0.9256852 0.6254719 0.8894639 0.6254719 0.9256852 0.7527999 0.9256852 0.7674735 0.8894639 0.7527999 0.8894652 0.7675888 0.9256852 0.7799304 0.8894639 0.7799304 0.9256852 0.6255342 0.9256852 0.6324591 0.8894639 0.6255342 0.8894652 0.6256468 0.8810594 0.6327251 0.8448382 0.6256468 0.8448394 0.7527999 0.8894652 0.7674735 0.9256852 0.7527999 0.9256852 0.507352 0.8448394 0.5248621 0.8810594 0.5248621 0.8448382 0.792647 0.8894652 0.8075209 0.9256852 0.8075209 0.8894639 0.426025 0.7043178 0.5101669 0.7161399 0.5101669 0.7043178 0.5399298 0.8894652 0.5531946 0.9256852 0.5399298 0.9256852 0.6570425 0.8810594 0.668311 0.8448382 0.6570425 0.8448394 0.5533544 0.8810594 0.5684509 0.8448382 0.5533544 0.8448394 0.7527999 0.8448394 0.7674735 0.8810594 0.7674735 0.8448382 0.507352 0.8894652 0.5248621 0.9256852 0.5248621 0.8894639 0.6418399 0.9256852 0.656911 0.8894639 0.656911 0.9256852 0.7675888 0.8810594 0.7799304 0.8448382 0.7675888 0.8448394 0.7805726 0.9256852 0.7923579 0.8894639 0.7923579 0.9256852 0.7801079 0.8810594 0.792306 0.8448382 0.792306 0.8810594 0.6570425 0.9256852 0.668311 0.8894639 0.668311 0.9256852 0.7801079 0.8810594 0.792306 0.8448382 0.792306 0.8810594 0.6418399 0.8810594 0.656911 0.8448382 0.656911 0.8810594 0.863559 0.8810594 0.8786555 0.8448382 0.8786555 0.8810594 0.7801079 0.9256852 0.792306 0.8894639 0.792306 0.9256852 0.5533544 0.9256852 0.5684509 0.8894639 0.5684509 0.9256852 0.6865642 0.6886782 0.6213425 0.7320856 0.6213425 0.6437346 0.7675888 0.9256852 0.7799304 0.8894639 0.7799304 0.9256852 0.7675888 0.8810594 0.7799304 0.8448382 0.7675888 0.8448394 0.6213425 0.6437346 0.7398411 0.6437345 0.6865642 0.6886782 0.7398411 0.6437345 0.7291898 0.6886782 0.6865642 0.6886782 0.7291898 0.6886782 0.6865642 0.6886782 0.7398411 0.6437345 0.7398411 0.6437345 0.6865642 0.6886782 0.6213425 0.6437346 0.5805646 0.8810594 0.593061 0.8448382 0.593061 0.8810594 0.6256468 0.8810594 0.6327251 0.8448382 0.6256468 0.8448394 0.7527999 0.8810594 0.7674735 0.8448382 0.7527999 0.8448394 0.5805646 0.9256852 0.593061 0.8894639 0.593061 0.9256852 0.7801079 0.9256852 0.792306 0.8894639 0.792306 0.9256852 0.6256468 0.9256852 0.6327251 0.8894639 0.6256468 0.8894652 0.7527999 0.8448394 0.7674735 0.8810594 0.7527999 0.8810594 0.5533544 0.8810594 0.5684509 0.8448382 0.5684509 0.8810594 0.6255342 0.8448394 0.6324591 0.8810594 0.6324591 0.8448382 0.5258294 0.7043178 0.774158 0.7161399 0.5258294 0.7161399 0.6675111 0.9256852 0.687917 0.8894639 0.6675111 0.8894652 0.7801079 0.8810594 0.792306 0.8448382 0.7801079 0.8448394 0.863559 0.9256852 0.8786555 0.8894639 0.8786555 0.9256852 0.4414975 0.7168331 0.5600377 0.7042457 0.5706088 0.7168331 0.4414975 0.7168331 0.5600377 0.7042457 0.5706088 0.7168331 0.6255342 0.8894652 0.6324591 0.9256852 0.6324591 0.8894639 0.6256468 0.9256852 0.6327251 0.8894639 0.6256468 0.8894652 0.7675888 0.8810594 0.7799304 0.8448382 0.7675888 0.8448394 0.863559 0.9256852 0.8786555 0.8894639 0.8786555 0.9256852 0.7527999 0.8810594 0.7674735 0.8448382 0.7674735 0.8810594 0.656947 0.8894652 0.667932 0.9256852 0.656947 0.9256852 0.6256468 0.8810594 0.6327251 0.8448382 0.6327251 0.8810594 0.5679443 0.9256852 0.5807444 0.8894639 0.5679443 0.8894652 0.5679443 0.8810594 0.5807444 0.8810594 0.5807444 0.8448382 0.7675888 0.9256852 0.7799304 0.9256852 0.7799304 0.8894639 0.7675888 0.9256852 0.7675888 0.8894652 0.7799304 0.8894639 0.7675888 0.8810594 0.7799304 0.8810594 0.7799304 0.8448382 0.6865642 0.6886782 0.6780287 0.7320855 0.6213425 0.7320856 0.6256468 0.8810594 0.6256468 0.8448394 0.6327251 0.8448382 0.4415191 0.7042456 0.5706089 0.7042456 0.5604249 0.7168331 0.5604249 0.7168331 0.4313351 0.7168331 0.4415191 0.7042456 0.6086074 0.9256852 0.6086074 0.8894652 0.6254719 0.8894639 0.525026 0.2773862 -0.004113495 0.2773862 -0.004113376 0.1921026 0.7527999 0.8894652 0.7674735 0.8894639 0.7674735 0.9256852 0.5399298 0.8810594 0.5399298 0.8448394 0.5531946 0.8448382 0.7675888 0.9256852 0.7675888 0.8894652 0.7799304 0.8894639 0.5805646 0.9256852 0.5805646 0.8894652 0.593061 0.8894639 0.7675888 0.8810594 0.7675888 0.8448394 0.7799304 0.8448382 0.7675888 0.8810594 0.7675888 0.8448394 0.7799304 0.8448382 0.7675888 0.8810594 0.7799304 0.8810594 0.7799304 0.8448382 0.4664893 0.7161399 0.4664893 0.7043178 0.6542014 0.7043178 0.863559 0.8810594 0.863559 0.8448394 0.8786555 0.8448382 0.6256468 0.8810594 0.6327251 0.8810594 0.6327251 0.8448382 0.7527999 0.9256852 0.7674735 0.9256852 0.7674735 0.8894639 -0.004113376 0.1921026 -0.004113495 0.2773862 0.525026 0.2773862 0.6570425 0.9256852 0.668311 0.9256852 0.668311 0.8894639 0.6255342 0.8810594 0.6324591 0.8810594 0.6324591 0.8448382 0.7801079 0.9256852 0.7801079 0.8894652 0.792306 0.8894639 0.7527999 0.8810594 0.7674735 0.8810594 0.7674735 0.8448382 0.6675111 0.8810594 0.687917 0.8810594 0.687917 0.8448382 0.5679443 0.8810594 0.5679443 0.8448394 0.5807444 0.8448382 0.4664893 0.7043178 0.4664893 0.7161399 0.5700594 0.7161399 0.656947 0.8448394 0.667932 0.8448382 0.667932 0.8810594 0.6418399 0.9256852 0.656911 0.9256852 0.656911 0.8894639 0.7805726 0.8810594 0.7923579 0.8810594 0.7923579 0.8448382 0.7675888 0.9256852 0.7675888 0.8894652 0.7799304 0.8894639 0.7801079 0.9256852 0.792306 0.9256852 0.792306 0.8894639 0.6086074 0.8810594 0.6086074 0.8448394 0.6254719 0.8448382 0.6418399 0.8810594 0.6418399 0.8448394 0.656911 0.8448382 0.6256468 0.9256852 0.6256468 0.8894652 0.6327251 0.8894639 0.656947 0.8810594 0.656947 0.8448394 0.667932 0.8448382 0.5399298 0.8448394 0.5531946 0.8448382 0.5531946 0.8810594 0.5679443 0.9256852 0.5679443 0.8894652 0.5807444 0.8894639 0.6256468 0.9256852 0.6256468 0.8894652 0.6327251 0.8894639 0.4063399 0.7043178 0.4063399 0.7161399 0.4887043 0.7161399 0.361217 0.7161399 0.4860889 0.7161399 0.4860889 0.7043178 0.7675888 0.8810594 0.7799304 0.8810594 0.7799304 0.8448382 0.6256468 0.9256852 0.6327251 0.9256852 0.6327251 0.8894639 0.6256468 0.9256852 0.6256468 0.8894652 0.6327251 0.8894639 0.6256468 0.8810594 0.6327251 0.8810594 0.6327251 0.8448382 0.7675888 0.9256852 0.7675888 0.8894652 0.7799304 0.8894639 0.792647 0.8448394 0.792647 0.8810594 0.8075209 0.8810594 0.6675111 0.8810594 0.6675111 0.8448394 0.687917 0.8448382 0.5399298 0.9256852 0.5531946 0.9256852 0.5531946 0.8894639 0.6086074 0.8810594 0.6086074 0.8448394 0.6254719 0.8448382 0.6256468 0.9256852 0.6256468 0.8894652 0.6327251 0.8894639 0.7527999 0.8810594 0.7527999 0.8448394 0.7674735 0.8448382 0.507352 0.8894652 0.5248621 0.8894639 0.5248621 0.9256852 0.792647 0.8894652 0.8075209 0.8894639 0.8075209 0.9256852 0.7805726 0.9256852 0.7805726 0.8894652 0.7923579 0.8894639 0.6570425 0.8810594 0.6570425 0.8448394 0.668311 0.8448382 0.7527999 0.9256852 0.7674735 0.9256852 0.7674735 0.8894639 0.507352 0.8448394 0.5248621 0.8448382 0.5248621 0.8810594 0.792647 0.8448394 0.8075209 0.8448382 0.8075209 0.8810594 0.5533544 0.9256852 0.5533544 0.8894652 0.5684509 0.8894639 0.5805646 0.8810594 0.5805646 0.8448394 0.593061 0.8448382 0.7675888 0.9256852 0.7675888 0.8894652 0.7799304 0.8894639 0.6256468 0.8810594 0.6327251 0.8810594 0.6327251 0.8448382 0.6675111 0.9256852 0.6675111 0.8894652 0.687917 0.8894639 0.656947 0.9256852 0.667932 0.9256852 0.667932 0.8894639 0.7801079 0.8810594 0.7801079 0.8448394 0.792306 0.8448382 0.6256468 0.9256852 0.6327251 0.9256852 0.6327251 0.8894639 0.6256468 0.8810594 0.6256468 0.8448394 0.6327251 0.8448382 0.7527999 0.9256852 0.7527999 0.8894652 0.7674735 0.8894639 0.7805726 0.8810594 0.7923579 0.8810594 0.7923579 0.8448382 0.6086074 0.9256852 0.6086074 0.8894652 0.6254719 0.8894639 0.7527999 0.9256852 0.7674735 0.9256852 0.7674735 0.8894639 0.7675888 0.9256852 0.7675888 0.8894652 0.7799304 0.8894639 0.6255342 0.9256852 0.6324591 0.9256852 0.6324591 0.8894639 0.6256468 0.8810594 0.6327251 0.8810594 0.6327251 0.8448382 0.7527999 0.8894652 0.7674735 0.8894639 0.7674735 0.9256852 0.507352 0.8448394 0.507352 0.8810594 0.5248621 0.8810594 0.792647 0.8894652 0.792647 0.9256852 0.8075209 0.9256852 0.426025 0.7043178 0.426025 0.7161399 0.5101669 0.7161399 0.5399298 0.8894652 0.5531946 0.8894639 0.5531946 0.9256852 0.6570425 0.8810594 0.668311 0.8810594 0.668311 0.8448382 0.5533544 0.8810594 0.5684509 0.8810594 0.5684509 0.8448382 0.7527999 0.8448394 0.7527999 0.8810594 0.7674735 0.8810594 0.507352 0.8894652 0.507352 0.9256852 0.5248621 0.9256852 0.6418399 0.9256852 0.6418399 0.8894652 0.656911 0.8894639 0.7675888 0.8810594 0.7799304 0.8810594 0.7799304 0.8448382 0.7805726 0.9256852 0.7805726 0.8894652 0.7923579 0.8894639 0.7801079 0.8810594 0.7801079 0.8448394 0.792306 0.8448382 0.6570425 0.9256852 0.6570425 0.8894652 0.668311 0.8894639 0.7801079 0.8810594 0.7801079 0.8448394 0.792306 0.8448382 0.6418399 0.8810594 0.6418399 0.8448394 0.656911 0.8448382 0.863559 0.8810594 0.863559 0.8448394 0.8786555 0.8448382 0.7801079 0.9256852 0.7801079 0.8894652 0.792306 0.8894639 0.5533544 0.9256852 0.5533544 0.8894652 0.5684509 0.8894639 0.6865642 0.6886782 0.6780287 0.7320855 0.6213425 0.7320856 0.7675888 0.9256852 0.7675888 0.8894652 0.7799304 0.8894639 0.7675888 0.8810594 0.7799304 0.8810594 0.7799304 0.8448382 0.5805646 0.8810594 0.5805646 0.8448394 0.593061 0.8448382 0.6256468 0.8810594 0.6327251 0.8810594 0.6327251 0.8448382 0.7527999 0.8810594 0.7674735 0.8810594 0.7674735 0.8448382 0.5805646 0.9256852 0.5805646 0.8894652 0.593061 0.8894639 0.7801079 0.9256852 0.7801079 0.8894652 0.792306 0.8894639 0.6256468 0.9256852 0.6327251 0.9256852 0.6327251 0.8894639 0.7527999 0.8448394 0.7674735 0.8448382 0.7674735 0.8810594 0.5533544 0.8810594 0.5533544 0.8448394 0.5684509 0.8448382 0.6255342 0.8448394 0.6255342 0.8810594 0.6324591 0.8810594 0.5258294 0.7043178 0.774158 0.7043178 0.774158 0.7161399 0.6675111 0.9256852 0.687917 0.9256852 0.687917 0.8894639 0.7801079 0.8810594 0.792306 0.8810594 0.792306 0.8448382 0.863559 0.9256852 0.863559 0.8894652 0.8786555 0.8894639 0.4414975 0.7168331 0.4313352 0.7042457 0.5600377 0.7042457 0.4414975 0.7168331 0.4313352 0.7042457 0.5600377 0.7042457 0.6255342 0.8894652 0.6255342 0.9256852 0.6324591 0.9256852 0.6256468 0.9256852 0.6327251 0.9256852 0.6327251 0.8894639 0.7675888 0.8810594 0.7799304 0.8810594 0.7799304 0.8448382 0.863559 0.9256852 0.863559 0.8894652 0.8786555 0.8894639 0.7527999 0.8810594 0.7527999 0.8448394 0.7674735 0.8448382 0.656947 0.8894652 0.667932 0.8894639 0.667932 0.9256852 0.6256468 0.8810594 0.6256468 0.8448394 0.6327251 0.8448382 0.5679443 0.9256852 0.5807444 0.9256852 0.5807444 0.8894639 0.7529503 0.925493 0.7529503 0.8892718 0.7663574 0.8892718 0.7663574 0.925493 0.7529503 0.8810594 0.7529503 0.8448382 0.7663574 0.8448382 0.7663574 0.8810594 0.7041222 0.925493 0.7041222 0.8892718 0.7202148 0.8892718 0.7202148 0.925493 0.7041222 0.8810594 0.7041222 0.8448382 0.7202148 0.8448382 0.7202148 0.8810594 0.5532433 0.925493 0.5532433 0.8892718 0.5673828 0.8892718 0.5673828 0.925493 0.5532433 0.8810594 0.5532433 0.8448382 0.5673828 0.8448382 0.5673828 0.8810594 0.5068566 0.925493 0.5068566 0.8892718 0.5236816 0.8892718 0.5236816 0.925493 0.5068566 0.8810594 0.5068566 0.8448382 0.5236816 0.8448382 0.5236816 0.8810594 0.7675988 0.925493 0.7675988 0.8892718 0.7790527 0.8892718 0.7790527 0.925493 0.7675988 0.8810594 0.7675988 0.8448382 0.7790527 0.8448382 0.7790527 0.8810594 0.7529503 0.925493 0.7529503 0.8892718 0.7663574 0.8892718 0.7663574 0.925493 0.7529503 0.8810594 0.7529503 0.8448382 0.7663574 0.8448382 0.7663574 0.8810594 0.7041222 0.925493 0.7041222 0.8892718 0.7202148 0.8892718 0.7202148 0.925493 0.7041222 0.8810594 0.7041222 0.8448382 0.7202148 0.8448382 0.7202148 0.8810594 0.5532433 0.925493 0.5532433 0.8892718 0.5673828 0.8892718 0.5673828 0.925493 0.5532433 0.8810594 0.5532433 0.8448382 0.5673828 0.8448382 0.5673828 0.8810594 0.5068566 0.925493 0.5068566 0.8892718 0.5236816 0.8892718 0.5236816 0.925493 0.5068566 0.8810594 0.5068566 0.8448382 0.5236816 0.8448382 0.5236816 0.8810594 0.7675988 0.925493 0.7675988 0.8892718 0.7790527 0.8892718 0.7790527 0.925493 0.7675988 0.8810594 0.7675988 0.8448382 0.7790527 0.8448382 0.7790527 0.8810594 0.7212021 0.925493 0.7212021 0.8892718 0.7348633 0.8892718 0.7348633 0.925493 0.7212021 0.8810594 0.7212021 0.8448382 0.7348633 0.8448382 0.7348633 0.8810594 0.687999 0.925493 0.687999 0.8892718 0.703125 0.8892718 0.703125 0.925493 0.687999 0.8810594 0.687999 0.8448382 0.703125 0.8448382 0.703125 0.8810594 0.56837 0.925493 0.56837 0.8892718 0.5795898 0.8892718 0.5795898 0.925493 0.56837 0.8810594 0.56837 0.8448382 0.5795898 0.8448382 0.5795898 0.8810594 0.7924911 0.925493 0.7924911 0.8892718 0.8061523 0.8892718 0.8061523 0.925493 0.7924911 0.8810594 0.7924911 0.8448382 0.8061523 0.8448382 0.8061523 0.8810594 0.7675888 0.925493 0.7675888 0.8892718 0.7790527 0.8892718 0.7790527 0.925493 0.7675888 0.8810594 0.7675888 0.8448382 0.7790527 0.8448382 0.7790527 0.8810594 0.7212021 0.925493 0.7212021 0.8892718 0.7348633 0.8892718 0.7348633 0.925493 0.7212021 0.8810594 0.7212021 0.8448382 0.7348633 0.8448382 0.7348633 0.8810594 0.687999 0.925493 0.687999 0.8892718 0.703125 0.8892718 0.703125 0.925493 0.687999 0.8810594 0.687999 0.8448382 0.703125 0.8448382 0.703125 0.8810594 0.56837 0.925493 0.56837 0.8892718 0.5795898 0.8892718 0.5795898 0.925493 0.56837 0.8810594 0.56837 0.8448382 0.5795898 0.8448382 0.5795898 0.8810594 0.7924911 0.925493 0.7924911 0.8892718 0.8061523 0.8892718 0.8061523 0.925493 0.7924911 0.8810594 0.7924911 0.8448382 0.8061523 0.8448382 0.8061523 0.8810594 0.7675888 0.925493 0.7675888 0.8892718 0.7790527 0.8892718 0.7790527 0.925493 0.7675888 0.8810594 0.7675888 0.8448382 0.7790527 0.8448382 0.7790527 0.8810594 0.7676627 0.925493 0.7676627 0.8892718 0.7790527 0.8892718 0.7790527 0.925493 0.7676627 0.8810594 0.7676627 0.8448382 0.7790527 0.8448382 0.7790527 0.8810594 0.7925651 0.925493 0.7925651 0.8892718 0.8061523 0.8892718 0.8061523 0.925493 0.7925651 0.8810594 0.7925651 0.8448382 0.8061523 0.8448382 0.8061523 0.8810594 0.7676627 0.925493 0.7676627 0.8892718 0.7790527 0.8892718 0.7790527 0.925493 0.7676627 0.8810594 0.7676627 0.8448382 0.7790527 0.8448382 0.7790527 0.8810594 0.721276 0.925493 0.721276 0.8892718 0.7348633 0.8892718 0.7348633 0.925493 0.721276 0.8810594 0.721276 0.8448382 0.7348633 0.8448382 0.7348633 0.8810594 0.568444 0.925493 0.568444 0.8892718 0.5795898 0.8892718 0.5795898 0.925493 0.568444 0.8810594 0.568444 0.8448382 0.5795898 0.8448382 0.5795898 0.8810594 0.6880729 0.925493 0.6880729 0.8892718 0.703125 0.8892718 0.703125 0.925493 0.6880729 0.8810594 0.6880729 0.8448382 0.703125 0.8448382 0.703125 0.8810594 0.7676627 0.925493 0.7676627 0.8892718 0.7790527 0.8892718 0.7790527 0.925493 0.7676627 0.8810594 0.7676627 0.8448382 0.7790527 0.8448382 0.7790527 0.8810594 0.5069205 0.925493 0.5069205 0.8892718 0.5236816 0.8892718 0.5236816 0.925493 0.5069205 0.8810594 0.5069205 0.8448382 0.5236816 0.8448382 0.5236816 0.8810594 0.8022461 0.9975586 0.8022461 0.9873047 0.8198242 0.9873047 0.8198242 0.9975586 0.7993164 0.9624023 0.7993164 0.9550781 0.8139648 0.9550781 0.8139648 0.9624023 0.7041862 0.925493 0.7041862 0.8892718 0.7202148 0.8892718 0.7202148 0.925493 0.7041862 0.8810594 0.7041862 0.8448382 0.7202148 0.8448382 0.7202148 0.8810594 0.7676627 0.925493 0.7676627 0.8892718 0.7790527 0.8892718 0.7790527 0.925493 0.7676627 0.8810594 0.7676627 0.8448382 0.7790527 0.8448382 0.7790527 0.8810594 0.7925651 0.925493 0.7925651 0.8892718 0.8061523 0.8892718 0.8061523 0.925493 0.7925651 0.8810594 0.7925651 0.8448382 0.8061523 0.8448382 0.8061523 0.8810594 0.7676627 0.925493 0.7676627 0.8892718 0.7790527 0.8892718 0.7790527 0.925493 0.7676627 0.8810594 0.7676627 0.8448382 0.7790527 0.8448382 0.7790527 0.8810594 0.721276 0.925493 0.721276 0.8892718 0.7348633 0.8892718 0.7348633 0.925493 0.721276 0.8810594 0.721276 0.8448382 0.7348633 0.8448382 0.7348633 0.8810594 0.568444 0.925493 0.568444 0.8892718 0.5795898 0.8892718 0.5795898 0.925493 0.568444 0.8810594 0.568444 0.8448382 0.5795898 0.8448382 0.5795898 0.8810594 0.6880729 0.925493 0.6880729 0.8892718 0.703125 0.8892718 0.703125 0.925493 0.6880729 0.8810594 0.6880729 0.8448382 0.703125 0.8448382 0.703125 0.8810594 0.7676627 0.925493 0.7676627 0.8892718 0.7790527 0.8892718 0.7790527 0.925493 0.7676627 0.8810594 0.7676627 0.8448382 0.7790527 0.8448382 0.7790527 0.8810594 0.5069205 0.925493 0.5069205 0.8892718 0.5236816 0.8892718 0.5236816 0.925493 0.5069205 0.8810594 0.5069205 0.8448382 0.5236816 0.8448382 0.5236816 0.8810594 0.8022461 0.9975586 0.8022461 0.9873047 0.8198242 0.9873047 0.8198242 0.9975586 0.7993164 0.9624023 0.7993164 0.9550781 0.8139648 0.9550781 0.8139648 0.9624023 0.7041862 0.925493 0.7041862 0.8892718 0.7202148 0.8892718 0.7202148 0.925493 0.7041862 0.8810594 0.7041862 0.8448382 0.7202148 0.8448382 0.7202148 0.8810594 0.6085476 0.925493 0.6085476 0.8892718 0.6245117 0.8892718 0.6245117 0.925493 0.6085476 0.8810594 0.6085476 0.8448382 0.6245117 0.8448382 0.6245117 0.8810594 0.6256374 0.925493 0.6256374 0.8892718 0.6313477 0.8892718 0.6313477 0.925493 0.6256374 0.8810594 0.6256374 0.8448382 0.6313477 0.8448382 0.6313477 0.8810594 0.5533718 0.925493 0.5533718 0.8892718 0.5673828 0.8892718 0.5673828 0.925493 0.5533718 0.8810594 0.5533718 0.8448382 0.5673828 0.8448382 0.5673828 0.8810594 0.7530788 0.925493 0.7530788 0.8892718 0.7663574 0.8892718 0.7663574 0.925493 0.7530788 0.8810594 0.7530788 0.8448382 0.7663574 0.8448382 0.7663574 0.8810594 0.5069851 0.925493 0.5069851 0.8892718 0.5236816 0.8892718 0.5236816 0.925493 0.5069851 0.8810594 0.5069851 0.8448382 0.5236816 0.8448382 0.5236816 0.8810594 0.824707 0.9975586 0.824707 0.9858398 0.8383789 0.9858398 0.8383789 0.9975586 0.7485352 0.9584961 0.7485352 0.949707 0.7592773 0.949707 0.7592773 0.9584961 0.7926296 0.925493 0.7926296 0.8892718 0.8061523 0.8892718 0.8061523 0.925493 0.7926296 0.8810594 0.7926296 0.8448382 0.8061523 0.8448382 0.8061523 0.8810594 0.6568874 0.925493 0.6568874 0.8892718 0.6665039 0.8892718 0.6665039 0.925493 0.6568874 0.8810594 0.6568874 0.8448382 0.6665039 0.8448382 0.6665039 0.8810594 0.6256374 0.925493 0.6256374 0.8892718 0.6313477 0.8892718 0.6313477 0.925493 0.6256374 0.8810594 0.6256374 0.8448382 0.6313477 0.8448382 0.6313477 0.8810594 0.5401882 0.925493 0.5401882 0.8892718 0.552002 0.8892718 0.552002 0.925493 0.5401882 0.8810594 0.5401882 0.8448382 0.552002 0.8448382 0.552002 0.8810594 0.5069851 0.925493 0.5069851 0.8892718 0.5236816 0.8892718 0.5236816 0.925493 0.5069851 0.8810594 0.5069851 0.8448382 0.5236816 0.8448382 0.5236816 0.8810594 0.6085476 0.925493 0.6085476 0.8892718 0.6245117 0.8892718 0.6245117 0.925493 0.6085476 0.8810594 0.6085476 0.8448382 0.6245117 0.8448382 0.6245117 0.8810594 0.6256374 0.925493 0.6256374 0.8892718 0.6313477 0.8892718 0.6313477 0.925493 0.6256374 0.8810594 0.6256374 0.8448382 0.6313477 0.8448382 0.6313477 0.8810594 0.5533718 0.925493 0.5533718 0.8892718 0.5673828 0.8892718 0.5673828 0.925493 0.5533718 0.8810594 0.5533718 0.8448382 0.5673828 0.8448382 0.5673828 0.8810594 0.7530788 0.925493 0.7530788 0.8892718 0.7663574 0.8892718 0.7663574 0.925493 0.7530788 0.8810594 0.7530788 0.8448382 0.7663574 0.8448382 0.7663574 0.8810594 0.5069851 0.925493 0.5069851 0.8892718 0.5236816 0.8892718 0.5236816 0.925493 0.5069851 0.8810594 0.5069851 0.8448382 0.5236816 0.8448382 0.5236816 0.8810594 0.824707 0.9975586 0.824707 0.9858398 0.8383789 0.9858398 0.8383789 0.9975586 0.7485352 0.9584961 0.7485352 0.949707 0.7592773 0.949707 0.7592773 0.9584961 0.7926296 0.925493 0.7926296 0.8892718 0.8061523 0.8892718 0.8061523 0.925493 0.7926296 0.8810594 0.7926296 0.8448382 0.8061523 0.8448382 0.8061523 0.8810594 0.6568874 0.925493 0.6568874 0.8892718 0.6665039 0.8892718 0.6665039 0.925493 0.6568874 0.8810594 0.6568874 0.8448382 0.6665039 0.8448382 0.6665039 0.8810594 0.6256374 0.925493 0.6256374 0.8892718 0.6313477 0.8892718 0.6313477 0.925493 0.6256374 0.8810594 0.6256374 0.8448382 0.6313477 0.8448382 0.6313477 0.8810594 0.5401882 0.925493 0.5401882 0.8892718 0.552002 0.8892718 0.552002 0.925493 0.5401882 0.8810594 0.5401882 0.8448382 0.552002 0.8448382 0.552002 0.8810594 0.5069851 0.925493 0.5069851 0.8892718 0.5236816 0.8892718 0.5236816 0.925493 0.5069851 0.8810594 0.5069851 0.8448382 0.5236816 0.8448382 0.5236816 0.8810594</float_array>
          <technique_common>
            <accessor source="#Plane_135-mesh-map-0-array" count="1288" stride="2">
              <param name="S" type="float"/>
              <param name="T" type="float"/>
            </accessor>
          </technique_common>
        </source>
        <source id="Plane_135-mesh-colors-Col" name="Col">
          <float_array id="Plane_135-mesh-colors-Col-array" count="3168">0.7764706 0.2470588 0.2117647 1 0.7764706 0.2431373 0.2078431 1 0.7764706 0.2313725 0.1960784 1 0.1254902 0.1254902 0.1254902 1 0.1019608 0.1019608 0.1019608 1 0.09411764 0.09411764 0.09411764 1 0.09411764 0.09411764 0.09411764 1 0.07843136 0.07843136 0.07843136 1 0.0980392 0.0980392 0.0980392 1 0.7686275 0.1294118 0.09019607 1 0.7686275 0.1294118 0.09019607 1 0.7686275 0.1294118 0.09019607 1 0.6196079 0.6196079 0.6196079 1 0.6196079 0.6196079 0.6196079 1 0.6196079 0.6196079 0.6196079 1 0.7764706 0.2313725 0.2 1 0.7764706 0.2235294 0.1882353 1 0.7764706 0.2392157 0.2039216 1 1 0.8745098 0.4117647 1 1 0.8745098 0.4117647 1 1 0.8745098 0.4117647 1 1 0.8745098 0.4117647 1 1 0.8745098 0.4117647 1 1 0.8745098 0.4117647 1 1 0.8745098 0.4117647 1 1 0.8745098 0.4117647 1 1 0.8745098 0.4117647 1 1 0.8745098 0.4117647 1 1 0.8745098 0.4117647 1 1 0.8745098 0.4117647 1 1 0.8745098 0.4117647 1 1 0.8745098 0.4117647 1 1 0.8745098 0.4117647 1 0.9843137 0.8705883 0.4509804 1 0.972549 0.8666667 0.4862745 1 0.972549 0.8666667 0.4823529 1 0.9764706 0.8666667 0.4666666 1 0.9803922 0.8705883 0.4549019 1 0.9803922 0.8666667 0.4666666 1 0.972549 0.8666667 0.4862745 1 0.9764706 0.8666667 0.4666666 1 0.9803922 0.8666667 0.4666666 1 0.9921569 0.8705883 0.4313725 1 0.9843137 0.8705883 0.4509804 1 0.9843137 0.8705883 0.4470588 1 0.9921569 0.8705883 0.4313725 1 0.9921569 0.8745098 0.427451 1 0.9843137 0.8705883 0.4509804 1 0 0 0 1 0 0 0 1 0 0 0 1 0.6 0.4352941 0.3607843 1 0.6 0.4352941 0.3607843 1 0.6 0.4352941 0.3607843 1 0 0 0 1 0 0 0 1 0 0 0 1 1 0.8627451 0 1 1 0.8627451 0 1 1 0.8627451 0 1 0 0 0 1 0 0 0 1 0 0 0 1 0 0 0 1 0 0 0 1 0 0 0 1 1 0.8627451 0 1 1 0.8627451 0 1 1 0.8627451 0 1 1 0.8627451 0 1 1 0.8627451 0 1 1 0.8627451 0 1 0.972549 0.5529412 0.1372549 1 0.9686275 0.5647059 0.1607843 1 0.972549 0.5568628 0.1490196 1 1 0.8745098 0.4117647 1 1 0.8745098 0.4117647 1 1 0.8745098 0.4117647 1 1 0.8745098 0.4117647 1 1 0.8745098 0.4117647 1 1 0.8745098 0.4117647 1 1 0.8745098 0.4117647 1 1 0.8745098 0.4117647 1 1 0.8745098 0.4117647 1 1 0.8745098 0.4117647 1 1 0.8745098 0.4117647 1 1 0.8745098 0.4117647 1 1 0.8745098 0.4117647 1 1 0.8745098 0.4117647 1 1 0.8745098 0.4117647 1 0.9843137 0.8705883 0.4509804 1 0.972549 0.8666667 0.4823529 1 0.9843137 0.8705883 0.4470588 1 0.972549 0.8666667 0.4862745 1 0.9803922 0.8666667 0.4666666 1 0.972549 0.8666667 0.4823529 1 0.9921569 0.8705883 0.4313725 1 0.9843137 0.8705883 0.4470588 1 0.9921569 0.8745098 0.427451 1 0.9921569 0.8705883 0.4313725 1 0.9843137 0.8705883 0.4509804 1 0.9843137 0.8705883 0.4509804 1 1 0.8627451 0 1 1 0.8627451 0 1 1 0.8627451 0 1 0.9803922 0.9803922 0.9803922 1 0.9803922 0.9803922 0.9803922 1 0.9803922 0.9803922 0.9803922 1 0 0 0 1 0 0 0 1 0 0 0 1 0.6 0.4352941 0.3607843 1 0.6 0.4352941 0.3607843 1 0.6 0.4352941 0.3607843 1 0.08235293 0.08235293 0.08235293 1 0.08235293 0.08235293 0.08235293 1 0.07843136 0.07843136 0.07843136 1 1 0.8627451 0 1 1 0.8627451 0 1 1 0.8627451 0 1 0 0 0 1 0 0 0 1 0 0 0 1 1 0.4980392 0 1 1 0.4980392 0 1 1 0.4980392 0 1 0.9764706 0.5490196 0.1333333 1 0.972549 0.5568628 0.1490196 1 0.972549 0.5568628 0.1411765 1 0.7686275 0.1294118 0.09019607 1 0.7686275 0.1294118 0.09019607 1 0.7686275 0.1294118 0.09019607 1 0.9921569 0.8745098 0.427451 1 0.9843137 0.8705883 0.4509804 1 0.9843137 0.8705883 0.4509804 1 1 0.8627451 0 1 1 0.8627451 0 1 1 0.8627451 0 1 0.0980392 0.0980392 0.0980392 1 0.09019607 0.09019607 0.09019607 1 0.09019607 0.09019607 0.09019607 1 0.7764706 0.2196078 0.1843137 1 0.7764706 0.2156863 0.1803922 1 0.7764706 0.2078431 0.172549 1 0.1529412 0.1529412 0.1529412 1 0.145098 0.145098 0.145098 1 0.1607843 0.1607843 0.1607843 1 0.1098039 0.1098039 0.1098039 1 0.09411764 0.09411764 0.09411764 1 0.09411764 0.09411764 0.09411764 1 0.9843137 0.8588235 0.07058823 1 0.9882353 0.8588235 0.05882352 1 0.9843137 0.8588235 0.07450979 1 0.9803922 0.9803922 0.9803922 1 0.9803922 0.9803922 0.9803922 1 0.9803922 0.9803922 0.9803922 1 0 0 0 1 0 0 0 1 0 0 0 1 1 0.8627451 0 1 1 0.8627451 0 1 1 0.8627451 0 1 0.9843137 0.8588235 0.07058823 1 0.9803922 0.8588235 0.09411764 1 0.9803922 0.8588235 0.0862745 1 0 0 0 1 0 0 0 1 0 0 0 1 0.0862745 0.0862745 0.0862745 1 0.08235293 0.08235293 0.08235293 1 0.0862745 0.0862745 0.0862745 1 0.9843137 0.8705883 0.4509804 1 0.9803922 0.8705883 0.4549019 1 0.9843137 0.8705883 0.4549019 1 0.9803922 0.8666667 0.4666666 1 0.9764706 0.8705883 0.4705882 1 0.9803922 0.8705883 0.4588235 1 0.972549 0.972549 0.972549 1 0.9803922 0.9803922 0.9803922 1 0.9803922 0.9803922 0.9803922 1 0.1294118 0.1294118 0.1294118 1 0.1411765 0.1411765 0.1411765 1 0.1294118 0.1294118 0.1294118 1 0 0 0 1 0 0 0 1 0 0 0 1 1 1 1 1 1 1 1 1 1 1 1 1 0 0 0 1 0 0 0 1 0 0 0 1 1 0.8627451 0 1 1 0.8627451 0 1 1 0.8627451 0 1 1 0.4980392 0 1 1 0.4980392 0 1 1 0.4980392 0 1 0 0 0 1 0 0 0 1 0 0 0 1 1 0.8627451 0 1 1 0.8627451 0 1 1 0.8627451 0 1 0.1098039 0.1098039 0.1098039 1 0.09411764 0.09411764 0.09411764 1 0.1098039 0.1098039 0.1098039 1 0.7686275 0.1294118 0.09019607 1 0.7686275 0.1294118 0.09019607 1 0.7686275 0.1294118 0.09019607 1 0 0 0 1 0 0 0 1 0 0 0 1 0.07058823 0.07058823 0.07058823 1 0.0862745 0.0862745 0.0862745 1 0.0862745 0.0862745 0.0862745 1 0.1098039 0.1098039 0.1098039 1 0.1019608 0.1019608 0.1019608 1 0.1215686 0.1215686 0.1215686 1 1 1 1 1 1 1 1 1 1 1 1 1 0 0 0 1 0 0 0 1 0 0 0 1 1 0.8627451 0 1 1 0.8627451 0 1 1 0.8627451 0 1 1 0.8627451 0 1 1 0.8627451 0 1 1 0.8627451 0 1 0 0 0 1 0 0 0 1 0 0 0 1 0.9843137 0.9843137 0.9843137 1 0.9843137 0.9843137 0.9843137 1 0.9843137 0.9843137 0.9843137 1 0 0 0 1 0 0 0 1 0 0 0 1 1 1 1 1 1 1 1 1 1 1 1 1 0 0 0 1 0 0 0 1 0 0 0 1 0 0 0 1 0 0 0 1 0 0 0 1 1 1 1 1 1 1 1 1 1 1 1 1 0.1215686 0.1215686 0.1215686 1 0.1137255 0.1137255 0.1137255 1 0.1019608 0.1019608 0.1019608 1 1 0.4980392 0 1 1 0.4980392 0 1 1 0.4980392 0 1 0.1176471 0.1176471 0.1176471 1 0.1294118 0.1294118 0.1294118 1 0.1294118 0.1294118 0.1294118 1 0.7686275 0.1294118 0.09019607 1 0.7686275 0.1294118 0.09019607 1 0.7686275 0.1294118 0.09019607 1 0.07058823 0.07058823 0.07058823 1 0.05882352 0.05882352 0.05882352 1 0.07450979 0.07450979 0.07450979 1 0.1254902 0.1254902 0.1254902 1 0.1176471 0.1176471 0.1176471 1 0.1137255 0.1137255 0.1137255 1 0.1372549 0.1372549 0.1372549 1 0.1607843 0.1607843 0.1607843 1 0.1411765 0.1411765 0.1411765 1 0 0 0 1 0 0 0 1 0 0 0 1 0.972549 0.5490196 0.1294118 1 0.972549 0.5568628 0.1372549 1 0.972549 0.5490196 0.1294118 1 0.06666666 0.06666666 0.06666666 1 0.08235293 0.08235293 0.08235293 1 0.07843136 0.07843136 0.07843136 1 0.9843137 0.8588235 0.07058823 1 0.9843137 0.8588235 0.0862745 1 0.9843137 0.8588235 0.07058823 1 0 0 0 1 0 0 0 1 0 0 0 1 0.9843137 0.8705883 0.4549019 1 0.9803922 0.8666667 0.4666666 1 0.9803922 0.8705883 0.4588235 1 0.07058823 0.07058823 0.07058823 1 0.09411764 0.09411764 0.09411764 1 0.0862745 0.0862745 0.0862745 1 0.9843137 0.9843137 0.9843137 1 0.9843137 0.9843137 0.9843137 1 0.9843137 0.9843137 0.9843137 1 1 0.8627451 0 1 1 0.8627451 0 1 1 0.8627451 0 1 1 0.8627451 0 1 1 0.8627451 0 1 1 0.8627451 0 1 0.06666666 0.06666666 0.06666666 1 0.0862745 0.0862745 0.0862745 1 0.07058823 0.07058823 0.07058823 1 0 0 0 1 0 0 0 1 0 0 0 1 1 1 1 1 1 1 1 1 1 1 1 1 0 0 0 1 0 0 0 1 0 0 0 1 1 1 1 1 1 1 1 1 1 1 1 1 0 0 0 1 0 0 0 1 0 0 0 1 0.9764706 0.9764706 0.9764706 1 0.9803922 0.9803922 0.9803922 1 0.972549 0.972549 0.972549 1 1 1 1 1 1 1 1 1 1 1 1 1 1 0.8627451 0 1 1 0.8627451 0 1 1 0.8627451 0 1 0.09019607 0.09019607 0.09019607 1 0.0862745 0.0862745 0.0862745 1 0.09019607 0.09019607 0.09019607 1 0.07843136 0.07843136 0.07843136 1 0.06666666 0.06666666 0.06666666 1 0.07843136 0.07843136 0.07843136 1 0.6392157 0.6392157 0.6392157 1 0.654902 0.654902 0.654902 1 0.6392157 0.6392157 0.6392157 1 0 0 0 1 0 0 0 1 0 0 0 1 1 0.4980392 0 1 1 0.4980392 0 1 1 0.4980392 0 1 0.6196079 0.6196079 0.6196079 1 0.6196079 0.6196079 0.6196079 1 0.6196079 0.6196079 0.6196079 1 0.6196079 0.6196079 0.6196079 1 0.6196079 0.6196079 0.6196079 1 0.6196079 0.6196079 0.6196079 1 0.6392157 0.6392157 0.6392157 1 0.6392157 0.6392157 0.6392157 1 0.6313726 0.6313726 0.6313726 1 0.6313726 0.6313726 0.6313726 1 0.6392157 0.6392157 0.6392157 1 0.6392157 0.6392157 0.6392157 1 1 1 1 1 1 1 1 1 1 1 1 1 0.7686275 0.1294118 0.09019607 1 0.7686275 0.1294118 0.09019607 1 0.7686275 0.1294118 0.09019607 1 0.7764706 0.2392157 0.2039216 1 0.7764706 0.2313725 0.1960784 1 0.7764706 0.2235294 0.1882353 1 0.0862745 0.0862745 0.0862745 1 0.08235293 0.08235293 0.08235293 1 0.09019607 0.09019607 0.09019607 1 0 0 0 1 0 0 0 1 0 0 0 1 0 0 0 1 0 0 0 1 0 0 0 1 1 0.8627451 0 1 1 0.8627451 0 1 1 0.8627451 0 1 1 0.8627451 0 1 1 0.8627451 0 1 1 0.8627451 0 1 1 0.8627451 0 1 1 0.8627451 0 1 1 0.8627451 0 1 1 0.8745098 0.4117647 1 1 0.8745098 0.4117647 1 1 0.8745098 0.4117647 1 0.1333333 0.1333333 0.1333333 1 0.1490196 0.1490196 0.1490196 1 0.1411765 0.1411765 0.1411765 1 0.9843137 0.9843137 0.9843137 1 0.9843137 0.9843137 0.9843137 1 0.9843137 0.9843137 0.9843137 1 0 0 0 1 0 0 0 1 0 0 0 1 1 0.8745098 0.4117647 1 1 0.8745098 0.4117647 1 1 0.8745098 0.4117647 1 0.9843137 0.8705883 0.4509804 1 0.9803922 0.8705883 0.4549019 1 0.9843137 0.8705883 0.4549019 1 0.07058823 0.07058823 0.07058823 1 0.0862745 0.0862745 0.0862745 1 0.07058823 0.07058823 0.07058823 1 0 0 0 1 0 0 0 1 0 0 0 1 0.7686275 0.1294118 0.09019607 1 0.7686275 0.1294118 0.09019607 1 0.7686275 0.1294118 0.09019607 1 0.07450979 0.07450979 0.07450979 1 0.06274509 0.06274509 0.06274509 1 0.07843136 0.07843136 0.07843136 1 0.9764706 0.5450981 0.1176471 1 0.972549 0.5490196 0.1294118 1 0.972549 0.5490196 0.1294118 1 0.07058823 0.07058823 0.07058823 1 0.0862745 0.0862745 0.0862745 1 0.0862745 0.0862745 0.0862745 1 1 1 1 1 1 1 1 1 1 1 1 1 0.1411765 0.1411765 0.1411765 1 0.1294118 0.1294118 0.1294118 1 0.1176471 0.1176471 0.1176471 1 0.7764706 0.2470588 0.2117647 1 0.7803922 0.254902 0.2235294 1 0.7764706 0.2431373 0.2078431 1 0.1254902 0.1254902 0.1254902 1 0.1372549 0.1372549 0.1372549 1 0.1019608 0.1019608 0.1019608 1 0.09411764 0.09411764 0.09411764 1 0.07450979 0.07450979 0.07450979 1 0.07843136 0.07843136 0.07843136 1 0.7686275 0.1294118 0.09019607 1 0.7686275 0.1294118 0.09019607 1 0.7686275 0.1294118 0.09019607 1 0.6196079 0.6196079 0.6196079 1 0.6196079 0.6196079 0.6196079 1 0.6196079 0.6196079 0.6196079 1 0.7764706 0.2313725 0.2 1 0.7764706 0.2156863 0.1803922 1 0.7764706 0.2235294 0.1882353 1 1 0.8745098 0.4117647 1 1 0.8745098 0.4117647 1 1 0.8745098 0.4117647 1 0.9764706 0.8666667 0.4666666 1 0.9843137 0.8705883 0.4549019 1 0.9803922 0.8705883 0.4549019 1 0 0 0 1 0 0 0 1 0 0 0 1 0.6 0.4352941 0.3607843 1 0.6 0.4352941 0.3607843 1 0.6 0.4352941 0.3607843 1 0 0 0 1 0 0 0 1 0 0 0 1 1 0.8627451 0 1 1 0.8627451 0 1 1 0.8627451 0 1 0 0 0 1 0 0 0 1 0 0 0 1 0 0 0 1 0 0 0 1 0 0 0 1 1 0.8627451 0 1 1 0.8627451 0 1 1 0.8627451 0 1 1 0.8627451 0 1 1 0.8627451 0 1 1 0.8627451 0 1 0.972549 0.5529412 0.1372549 1 0.972549 0.5568628 0.1411765 1 0.9686275 0.5647059 0.1607843 1 1 0.8745098 0.4117647 1 1 0.8745098 0.4117647 1 1 0.8745098 0.4117647 1 1 0.8627451 0 1 1 0.8627451 0 1 1 0.8627451 0 1 0.9803922 0.9803922 0.9803922 1 0.9764706 0.9764706 0.9764706 1 0.9803922 0.9803922 0.9803922 1 0 0 0 1 0 0 0 1 0 0 0 1 0.6 0.4352941 0.3607843 1 0.6 0.4352941 0.3607843 1 0.6 0.4352941 0.3607843 1 0.08235293 0.08235293 0.08235293 1 0.0862745 0.0862745 0.0862745 1 0.08235293 0.08235293 0.08235293 1 1 0.8627451 0 1 1 0.8627451 0 1 1 0.8627451 0 1 0 0 0 1 0 0 0 1 0 0 0 1 1 0.4980392 0 1 1 0.4980392 0 1 1 0.4980392 0 1 0.9764706 0.5490196 0.1333333 1 0.972549 0.5529412 0.1372549 1 0.972549 0.5568628 0.1490196 1 0.7686275 0.1294118 0.09019607 1 0.7686275 0.1294118 0.09019607 1 0.7686275 0.1294118 0.09019607 1 0.9921569 0.8745098 0.427451 1 0.9921569 0.8745098 0.427451 1 0.9843137 0.8705883 0.4509804 1 1 0.8627451 0 1 1 0.8627451 0 1 1 0.8627451 0 1 0.0980392 0.0980392 0.0980392 1 0.1098039 0.1098039 0.1098039 1 0.09019607 0.09019607 0.09019607 1 0.7764706 0.2196078 0.1843137 1 0.7764706 0.2313725 0.2 1 0.7764706 0.2156863 0.1803922 1 0.1529412 0.1529412 0.1529412 1 0.1294118 0.1294118 0.1294118 1 0.145098 0.145098 0.145098 1 0.1098039 0.1098039 0.1098039 1 0.1254902 0.1254902 0.1254902 1 0.09411764 0.09411764 0.09411764 1 0.9843137 0.8588235 0.07058823 1 0.9882353 0.8627451 0.04705882 1 0.9882353 0.8588235 0.05882352 1 0.9803922 0.9803922 0.9803922 1 0.9843137 0.9843137 0.9843137 1 0.9803922 0.9803922 0.9803922 1 0 0 0 1 0 0 0 1 0 0 0 1 1 0.8627451 0 1 1 0.8627451 0 1 1 0.8627451 0 1 0.9843137 0.8588235 0.07058823 1 0.9843137 0.8588235 0.07450979 1 0.9803922 0.8588235 0.09411764 1 0 0 0 1 0 0 0 1 0 0 0 1 0.0862745 0.0862745 0.0862745 1 0.08235293 0.08235293 0.08235293 1 0.08235293 0.08235293 0.08235293 1 0.9843137 0.8705883 0.4509804 1 0.9843137 0.8705883 0.4509804 1 0.9803922 0.8705883 0.4549019 1 0.9803922 0.8666667 0.4666666 1 0.972549 0.8666667 0.4823529 1 0.9764706 0.8705883 0.4705882 1 0.972549 0.972549 0.972549 1 0.972549 0.972549 0.972549 1 0.9803922 0.9803922 0.9803922 1 0.1294118 0.1294118 0.1294118 1 0.1333333 0.1333333 0.1333333 1 0.1411765 0.1411765 0.1411765 1 0 0 0 1 0 0 0 1 0 0 0 1 1 1 1 1 1 1 1 1 1 1 1 1 0 0 0 1 0 0 0 1 0 0 0 1 1 0.8627451 0 1 1 0.8627451 0 1 1 0.8627451 0 1 1 0.4980392 0 1 1 0.4980392 0 1 1 0.4980392 0 1 0 0 0 1 0 0 0 1 0 0 0 1 1 0.8627451 0 1 1 0.8627451 0 1 1 0.8627451 0 1 0.1098039 0.1098039 0.1098039 1 0.09019607 0.09019607 0.09019607 1 0.09411764 0.09411764 0.09411764 1 0.7686275 0.1294118 0.09019607 1 0.7686275 0.1294118 0.09019607 1 0.7686275 0.1294118 0.09019607 1 0 0 0 1 0 0 0 1 0 0 0 1 0.07058823 0.07058823 0.07058823 1 0.07058823 0.07058823 0.07058823 1 0.0862745 0.0862745 0.0862745 1 0.1098039 0.1098039 0.1098039 1 0.09019607 0.09019607 0.09019607 1 0.1019608 0.1019608 0.1019608 1 1 1 1 1 1 1 1 1 1 1 1 1 0 0 0 1 0 0 0 1 0 0 0 1 1 0.8627451 0 1 1 0.8627451 0 1 1 0.8627451 0 1 1 0.8627451 0 1 1 0.8627451 0 1 1 0.8627451 0 1 0 0 0 1 0 0 0 1 0 0 0 1 0.9843137 0.9843137 0.9843137 1 0.9843137 0.9843137 0.9843137 1 0.9843137 0.9843137 0.9843137 1 0 0 0 1 0 0 0 1 0 0 0 1 1 1 1 1 1 1 1 1 1 1 1 1 0 0 0 1 0 0 0 1 0 0 0 1 0 0 0 1 0 0 0 1 0 0 0 1 1 1 1 1 1 1 1 1 1 1 1 1 0.1215686 0.1215686 0.1215686 1 0.1254902 0.1254902 0.1254902 1 0.1137255 0.1137255 0.1137255 1 1 0.4980392 0 1 1 0.4980392 0 1 1 0.4980392 0 1 0.1176471 0.1176471 0.1176471 1 0.1215686 0.1215686 0.1215686 1 0.1294118 0.1294118 0.1294118 1 0.7686275 0.1294118 0.09019607 1 0.7686275 0.1294118 0.09019607 1 0.7686275 0.1294118 0.09019607 1 0.07058823 0.07058823 0.07058823 1 0.04705882 0.04705882 0.04705882 1 0.05882352 0.05882352 0.05882352 1 0.1254902 0.1254902 0.1254902 1 0.1411765 0.1411765 0.1411765 1 0.1176471 0.1176471 0.1176471 1 0.1372549 0.1372549 0.1372549 1 0.1490196 0.1490196 0.1490196 1 0.1607843 0.1607843 0.1607843 1 0 0 0 1 0 0 0 1 0 0 0 1 0.972549 0.5490196 0.1294118 1 0.9764706 0.5490196 0.1333333 1 0.972549 0.5568628 0.1372549 1 0.06666666 0.06666666 0.06666666 1 0.06666666 0.06666666 0.06666666 1 0.08235293 0.08235293 0.08235293 1 0.9843137 0.8588235 0.07058823 1 0.9843137 0.8588235 0.08235293 1 0.9843137 0.8588235 0.0862745 1 0 0 0 1 0 0 0 1 0 0 0 1 0.9843137 0.8705883 0.4549019 1 0.9803922 0.8705883 0.4549019 1 0.9803922 0.8666667 0.4666666 1 0.07058823 0.07058823 0.07058823 1 0.07450979 0.07450979 0.07450979 1 0.09411764 0.09411764 0.09411764 1 0.9843137 0.9843137 0.9843137 1 0.9843137 0.9843137 0.9843137 1 0.9843137 0.9843137 0.9843137 1 1 0.8627451 0 1 1 0.8627451 0 1 1 0.8627451 0 1 1 0.8627451 0 1 1 0.8627451 0 1 1 0.8627451 0 1 0.06666666 0.06666666 0.06666666 1 0.08235293 0.08235293 0.08235293 1 0.0862745 0.0862745 0.0862745 1 0 0 0 1 0 0 0 1 0 0 0 1 1 1 1 1 1 1 1 1 1 1 1 1 0 0 0 1 0 0 0 1 0 0 0 1 1 1 1 1 1 1 1 1 1 1 1 1 0 0 0 1 0 0 0 1 0 0 0 1 0.9764706 0.9764706 0.9764706 1 0.9803922 0.9803922 0.9803922 1 0.9803922 0.9803922 0.9803922 1 1 1 1 1 1 1 1 1 1 1 1 1 1 0.8627451 0 1 1 0.8627451 0 1 1 0.8627451 0 1 0.09019607 0.09019607 0.09019607 1 0.08235293 0.08235293 0.08235293 1 0.0862745 0.0862745 0.0862745 1 0.07843136 0.07843136 0.07843136 1 0.06274509 0.06274509 0.06274509 1 0.06666666 0.06666666 0.06666666 1 0.6392157 0.6392157 0.6392157 1 0.6509804 0.6509804 0.6509804 1 0.654902 0.654902 0.654902 1 0 0 0 1 0 0 0 1 0 0 0 1 1 0.4980392 0 1 1 0.4980392 0 1 1 0.4980392 0 1 1 1 1 1 1 1 1 1 1 1 1 1 0.7686275 0.1294118 0.09019607 1 0.7686275 0.1294118 0.09019607 1 0.7686275 0.1294118 0.09019607 1 0.7764706 0.2392157 0.2039216 1 0.7764706 0.2470588 0.2117647 1 0.7764706 0.2313725 0.1960784 1 0.0862745 0.0862745 0.0862745 1 0.08235293 0.08235293 0.08235293 1 0.08235293 0.08235293 0.08235293 1 0 0 0 1 0 0 0 1 0 0 0 1 0 0 0 1 0 0 0 1 0 0 0 1 1 0.8627451 0 1 1 0.8627451 0 1 1 0.8627451 0 1 1 0.8627451 0 1 1 0.8627451 0 1 1 0.8627451 0 1 1 0.8627451 0 1 1 0.8627451 0 1 1 0.8627451 0 1 1 0.8745098 0.4117647 1 1 0.8745098 0.4117647 1 1 0.8745098 0.4117647 1 0.1333333 0.1333333 0.1333333 1 0.1372549 0.1372549 0.1372549 1 0.1490196 0.1490196 0.1490196 1 0.9843137 0.9843137 0.9843137 1 0.9803922 0.9803922 0.9803922 1 0.9843137 0.9843137 0.9843137 1 0 0 0 1 0 0 0 1 0 0 0 1 1 0.8745098 0.4117647 1 1 0.8745098 0.4117647 1 1 0.8745098 0.4117647 1 0.9843137 0.8705883 0.4509804 1 0.9843137 0.8705883 0.4509804 1 0.9803922 0.8705883 0.4549019 1 0.07058823 0.07058823 0.07058823 1 0.0862745 0.0862745 0.0862745 1 0.0862745 0.0862745 0.0862745 1 0 0 0 1 0 0 0 1 0 0 0 1 0.7686275 0.1294118 0.09019607 1 0.7686275 0.1294118 0.09019607 1 0.7686275 0.1294118 0.09019607 1 0.07450979 0.07450979 0.07450979 1 0.05882352 0.05882352 0.05882352 1 0.06274509 0.06274509 0.06274509 1 0.9764706 0.5450981 0.1176471 1 0.972549 0.5490196 0.1215686 1 0.972549 0.5490196 0.1294118 1 0.07058823 0.07058823 0.07058823 1 0.07058823 0.07058823 0.07058823 1 0.0862745 0.0862745 0.0862745 1 1 1 1 1 1 1 1 1 1 1 1 1 0.1411765 0.1411765 0.1411765 1 0.1490196 0.1490196 0.1490196 1 0.1294118 0.1294118 0.1294118 1</float_array>
          <technique_common>
            <accessor source="#Plane_135-mesh-colors-Col-array" count="792" stride="4">
              <param name="R" type="float"/>
              <param name="G" type="float"/>
              <param name="B" type="float"/>
              <param name="A" type="float"/>
            </accessor>
          </technique_common>
        </source>
        <vertices id="Plane_135-mesh-vertices">
          <input semantic="POSITION" source="#Plane_135-mesh-positions"/>
        </vertices>
        <triangles material="industrial-material" count="36">
          <input semantic="VERTEX" source="#Plane_135-mesh-vertices" offset="0"/>
          <input semantic="NORMAL" source="#Plane_135-mesh-normals" offset="1"/>
          <input semantic="TEXCOORD" source="#Plane_135-mesh-map-0" offset="2" set="0"/>
          <input semantic="COLOR" source="#Plane_135-mesh-colors-Col" offset="3" set="0"/>
          <p>447 8 18 18 442 8 19 19 446 8 20 20 441 9 21 21 447 9 22 22 448 9 23 23 443 10 24 24 449 10 25 25 450 10 26 26 445 11 27 27 450 11 28 28 451 11 29 29 444 12 30 30 448 12 31 31 449 12 32 32 461 13 33 33 460 13 34 34 465 13 35 35 459 14 36 36 464 14 37 37 466 14 38 38 460 15 39 39 459 15 40 40 466 15 41 41 462 16 42 42 461 16 43 43 468 16 44 44 462 17 45 45 469 18 46 46 467 17 47 47 453 29 75 75 444 29 76 76 456 29 77 77 447 30 78 78 440 30 79 79 442 30 80 80 441 31 81 81 440 31 82 82 447 31 83 83 443 32 84 84 444 32 85 85 449 32 86 86 444 12 87 87 441 12 88 88 448 12 89 89 461 33 90 90 465 33 91 91 468 33 92 92 460 34 93 93 466 34 94 94 465 34 95 95 462 35 96 96 468 35 97 97 469 36 98 98 462 37 99 99 467 38 100 100 463 39 101 101 440 52 132 132 454 52 133 133 442 52 134 134 442 69 171 171 457 69 172 172 445 69 173 173 455 70 174 174 444 70 175 175 443 70 176 176 445 109 288 288 455 109 289 289 443 109 290 290 440 145 384 384 453 145 385 385 452 145 386 386 446 149 396 396 445 149 397 397 451 150 398 398 463 151 399 399 464 151 400 400 458 151 401 401 445 167 444 444 443 167 445 445 450 167 446 446 459 168 447 447 458 168 448 448 464 168 449 449 453 177 477 477 441 177 478 478 444 177 479 479 440 188 510 510 452 188 511 511 454 188 512 512 442 203 549 549 454 203 550 550 457 203 551 551 455 69 552 552 456 69 553 553 444 69 554 554 445 237 666 666 457 237 667 667 455 237 668 668 440 265 750 750 441 265 751 751 453 265 752 752 446 269 762 762 442 269 763 763 445 269 764 764 463 270 765 765 467 270 766 766 464 270 767 767</p>
        </triangles>
        <triangles material="construction-material" count="4">
          <input semantic="VERTEX" source="#Plane_135-mesh-vertices" offset="0"/>
          <input semantic="NORMAL" source="#Plane_135-mesh-normals" offset="1"/>
          <input semantic="TEXCOORD" source="#Plane_135-mesh-map-0" offset="2" set="0"/>
          <input semantic="COLOR" source="#Plane_135-mesh-colors-Col" offset="3" set="0"/>
          <p>1 20 51 51 2 20 52 52 3 20 53 53 6 43 111 111 5 43 112 112 7 43 113 113 1 169 453 453 0 169 454 454 2 169 455 455 6 43 489 489 4 43 490 490 5 43 491 491</p>
        </triangles>
        <triangles material="clutter_commercial-material" count="256">
          <input semantic="VERTEX" source="#Plane_135-mesh-vertices" offset="0"/>
          <input semantic="NORMAL" source="#Plane_135-mesh-normals" offset="1"/>
          <input semantic="TEXCOORD" source="#Plane_135-mesh-map-0" offset="2" set="0"/>
          <input semantic="COLOR" source="#Plane_135-mesh-colors-Col" offset="3" set="0"/>
          <p>451 6 12 12 449 6 13 13 448 6 14 14 458 127 336 336 460 127 337 337 461 127 338 338 448 130 345 345 447 130 346 346 451 130 347 347 447 131 348 348 446 131 349 349 451 131 350 350 463 132 351 351 458 132 352 352 462 132 353 353 462 133 354 354 458 133 355 355 461 133 356 356 451 165 438 438 450 165 439 439 449 165 440 440 458 253 714 714 459 253 715 715 460 253 716 716 470 99 792 258 471 99 793 258 472 99 794 258 470 99 792 258 472 99 794 258 473 99 795 258 474 156 796 414 475 156 797 414 476 156 798 414 474 156 796 414 476 156 798 414 477 156 799 414 478 99 800 258 479 99 801 258 480 99 802 258 478 99 800 258 480 99 802 258 481 99 803 258 482 156 804 414 483 156 805 414 484 156 806 414 482 156 804 414 484 156 806 414 485 156 807 414 486 99 808 258 487 99 809 258 488 99 810 258 486 99 808 258 488 99 810 258 489 99 811 258 490 156 812 414 491 156 813 414 492 156 814 414 490 156 812 414 492 156 814 414 493 156 815 414 494 99 816 258 495 99 817 258 496 99 818 258 494 99 816 258 496 99 818 258 497 99 819 258 498 156 820 414 499 156 821 414 500 156 822 414 498 156 820 414 500 156 822 414 501 156 823 414 502 99 824 258 503 99 825 258 504 99 826 258 502 99 824 258 504 99 826 258 505 99 827 258 506 156 828 414 507 156 829 414 508 156 830 414 506 156 828 414 508 156 830 414 509 156 831 414 510 42 832 108 512 42 834 108 511 42 833 108 510 42 832 108 513 42 835 108 512 42 834 108 514 47 836 123 516 47 838 123 515 47 837 123 514 47 836 123 517 47 839 123 516 47 838 123 518 42 840 108 520 42 842 108 519 42 841 108 518 42 840 108 521 42 843 108 520 42 842 108 522 47 844 123 524 47 846 123 523 47 845 123 522 47 844 123 525 47 847 123 524 47 846 123 526 42 848 108 528 42 850 108 527 42 849 108 526 42 848 108 529 42 851 108 528 42 850 108 530 47 852 123 532 47 854 123 531 47 853 123 530 47 852 123 533 47 855 123 532 47 854 123 534 42 856 108 536 42 858 108 535 42 857 108 534 42 856 108 537 42 859 108 536 42 858 108 538 47 860 123 540 47 862 123 539 47 861 123 538 47 860 123 541 47 863 123 540 47 862 123 542 42 864 108 544 42 866 108 543 42 865 108 542 42 864 108 545 42 867 108 544 42 866 108 546 47 868 123 548 47 870 123 547 47 869 123 546 47 868 123 549 47 871 123 548 47 870 123 550 83 872 216 551 83 873 216 552 83 874 216 550 83 872 216 552 83 874 216 553 83 875 216 554 55 876 141 556 55 878 141 555 55 877 141 554 55 876 141 557 55 879 141 556 55 878 141 558 83 880 216 559 83 881 216 560 83 882 216 558 83 880 216 560 83 882 216 561 83 883 216 562 55 884 141 564 55 886 141 563 55 885 141 562 55 884 141 565 55 887 141 564 55 886 141 566 83 888 216 567 83 889 216 568 83 890 216 566 83 888 216 568 83 890 216 569 83 891 216 570 55 892 141 572 55 894 141 571 55 893 141 570 55 892 141 573 55 895 141 572 55 894 141 574 83 896 216 575 83 897 216 576 83 898 216 574 83 896 216 576 83 898 216 577 83 899 216 578 55 900 141 580 55 902 141 579 55 901 141 578 55 900 141 581 55 903 141 580 55 902 141 582 83 904 216 583 83 905 216 584 83 906 216 582 83 904 216 584 83 906 216 585 83 907 216 586 55 908 141 588 55 910 141 587 55 909 141 586 55 908 141 589 55 911 141 588 55 910 141 590 117 912 312 591 117 913 312 592 117 914 312 590 117 912 312 592 117 914 312 593 117 915 312 594 100 916 261 596 100 918 261 595 100 917 261 594 100 916 261 597 100 919 261 596 100 918 261 598 117 920 312 599 117 921 312 600 117 922 312 598 117 920 312 600 117 922 312 601 117 923 312 602 100 924 261 604 100 926 261 603 100 925 261 602 100 924 261 605 100 927 261 604 100 926 261 606 117 928 312 607 117 929 312 608 117 930 312 606 117 928 312 608 117 930 312 609 117 931 312 610 100 932 261 612 100 934 261 611 100 933 261 610 100 932 261 613 100 935 261 612 100 934 261 614 117 936 312 615 117 937 312 616 117 938 312 614 117 936 312 616 117 938 312 617 117 939 312 618 100 940 261 620 100 942 261 619 100 941 261 618 100 940 261 621 100 943 261 620 100 942 261 622 117 944 312 623 117 945 312 624 117 946 312 622 117 944 312 624 117 946 312 625 117 947 312 626 100 948 261 628 100 950 261 627 100 949 261 626 100 948 261 629 100 951 261 628 100 950 261 630 44 952 114 632 44 954 114 631 44 953 114 630 44 952 114 633 44 955 114 632 44 954 114 634 111 956 294 636 111 958 294 635 111 957 294 634 111 956 294 637 111 959 294 636 111 958 294 638 44 960 114 640 44 962 114 639 44 961 114 638 44 960 114 641 44 963 114 640 44 962 114 642 111 964 294 644 111 966 294 643 111 965 294 642 111 964 294 645 111 967 294 644 111 966 294 646 44 968 114 648 44 970 114 647 44 969 114 646 44 968 114 649 44 971 114 648 44 970 114 650 111 972 294 652 111 974 294 651 111 973 294 650 111 972 294 653 111 975 294 652 111 974 294 654 44 976 114 656 44 978 114 655 44 977 114 654 44 976 114 657 44 979 114 656 44 978 114 658 111 980 294 660 111 982 294 659 111 981 294 658 111 980 294 661 111 983 294 660 111 982 294 662 44 984 114 664 44 986 114 663 44 985 114 662 44 984 114 665 44 987 114 664 44 986 114 666 111 988 294 668 111 990 294 667 111 989 294 666 111 988 294 669 111 991 294 668 111 990 294 670 44 992 114 672 44 994 114 671 44 993 114 670 44 992 114 673 44 995 114 672 44 994 114 674 111 996 294 676 111 998 294 675 111 997 294 674 111 996 294 677 111 999 294 676 111 998 294 678 44 1000 114 680 44 1002 114 679 44 1001 114 678 44 1000 114 681 44 1003 114 680 44 1002 114 682 111 1004 294 684 111 1006 294 683 111 1005 294 682 111 1004 294 685 111 1007 294 684 111 1006 294 686 44 1008 114 688 44 1010 114 687 44 1009 114 686 44 1008 114 689 44 1011 114 688 44 1010 114 690 111 1012 294 692 111 1014 294 691 111 1013 294 690 111 1012 294 693 111 1015 294 692 111 1014 294 694 44 1016 114 696 44 1018 114 695 44 1017 114 694 44 1016 114 697 44 1019 114 696 44 1018 114 698 111 1020 294 700 111 1022 294 699 111 1021 294 698 111 1020 294 701 111 1023 294 700 111 1022 294 702 44 1024 114 704 44 1026 114 703 44 1025 114 702 44 1024 114 705 44 1027 114 704 44 1026 114 706 111 1028 294 708 111 1030 294 707 111 1029 294 706 111 1028 294 709 111 1031 294 708 111 1030 294 710 119 1032 318 711 119 1033 318 712 119 1034 318 710 119 1032 318 712 119 1034 318 713 119 1035 318 714 84 1036 219 715 84 1037 219 716 84 1038 219 714 84 1036 219 716 84 1038 219 717 84 1039 219 718 119 1040 318 719 119 1041 318 720 119 1042 318 718 119 1040 318 720 119 1042 318 721 119 1043 318 722 84 1044 219 723 84 1045 219 724 84 1046 219 722 84 1044 219 724 84 1046 219 725 84 1047 219 726 119 1048 318 727 119 1049 318 728 119 1050 318 726 119 1048 318 728 119 1050 318 729 119 1051 318 730 84 1052 219 731 84 1053 219 732 84 1054 219 730 84 1052 219 732 84 1054 219 733 84 1055 219 734 119 1056 318 735 119 1057 318 736 119 1058 318 734 119 1056 318 736 119 1058 318 737 119 1059 318 738 84 1060 219 739 84 1061 219 740 84 1062 219 738 84 1060 219 740 84 1062 219 741 84 1063 219 742 119 1064 318 743 119 1065 318 744 119 1066 318 742 119 1064 318 744 119 1066 318 745 119 1067 318 746 84 1068 219 747 84 1069 219 748 84 1070 219 746 84 1068 219 748 84 1070 219 749 84 1071 219 750 119 1072 318 751 119 1073 318 752 119 1074 318 750 119 1072 318 752 119 1074 318 753 119 1075 318 754 84 1076 219 755 84 1077 219 756 84 1078 219 754 84 1076 219 756 84 1078 219 757 84 1079 219 758 119 1080 318 759 119 1081 318 760 119 1082 318 758 119 1080 318 760 119 1082 318 761 119 1083 318 762 84 1084 219 763 84 1085 219 764 84 1086 219 762 84 1084 219 764 84 1086 219 765 84 1087 219 766 119 1088 318 767 119 1089 318 768 119 1090 318 766 119 1088 318 768 119 1090 318 769 119 1091 318 770 84 1092 219 771 84 1093 219 772 84 1094 219 770 84 1092 219 772 84 1094 219 773 84 1095 219 774 119 1096 318 775 119 1097 318 776 119 1098 318 774 119 1096 318 776 119 1098 318 777 119 1099 318 778 84 1100 219 779 84 1101 219 780 84 1102 219 778 84 1100 219 780 84 1102 219 781 84 1103 219 782 119 1104 318 783 119 1105 318 784 119 1106 318 782 119 1104 318 784 119 1106 318 785 119 1107 318 786 84 1108 219 787 84 1109 219 788 84 1110 219 786 84 1108 219 788 84 1110 219 789 84 1111 219 790 101 1112 264 791 101 1113 264 792 101 1114 264 790 101 1112 264 792 101 1114 264 793 101 1115 264 794 58 1116 150 795 58 1117 150 796 58 1118 150 794 58 1116 150 796 58 1118 150 797 58 1119 150 798 101 1120 264 799 101 1121 264 800 101 1122 264 798 101 1120 264 800 101 1122 264 801 101 1123 264 802 58 1124 150 803 58 1125 150 804 58 1126 150 802 58 1124 150 804 58 1126 150 805 58 1127 150 806 101 1128 264 807 101 1129 264 808 101 1130 264 806 101 1128 264 808 101 1130 264 809 101 1131 264 810 58 1132 150 811 58 1133 150 812 58 1134 150 810 58 1132 150 812 58 1134 150 813 58 1135 150 814 101 1136 264 815 101 1137 264 816 101 1138 264 814 101 1136 264 816 101 1138 264 817 101 1139 264 818 58 1140 150 819 58 1141 150 820 58 1142 150 818 58 1140 150 820 58 1142 150 821 58 1143 150 822 101 1144 264 823 101 1145 264 824 101 1146 264 822 101 1144 264 824 101 1146 264 825 101 1147 264 826 58 1148 150 827 58 1149 150 828 58 1150 150 826 58 1148 150 828 58 1150 150 829 58 1151 150 830 101 1152 264 831 101 1153 264 832 101 1154 264 830 101 1152 264 832 101 1154 264 833 101 1155 264 834 58 1156 150 835 58 1157 150 836 58 1158 150 834 58 1156 150 836 58 1158 150 837 58 1159 150 838 101 1160 264 839 101 1161 264 840 101 1162 264 838 101 1160 264 840 101 1162 264 841 101 1163 264 842 58 1164 150 843 58 1165 150 844 58 1166 150 842 58 1164 150 844 58 1166 150 845 58 1167 150 846 101 1168 264 847 101 1169 264 848 101 1170 264 846 101 1168 264 848 101 1170 264 849 101 1171 264 850 58 1172 150 851 58 1173 150 852 58 1174 150 850 58 1172 150 852 58 1174 150 853 58 1175 150 854 101 1176 264 855 101 1177 264 856 101 1178 264 854 101 1176 264 856 101 1178 264 857 101 1179 264 858 58 1180 150 859 58 1181 150 860 58 1182 150 858 58 1180 150 860 58 1182 150 861 58 1183 150 862 101 1184 264 863 101 1185 264 864 101 1186 264 862 101 1184 264 864 101 1186 264 865 101 1187 264 866 58 1188 150 867 58 1189 150 868 58 1190 150 866 58 1188 150 868 58 1190 150 869 58 1191 150 870 101 1192 264 871 101 1193 264 872 101 1194 264 870 101 1192 264 872 101 1194 264 873 101 1195 264 874 58 1196 150 875 58 1197 150 876 58 1198 150 874 58 1196 150 876 58 1198 150 877 58 1199 150 878 19 1200 48 879 19 1201 48 880 19 1202 48 878 19 1200 48 880 19 1202 48 881 19 1203 48 882 12 1204 201 883 12 1205 201 884 12 1206 201 882 12 1204 201 884 12 1206 201 885 12 1207 201 886 19 1208 48 887 19 1209 48 888 19 1210 48 886 19 1208 48 888 19 1210 48 889 19 1211 48 890 12 1212 201 891 12 1213 201 892 12 1214 201 890 12 1212 201 892 12 1214 201 893 12 1215 201 894 19 1216 48 895 19 1217 48 896 19 1218 48 894 19 1216 48 896 19 1218 48 897 19 1219 48 898 12 1220 201 899 12 1221 201 900 12 1222 201 898 12 1220 201 900 12 1222 201 901 12 1223 201 902 19 1224 48 903 19 1225 48 904 19 1226 48 902 19 1224 48 904 19 1226 48 905 19 1227 48 906 12 1228 201 907 12 1229 201 908 12 1230 201 906 12 1228 201 908 12 1230 201 909 12 1231 201 910 19 1232 48 911 19 1233 48 912 19 1234 48 910 19 1232 48 912 19 1234 48 913 19 1235 48 914 12 1236 201 915 12 1237 201 916 12 1238 201 914 12 1236 201 916 12 1238 201 917 12 1239 201 918 19 1240 48 919 19 1241 48 920 19 1242 48 918 19 1240 48 920 19 1242 48 921 19 1243 48 922 12 1244 201 923 12 1245 201 924 12 1246 201 922 12 1244 201 924 12 1246 201 925 12 1247 201 926 19 1248 48 927 19 1249 48 928 19 1250 48 926 19 1248 48 928 19 1250 48 929 19 1251 48 930 12 1252 201 931 12 1253 201 932 12 1254 201 930 12 1252 201 932 12 1254 201 933 12 1255 201 934 19 1256 48 935 19 1257 48 936 19 1258 48 934 19 1256 48 936 19 1258 48 937 19 1259 48 938 12 1260 201 939 12 1261 201 940 12 1262 201 938 12 1260 201 940 12 1262 201 941 12 1263 201 942 19 1264 48 943 19 1265 48 944 19 1266 48 942 19 1264 48 944 19 1266 48 945 19 1267 48 946 12 1268 201 947 12 1269 201 948 12 1270 201 946 12 1268 201 948 12 1270 201 949 12 1271 201 950 19 1272 48 951 19 1273 48 952 19 1274 48 950 19 1272 48 952 19 1274 48 953 19 1275 48 954 12 1276 201 955 12 1277 201 956 12 1278 201 954 12 1276 201 956 12 1278 201 957 12 1279 201 958 19 1280 48 959 19 1281 48 960 19 1282 48 958 19 1280 48 960 19 1282 48 961 19 1283 48 962 12 1284 201 963 12 1285 201 964 12 1286 201 962 12 1284 201 964 12 1286 201 965 12 1287 201</p>
        </triangles>
      </mesh>
    </geometry>
    <geometry id="Plane_030-mesh" name="Plane.030">
      <mesh>
        <source id="Plane_030-mesh-positions">
          <float_array id="Plane_030-mesh-positions-array" count="60">3.184586 -0.2371985 4.438011 -1.480241 -0.2371012 4.438011 2.72345 -0.2371661 6.383614 0.8654279 -0.2371984 7.96421 -1.480241 -0.2371012 7.96421 1.176265 -0.2372092 6.383614 3.184694 0.2628127 4.438011 -1.480262 0.2627806 4.438011 2.723526 0.2627913 6.383614 0.8654926 0.2627698 7.96421 -1.480262 0.2627806 7.96421 1.176373 0.2628021 6.383614 -0.4642277 0.1498782 4.438011 -0.4642277 -0.1497271 4.438011 0.4642276 -0.1498458 4.438011 0.4642276 0.1498458 4.438011 0.4642276 0.1498458 0 -0.4642277 0.1498782 0 -0.4642277 -0.1497271 0 0.4642276 -0.1498458 0</float_array>
          <technique_common>
            <accessor source="#Plane_030-mesh-positions-array" count="20" stride="3">
              <param name="X" type="float"/>
              <param name="Y" type="float"/>
              <param name="Z" type="float"/>
            </accessor>
          </technique_common>
        </source>
        <source id="Plane_030-mesh-normals">
          <float_array id="Plane_030-mesh-normals-array" count="72">0 0 -1 -1 -4.27418e-5 0 0 0 1 0.9812011 -2.11939e-4 0.192988 -6.16459e-7 0 1 0.973039 -2.10809e-4 0.2306407 4.62455e-6 1 2.13609e-5 -4.06563e-5 -1 0 -1 0 0 3.48754e-5 1 0 1 0 0 0 0 -1 -1 -4.27418e-5 0 1.67292e-7 0 1 0.9812062 -1.26997e-4 0.1929622 0 0 1 0.9730427 -1.45961e-4 0.2306254 6.9731e-6 1 1.26728e-5 -6.88686e-6 1 -1.62866e-6 -8.07701e-6 1 0 -2.08656e-5 -1 -2.70378e-5 2.78533e-5 -1 2.3266e-5 -4.14319e-5 -1 -1.31828e-6 3.48754e-5 1 0</float_array>
          <technique_common>
            <accessor source="#Plane_030-mesh-normals-array" count="24" stride="3">
              <param name="X" type="float"/>
              <param name="Y" type="float"/>
              <param name="Z" type="float"/>
            </accessor>
          </technique_common>
        </source>
        <source id="Plane_030-mesh-map-0">
          <float_array id="Plane_030-mesh-map-0-array" count="156">0.9639576 0.7461825 0.975439 0.6390751 0.9754347 0.7461819 0.9746494 0.6327257 0.986121 0.551767 0.986121 0.6327295 0.2420966 0.9314317 0.2535766 0.9852923 0.2420966 0.9852938 0.9746478 0.3046202 0.9861242 0.3408405 0.9746464 0.3408973 0.9861233 0.3045666 0.997604 0.3400883 0.9861246 0.3400906 0.9869239 0.692405 0.9984002 0.7369874 0.9869232 0.737056 0.6303822 0.6035096 0.6303821 0.5496622 0.666671 0.5425382 0.6750513 0.6496192 0.7113403 0.7105833 0.630382 0.7106125 0.7282332 0.4855208 0.7213577 0.3836207 0.7282332 0.383623 0.8989682 0.6442746 0.8776549 0.5423895 0.8989682 0.5423822 0.55228 0.71648 0.545401 0.6145776 0.55228 0.6145772 0.9639576 0.7461825 0.9639576 0.6390721 0.975439 0.6390751 0.9746494 0.6327257 0.9746494 0.5517631 0.986121 0.551767 0.2420966 0.9314317 0.2535738 0.9314331 0.2535766 0.9852923 0.9746478 0.3046202 0.9861242 0.3045634 0.9861242 0.3408405 0.9861233 0.3045666 0.997604 0.3045635 0.997604 0.3400883 0.9869239 0.692405 0.9984002 0.6923364 0.9984002 0.7369874 0.666671 0.5070233 0.7113403 0.4964525 0.666671 0.5425382 0.7113403 0.4964525 0.7113403 0.6035369 0.666671 0.5425382 0.7113403 0.6035369 0.6303822 0.6035096 0.666671 0.5425382 0.630382 0.7106125 0.630382 0.6035359 0.6750513 0.6496192 0.630382 0.6035359 0.6750512 0.6141042 0.6750513 0.6496192 0.6750513 0.6496192 0.7113403 0.6567409 0.7113403 0.7105833 0.7282332 0.4855208 0.7213577 0.4855185 0.7213577 0.3836207 0.8989682 0.6442746 0.8776549 0.6442818 0.8776549 0.5423895 0.55228 0.71648 0.545401 0.7164803 0.545401 0.6145776</float_array>
          <technique_common>
            <accessor source="#Plane_030-mesh-map-0-array" count="78" stride="2">
              <param name="S" type="float"/>
              <param name="T" type="float"/>
            </accessor>
          </technique_common>
        </source>
        <source id="Plane_030-mesh-colors-Attribute" name="Attribute">
          <float_array id="Plane_030-mesh-colors-Attribute-array" count="312">1 1 1 1 1 1 1 1 1 1 1 1 1 1 1 1 1 1 1 1 1 1 1 1 1 1 1 1 1 1 1 1 1 1 1 1 1 1 1 1 1 1 1 1 1 1 1 1 1 1 1 1 1 1 1 1 1 1 1 1 1 1 1 1 1 1 1 1 1 1 1 1 1 1 1 1 1 1 1 1 1 1 1 1 1 1 1 1 1 1 1 1 1 1 1 1 1 1 1 1 1 1 1 1 1 1 1 1 1 1 1 1 1 1 1 1 1 1 1 1 1 1 1 1 1 1 1 1 1 1 1 1 1 1 1 1 1 1 1 1 1 1 1 1 1 1 1 1 1 1 1 1 1 1 1 1 1 1 1 1 1 1 1 1 1 1 1 1 1 1 1 1 1 1 1 1 1 1 1 1 1 1 1 1 1 1 1 1 1 1 1 1 1 1 1 1 1 1 1 1 1 1 1 1 1 1 1 1 1 1 1 1 1 1 1 1 1 1 1 1 1 1 1 1 1 1 1 1 1 1 1 1 1 1 1 1 1 1 1 1 1 1 1 1 1 1 1 1 1 1 1 1 1 1 1 1 1 1 1 1 1 1 1 1 1 1 1 1 1 1 1 1 1 1 1 1 1 1 1 1 1 1 1 1 1 1 1 1 1 1 1 1 1 1 1 1 1 1 1 1 1 1 1 1 1 1 1 1 1 1 1 1</float_array>
          <technique_common>
            <accessor source="#Plane_030-mesh-colors-Attribute-array" count="78" stride="4">
              <param name="R" type="float"/>
              <param name="G" type="float"/>
              <param name="B" type="float"/>
              <param name="A" type="float"/>
            </accessor>
          </technique_common>
        </source>
        <vertices id="Plane_030-mesh-vertices">
          <input semantic="POSITION" source="#Plane_030-mesh-positions"/>
        </vertices>
        <triangles material="industrial-material" count="26">
          <input semantic="VERTEX" source="#Plane_030-mesh-vertices" offset="0"/>
          <input semantic="NORMAL" source="#Plane_030-mesh-normals" offset="1"/>
          <input semantic="TEXCOORD" source="#Plane_030-mesh-map-0" offset="2" set="0"/>
          <input semantic="COLOR" source="#Plane_030-mesh-colors-Attribute" offset="3" set="0"/>
          <p>7 0 0 0 0 0 1 1 1 0 2 2 1 1 3 3 10 1 4 4 7 1 5 5 10 2 6 6 3 2 7 7 9 2 8 8 9 3 9 9 5 3 10 10 11 3 11 11 11 4 12 12 2 4 13 13 8 4 14 14 8 5 15 15 0 5 16 16 6 5 17 17 10 6 18 18 9 6 19 19 11 6 20 20 5 7 21 21 4 7 22 22 1 7 23 23 17 8 24 24 13 8 25 25 12 8 26 26 16 9 27 27 12 9 28 28 15 9 29 29 19 10 30 30 15 10 31 31 14 10 32 32 7 11 33 33 6 11 34 34 0 11 35 35 1 12 36 36 4 12 37 37 10 12 38 38 10 13 39 39 4 13 40 40 3 13 41 41 9 14 42 42 3 14 43 43 5 14 44 44 11 15 45 45 5 15 46 46 2 15 47 47 8 16 48 48 2 16 49 49 0 16 50 50 8 17 51 51 6 17 52 52 11 17 53 53 6 18 54 54 7 18 55 55 11 18 56 56 7 19 57 57 10 19 58 58 11 19 59 59 1 20 60 60 0 20 61 61 5 20 62 62 0 21 63 63 2 21 64 64 5 21 65 65 5 22 66 66 3 22 67 67 4 22 68 68 17 8 69 69 18 8 70 70 13 8 71 71 16 23 72 72 17 23 73 73 12 23 74 74 19 10 75 75 16 10 76 76 15 10 77 77</p>
        </triangles>
      </mesh>
    </geometry>
  </library_geometries>
  <library_visual_scenes>
    <visual_scene id="Scene" name="Scene">
      <node id="base00" name="base00" type="NODE">
        <matrix sid="transform">1 0 0 0 0 1 0 0 0 0 1 0 0 0 0 1</matrix>
        <node id="start01" name="start01" type="NODE">
          <matrix sid="transform">1 0 0 0 0 1 0 0 0 0 1 0 0 0 0 1</matrix>
          <node id="Colmesh_s_car_parts_sign_001-1" name="Colmesh_s_car_parts_sign_001-1" type="NODE">
            <matrix sid="transform">1 0 0 0 0 1 0 0 0 0 1 0 0 0 0 1</matrix>
            <instance_geometry url="#Plane_030-mesh" name="Colmesh_s_car_parts_sign_001-1">
              <bind_material>
                <technique_common>
                  <instance_material symbol="industrial-material" target="#industrial-material">
                    <bind_vertex_input semantic="UVMap" input_semantic="TEXCOORD" input_set="0"/>
                  </instance_material>
                </technique_common>
              </bind_material>
            </instance_geometry>
          </node>
          <node id="s_car_parts_sign_001_L45" name="s_car_parts_sign_001_L45" type="NODE">
            <matrix sid="transform">1 0 0 0 0 1 0 0 0 0 1 0 0 0 0 1</matrix>
            <instance_geometry url="#Plane_135-mesh" name="s_car_parts_sign_001_L45">
              <bind_material>
                <technique_common>
                  <instance_material symbol="architraves-material" target="#architraves-material">
                    <bind_vertex_input semantic="UVMap" input_semantic="TEXCOORD" input_set="0"/>
                  </instance_material>
                  <instance_material symbol="industrial-material" target="#industrial-material">
                    <bind_vertex_input semantic="UVMap" input_semantic="TEXCOORD" input_set="0"/>
                  </instance_material>
                  <instance_material symbol="windows_doors_reflective-material" target="#windows_doors_reflective-material">
                    <bind_vertex_input semantic="UVMap" input_semantic="TEXCOORD" input_set="0"/>
                  </instance_material>
                  <instance_material symbol="corrugation-material" target="#corrugation-material">
                    <bind_vertex_input semantic="UVMap" input_semantic="TEXCOORD" input_set="0"/>
                  </instance_material>
                  <instance_material symbol="slabs_large-material" target="#slabs_large-material">
                    <bind_vertex_input semantic="UVMap" input_semantic="TEXCOORD" input_set="0"/>
                  </instance_material>
                  <instance_material symbol="metal_plates-material" target="#metal_plates-material">
                    <bind_vertex_input semantic="UVMap" input_semantic="TEXCOORD" input_set="0"/>
                  </instance_material>
                  <instance_material symbol="balustrades-material" target="#balustrades-material">
                    <bind_vertex_input semantic="UVMap" input_semantic="TEXCOORD" input_set="0"/>
                  </instance_material>
                  <instance_material symbol="brick_painted-material" target="#brick_painted-material">
                    <bind_vertex_input semantic="UVMap" input_semantic="TEXCOORD" input_set="0"/>
                  </instance_material>
                  <instance_material symbol="stucco1_white-material" target="#stucco1_white-material">
                    <bind_vertex_input semantic="UVMap" input_semantic="TEXCOORD" input_set="0"/>
                  </instance_material>
                  <instance_material symbol="columns-material" target="#columns-material">
                    <bind_vertex_input semantic="UVMap" input_semantic="TEXCOORD" input_set="0"/>
                  </instance_material>
                  <instance_material symbol="construction-material" target="#construction-material">
                    <bind_vertex_input semantic="UVMap" input_semantic="TEXCOORD" input_set="0"/>
                  </instance_material>
                  <instance_material symbol="clutter_commercial-material" target="#clutter_commercial-material">
                    <bind_vertex_input semantic="UVMap" input_semantic="TEXCOORD" input_set="0"/>
                  </instance_material>
                  <instance_material symbol="brick_plain-material" target="#brick_plain-material">
                    <bind_vertex_input semantic="UVMap" input_semantic="TEXCOORD" input_set="0"/>
                  </instance_material>
                  <instance_material symbol="stone_brick_regular-material" target="#stone_brick_regular-material">
                    <bind_vertex_input semantic="UVMap" input_semantic="TEXCOORD" input_set="0"/>
                  </instance_material>
                  <instance_material symbol="curbs-material" target="#curbs-material">
                    <bind_vertex_input semantic="UVMap" input_semantic="TEXCOORD" input_set="0"/>
                  </instance_material>
                  <instance_material symbol="wirefence-material" target="#wirefence-material">
                    <bind_vertex_input semantic="UVMap" input_semantic="TEXCOORD" input_set="0"/>
                  </instance_material>
                  <instance_material symbol="groundmesh_grass2-material" target="#groundmesh_grass2-material">
                    <bind_vertex_input semantic="UVMap" input_semantic="TEXCOORD" input_set="0"/>
                  </instance_material>
                  <instance_material symbol="billboards-material" target="#billboards-material">
                    <bind_vertex_input semantic="UVMap" input_semantic="TEXCOORD" input_set="0"/>
                  </instance_material>
                  <instance_material symbol="road_asphalt-material" target="#road_asphalt-material">
                    <bind_vertex_input semantic="UVMap" input_semantic="TEXCOORD" input_set="0"/>
                  </instance_material>
                </technique_common>
              </bind_material>
            </instance_geometry>
          </node>
          <node id="nulldetail10" name="nulldetail10" type="NODE">
            <matrix sid="transform">1 0 0 0 0 1 0 0 0 0 1 0 0 0 0 1</matrix>
          </node>
        </node>
      </node>
    </visual_scene>
  </library_visual_scenes>
  <scene>
    <instance_visual_scene url="#Scene"/>
  </scene>
</COLLADA>