<?xml version="1.0" encoding="utf-8"?>
<COLLADA xmlns="http://www.collada.org/2005/11/COLLADASchema" version="1.4.1" xmlns:xsi="http://www.w3.org/2001/XMLSchema-instance">
  <asset>
    <contributor>
      <author>Blender User</author>
      <authoring_tool>Blender 4.5.5 LTS commit date:2025-11-17, commit time:16:03, hash:836beaaf597a</authoring_tool>
    </contributor>
    <created>2026-05-13T15:48:47</created>
    <modified>2026-05-13T15:48:47</modified>
    <unit name="meter" meter="1"/>
    <up_axis>Z_UP</up_axis>
  </asset>
  <library_effects>
    <effect id="architraves-effect">
      <profile_COMMON>
        <technique sid="common">
          <lambert>
            <emission>
              <color sid="emission">0 0 0 1</color>
            </emission>
            <diffuse>
              <color sid="diffuse">0.8 0.8 0.8 1</color>
            </diffuse>
            <index_of_refraction>
              <float sid="ior">1.45</float>
            </index_of_refraction>
          </lambert>
        </technique>
      </profile_COMMON>
    </effect>
    <effect id="industrial-effect">
      <profile_COMMON>
        <technique sid="common">
          <lambert>
            <emission>
              <color sid="emission">0 0 0 1</color>
            </emission>
            <diffuse>
              <color sid="diffuse">0 0 0 1</color>
            </diffuse>
            <reflectivity>
              <float sid="specular">1</float>
            </reflectivity>
            <index_of_refraction>
              <float sid="ior">1.45</float>
            </index_of_refraction>
          </lambert>
        </technique>
      </profile_COMMON>
    </effect>
    <effect id="windows_doors_reflective-effect">
      <profile_COMMON>
        <technique sid="common">
          <lambert>
            <emission>
              <color sid="emission">0 0 0 1</color>
            </emission>
            <diffuse>
              <color sid="diffuse">0.8 0.8 0.8 1</color>
            </diffuse>
            <index_of_refraction>
              <float sid="ior">1.45</float>
            </index_of_refraction>
          </lambert>
        </technique>
      </profile_COMMON>
    </effect>
    <effect id="corrugation-effect">
      <profile_COMMON>
        <technique sid="common">
          <lambert>
            <emission>
              <color sid="emission">0 0 0 1</color>
            </emission>
            <diffuse>
              <color sid="diffuse">0.8 0.8 0.8 1</color>
            </diffuse>
            <index_of_refraction>
              <float sid="ior">1.45</float>
            </index_of_refraction>
          </lambert>
        </technique>
      </profile_COMMON>
    </effect>
    <effect id="slabs_large-effect">
      <profile_COMMON>
        <technique sid="common">
          <lambert>
            <emission>
              <color sid="emission">0 0 0 1</color>
            </emission>
            <diffuse>
              <color sid="diffuse">0.8 0.8 0.8 1</color>
            </diffuse>
            <index_of_refraction>
              <float sid="ior">1.45</float>
            </index_of_refraction>
          </lambert>
        </technique>
      </profile_COMMON>
    </effect>
    <effect id="metal_plates-effect">
      <profile_COMMON>
        <technique sid="common">
          <lambert>
            <emission>
              <color sid="emission">0 0 0 1</color>
            </emission>
            <diffuse>
              <color sid="diffuse">0.8 0.8 0.8 1</color>
            </diffuse>
            <index_of_refraction>
              <float sid="ior">1.45</float>
            </index_of_refraction>
          </lambert>
        </technique>
      </profile_COMMON>
    </effect>
    <effect id="balustrades-effect">
      <profile_COMMON>
        <technique sid="common">
          <lambert>
            <emission>
              <color sid="emission">0 0 0 1</color>
            </emission>
            <diffuse>
              <color sid="diffuse">0 0 0 1</color>
            </diffuse>
            <index_of_refraction>
              <float sid="ior">1.45</float>
            </index_of_refraction>
          </lambert>
        </technique>
      </profile_COMMON>
    </effect>
    <effect id="brick_painted-effect">
      <profile_COMMON>
        <technique sid="common">
          <lambert>
            <emission>
              <color sid="emission">0 0 0 1</color>
            </emission>
            <diffuse>
              <color sid="diffuse">0.8 0.8 0.8 1</color>
            </diffuse>
            <index_of_refraction>
              <float sid="ior">1.45</float>
            </index_of_refraction>
          </lambert>
        </technique>
      </profile_COMMON>
    </effect>
    <effect id="stucco1_white-effect">
      <profile_COMMON>
        <technique sid="common">
          <lambert>
            <emission>
              <color sid="emission">0 0 0 1</color>
            </emission>
            <diffuse>
              <color sid="diffuse">0.8 0.8 0.8 1</color>
            </diffuse>
            <index_of_refraction>
              <float sid="ior">1.45</float>
            </index_of_refraction>
          </lambert>
        </technique>
      </profile_COMMON>
    </effect>
    <effect id="columns-effect">
      <profile_COMMON>
        <technique sid="common">
          <lambert>
            <emission>
              <color sid="emission">0 0 0 1</color>
            </emission>
            <diffuse>
              <color sid="diffuse">0 0 0 1</color>
            </diffuse>
            <index_of_refraction>
              <float sid="ior">1.45</float>
            </index_of_refraction>
          </lambert>
        </technique>
      </profile_COMMON>
    </effect>
    <effect id="construction-effect">
      <profile_COMMON>
        <technique sid="common">
          <lambert>
            <emission>
              <color sid="emission">0 0 0 1</color>
            </emission>
            <diffuse>
              <color sid="diffuse">0.8 0.8 0.8 1</color>
            </diffuse>
            <index_of_refraction>
              <float sid="ior">1.45</float>
            </index_of_refraction>
          </lambert>
        </technique>
      </profile_COMMON>
    </effect>
    <effect id="clutter_commercial-effect">
      <profile_COMMON>
        <technique sid="common">
          <lambert>
            <emission>
              <color sid="emission">0 0 0 1</color>
            </emission>
            <diffuse>
              <color sid="diffuse">0.8 0.8 0.8 1</color>
            </diffuse>
            <reflectivity>
              <float sid="specular">0.5</float>
            </reflectivity>
          </lambert>
        </technique>
      </profile_COMMON>
    </effect>
    <effect id="brick_plain-effect">
      <profile_COMMON>
        <technique sid="common">
          <lambert>
            <emission>
              <color sid="emission">0 0 0 1</color>
            </emission>
            <diffuse>
              <color sid="diffuse">0 0 0 1</color>
            </diffuse>
            <index_of_refraction>
              <float sid="ior">1.45</float>
            </index_of_refraction>
          </lambert>
        </technique>
      </profile_COMMON>
    </effect>
    <effect id="stone_brick_regular-effect">
      <profile_COMMON>
        <technique sid="common">
          <lambert>
            <emission>
              <color sid="emission">0 0 0 1</color>
            </emission>
            <diffuse>
              <color sid="diffuse">0 0 0 1</color>
            </diffuse>
            <index_of_refraction>
              <float sid="ior">1.45</float>
            </index_of_refraction>
          </lambert>
        </technique>
      </profile_COMMON>
    </effect>
    <effect id="curbs-effect">
      <profile_COMMON>
        <technique sid="common">
          <lambert>
            <emission>
              <color sid="emission">0 0 0 1</color>
            </emission>
            <diffuse>
              <color sid="diffuse">0 0 0 1</color>
            </diffuse>
            <index_of_refraction>
              <float sid="ior">1.45</float>
            </index_of_refraction>
          </lambert>
        </technique>
      </profile_COMMON>
    </effect>
    <effect id="wirefence-effect">
      <profile_COMMON>
        <technique sid="common">
          <lambert>
            <emission>
              <color sid="emission">0 0 0 1</color>
            </emission>
            <diffuse>
              <color sid="diffuse">0.8 0.8 0.8 1</color>
            </diffuse>
            <index_of_refraction>
              <float sid="ior">1.45</float>
            </index_of_refraction>
          </lambert>
        </technique>
      </profile_COMMON>
    </effect>
    <effect id="groundmesh_grass2-effect">
      <profile_COMMON>
        <newparam sid="groundmesh_grass_b_color_png-surface">
          <surface type="2D">
            <init_from>groundmesh_grass_b_color_png</init_from>
          </surface>
        </newparam>
        <newparam sid="groundmesh_grass_b_color_png-sampler">
          <sampler2D>
            <source>groundmesh_grass_b_color_png-surface</source>
          </sampler2D>
        </newparam>
        <technique sid="common">
          <lambert>
            <emission>
              <color sid="emission">0 0 0 1</color>
            </emission>
            <diffuse>
              <texture texture="groundmesh_grass_b_color_png-sampler" texcoord="UVMap"/>
            </diffuse>
            <index_of_refraction>
              <float sid="ior">1.45</float>
            </index_of_refraction>
          </lambert>
        </technique>
      </profile_COMMON>
    </effect>
    <effect id="billboards-effect">
      <profile_COMMON>
        <technique sid="common">
          <lambert>
            <emission>
              <color sid="emission">0 0 0 1</color>
            </emission>
            <diffuse>
              <color sid="diffuse">0 0 0 1</color>
            </diffuse>
            <index_of_refraction>
              <float sid="ior">1.45</float>
            </index_of_refraction>
          </lambert>
        </technique>
      </profile_COMMON>
    </effect>
    <effect id="road_asphalt-effect">
      <profile_COMMON>
        <technique sid="common">
          <lambert>
            <emission>
              <color sid="emission">0 0 0 1</color>
            </emission>
            <diffuse>
              <color sid="diffuse">0 0 0 1</color>
            </diffuse>
            <index_of_refraction>
              <float sid="ior">1.45</float>
            </index_of_refraction>
          </lambert>
        </technique>
      </profile_COMMON>
    </effect>
  </library_effects>
  <library_images>
    <image id="groundmesh_grass_b_color_png" name="groundmesh_grass_b_color_png">
      <init_from>groundmesh_grass_b.color.png</init_from>
    </image>
  </library_images>
  <library_materials>
    <material id="architraves-material" name="architraves">
      <instance_effect url="#architraves-effect"/>
    </material>
    <material id="industrial-material" name="industrial">
      <instance_effect url="#industrial-effect"/>
    </material>
    <material id="windows_doors_reflective-material" name="windows_doors_reflective">
      <instance_effect url="#windows_doors_reflective-effect"/>
    </material>
    <material id="corrugation-material" name="corrugation">
      <instance_effect url="#corrugation-effect"/>
    </material>
    <material id="slabs_large-material" name="slabs_large">
      <instance_effect url="#slabs_large-effect"/>
    </material>
    <material id="metal_plates-material" name="metal_plates">
      <instance_effect url="#metal_plates-effect"/>
    </material>
    <material id="balustrades-material" name="balustrades">
      <instance_effect url="#balustrades-effect"/>
    </material>
    <material id="brick_painted-material" name="brick_painted">
      <instance_effect url="#brick_painted-effect"/>
    </material>
    <material id="stucco1_white-material" name="stucco1_white">
      <instance_effect url="#stucco1_white-effect"/>
    </material>
    <material id="columns-material" name="columns">
      <instance_effect url="#columns-effect"/>
    </material>
    <material id="construction-material" name="construction">
      <instance_effect url="#construction-effect"/>
    </material>
    <material id="clutter_commercial-material" name="clutter_commercial">
      <instance_effect url="#clutter_commercial-effect"/>
    </material>
    <material id="brick_plain-material" name="brick_plain">
      <instance_effect url="#brick_plain-effect"/>
    </material>
    <material id="stone_brick_regular-material" name="stone_brick_regular">
      <instance_effect url="#stone_brick_regular-effect"/>
    </material>
    <material id="curbs-material" name="curbs">
      <instance_effect url="#curbs-effect"/>
    </material>
    <material id="wirefence-material" name="wirefence">
      <instance_effect url="#wirefence-effect"/>
    </material>
    <material id="groundmesh_grass2-material" name="groundmesh_grass2">
      <instance_effect url="#groundmesh_grass2-effect"/>
    </material>
    <material id="billboards-material" name="billboards">
      <instance_effect url="#billboards-effect"/>
    </material>
    <material id="road_asphalt-material" name="road_asphalt">
      <instance_effect url="#road_asphalt-effect"/>
    </material>
  </library_materials>
  <library_geometries>
    <geometry id="Plane_137-mesh" name="Plane.137">
      <mesh>
        <source id="Plane_137-mesh-positions">
          <float_array id="Plane_137-mesh-positions-array" count="2412">0.09799194 0.09455108 0 0.09799194 0.09455108 5.052101 -0.09799194 -0.09455108 0 -0.09799194 -0.09455108 5.052101 0.1283874 0.06415557 0 0.1283874 0.06415557 5.052101 -0.06759643 -0.1249465 0 -0.06759643 -0.1249465 5.052101 -0.4149475 0.6580582 4.268196 -0.207611 0.7485581 4.268196 -0.4149475 0.6580582 3.917603 -0.207611 0.7485581 3.917603 0.5599671 1.083961 3.918198 0.370575 1.001152 3.918198 0.5599671 1.083961 4.2687 0.370575 1.001152 4.2687 -0.4065247 0.6617508 3.915497 -0.5953064 0.5793533 3.915497 -0.4065247 0.6617508 4.266098 -0.5953064 0.5793533 4.266098 -0.04025268 0.8217545 4.2687 0.1670837 0.9123612 4.2687 -0.04025268 0.8217545 3.918198 0.1670837 0.9123612 3.918198 0.1698913 0.9135513 4.2687 0.3666077 0.9994583 4.2687 0.1698913 0.9135513 3.918198 0.3666077 0.9994583 3.918198 -0.8215027 0.4804611 4.917496 -0.5358582 0.6053543 4.917496 -0.8215027 0.4804611 4.397804 -0.5358582 0.6053543 4.397804 -1.099396 0.3591538 4.917496 -0.8134461 0.4839554 4.917496 -1.099396 0.3591538 4.397804 -0.8134461 0.4839554 4.397804 -0.5600281 0.5947495 4.917496 -0.2741394 0.7195511 4.917496 -0.5600281 0.5947495 4.397804 -0.2741394 0.7195511 4.397804 -1.36673 0.2423477 4.917496 -1.080841 0.3671494 4.917496 -1.36673 0.2423477 4.397804 -1.080841 0.3671494 4.397804 -0.2783508 0.7177506 4.917496 0.007598876 0.842659 4.917496 -0.2783508 0.7177506 4.397804 0.007598876 0.842659 4.397804 0.009368896 0.8433609 4.917496 0.2909851 0.966362 4.917496 0.009368896 0.8433609 4.397804 0.2909851 0.966362 4.397804 0.2915955 0.9667587 4.917496 0.5776062 1.09156 4.917496 0.2915955 0.9667587 4.397804 0.5776062 1.09156 4.397804 0.636261 -1.315651 4.397804 0.6690979 -1.005348 4.397804 0.636261 -1.315651 4.917496 0.6690979 -1.005348 4.917496 0.6690979 -1.004539 4.397804 0.7013855 -0.6990433 4.397804 0.6690979 -1.004539 4.917496 0.7013855 -0.6990433 4.917496 0.7016907 -0.6971359 4.397804 0.7344055 -0.38694 4.397804 0.7016907 -0.6971359 4.917496 0.7344055 -0.38694 4.917496 0.8262634 0.4840622 4.397804 0.8591004 0.7943497 4.397804 0.8262634 0.4840622 4.917496 0.8591004 0.7943497 4.917496 0.7338562 -0.3914414 4.397804 0.7666931 -0.08113861 4.397804 0.7338562 -0.3914414 4.917496 0.7666931 -0.08113861 4.917496 0.7955628 0.1938705 4.397804 0.8284607 0.504158 4.397804 0.7955628 0.1938705 4.917496 0.8284607 0.504158 4.917496 0.7640076 -0.1074447 4.397804 0.7966004 0.2027511 4.397804 0.7640076 -0.1074447 4.917496 0.7966004 0.2027511 4.917496 0.660553 -1.086739 3.918198 0.683136 -0.8732376 3.918198 0.660553 -1.086739 4.2687 0.683136 -0.8732376 4.2687 0.6833801 -0.8703384 3.918198 0.7070618 -0.6452408 3.918198 0.6833801 -0.8703384 4.2687 0.7070618 -0.6452408 4.2687 0.7707825 -0.04283905 4.266098 0.749054 -0.2477493 4.266098 0.7707825 -0.04283905 3.915497 0.749054 -0.2477493 3.915497 0.6600037 -1.091042 4.2687 0.6383972 -1.296547 4.2687 0.6600037 -1.091042 3.918198 0.6383972 -1.296547 3.918198 0.7262879 -0.4635391 3.917603 0.7499695 -0.2385482 3.917603 0.7262879 -0.4635391 4.268196 0.7499695 -0.2385482 4.268196 0.769989 -0.0494461 3.918198 0.79245 0.1640548 3.918198 0.769989 -0.0494461 4.2687 0.79245 0.1640548 4.2687 0.7916565 0.1552505 3.918198 0.8154602 0.3803482 3.918198 0.7916565 0.1552505 4.2687 0.8154602 0.3803482 4.2687 0.8148499 0.3754501 3.918198 0.8372498 0.5889511 3.918198 0.8148499 0.3754501 4.2687 0.8372498 0.5889511 4.2687 0.8367004 0.5825577 3.918198 0.8620911 0.8213577 3.918198 0.8367004 0.5825577 4.2687 0.8620911 0.8213577 4.2687 0.6545715 -1.086052 3.918198 0.6770935 -0.872551 3.918198 0.6545715 -1.086052 4.2687 0.6770935 -0.872551 4.2687 0.6773987 -0.8696518 3.918198 0.7011414 -0.6446457 3.918198 0.6773987 -0.8696518 4.2687 0.7011414 -0.6446457 4.2687 0.7645569 -0.04224395 4.266098 0.7431336 -0.2470474 4.266098 0.7645569 -0.04224395 3.915497 0.7431336 -0.2470474 3.915497 0.6539612 -1.090446 4.2687 0.6323547 -1.295952 4.2687 0.6539612 -1.090446 3.918198 0.6323547 -1.295952 3.918198 0.7203064 -0.462944 3.917603 0.7440491 -0.2379379 3.917603 0.7203064 -0.462944 4.268196 0.7440491 -0.2379379 4.268196 0.7640686 -0.04885101 3.918198 0.7866516 0.1646499 3.918198 0.7640686 -0.04885101 4.2687 0.7866516 0.1646499 4.2687 0.7857971 0.1558609 3.918198 0.8093567 0.380867 3.918198 0.7857971 0.1558609 4.2687 0.8093567 0.380867 4.2687 0.8089905 0.3760605 3.918198 0.8314514 0.5895615 3.918198 0.8089905 0.3760605 4.2687 0.8314514 0.5895615 4.2687 0.8309021 0.5832596 3.918198 0.8559876 0.8219528 3.918198 0.8309021 0.5832596 4.2687 0.8559876 0.8219528 4.2687 0.8663025 0.9708634 3.8265 0.6160584 -1.398048 3.8265 0.8663025 0.9708634 4.984901 0.6160584 -1.398048 4.984901 0.7653504 1.049049 5.052101 0.7653504 1.049049 3.759399 0.5011292 -1.453545 3.759399 0.5011292 -1.453545 5.052101 0.8731384 1.037651 5.052101 0.8731384 1.037651 3.759399 0.6091004 -1.464851 3.759399 0.6091004 -1.464851 5.052101 -0.5892029 0.581871 3.918198 -0.7860413 0.4959488 3.918198 -0.5892029 0.581871 4.2687 -0.7860413 0.4959488 4.2687 -0.7779236 0.4995499 3.918198 -0.985199 0.40905 3.918198 -0.7779236 0.4995499 4.2687 -0.985199 0.40905 4.2687 -0.9807434 0.4108658 3.918198 -1.177521 0.3249588 3.918198 -0.9807434 0.4108658 4.2687 -1.177521 0.3249588 4.2687 -1.1716 0.3275528 3.918198 -1.391693 0.2315597 3.918198 -1.1716 0.3275528 4.2687 -1.391693 0.2315597 4.2687 0.368988 0.9939499 3.918198 0.1721496 0.9079514 3.918198 0.368988 0.9939499 4.2687 0.1721496 0.9079514 4.2687 0.1695861 0.9067612 3.918198 -0.03775024 0.8163529 3.918198 0.1695861 0.9067612 4.2687 -0.03775024 0.8163529 4.2687 -0.592865 0.5737534 4.266098 -0.4041443 0.6562576 4.266098 -0.592865 0.5737534 3.915497 -0.4041443 0.6562576 3.915497 0.3730774 0.9956589 4.2687 0.5623474 1.078453 4.2687 0.3730774 0.9956589 3.918198 0.5623474 1.078453 3.918198 -0.2051086 0.7431564 3.917603 -0.4126282 0.6525498 3.917603 -0.2051086 0.7431564 4.268196 -0.4126282 0.6525498 4.268196 -0.5868836 0.5764542 3.918198 -0.7835999 0.4905624 3.918198 -0.5868836 0.5764542 4.2687 -0.7835999 0.4905624 4.2687 -0.7755432 0.4941483 3.918198 -0.9828796 0.4035568 3.918198 -0.7755432 0.4941483 4.2687 -0.9828796 0.4035568 4.2687 -0.978302 0.4054489 3.918198 -1.175201 0.3194504 3.918198 -0.978302 0.4054489 4.2687 -1.175201 0.3194504 4.2687 -1.169342 0.3220596 3.918198 -1.389252 0.2259597 3.918198 -1.169342 0.3220596 4.2687 -1.389252 0.2259597 4.2687 -1.523895 0.1612625 3.8265 0.6591492 1.114754 3.8265 -1.523895 0.1612625 4.984901 0.6591492 1.114754 4.984901 -1.541901 0.03495025 5.052101 -1.541901 0.03495025 3.759399 0.7641296 1.042259 3.759399 0.7641296 1.042259 5.052101 -1.585297 0.1342544 5.052101 -1.585297 0.1342544 3.759399 0.7207947 1.141655 3.759399 0.7207947 1.141655 5.052101 -1.478241 -0.1453475 4.397804 -1.226349 -0.3295517 4.397804 -1.478241 -0.1453475 4.917496 -1.226349 -0.3295517 4.917496 -1.225739 -0.33004 4.397804 -0.9777527 -0.5113449 4.397804 -1.225739 -0.33004 4.917496 -0.9777527 -0.5113449 4.917496 -0.9762268 -0.5125504 4.397804 -0.7243958 -0.6967392 4.397804 -0.9762268 -0.5125504 4.917496 -0.7243958 -0.6967392 4.917496 -0.01760864 -1.213737 4.397804 0.2341613 -1.398048 4.397804 -0.01760864 -1.213737 4.917496 0.2341613 -1.398048 4.917496 -0.7281189 -0.6940384 4.397804 -0.4763489 -0.8782425 4.397804 -0.7281189 -0.6940384 4.917496 -0.4763489 -0.8782425 4.917496 -0.2531433 -1.041542 4.397804 -0.001312255 -1.225838 4.397804 -0.2531433 -1.041542 4.917496 -0.001312255 -1.225838 4.917496 -0.4976502 -0.8627396 4.397804 -0.2459411 -1.046745 4.397804 -0.4976502 -0.8627396 4.917496 -0.2459411 -1.046745 4.917496 -1.29245 -0.2813492 3.918198 -1.11911 -0.4081345 3.918198 -1.29245 -0.2813492 4.2687 -1.11911 -0.4081345 4.2687 -1.116852 -0.4097519 3.918198 -0.9341126 -0.5433426 3.918198 -1.116852 -0.4097519 4.2687 -0.9341126 -0.5433426 4.2687 -0.445343 -0.9010391 4.266098 -0.6115418 -0.7793503 4.266098 -0.445343 -0.9010391 3.915497 -0.6115418 -0.7793503 3.915497 -1.295868 -0.2786484 4.2687 -1.462738 -0.156639 4.2687 -1.295868 -0.2786484 3.918198 -1.462738 -0.156639 3.918198 -0.7866516 -0.6511307 3.917603 -0.6040344 -0.7847519 3.917603 -0.7866516 -0.6511307 4.268196 -0.6040344 -0.7847519 4.268196 -0.450531 -0.8970413 3.918198 -0.2772522 -1.023842 3.918198 -0.450531 -0.8970413 4.2687 -0.2772522 -1.023842 4.2687 -0.2843933 -1.018639 3.918198 -0.1018371 -1.152351 3.918198 -0.2843933 -1.018639 4.2687 -0.1018371 -1.152351 4.2687 -0.1057434 -1.149345 3.918198 0.06759643 -1.276039 3.918198 -0.1057434 -1.149345 4.2687 0.06759643 -1.276039 4.2687 0.06228637 -1.272346 3.918198 0.256073 -1.414131 3.918198 0.06228637 -1.272346 4.2687 0.256073 -1.414131 4.2687 -1.28891 -0.2764511 3.918198 -1.115509 -0.4031296 3.918198 -1.28891 -0.2764511 4.2687 -1.115509 -0.4031296 4.2687 -1.113251 -0.4049454 3.918198 -0.9306336 -0.5385513 3.918198 -1.113251 -0.4049454 4.2687 -0.9306336 -0.5385513 4.2687 -0.4416199 -0.8960495 4.266098 -0.6080017 -0.7745438 4.266098 -0.4416199 -0.8960495 3.915497 -0.6080017 -0.7745438 3.915497 -1.29245 -0.2737503 4.2687 -1.459198 -0.1518478 4.2687 -1.29245 -0.2737503 3.918198 -1.459198 -0.1518478 3.918198 -0.7832337 -0.6463394 3.917603 -0.6004944 -0.7799454 3.917603 -0.7832337 -0.6463394 4.268196 -0.6004944 -0.7799454 4.268196 -0.447052 -0.8922501 3.918198 -0.2737122 -1.019051 3.918198 -0.447052 -0.8922501 4.2687 -0.2737122 -1.019051 4.2687 -0.2809143 -1.013847 3.918198 -0.09829711 -1.147346 3.918198 -0.2809143 -1.013847 4.2687 -0.09829711 -1.147346 4.2687 -0.1022033 -1.144539 3.918198 0.07095336 -1.271339 3.918198 -0.1022033 -1.144539 4.2687 0.07095336 -1.271339 4.2687 0.06588745 -1.26754 3.918198 0.2596741 -1.409248 3.918198 0.06588745 -1.26754 4.2687 0.2596741 -1.409248 4.2687 0.3832703 -1.492943 3.8265 -1.539337 -0.08644866 3.8265 0.3832703 -1.492943 4.984901 -1.539337 -0.08644866 4.984901 0.5015564 -1.445045 5.052101 0.5015564 -1.445045 3.759399 -1.52951 0.04074859 3.759399 -1.52951 0.04074859 5.052101 0.4375916 -1.532539 5.052101 0.4375916 -1.532539 3.759399 -1.593536 -0.0467453 3.759399 -1.593536 -0.0467453 5.052101 -0.06759643 -0.1249465 3.759399 -0.06759643 -0.1249465 5.052101 0.1283874 0.06415557 3.759399 0.1283874 0.06415557 5.052101 0.1283874 0.06415557 5.052101 0.1283874 0.06415557 3.759399 -0.06759643 -0.1249465 5.052101 -0.06759643 -0.1249465 3.759399 -0.09451293 0.06757354 0 -0.09451293 0.06757354 5.052101 0.09457397 -0.1284103 0 0.09457397 -0.1284103 5.052101 -0.06411743 0.09796905 0 -0.06411743 0.09796905 5.052101 0.1249694 -0.09801483 0 0.1249694 -0.09801483 5.052101 0.6360567 -1.315629 4.860705 0.6360567 -1.315629 4.454521 0.6532651 -1.153013 4.454526 0.6532651 -1.153013 4.86071 0.6528772 -1.156679 4.86071 0.6528772 -1.156679 4.454526 0.6733047 -0.9636431 4.454532 0.6733047 -0.9636431 4.860716 0.6729168 -0.9673086 4.860716 0.6729168 -0.9673086 4.454532 0.6926957 -0.7804011 4.454538 0.6926957 -0.7804011 4.860721 0.6923078 -0.7840667 4.860721 0.6923078 -0.7840667 4.454538 0.7147041 -0.5724256 4.454545 0.7147041 -0.5724256 4.860728 0.7143162 -0.5760911 4.860728 0.7143162 -0.5760911 4.454545 0.7341185 -0.3889624 4.45455 0.7341185 -0.3889624 4.860734 0.7337306 -0.392628 4.860734 0.7337306 -0.392628 4.45455 0.7561269 -0.1809868 4.454557 0.7561269 -0.1809868 4.86074 0.7557391 -0.1846524 4.86074 0.7557391 -0.1846524 4.454557 0.7826514 0.06966439 4.454565 0.7826514 0.06966439 4.860748 0.7822635 0.06599886 4.860748 0.7822635 0.06599886 4.454565 0.7994719 0.2286151 4.45457 0.7994719 0.2286151 4.860753 0.799084 0.2249495 4.860753 0.799084 0.2249495 4.45457 0.8195348 0.4182063 4.454576 0.8195348 0.4182063 4.860759 0.8191469 0.4145408 4.860759 0.8191469 0.4145408 4.454576 0.838625 0.5986054 4.454581 0.838625 0.5986054 4.860765 0.8382371 0.5949398 4.860765 0.8382371 0.5949398 4.454581 0.8593364 0.7943247 4.454588 0.8593364 0.7943247 4.860771 -1.478329 -0.1454676 4.860688 -1.478329 -0.1454676 4.454538 -1.346334 -0.2419929 4.454543 -1.346334 -0.2419929 4.860693 -1.349312 -0.2398157 4.860693 -1.349312 -0.2398157 4.454543 -1.192626 -0.3543973 4.454549 -1.192626 -0.3543973 4.860699 -1.195603 -0.3522201 4.860699 -1.195603 -0.3522201 4.454549 -1.043891 -0.4631641 4.454555 -1.043891 -0.4631641 4.860705 -1.046869 -0.460987 4.860704 -1.046869 -0.460987 4.454555 -0.8750808 -0.5866123 4.454562 -0.8750808 -0.5866123 4.860711 -0.878058 -0.5844351 4.860711 -0.878058 -0.5844351 4.454562 -0.7261669 -0.6955104 4.454567 -0.7261669 -0.6955104 4.860717 -0.7291441 -0.6933333 4.860717 -0.7291441 -0.6933333 4.454567 -0.5573563 -0.8189586 4.454574 -0.5573563 -0.8189586 4.860723 -0.5603335 -0.8167815 4.860723 -0.5603335 -0.8167815 4.454574 -0.3539063 -0.9677381 4.454582 -0.3539063 -0.9677381 4.860731 -0.3568834 -0.9655609 4.860731 -0.3568834 -0.9655609 4.454582 -0.2248889 -1.062086 4.454587 -0.2248889 -1.062086 4.860736 -0.2278661 -1.059909 4.860736 -0.2278661 -1.059909 4.454587 -0.07100085 -1.174622 4.454593 -0.07100085 -1.174622 4.860742 -0.07397804 -1.172445 4.860742 -0.07397804 -1.172445 4.454593 0.07542601 -1.281701 4.454598 0.07542601 -1.281701 4.860748 0.07244881 -1.279524 4.860748 0.07244881 -1.279524 4.454598 0.2342882 -1.397874 4.454605 0.2342882 -1.397874 4.860754 0.5777436 1.091245 4.86066 0.5777436 1.091245 4.454566 0.4278912 1.025857 4.454572 0.4278912 1.025857 4.860665 0.4312405 1.027318 4.860665 0.4312405 1.027318 4.454571 0.2533563 0.9496981 4.454577 0.2533563 0.9496981 4.860671 0.2567056 0.9511595 4.860671 0.2567056 0.9511595 4.454577 0.08446851 0.8760036 4.454583 0.08446851 0.8760036 4.860676 0.08781782 0.877465 4.860676 0.08781782 0.877465 4.454583 -0.1072115 0.7923636 4.45459 -0.1072115 0.7923636 4.860683 -0.1038622 0.7938251 4.860683 -0.1038622 0.7938251 4.45459 -0.2763031 0.7185802 4.454596 -0.2763031 0.7185802 4.860689 -0.2729538 0.7200417 4.860689 -0.2729538 0.7200417 4.454595 -0.4679832 0.6349402 4.454602 -0.4679832 0.6349402 4.860695 -0.4646339 0.6364017 4.860695 -0.4646339 0.6364017 4.454602 -0.6989893 0.5341403 4.45461 -0.6989893 0.5341403 4.860703 -0.69564 0.5356018 4.860703 -0.69564 0.5356018 4.45461 -0.8454924 0.4702134 4.454615 -0.8454924 0.4702134 4.860708 -0.8421431 0.4716749 4.860708 -0.8421431 0.4716749 4.454615 -1.020231 0.3939658 4.454621 -1.020231 0.3939658 4.860714 -1.016882 0.3954273 4.860714 -1.016882 0.3954273 4.454621 -1.186499 0.3214145 4.454627 -1.186499 0.3214145 4.86072 -1.18315 0.322876 4.86072 -1.18315 0.322876 4.454626 -1.366885 0.2427028 4.454633 -1.366885 0.2427028 4.860726 0.6387476 -1.296624 4.266656 0.6387476 -1.296624 3.92012 0.6516706 -1.173709 3.920124 0.6516706 -1.173709 4.26666 0.6327943 -1.295998 4.266656 0.6327943 -1.295998 3.92012 0.6457174 -1.173083 3.920124 0.6457174 -1.173083 4.26666 0.6512675 -1.177544 4.266659 0.6512675 -1.177544 3.920124 0.6694196 -1.004893 3.920128 0.6694196 -1.004893 4.266664 0.6453142 -1.176918 4.266659 0.6453142 -1.176918 3.920124 0.6634664 -1.004267 3.920128 0.6634664 -1.004267 4.266664 0.6690164 -1.008728 4.266664 0.6690164 -1.008728 3.920128 0.6907464 -0.8020472 3.920134 0.6907464 -0.8020472 4.26667 0.6630632 -1.008102 4.266664 0.6630632 -1.008102 3.920128 0.6847931 -0.8014213 3.920134 0.6847931 -0.8014213 4.26667 0.704729 -0.669055 4.266674 0.704729 -0.669055 3.920138 0.7237068 -0.4885512 3.920143 0.7237068 -0.4885512 4.266679 0.6987757 -0.668429 4.266674 0.6987757 -0.668429 3.920138 0.7177535 -0.4879253 3.920143 0.7177535 -0.4879253 4.266679 0.7233036 -0.492386 4.266679 0.7233036 -0.492386 3.920143 0.7387036 -0.3459117 3.920147 0.7387036 -0.3459117 4.266683 0.7173503 -0.4917601 4.266679 0.7173503 -0.4917601 3.920143 0.7327503 -0.3452858 3.920147 0.7327503 -0.3452858 4.266683 0.7383004 -0.3497465 4.266683 0.7383004 -0.3497465 3.920147 0.7509483 -0.2294488 3.92015 0.7509483 -0.2294488 4.266686 0.7323472 -0.3491206 4.266683 0.7323472 -0.3491206 3.920147 0.744995 -0.2288229 3.92015 0.744995 -0.2288229 4.266686 0.7505451 -0.2332836 4.266686 0.7505451 -0.2332836 3.92015 0.7686973 -0.06063278 3.920155 0.7686973 -0.06063278 4.266691 0.7445918 -0.2326577 4.266686 0.7445918 -0.2326577 3.92015 0.762744 -0.06000686 3.920155 0.762744 -0.06000686 4.266691 0.7682941 -0.06446758 4.266691 0.7682941 -0.06446758 3.920155 0.7900241 0.1422128 3.920161 0.7900241 0.1422128 4.266697 0.7623408 -0.06384166 4.266691 0.7623408 -0.06384166 3.920155 0.7840708 0.1428387 3.920161 0.7840708 0.1428387 4.266697 0.7896209 0.138378 4.266697 0.7896209 0.138378 3.920161 0.8077731 0.3110288 3.920166 0.8077731 0.3110288 4.266702 0.7836676 0.1390039 4.266697 0.7836676 0.1390039 3.920161 0.8018198 0.3116547 3.920166 0.8018198 0.3116547 4.266702 0.8073699 0.307194 4.266701 0.8073699 0.307194 3.920165 0.8200177 0.4274917 3.920169 0.8200177 0.4274917 4.266705 0.8014166 0.3078199 4.266701 0.8014166 0.3078199 3.920165 0.8140645 0.4281176 3.920169 0.8140645 0.4281176 4.266705 0.8196146 0.4236569 4.266705 0.8196146 0.4236569 3.920169 0.8262077 0.4863662 3.920171 0.8262077 0.4863662 4.266706 0.8136613 0.4242828 4.266705 0.8136613 0.4242828 3.920169 0.8202544 0.4869921 3.920171 0.8202544 0.4869921 4.266706 0.8258045 0.4825314 4.266706 0.8258045 0.4825314 3.92017 0.8436815 0.6525645 3.920175 0.8436815 0.6525645 4.266711 0.8198512 0.4831573 4.266706 0.8198512 0.4831573 3.92017 0.8377282 0.6531904 3.920175 0.8377282 0.6531904 4.266711 0.8432783 0.6487297 4.266711 0.8432783 0.6487297 3.920175 0.8614304 0.8213805 3.92018 0.8614304 0.8213805 4.266716 0.837325 0.6493556 4.266711 0.837325 0.6493556 3.920175 0.8554772 0.8220065 3.92018 0.8554772 0.8220065 4.266716 -1.462888 -0.1568955 4.266728 -1.462888 -0.1568955 3.920049 -1.363113 -0.2298368 3.920053 -1.363113 -0.2298368 4.266732 -1.459368 -0.1520807 4.266728 -1.459368 -0.1520807 3.920049 -1.359593 -0.225022 3.920053 -1.359593 -0.225022 4.266732 -1.366227 -0.2275605 4.266732 -1.366227 -0.2275605 3.920052 -1.22608 -0.3300162 3.920057 -1.22608 -0.3300162 4.266736 -1.362707 -0.2227458 4.266732 -1.362707 -0.2227458 3.920052 -1.22256 -0.3252015 3.920057 -1.22256 -0.3252015 4.266736 -1.229193 -0.32774 4.266736 -1.229193 -0.32774 3.920057 -1.061423 -0.4503897 3.920063 -1.061423 -0.4503897 4.266742 -1.225673 -0.3229252 4.266736 -1.225673 -0.3229252 3.920057 -1.057903 -0.445575 3.920063 -1.057903 -0.445575 4.266742 -0.9534676 -0.5293116 4.266746 -0.9534676 -0.5293116 3.920067 -0.8069459 -0.6364274 3.920072 -0.8069459 -0.6364274 4.266751 -0.9499477 -0.5244968 4.266746 -0.9499477 -0.5244968 3.920067 -0.803426 -0.6316127 3.920072 -0.803426 -0.6316127 4.266751 -0.8100596 -0.6341512 4.266751 -0.8100596 -0.6341512 3.920072 -0.691161 -0.721073 3.920076 -0.691161 -0.721073 4.266755 -0.8065397 -0.6293364 4.266751 -0.8065397 -0.6293364 3.920072 -0.6876411 -0.7162582 3.920076 -0.6876411 -0.7162582 4.266755 -0.6942746 -0.7187967 4.266755 -0.6942746 -0.7187967 3.920076 -0.5966245 -0.7901847 3.920079 -0.5966245 -0.7901847 4.266758 -0.6907547 -0.713982 4.266755 -0.6907547 -0.713982 3.920076 -0.5931046 -0.7853699 3.920079 -0.5931046 -0.7853699 4.266758 -0.5997381 -0.7879084 4.266758 -0.5997381 -0.7879084 3.920079 -0.459591 -0.8903641 3.920084 -0.459591 -0.8903641 4.266763 -0.5962183 -0.7830936 4.266758 -0.5962183 -0.7830936 3.920079 -0.4560711 -0.8855493 3.920084 -0.4560711 -0.8855493 4.266763 -0.4627047 -0.8880878 4.266763 -0.4627047 -0.8880878 3.920084 -0.2949345 -1.010738 3.92009 -0.2949345 -1.010738 4.266769 -0.4591848 -0.8832731 4.266763 -0.4591848 -0.8832731 3.920084 -0.2914146 -1.005923 3.92009 -0.2914146 -1.005923 4.266769 -0.2980482 -1.008461 4.266769 -0.2980482 -1.008461 3.92009 -0.1579011 -1.110917 3.920095 -0.1579011 -1.110917 4.266774 -0.2945283 -1.003647 4.266769 -0.2945283 -1.003647 3.92009 -0.1543812 -1.106102 3.920095 -0.1543812 -1.106102 4.266774 -0.1610147 -1.108641 4.266774 -0.1610147 -1.108641 3.920094 -0.06336459 -1.180029 3.920098 -0.06336459 -1.180029 4.266777 -0.1574949 -1.103826 4.266774 -0.1574949 -1.103826 3.920094 -0.05984471 -1.175214 3.920098 -0.05984471 -1.175214 4.266777 -0.06647825 -1.177752 4.266777 -0.06647825 -1.177752 3.920098 -0.01557478 -1.214966 3.920099 -0.01557478 -1.214966 4.266779 -0.06295838 -1.172938 4.266777 -0.06295838 -1.172938 3.920098 -0.01205491 -1.210151 3.920099 -0.01205491 -1.210151 4.266779 -0.01868845 -1.21269 4.266779 -0.01868845 -1.21269 3.920099 0.1193338 -1.313592 3.920104 0.1193338 -1.313592 4.266783 -0.01516857 -1.207875 4.266779 -0.01516857 -1.207875 3.920099 0.1228537 -1.308777 3.920104 0.1228537 -1.308777 4.266783 0.1162202 -1.311316 4.266783 0.1162202 -1.311316 3.920104 0.2563673 -1.413771 3.920109 0.2563673 -1.413771 4.266788 0.11974 -1.306501 4.266783 0.11974 -1.306501 3.920104 0.2598872 -1.408957 3.920109 0.2598872 -1.408957 4.266788 0.5597114 1.084479 4.266763 0.5597114 1.084479 3.920015 0.4464374 1.034929 3.920018 0.4464374 1.034929 4.266767 0.5621232 1.078966 4.266763 0.5621232 1.078966 3.920015 0.4488493 1.029415 3.920018 0.4488493 1.029415 4.266767 0.4500429 1.036506 4.266767 0.4500429 1.036506 3.920018 0.2909348 0.9669057 3.920023 0.2909348 0.9669057 4.266772 0.4524547 1.030992 4.266767 0.4524547 1.030992 3.920018 0.2933466 0.9613922 3.920023 0.2933466 0.9613922 4.266772 0.2945403 0.9684829 4.266771 0.2945403 0.9684829 3.920023 0.1040719 0.8851645 3.920029 0.1040719 0.8851645 4.266777 0.2969521 0.9629694 4.266771 0.2969521 0.9629694 3.920023 0.1064837 0.8796511 3.920029 0.1064837 0.8796511 4.266777 -0.01855999 0.8315206 4.266781 -0.01855999 0.8315206 3.920032 -0.1849051 0.7587547 3.920037 -0.1849051 0.7587547 4.266786 -0.01614819 0.8260071 4.266781 -0.01614819 0.8260071 3.920032 -0.1824933 0.7532412 3.920037 -0.1824933 0.7532412 4.266786 -0.1812996 0.7603319 4.266786 -0.1812996 0.7603319 3.920037 -0.3162845 0.7012842 3.920041 -0.3162845 0.7012842 4.26679 -0.1788878 0.7548184 4.266786 -0.1788878 0.7548184 3.920037 -0.3138727 0.6957707 3.920041 -0.3138727 0.6957707 4.26679 -0.312679 0.7028614 4.26679 -0.312679 0.7028614 3.920041 -0.4235406 0.6543662 3.920045 -0.4235406 0.6543662 4.266793 -0.3102672 0.6973479 4.26679 -0.3102672 0.6973479 3.920041 -0.4211288 0.6488527 3.920045 -0.4211288 0.6488527 4.266793 -0.4199351 0.6559434 4.266793 -0.4199351 0.6559434 3.920045 -0.5790433 0.5863433 3.92005 -0.5790433 0.5863433 4.266798 -0.4175233 0.6504299 4.266793 -0.4175233 0.6504299 3.920045 -0.5766314 0.5808298 3.92005 -0.5766314 0.5808298 4.266798 -0.5754378 0.5879204 4.266798 -0.5754378 0.5879204 3.920049 -0.7659062 0.5046021 3.920055 -0.7659062 0.5046021 4.266804 -0.573026 0.582407 4.266798 -0.573026 0.582407 3.920049 -0.7634944 0.4990886 3.920055 -0.7634944 0.4990886 4.266804 -0.7623007 0.5061793 4.266804 -0.7623007 0.5061793 3.920055 -0.9214088 0.4365792 3.92006 -0.9214088 0.4365792 4.266809 -0.7598889 0.5006658 4.266804 -0.7598889 0.5006658 3.920055 -0.918997 0.4310657 3.92006 -0.918997 0.4310657 4.266809 -0.9178033 0.4381564 4.266809 -0.9178033 0.4381564 3.92006 -1.028665 0.3896612 3.920063 -1.028665 0.3896612 4.266812 -0.9153915 0.4326429 4.266809 -0.9153915 0.4326429 3.92006 -1.026253 0.3841477 3.920063 -1.026253 0.3841477 4.266812 -1.025059 0.3912383 4.266812 -1.025059 0.3912383 3.920063 -1.08285 0.3659586 3.920065 -1.08285 0.3659586 4.266814 -1.022648 0.3857249 4.266812 -1.022648 0.3857249 3.920063 -1.080438 0.3604451 3.920065 -1.080438 0.3604451 4.266814 -1.079244 0.3675357 4.266814 -1.079244 0.3675357 3.920065 -1.23594 0.2989909 3.92007 -1.23594 0.2989909 4.266818 -1.076833 0.3620223 4.266814 -1.076833 0.3620223 3.920065 -1.233528 0.2934774 3.92007 -1.233528 0.2934774 4.266818 -1.232335 0.3005681 4.266818 -1.232335 0.3005681 3.92007 -1.391443 0.2309679 3.920074 -1.391443 0.2309679 4.266823 -1.229923 0.2950546 4.266818 -1.229923 0.2950546 3.92007 -1.389031 0.2254545 3.920074 -1.389031 0.2254545 4.266823</float_array>
          <technique_common>
            <accessor source="#Plane_137-mesh-positions-array" count="804" stride="3">
              <param name="X" type="float"/>
              <param name="Y" type="float"/>
              <param name="Z" type="float"/>
            </accessor>
          </technique_common>
        </source>
        <source id="Plane_137-mesh-normals">
          <float_array id="Plane_137-mesh-normals-array" count="831">-6.99304e-6 0 1 0.9948028 -0.1018203 0 0.9946851 -0.1029648 0 0.9944742 -0.1049707 -0.001447021 0.9944743 -0.1049707 -0.001447021 0.9944743 -0.1049706 -0.001447021 0.9943574 -0.1060804 6.79502e-4 0.9943836 -0.1058369 -6.70937e-6 0.9943836 -0.1058369 0 0.9944638 -0.1050775 -6.96123e-4 0.9944642 -0.1050742 -7.91945e-4 0.9944638 -0.1050775 -6.96123e-4 0.9944846 -0.1048834 0 -0.9945185 0.1045617 0 -0.9945226 0.1045196 -7.67014e-4 -0.9945229 0.1045196 0 -0.9945226 0.1045196 7.67014e-4 0.9944668 -0.1050523 0 -0.4002075 0.9164245 0 -0.4003162 0.9163771 3.83477e-4 -0.4003685 0.9163542 -1.88952e-4 -0.4003468 0.9163638 4.95706e-5 -0.4013327 0.9159321 7.59429e-4 -0.4018504 0.9157053 -8.44523e-6 -0.4018504 0.9157053 0 -0.4003299 0.9163687 -0.002118349 -0.4003299 0.9163687 -0.002118349 -0.40033 0.9163687 -0.002118349 -0.4018412 0.9157094 8.31403e-6 -0.4018019 0.9157267 -9.65895e-5 -0.4017533 0.915748 0 0.4002922 -0.9163876 0 1.09232e-6 0 -1 -0.5890488 -0.8080975 0 -0.5904083 -0.8071029 -0.001685798 -0.590426 -0.8070915 -8.23182e-4 -0.5904238 -0.8070929 -9.19026e-4 -0.5900191 -0.8073889 7.76146e-4 -0.5897506 -0.8075855 -7.38946e-6 -0.5897506 -0.8075855 0 -0.5904274 -0.8070905 6.44481e-4 0.9946503 -0.1032997 0 0.9946503 -0.1032997 0 0.9946503 -0.1032997 -1.81739e-7 0.9944657 -0.1050518 0.001464843 0.9948453 -0.1014042 -2.7923e-5 0.9948502 -0.1013563 0 0.99482 -0.1016519 4.77513e-4 0.9944831 -0.1048883 0.001346409 0.9944829 -0.1048894 0.001394331 0.9944832 -0.1048883 0.001346409 -0.4002534 0.9164009 0.002587378 -0.3999619 0.9165319 0 -0.4003127 0.9163786 -3.84044e-4 -0.4012985 0.9159472 -4.82606e-4 -0.4016223 0.9158054 -1.89873e-7 -0.4018419 0.915709 1.63032e-5 -0.5897456 -0.8075891 0 -0.5899391 -0.8074477 0 -0.5899004 -0.807476 0 -0.590431 -0.807088 -6.45431e-4 -0.5897114 -0.8076141 -3.20159e-5 -0.5897498 -0.807586 0 -0.5899162 -0.8074643 5.4266e-4 -0.5904448 -0.8070774 0.0011096 -0.5904101 -0.8071017 0.001683294 -0.5904389 -0.8070815 0.001205205 -0.5902858 -0.8071943 0 -0.4002955 0.9163861 0 0.5905708 0.8069859 0 0.9944821 -0.104907 0 -0.5901516 -0.8072925 0 0.4001025 -0.9164704 0 0.5904188 0.8070971 0 0.4007414 -0.9161912 2.58206e-4 0.4000796 -0.9164804 0 0.4007824 -0.9161733 0 -0.4001478 0.9164507 0 -0.9945117 0.1046252 0 0.4000404 -0.9164976 0 -0.1041507 -0.9945616 0 0.5908992 0.8067454 0 0.5901685 0.8072801 0 -0.590362 -0.8071386 0 -0.5904281 -0.8070904 0 -0.590815 -0.8068072 0 -0.9944475 0.1052346 0 0.590473 0.8070573 0 0.5907628 0.8068453 0 -0.4000802 0.9164801 0 -0.5900176 -0.8073904 0 -0.590482 -0.8070508 0 -0.4002583 0.9164025 0 -0.9163249 -0.4004356 0 0.9945063 -0.1046777 0 0.4000259 -0.916504 0 -2.18563e-6 0 1 -0.590155 -0.80729 0 0 0 -1 0.4001399 -0.9164541 0 0.4000583 -0.9164898 0 -0.4002562 0.9164033 0 0.4004368 -0.9163244 0 0.4000077 -0.9165118 0 0.9945185 -0.1045617 0 -0.9945734 0.1040371 0 0.5906956 0.8068946 0 0.9163222 0.4004419 4.81701e-5 0.9166377 0.3997182 -8.59872e-4 0.9163217 0.4004431 0 0.5903922 0.8071164 -4.12678e-4 0.5901954 0.8072605 0 0.5905823 0.8069774 0 0.4002525 -0.9164049 0 -0.9944264 0.105433 0 0.9944524 -0.1051883 0 -0.5902744 -0.8072026 0 -0.5905648 -0.8069903 -1.78826e-4 -0.5902058 -0.807253 0 -0.5901616 -0.8072851 0 0.9945141 -0.1046037 0 0.9944404 -0.1052993 5.63857e-4 0.9944082 -0.1056048 0 0.400139 -0.9164544 0 -0.5902017 -0.8072557 -4.78534e-4 -0.590355 -0.8071437 4.50866e-4 -0.5898368 -0.8075225 0 -0.9944249 0.1054474 0 -0.4006139 0.916247 0 -0.9944728 0.1049953 0 0.105161 0.9944553 0 0.9945117 -0.1046262 0 -0.9944788 0.1049375 0 2.40386e-6 0 -1 -0.3997784 0.9166118 0 -0.4007724 0.9161778 0 0.5905439 0.8070056 0 0.4003567 -0.9163594 0 -0.5899025 -0.8074746 0 -0.40038 0.9163492 0 -0.400617 0.9162456 0 -0.8070045 0.5905455 0 0.8072723 -0.5901792 0 -0.4004319 0.9163266 0 0.5903476 0.8071492 0 -0.5897602 -0.8075785 0 0.9944524 -0.1051878 0 0.5904085 0.8071047 0 0.4005699 -0.9162663 0 -0.5904634 -0.8070645 0 0.9944474 -0.1052348 0 -0.9945114 0.1046288 0 -0.5904302 -0.8070887 0 0.5900838 0.807342 0 0 0 1 0.9945414 -0.1043441 0 -0.994447 0.1052396 0 -0.9944614 0.1051036 0 0.994455 -0.1051625 0 -0.4002272 0.916416 0 -0.3997 0.9166461 0 -0.5905069 -0.8070328 0 0.3999361 -0.9165431 0 -0.9944429 0.1052778 1.52626e-4 -0.9944657 0.1050623 0 -0.9944556 0.1051576 0 -0.6943595 0.7196283 0 0.9945253 -0.1044964 0 -0.994563 0.1041373 0 0.6943595 -0.7196283 0 0.1126202 0.9936382 0 -0.8388902 0.5443005 -4.32072e-4 -0.8381382 0.5454576 -6.40634e-4 -0.8389235 0.5442494 0 -0.9707646 -0.2400337 0 0.9182875 0.3959144 0 -0.7196564 -0.6943305 0 0.7196563 0.6943305 0 4.9635e-6 0 1 -0.9944773 0.1049506 -6.32864e-4 0.9944668 -0.1050522 0 -0.4002069 0.9164249 0 0.400292 -0.9163877 0 -0.5902863 -0.8071939 0 -0.4002956 0.9163861 0 0.5905703 0.8069863 0 0.9944821 -0.1049069 0 -0.5901518 -0.8072924 0 0.4001032 -0.9164702 0 0.4005425 -0.9162783 6.20382e-7 0.4007378 -0.9161928 -2.7053e-4 0.4000801 -0.9164803 0 -0.400147 0.916451 0 -0.9945117 0.1046254 0 0.4000405 -0.9164975 0 0.5908983 0.8067461 0 0.5901681 0.8072805 0 -0.5903624 -0.8071385 0 -0.5906129 -0.806955 -4.08827e-4 -0.5904281 -0.8070903 0 -0.5908149 -0.8068072 0 -0.9944475 0.1052344 0 0.5904724 0.8070579 0 0.5907633 0.806845 0 -0.4000793 0.9164806 0 -0.5902196 -0.8072428 -4.7457e-4 -0.5900177 -0.8073905 0 -0.5904821 -0.8070509 0 -0.4002584 0.9164023 0 -0.9163256 -0.4004342 0 3.49496e-6 0 1 -0.5901548 -0.8072901 0 0.400058 -0.9164898 0 -0.4002562 0.9164033 0 0.4004368 -0.9163244 0 0.4000085 -0.9165115 0 -0.9945736 0.1040364 0 0.5906956 0.8068946 0 0.9163632 0.4003478 -4.10392e-4 0.9163218 0.400443 -4.13591e-7 0.9163217 0.400443 0 0.5905832 0.8069768 0 0.5901962 0.8072599 0 -0.9944264 0.1054334 0 0.9944524 -0.1051877 0 -0.5902753 -0.8072021 0 -0.5905714 -0.8069855 1.5644e-4 -0.5905926 -0.80697 4.3653e-7 -0.5902056 -0.8072531 0 -0.5901623 -0.8072848 0 0.994498 -0.1047565 -2.81929e-4 0.994514 -0.1046038 0 0.9944083 -0.105605 0 0.4001393 -0.9164544 0 -0.5899919 -0.8074092 -3.83595e-4 -0.5898374 -0.8075222 0 -0.5901457 -0.8072968 4.69309e-4 -0.9944249 0.1054484 0 -0.4006132 0.9162473 0 0.1051611 0.9944553 0 0.9945117 -0.1046252 0 0.5905438 0.8070056 0 0.4003568 -0.9163593 0 -0.5899034 -0.8074739 0 -0.4006178 0.9162453 0 -0.8070036 0.5905466 0 0.8072728 -0.5901786 0 -0.4004316 0.9163267 0 -0.58976 -0.8075786 0 0.9944524 -0.1051885 0 0.5904085 0.8071045 0 0.4005705 -0.916266 0 -0.5904624 -0.8070652 0 0.9944475 -0.1052346 0 -0.9945114 0.1046286 0 0.5900844 0.8073416 0 -2.18464e-7 0 1 0.9945412 -0.1043447 0 -0.9944469 0.10524 0 -0.9944612 0.1051038 0 0.9944552 -0.1051616 0 -0.3999865 0.916521 -4.83352e-4 -0.4002279 0.9164158 0 -0.3997006 0.9166458 0 -0.590507 -0.8070325 0 0.3999367 -0.9165428 0 -0.9944415 0.1052907 -1.86619e-4 -0.9944657 0.1050624 0 -0.9944348 0.1053526 5.53652e-4 -0.994563 0.1041371 0 0.1126202 0.9936381 0 -0.8385829 0.5447733 -8.79158e-4 -0.8389257 0.5442458 4.08732e-4 -0.8384533 0.544973 -8.62891e-4 -0.9707646 -0.2400338 0 0.9182875 0.3959141 0 0.7196564 0.6943305 0</float_array>
          <technique_common>
            <accessor source="#Plane_137-mesh-normals-array" count="277" stride="3">
              <param name="X" type="float"/>
              <param name="Y" type="float"/>
              <param name="Z" type="float"/>
            </accessor>
          </technique_common>
        </source>
        <source id="Plane_137-mesh-map-0">
          <float_array id="Plane_137-mesh-map-0-array" count="2244">0.7577195 0.5703608 0.512609 0.5559637 0.7577195 0.5559636 0.7389194 0.5683713 0.5673182 0.5582684 0.7533061 0.5582684 0.425138 0.5583253 0.7835962 0.5678141 0.4116259 0.5678141 0.7389194 0.5582684 0.5673182 0.5683713 0.5817049 0.5582684 0.4251389 0.5678141 0.7835962 0.5583247 0.7700842 0.5678135 0.6116425 0.8376652 0.6280477 0.8083374 0.6280477 0.8376652 0.5399298 0.9256852 0.5531946 0.8894639 0.5399298 0.8894652 0.7042874 0.8818556 0.720664 0.8456344 0.7042874 0.8456356 0.7347722 0.694041 0.6241809 0.6466982 0.7347721 0.6466982 0.507352 0.9256852 0.5248621 0.8894639 0.5248621 0.9256852 0.7700842 0.5678135 0.4116259 0.5583247 0.7835962 0.5583247 0.7389194 0.5582684 0.5673182 0.5683713 0.5817049 0.5582684 0.7700832 0.5583247 0.4116259 0.5678141 0.425138 0.5583253 0.7389194 0.5683713 0.5673182 0.5582684 0.7533061 0.5582684 0.6198486 0.6982062 0.7391045 0.6421987 0.7391045 0.6982063 0.1523837 0.570361 0.3974943 0.5559638 0.3974943 0.5703608 0.7389194 0.5683713 0.5673182 0.5582684 0.7533061 0.5582684 0.425138 0.5583253 0.7835962 0.5678141 0.4116259 0.5678141 0.7389194 0.5582684 0.5673182 0.5683713 0.5817049 0.5582684 0.4251389 0.5678141 0.7835962 0.5583247 0.7700842 0.5678135 0.7389194 0.5683713 0.5817049 0.5683712 0.5673182 0.5582684 0.425138 0.5583253 0.7700832 0.5583247 0.7835962 0.5678141 0.7389194 0.5582684 0.7533061 0.5683713 0.5673182 0.5683713 0.4251389 0.5678141 0.4116259 0.5583247 0.7835962 0.5583247 0.7700842 0.5678135 0.4251389 0.5678141 0.4116259 0.5583247 0.7389194 0.5582684 0.7533061 0.5683713 0.5673182 0.5683713 0.7700832 0.5583247 0.7835962 0.5678141 0.4116259 0.5678141 0.7389194 0.5683713 0.5817049 0.5683712 0.5673182 0.5582684 0.7389194 0.5683713 0.5817049 0.5683712 0.5673182 0.5582684 0.425138 0.5583253 0.7700832 0.5583247 0.7835962 0.5678141 0.7389194 0.5582684 0.7533061 0.5683713 0.5673182 0.5683713 0.4251389 0.5678141 0.4116259 0.5583247 0.7835962 0.5583247 0.5687744 0.8376652 0.5823012 0.8083374 0.5823012 0.8376652 0.6116425 0.8376652 0.6280477 0.8083374 0.6280477 0.8376652 0.7737187 0.8376652 0.7901238 0.8083374 0.7737187 0.8083385 0.507352 0.8818556 0.5248621 0.8456344 0.5248621 0.8818556 0.8036805 0.8376652 0.8200857 0.8083374 0.8200857 0.8376652 0.5685198 0.9256852 0.5808625 0.8894639 0.5685198 0.8894652 0.6198486 0.6982062 0.7391045 0.6421987 0.7391045 0.6982063 0.5072132 0.8376652 0.5236183 0.8083374 0.5072132 0.8083385 0.5685198 0.8818556 0.5808625 0.8456344 0.5808625 0.8818556 0.5685198 0.9256852 0.5808625 0.8894639 0.5685198 0.8894652 0.7675888 0.9256852 0.7799304 0.8894639 0.7675888 0.8894652 0.3974943 0.5559638 0.512609 0.570361 0.3974943 0.5703608 0.7527999 0.9256852 0.7674735 0.8894639 0.7527999 0.8894652 0.5399298 0.8818556 0.5531946 0.8456344 0.5399298 0.8456356 0.507352 0.9256852 0.5248621 0.8894639 0.5248621 0.9256852 0.5685198 0.8818556 0.5808625 0.8456344 0.5808625 0.8818556 0.5687744 0.8376652 0.5823012 0.8083374 0.5687744 0.8083385 0.5072132 0.8376652 0.5236183 0.8083374 0.5072132 0.8083385 0.7802351 0.9256852 0.7927641 0.8894639 0.7802351 0.8894652 0.7897773 0.8376652 0.8039338 0.8083374 0.8039338 0.8376652 0.7042874 0.9256852 0.720664 0.8894639 0.720664 0.9256852 0.7347722 0.694041 0.6241809 0.6466982 0.7347721 0.6466982 0.7577195 0.5559636 0.8728342 0.570361 0.7577195 0.5703608 0.7675888 0.9256852 0.7799304 0.8894639 0.7799304 0.9256852 0.7802351 0.9256852 0.7927641 0.8894639 0.7802351 0.8894652 0.512609 0.570361 0.7577195 0.5559636 0.7577195 0.5703608 0.7527999 0.8818556 0.7674735 0.8456344 0.7674735 0.8818556 0.3974943 0.5703608 0.1523837 0.5559636 0.3974943 0.5559638 0.7675888 0.8818556 0.7799304 0.8456344 0.7675888 0.8456356 0.5685198 0.9256852 0.5808625 0.8894639 0.5685198 0.8894652 0.8604002 0.8376652 0.8767067 0.8083374 0.8767067 0.8376652 0.7527999 0.9256852 0.7674735 0.8894639 0.7527999 0.8894652 0.7737187 0.8376652 0.7901238 0.8083374 0.7737187 0.8083385 0.5399298 0.8818556 0.5531946 0.8456344 0.5531946 0.8818556 0.7802351 0.8818556 0.7927641 0.8456344 0.7802351 0.8456356 0.7897773 0.8376652 0.8039338 0.8083374 0.7897773 0.8083385 0.3974943 0.5559638 0.512609 0.570361 0.3974943 0.5703608 0.8604002 0.8376652 0.8767067 0.8083374 0.8604002 0.8083385 0.5685198 0.8818556 0.5808625 0.8456344 0.5685198 0.8456356 0.7737187 0.8376652 0.7901238 0.8083374 0.7737187 0.8083385 0.507352 0.9256852 0.5248621 0.8894639 0.5248621 0.9256852 0.7042874 0.8818556 0.720664 0.8456344 0.720664 0.8818556 0.7675888 0.8818556 0.7799304 0.8456344 0.7799304 0.8818556 0.7527999 0.9256852 0.7674735 0.8894639 0.7674735 0.9256852 0.7527999 0.8818556 0.7674735 0.8456344 0.7674735 0.8818556 0.7527999 0.9256852 0.7674735 0.8894639 0.7527999 0.8894652 0.5399298 0.9256852 0.5531946 0.8894639 0.5399298 0.8894652 0.7802351 0.9256852 0.7927641 0.8894639 0.7802351 0.8894652 0.8036805 0.8376652 0.8200857 0.8083374 0.8200857 0.8376652 0.6198486 0.6982062 0.7391045 0.6421987 0.7391045 0.6982063 0.7577195 0.5559636 0.8728342 0.570361 0.7577195 0.5703608 0.5685198 0.8818556 0.5808625 0.8456344 0.5808625 0.8818556 0.7675888 0.8818556 0.7799304 0.8456344 0.7675888 0.8456356 0.3974943 0.5559638 0.1523837 0.570361 0.1523837 0.5559636 0.7042874 0.9256852 0.720664 0.8894639 0.720664 0.9256852 0.5399298 0.8818556 0.5531946 0.8456344 0.5531946 0.8818556 0.5685198 0.9256852 0.5808625 0.8894639 0.5685198 0.8894652 0.507352 0.8818556 0.5248621 0.8456344 0.507352 0.8456356 0.507352 0.8818556 0.5248621 0.8456344 0.5248621 0.8818556 0.7527999 0.8818556 0.7674735 0.8456344 0.7674735 0.8818556 0.5399298 0.9256852 0.5531946 0.8894639 0.5531946 0.9256852 0.3974943 0.5559638 0.512609 0.570361 0.3974943 0.5703608 0.7577195 0.5559636 0.8728342 0.570361 0.7577195 0.5703608 0.7042874 0.8818556 0.720664 0.8456344 0.720664 0.8818556 0.6116425 0.8376652 0.6280477 0.8083374 0.6116425 0.8083385 0.7802351 0.8818556 0.7927641 0.8456344 0.7927641 0.8818556 0.5685198 0.8818556 0.5808625 0.8456344 0.5808625 0.8818556 0.5685198 0.8818556 0.5808625 0.8456344 0.5685198 0.8456356 0.7802351 0.8818556 0.7927641 0.8456344 0.7802351 0.8456356 0.7527999 0.8818556 0.7674735 0.8456344 0.7674735 0.8818556 0.5072132 0.8376652 0.5236183 0.8083374 0.5236183 0.8376652 0.7527999 0.9256852 0.7674735 0.8894639 0.7527999 0.8894652 0.7347722 0.694041 0.6241809 0.6466982 0.7347721 0.6466982 0.5685198 0.9256852 0.5808625 0.8894639 0.5685198 0.8894652 0.7577195 0.5703608 0.512609 0.5559637 0.7577195 0.5559636 0.5685198 0.9256852 0.5808625 0.8894639 0.5808625 0.9256852 0.7897773 0.8376652 0.8039338 0.8083374 0.7897773 0.8083385 0.8604002 0.8376652 0.8767067 0.8083374 0.8604002 0.8083385 0.7527999 0.9256852 0.7674735 0.8894639 0.7674735 0.9256852 0.7527999 0.8818556 0.7674735 0.8456344 0.7674735 0.8818556 0.7675888 0.9256852 0.7799304 0.8894639 0.7799304 0.9256852 0.5687744 0.8376652 0.5823012 0.8083374 0.5687744 0.8083385 0.7042874 0.9256852 0.720664 0.8894639 0.7042874 0.8894652 0.525026 0.2808578 -0.004113376 0.2659139 0.525026 0.2659139 0.8036805 0.8376652 0.8200857 0.8083374 0.8200857 0.8376652 0.7527999 0.8818556 0.7674735 0.8456344 0.7527999 0.8456356 0.525026 0.2808578 -0.004113376 0.2659139 -0.004113495 0.2808578 0.271045 0.2787741 0.169817 0.1877728 0.271045 0.1877728 0.09428119 0.1878466 0.1760696 0.2791171 0.09428119 0.2791172 0.2792322 0.2788583 0.1697679 0.1878414 0.2792322 0.1878414 0.169817 0.1877728 0.2708413 0.2786059 0.169817 0.2786103 0.525026 0.2808578 -0.004113376 0.2659139 0.525026 0.2659139 0.525026 0.2808578 -0.004113376 0.2659139 -0.004113495 0.2808578 0.7577195 0.5703608 0.512609 0.570361 0.512609 0.5559637 0.6116425 0.8376652 0.6116425 0.8083385 0.6280477 0.8083374 0.5399298 0.9256852 0.5531946 0.9256852 0.5531946 0.8894639 0.7042874 0.8818556 0.720664 0.8818556 0.720664 0.8456344 0.7347722 0.694041 0.6241809 0.6940411 0.6241809 0.6466982 0.507352 0.9256852 0.507352 0.8894652 0.5248621 0.8894639 0.6198486 0.6982062 0.6198486 0.6421987 0.7391045 0.6421987 0.1523837 0.570361 0.1523837 0.5559636 0.3974943 0.5559638 0.5687744 0.8376652 0.5687744 0.8083385 0.5823012 0.8083374 0.6116425 0.8376652 0.6116425 0.8083385 0.6280477 0.8083374 0.7737187 0.8376652 0.7901238 0.8376652 0.7901238 0.8083374 0.507352 0.8818556 0.507352 0.8456356 0.5248621 0.8456344 0.8036805 0.8376652 0.8036805 0.8083385 0.8200857 0.8083374 0.5685198 0.9256852 0.5808625 0.9256852 0.5808625 0.8894639 0.6198486 0.6982062 0.6198486 0.6421987 0.7391045 0.6421987 0.5072132 0.8376652 0.5236183 0.8376652 0.5236183 0.8083374 0.5685198 0.8818556 0.5685198 0.8456356 0.5808625 0.8456344 0.5685198 0.9256852 0.5808625 0.9256852 0.5808625 0.8894639 0.7675888 0.9256852 0.7799304 0.9256852 0.7799304 0.8894639 0.3974943 0.5559638 0.512609 0.5559637 0.512609 0.570361 0.7527999 0.9256852 0.7674735 0.9256852 0.7674735 0.8894639 0.5399298 0.8818556 0.5531946 0.8818556 0.5531946 0.8456344 0.507352 0.9256852 0.507352 0.8894652 0.5248621 0.8894639 0.5685198 0.8818556 0.5685198 0.8456356 0.5808625 0.8456344 0.5687744 0.8376652 0.5823012 0.8376652 0.5823012 0.8083374 0.5072132 0.8376652 0.5236183 0.8376652 0.5236183 0.8083374 0.7802351 0.9256852 0.7927641 0.9256852 0.7927641 0.8894639 0.7897773 0.8376652 0.7897773 0.8083385 0.8039338 0.8083374 0.7042874 0.9256852 0.7042874 0.8894652 0.720664 0.8894639 0.7347722 0.694041 0.6241809 0.6940411 0.6241809 0.6466982 0.7577195 0.5559636 0.8728342 0.5559637 0.8728342 0.570361 0.7675888 0.9256852 0.7675888 0.8894652 0.7799304 0.8894639 0.7802351 0.9256852 0.7927641 0.9256852 0.7927641 0.8894639 0.512609 0.570361 0.512609 0.5559637 0.7577195 0.5559636 0.7527999 0.8818556 0.7527999 0.8456356 0.7674735 0.8456344 0.3974943 0.5703608 0.1523837 0.570361 0.1523837 0.5559636 0.7675888 0.8818556 0.7799304 0.8818556 0.7799304 0.8456344 0.5685198 0.9256852 0.5808625 0.9256852 0.5808625 0.8894639 0.8604002 0.8376652 0.8604002 0.8083385 0.8767067 0.8083374 0.7527999 0.9256852 0.7674735 0.9256852 0.7674735 0.8894639 0.7737187 0.8376652 0.7901238 0.8376652 0.7901238 0.8083374 0.5399298 0.8818556 0.5399298 0.8456356 0.5531946 0.8456344 0.7802351 0.8818556 0.7927641 0.8818556 0.7927641 0.8456344 0.7897773 0.8376652 0.8039338 0.8376652 0.8039338 0.8083374 0.3974943 0.5559638 0.512609 0.5559637 0.512609 0.570361 0.8604002 0.8376652 0.8767067 0.8376652 0.8767067 0.8083374 0.5685198 0.8818556 0.5808625 0.8818556 0.5808625 0.8456344 0.7737187 0.8376652 0.7901238 0.8376652 0.7901238 0.8083374 0.507352 0.9256852 0.507352 0.8894652 0.5248621 0.8894639 0.7042874 0.8818556 0.7042874 0.8456356 0.720664 0.8456344 0.7675888 0.8818556 0.7675888 0.8456356 0.7799304 0.8456344 0.7527999 0.9256852 0.7527999 0.8894652 0.7674735 0.8894639 0.7527999 0.8818556 0.7527999 0.8456356 0.7674735 0.8456344 0.7527999 0.9256852 0.7674735 0.9256852 0.7674735 0.8894639 0.5399298 0.9256852 0.5531946 0.9256852 0.5531946 0.8894639 0.7802351 0.9256852 0.7927641 0.9256852 0.7927641 0.8894639 0.8036805 0.8376652 0.8036805 0.8083385 0.8200857 0.8083374 0.6198486 0.6982062 0.6198486 0.6421987 0.7391045 0.6421987 0.7577195 0.5559636 0.8728342 0.5559637 0.8728342 0.570361 0.5685198 0.8818556 0.5685198 0.8456356 0.5808625 0.8456344 0.7675888 0.8818556 0.7799304 0.8818556 0.7799304 0.8456344 0.3974943 0.5559638 0.3974943 0.5703608 0.1523837 0.570361 0.7042874 0.9256852 0.7042874 0.8894652 0.720664 0.8894639 0.5399298 0.8818556 0.5399298 0.8456356 0.5531946 0.8456344 0.5685198 0.9256852 0.5808625 0.9256852 0.5808625 0.8894639 0.507352 0.8818556 0.5248621 0.8818556 0.5248621 0.8456344 0.507352 0.8818556 0.507352 0.8456356 0.5248621 0.8456344 0.7527999 0.8818556 0.7527999 0.8456356 0.7674735 0.8456344 0.5399298 0.9256852 0.5399298 0.8894652 0.5531946 0.8894639 0.3974943 0.5559638 0.512609 0.5559637 0.512609 0.570361 0.7577195 0.5559636 0.8728342 0.5559637 0.8728342 0.570361 0.7042874 0.8818556 0.7042874 0.8456356 0.720664 0.8456344 0.6116425 0.8376652 0.6280477 0.8376652 0.6280477 0.8083374 0.7802351 0.8818556 0.7802351 0.8456356 0.7927641 0.8456344 0.5685198 0.8818556 0.5685198 0.8456356 0.5808625 0.8456344 0.5685198 0.8818556 0.5808625 0.8818556 0.5808625 0.8456344 0.7802351 0.8818556 0.7927641 0.8818556 0.7927641 0.8456344 0.7527999 0.8818556 0.7527999 0.8456356 0.7674735 0.8456344 0.5072132 0.8376652 0.5072132 0.8083385 0.5236183 0.8083374 0.7527999 0.9256852 0.7674735 0.9256852 0.7674735 0.8894639 0.7347722 0.694041 0.6241809 0.6940411 0.6241809 0.6466982 0.5685198 0.9256852 0.5808625 0.9256852 0.5808625 0.8894639 0.7577195 0.5703608 0.512609 0.570361 0.512609 0.5559637 0.5685198 0.9256852 0.5685198 0.8894652 0.5808625 0.8894639 0.7897773 0.8376652 0.8039338 0.8376652 0.8039338 0.8083374 0.8604002 0.8376652 0.8767067 0.8376652 0.8767067 0.8083374 0.7527999 0.9256852 0.7527999 0.8894652 0.7674735 0.8894639 0.7527999 0.8818556 0.7527999 0.8456356 0.7674735 0.8456344 0.7675888 0.9256852 0.7675888 0.8894652 0.7799304 0.8894639 0.5687744 0.8376652 0.5823012 0.8376652 0.5823012 0.8083374 0.7042874 0.9256852 0.720664 0.9256852 0.720664 0.8894639 0.525026 0.2808578 -0.004113495 0.2808578 -0.004113376 0.2659139 0.8036805 0.8376652 0.8036805 0.8083385 0.8200857 0.8083374 0.7527999 0.8818556 0.7674735 0.8818556 0.7674735 0.8456344 0.525026 0.2808578 0.525026 0.2659139 -0.004113376 0.2659139 0.271045 0.2787741 0.169817 0.2787741 0.169817 0.1877728 0.09428119 0.1878466 0.1760696 0.1878466 0.1760696 0.2791171 0.2792322 0.2788583 0.1697679 0.2788583 0.1697679 0.1878414 0.169817 0.1877728 0.2708392 0.1877684 0.2708413 0.2786059 0.525026 0.2808578 -0.004113495 0.2808578 -0.004113376 0.2659139 0.525026 0.2808578 0.525026 0.2659139 -0.004113376 0.2659139 0.5690742 0.8376652 0.5690742 0.8083374 0.5820312 0.8083374 0.5820312 0.8376652 0.7741699 0.8376652 0.7741699 0.8083374 0.7895508 0.8083374 0.7895508 0.8376652 0.5383301 0.8376652 0.5383301 0.8083374 0.5532227 0.8083374 0.5532227 0.8376652 0.5065742 0.8376652 0.5065742 0.8083374 0.5234375 0.8083374 0.5234375 0.8376652 0.7263007 0.8376652 0.7263007 0.8083374 0.7412109 0.8083374 0.7412109 0.8376652 0.5065742 0.8376652 0.5065742 0.8083374 0.5234375 0.8083374 0.5234375 0.8376652 0.6740723 0.8376652 0.6740723 0.8083374 0.6943359 0.8083374 0.6943359 0.8376652 0.5690742 0.8376652 0.5690742 0.8083374 0.5820312 0.8083374 0.5820312 0.8376652 0.6945625 0.8376652 0.6945625 0.8083374 0.7099609 0.8083374 0.7099609 0.8376652 0.7897773 0.8376652 0.7897773 0.8083374 0.8044434 0.8083374 0.8044434 0.8376652 0.7101875 0.8376652 0.7101875 0.8083374 0.7260742 0.8083374 0.7260742 0.8376652 0.5690742 0.8376652 0.5690742 0.8083374 0.5820312 0.8083374 0.5820312 0.8376652 0.7741699 0.8376652 0.7741699 0.8083374 0.7895508 0.8083374 0.7895508 0.8376652 0.5383301 0.8376652 0.5383301 0.8083374 0.5532227 0.8083374 0.5532227 0.8376652 0.5065742 0.8376652 0.5065742 0.8083374 0.5234375 0.8083374 0.5234375 0.8376652 0.7263007 0.8376652 0.7263007 0.8083374 0.7412109 0.8083374 0.7412109 0.8376652 0.5065742 0.8376652 0.5065742 0.8083374 0.5234375 0.8083374 0.5234375 0.8376652 0.6740723 0.8376652 0.6740723 0.8083374 0.6943359 0.8083374 0.6943359 0.8376652 0.5690742 0.8376652 0.5690742 0.8083374 0.5820312 0.8083374 0.5820312 0.8376652 0.6945625 0.8376652 0.6945625 0.8083374 0.7099609 0.8083374 0.7099609 0.8376652 0.7897773 0.8376652 0.7897773 0.8083374 0.8044434 0.8083374 0.8044434 0.8376652 0.7101875 0.8376652 0.7101875 0.8083374 0.7260742 0.8083374 0.7260742 0.8376652 0.5690742 0.8376652 0.5690742 0.8083374 0.5820312 0.8083374 0.5820312 0.8376652 0.7741699 0.8376652 0.7741699 0.8083374 0.7895508 0.8083374 0.7895508 0.8376652 0.5383301 0.8376652 0.5383301 0.8083374 0.5532227 0.8083374 0.5532227 0.8376652 0.5065742 0.8376652 0.5065742 0.8083374 0.5234375 0.8083374 0.5234375 0.8376652 0.7263007 0.8376652 0.7263007 0.8083374 0.7412109 0.8083374 0.7412109 0.8376652 0.5065742 0.8376652 0.5065742 0.8083374 0.5234375 0.8083374 0.5234375 0.8376652 0.6740723 0.8376652 0.6740723 0.8083374 0.6943359 0.8083374 0.6943359 0.8376652 0.5690742 0.8376652 0.5690742 0.8083374 0.5820312 0.8083374 0.5820312 0.8376652 0.6945625 0.8376652 0.6945625 0.8083374 0.7099609 0.8083374 0.7099609 0.8376652 0.7897773 0.8376652 0.7897773 0.8083374 0.8044434 0.8083374 0.8044434 0.8376652 0.7101875 0.8376652 0.7101875 0.8083374 0.7260742 0.8083374 0.7260742 0.8376652 0.7675888 0.9262892 0.7675888 0.890068 0.7790527 0.890068 0.7790527 0.9262892 0.7675888 0.8818556 0.7675888 0.8456344 0.7790527 0.8456344 0.7790527 0.8818556 0.7041122 0.9262892 0.7041122 0.890068 0.7202148 0.890068 0.7202148 0.9262892 0.7041122 0.8818556 0.7041122 0.8456344 0.7202148 0.8456344 0.7202148 0.8818556 0.6674911 0.9262892 0.6674911 0.890068 0.6867676 0.890068 0.6867676 0.9262892 0.6674911 0.8818556 0.6674911 0.8456344 0.6867676 0.8456344 0.6867676 0.8818556 0.5068466 0.9262892 0.5068466 0.890068 0.5236816 0.890068 0.5236816 0.9262892 0.5068466 0.8818556 0.5068466 0.8456344 0.5236816 0.8456344 0.5236816 0.8818556 0.7924911 0.9262892 0.7924911 0.890068 0.8061523 0.890068 0.8061523 0.9262892 0.7924911 0.8818556 0.7924911 0.8456344 0.8061523 0.8456344 0.8061523 0.8818556 0.7802841 0.9262892 0.7802841 0.890068 0.7915039 0.890068 0.7915039 0.9262892 0.7802841 0.8818556 0.7802841 0.8456344 0.7915039 0.8456344 0.7915039 0.8818556 0.7041122 0.9262892 0.7041122 0.890068 0.7202148 0.890068 0.7202148 0.9262892 0.7041122 0.8818556 0.7041122 0.8456344 0.7202148 0.8456344 0.7202148 0.8818556 0.6674911 0.9262892 0.6674911 0.890068 0.6867676 0.890068 0.6867676 0.9262892 0.6674911 0.8818556 0.6674911 0.8456344 0.6867676 0.8456344 0.6867676 0.8818556 0.7041122 0.9262892 0.7041122 0.890068 0.7202148 0.890068 0.7202148 0.9262892 0.7041122 0.8818556 0.7041122 0.8456344 0.7202148 0.8456344 0.7202148 0.8818556 0.7802841 0.9262892 0.7802841 0.890068 0.7915039 0.890068 0.7915039 0.9262892 0.7802841 0.8818556 0.7802841 0.8456344 0.7915039 0.8456344 0.7915039 0.8818556 0.625499 0.9262892 0.625499 0.890068 0.6313477 0.890068 0.6313477 0.9262892 0.625499 0.8818556 0.625499 0.8456344 0.6313477 0.8456344 0.6313477 0.8818556 0.8071396 0.9262892 0.8071396 0.890068 0.822998 0.890068 0.822998 0.9262892 0.8071396 0.8818556 0.8071396 0.8456344 0.822998 0.8456344 0.822998 0.8818556 0.7041122 0.9262892 0.7041122 0.890068 0.7202148 0.890068 0.7202148 0.9262892 0.7041122 0.8818556 0.7041122 0.8456344 0.7202148 0.8456344 0.7202148 0.8818556 0.7675888 0.9262892 0.7675888 0.890068 0.7790527 0.890068 0.7790527 0.9262892 0.7675888 0.8818556 0.7675888 0.8456344 0.7790527 0.8456344 0.7790527 0.8818556 0.7041122 0.9262892 0.7041122 0.890068 0.7202148 0.890068 0.7202148 0.9262892 0.7041122 0.8818556 0.7041122 0.8456344 0.7202148 0.8456344 0.7202148 0.8818556 0.6674911 0.9262892 0.6674911 0.890068 0.6867676 0.890068 0.6867676 0.9262892 0.6674911 0.8818556 0.6674911 0.8456344 0.6867676 0.8456344 0.6867676 0.8818556 0.5068466 0.9262892 0.5068466 0.890068 0.5236816 0.890068 0.5236816 0.9262892 0.5068466 0.8818556 0.5068466 0.8456344 0.5236816 0.8456344 0.5236816 0.8818556 0.7924911 0.9262892 0.7924911 0.890068 0.8061523 0.890068 0.8061523 0.9262892 0.7924911 0.8818556 0.7924911 0.8456344 0.8061523 0.8456344 0.8061523 0.8818556 0.7802841 0.9262892 0.7802841 0.890068 0.7915039 0.890068 0.7915039 0.9262892 0.7802841 0.8818556 0.7802841 0.8456344 0.7915039 0.8456344 0.7915039 0.8818556 0.7041122 0.9262892 0.7041122 0.890068 0.7202148 0.890068 0.7202148 0.9262892 0.7041122 0.8818556 0.7041122 0.8456344 0.7202148 0.8456344 0.7202148 0.8818556 0.6674911 0.9262892 0.6674911 0.890068 0.6867676 0.890068 0.6867676 0.9262892 0.6674911 0.8818556 0.6674911 0.8456344 0.6867676 0.8456344 0.6867676 0.8818556 0.7041122 0.9262892 0.7041122 0.890068 0.7202148 0.890068 0.7202148 0.9262892 0.7041122 0.8818556 0.7041122 0.8456344 0.7202148 0.8456344 0.7202148 0.8818556 0.7802841 0.9262892 0.7802841 0.890068 0.7915039 0.890068 0.7915039 0.9262892 0.7802841 0.8818556 0.7802841 0.8456344 0.7915039 0.8456344 0.7915039 0.8818556 0.625499 0.9262892 0.625499 0.890068 0.6313477 0.890068 0.6313477 0.9262892 0.625499 0.8818556 0.625499 0.8456344 0.6313477 0.8456344 0.6313477 0.8818556 0.8071396 0.9262892 0.8071396 0.890068 0.822998 0.890068 0.822998 0.9262892 0.8071396 0.8818556 0.8071396 0.8456344 0.822998 0.8456344 0.822998 0.8818556 0.7041122 0.9262892 0.7041122 0.890068 0.7202148 0.890068 0.7202148 0.9262892 0.7041122 0.8818556 0.7041122 0.8456344 0.7202148 0.8456344 0.7202148 0.8818556 0.7675888 0.9262892 0.7675888 0.890068 0.7790527 0.890068 0.7790527 0.9262892 0.7675888 0.8818556 0.7675888 0.8456344 0.7790527 0.8456344 0.7790527 0.8818556 0.7041122 0.9262892 0.7041122 0.890068 0.7202148 0.890068 0.7202148 0.9262892 0.7041122 0.8818556 0.7041122 0.8456344 0.7202148 0.8456344 0.7202148 0.8818556 0.6674911 0.9262892 0.6674911 0.890068 0.6867676 0.890068 0.6867676 0.9262892 0.6674911 0.8818556 0.6674911 0.8456344 0.6867676 0.8456344 0.6867676 0.8818556 0.5068466 0.9262892 0.5068466 0.890068 0.5236816 0.890068 0.5236816 0.9262892 0.5068466 0.8818556 0.5068466 0.8456344 0.5236816 0.8456344 0.5236816 0.8818556 0.7924911 0.9262892 0.7924911 0.890068 0.8061523 0.890068 0.8061523 0.9262892 0.7924911 0.8818556 0.7924911 0.8456344 0.8061523 0.8456344 0.8061523 0.8818556 0.7802841 0.9262892 0.7802841 0.890068 0.7915039 0.890068 0.7915039 0.9262892 0.7802841 0.8818556 0.7802841 0.8456344 0.7915039 0.8456344 0.7915039 0.8818556 0.7041122 0.9262892 0.7041122 0.890068 0.7202148 0.890068 0.7202148 0.9262892 0.7041122 0.8818556 0.7041122 0.8456344 0.7202148 0.8456344 0.7202148 0.8818556 0.6674911 0.9262892 0.6674911 0.890068 0.6867676 0.890068 0.6867676 0.9262892 0.6674911 0.8818556 0.6674911 0.8456344 0.6867676 0.8456344 0.6867676 0.8818556 0.7041122 0.9262892 0.7041122 0.890068 0.7202148 0.890068 0.7202148 0.9262892 0.7041122 0.8818556 0.7041122 0.8456344 0.7202148 0.8456344 0.7202148 0.8818556 0.7802841 0.9262892 0.7802841 0.890068 0.7915039 0.890068 0.7915039 0.9262892 0.7802841 0.8818556 0.7802841 0.8456344 0.7915039 0.8456344 0.7915039 0.8818556 0.625499 0.9262892 0.625499 0.890068 0.6313477 0.890068 0.6313477 0.9262892 0.625499 0.8818556 0.625499 0.8456344 0.6313477 0.8456344 0.6313477 0.8818556 0.8071396 0.9262892 0.8071396 0.890068 0.822998 0.890068 0.822998 0.9262892 0.8071396 0.8818556 0.8071396 0.8456344 0.822998 0.8456344 0.822998 0.8818556 0.7041122 0.9262892 0.7041122 0.890068 0.7202148 0.890068 0.7202148 0.9262892 0.7041122 0.8818556 0.7041122 0.8456344 0.7202148 0.8456344 0.7202148 0.8818556</float_array>
          <technique_common>
            <accessor source="#Plane_137-mesh-map-0-array" count="1122" stride="2">
              <param name="S" type="float"/>
              <param name="T" type="float"/>
            </accessor>
          </technique_common>
        </source>
        <source id="Plane_137-mesh-colors-Col" name="Col">
          <float_array id="Plane_137-mesh-colors-Col-array" count="2712">0.3490196 0.3490196 0.3490196 1 0.3529412 0.3529412 0.3529412 1 0.3490196 0.3490196 0.3490196 1 1 0.2431373 0.254902 1 0.9921569 0.2627451 0.2745098 1 1 0.2431373 0.254902 1 0.9921569 0.2627451 0.2745098 1 0.9921569 0.2627451 0.2745098 1 0.9921569 0.2627451 0.2745098 1 1 0.2509804 0.2627451 1 0.9921569 0.2627451 0.2745098 1 0.9921569 0.2666667 0.2784314 1 1 0.2431373 0.254902 1 1 0.2470588 0.2588235 1 1 0.2509804 0.2627451 1 0.9921569 0.9921569 0.9921569 1 0.9882353 0.9882353 0.9882353 1 0.9921569 0.9921569 0.9921569 1 0.03921568 0.03921568 0.03921568 1 0.04313725 0.04313725 0.04313725 1 0.03921568 0.03921568 0.03921568 1 1 0.854902 0 1 1 0.854902 0 1 1 0.854902 0 1 0.9921569 0.9098039 0.5294118 1 1 0.9098039 0.5137255 1 1 0.9098039 0.5176471 1 0.03921568 0.03921568 0.03921568 1 0.04313725 0.04313725 0.04313725 1 0.04313725 0.04313725 0.04313725 1 1 0.2509804 0.2627451 1 1 0.2431373 0.254902 1 1 0.2470588 0.2588235 1 1 0.2509804 0.2627451 1 0.9921569 0.2627451 0.2745098 1 0.9921569 0.2666667 0.2784314 1 0.9921569 0.2666667 0.2784314 1 0.9921569 0.2627451 0.2745098 1 0.9921569 0.2627451 0.2745098 1 1 0.2431373 0.254902 1 0.9921569 0.2627451 0.2745098 1 1 0.2431373 0.254902 1 1 0.2392157 0.2509804 1 1 0.2392157 0.2509804 1 1 0.2392157 0.2509804 1 0.3490196 0.3490196 0.3490196 1 0.3490196 0.3490196 0.3490196 1 0.3490196 0.3490196 0.3490196 1 1 0.2431373 0.254902 1 0.9921569 0.2627451 0.2745098 1 1 0.2431373 0.254902 1 0.9921569 0.2627451 0.2745098 1 0.9921569 0.2627451 0.2745098 1 0.9921569 0.2627451 0.2745098 1 1 0.2509804 0.2627451 1 0.9921569 0.2627451 0.2745098 1 0.9921569 0.2666667 0.2784314 1 1 0.2431373 0.254902 1 1 0.2470588 0.2588235 1 1 0.2509804 0.2627451 1 1 0.2431373 0.254902 1 0.9921569 0.2627451 0.2745098 1 0.9921569 0.2627451 0.2745098 1 0.9921569 0.2627451 0.2745098 1 0.9921569 0.2666667 0.2784314 1 0.9921569 0.2627451 0.2745098 1 1 0.2509804 0.2627451 1 1 0.2470588 0.2588235 1 0.9921569 0.2627451 0.2745098 1 1 0.2431373 0.254902 1 1 0.2431373 0.254902 1 1 0.2470588 0.2588235 1 1 0.2509804 0.2627451 1 1 0.2431373 0.254902 1 1 0.2431373 0.254902 1 1 0.2509804 0.2627451 1 1 0.2470588 0.2588235 1 0.9921569 0.2627451 0.2745098 1 0.9921569 0.2666667 0.2784314 1 0.9921569 0.2627451 0.2745098 1 0.9921569 0.2627451 0.2745098 1 1 0.2431373 0.254902 1 0.9921569 0.2627451 0.2745098 1 0.9921569 0.2627451 0.2745098 1 1 0.2431373 0.254902 1 0.9921569 0.2627451 0.2745098 1 0.9921569 0.2627451 0.2745098 1 0.9921569 0.2627451 0.2745098 1 0.9921569 0.2666667 0.2784314 1 0.9921569 0.2627451 0.2745098 1 1 0.2509804 0.2627451 1 1 0.2470588 0.2588235 1 0.9921569 0.2627451 0.2745098 1 1 0.2431373 0.254902 1 1 0.2431373 0.254902 1 1 0.2470588 0.2588235 1 0.9960784 0.9960784 0.9960784 1 0.9882353 0.9882353 0.9882353 1 0.9960784 0.9960784 0.9960784 1 0.9921569 0.9921569 0.9921569 1 0.9882353 0.9882353 0.9882353 1 0.9921569 0.9921569 0.9921569 1 0.9960784 0.9960784 0.9960784 1 0.9921569 0.9921569 0.9921569 1 0.9921569 0.9921569 0.9921569 1 0.9882353 0.854902 0.03921568 1 0.9882353 0.854902 0.04313725 1 0.9882353 0.854902 0.04313725 1 0.9960784 0.9960784 0.9960784 1 0.9921569 0.9921569 0.9921569 1 0.9960784 0.9960784 0.9960784 1 0.03921568 0.03921568 0.03921568 1 0.04313725 0.04313725 0.04313725 1 0.04313725 0.04313725 0.04313725 1 1 0.2392157 0.2509804 1 1 0.2392157 0.2509804 1 1 0.2392157 0.2509804 1 0.9921569 0.9921569 0.9921569 1 0.9921569 0.9921569 0.9921569 1 0.9882353 0.9882353 0.9882353 1 1 0.854902 0 1 1 0.854902 0 1 1 0.854902 0 1 0.04313725 0.04313725 0.04313725 1 0.04705882 0.04705882 0.04705882 1 0.05490195 0.05490195 0.05490195 1 0.04313725 0.04313725 0.04313725 1 0.05098038 0.05098038 0.05098038 1 0.05098038 0.05098038 0.05098038 1 0.3686274 0.3686274 0.3686274 1 0.3529412 0.3529412 0.3529412 1 0.3647059 0.3647059 0.3647059 1 0.03921568 0.03921568 0.03921568 1 0.04313725 0.04313725 0.04313725 1 0.04705882 0.04705882 0.04705882 1 1 0.854902 0 1 1 0.854902 0 1 1 0.854902 0 1 0.03921568 0.03921568 0.03921568 1 0.04313725 0.04313725 0.04313725 1 0.04313725 0.04313725 0.04313725 1 1 0.854902 0 1 1 0.854902 0 1 1 0.854902 0 1 0.9960784 0.9960784 0.9960784 1 0.9882353 0.9882353 0.9882353 1 0.9921569 0.9921569 0.9921569 1 0.9921569 0.9921569 0.9921569 1 0.9921569 0.9921569 0.9921569 1 0.9882353 0.9882353 0.9882353 1 0.04313725 0.04313725 0.04313725 1 0.05490195 0.05490195 0.05490195 1 0.05098038 0.05098038 0.05098038 1 0.9960784 0.9960784 0.9960784 1 0.9960784 0.9960784 0.9960784 1 0.9960784 0.9960784 0.9960784 1 0.03137254 0.03137254 0.03137254 1 0.03137254 0.03137254 0.03137254 1 0.02352941 0.02352941 0.02352941 1 0.9921569 0.9098039 0.5294118 1 1 0.9098039 0.5137255 1 1 0.9098039 0.5176471 1 0.3490196 0.3490196 0.3490196 1 0.3490196 0.3490196 0.3490196 1 0.3490196 0.3490196 0.3490196 1 0.04313725 0.04313725 0.04313725 1 0.05098038 0.05098038 0.05098038 1 0.04313725 0.04313725 0.04313725 1 0.04313725 0.04313725 0.04313725 1 0.05490195 0.05490195 0.05490195 1 0.05098038 0.05098038 0.05098038 1 0.3529412 0.3529412 0.3529412 1 0.3490196 0.3490196 0.3490196 1 0.3490196 0.3490196 0.3490196 1 1 0.854902 0 1 1 0.854902 0 1 1 0.854902 0 1 0.3490196 0.3490196 0.3490196 1 0.3490196 0.3490196 0.3490196 1 0.3490196 0.3490196 0.3490196 1 0.9882353 0.854902 0.04313725 1 0.9882353 0.854902 0.05098038 1 0.9882353 0.854902 0.05098038 1 0.04313725 0.04313725 0.04313725 1 0.04705882 0.04705882 0.04705882 1 0.05490195 0.05490195 0.05490195 1 0.9960784 0.9960784 0.9960784 1 0.9882353 0.9882353 0.9882353 1 0.9921569 0.9921569 0.9921569 1 0.04313725 0.04313725 0.04313725 1 0.05098038 0.05098038 0.05098038 1 0.04313725 0.04313725 0.04313725 1 0.9960784 0.9960784 0.9960784 1 0.9921569 0.9921569 0.9921569 1 0.9921569 0.9921569 0.9921569 1 1 0.854902 0 1 1 0.854902 0 1 1 0.854902 0 1 1 0.854902 0 1 1 0.854902 0 1 1 0.854902 0 1 0.9960784 0.9960784 0.9960784 1 0.9960784 0.9960784 0.9960784 1 0.9921569 0.9921569 0.9921569 1 0.3686274 0.3686274 0.3686274 1 0.3529412 0.3529412 0.3529412 1 0.3647059 0.3647059 0.3647059 1 0.9960784 0.9960784 0.9960784 1 0.9882353 0.9882353 0.9882353 1 0.9882353 0.9882353 0.9882353 1 1 0.854902 0 1 1 0.854902 0 1 1 0.854902 0 1 0.9960784 0.9960784 0.9960784 1 0.9921569 0.9921569 0.9921569 1 0.9921569 0.9921569 0.9921569 1 0.03921568 0.03921568 0.03921568 1 0.04313725 0.04313725 0.04313725 1 0.04313725 0.04313725 0.04313725 1 1 0.854902 0 1 1 0.854902 0 1 1 0.854902 0 1 0.9882353 0.854902 0.04313725 1 0.9882353 0.854902 0.05098038 1 0.9882353 0.854902 0.04313725 1 0.04313725 0.04313725 0.04313725 1 0.05098038 0.05098038 0.05098038 1 0.04705882 0.04705882 0.04705882 1 0.9882353 0.854902 0.04313725 1 0.9882353 0.854902 0.05098038 1 0.9882353 0.854902 0.04705882 1 0.03921568 0.03921568 0.03921568 1 0.04313725 0.04313725 0.04313725 1 0.04705882 0.04705882 0.04705882 1 0.03921568 0.03921568 0.03921568 1 0.04313725 0.04313725 0.04313725 1 0.03921568 0.03921568 0.03921568 1 0.04313725 0.04313725 0.04313725 1 0.05490195 0.05490195 0.05490195 1 0.05098038 0.05098038 0.05098038 1 0.9960784 0.9960784 0.9960784 1 0.9921569 0.9921569 0.9921569 1 0.9960784 0.9960784 0.9960784 1 1 0.2392157 0.2509804 1 1 0.2392157 0.2509804 1 1 0.2392157 0.2509804 1 0.3490196 0.3490196 0.3490196 1 0.3490196 0.3490196 0.3490196 1 0.3490196 0.3490196 0.3490196 1 1 0.854902 0 1 1 0.854902 0 1 1 0.854902 0 1 0.9882353 0.854902 0.04313725 1 0.9882353 0.854902 0.05098038 1 0.9882353 0.854902 0.05098038 1 0.3490196 0.3490196 0.3490196 1 0.3490196 0.3490196 0.3490196 1 0.3490196 0.3490196 0.3490196 1 0.03137254 0.03137254 0.03137254 1 0.03137254 0.03137254 0.03137254 1 0.02352941 0.02352941 0.02352941 1 1 0.854902 0 1 1 0.854902 0 1 1 0.854902 0 1 0.04313725 0.04313725 0.04313725 1 0.04705882 0.04705882 0.04705882 1 0.05490195 0.05490195 0.05490195 1 0.9882353 0.854902 0.03921568 1 0.9882353 0.854902 0.04313725 1 0.9882353 0.854902 0.04313725 1 0.9882353 0.854902 0.03921568 1 0.9882353 0.854902 0.04313725 1 0.9882353 0.854902 0.04313725 1 1 0.854902 0 1 1 0.854902 0 1 1 0.854902 0 1 0.03921568 0.03921568 0.03921568 1 0.04313725 0.04313725 0.04313725 1 0.03921568 0.03921568 0.03921568 1 0.3686274 0.3686274 0.3686274 1 0.3529412 0.3529412 0.3529412 1 0.3647059 0.3647059 0.3647059 1 0.3490196 0.3490196 0.3490196 1 0.3490196 0.3490196 0.3490196 1 0.3490196 0.3490196 0.3490196 1 1 0.854902 0 1 1 0.854902 0 1 1 0.854902 0 1 0.9921569 0.9921569 0.9921569 1 0.9882353 0.9882353 0.9882353 1 0.9882353 0.9882353 0.9882353 1 1 0.854902 0 1 1 0.854902 0 1 1 0.854902 0 1 1 0.854902 0 1 1 0.854902 0 1 1 0.854902 0 1 1 0.854902 0 1 1 0.854902 0 1 1 0.854902 0 1 1 0.854902 0 1 1 0.854902 0 1 1 0.854902 0 1 0.9882353 0.854902 0.04313725 1 0.9882353 0.854902 0.05098038 1 0.9882353 0.854902 0.04705882 1 0.9921569 0.9921569 0.9921569 1 0.9921569 0.9921569 0.9921569 1 0.9960784 0.9960784 0.9960784 1 0.04313725 0.04313725 0.04313725 1 0.05098038 0.05098038 0.05098038 1 0.04313725 0.04313725 0.04313725 1 0.9921569 0.9098039 0.5294118 1 1 0.9098039 0.5137255 1 1 0.9098039 0.5176471 1 0.03921568 0.03921568 0.03921568 1 0.04313725 0.04313725 0.04313725 1 0.04313725 0.04313725 0.04313725 1 0.3490196 0.3490196 0.3490196 1 0.3529412 0.3529412 0.3529412 1 0.3490196 0.3490196 0.3490196 1 0.03921568 0.03921568 0.03921568 1 0.04313725 0.04313725 0.04313725 1 0.03137254 0.03137254 0.03137254 1 0.9960784 0.9960784 0.9960784 1 0.9960784 0.9960784 0.9960784 1 0.9921569 0.9921569 0.9921569 1 0.9960784 0.9960784 0.9960784 1 0.9882353 0.9882353 0.9882353 1 0.9882353 0.9882353 0.9882353 1 0.03921568 0.03921568 0.03921568 1 0.04313725 0.04313725 0.04313725 1 0.03921568 0.03921568 0.03921568 1 0.9882353 0.854902 0.04313725 1 0.9882353 0.854902 0.05098038 1 0.9882353 0.854902 0.04705882 1 0.04313725 0.04313725 0.04313725 1 0.05098038 0.05098038 0.05098038 1 0.04313725 0.04313725 0.04313725 1 0.9960784 0.9960784 0.9960784 1 0.9882353 0.9882353 0.9882353 1 0.9921569 0.9921569 0.9921569 1 0.03137254 0.03137254 0.03137254 1 0.03137254 0.03137254 0.03137254 1 0.04313725 0.04313725 0.04313725 1 0.6 0.4352941 0.3607843 1 0.6 0.4352941 0.3607843 1 0.6 0.4352941 0.3607843 1 0.9960784 0.9960784 0.9960784 1 0.9921569 0.9921569 0.9921569 1 0.9960784 0.9960784 0.9960784 1 1 0.854902 0 1 1 0.854902 0 1 1 0.854902 0 1 0.6 0.4352941 0.3607843 1 0.6 0.4352941 0.3607843 1 0.6 0.4352941 0.3607843 1 0.6470589 0.5490196 0.5215687 1 0.6470589 0.5490196 0.5215687 1 0.6470589 0.5490196 0.5215687 1 0.6470589 0.5490196 0.5215687 1 0.6470589 0.5490196 0.5215687 1 0.6470589 0.5490196 0.5215687 1 0.6470589 0.5490196 0.5215687 1 0.6470589 0.5490196 0.5215687 1 0.6470589 0.5490196 0.5215687 1 0.6470589 0.5490196 0.5215687 1 0.6470589 0.5490196 0.5215687 1 0.6470589 0.5490196 0.5215687 1 0.6 0.4352941 0.3607843 1 0.6 0.4352941 0.3607843 1 0.6 0.4352941 0.3607843 1 0.6 0.4352941 0.3607843 1 0.6 0.4352941 0.3607843 1 0.6 0.4352941 0.3607843 1 0.3490196 0.3490196 0.3490196 1 0.3529412 0.3529412 0.3529412 1 0.3529412 0.3529412 0.3529412 1 0.9921569 0.9921569 0.9921569 1 0.9882353 0.9882353 0.9882353 1 0.9882353 0.9882353 0.9882353 1 0.03921568 0.03921568 0.03921568 1 0.03921568 0.03921568 0.03921568 1 0.04313725 0.04313725 0.04313725 1 1 0.854902 0 1 1 0.854902 0 1 1 0.854902 0 1 0.9921569 0.9098039 0.5294118 1 0.9921569 0.9098039 0.5215687 1 1 0.9098039 0.5137255 1 0.03921568 0.03921568 0.03921568 1 0.04313725 0.04313725 0.04313725 1 0.04313725 0.04313725 0.04313725 1 1 0.2392157 0.2509804 1 1 0.2392157 0.2509804 1 1 0.2392157 0.2509804 1 0.3490196 0.3490196 0.3490196 1 0.3490196 0.3490196 0.3490196 1 0.3490196 0.3490196 0.3490196 1 0.9960784 0.9960784 0.9960784 1 0.9921569 0.9921569 0.9921569 1 0.9882353 0.9882353 0.9882353 1 0.9921569 0.9921569 0.9921569 1 0.9882353 0.9882353 0.9882353 1 0.9882353 0.9882353 0.9882353 1 0.9960784 0.9960784 0.9960784 1 0.9960784 0.9960784 0.9960784 1 0.9921569 0.9921569 0.9921569 1 0.9882353 0.854902 0.03921568 1 0.9882353 0.854902 0.04313725 1 0.9882353 0.854902 0.04313725 1 0.9960784 0.9960784 0.9960784 1 0.9921569 0.9921569 0.9921569 1 0.9921569 0.9921569 0.9921569 1 0.03921568 0.03921568 0.03921568 1 0.03137254 0.03137254 0.03137254 1 0.04313725 0.04313725 0.04313725 1 1 0.2392157 0.2509804 1 1 0.2392157 0.2509804 1 1 0.2392157 0.2509804 1 0.9921569 0.9921569 0.9921569 1 0.9960784 0.9960784 0.9960784 1 0.9921569 0.9921569 0.9921569 1 1 0.854902 0 1 1 0.854902 0 1 1 0.854902 0 1 0.04313725 0.04313725 0.04313725 1 0.03921568 0.03921568 0.03921568 1 0.04705882 0.04705882 0.04705882 1 0.04313725 0.04313725 0.04313725 1 0.04313725 0.04313725 0.04313725 1 0.05098038 0.05098038 0.05098038 1 0.3686274 0.3686274 0.3686274 1 0.3529412 0.3529412 0.3529412 1 0.3529412 0.3529412 0.3529412 1 0.03921568 0.03921568 0.03921568 1 0.03921568 0.03921568 0.03921568 1 0.04313725 0.04313725 0.04313725 1 1 0.854902 0 1 1 0.854902 0 1 1 0.854902 0 1 0.03921568 0.03921568 0.03921568 1 0.04313725 0.04313725 0.04313725 1 0.04313725 0.04313725 0.04313725 1 1 0.854902 0 1 1 0.854902 0 1 1 0.854902 0 1 0.9960784 0.9960784 0.9960784 1 0.9960784 0.9960784 0.9960784 1 0.9882353 0.9882353 0.9882353 1 0.9921569 0.9921569 0.9921569 1 0.9960784 0.9960784 0.9960784 1 0.9921569 0.9921569 0.9921569 1 0.04313725 0.04313725 0.04313725 1 0.04313725 0.04313725 0.04313725 1 0.05490195 0.05490195 0.05490195 1 0.9960784 0.9960784 0.9960784 1 0.9921569 0.9921569 0.9921569 1 0.9960784 0.9960784 0.9960784 1 0.03137254 0.03137254 0.03137254 1 0.04313725 0.04313725 0.04313725 1 0.03137254 0.03137254 0.03137254 1 0.9921569 0.9098039 0.5294118 1 0.9921569 0.9098039 0.5215687 1 1 0.9098039 0.5137255 1 0.3490196 0.3490196 0.3490196 1 0.3490196 0.3490196 0.3490196 1 0.3490196 0.3490196 0.3490196 1 0.04313725 0.04313725 0.04313725 1 0.05098038 0.05098038 0.05098038 1 0.05098038 0.05098038 0.05098038 1 0.04313725 0.04313725 0.04313725 1 0.04313725 0.04313725 0.04313725 1 0.05490195 0.05490195 0.05490195 1 0.3529412 0.3529412 0.3529412 1 0.3529412 0.3529412 0.3529412 1 0.3490196 0.3490196 0.3490196 1 1 0.854902 0 1 1 0.854902 0 1 1 0.854902 0 1 0.3490196 0.3490196 0.3490196 1 0.3490196 0.3490196 0.3490196 1 0.3490196 0.3490196 0.3490196 1 0.9882353 0.854902 0.04313725 1 0.9882353 0.854902 0.04313725 1 0.9882353 0.854902 0.05098038 1 0.04313725 0.04313725 0.04313725 1 0.03921568 0.03921568 0.03921568 1 0.04705882 0.04705882 0.04705882 1 0.9960784 0.9960784 0.9960784 1 0.9882353 0.9882353 0.9882353 1 0.9882353 0.9882353 0.9882353 1 0.04313725 0.04313725 0.04313725 1 0.04705882 0.04705882 0.04705882 1 0.05098038 0.05098038 0.05098038 1 0.9960784 0.9960784 0.9960784 1 0.9960784 0.9960784 0.9960784 1 0.9921569 0.9921569 0.9921569 1 1 0.854902 0 1 1 0.854902 0 1 1 0.854902 0 1 1 0.854902 0 1 1 0.854902 0 1 1 0.854902 0 1 0.9960784 0.9960784 0.9960784 1 0.9960784 0.9960784 0.9960784 1 0.9960784 0.9960784 0.9960784 1 0.3686274 0.3686274 0.3686274 1 0.3529412 0.3529412 0.3529412 1 0.3529412 0.3529412 0.3529412 1 0.9960784 0.9960784 0.9960784 1 0.9921569 0.9921569 0.9921569 1 0.9882353 0.9882353 0.9882353 1 1 0.854902 0 1 1 0.854902 0 1 1 0.854902 0 1 0.9960784 0.9960784 0.9960784 1 0.9960784 0.9960784 0.9960784 1 0.9921569 0.9921569 0.9921569 1 0.03921568 0.03921568 0.03921568 1 0.04313725 0.04313725 0.04313725 1 0.04313725 0.04313725 0.04313725 1 1 0.854902 0 1 1 0.854902 0 1 1 0.854902 0 1 0.9882353 0.854902 0.04313725 1 0.9882353 0.854902 0.05098038 1 0.9882353 0.854902 0.05098038 1 0.04313725 0.04313725 0.04313725 1 0.04313725 0.04313725 0.04313725 1 0.05098038 0.05098038 0.05098038 1 0.9882353 0.854902 0.04313725 1 0.9882353 0.854902 0.04313725 1 0.9882353 0.854902 0.05098038 1 0.03921568 0.03921568 0.03921568 1 0.03921568 0.03921568 0.03921568 1 0.04313725 0.04313725 0.04313725 1 0.03921568 0.03921568 0.03921568 1 0.03921568 0.03921568 0.03921568 1 0.04313725 0.04313725 0.04313725 1 0.04313725 0.04313725 0.04313725 1 0.04313725 0.04313725 0.04313725 1 0.05490195 0.05490195 0.05490195 1 0.9960784 0.9960784 0.9960784 1 0.9921569 0.9921569 0.9921569 1 0.9921569 0.9921569 0.9921569 1 1 0.2392157 0.2509804 1 1 0.2392157 0.2509804 1 1 0.2392157 0.2509804 1 0.3490196 0.3490196 0.3490196 1 0.3490196 0.3490196 0.3490196 1 0.3490196 0.3490196 0.3490196 1 1 0.854902 0 1 1 0.854902 0 1 1 0.854902 0 1 0.9882353 0.854902 0.04313725 1 0.9882353 0.854902 0.04313725 1 0.9882353 0.854902 0.05098038 1 0.3490196 0.3490196 0.3490196 1 0.3490196 0.3490196 0.3490196 1 0.3490196 0.3490196 0.3490196 1 0.03137254 0.03137254 0.03137254 1 0.04313725 0.04313725 0.04313725 1 0.03137254 0.03137254 0.03137254 1 1 0.854902 0 1 1 0.854902 0 1 1 0.854902 0 1 0.04313725 0.04313725 0.04313725 1 0.03921568 0.03921568 0.03921568 1 0.04705882 0.04705882 0.04705882 1 0.9882353 0.854902 0.03921568 1 0.9882353 0.854902 0.04313725 1 0.9882353 0.854902 0.04313725 1 0.9882353 0.854902 0.03921568 1 0.9882353 0.854902 0.04313725 1 0.9882353 0.854902 0.04313725 1 1 0.854902 0 1 1 0.854902 0 1 1 0.854902 0 1 0.03921568 0.03921568 0.03921568 1 0.03921568 0.03921568 0.03921568 1 0.04313725 0.04313725 0.04313725 1 0.3686274 0.3686274 0.3686274 1 0.3529412 0.3529412 0.3529412 1 0.3529412 0.3529412 0.3529412 1 0.3490196 0.3490196 0.3490196 1 0.3490196 0.3490196 0.3490196 1 0.3490196 0.3490196 0.3490196 1 1 0.854902 0 1 1 0.854902 0 1 1 0.854902 0 1 0.9921569 0.9921569 0.9921569 1 0.9921569 0.9921569 0.9921569 1 0.9882353 0.9882353 0.9882353 1 1 0.854902 0 1 1 0.854902 0 1 1 0.854902 0 1 1 0.854902 0 1 1 0.854902 0 1 1 0.854902 0 1 1 0.854902 0 1 1 0.854902 0 1 1 0.854902 0 1 1 0.854902 0 1 1 0.854902 0 1 1 0.854902 0 1 0.9882353 0.854902 0.04313725 1 0.9882353 0.854902 0.04313725 1 0.9882353 0.854902 0.05098038 1 0.9921569 0.9921569 0.9921569 1 0.9882353 0.9882353 0.9882353 1 0.9921569 0.9921569 0.9921569 1 0.04313725 0.04313725 0.04313725 1 0.04705882 0.04705882 0.04705882 1 0.05098038 0.05098038 0.05098038 1 0.9921569 0.9098039 0.5294118 1 0.9921569 0.9098039 0.5215687 1 1 0.9098039 0.5137255 1 0.03921568 0.03921568 0.03921568 1 0.03137254 0.03137254 0.03137254 1 0.04313725 0.04313725 0.04313725 1 0.3490196 0.3490196 0.3490196 1 0.3529412 0.3529412 0.3529412 1 0.3529412 0.3529412 0.3529412 1 0.03921568 0.03921568 0.03921568 1 0.04313725 0.04313725 0.04313725 1 0.04313725 0.04313725 0.04313725 1 0.9960784 0.9960784 0.9960784 1 0.9960784 0.9960784 0.9960784 1 0.9960784 0.9960784 0.9960784 1 0.9960784 0.9960784 0.9960784 1 0.9921569 0.9921569 0.9921569 1 0.9882353 0.9882353 0.9882353 1 0.03921568 0.03921568 0.03921568 1 0.04705882 0.04705882 0.04705882 1 0.04313725 0.04313725 0.04313725 1 0.9882353 0.854902 0.04313725 1 0.9882353 0.854902 0.04313725 1 0.9882353 0.854902 0.05098038 1 0.04313725 0.04313725 0.04313725 1 0.05098038 0.05098038 0.05098038 1 0.05098038 0.05098038 0.05098038 1 0.9960784 0.9960784 0.9960784 1 0.9960784 0.9960784 0.9960784 1 0.9882353 0.9882353 0.9882353 1 0.03137254 0.03137254 0.03137254 1 0.02352941 0.02352941 0.02352941 1 0.03137254 0.03137254 0.03137254 1 0.6 0.4352941 0.3607843 1 0.6 0.4352941 0.3607843 1 0.6 0.4352941 0.3607843 1 0.9960784 0.9960784 0.9960784 1 0.9921569 0.9921569 0.9921569 1 0.9921569 0.9921569 0.9921569 1 1 0.854902 0 1 1 0.854902 0 1 1 0.854902 0 1 0.6 0.4352941 0.3607843 1 0.6 0.4352941 0.3607843 1 0.6 0.4352941 0.3607843 1 0.6470589 0.5490196 0.5215687 1 0.6470589 0.5490196 0.5215687 1 0.6470589 0.5490196 0.5215687 1 0.6470589 0.5490196 0.5215687 1 0.6470589 0.5490196 0.5215687 1 0.6470589 0.5490196 0.5215687 1 0.6470589 0.5490196 0.5215687 1 0.6470589 0.5490196 0.5215687 1 0.6470589 0.5490196 0.5215687 1 0.6470589 0.5490196 0.5215687 1 0.6470589 0.5490196 0.5215687 1 0.6470589 0.5490196 0.5215687 1 0.6 0.4352941 0.3607843 1 0.6 0.4352941 0.3607843 1 0.6 0.4352941 0.3607843 1 0.6 0.4352941 0.3607843 1 0.6 0.4352941 0.3607843 1 0.6 0.4352941 0.3607843 1</float_array>
          <technique_common>
            <accessor source="#Plane_137-mesh-colors-Col-array" count="678" stride="4">
              <param name="R" type="float"/>
              <param name="G" type="float"/>
              <param name="B" type="float"/>
              <param name="A" type="float"/>
            </accessor>
          </technique_common>
        </source>
        <vertices id="Plane_137-mesh-vertices">
          <input semantic="POSITION" source="#Plane_137-mesh-positions"/>
        </vertices>
        <triangles material="architraves-material" count="48">
          <input semantic="VERTEX" source="#Plane_137-mesh-vertices" offset="0"/>
          <input semantic="NORMAL" source="#Plane_137-mesh-normals" offset="1"/>
          <input semantic="TEXCOORD" source="#Plane_137-mesh-map-0" offset="2" set="0"/>
          <input semantic="COLOR" source="#Plane_137-mesh-colors-Col" offset="3" set="0"/>
          <p>160 0 0 0 167 0 1 1 164 0 2 2 158 1 3 3 165 2 4 4 164 1 5 5 156 3 6 6 166 4 7 7 165 5 8 8 159 6 9 9 166 7 10 10 157 8 11 11 158 9 12 12 167 10 13 13 159 11 14 14 223 19 30 30 228 20 31 31 231 21 32 32 223 22 33 33 230 23 34 34 221 24 35 35 221 25 36 36 229 26 37 37 220 27 38 38 222 28 39 39 229 29 40 40 228 30 41 41 337 32 45 45 342 32 46 46 338 32 47 47 334 33 48 48 341 33 49 49 340 33 50 50 332 34 51 51 342 35 52 52 341 36 53 53 335 37 54 54 342 38 55 55 333 39 56 56 334 40 57 57 343 40 58 58 335 40 59 59 158 41 60 60 156 42 61 61 165 43 62 62 156 44 63 63 157 44 64 64 166 44 65 65 159 45 66 66 167 46 67 67 166 47 68 68 158 48 69 69 164 49 70 70 167 50 71 71 223 51 72 72 222 51 73 73 228 51 74 74 223 52 75 75 231 52 76 76 230 52 77 77 221 53 78 78 230 53 79 79 229 53 80 80 222 54 81 81 220 55 82 82 229 56 83 83 334 57 84 84 332 58 85 85 341 59 86 86 332 60 87 87 333 60 88 88 342 60 89 89 335 61 90 90 343 62 91 91 342 63 92 92 334 64 93 93 340 65 94 94 343 66 95 95 166 80 129 129 163 80 130 130 162 80 131 131 228 93 162 162 225 93 163 163 224 93 164 164 227 96 171 171 228 96 172 172 224 96 173 173 226 98 177 177 229 98 178 178 230 98 179 179 230 107 204 204 227 108 205 205 226 109 206 206 164 130 246 246 161 130 247 247 160 130 248 248 166 133 255 255 161 133 256 256 165 133 257 257 342 141 279 279 339 141 280 280 338 141 281 281 340 142 282 282 337 142 283 283 336 142 284 284 336 154 318 318 343 154 319 319 340 154 320 320 160 178 375 375 163 178 376 376 167 178 377 377 337 98 396 396 341 98 397 397 342 98 398 398 166 80 432 432 167 80 433 433 163 80 434 434 228 209 465 465 229 209 466 466 225 209 467 467 227 210 474 474 231 210 475 475 228 210 476 476 226 98 480 480 225 98 481 481 229 98 482 482 230 218 507 507 231 219 508 508 227 220 509 509 164 239 549 549 165 239 550 550 161 239 551 551 166 98 558 558 162 98 559 559 161 98 560 560 342 245 582 582 343 245 583 583 339 245 584 584 340 246 585 585 341 246 586 586 337 246 587 587 336 256 621 621 339 256 622 622 343 256 623 623</p>
        </triangles>
        <triangles material="construction-material" count="16">
          <input semantic="VERTEX" source="#Plane_137-mesh-vertices" offset="0"/>
          <input semantic="NORMAL" source="#Plane_137-mesh-normals" offset="1"/>
          <input semantic="TEXCOORD" source="#Plane_137-mesh-map-0" offset="2" set="0"/>
          <input semantic="COLOR" source="#Plane_137-mesh-colors-Col" offset="3" set="0"/>
          <p>1 166 345 345 2 166 346 346 3 166 347 347 5 169 354 354 6 169 355 355 4 169 356 356 339 170 357 357 344 170 358 358 338 170 359 359 226 171 360 360 347 172 361 361 227 173 362 362 336 174 363 363 349 174 364 364 337 174 365 365 337 175 366 366 350 175 367 367 336 175 368 368 353 176 369 369 354 176 370 370 355 176 371 371 357 177 372 372 358 177 373 373 356 177 374 374 1 166 648 648 0 166 649 649 2 166 650 650 5 169 657 657 7 169 658 658 6 169 659 659 339 270 660 660 345 270 661 661 344 270 662 662 226 271 663 663 346 272 664 664 347 273 665 665 336 274 666 666 348 274 667 667 349 274 668 668 337 275 669 669 351 275 670 670 350 275 671 671 353 176 672 672 352 176 673 673 354 176 674 674 357 276 675 675 359 276 676 676 358 276 677 677</p>
        </triangles>
        <triangles material="clutter_commercial-material" count="234">
          <input semantic="VERTEX" source="#Plane_137-mesh-vertices" offset="0"/>
          <input semantic="NORMAL" source="#Plane_137-mesh-normals" offset="1"/>
          <input semantic="TEXCOORD" source="#Plane_137-mesh-map-0" offset="2" set="0"/>
          <input semantic="COLOR" source="#Plane_137-mesh-colors-Col" offset="3" set="0"/>
          <p>157 17 24 24 158 17 25 25 159 17 26 26 224 31 42 42 226 31 43 43 227 31 44 44 336 73 114 114 338 73 115 115 339 73 116 116 221 92 159 159 222 92 160 160 223 92 161 161 160 129 243 243 162 129 244 244 163 129 245 245 333 152 312 312 334 152 313 313 335 152 314 314 157 180 387 387 156 180 388 388 158 180 389 389 224 182 393 393 225 182 394 394 226 182 395 395 336 73 417 417 337 73 418 418 338 73 419 419 221 208 462 462 220 208 463 463 222 208 464 464 160 129 546 546 161 129 547 547 162 129 548 548 333 152 615 615 332 152 616 616 334 152 617 617 360 86 678 144 362 86 680 144 361 86 679 144 360 86 678 144 363 86 681 144 362 86 680 144 364 86 682 144 366 86 684 144 365 86 683 144 364 86 682 144 367 86 685 144 366 86 684 144 368 86 686 144 370 86 688 144 369 86 687 144 368 86 686 144 371 86 689 144 370 86 688 144 372 86 690 144 374 86 692 144 373 86 691 144 372 86 690 144 375 86 693 144 374 86 692 144 376 86 694 144 378 86 696 144 377 86 695 144 376 86 694 144 379 86 697 144 378 86 696 144 380 86 698 144 382 86 700 144 381 86 699 144 380 86 698 144 383 86 701 144 382 86 700 144 384 86 702 144 386 86 704 144 385 86 703 144 384 86 702 144 387 86 705 144 386 86 704 144 388 86 706 144 390 86 708 144 389 86 707 144 388 86 706 144 391 86 709 144 390 86 708 144 392 86 710 144 394 86 712 144 393 86 711 144 392 86 710 144 395 86 713 144 394 86 712 144 396 86 714 144 398 86 716 144 397 86 715 144 396 86 714 144 399 86 717 144 398 86 716 144 400 86 718 144 402 86 720 144 401 86 719 144 400 86 718 144 403 86 721 144 402 86 720 144 404 67 722 96 405 67 723 96 406 67 724 96 404 67 722 96 406 67 724 96 407 67 725 96 408 67 726 96 409 67 727 96 410 67 728 96 408 67 726 96 410 67 728 96 411 67 729 96 412 67 730 96 413 67 731 96 414 67 732 96 412 67 730 96 414 67 732 96 415 67 733 96 416 67 734 96 417 67 735 96 418 67 736 96 416 67 734 96 418 67 736 96 419 67 737 96 420 67 738 96 421 67 739 96 422 67 740 96 420 67 738 96 422 67 740 96 423 67 741 96 424 67 742 96 425 67 743 96 426 67 744 96 424 67 742 96 426 67 744 96 427 67 745 96 428 67 746 96 429 67 747 96 430 67 748 96 428 67 746 96 430 67 748 96 431 67 749 96 432 67 750 96 433 67 751 96 434 67 752 96 432 67 750 96 434 67 752 96 435 67 753 96 436 67 754 96 437 67 755 96 438 67 756 96 436 67 754 96 438 67 756 96 439 67 757 96 440 67 758 96 441 67 759 96 442 67 760 96 440 67 758 96 442 67 760 96 443 67 761 96 444 67 762 96 445 67 763 96 446 67 764 96 444 67 762 96 446 67 764 96 447 67 765 96 448 162 766 339 450 162 768 339 449 162 767 339 448 162 766 339 451 162 769 339 450 162 768 339 452 162 770 339 454 162 772 339 453 162 771 339 452 162 770 339 455 162 773 339 454 162 772 339 456 162 774 339 458 162 776 339 457 162 775 339 456 162 774 339 459 162 777 339 458 162 776 339 460 162 778 339 462 162 780 339 461 162 779 339 460 162 778 339 463 162 781 339 462 162 780 339 464 162 782 339 466 162 784 339 465 162 783 339 464 162 782 339 467 162 785 339 466 162 784 339 468 162 786 339 470 162 788 339 469 162 787 339 468 162 786 339 471 162 789 339 470 162 788 339 472 162 790 339 474 162 792 339 473 162 791 339 472 162 790 339 475 162 793 339 474 162 792 339 476 162 794 339 478 162 796 339 477 162 795 339 476 162 794 339 479 162 797 339 478 162 796 339 480 162 798 339 482 162 800 339 481 162 799 339 480 162 798 339 483 162 801 339 482 162 800 339 484 162 802 339 486 162 804 339 485 162 803 339 484 162 802 339 487 162 805 339 486 162 804 339 488 162 806 339 490 162 808 339 489 162 807 339 488 162 806 339 491 162 809 339 490 162 808 339 492 13 810 18 494 13 812 18 493 13 811 18 492 13 810 18 495 13 813 18 494 13 812 18 496 104 814 195 497 104 815 195 498 104 816 195 496 104 814 195 498 104 816 195 499 104 817 195 500 13 818 18 502 13 820 18 501 13 819 18 500 13 818 18 503 13 821 18 502 13 820 18 504 104 822 195 505 104 823 195 506 104 824 195 504 104 822 195 506 104 824 195 507 104 825 195 508 13 826 18 510 13 828 18 509 13 827 18 508 13 826 18 511 13 829 18 510 13 828 18 512 104 830 195 513 104 831 195 514 104 832 195 512 104 830 195 514 104 832 195 515 104 833 195 516 13 834 18 518 13 836 18 517 13 835 18 516 13 834 18 519 13 837 18 518 13 836 18 520 104 838 195 521 104 839 195 522 104 840 195 520 104 838 195 522 104 840 195 523 104 841 195 524 13 842 18 526 13 844 18 525 13 843 18 524 13 842 18 527 13 845 18 526 13 844 18 528 104 846 195 529 104 847 195 530 104 848 195 528 104 846 195 530 104 848 195 531 104 849 195 532 13 850 18 534 13 852 18 533 13 851 18 532 13 850 18 535 13 853 18 534 13 852 18 536 104 854 195 537 104 855 195 538 104 856 195 536 104 854 195 538 104 856 195 539 104 857 195 540 13 858 18 542 13 860 18 541 13 859 18 540 13 858 18 543 13 861 18 542 13 860 18 544 104 862 195 545 104 863 195 546 104 864 195 544 104 862 195 546 104 864 195 547 104 865 195 548 13 866 18 550 13 868 18 549 13 867 18 548 13 866 18 551 13 869 18 550 13 868 18 552 104 870 195 553 104 871 195 554 104 872 195 552 104 870 195 554 104 872 195 555 104 873 195 556 13 874 18 558 13 876 18 557 13 875 18 556 13 874 18 559 13 877 18 558 13 876 18 560 104 878 195 561 104 879 195 562 104 880 195 560 104 878 195 562 104 880 195 563 104 881 195 564 13 882 18 566 13 884 18 565 13 883 18 564 13 882 18 567 13 885 18 566 13 884 18 568 104 886 195 569 104 887 195 570 104 888 195 568 104 886 195 570 104 888 195 571 104 889 195 572 13 890 18 574 13 892 18 573 13 891 18 572 13 890 18 575 13 893 18 574 13 892 18 576 104 894 195 577 104 895 195 578 104 896 195 576 104 894 195 578 104 896 195 579 104 897 195 580 13 898 18 582 13 900 18 581 13 899 18 580 13 898 18 583 13 901 18 582 13 900 18 584 104 902 195 585 104 903 195 586 104 904 195 584 104 902 195 586 104 904 195 587 104 905 195 588 13 906 18 590 13 908 18 589 13 907 18 588 13 906 18 591 13 909 18 590 13 908 18 592 104 910 195 593 104 911 195 594 104 912 195 592 104 910 195 594 104 912 195 595 104 913 195 596 124 914 234 598 124 916 234 597 124 915 234 596 124 914 234 599 124 917 234 598 124 916 234 600 82 918 135 602 82 920 135 601 82 919 135 600 82 918 135 603 82 921 135 602 82 920 135 604 124 922 234 606 124 924 234 605 124 923 234 604 124 922 234 607 124 925 234 606 124 924 234 608 82 926 135 610 82 928 135 609 82 927 135 608 82 926 135 611 82 929 135 610 82 928 135 612 124 930 234 614 124 932 234 613 124 931 234 612 124 930 234 615 124 933 234 614 124 932 234 616 82 934 135 618 82 936 135 617 82 935 135 616 82 934 135 619 82 937 135 618 82 936 135 620 124 938 234 622 124 940 234 621 124 939 234 620 124 938 234 623 124 941 234 622 124 940 234 624 82 942 135 626 82 944 135 625 82 943 135 624 82 942 135 627 82 945 135 626 82 944 135 628 124 946 234 630 124 948 234 629 124 947 234 628 124 946 234 631 124 949 234 630 124 948 234 632 82 950 135 634 82 952 135 633 82 951 135 632 82 950 135 635 82 953 135 634 82 952 135 636 124 954 234 638 124 956 234 637 124 955 234 636 124 954 234 639 124 957 234 638 124 956 234 640 82 958 135 642 82 960 135 641 82 959 135 640 82 958 135 643 82 961 135 642 82 960 135 644 124 962 234 646 124 964 234 645 124 963 234 644 124 962 234 647 124 965 234 646 124 964 234 648 82 966 135 650 82 968 135 649 82 967 135 648 82 966 135 651 82 969 135 650 82 968 135 652 124 970 234 654 124 972 234 653 124 971 234 652 124 970 234 655 124 973 234 654 124 972 234 656 82 974 135 658 82 976 135 657 82 975 135 656 82 974 135 659 82 977 135 658 82 976 135 660 124 978 234 662 124 980 234 661 124 979 234 660 124 978 234 663 124 981 234 662 124 980 234 664 82 982 135 666 82 984 135 665 82 983 135 664 82 982 135 667 82 985 135 666 82 984 135 668 124 986 234 670 124 988 234 669 124 987 234 668 124 986 234 671 124 989 234 670 124 988 234 672 82 990 135 674 82 992 135 673 82 991 135 672 82 990 135 675 82 993 135 674 82 992 135 676 124 994 234 678 124 996 234 677 124 995 234 676 124 994 234 679 124 997 234 678 124 996 234 680 82 998 135 682 82 1000 135 681 82 999 135 680 82 998 135 683 82 1001 135 682 82 1000 135 684 124 1002 234 686 124 1004 234 685 124 1003 234 684 124 1002 234 687 124 1005 234 686 124 1004 234 688 82 1006 135 690 82 1008 135 689 82 1007 135 688 82 1006 135 691 82 1009 135 690 82 1008 135 692 124 1010 234 694 124 1012 234 693 124 1011 234 692 124 1010 234 695 124 1013 234 694 124 1012 234 696 82 1014 135 698 82 1016 135 697 82 1015 135 696 82 1014 135 699 82 1017 135 698 82 1016 135 700 140 1018 276 701 140 1019 276 702 140 1020 276 700 140 1018 276 702 140 1020 276 703 140 1021 276 704 135 1022 261 705 135 1023 261 706 135 1024 261 704 135 1022 261 706 135 1024 261 707 135 1025 261 708 140 1026 276 709 140 1027 276 710 140 1028 276 708 140 1026 276 710 140 1028 276 711 140 1029 276 712 135 1030 261 713 135 1031 261 714 135 1032 261 712 135 1030 261 714 135 1032 261 715 135 1033 261 716 140 1034 276 717 140 1035 276 718 140 1036 276 716 140 1034 276 718 140 1036 276 719 140 1037 276 720 135 1038 261 721 135 1039 261 722 135 1040 261 720 135 1038 261 722 135 1040 261 723 135 1041 261 724 140 1042 276 725 140 1043 276 726 140 1044 276 724 140 1042 276 726 140 1044 276 727 140 1045 276 728 135 1046 261 729 135 1047 261 730 135 1048 261 728 135 1046 261 730 135 1048 261 731 135 1049 261 732 140 1050 276 733 140 1051 276 734 140 1052 276 732 140 1050 276 734 140 1052 276 735 140 1053 276 736 135 1054 261 737 135 1055 261 738 135 1056 261 736 135 1054 261 738 135 1056 261 739 135 1057 261 740 140 1058 276 741 140 1059 276 742 140 1060 276 740 140 1058 276 742 140 1060 276 743 140 1061 276 744 135 1062 261 745 135 1063 261 746 135 1064 261 744 135 1062 261 746 135 1064 261 747 135 1065 261 748 140 1066 276 749 140 1067 276 750 140 1068 276 748 140 1066 276 750 140 1068 276 751 140 1069 276 752 135 1070 261 753 135 1071 261 754 135 1072 261 752 135 1070 261 754 135 1072 261 755 135 1073 261 756 140 1074 276 757 140 1075 276 758 140 1076 276 756 140 1074 276 758 140 1076 276 759 140 1077 276 760 135 1078 261 761 135 1079 261 762 135 1080 261 760 135 1078 261 762 135 1080 261 763 135 1081 261 764 140 1082 276 765 140 1083 276 766 140 1084 276 764 140 1082 276 766 140 1084 276 767 140 1085 276 768 135 1086 261 769 135 1087 261 770 135 1088 261 768 135 1086 261 770 135 1088 261 771 135 1089 261 772 140 1090 276 773 140 1091 276 774 140 1092 276 772 140 1090 276 774 140 1092 276 775 140 1093 276 776 135 1094 261 777 135 1095 261 778 135 1096 261 776 135 1094 261 778 135 1096 261 779 135 1097 261 780 140 1098 276 781 140 1099 276 782 140 1100 276 780 140 1098 276 782 140 1100 276 783 140 1101 276 784 135 1102 261 785 135 1103 261 786 135 1104 261 784 135 1102 261 786 135 1104 261 787 135 1105 261 788 140 1106 276 789 140 1107 276 790 140 1108 276 788 140 1106 276 790 140 1108 276 791 140 1109 276 792 135 1110 261 793 135 1111 261 794 135 1112 261 792 135 1110 261 794 135 1112 261 795 135 1113 261 796 140 1114 276 797 140 1115 276 798 140 1116 276 796 140 1114 276 798 140 1116 276 799 140 1117 276 800 135 1118 261 801 135 1119 261 802 135 1120 261 800 135 1118 261 802 135 1120 261 803 135 1121 261</p>
        </triangles>
      </mesh>
    </geometry>
    <geometry id="Plane_036-mesh" name="Plane.036">
      <mesh>
        <source id="Plane_036-mesh-positions">
          <float_array id="Plane_036-mesh-positions-array" count="42">0.6331177 -1.612808 3.789228 0.6331177 -1.612808 5.08193 -1.754944 0.1270751 5.08193 0.9405518 1.30452 5.08193 0.9405518 1.30452 3.789228 -1.754944 0.1270751 3.789228 -0.2374267 0.05200195 0 -0.2374267 0.05200195 3.789228 0.05200195 0.3279724 0 0.05200195 0.3279724 3.789228 0.03857421 -0.2373962 0 0.03857421 -0.2373962 3.789228 0.3279419 0.03858947 0 0.3279419 0.03858947 3.789228</float_array>
          <technique_common>
            <accessor source="#Plane_036-mesh-positions-array" count="14" stride="3">
              <param name="X" type="float"/>
              <param name="Y" type="float"/>
              <param name="Z" type="float"/>
            </accessor>
          </technique_common>
        </source>
        <source id="Plane_036-mesh-normals">
          <float_array id="Plane_036-mesh-normals-array" count="39">0 0 1 -2.54257e-7 0 -1 -0.5888601 -0.808235 0 0.9944931 -0.1048017 0 -0.4002953 0.9163862 0 -0.69008 0.7237331 0 0.7237167 0.6900972 0 0.6901763 -0.7236413 0 -0.7236587 -0.6901581 0 -0.5888602 -0.8082349 0 0.9944932 -0.1048017 0 -0.4002952 0.9163864 0 0.7237168 0.6900972 0</float_array>
          <technique_common>
            <accessor source="#Plane_036-mesh-normals-array" count="13" stride="3">
              <param name="X" type="float"/>
              <param name="Y" type="float"/>
              <param name="Z" type="float"/>
            </accessor>
          </technique_common>
        </source>
        <source id="Plane_036-mesh-map-0">
          <float_array id="Plane_036-mesh-map-0-array" count="96">0.4499336 0.7335723 0.3912152 0.7675553 0.3912152 0.7001979 0.6886789 0.7784514 0.630382 0.7443492 0.6886789 0.7106112 0.5490203 0.8481509 0.5193411 0.9153625 0.5193411 0.8480954 0.1497107 0.8905395 0.1200284 0.9417636 0.1200284 0.890483 0.3912164 0.8546413 0.3615357 0.9182031 0.3615357 0.8545354 0.2885453 0.8211051 0.2977276 0.8795998 0.2885453 0.8795989 0.9864581 0.9042856 0.9956292 0.9627699 0.9864581 0.9627762 0.1094626 0.8918638 0.1186442 0.9503604 0.1094626 0.9503604 0.8939431 0.9044991 0.9031143 0.9629963 0.8939431 0.9629898 0.5490203 0.8481509 0.5490203 0.9154179 0.5193411 0.9153625 0.1497107 0.8905395 0.1497107 0.9418202 0.1200284 0.9417636 0.3912164 0.8546413 0.3912164 0.9183091 0.3615357 0.9182031 0.2885453 0.8211051 0.2977276 0.821106 0.2977276 0.8795998 0.9864581 0.9042856 0.9956292 0.9042793 0.9956292 0.9627699 0.1094626 0.8918638 0.1186442 0.8918638 0.1186442 0.9503604 0.8939431 0.9044991 0.9031143 0.9045056 0.9031143 0.9629963</float_array>
          <technique_common>
            <accessor source="#Plane_036-mesh-map-0-array" count="48" stride="2">
              <param name="S" type="float"/>
              <param name="T" type="float"/>
            </accessor>
          </technique_common>
        </source>
        <source id="Plane_036-mesh-colors-Attribute" name="Attribute">
          <float_array id="Plane_036-mesh-colors-Attribute-array" count="192">1 1 1 1 1 1 1 1 1 1 1 1 1 1 1 1 1 1 1 1 1 1 1 1 1 1 1 1 1 1 1 1 1 1 1 1 1 1 1 1 1 1 1 1 1 1 1 1 1 1 1 1 1 1 1 1 1 1 1 1 1 1 1 1 1 1 1 1 1 1 1 1 1 1 1 1 1 1 1 1 1 1 1 1 1 1 1 1 1 1 1 1 1 1 1 1 1 1 1 1 1 1 1 1 1 1 1 1 1 1 1 1 1 1 1 1 1 1 1 1 1 1 1 1 1 1 1 1 1 1 1 1 1 1 1 1 1 1 1 1 1 1 1 1 1 1 1 1 1 1 1 1 1 1 1 1 1 1 1 1 1 1 1 1 1 1 1 1 1 1 1 1 1 1 1 1 1 1 1 1 1 1 1 1 1 1 1 1 1 1 1 1</float_array>
          <technique_common>
            <accessor source="#Plane_036-mesh-colors-Attribute-array" count="48" stride="4">
              <param name="R" type="float"/>
              <param name="G" type="float"/>
              <param name="B" type="float"/>
              <param name="A" type="float"/>
            </accessor>
          </technique_common>
        </source>
        <vertices id="Plane_036-mesh-vertices">
          <input semantic="POSITION" source="#Plane_036-mesh-positions"/>
        </vertices>
        <triangles material="industrial-material" count="16">
          <input semantic="VERTEX" source="#Plane_036-mesh-vertices" offset="0"/>
          <input semantic="NORMAL" source="#Plane_036-mesh-normals" offset="1"/>
          <input semantic="TEXCOORD" source="#Plane_036-mesh-map-0" offset="2" set="0"/>
          <input semantic="COLOR" source="#Plane_036-mesh-colors-Attribute" offset="3" set="0"/>
          <p>2 0 0 0 1 0 1 1 3 0 2 2 5 1 3 3 4 1 4 4 0 1 5 5 5 2 6 6 1 2 7 7 2 2 8 8 0 3 9 9 3 3 10 10 1 3 11 11 4 4 12 12 2 4 13 13 3 4 14 14 7 5 15 15 8 5 16 16 6 5 17 17 9 6 18 18 12 6 19 19 8 6 20 20 13 7 21 21 10 7 22 22 12 7 23 23 11 8 24 24 6 8 25 25 10 8 26 26 5 9 27 27 0 9 28 28 1 9 29 29 0 10 30 30 4 10 31 31 3 10 32 32 4 11 33 33 5 11 34 34 2 11 35 35 7 5 36 36 9 5 37 37 8 5 38 38 9 12 39 39 13 12 40 40 12 12 41 41 13 7 42 42 11 7 43 43 10 7 44 44 11 8 45 45 7 8 46 46 6 8 47 47</p>
        </triangles>
      </mesh>
    </geometry>
  </library_geometries>
  <library_visual_scenes>
    <visual_scene id="Scene" name="Scene">
      <node id="base00" name="base00" type="NODE">
        <matrix sid="transform">1 0 0 0 0 1 0 0 0 0 1 0 0 0 0 1</matrix>
        <node id="start01" name="start01" type="NODE">
          <matrix sid="transform">1 0 0 0 0 1 0 0 0 0 1 0 0 0 0 1</matrix>
          <node id="Colmesh_s_exhaust_sign_001-1" name="Colmesh_s_exhaust_sign_001-1" type="NODE">
            <matrix sid="transform">1 0 0 0 0 1 0 0 0 0 1 0 0 0 0 1</matrix>
            <instance_geometry url="#Plane_036-mesh" name="Colmesh_s_exhaust_sign_001-1">
              <bind_material>
                <technique_common>
                  <instance_material symbol="industrial-material" target="#industrial-material">
                    <bind_vertex_input semantic="UVMap" input_semantic="TEXCOORD" input_set="0"/>
                  </instance_material>
                </technique_common>
              </bind_material>
            </instance_geometry>
          </node>
          <node id="s_exhaust_sign_001_L45" name="s_exhaust_sign_001_L45" type="NODE">
            <matrix sid="transform">1 0 0 0 0 1 0 0 0 0 1 0 0 0 0 1</matrix>
            <instance_geometry url="#Plane_137-mesh" name="s_exhaust_sign_001_L45">
              <bind_material>
                <technique_common>
                  <instance_material symbol="architraves-material" target="#architraves-material">
                    <bind_vertex_input semantic="UVMap" input_semantic="TEXCOORD" input_set="0"/>
                  </instance_material>
                  <instance_material symbol="industrial-material" target="#industrial-material">
                    <bind_vertex_input semantic="UVMap" input_semantic="TEXCOORD" input_set="0"/>
                  </instance_material>
                  <instance_material symbol="windows_doors_reflective-material" target="#windows_doors_reflective-material">
                    <bind_vertex_input semantic="UVMap" input_semantic="TEXCOORD" input_set="0"/>
                  </instance_material>
                  <instance_material symbol="corrugation-material" target="#corrugation-material">
                    <bind_vertex_input semantic="UVMap" input_semantic="TEXCOORD" input_set="0"/>
                  </instance_material>
                  <instance_material symbol="slabs_large-material" target="#slabs_large-material">
                    <bind_vertex_input semantic="UVMap" input_semantic="TEXCOORD" input_set="0"/>
                  </instance_material>
                  <instance_material symbol="metal_plates-material" target="#metal_plates-material">
                    <bind_vertex_input semantic="UVMap" input_semantic="TEXCOORD" input_set="0"/>
                  </instance_material>
                  <instance_material symbol="balustrades-material" target="#balustrades-material">
                    <bind_vertex_input semantic="UVMap" input_semantic="TEXCOORD" input_set="0"/>
                  </instance_material>
                  <instance_material symbol="brick_painted-material" target="#brick_painted-material">
                    <bind_vertex_input semantic="UVMap" input_semantic="TEXCOORD" input_set="0"/>
                  </instance_material>
                  <instance_material symbol="stucco1_white-material" target="#stucco1_white-material">
                    <bind_vertex_input semantic="UVMap" input_semantic="TEXCOORD" input_set="0"/>
                  </instance_material>
                  <instance_material symbol="columns-material" target="#columns-material">
                    <bind_vertex_input semantic="UVMap" input_semantic="TEXCOORD" input_set="0"/>
                  </instance_material>
                  <instance_material symbol="construction-material" target="#construction-material">
                    <bind_vertex_input semantic="UVMap" input_semantic="TEXCOORD" input_set="0"/>
                  </instance_material>
                  <instance_material symbol="clutter_commercial-material" target="#clutter_commercial-material">
                    <bind_vertex_input semantic="UVMap" input_semantic="TEXCOORD" input_set="0"/>
                  </instance_material>
                  <instance_material symbol="brick_plain-material" target="#brick_plain-material">
                    <bind_vertex_input semantic="UVMap" input_semantic="TEXCOORD" input_set="0"/>
                  </instance_material>
                  <instance_material symbol="stone_brick_regular-material" target="#stone_brick_regular-material">
                    <bind_vertex_input semantic="UVMap" input_semantic="TEXCOORD" input_set="0"/>
                  </instance_material>
                  <instance_material symbol="curbs-material" target="#curbs-material">
                    <bind_vertex_input semantic="UVMap" input_semantic="TEXCOORD" input_set="0"/>
                  </instance_material>
                  <instance_material symbol="wirefence-material" target="#wirefence-material">
                    <bind_vertex_input semantic="UVMap" input_semantic="TEXCOORD" input_set="0"/>
                  </instance_material>
                  <instance_material symbol="groundmesh_grass2-material" target="#groundmesh_grass2-material">
                    <bind_vertex_input semantic="UVMap" input_semantic="TEXCOORD" input_set="0"/>
                  </instance_material>
                  <instance_material symbol="billboards-material" target="#billboards-material">
                    <bind_vertex_input semantic="UVMap" input_semantic="TEXCOORD" input_set="0"/>
                  </instance_material>
                  <instance_material symbol="road_asphalt-material" target="#road_asphalt-material">
                    <bind_vertex_input semantic="UVMap" input_semantic="TEXCOORD" input_set="0"/>
                  </instance_material>
                </technique_common>
              </bind_material>
            </instance_geometry>
          </node>
          <node id="nulldetail10" name="nulldetail10" type="NODE">
            <matrix sid="transform">1 0 0 0 0 1 0 0 0 0 1 0 0 0 0 1</matrix>
          </node>
        </node>
      </node>
    </visual_scene>
  </library_visual_scenes>
  <scene>
    <instance_visual_scene url="#Scene"/>
  </scene>
</COLLADA>