<?xml version="1.0" encoding="utf-8"?>
<COLLADA xmlns="http://www.collada.org/2005/11/COLLADASchema" version="1.4.1" xmlns:xsi="http://www.w3.org/2001/XMLSchema-instance">
  <asset>
    <contributor>
      <author>Blender User</author>
      <authoring_tool>Blender 4.5.5 LTS commit date:2025-11-17, commit time:16:03, hash:836beaaf597a</authoring_tool>
    </contributor>
    <created>2026-05-13T12:30:52</created>
    <modified>2026-05-13T12:30:52</modified>
    <unit name="meter" meter="1"/>
    <up_axis>Z_UP</up_axis>
  </asset>
  <library_effects>
    <effect id="weatherboards-effect">
      <profile_COMMON>
        <newparam sid="weatherboards1_white_dds-surface">
          <surface type="2D">
            <init_from>weatherboards1_white_dds</init_from>
          </surface>
        </newparam>
        <newparam sid="weatherboards1_white_dds-sampler">
          <sampler2D>
            <source>weatherboards1_white_dds-surface</source>
          </sampler2D>
        </newparam>
        <technique sid="common">
          <lambert>
            <emission>
              <color sid="emission">0 0 0 1</color>
            </emission>
            <diffuse>
              <texture texture="weatherboards1_white_dds-sampler" texcoord="motel_a4000-mesh-map-0"/>
            </diffuse>
            <index_of_refraction>
              <float sid="ior">1.45</float>
            </index_of_refraction>
          </lambert>
        </technique>
      </profile_COMMON>
    </effect>
    <effect id="architraves-effect">
      <profile_COMMON>
        <technique sid="common">
          <lambert>
            <emission>
              <color sid="emission">0 0 0 1</color>
            </emission>
            <diffuse>
              <color sid="diffuse">0.8 0.8 0.8 1</color>
            </diffuse>
            <index_of_refraction>
              <float sid="ior">1.45</float>
            </index_of_refraction>
          </lambert>
        </technique>
      </profile_COMMON>
    </effect>
    <effect id="industrial-effect">
      <profile_COMMON>
        <technique sid="common">
          <lambert>
            <emission>
              <color sid="emission">0 0 0 1</color>
            </emission>
            <diffuse>
              <color sid="diffuse">0 0 0 1</color>
            </diffuse>
            <index_of_refraction>
              <float sid="ior">1.45</float>
            </index_of_refraction>
          </lambert>
        </technique>
      </profile_COMMON>
    </effect>
    <effect id="metal_plates-effect">
      <profile_COMMON>
        <technique sid="common">
          <lambert>
            <emission>
              <color sid="emission">0 0 0 1</color>
            </emission>
            <diffuse>
              <color sid="diffuse">0 0 0 1</color>
            </diffuse>
            <index_of_refraction>
              <float sid="ior">1.45</float>
            </index_of_refraction>
          </lambert>
        </technique>
      </profile_COMMON>
    </effect>
    <effect id="clutter_commercial-effect">
      <profile_COMMON>
        <technique sid="common">
          <lambert>
            <emission>
              <color sid="emission">0 0 0 1</color>
            </emission>
            <diffuse>
              <color sid="diffuse">0 0 0 1</color>
            </diffuse>
            <index_of_refraction>
              <float sid="ior">1.45</float>
            </index_of_refraction>
          </lambert>
        </technique>
      </profile_COMMON>
    </effect>
  </library_effects>
  <library_images/>
  <library_materials>
    <material id="weatherboards-material" name="weatherboards">
      <instance_effect url="#weatherboards-effect"/>
    </material>
    <material id="architraves-material" name="architraves">
      <instance_effect url="#architraves-effect"/>
    </material>
    <material id="industrial-material" name="industrial">
      <instance_effect url="#industrial-effect"/>
    </material>
    <material id="metal_plates-material" name="metal_plates">
      <instance_effect url="#metal_plates-effect"/>
    </material>
    <material id="clutter_commercial-material" name="clutter_commercial">
      <instance_effect url="#clutter_commercial-effect"/>
    </material>
  </library_materials>
  <library_geometries>
    <geometry id="Mesh_006-mesh" name="Mesh.006">
      <mesh>
        <source id="Mesh_006-mesh-positions">
          <float_array id="Mesh_006-mesh-positions-array" count="84">-54701.49 13653.8 10050.95 -54666.92 13619.87 10640.13 -54666.92 13619.87 10050.95 -54687.95 13598.46 10050.95 -54722.51 13632.39 10282.98 -54722.51 13632.39 10050.95 -54701.49 13653.8 10282.98 -54687.95 13598.46 10640.13 -54835.32 13807.55 10484.25 -54879.01 13763.08 10484.25 -54869.28 13840.91 10599.24 -54912.97 13796.44 10599.24 -54752.49 13726.18 10599.24 -54796.18 13681.71 10599.24 -54830.1 13802.4 10988.99 -54873.79 13757.92 10988.99 -54572.29 13549.56 10988.99 -54615.98 13505.08 10988.99 -54606.89 13583.54 10782.72 -54650.58 13539.06 10782.72 -54629.51 13562.89 10640.13 -54640.44 13551.78 10640.13 -54675.87 13651.14 10988.99 -54719.56 13606.67 10988.99 -54758.93 13698.16 11114.95 -54768.16 13688.77 11114.95 -54728.07 13649.46 11114.95 -54718.85 13658.85 11114.95</float_array>
          <technique_common>
            <accessor source="#Mesh_006-mesh-positions-array" count="28" stride="3">
              <param name="X" type="float"/>
              <param name="Y" type="float"/>
              <param name="Z" type="float"/>
            </accessor>
          </technique_common>
        </source>
        <source id="Mesh_006-mesh-normals">
          <float_array id="Mesh_006-mesh-normals-array" count="228">0.7004856 0.7136666 0 0.7130697 0.7010589 -0.006925642 0.7004886 0.7136636 -1.47995e-7 0.7134326 -0.7007238 -3.53415e-6 0.7135253 -0.7006295 0 0.7134357 -0.7007207 -3.41967e-6 -0.7006045 -0.7135499 0 -0.6070361 -0.7845866 -0.1262182 -0.7006047 -0.7135497 0 -0.7136775 0.7004745 0 -0.7135497 0.7006047 0 -0.7136661 0.7004861 0 -0.5021325 0.4929298 -0.7105513 -0.5936812 0.583273 -0.5543783 -0.593627 0.583228 -0.5544837 -0.6590826 0.647529 -0.3825134 -0.6590898 0.6475219 -0.3825128 -3.67413e-5 -3.3524e-5 1 -3.53234e-5 -3.35251e-5 1 -3.20371e-5 -3.35276e-5 1 -0.687089 0.6750139 -0.2688215 -0.6871245 0.6749738 -0.2688315 -0.6871288 0.674969 -0.2688328 8.45881e-5 0 1 7.21832e-5 0 1 1.24004e-5 0 1 0.6943706 -0.6822563 -0.2288578 0.7077612 -0.6952859 -0.1251065 0.7074105 -0.6949469 -0.1289158 6.07743e-5 7.62566e-5 -1 6.21798e-5 4.42711e-5 -1 6.25195e-5 3.6541e-5 -1 0.7469944 0.6642789 -0.02707248 0.7872449 0.6091977 -0.09551882 -0.652626 -0.7570142 -0.03176146 -0.6874328 -0.7262127 -0.007162153 0.4092711 0.9104584 0.0596891 0.8177767 0.5368476 -0.207451 -0.6964178 -0.7087242 -0.1127489 -0.6841855 -0.7283125 -0.03809374 0.6983153 0.7120131 0.07343775 0.6990749 0.7128478 0.05605667 -0.7000451 -0.7140987 4.85116e-5 -0.6990874 -0.7128134 0.05633741 -2.76411e-5 -2.23673e-5 1 -7.13987e-6 -2.23664e-5 1 -2.05008e-5 -2.2367e-5 1 -0.5087083 0.499813 0.7010014 -0.5087887 0.4996191 0.7010812 -0.5088106 0.4995661 0.701103 -0.6983093 -0.7119953 0.07366734 -0.6872428 -0.7006972 0.1916265 -0.6872445 -0.7006798 0.1916843 0.6857938 -0.6737579 0.2752041 0.6858193 -0.6737192 0.2752351 0.6858337 -0.6736962 0.2752557 0.6872012 0.7007467 0.191595 0.6871502 0.700802 0.1915757 0.7129623 -0.7011067 -0.01159203 0.7128486 -0.701223 -0.01154297 0.7162868 0.6974455 -0.02242898 -0.684004 -0.7291086 -0.02322357 0.6970251 0.7169701 -0.01048874 0.7135284 -0.7006264 0 -0.7135383 0.7006163 0 -0.5021572 0.4928935 -0.7105591 -3.06192e-5 -3.35287e-5 1 -0.6870847 0.6750188 -0.2688202 0 0 1 0.6943493 -0.6822813 -0.2288478 6.01974e-5 8.9385e-5 -1 0 -2.23661e-5 1 -0.5087029 0.499826 0.7009961 0.685813 -0.6737363 0.275209 0.7007578 0.7133993 0 -0.7007628 -0.7133944 -6.63944e-6</float_array>
          <technique_common>
            <accessor source="#Mesh_006-mesh-normals-array" count="76" stride="3">
              <param name="X" type="float"/>
              <param name="Y" type="float"/>
              <param name="Z" type="float"/>
            </accessor>
          </technique_common>
        </source>
        <source id="Mesh_006-mesh-map-0">
          <float_array id="Mesh_006-mesh-map-0-array" count="300">0.2381557 0.9851864 0.426455 0.9851862 0.2381557 0.998287 0.2381557 0.998287 0.8320179 0.9982866 0.2381557 0.998287 0.2381557 0.998287 0.426455 0.9982869 0.2381557 0.998287 0.2381557 0.998287 0.8320179 0.9982866 0.2381557 0.9851864 0.426455 0.9851862 0.426455 0.9982869 0.426455 0.9851862 0.426455 0.9851862 0.426455 0.9982869 0.426455 0.9851862 0.426455 0.9851862 0.426455 0.9982869 0.426455 0.9851862 0.426455 0.9851862 0.426455 0.9982869 0.426455 0.9851862 0.426455 0.9851862 0.426455 0.9982869 0.426455 0.9851862 0.426455 0.9851862 0.426455 0.9982869 0.426455 0.9851862 0.426455 0.9851862 0.426455 0.9982869 0.426455 0.9851862 0.426455 0.9851862 0.426455 0.9851862 0.426455 0.9851862 0.426455 0.9982869 0.426455 0.9982869 0.8320179 0.9982866 0.426455 0.9851862 0.426455 0.9851862 0.426455 0.9851862 0.426455 0.9982869 0.426455 0.9982869 0.426455 0.9982869 0.426455 0.9851862 0.426455 0.9851862 0.426455 0.9851862 0.426455 0.9982869 0.426455 0.9982869 0.426455 0.9982869 0.426455 0.9982869 0.426455 0.9982869 0.426455 0.9851862 0.426455 0.9851862 0.426455 0.9982869 0.426455 0.9851862 0.426455 0.9982869 0.426455 0.9982869 0.426455 0.9982869 0.426455 0.9982869 0.426455 0.9851862 0.426455 0.9982869 0.426455 0.9851862 0.426455 0.9851862 0.426455 0.9851862 0.426455 0.9851862 0.426455 0.9982869 0.426455 0.9851862 0.426455 0.9851862 0.426455 0.9851862 0.426455 0.9851862 0.426455 0.9982869 0.426455 0.9982869 0.8320179 0.9982866 0.426455 0.9851862 0.426455 0.9851862 0.426455 0.9851862 0.426455 0.9982869 0.426455 0.9982869 0.426455 0.9982869 0.426455 0.9851862 0.8320179 0.9982866 0.2381557 0.998287 0.8320179 0.9982866 0.426455 0.9982869 0.2381557 0.998287 0.426455 0.9982869 0.8320179 0.9982866 0.2381557 0.998287 0.8320179 0.9982866 0.426455 0.9851862 0.2381557 0.9851864 0.426455 0.9851862 0.8320179 0.9982866 0.426455 0.9982869 0.426455 0.9851862 0.426455 0.9982869 0.426455 0.9982869 0.426455 0.9982869 0.426455 0.9982869 0.426455 0.9851862 0.426455 0.9851862 0.426455 0.9982869 0.426455 0.9982869 0.426455 0.9982869 0.426455 0.9982869 0.426455 0.9851862 0.426455 0.9851862 0.426455 0.9982869 0.426455 0.9982869 0.426455 0.9851862 0.426455 0.9982869 0.426455 0.9982869 0.426455 0.9851862 0.426455 0.9851862 0.426455 0.9851862 0.426455 0.9982869 0.426455 0.9982869 0.426455 0.9982869 0.426455 0.9982869 0.426455 0.9851862 0.426455 0.9851862 0.426455 0.9851862 0.426455 0.9982869 0.426455 0.9982869 0.426455 0.9982869 0.426455 0.9982869 0.426455 0.9982869 0.426455 0.9982869 0.426455 0.9851862 0.426455 0.9851862 0.426455 0.9851862 0.426455 0.9851862 0.426455 0.9851862 0.426455 0.9851862 0.426455 0.9982869 0.426455 0.9982869 0.426455 0.9851862 0.426455 0.9851862 0.426455 0.9851862 0.426455 0.9982869 0.426455 0.9982869 0.426455 0.9982869 0.426455 0.9851862 0.426455 0.9851862 0.426455 0.9851862 0.426455 0.9982869 0.426455 0.9982869 0.426455 0.9982869</float_array>
          <technique_common>
            <accessor source="#Mesh_006-mesh-map-0-array" count="150" stride="2">
              <param name="S" type="float"/>
              <param name="T" type="float"/>
            </accessor>
          </technique_common>
        </source>
        <source id="Mesh_006-mesh-map-1">
          <float_array id="Mesh_006-mesh-map-1-array" count="300">0 0 0 0 0 0 0 0 0 0 0 0 0 0 0 0 0 0 0 0 0 0 0 0 0 0 0 0 0 0 0 0 0 0 0 0 0 0 0 0 0 0 0 0 0 0 0 0 0 0 0 0 0 0 0 0 0 0 0 0 0 0 0 0 0 0 0 0 0 0 0 0 0 0 0 0 0 0 0 0 0 0 0 0 0 0 0 0 0 0 0 0 0 0 0 0 0 0 0 0 0 0 0 0 0 0 0 0 0 0 0 0 0 0 0 0 0 0 0 0 0 0 0 0 0 0 0 0 0 0 0 0 0 0 0 0 0 0 0 0 0 0 0 0 0 0 0 0 0 0 0 0 0 0 0 0 0 0 0 0 0 0 0 0 0 0 0 0 0 0 0 0 0 0 0 0 0 0 0 0 0 0 0 0 0 0 0 0 0 0 0 0 0 0 0 0 0 0 0 0 0 0 0 0 0 0 0 0 0 0 0 0 0 0 0 0 0 0 0 0 0 0 0 0 0 0 0 0 0 0 0 0 0 0 0 0 0 0 0 0 0 0 0 0 0 0 0 0 0 0 0 0 0 0 0 0 0 0 0 0 0 0 0 0 0 0 0 0 0 0 0 0 0 0 0 0 0 0 0 0 0 0 0 0 0 0 0 0 0 0 0 0 0 0 0 0 0 0 0 0</float_array>
          <technique_common>
            <accessor source="#Mesh_006-mesh-map-1-array" count="150" stride="2">
              <param name="S" type="float"/>
              <param name="T" type="float"/>
            </accessor>
          </technique_common>
        </source>
        <source id="Mesh_006-mesh-colors-Attribute" name="Attribute">
          <float_array id="Mesh_006-mesh-colors-Attribute-array" count="600">1 1 1 1 1 1 1 1 1 1 1 1 1 1 1 1 1 1 1 1 1 1 1 1 1 1 1 1 1 1 1 1 1 1 1 1 1 1 1 1 1 1 1 1 1 1 1 1 1 1 1 1 1 1 1 1 1 1 1 1 1 1 1 1 1 1 1 1 1 1 1 1 1 1 1 1 1 1 1 1 1 1 1 1 1 1 1 1 1 1 1 1 1 1 1 1 1 1 1 1 1 1 1 1 1 1 1 1 1 1 1 1 1 1 1 1 1 1 1 1 1 1 1 1 1 1 1 1 1 1 1 1 1 1 1 1 1 1 1 1 1 1 1 1 1 1 1 1 1 1 1 1 1 1 1 1 1 1 1 1 1 1 1 1 1 1 1 1 1 1 1 1 1 1 1 1 1 1 1 1 1 1 1 1 1 1 1 1 1 1 1 1 1 1 1 1 1 1 1 1 1 1 1 1 1 1 1 1 1 1 1 1 1 1 1 1 1 1 1 1 1 1 1 1 1 1 1 1 1 1 1 1 1 1 1 1 1 1 1 1 1 1 1 1 1 1 1 1 1 1 1 1 1 1 1 1 1 1 1 1 1 1 1 1 1 1 1 1 1 1 1 1 1 1 1 1 1 1 1 1 1 1 1 1 1 1 1 1 1 1 1 1 1 1 1 1 1 1 1 1 1 1 1 1 1 1 1 1 1 1 1 1 1 1 1 1 1 1 1 1 1 1 1 1 1 1 1 1 1 1 1 1 1 1 1 1 1 1 1 1 1 1 1 1 1 1 1 1 1 1 1 1 1 1 1 1 1 1 1 1 1 1 1 1 1 1 1 1 1 1 1 1 1 1 1 1 1 1 1 1 1 1 1 1 1 1 1 1 1 1 1 1 1 1 1 1 1 1 1 1 1 1 1 1 1 1 1 1 1 1 1 1 1 1 1 1 1 1 1 1 1 1 1 1 1 1 1 1 1 1 1 1 1 1 1 1 1 1 1 1 1 1 1 1 1 1 1 1 1 1 1 1 1 1 1 1 1 1 1 1 1 1 1 1 1 1 1 1 1 1 1 1 1 1 1 1 1 1 1 1 1 1 1 1 1 1 1 1 1 1 1 1 1 1 1 1 1 1 1 1 1 1 1 1 1 1 1 1 1 1 1 1 1 1 1 1 1 1 1 1 1 1 1 1 1 1 1 1 1 1 1 1 1 1 1 1 1 1 1 1 1 1 1 1 1 1 1 1 1 1 1 1 1 1 1 1 1 1 1 1 1 1 1 1 1 1 1 1 1 1 1 1 1 1 1 1 1 1 1 1 1 1 1 1 1 1 1 1 1 1 1 1 1 1 1 1 1 1 1 1</float_array>
          <technique_common>
            <accessor source="#Mesh_006-mesh-colors-Attribute-array" count="150" stride="4">
              <param name="R" type="float"/>
              <param name="G" type="float"/>
              <param name="B" type="float"/>
              <param name="A" type="float"/>
            </accessor>
          </technique_common>
        </source>
        <vertices id="Mesh_006-mesh-vertices">
          <input semantic="POSITION" source="#Mesh_006-mesh-positions"/>
        </vertices>
        <triangles material="weatherboards-material" count="38">
          <input semantic="VERTEX" source="#Mesh_006-mesh-vertices" offset="0"/>
          <input semantic="NORMAL" source="#Mesh_006-mesh-normals" offset="1"/>
          <input semantic="TEXCOORD" source="#Mesh_006-mesh-map-0" offset="2" set="0"/>
          <input semantic="TEXCOORD" source="#Mesh_006-mesh-map-1" offset="2" set="1"/>
          <input semantic="COLOR" source="#Mesh_006-mesh-colors-Attribute" offset="3" set="0"/>
          <p>2 3 3 3 1 4 4 4 3 5 5 5 3 6 6 6 7 7 7 7 5 8 8 8 6 12 12 12 9 13 13 13 8 14 14 14 8 14 15 15 11 15 16 16 10 16 17 17 10 17 18 18 11 18 19 19 12 19 20 20 12 20 21 21 15 21 22 22 14 22 23 23 24 23 24 24 25 24 25 25 27 25 26 26 16 26 27 27 19 27 28 28 18 28 29 29 20 29 30 30 7 30 31 31 1 31 32 32 7 7 36 36 13 34 37 37 4 35 38 38 7 7 42 42 21 38 43 43 19 39 44 44 17 42 48 48 23 43 49 49 13 34 50 50 23 44 51 51 17 45 52 52 22 46 53 53 14 47 54 54 25 48 55 55 24 49 56 56 15 50 57 57 26 51 58 58 25 52 59 59 23 53 60 60 27 54 61 61 26 55 62 62 22 41 63 63 24 56 64 64 27 57 65 65 18 28 66 66 21 58 67 67 20 59 68 68 13 34 72 72 9 61 73 73 4 35 74 74 19 39 78 78 13 34 79 79 7 7 80 80 1 4 84 84 7 63 85 85 3 5 86 86 7 7 87 87 4 35 88 88 5 8 89 89 6 12 93 93 4 65 94 94 9 13 95 95 8 14 96 96 9 13 97 97 11 15 98 98 11 18 99 99 13 66 100 100 12 19 101 101 12 20 102 102 13 67 103 103 15 21 104 104 25 24 105 105 26 68 106 106 27 25 107 107 16 26 108 108 17 69 109 109 19 27 110 110 20 29 111 111 21 70 112 112 7 30 113 113 23 43 117 117 15 50 118 118 13 34 119 119 17 45 120 120 16 71 121 121 22 46 122 122 14 47 123 123 15 72 124 124 25 48 125 125 15 50 126 126 23 43 127 127 26 51 128 128 23 53 129 129 22 73 130 130 27 54 131 131 22 41 132 132 14 40 133 133 24 56 134 134 18 28 135 135 19 27 136 136 21 58 137 137 13 34 141 141 11 75 142 142 9 61 143 143 19 39 147 147 17 42 148 148 13 34 149 149</p>
        </triangles>
        <triangles material="architraves-material" count="2">
          <input semantic="VERTEX" source="#Mesh_006-mesh-vertices" offset="0"/>
          <input semantic="NORMAL" source="#Mesh_006-mesh-normals" offset="1"/>
          <input semantic="TEXCOORD" source="#Mesh_006-mesh-map-0" offset="2" set="0"/>
          <input semantic="TEXCOORD" source="#Mesh_006-mesh-map-1" offset="2" set="1"/>
          <input semantic="COLOR" source="#Mesh_006-mesh-colors-Attribute" offset="3" set="0"/>
          <p>5 9 9 9 4 10 10 10 0 11 11 11 4 10 90 90 6 64 91 91 0 11 92 92</p>
        </triangles>
        <triangles material="industrial-material" count="10">
          <input semantic="VERTEX" source="#Mesh_006-mesh-vertices" offset="0"/>
          <input semantic="NORMAL" source="#Mesh_006-mesh-normals" offset="1"/>
          <input semantic="TEXCOORD" source="#Mesh_006-mesh-map-0" offset="2" set="0"/>
          <input semantic="TEXCOORD" source="#Mesh_006-mesh-map-1" offset="2" set="1"/>
          <input semantic="COLOR" source="#Mesh_006-mesh-colors-Attribute" offset="3" set="0"/>
          <p>0 0 0 0 6 1 1 1 2 2 2 2 6 1 33 33 12 32 34 34 1 33 35 35 18 36 39 39 20 37 40 40 1 33 41 41 12 32 45 45 14 40 46 46 22 41 47 47 8 60 69 69 12 32 70 70 6 1 71 71 16 62 75 75 1 33 76 76 12 32 77 77 6 1 81 81 1 33 82 82 2 2 83 83 22 41 114 114 16 62 115 115 12 32 116 116 8 60 138 138 10 74 139 139 12 32 140 140 16 62 144 144 18 36 145 145 1 33 146 146</p>
        </triangles>
      </mesh>
    </geometry>
    <geometry id="motel_a4000_013-mesh" name="motel_a4000.013">
      <mesh>
        <source id="motel_a4000_013-mesh-positions">
          <float_array id="motel_a4000_013-mesh-positions-array" count="1398">0.8797608 -1.062805 -0.5335388 -1.135071 0.9165802 1.004272 -1.140259 0.9216766 1.169762 -1.056641 0.8394775 1.343468 -1.003845 0.787674 1.375168 -0.93396 0.7190857 1.389267 1.089905 -0.8488159 -0.5335388 -0.6230469 0.8341827 -0.5335388 -0.9248047 1.130585 1.004272 -0.9341431 1.139679 1.091064 -0.9300537 1.135773 1.169762 -0.8859863 1.092285 1.297562 -0.8463745 1.053482 1.343468 -0.7936401 1.001678 1.375168 -0.7238159 0.933075 1.389267 1.435913 -1.188614 1.389267 -1.517883 1.061981 -3.518234 0.0960083 -0.5235138 -3.518234 -1.857361 1.395584 -2.368332 0.0960083 -0.5235138 -2.368332 -1.080994 1.506683 -3.518234 0.532959 -0.0788269 -3.518234 -1.420593 1.840286 -2.368332 0.532959 -0.0788269 -2.368332 -1.460388 1.005585 -3.397728 0.01000976 -0.4390259 -3.397728 0.01000976 -0.4390259 -2.488838 -1.728821 1.269196 -2.488838 0.4469605 0.005584716 -2.488838 0.4469605 0.005584716 -3.397728 -1.02356 1.450195 -3.397728 -1.291992 1.713882 -2.488838 -1.379822 1.087585 -3.397728 0.09075927 -0.3570252 -3.397728 0.09075927 -0.3570252 -2.488838 -1.648193 1.351273 -2.488838 0.366333 -0.07641601 -2.488838 0.366333 -0.07641601 -3.397728 -1.104187 1.368195 -3.397728 -1.372559 1.631882 -2.488838 0.04718017 -0.244812 -4.199539 -0.4156494 0.2098846 -0.5335388 0.2573242 -0.03080749 -4.199539 -0.2054443 0.4237824 -0.5335388 -0.833374 0.6201935 -0.5335388 0.2573242 -0.03080749 -5.524536 0.2573242 -0.03080749 -4.994728 -0.7258911 0.9350739 -0.5335388 -1.123962 0.9056854 1.239265 -1.244873 1.024384 1.085663 -1.238953 1.018677 1.197166 -1.144348 0.9256744 1.091064 -1.109253 0.8911743 1.464066 0.04718017 -0.244812 -4.994728 -0.9360962 0.7210846 -0.5335388 0.04718017 -0.244812 -5.524536 -1.034546 1.238373 1.085663 -1.028809 1.232681 1.197166 -0.9136963 1.119675 1.239265 -1.004395 1.208679 1.30127 -0.9608154 1.165985 1.392273 -0.8990479 1.105194 1.464066 -0.8209839 1.028473 1.511063 -0.730896 0.9400787 1.529167 1.435913 -1.188614 1.529167 -1.022339 1.226379 0.9728623 -1.232666 1.012375 0.9728623 0.3926392 -0.5842133 -7.851234 0.04718017 -0.244812 -7.851234 0.3926392 -0.5842133 -0.5335388 0.04718017 -0.244812 -0.5335388 0.6029053 -0.370224 -7.851234 0.2573242 -0.03080749 -7.851234 0.6029053 -0.370224 -0.5335388 0.2573242 -0.03080749 -0.5335388 0.1623535 -0.358017 -7.851234 0.2774048 -0.4711151 -7.851234 0.2774048 -0.4711151 -0.5335388 0.1623535 -0.358017 -0.5335388 0.4877319 -0.2571259 -7.851234 0.3725586 -0.1439208 -7.851234 0.3725586 -0.1439208 -0.5335388 0.4877319 -0.2571259 -0.5335388 0.2053222 -0.3142243 -7.851234 0.3204346 -0.4273224 -7.851234 0.3204346 -0.4273224 -0.5335388 0.2053222 -0.3142243 -0.5335388 0.4447022 -0.3008118 -7.851234 0.3296509 -0.1877136 -7.851234 0.3296509 -0.1877136 -0.5335388 0.4447022 -0.3008118 -0.5335388 0.8678589 -1.051025 -1.959434 0.8678589 -1.051025 -0.5335388 0.5490112 -0.7378082 -1.959434 0.5490112 -0.7378082 -0.5335388 0.9770508 -0.9399262 -1.959434 0.9770508 -0.9399262 -0.5335388 0.6581421 -0.6267243 -1.959434 0.6581421 -0.6267243 -0.5335388 1.225708 -1.402618 1.217567 1.370056 -1.544418 1.452667 1.225708 -1.402618 1.687866 1.435913 -1.188614 1.217567 1.5802 -1.330414 1.452667 1.435913 -1.188614 1.687866 0.222351 -0.2963257 2.008461 0.015625 -0.09321594 2.116768 -0.0616455 -0.01731872 2.406464 -0.1388549 0.05857849 2.116768 -0.3455811 0.2614746 2.008461 -0.1388549 0.05857849 1.900269 -0.0616455 -0.01731872 1.610565 0.015625 -0.09321594 1.900269 0.3165283 -0.2002258 2.008461 0.1098022 0.002777099 2.116768 0.03271484 0.07867431 2.406464 -0.04455566 0.1545867 2.116768 -0.2511597 0.3575745 2.008461 -0.04455566 0.1545867 1.900269 0.03271484 0.07867431 1.610565 0.1098022 0.002777099 1.900269 -0.0616455 -0.01731872 2.008461 0.03271484 0.07867431 2.008461 -0.8497925 0.8190765 1.529167 -0.9398193 0.907486 1.511063 -0.02185058 0.005783081 1.845566 -0.102539 0.085083 1.998276 -0.8115845 0.858078 1.529167 0.01635742 0.04478454 1.845566 -0.06427001 0.1240844 1.998276 -0.1335449 0.05328369 2.407066 -0.3401489 0.2562866 2.515366 -0.4174805 0.3321838 2.805061 -0.49469 0.4080811 2.515366 -0.701355 0.611084 2.407066 -0.49469 0.4080811 2.298767 -0.4174805 0.3321838 2.009064 -0.3401489 0.2562866 2.298767 -0.0392456 0.1493835 2.407066 -0.2458496 0.3523865 2.515366 -0.3230591 0.4282837 2.805061 -0.4003906 0.5040741 2.515366 -0.6070557 0.7071838 2.407066 -0.4003906 0.5040741 2.298767 -0.3230591 0.4282837 2.009064 -0.2458496 0.3523865 2.298767 -0.4174805 0.3321838 2.407066 -0.3230591 0.4282837 2.407066 -1.017883 0.9842835 1.464066 -0.4050903 0.3821869 2.246963 -0.4856567 0.46138 2.399666 -0.9014893 0.9464722 1.511063 -0.9795532 1.023285 1.464066 -0.3666992 0.4211731 2.246963 -0.4473877 0.5003815 2.399666 -1.2146 0.9945831 1.30127 -1.096191 0.8782806 1.297562 -1.171082 0.9518738 1.392273 -1.031189 0.8144837 1.511063 -0.9412842 0.7260742 1.529167 1.225647 -1.402618 1.389267 1.225647 -1.402618 1.529167 1.316101 -1.026413 -0.2911377 1.316101 -1.026413 0.6465607 0.7828369 -0.5026245 0.6465607 0.7478027 -0.4681244 -0.2911377 0.2886353 -0.01701354 -0.2911377 0.7478027 -0.4681244 0.6465607 0.2886353 -0.01701354 0.6465607 0.314148 -0.04211425 -0.2911377 -0.1449584 0.4089813 -0.2911377 0.314148 -0.04211425 0.6465607 -0.1449584 0.4089813 0.6465607 -0.0770874 0.3422852 -0.2911377 -0.5194702 0.7767792 -0.2911377 -0.0770874 0.3422852 0.6465607 -0.5194702 0.7767792 0.6465607 -0.8652954 1.116577 -0.2911377 -0.8652954 1.116577 0.6465607 0.8991089 -0.8414154 -0.8111343 0.7387085 -0.6836243 -0.8111343 0.8991089 -0.8414154 -0.5276337 0.7387085 -0.6836243 -0.5276337 0.8991089 -0.8414154 -1.069435 0.7387085 -0.6836243 -1.069435 0.8991089 -0.8414154 -0.7859345 0.7387085 -0.6836243 -0.7859345 0.8991089 -0.8414154 -1.330933 0.7387085 -0.6836243 -1.330933 0.8991089 -0.8414154 -1.047333 0.7387085 -0.6836243 -1.047333 0.8991089 -0.8414154 -1.602432 0.7387085 -0.6836243 -1.602432 0.8991089 -0.8414154 -1.318939 0.7387085 -0.6836243 -1.318939 0.8991089 -0.8414154 -1.873833 0.7387085 -0.6836243 -1.873833 0.8991089 -0.8414154 -1.590332 0.7387085 -0.6836243 -1.590332 1.108948 -0.822815 1.276062 1.121704 -0.8355255 0.8204651 0.9214478 -0.6387177 0.8204651 1.121704 -0.8355255 1.276062 0.9214478 -0.6387177 1.276062 0.9362183 -0.6532135 0.8204651 0.7359009 -0.4565277 0.8204651 0.9362183 -0.6532135 1.276062 0.7359009 -0.4565277 1.276062 0.7505493 -0.4708099 0.8204651 0.550354 -0.2741242 0.8204651 0.7505493 -0.4708099 1.276062 0.550354 -0.2741242 1.276062 0.5525513 -0.2763214 0.8204651 0.352356 -0.07962036 0.8204651 0.5525513 -0.2763214 1.276062 0.352356 -0.07962036 1.276062 0.3693237 -0.09631347 0.8204651 0.1690063 0.1004791 0.8204651 0.3693237 -0.09631347 1.276062 0.1690063 0.1004791 1.276062 0.1787109 0.0909729 0.8204651 0.0425415 0.2246856 0.8204651 0.1787109 0.0909729 1.276062 0.0425415 0.2246856 1.276062 0.05871582 0.2088775 0.8204651 -0.1415405 0.4056854 0.8204651 0.05871582 0.2088775 1.276062 -0.1415405 0.4056854 1.276062 -0.1708984 0.4342804 0.8204651 -0.3710938 0.6309815 0.8204651 -0.1708984 0.4342804 1.276062 -0.3710938 0.6309815 1.276062 -0.3758545 0.6356812 0.8204651 -0.512085 0.7694855 0.8204651 -0.3758545 0.6356812 1.276062 -0.512085 0.7694855 1.276062 -0.4919434 0.7497864 0.8204651 -0.6922608 0.946579 0.8204651 -0.4919434 0.7497864 1.276062 -0.6922608 0.946579 1.276062 -0.6819458 0.9365845 0.8204651 -0.9203491 1.170685 0.8204651 -0.6819458 0.9365845 1.276062 -0.9203491 1.170685 1.276062 -1.134949 0.8720856 0.6465607 -0.6018067 0.3481903 0.6465607 -0.5666504 0.3137817 -0.2911377 -0.1074829 -0.1373138 -0.2911377 -0.5666504 0.3137817 0.6465607 -0.1074829 -0.1373138 0.6465607 -0.1329956 -0.1123199 -0.2911377 0.3261108 -0.563324 -0.2911377 -0.1329956 -0.1123199 0.6465607 0.3261108 -0.563324 0.6465607 0.2581787 -0.4966278 -0.2911377 0.7005005 -0.9311218 -0.2911377 0.2581787 -0.4966278 0.6465607 0.7005005 -0.9311218 0.6465607 1.046448 -1.27092 -0.2911377 -1.144897 0.8817749 0.8204651 -0.9277954 0.6684723 0.8204651 -1.144897 0.8817749 1.276062 -0.9277954 0.6684723 1.276062 -0.9406738 0.6811829 0.8204651 -0.7403565 0.484375 0.8204651 -0.9406738 0.6811829 1.276062 -0.7403565 0.484375 1.276062 -0.755188 0.4988861 0.8204651 -0.5548096 0.3020783 0.8204651 -0.755188 0.4988861 1.276062 -0.5548096 0.3020783 1.276062 -0.569458 0.3164826 0.8204651 -0.3691406 0.1197814 0.8204651 -0.569458 0.3164826 1.276062 -0.3691406 0.1197814 1.276062 -0.37146 0.1219787 0.8204651 -0.1711425 -0.07472229 0.8204651 -0.37146 0.1219787 1.276062 -0.1711425 -0.07472229 1.276062 -0.1881713 -0.05801391 0.8204651 0.01214599 -0.2548065 0.8204651 -0.1881713 -0.05801391 1.276062 0.01214599 -0.2548065 1.276062 0.002441406 -0.2453155 0.8204651 0.1386108 -0.3790131 0.8204651 0.002441406 -0.2453155 1.276062 0.1386108 -0.3790131 1.276062 0.1224365 -0.3632202 0.8204651 0.3227539 -0.5600281 0.8204651 0.1224365 -0.3632202 1.276062 0.3227539 -0.5600281 1.276062 0.3518067 -0.5886231 0.8204651 0.552124 -0.7853241 0.8204651 0.3518067 -0.5886231 1.276062 0.552124 -0.7853241 1.276062 0.5570068 -0.7901154 0.8204651 0.6931152 -0.9238129 0.8204651 0.5570068 -0.7901154 1.276062 0.6931152 -0.9238129 1.276062 0.6731567 -0.9041138 0.8204651 0.8734131 -1.100922 0.8204651 0.6731567 -0.9041138 1.276062 0.8734131 -1.100922 1.276062 0.8631592 -1.090927 0.8204651 0.8631592 -1.090927 1.276062 0.7828369 -0.5026245 -0.2911377 -0.4720459 0.7302857 -0.2911377 -0.4720459 0.7302857 0.6465607 1.32605 -1.036118 0.8204651 1.108948 -0.822815 0.8204651 1.32605 -1.036118 1.276062 -1.134949 0.8720856 -0.2911377 -0.6018067 0.3481903 -0.2911377 0.6531983 -0.884613 -0.2911377 0.6531983 -0.884613 0.6465607 1.046448 -1.27092 0.6465607 1.10144 -1.325027 0.8204651 1.10144 -1.325027 1.276062 0.6073608 -0.8173218 -0.8111343 0.7679443 -0.9750214 -0.8111343 0.6073608 -0.8173218 -0.5276337 0.7679443 -0.9750214 -0.5276337 0.6073608 -0.8173218 -1.069435 0.7679443 -0.9750214 -1.069435 0.6073608 -0.8173218 -0.7859345 0.7679443 -0.9750214 -0.7859345 0.6073608 -0.8173218 -1.330933 0.7679443 -0.9750214 -1.330933 0.6073608 -0.8173218 -1.047333 0.7679443 -0.9750214 -1.047333 0.6073608 -0.8173218 -1.602432 0.7679443 -0.9750214 -1.602432 0.6073608 -0.8173218 -1.318939 0.7679443 -0.9750214 -1.318939 0.6073608 -0.8173218 -1.873833 0.7679443 -0.9750214 -1.873833 0.6073608 -0.8173218 -1.590332 0.7679443 -0.9750214 -1.590332 -0.9398193 0.907486 1.511063 -0.9014893 0.9464722 1.511063 -0.9014893 0.9464722 1.511063 -0.9398193 0.907486 1.511063 0.2573242 -0.03080749 -4.994728 -0.6230469 0.8341827 -0.5335388 -0.833374 0.6201935 -0.5335388 0.04718017 -0.244812 -4.994728 -0.6230469 0.8341827 -0.5335388 0.2573242 -0.03080749 -4.199539 0.2573242 -0.03080749 -4.994728 -0.9398193 0.907486 1.511063 -1.017883 0.9842835 1.464066 -0.4050903 0.3821869 2.246963 -0.9014893 0.9464722 1.511063 -0.4050903 0.3821869 2.246963 1.316212 -1.026299 0.6465607 1.316212 -1.026299 -0.2911377 0.9809803 -0.697024 -0.2911377 0.9809803 -0.697024 0.6465607 1.011527 -0.727028 0.6465607 1.011527 -0.727028 -0.2911377 0.6579332 -0.3797172 -0.2911377 0.6579332 -0.3797172 0.6465607 0.68848 -0.4097212 0.6465607 0.68848 -0.4097212 -0.2911377 0.3533805 -0.0805761 -0.2911377 0.3533805 -0.0805761 0.6465607 0.3839272 -0.1105801 0.6465607 0.3839272 -0.1105801 -0.2911377 0.08541826 0.1826247 -0.2911377 0.08541826 0.1826247 0.6465607 0.115965 0.1526207 0.6465607 0.115965 0.1526207 -0.2911377 -0.2376288 0.4999315 -0.2911377 -0.2376288 0.4999315 0.6465607 -0.2070821 0.4699276 0.6465607 -0.2070821 0.4699276 -0.2911377 -0.5423143 0.799203 -0.2911377 -0.5423143 0.799203 0.6465607 -0.5117675 0.7691991 0.6465607 -0.5117675 0.7691991 -0.2911377 -0.8653614 1.11651 -0.2911377 -0.8653614 1.11651 0.6465607 -1.134829 0.8722074 0.6465607 -1.134829 0.8722074 -0.2911377 -0.7997083 0.5428988 -0.2911377 -0.7997083 0.5428988 0.6465607 -0.8302002 0.5728618 0.6465607 -0.8302002 0.5728618 -0.2911377 -0.4767236 0.2255161 -0.2911377 -0.4767236 0.2255161 0.6465607 -0.5072155 0.2554791 0.6465607 -0.5072155 0.2554791 -0.2911377 -0.1722271 -0.07369911 -0.2911377 -0.1722271 -0.07369911 0.6465607 -0.202719 -0.04373606 0.6465607 -0.202719 -0.04373606 -0.2911377 0.09569096 -0.3369703 -0.2911377 0.09569096 -0.3369703 0.6465607 0.06519905 -0.3070073 0.6465607 0.06519905 -0.3070073 -0.2911377 0.4186756 -0.6543531 -0.2911377 0.4186756 -0.6543531 0.6465607 0.3881837 -0.62439 0.6465607 0.3881837 -0.62439 -0.2911377 0.7233048 -0.9536986 -0.2911377 0.7233048 -0.9536986 0.6465607 0.6928129 -0.9237356 0.6465607 0.6928129 -0.9237356 -0.2911377 1.046289 -1.271081 -0.2911377 1.046289 -1.271081 0.6465607 0.8661482 -0.8089909 -0.5276337 0.8661482 -0.8089909 -0.6955427 0.7716692 -0.7160488 -0.6955427 0.7716692 -0.7160488 -0.5276337 0.8665481 -0.8093843 -0.6854143 0.8665481 -0.8093843 -0.8533233 0.7712693 -0.7156554 -0.8533233 0.7712693 -0.7156554 -0.6854143 0.8685152 -0.8113193 -0.9589982 0.8685152 -0.8113193 -1.126907 0.7693022 -0.7137204 -1.126907 0.7693022 -0.7137204 -0.9589982 0.868106 -0.8109169 -1.232582 0.868106 -0.8109169 -1.400491 0.7697114 -0.7141228 -1.400491 0.7697114 -0.7141228 -1.232582 0.8685152 -0.8113193 -1.390363 0.8685152 -0.8113193 -1.558272 0.7693022 -0.7137204 -1.558272 0.7693022 -0.7137204 -1.390363 0.86721 -0.8100354 -1.548143 0.86721 -0.8100354 -1.716052 0.7706074 -0.7150043 -1.716052 0.7706074 -0.7150043 -1.548143 0.86721 -0.8100354 -1.705924 0.86721 -0.8100354 -1.873833 0.7706074 -0.7150043 -1.873833 0.7706074 -0.7150043 -1.705924 0.6403591 -0.8497275 -0.5276337 0.6403591 -0.8497275 -0.6955427 0.734946 -0.9426157 -0.6955427 0.734946 -0.9426157 -0.5276337 0.6399588 -0.8493344 -0.6854143 0.6399588 -0.8493344 -0.8533233 0.7353463 -0.9430088 -0.8533233 0.7353463 -0.9430088 -0.6854143 0.6379895 -0.8474004 -0.9589982 0.6379895 -0.8474004 -1.126907 0.7373156 -0.9449428 -1.126907 0.7373156 -0.9449428 -0.9589982 0.6383991 -0.8478027 -1.232582 0.6383991 -0.8478027 -1.400491 0.736906 -0.9445405 -1.400491 0.736906 -0.9445405 -1.232582 0.6379895 -0.8474004 -1.390363 0.6379895 -0.8474004 -1.558272 0.7373156 -0.9449428 -1.558272 0.7373156 -0.9449428 -1.390363 0.6392961 -0.8486836 -1.548143 0.6392961 -0.8486836 -1.716052 0.736009 -0.9436596 -1.716052 0.736009 -0.9436596 -1.548143 0.6392961 -0.8486836 -1.705924 0.6392961 -0.8486836 -1.873833 0.736009 -0.9436596 -1.873833 0.736009 -0.9436596 -1.705924</float_array>
          <technique_common>
            <accessor source="#motel_a4000_013-mesh-positions-array" count="466" stride="3">
              <param name="X" type="float"/>
              <param name="Y" type="float"/>
              <param name="Z" type="float"/>
            </accessor>
          </technique_common>
        </source>
        <source id="motel_a4000_013-mesh-normals">
          <float_array id="motel_a4000_013-mesh-normals-array" count="987">-0.5580543 0.5475732 0.6234894 -0.2745579 -0.7284283 -0.6277022 0.5893991 0.3926299 -0.7060102 -0.3815769 -0.5968151 -0.7058406 -0.9801518 0.1982491 3.88273e-5 0.2763652 0.8685883 0.411311 -0.2163051 0.9763258 -2.627e-5 -0.8633899 -0.2919698 -0.411475 -0.2158151 0.9764342 -1.55278e-4 0.2767369 0.8683646 -0.4115333 -0.8638567 -0.09911525 0.4938907 0.2000757 0.7516613 0.6284704 0.08442652 0.8655495 0.4936561 -0.273414 0.2688128 0.9235717 0.8634899 0.2917636 -0.4114112 -0.3820046 -0.3885374 -0.8385173 0.3826553 0.3891971 -0.8379144 0.5741802 0.2861408 -0.7670989 -0.2765316 -0.5798654 -0.7663463 -0.7135131 0.7006419 0 0.003337025 0.9465145 0.3226442 -0.9896398 0.01811009 0.142426 -0.9465042 -0.02083802 0.322018 0.700805 0.7133529 -2.46067e-4 0 0 1 -0.6591881 0.6474266 -0.3825049 -0.6876482 0.6754876 -0.2661887 -0.7124366 0.7017365 0 0.7142878 -0.6998522 0 -0.7009863 -0.7131748 0 -0.863459 -0.2918614 0.4114069 -0.9801295 0.1983587 -1.8732e-4 0.7003464 0.7138032 1.77866e-4 -0.7003415 -0.7138081 -9.58973e-5 0.7010436 0.7131162 0.001817166 0.7007272 0.7134293 -6.45054e-5 -0.2762787 -0.8685445 0.4114615 0.9801334 -0.1983392 -2.70204e-5 0.8633756 0.2919929 0.4114883 0.3827554 0.3892717 0.8378341 -0.3818414 -0.3880842 0.8388015 0.5407661 -0.5311654 -0.6522542 0.9802051 -0.1979851 -1.71092e-4 -0.2767885 -0.8684155 -0.4113915 -0.3822705 -0.3890134 0.8381754 0.382114 0.3888639 0.8383161 -0.7007822 -0.7133752 0 0.7009326 0.7132276 0 -0.7008798 -0.7132794 1.97486e-4 -0.7008793 -0.7132799 -7.38332e-5 0.7011978 0.7129667 5.42544e-4 0.7011969 0.7129678 -2.02838e-4 0.276198 0.8686272 -0.4113413 0.5408634 -0.5312606 0.6520958 0.7010277 0.7131341 0 -0.7008404 -0.7133182 0 -0.7007386 -0.7134181 0 -0.700465 -0.7136869 0 -0.7010204 -0.7131413 0 -0.7008796 -0.7132796 7.38312e-5 -0.7008804 -0.7132788 -1.97695e-4 0.7008363 0.7133222 0 0.7008104 0.7133476 0 0.7006527 0.7135025 0 0.7015843 0.7125865 0 0.7011972 0.7129675 2.02833e-4 0.7011977 0.7129667 -5.43118e-4 -0.7006294 -0.7135253 -3.68936e-4 -0.7007973 -0.7133604 1.51651e-4 0.7012636 0.7129001 -0.001708865 0.7008429 0.7133156 -3.84972e-4 -0.7007581 -0.713399 0 -0.7010201 -0.7131416 0 0.7008634 0.7132955 0 0.7010201 0.7131416 0 0.8636012 0.2917965 0.4111545 0.7132847 -0.7008745 0 -0.7007388 -0.713418 1.47692e-4 -0.7007395 -0.7134173 -3.9508e-4 -0.7008634 -0.7132955 0 -0.7004567 -0.7136949 0 -0.7007395 -0.7134173 3.9508e-4 -0.7007384 -0.7134184 -1.47696e-4 0.7004883 0.7136635 7.47225e-4 0.7004873 0.7136648 -2.79223e-4 0.7004873 0.7136649 2.79334e-4 0.7004883 0.7136635 -7.46908e-4 0.7009456 0.7132148 0 0.699954 0.714188 0 -0.7015433 -0.7126264 7.9802e-4 -0.7008787 -0.7132805 1.28501e-4 0.7016292 0.7125418 -8.48948e-4 0.700657 0.7134982 1.30183e-4 0.7007908 0.7133669 0 -0.7007742 -0.7133832 0 0.8635637 0.2919003 -0.4111595 -0.382227 -0.3889684 -0.8382161 0.3823105 0.3891011 -0.8381164 -0.8634324 -0.2918617 -0.4114624 0 0 -1 -0.7006374 -0.7135176 1.60381e-4 0.7005013 0.7136511 2.60135e-4 0.7015752 0.7125955 -2.11003e-4 -0.700477 -0.7136751 -9.4671e-5 -0.04188501 0.9987195 -0.0283758 -0.0361368 0.989157 0.1423467 -0.2765293 -0.8684033 0.4115911 -0.7008193 -0.713339 0 0.4991546 -0.4915347 -0.7136093 -0.7481586 -0.21298 0.6284093 0.3338482 0.6232576 0.7071742 0.7002953 0.7138532 -2.14132e-4 -0.7007192 -0.7134373 2.35697e-5 0.7137901 -0.7003597 0 -0.7134115 0.7007454 0 -0.2763326 -0.8684898 -0.4115411 -0.5215448 -0.4573616 0.7202857 0.4478943 0.5294615 0.7204592 -0.4953395 -0.5045939 0.7071238 -0.7008388 -0.7133198 0 0.7005087 0.713644 0 -0.9993155 0.02435302 -0.02784782 -0.01598358 0.9885652 -0.1499454 -0.9886857 -0.001579523 -0.1499941 -0.7003486 -0.7138003 -0.001008152 -0.7007195 -0.7134369 3.14959e-5 0.7008674 0.7132915 2.59245e-4 0.7010107 0.7131509 3.7315e-5 -0.7007305 -0.7134261 2.68277e-4 -0.7005115 -0.7136411 3.1081e-4 0.281257 -0.2764164 -0.9189606 -0.9817754 -0.02667123 -0.1881638 0.7006498 0.7135053 0 -0.7004606 -0.7136911 0 -0.7132928 0.7008663 0 0.7004581 0.7136935 3.88378e-4 -0.7009257 -0.7132343 2.44383e-4 -0.5576274 0.5480301 0.6234699 0.7234372 0.2856261 -0.6285352 -0.8635398 -0.2915346 0.4114687 -0.273669 0.2685312 0.9235781 -0.7135131 0.7006419 0 0.7007963 0.7133616 0 2.79311e-7 0 1 -0.6591151 0.647536 -0.3824453 -0.6877685 0.6753614 -0.2661985 0.7142873 -0.6998527 0 -0.7009862 -0.7131748 0 0.2765159 0.8683653 0.4116804 0.7008694 0.7132897 -2.40188e-4 -0.7008182 -0.7133399 4.73937e-5 0.7009972 0.7131631 -0.001108586 0.7002961 0.7138526 -1.74064e-4 0.2157576 -0.976447 2.46169e-5 0.5407938 -0.5310386 -0.6523343 0.2163366 -0.9763188 -1.17228e-4 0.5408906 -0.5311336 0.6521768 0.7010279 0.7131339 0 0.7132847 -0.7008745 0 -3.3809e-7 0 -1 -0.7008605 -0.7132981 7.0661e-4 0.7004667 0.713685 4.46501e-4 0.7000418 0.7141018 -4.48849e-4 -0.7006374 -0.7135176 1.39368e-4 -0.7007842 -0.7133726 -0.001052677 0.4995599 -0.4911528 -0.7135887 -0.617526 -0.3448779 0.7069095 0.7137898 -0.70036 0 0.4955418 0.5044426 0.7070899 -0.7008386 -0.7133199 0 0.7005088 0.7136439 0 -0.7011116 -0.7130515 -3.99933e-4 -0.7005073 -0.7136452 8.54362e-5 0.7006872 0.7134685 3.12336e-4 0.7006151 0.7135393 6.16697e-4 -0.7007578 -0.7133976 -0.001540124 -0.7007251 -0.7134313 2.78257e-4 0.2812262 -0.2764941 -0.9189466 0.009128272 0.9821119 -0.1880767 0.7006496 0.7135056 0 -0.7004607 -0.713691 0 -0.7132928 0.7008662 0 0.7010393 0.7131219 -0.001031696 -0.7006518 -0.7135025 -0.001227974 0.6590807 -0.6475521 0.3824775 0.7132841 -0.7008751 0 -0.70078 -0.7133775 0 -2.0123e-6 0 1 -0.7133502 0.7008078 0 0.6873635 -0.6756002 0.266638 -0.7125221 0.7016497 0 -0.7008046 -0.7133534 -1.33151e-6 -0.7008193 -0.7133389 9.01049e-7 -0.7005324 -0.7136205 5.3016e-4 -0.7007309 -0.7134258 1.70304e-4 -0.7008733 -0.7132858 -1.77958e-4 -0.7012799 -0.7128853 -0.001050353 -0.700582 -0.7135718 4.30427e-4 -0.7005116 -0.7136409 5.71104e-4 -0.700736 -0.7134208 1.58278e-4 0.7008427 0.7133159 3.67597e-5 0.7007966 0.7133612 -4.3024e-5 0.700797 0.7133608 -4.57377e-5 0.7004179 0.7137324 -9.68871e-4 0.701108 0.7130547 7.20537e-4 0.7014681 0.7126995 0.001421272 0.7003449 0.713804 -9.6136e-4 0.7008401 0.7133185 3.7907e-5 0.7009332 0.713227 2.31436e-4 -0.700803 -0.7133549 1.49485e-5 -0.700824 -0.7133341 5.34618e-4 -0.7008139 -0.7133442 0 -0.700814 -0.7133442 0 -0.7008226 -0.7133353 6.14037e-4 -0.7007988 -0.7133591 -1.90743e-5 -0.7004122 -0.7137386 1.49028e-4 -0.7011923 -0.7129723 -1.65177e-4 0.7004914 0.7136609 0 0.7004919 0.7136605 0 0.7007936 0.7133641 4.23031e-4 0.7007938 0.7133638 3.8943e-4 0.701067 0.7130955 1.66908e-4 0.7010428 0.7131193 1.56851e-4 0.7007917 0.7133659 -4.13883e-4 0.7007899 0.7133676 -4.19408e-4 -0.700746 -0.7134109 1.62718e-5 -0.7007805 -0.7133771 0 0.7009297 0.7132304 3.84595e-5 0.7008485 0.7133103 0 0.7006944 0.7134616 0 0.7132021 -0.7009586 0 0.7679442 0.0746333 -0.6361538 -0.5062612 -0.8443534 -0.175405 0.8352246 0.5211205 -0.1755939 0.658825 -0.6477898 0.3825156 0.702326 -0.6902014 0.1742424 -0.7130525 0.7011107 0 2.01147e-6 0 1 -0.2858269 -0.9511439 -0.1167407 0.945705 0.3032346 -0.1170082 0.6591385 -0.6474983 0.3824688 -1.59529e-6 0 -1 0.713284 -0.7008752 0 -8.50136e-7 0 -1 -0.70078 -0.7133774 0 -0.7133501 0.7008079 0 0.687676 -0.675271 0.2666664 -0.712522 0.7016499 0 0.7132027 -0.700958 0 -0.06090742 -0.7693253 -0.6359472 0.65908 -0.6475535 0.3824762 0.7025944 -0.6899202 0.1742733 -0.7130523 0.7011108 0 0.7006382 0.7135167 0 0.7008563 0.7133026 0 0.7008029 0.713355 0 0.7008543 0.7133045 0 0.7007673 0.7133899 0 -0.7006004 -0.7135539 0 -0.7006709 -0.7134847 0 -0.7008944 -0.7132651 0 0.7008373 0.7133212 0 -0.7007814 -0.7133761 0 0.7008268 0.7133316 0 0.7007253 0.7134312 0 0.7012845 0.7128816 0 0.700821 0.7133373 0 0.7007399 0.7134169 0 -0.7007839 -0.7133737 0 0.7007169 0.7134394 0 0.7012848 0.7128813 0 -0.7006711 -0.7134844 0 -0.7008373 -0.7133212 0 -0.7006713 -0.7134843 0 -0.7006708 -0.7134847 0 0.7006412 0.7135138 0 0.7006093 0.7135451 0 -0.700637 -0.7135179 0 0.7009392 0.7132211 0 0.7012853 0.7128809 0 -0.7008088 -0.7133492 0 -0.7007662 -0.7133911 0 -0.7006369 -0.7135181 0 -0.7009392 -0.7132211 0 -0.7008029 -0.713355 0 -0.7007219 -0.7134346 0 -0.7007911 -0.7133666 3.65337e-5 0.7009391 0.7132211 0 -0.7008209 -0.7133373 0 0.7008036 0.7133543 -2.92705e-5 0.7012847 0.7128815 0 -0.7008304 -0.713328 0 -0.7007602 -0.7133969 0 -0.7008305 -0.7133278 0 0.7012849 0.7128812 0 0.7008028 0.7133551 0 0.7006384 0.7135166 0 0.7008563 0.7133026 0 0.7007675 0.7133898 0 -0.7006006 -0.7135537 0 -0.7008942 -0.7132653 0 -0.7007816 -0.7133759 0 0.7008265 0.7133318 0 0.7007257 0.7134308 0 0.701285 0.7128812 0 0.7008209 0.7133373 0 0.70074 0.7134168 0 0.700717 0.7134394 0 0.7012847 0.7128814 0 -0.7008376 -0.713321 0 -0.7006713 -0.7134843 0 0.7006092 0.7135453 0 -0.7006368 -0.7135182 0 0.7009395 0.7132208 0 0.7012845 0.7128815 0 -0.7008089 -0.7133491 0 -0.7007662 -0.713391 0 -0.7009393 -0.713221 0 -0.7006368 -0.7135181 0 -0.7008028 -0.7133551 0 -0.700722 -0.7134345 0 -0.7007797 -0.7133778 0 0.7009393 0.713221 0 -0.7008211 -0.7133372 0 -0.7006708 -0.7134848 0 0.7007945 0.7133632 0 -0.7008308 -0.7133277 0 -0.7007604 -0.7133968 0 -0.7008306 -0.7133278 0</float_array>
          <technique_common>
            <accessor source="#motel_a4000_013-mesh-normals-array" count="329" stride="3">
              <param name="X" type="float"/>
              <param name="Y" type="float"/>
              <param name="Z" type="float"/>
            </accessor>
          </technique_common>
        </source>
        <source id="motel_a4000_013-mesh-map-0">
          <float_array id="motel_a4000_013-mesh-map-0-array" count="2312">0.6924384 0.9788155 0.5705739 0.9766392 0.6924384 0.9788155 0.5675925 0.9652846 0.5802627 0.9624648 0.5802627 0.9624646 0.4790332 0.9352868 0.4972904 0.9579832 0.4790332 0.9352868 0.5672589 0.9321407 0.5385906 0.926985 0.5672589 0.9321407 0.5535989 0.8329273 0.559977 0.8499329 0.5535989 0.8499329 0.5675925 0.9652846 0.6969602 0.9693917 0.5675925 0.9652846 0.5847997 0.9425519 0.5899554 0.9138836 0.5899554 0.9138836 0.5802627 0.9624646 0.7022286 0.9507693 0.7022286 0.9507693 0.2381557 0.9608402 0.8320179 0.9851856 0.2381557 0.9851864 0.547387 0.8499329 0.5411764 0.8329273 0.547387 0.8329273 0.6620742 0.7153822 0.4665074 0.7063388 0.4658607 0.7153822 0.4906833 0.8906919 0.3156304 0.8508443 0.4906833 0.8508443 0.5702388 0.8508442 0.4906833 0.8906919 0.4906833 0.8508443 0.1462717 0.8499329 0.4397865 0.8329273 0.4397865 0.8499329 -0.02472776 0.4545453 0.4992645 0.4638705 -0.02466917 0.4636896 -0.02472347 0.4429874 0.4992963 0.4340245 0.4992103 0.4431679 0.2381557 0.9477396 0.8320179 0.9608402 0.2381557 0.9608402 0.5568478 0.9496815 0.5385906 0.926985 0.5385906 0.926985 0.4658607 0.7153822 0.459208 0.7063388 0.4585371 0.7153822 0.4585371 0.7153822 0.4527735 0.7063388 0.459208 0.7063388 0.4402996 0.7153822 0.4468253 0.7063388 0.4410306 0.7063388 0.4224791 0.7063388 0.3195332 0.7153822 0.4216867 0.7153822 0.5148311 0.9683943 0.5434994 0.9735502 0.5148311 0.9683943 0.5516921 0.9783499 0.5568478 0.9496815 0.5516921 0.9783499 0.377294 0.8723345 0.3491072 0.8582412 0.3491072 0.8582412 0.6030568 0.9652483 0.5847997 0.9425519 0.5847997 0.9425519 0.4921347 0.9866516 0.5148311 0.9683943 0.4921347 0.9866516 0.3491072 0.886428 0.3491072 0.8582412 0.377294 0.8723345 0.377294 0.8723345 0.3491072 0.8582412 0.3491072 0.886428 0.4972904 0.9579832 0.4921347 0.9866516 0.4921347 0.9866516 0.5568478 0.9496815 0.5708237 0.9461167 0.5743886 0.9600926 0.5743886 0.9600926 0.5516921 0.9783499 0.5568478 0.9496815 0.5743886 0.9600926 0.5708237 0.9461167 0.5568478 0.9496815 0.5568478 0.9496815 0.5516921 0.9783499 0.5743886 0.9600926 0.5077015 0.9404426 0.4790332 0.9352868 0.4790332 0.9352868 0.3491072 0.886428 0.377294 0.8723345 0.3491072 0.886428 -0.02472347 0.4429874 0.4992063 0.4547262 -0.02472776 0.4545453 0.6030568 0.9652483 0.5743886 0.9600926 0.5847997 0.9425519 0.5847997 0.9425519 0.5743886 0.9600926 0.5708237 0.9461167 0.5568478 0.9496815 0.5385906 0.926985 0.5672589 0.9321407 0.5568478 0.9496815 0.5672589 0.9321407 0.5708237 0.9461167 0.5899554 0.9138836 0.5847997 0.9425519 0.5672589 0.9321407 0.5672589 0.9321407 0.5847997 0.9425519 0.5708237 0.9461167 0.5385906 0.926985 0.5568478 0.9496815 0.5672589 0.9321407 0.5672589 0.9321407 0.5568478 0.9496815 0.5708237 0.9461167 0.5743886 0.9600926 0.6030568 0.9652483 0.5847997 0.9425519 0.5743886 0.9600926 0.5847997 0.9425519 0.5708237 0.9461167 0.5899554 0.9138836 0.5672589 0.9321407 0.5847997 0.9425519 0.5847997 0.9425519 0.5672589 0.9321407 0.5708237 0.9461167 0.6969602 0.9693917 0.5675925 0.9652846 0.5802627 0.9624646 0.6969602 0.9693917 0.5802627 0.9624646 0.7022286 0.9507693 0.5675925 0.9652846 0.6969602 0.9693917 0.5802627 0.9624648 0.5802627 0.9624648 0.6969602 0.9693917 0.7022286 0.9507693 0.4790332 0.9352868 0.5077015 0.9404426 0.4972904 0.9579832 0.5077015 0.9404426 0.5112663 0.9544185 0.4972904 0.9579832 0.5434994 0.9735502 0.5252422 0.9508537 0.5148311 0.9683943 0.5252422 0.9508537 0.5112663 0.9544185 0.5148311 0.9683943 0.5516921 0.9783499 0.5743886 0.9600926 0.5516921 0.9783499 0.2381557 0.9609212 0.8320179 0.9852669 0.2381557 0.9852674 0.5303979 0.9221853 0.5252422 0.9508537 0.5077015 0.9404426 0.5077015 0.9404426 0.5252422 0.9508537 0.5112663 0.9544185 0.5434994 0.9735502 0.5148311 0.9683943 0.5252422 0.9508537 0.5252422 0.9508537 0.5148311 0.9683943 0.5112663 0.9544185 0.4972904 0.9579832 0.5112663 0.9544185 0.5148311 0.9683943 0.5148311 0.9683943 0.4921347 0.9866516 0.4972904 0.9579832 0.5112663 0.9544185 0.4972904 0.9579832 0.5148311 0.9683943 0.4972904 0.9579832 0.4921347 0.9866516 0.5148311 0.9683943 0.5303979 0.9221853 0.5077015 0.9404426 0.5252422 0.9508537 0.5252422 0.9508537 0.5077015 0.9404426 0.5112663 0.9544185 0.4790332 0.9352868 0.4972904 0.9579832 0.5077015 0.9404426 0.5077015 0.9404426 0.4972904 0.9579832 0.5112663 0.9544185 0.6924384 0.9788155 0.5705739 0.9766392 0.5813679 0.9710954 0.6924384 0.9788155 0.5813679 0.9710954 0.6877945 0.9600278 0.5705739 0.9766392 0.6924384 0.9788155 0.581368 0.9710954 0.581368 0.9710954 0.6924384 0.9788155 0.6877945 0.9600277 0.3195332 0.7153822 0.004454493 0.7063388 -0.02998 0.7153822 0.004454493 0.7063388 0.3195332 0.7153822 -0.02998 0.7153822 0.5252422 0.9508537 0.5303979 0.9221853 0.5303979 0.9221853 0.5077015 0.9404426 0.5303979 0.9221853 0.5077015 0.9404426 0.7148634 0.8906919 0.5702388 0.8508442 0.7148633 0.8508442 0.435139 0.7063388 0.4282169 0.7153822 0.4289878 0.7063388 0.4410306 0.7063388 0.4343885 0.7153822 0.4402996 0.7153822 0.4520813 0.7153822 0.4468253 0.7063388 0.4461135 0.7153822 0.4289878 0.7063388 0.4216867 0.7153822 0.4224791 0.7063388 0.5348348 0.8499329 0.5411764 0.8329273 0.5411764 0.8499329 0.5743886 0.9600926 0.6030568 0.9652483 0.5743886 0.9600926 0.6620742 0.7153822 0.4665074 0.7063388 0.6620742 0.7063388 0.547387 0.8499329 0.5535989 0.8329273 0.5535989 0.8499329 0.6877945 0.9600278 0.581368 0.9710954 0.6877945 0.9600277 0.559977 0.8329273 0.5667299 0.8499329 0.559977 0.8499329 0.3195332 0.7153822 0.3206626 0.7063388 0.004454493 0.7063388 0.004454493 0.7063388 0.3206626 0.7063388 0.3195332 0.7153822 -0.02472776 0.494217 0.4992906 0.4852545 0.4992045 0.4943979 0.3491072 0.8582412 0.3491072 0.886428 0.3491072 0.8582412 0.5434994 0.9735502 0.5252422 0.9508537 0.5252422 0.9508537 0.5667299 0.8499329 0.5739535 0.8329273 0.5739535 0.8499329 0.7461382 0.8329272 0.5739535 0.8499329 0.5739535 0.8329273 -0.02463752 0.4735157 0.4992906 0.4852545 -0.02464169 0.4850736 0.2381557 0.9851864 0.8320179 0.9982866 0.2381557 0.998287 0.5348348 0.8329273 0.5283676 0.8499329 0.5283676 0.8329273 0.5899554 0.9138836 0.5672589 0.9321407 0.5672589 0.9321407 0.4658607 0.7153822 0.459208 0.7063388 0.4665074 0.7063388 0.4224791 0.7063388 0.3195332 0.7153822 0.3206626 0.7063388 0.4585371 0.7153822 0.4527735 0.7063388 0.4520813 0.7153822 0.4289878 0.7063388 0.4216867 0.7153822 0.4282169 0.7153822 0.4402996 0.7153822 0.4468253 0.7063388 0.4461135 0.7153822 0.4520813 0.7153822 0.4468253 0.7063388 0.4527735 0.7063388 0.581368 0.9710954 0.5705739 0.9766392 0.5705739 0.9766392 0.5283676 0.8499329 0.4397865 0.8329273 0.5283676 0.8329273 0.2381557 0.9478206 0.8320179 0.9609215 0.2381557 0.9609212 0.2381557 0.9852674 0.8320179 0.9983679 0.2381557 0.9983679 -0.02463752 0.4735157 0.4993807 0.4645528 0.4992946 0.4736962 0.435139 0.7063388 0.4282169 0.7153822 0.4343885 0.7153822 0.4410306 0.7063388 0.4343885 0.7153822 0.435139 0.7063388 0.6924384 0.9788155 0.5705739 0.9766392 0.5705739 0.9766392 0.5675925 0.9652846 0.5675925 0.9652846 0.5802627 0.9624648 0.4790332 0.9352868 0.4972904 0.9579832 0.4972904 0.9579832 0.5672589 0.9321407 0.5385906 0.926985 0.5385906 0.926985 0.5535989 0.8329273 0.559977 0.8329273 0.559977 0.8499329 0.5675925 0.9652846 0.6969602 0.9693917 0.6969602 0.9693917 0.5847997 0.9425519 0.5847997 0.9425519 0.5899554 0.9138836 0.5802627 0.9624646 0.5802627 0.9624648 0.7022286 0.9507693 0.2381557 0.9608402 0.8320179 0.9608402 0.8320179 0.9851856 0.547387 0.8499329 0.5411764 0.8499329 0.5411764 0.8329273 0.6620742 0.7153822 0.6620742 0.7063388 0.4665074 0.7063388 0.4906833 0.8906919 0.3156304 0.8906919 0.3156304 0.8508443 0.5702388 0.8508442 0.5702388 0.8906919 0.4906833 0.8906919 0.1462717 0.8499329 0.1462718 0.8329266 0.4397865 0.8329273 -0.02472776 0.4545453 0.4992063 0.4547262 0.4992645 0.4638705 -0.02472347 0.4429874 -0.02463752 0.4338439 0.4992963 0.4340245 0.2381557 0.9477396 0.8320179 0.9477393 0.8320179 0.9608402 0.5568478 0.9496815 0.5568478 0.9496815 0.5385906 0.926985 0.4658607 0.7153822 0.4665074 0.7063388 0.459208 0.7063388 0.4585371 0.7153822 0.4520813 0.7153822 0.4527735 0.7063388 0.4402996 0.7153822 0.4461135 0.7153822 0.4468253 0.7063388 0.4224791 0.7063388 0.3206626 0.7063388 0.3195332 0.7153822 0.5148311 0.9683943 0.5434994 0.9735502 0.5434994 0.9735502 0.5516921 0.9783499 0.5568478 0.9496815 0.5568478 0.9496815 0.377294 0.8723345 0.377294 0.8723345 0.3491072 0.8582412 0.6030568 0.9652483 0.6030568 0.9652483 0.5847997 0.9425519 0.4921347 0.9866516 0.5148311 0.9683943 0.5148311 0.9683943 0.4972904 0.9579832 0.4972904 0.9579832 0.4921347 0.9866516 0.5077015 0.9404426 0.5077015 0.9404426 0.4790332 0.9352868 0.3491072 0.886428 0.377294 0.8723345 0.377294 0.8723345 -0.02472347 0.4429874 0.4992103 0.4431679 0.4992063 0.4547262 0.5516921 0.9783499 0.5743886 0.9600926 0.5743886 0.9600926 0.2381557 0.9609212 0.8320179 0.9609215 0.8320179 0.9852669 0.5252422 0.9508537 0.5252422 0.9508537 0.5303979 0.9221853 0.5077015 0.9404426 0.5303979 0.9221853 0.5303979 0.9221853 0.7148634 0.8906919 0.5702388 0.8906919 0.5702388 0.8508442 0.435139 0.7063388 0.4343885 0.7153822 0.4282169 0.7153822 0.4410306 0.7063388 0.435139 0.7063388 0.4343885 0.7153822 0.4520813 0.7153822 0.4527735 0.7063388 0.4468253 0.7063388 0.4289878 0.7063388 0.4282169 0.7153822 0.4216867 0.7153822 0.5348348 0.8499329 0.5348348 0.8329273 0.5411764 0.8329273 0.5743886 0.9600926 0.6030568 0.9652483 0.6030568 0.9652483 0.6620742 0.7153822 0.4658607 0.7153822 0.4665074 0.7063388 0.547387 0.8499329 0.547387 0.8329273 0.5535989 0.8329273 0.6877945 0.9600278 0.5813679 0.9710954 0.581368 0.9710954 0.559977 0.8329273 0.5667299 0.8329273 0.5667299 0.8499329 -0.02472776 0.494217 -0.02464169 0.4850736 0.4992906 0.4852545 0.3491072 0.8582412 0.3491072 0.886428 0.3491072 0.886428 0.5434994 0.9735502 0.5434994 0.9735502 0.5252422 0.9508537 0.5667299 0.8499329 0.5667299 0.8329273 0.5739535 0.8329273 0.7461382 0.8329272 0.7461382 0.8499327 0.5739535 0.8499329 -0.02463752 0.4735157 0.4992946 0.4736962 0.4992906 0.4852545 0.2381557 0.9851864 0.8320179 0.9851856 0.8320179 0.9982866 0.5348348 0.8329273 0.5348348 0.8499329 0.5283676 0.8499329 0.5899554 0.9138836 0.5899554 0.9138836 0.5672589 0.9321407 0.4658607 0.7153822 0.4585371 0.7153822 0.459208 0.7063388 0.4224791 0.7063388 0.4216867 0.7153822 0.3195332 0.7153822 0.4585371 0.7153822 0.459208 0.7063388 0.4527735 0.7063388 0.4289878 0.7063388 0.4224791 0.7063388 0.4216867 0.7153822 0.4402996 0.7153822 0.4410306 0.7063388 0.4468253 0.7063388 0.4520813 0.7153822 0.4461135 0.7153822 0.4468253 0.7063388 0.581368 0.9710954 0.5813679 0.9710954 0.5705739 0.9766392 0.5283676 0.8499329 0.4397865 0.8499329 0.4397865 0.8329273 0.2381557 0.9478206 0.8320179 0.9478206 0.8320179 0.9609215 0.2381557 0.9852674 0.8320179 0.9852669 0.8320179 0.9983679 -0.02463752 0.4735157 -0.02455163 0.4643723 0.4993807 0.4645528 0.435139 0.7063388 0.4289878 0.7063388 0.4282169 0.7153822 0.4410306 0.7063388 0.4402996 0.7153822 0.4343885 0.7153822 0.5742955 0.2835577 0.5535431 0.1195548 0.5742955 0.1195548 0.6452609 0.08886289 0.6660133 0.5287154 0.6660133 0.08886289 0.03799128 0.09781122 0.1504614 0.3053013 0.03799128 0.3053013 0.5535431 0.08886289 0.5742955 0.5287154 0.5742955 0.08886289 0.4188911 0.3715118 0.3102385 0.0406304 0.418891 0.0406304 0.5535431 0.08886289 0.5742955 0.4608258 0.5535431 0.4608258 0.5654024 0.3715118 0.6032611 0.0406304 0.6032611 0.3715118 -0.937017 -1.125164 0.297291 -5.58633 -0.937017 -1.125164 0.6032611 0.1443461 0.6411197 0.0406304 0.6411197 0.1443461 0.5535431 0.1195548 0.5742955 0.2835577 0.5742955 0.1195548 0.6736409 0.6396067 0.8934826 0.6396067 0.6349259 0.7803911 0.8934826 0.6396067 0.9378781 0.8156276 0.6607196 0.8156276 0.8934826 0.6396067 0.651754 0.814339 0.644988 0.8114359 0.8934826 0.6396067 0.6342472 0.7955382 0.6337228 0.7883351 0.8934826 0.6396067 0.6337228 0.7883351 0.6349259 0.7803911 0.8934826 0.6396067 0.639917 0.8072324 0.6363456 0.8018978 0.8934826 0.6396067 0.644988 0.8114359 0.639917 0.8072324 0.8934826 0.6396067 0.6607196 0.8156276 0.651754 0.814339 0.8934826 0.6396067 0.6363456 0.8018978 0.6342472 0.7955382 0.6349259 0.7803911 0.8934826 0.6396067 0.6736409 0.6396067 0.6607196 0.8156276 0.9378781 0.8156276 0.8934826 0.6396067 0.644988 0.8114359 0.651754 0.814339 0.8934826 0.6396067 0.6337228 0.7883351 0.6342472 0.7955382 0.8934826 0.6396067 0.6349259 0.7803911 0.6337228 0.7883351 0.8934826 0.6396067 0.6363456 0.8018978 0.639917 0.8072324 0.8934826 0.6396067 0.639917 0.8072324 0.644988 0.8114359 0.8934826 0.6396067 0.651754 0.814339 0.6607196 0.8156276 0.8934826 0.6396067 0.6342472 0.7955382 0.6363456 0.8018978 0.8934826 0.6396067 0.6105452 0.09781122 0.2023089 0.09781122 0.2240524 0.1195548 0.6105452 0.09781122 0.2240524 0.1195548 0.5960154 0.1195548 0.2023089 0.3053013 0.2240524 0.1195548 0.2023089 0.09781122 0.2240524 0.1195548 0.2023089 0.3053013 0.2240524 0.2835577 0.2023089 0.3053013 0.6964377 0.3053013 0.663905 0.2835577 0.2023089 0.3053013 0.663905 0.2835577 0.2240524 0.2835577 0.1483532 0.2835577 0.09499341 0.09781122 0.08046364 0.1195548 0.6105452 0.09781122 0.663905 0.2835577 0.6964377 0.3053013 0.2023089 0.3053013 0.2023089 0.09781122 0.2240524 0.1195548 0.2023089 0.3053013 0.2240524 0.1195548 0.2240524 0.2835577 0.6105452 0.09781122 0.2240524 0.1195548 0.2023089 0.09781122 0.2240524 0.1195548 0.6105452 0.09781122 0.5960154 0.1195548 0.1483532 0.2835577 0.09499341 0.09781122 0.1808859 0.3053013 0.6105452 0.09781122 0.663905 0.2835577 0.5960154 0.1195548 0.2023089 0.3053013 0.663905 0.2835577 0.6964377 0.3053013 0.1483532 0.2835577 -0.3132428 0.3053013 -0.2914993 0.2835577 0.7866367 0.304002 0.7272416 0.6396066 0.6736409 0.6396066 0.6736409 0.6396066 0.7866367 0.2312052 0.7866367 0.304002 0.7272416 0.6396066 0.7866367 0.304002 0.6736409 0.6396066 0.7866367 0.2312052 0.6736409 0.6396066 0.7866367 0.304002 0.5275437 0.0406304 0.4188911 0.3715119 0.4188911 0.0406304 0.5654024 0.3715118 0.5275437 0.0406304 0.5654023 0.0406304 0.8934826 0.6396067 0.6736409 0.6396067 0.6736409 0.6396067 0.1504614 0.2835577 0.1297091 0.1195548 0.1504693 0.1195548 0.7272416 0.6396066 0.7866367 0.304002 0.7272416 0.6396066 0.1297091 0.1195548 0.1504614 0.2835577 0.1504614 0.1195548 0.1504693 0.4608258 0.1297091 0.08886289 0.1504614 0.08886289 0.9378781 0.8156276 0.8934826 0.6396067 0.9378781 0.8156276 0.5742955 0.2835577 0.5535431 0.2835577 0.5535431 0.1195548 0.6452609 0.08886289 0.6452609 0.5287154 0.6660133 0.5287154 0.03799128 0.09781122 0.1504614 0.09781122 0.1504614 0.3053013 0.5535431 0.08886289 0.5535431 0.5287154 0.5742955 0.5287154 0.4188911 0.3715118 0.3102385 0.3715119 0.3102385 0.0406304 0.5535431 0.08886289 0.5742955 0.08886289 0.5742955 0.4608258 0.5654024 0.3715118 0.5654025 0.0406304 0.6032611 0.0406304 -0.937017 -1.125164 0.297291 -5.58633 0.297291 -5.58633 0.6032611 0.1443461 0.6032611 0.0406304 0.6411197 0.0406304 0.5535431 0.1195548 0.5535431 0.2835577 0.5742955 0.2835577 0.5275437 0.0406304 0.5275437 0.3715119 0.4188911 0.3715119 0.5654024 0.3715118 0.5275437 0.3715118 0.5275437 0.0406304 0.8934826 0.6396067 0.8934826 0.6396067 0.6736409 0.6396067 0.1504614 0.2835577 0.1297091 0.2835577 0.1297091 0.1195548 0.7272416 0.6396066 0.7866367 0.304002 0.7866367 0.304002 0.1297091 0.1195548 0.1297091 0.2835577 0.1504614 0.2835577 0.1504693 0.4608258 0.1297091 0.4608258 0.1297091 0.08886289 0.9378781 0.8156276 0.8934826 0.6396067 0.8934826 0.6396067 0.9376146 0.8060275 0.9102855 0.7803125 0.9376146 0.7803125 0.8756069 0.8082146 0.8560706 0.7803125 0.8756069 0.7803125 0.5247498 0.8060275 0.507154 0.7803125 0.5247498 0.7803125 0.9102269 0.8060275 0.8925752 0.7803125 0.9102269 0.7803125 0.7155191 0.8082146 0.7002384 0.7803125 0.7155191 0.7803125 0.6623045 0.8060275 0.6510983 0.7803125 0.6623045 0.7803125 0.5432518 0.8082146 0.5254817 0.7803125 0.5432518 0.7803125 0.7410246 0.8082146 0.7172607 0.7803125 0.7410246 0.7803125 0.7410246 0.8060275 0.7172607 0.7803125 0.7410246 0.7803125 0.7155191 0.8082146 0.7002384 0.7803125 0.7155191 0.7803125 0.763812 0.8060275 0.7445389 0.7803125 0.763812 0.7803125 0.6623045 0.8060275 0.6510983 0.7803125 0.6623045 0.7803125 0.5432518 0.8082146 0.5254817 0.7803125 0.5432518 0.7803125 0.7849101 0.8082146 0.7653738 0.7803125 0.7849101 0.7803125 0.7410246 0.8082146 0.7172607 0.7803125 0.7410246 0.7803125 0.8756069 0.8082146 0.8560706 0.7803125 0.8756069 0.7803125 0.5986074 0.8082146 0.579776 0.7803125 0.5986074 0.7803125 0.5249969 0.8082146 0.5072268 0.7803125 0.5249969 0.7803125 0.5616789 0.8082146 0.5439087 0.7803125 0.5616789 0.7803125 0.7410246 0.8060275 0.7172607 0.7803125 0.7410246 0.7803125 0.5249969 0.8082146 0.5072268 0.7803125 0.5249969 0.7803125 0.7165007 0.8082146 0.6987305 0.7803125 0.7165007 0.7803125 0.6623045 0.8060275 0.6510983 0.7803125 0.6623045 0.7803125 0.8925718 0.8060275 0.8732987 0.7803125 0.8925718 0.7803125 0.9102269 0.8060275 0.8925752 0.7803125 0.9102269 0.7803125 0.7845885 0.8060275 0.7653155 0.7803125 0.7845885 0.7803125 0.5980164 0.8082146 0.5802462 0.7803125 0.5980164 0.7803125 0.7849101 0.8082146 0.7653738 0.7803125 0.7849101 0.7803125 0.5986074 0.8082146 0.579776 0.7803125 0.5986074 0.7803125 0.763812 0.8060275 0.7445389 0.7803125 0.763812 0.7803125 0.5978714 0.8060275 0.5802756 0.7803125 0.5978714 0.7803125 0.8743968 0.8060275 0.856801 0.7803125 0.8743968 0.7803125 0.5247498 0.8060275 0.507154 0.7803125 0.5247498 0.7803125 0.8925718 0.8060275 0.8732987 0.7803125 0.8925718 0.7803125 0.6950796 0.6555386 0.6619794 0.7306107 0.6619794 0.6418365 0.763812 0.8060275 0.7445389 0.7803125 0.763812 0.7803125 0.8743968 0.8060275 0.856801 0.7803125 0.8743968 0.7803125 0.9376146 0.8060275 0.9102855 0.7803125 0.9376146 0.7803125 0.5980164 0.8082146 0.5802462 0.7803125 0.5980164 0.7803125 0.6618261 0.7306107 0.6287258 0.6555386 0.661826 0.6418365 0.7165007 0.8082146 0.6987305 0.7803125 0.7165007 0.7803125 0.7845885 0.8060275 0.7653155 0.7803125 0.7845885 0.7803125 0.6623045 0.8060275 0.6510983 0.7803125 0.6623045 0.7803125 0.763812 0.8060275 0.7445389 0.7803125 0.763812 0.7803125 0.5616789 0.8082146 0.5439087 0.7803125 0.5616789 0.7803125 0.5978714 0.8060275 0.5802756 0.7803125 0.5978714 0.7803125 0.9376146 0.8060275 0.9102855 0.8060275 0.9102855 0.7803125 0.8756069 0.8082146 0.8560706 0.8082146 0.8560706 0.7803125 0.5247498 0.8060275 0.507154 0.8060275 0.507154 0.7803125 0.9102269 0.8060275 0.8925752 0.8060275 0.8925752 0.7803125 0.7155191 0.8082146 0.7002384 0.8082146 0.7002384 0.7803125 0.6623045 0.8060275 0.6510983 0.8060275 0.6510983 0.7803125 0.5432518 0.8082146 0.5254817 0.8082146 0.5254817 0.7803125 0.7410246 0.8082146 0.7172607 0.8082146 0.7172607 0.7803125 0.7410246 0.8060275 0.7172607 0.8060275 0.7172607 0.7803125 0.7155191 0.8082146 0.7002384 0.8082146 0.7002384 0.7803125 0.763812 0.8060275 0.7445389 0.8060275 0.7445389 0.7803125 0.6623045 0.8060275 0.6510983 0.8060275 0.6510983 0.7803125 0.5432518 0.8082146 0.5254817 0.8082146 0.5254817 0.7803125 0.7849101 0.8082146 0.7653738 0.8082146 0.7653738 0.7803125 0.7410246 0.8082146 0.7172607 0.8082146 0.7172607 0.7803125 0.8756069 0.8082146 0.8560706 0.8082146 0.8560706 0.7803125 0.5986074 0.8082146 0.579776 0.8082146 0.579776 0.7803125 0.5249969 0.8082146 0.5072268 0.8082146 0.5072268 0.7803125 0.5616789 0.8082146 0.5439087 0.8082146 0.5439087 0.7803125 0.7410246 0.8060275 0.7172607 0.8060275 0.7172607 0.7803125 0.5249969 0.8082146 0.5072268 0.8082146 0.5072268 0.7803125 0.7165007 0.8082146 0.6987305 0.8082146 0.6987305 0.7803125 0.6623045 0.8060275 0.6510983 0.8060275 0.6510983 0.7803125 0.8925718 0.8060275 0.8732987 0.8060275 0.8732987 0.7803125 0.9102269 0.8060275 0.8925752 0.8060275 0.8925752 0.7803125 0.7845885 0.8060275 0.7653155 0.8060275 0.7653155 0.7803125 0.5980164 0.8082146 0.5802462 0.8082146 0.5802462 0.7803125 0.7849101 0.8082146 0.7653738 0.8082146 0.7653738 0.7803125 0.5986074 0.8082146 0.579776 0.8082146 0.579776 0.7803125 0.763812 0.8060275 0.7445389 0.8060275 0.7445389 0.7803125 0.5978714 0.8060275 0.5802756 0.8060275 0.5802756 0.7803125 0.8743968 0.8060275 0.856801 0.8060275 0.856801 0.7803125 0.5247498 0.8060275 0.507154 0.8060275 0.507154 0.7803125 0.8925718 0.8060275 0.8732987 0.8060275 0.8732987 0.7803125 0.6950796 0.6555386 0.6950796 0.7306107 0.6619794 0.7306107 0.763812 0.8060275 0.7445389 0.8060275 0.7445389 0.7803125 0.8743968 0.8060275 0.856801 0.8060275 0.856801 0.7803125 0.9376146 0.8060275 0.9102855 0.8060275 0.9102855 0.7803125 0.5980164 0.8082146 0.5802462 0.8082146 0.5802462 0.7803125 0.6618261 0.7306107 0.6287258 0.7306107 0.6287258 0.6555386 0.7165007 0.8082146 0.6987305 0.8082146 0.6987305 0.7803125 0.7845885 0.8060275 0.7653155 0.8060275 0.7653155 0.7803125 0.6623045 0.8060275 0.6510983 0.8060275 0.6510983 0.7803125 0.763812 0.8060275 0.7445389 0.8060275 0.7445389 0.7803125 0.5616789 0.8082146 0.5439087 0.8082146 0.5439087 0.7803125 0.5978714 0.8060275 0.5802756 0.8060275 0.5802756 0.7803125 0.784905 0.8082146 0.784905 0.7803125 0.8027344 0.7803125 0.8027344 0.8082146 0.7653738 0.8082146 0.7653738 0.7803125 0.7841797 0.7803125 0.7841797 0.8082146 0.8742676 0.8082146 0.8742676 0.7803125 0.8920898 0.7803125 0.8920898 0.8082146 0.8405691 0.8082146 0.8405691 0.7803125 0.8564453 0.7803125 0.8564453 0.8082146 0.5065847 0.8082146 0.5065847 0.7803125 0.5253906 0.7803125 0.5253906 0.8082146 0.5627371 0.8082146 0.5627371 0.7803125 0.5805664 0.7803125 0.5805664 0.8082146 0.5065847 0.8082146 0.5065847 0.7803125 0.5253906 0.7803125 0.5253906 0.8082146 0.784905 0.8082146 0.784905 0.7803125 0.8027344 0.7803125 0.8027344 0.8082146 0.7653738 0.8082146 0.7653738 0.7803125 0.7841797 0.7803125 0.7841797 0.8082146 0.8742676 0.8082146 0.8742676 0.7803125 0.8920898 0.7803125 0.8920898 0.8082146 0.8405691 0.8082146 0.8405691 0.7803125 0.8564453 0.7803125 0.8564453 0.8082146 0.5065847 0.8082146 0.5065847 0.7803125 0.5253906 0.7803125 0.5253906 0.8082146 0.5627371 0.8082146 0.5627371 0.7803125 0.5805664 0.7803125 0.5805664 0.8082146 0.5065847 0.8082146 0.5065847 0.7803125 0.5253906 0.7803125 0.5253906 0.8082146 0.8564453 0.8082146 0.8564453 0.7803125 0.874118 0.7803125 0.874118 0.8082146 0.8920898 0.8082146 0.8920898 0.7803125 0.9099121 0.7803125 0.9099121 0.8082146 0.5064387 0.8082146 0.5064387 0.7803125 0.5249969 0.7803125 0.5249969 0.8082146 0.5437012 0.8082146 0.5437012 0.7803125 0.5621063 0.7803125 0.5621063 0.8082146 0.5064387 0.8082146 0.5064387 0.7803125 0.5249969 0.7803125 0.5249969 0.8082146 0.5254817 0.8082146 0.5254817 0.7803125 0.5435516 0.7803125 0.5435516 0.8082146 0.7652278 0.8082146 0.7652278 0.7803125 0.7832977 0.7803125 0.7832977 0.8082146 0.8564453 0.8082146 0.8564453 0.7803125 0.874118 0.7803125 0.874118 0.8082146 0.8920898 0.8082146 0.8920898 0.7803125 0.9099121 0.7803125 0.9099121 0.8082146 0.5064387 0.8082146 0.5064387 0.7803125 0.5249969 0.7803125 0.5249969 0.8082146 0.5437012 0.8082146 0.5437012 0.7803125 0.5621063 0.7803125 0.5621063 0.8082146 0.5064387 0.8082146 0.5064387 0.7803125 0.5249969 0.7803125 0.5249969 0.8082146 0.5254817 0.8082146 0.5254817 0.7803125 0.5435516 0.7803125 0.5435516 0.8082146 0.7652278 0.8082146 0.7652278 0.7803125 0.7832977 0.7803125 0.7832977 0.8082146</float_array>
          <technique_common>
            <accessor source="#motel_a4000_013-mesh-map-0-array" count="1156" stride="2">
              <param name="S" type="float"/>
              <param name="T" type="float"/>
            </accessor>
          </technique_common>
        </source>
        <source id="motel_a4000_013-mesh-map-1">
          <float_array id="motel_a4000_013-mesh-map-1-array" count="2312">0 0 0 0 0 0 0 0 0 0 0 0 0 0 0 0 0 0 0 0 0 0 0 0 0 0 0 0 0 0 0 0 0 0 0 0 0 0 0 0 0 0 0 0 0 0 0 0 0 0 0 0 0 0 0 0 0 0 0 0 0 0 0 0 0 0 0 0 0 0 0 0 0 0 0 0 0 0 0 0 0 0 0 0 0 0 0 0 0 0 0 0 0 0 0 0 0 0 0 0 0 0 0 0 0 0 0 0 0 0 0 0 0 0 0 0 0 0 0 0 0 0 0 0 0 0 0 0 0 0 0 0 0 0 0 0 0 0 0 0 0 0 0 0 0 0 0 0 0 0 0 0 0 0 0 0 0 0 0 0 0 0 0 0 0 0 0 0 0 0 0 0 0 0 0 0 0 0 0 0 0 0 0 0 0 0 0 0 0 0 0 0 0 0 0 0 0 0 0 0 0 0 0 0 0 0 0 0 0 0 0 0 0 0 0 0 0 0 0 0 0 0 0 0 0 0 0 0 0 0 0 0 0 0 0 0 0 0 0 0 0 0 0 0 0 0 0 0 0 0 0 0 0 0 0 0 0 0 0 0 0 0 0 0 0 0 0 0 0 0 0 0 0 0 0 0 0 0 0 0 0 0 0 0 0 0 0 0 0 0 0 0 0 0 0 0 0 0 0 0 0 0 0 0 0 0 0 0 0 0 0 0 0 0 0 0 0 0 0 0 0 0 0 0 0 0 0 0 0 0 0 0 0 0 0 0 0 0 0 0 0 0 0 0 0 0 0 0 0 0 0 0 0 0 0 0 0 0 0 0 0 0 0 0 0 0 0 0 0 0 0 0 0 0 0 0 0 0 0 0 0 0 0 0 0 0 0 0 0 0 0 0 0 0 0 0 0 0 0 0 0 0 0 0 0 0 0 0 0 0 0 0 0 0 0 0 0 0 0 0 0 0 0 0 0 0 0 0 0 0 0 0 0 0 0 0 0 0 0 0 0 0 0 0 0 0 0 0 0 0 0 0 0 0 0 0 0 0 0 0 0 0 0 0 0 0 0 0 0 0 0 0 0 0 0 0 0 0 0 0 0 0 0 0 0 0 0 0 0 0 0 0 0 0 0 0 0 0 0 0 0 0 0 0 0 0 0 0 0 0 0 0 0 0 0 0 0 0 0 0 0 0 0 0 0 0 0 0 0 0 0 0 0 0 0 0 0 0 0 0 0 0 0 0 0 0 0 0 0 0 0 0 0 0 0 0 0 0 0 0 0 0 0 0 0 0 0 0 0 0 0 0 0 0 0 0 0 0 0 0 0 0 0 0 0 0 0 0 0 0 0 0 0 0 0 0 0 0 0 0 0 0 0 0 0 0 0 0 0 0 0 0 0 0 0 0 0 0 0 0 0 0 0 0 0 0 0 0 0 0 0 0 0 0 0 0 0 0 0 0 0 0 0 0 0 0 0 0 0 0 0 0 0 0 0 0 0 0 0 0 0 0 0 0 0 0 0 0 0 0 0 0 0 0 0 0 0 0 0 0 0 0 0 0 0 0 0 0 0 0 0 0 0 0 0 0 0 0 0 0 0 0 0 0 0 0 0 0 0 0 0 0 0 0 0 0 0 0 0 0 0 0 0 0 0 0 0 0 0 0 0 0 0 0 0 0 0 0 0 0 0 0 0 0 0 0 0 0 0 0 0 0 0 0 0 0 0 0 0 0 0 0 0 0 0 0 0 0 0 0 0 0 0 0 0 0 0 0 0 0 0 0 0 0 0 0 0 0 0 0 0 0 0 0 0 0 0 0 0 0 0 0 0 0 0 0 0 0 0 0 0 0 0 0 0 0 0 0 0 0 0 0 0 0 0 0 0 0 0 0 0 0 0 0 0 0 0 0 0 0 0 0 0 0 0 0 0 0 0 0 0 0 0 0 0 0 0 0 0 0 0 0 0 0 0 0 0 0 0 0 0 0 0 0 0 0 0 0 0 0 0 0 0 0 0 0 0 0 0 0 0 0 0 0 0 0 0 0 0 0 0 0 0 0 0 0 0 0 0 0 0 0 0 0 0 0 0 0 0 0 0 0 0 0 0 0 0 0 0 0 0 0 0 0 0 0 0 0 0 0 0 0 0 0 0 0 0 0 0 0 0 0 0 0 0 0 0 0 0 0 0 0 0 0 0 0 0 0 0 0 0 0 0 0 0 0 0 0 0 0 0 0 0 0 0 0 0 0 0 0 0 0 0 0 0 0 0 0 0 0 0 0 0 0 0 0 0 0 0 0 0 0 0 0 0 0 0 0 0 0 0 0 0 0 0 0 0 0 0 0 0 0 0 0 0 0 0 0 0 0 0 0 0 0 0 0 0 0 0 0 0 0 0 0 0 0 0 0 0 0 0 0 0 0 0 0 0 0 0 0 0 0 0 0 0 0 0 0 0 0 0 0 0 0 0 0 0 0 0 0 0 0 0 0 0 0 0 0 0 0 0 0 0 0 0 0 0 0 0 0 0 0 0 0 0 0 0 0 0 0 0 0 0 0 0 0 0 0 0 0 0 0 0 0 0 0 0 0 0 0 0 0 0 0 0 0 0 0 0 0 0 0 0 0 0 0 0 0 0 0 0 0 0 0 0 0 0 0 0 0 0 0 0 0 0 0 0 0 0 0 0 0 0 0 0 0 0 0 0 0 0 0 0 0 0 0 0 0 0 0 0 0 0 0 0 0 0 0 0 0 0 0 0 0 0 0 0 0 0 0 0 0 0 0 0 0 0 0 0 0 0 0 0 0 0 0 0 0 0 0 0 0 0 0 0 0 0 0 0 0 0 0 0 0 0 0 0 0 0 0 0 0 0 0 0 0 0 0 0 0 0 0 0 0 0 0 0 0 0 0 0 0 0 0 0 0 0 0 0 0 0 0 0 0 0 0 0 0 0 0 0 0 0 0 0 0 0 0 0 0 0 0 0 0 0 0 0 0 0 0 0 0 0 0 0 0 0 0 0 0 0 0 0 0 0 0 0 0 0 0 0 0 0 0 0 0 0 0 0 0 0 0 0 0 0 0 0 0 0 0 0 0 0 0 0 0 0 0 0 0 0 0 0 0 0 0 0 0 0 0 0 0 0 0 0 0 0 0 0 0 0 0 0 0 0 0 0 0 0 0 0 0 0 0 0 0 0 0 0 0 0 0 0 0 0 0 0 0 0 0 0 0 0 0 0 0 0 0 0 0 0 0 0 0 0 0 0 0 0 0 0 0 0 0 0 0 0 0 0 0 0 0 0 0 0 0 0 0 0 0 0 0 0 0 0 0 0 0 0 0 0 0 0 0 0 0 0 0 0 0 0 0 0 0 0 0 0 0 0 0 0 0 0 0 0 0 0 0 0 0 0 0 0 0 0 0 0 0 0 0 0 0 0 0 0 0 0 0 0 0 0 0 0 0 0 0 0 0 0 0 0 0 0 0 0 0 0 0 0 0 0 0 0 0 0 0 0 0 0 0 0 0 0 0 0 0 0 0 0 0 0 0 0 0 0 0 0 0 0 0 0 0 0 0 0 0 0 0 0 0 0 0 0 0 0 0 0 0 0 0 0 0 0 0 0 0 0 0 0 0 0 0 0 0 0 0 0 0 0 0 0 0 0 0 0 0 0 0 0 0 0 0 0 0 0 0 0 0 0 0 0 0 0 0 0 0 0 0 0 0 0 0 0 0 0 0 0 0 0 0 0 0 0 0 0 0 0 0 0 0 0 0 0 0 0 0 0 0 0 0 0 0 0 0 0 0 0 0 0 0 0 0 0 0 0 0 0 0 0 0 0 0 0 0 0 0 0 0 0 0 0 0 0 0 0 0 0 0 0 0 0 0 0 0 0 0 0 0 0 0 0 0 0 0 0 0 0 0 0 0 0 0 0 0 0 0 0 0 0 0 0 0 0 0 0 0 0 0 0 0 0 0 0 0 0 0 0 0 0 0 0 0 0 0 0 0 0 0 0 0 0 0 0 0 0 0 0 0 0 0 0 0 0 0 0 0 0 0 0 0 0 0 0 0 0 0 0 0 0 0 0 0 0 0 0 0 0 0 0 0 0 0 0 0 0 0 0 0 0 0 0 0 0 0 0 0 0 0 0 0 0 0 0 0 0 0 0 0 0 0 0 0 0 0 0 0 0 0 0 0 0 0 0 0 0 0 0 0 0 0 0 0 0 0 0 0 0 0 0 0 0 0 0 0 0 0 0 0 0 0 0 0 0 0 0 0 0 0 0 0 0 0 0 0 0 0 0 0 0 0 0 0 0 0 0 0 0 0 0 0 0 0 0 0 0 0 0 0 0 0 0 0 0 0 0 0 0 0 0 0 0 0 0 0 0 0 0 0 0 0 0 0 0 0 0 0 0 0 0 0 0 0 0 0 0 0 0 0 0 0 0 0 0 0 0 0 0 0 0 0 0 0 0 0 0 0 0 0 0 0 0 0 0 0 0 0 0 0 0 0 0 0 0 0 0 0 0 0 0 0 0 0 0 0 0 0 0 0 0 0 0 0 0 0 0 0 0 0 0 0 0 0 0 0 0 0 0 0 0 0 0 0 0 0 0 0 0 0 0 0 0 0 0 0 0 0 0 0 0 0 0 0 0 0 0 0 0 0 0 0 0 0 0 0 0 0 0 0 0 0 0 0 0 0 0 0 0 0 0 0 0 0 0 0 0 0 0 0 0 0 0 0 0 0 0 0 0 0 0 0 0 0 0 0 0 0 0 0 0 0 0 0 0 0 0 0 0 0 0 0 0 0 0 0 0 0 0 0 0 0 0 0 0 0 0 0 0 0 0 0 0 0 0 0 0 0 0 0 0 0 0 0 0 0 0 0 0 0 0 0 0 0 0 0 0 0 0 0 0 0 0 0 0 0 0 0 0 0 0 0 0 0 0 0 0 0 0 0 0 0 0 0 0 0 0 0 0 0 0 0 0 0 0 0 0 0 0 0 0 0 0 0 0 0 0 0 0 0 0 0 0 0 0 0 0 0 0 0 0 0 0 0 0 0 0 0 0 0 0 0 0 0 0 0 0 0 0 0 0 0 0 0 0 0 0 0 0 0 0 0 0 0 0 0 0 0 0 0 0 0 0 0 0 0 0 0 0 0 0 0 0 0 0 0 0 0 0 0 0 0 0 0 0 0 0 0 0 0 0 0 0 0 0 0 0 0 0 0 0 0 0 0</float_array>
          <technique_common>
            <accessor source="#motel_a4000_013-mesh-map-1-array" count="1156" stride="2">
              <param name="S" type="float"/>
              <param name="T" type="float"/>
            </accessor>
          </technique_common>
        </source>
        <source id="motel_a4000_013-mesh-colors-geom-motel_a4000-map0" name="geom-motel_a4000-map0">
          <float_array id="motel_a4000_013-mesh-colors-geom-motel_a4000-map0-array" count="4176">1 0.4588235 0.4392157 1 1 0.4588235 0.4392157 1 1 0.4588235 0.4392157 1 1 0.4588235 0.4392157 1 1 0.4588235 0.4392157 1 1 0.4588235 0.4392157 1 1 0.8705883 0.3764706 1 1 0.8705883 0.3764706 1 1 0.8705883 0.3764706 1 1 0.8705883 0.3764706 1 1 0.8705883 0.3764706 1 1 0.8705883 0.3764706 1 1 0.9333333 0.6745098 1 1 0.9333333 0.6745098 1 1 0.9333333 0.6745098 1 1 0.4588235 0.4392157 1 1 0.4588235 0.4392157 1 1 0.4588235 0.4392157 1 1 0.8705883 0.3764706 1 1 0.8705883 0.3764706 1 1 0.8705883 0.3764706 1 1 0.4588235 0.4392157 1 1 0.4588235 0.4392157 1 1 0.4588235 0.4392157 1 1 1 1 1 1 1 1 1 1 1 1 1 1 0.9333333 0.6745098 1 1 0.9333333 0.6745098 1 1 0.9333333 0.6745098 1 1 0.9333333 0.6745098 1 1 0.9333333 0.6745098 1 1 0.9333333 0.6745098 1 1 0.8784314 0.5176471 1 1 0.8784314 0.5176471 1 1 0.8784314 0.5176471 1 1 0.8784314 0.5176471 1 1 0.8784314 0.5176471 1 1 0.8784314 0.5176471 1 1 0.9333333 0.6745098 1 1 0.9333333 0.6745098 1 1 0.9333333 0.6745098 1 1 1 1 1 1 1 1 1 1 1 1 1 1 1 1 1 1 1 1 1 1 1 1 1 1 1 1 1 1 1 1 1 1 1 1 1 1 0.8705883 0.3764706 1 1 0.8705883 0.3764706 1 1 0.8705883 0.3764706 1 1 0.9333333 0.6745098 1 1 0.9333333 0.6745098 1 1 0.9333333 0.6745098 1 1 0.9333333 0.6745098 1 1 0.9333333 0.6745098 1 1 0.9333333 0.6745098 1 1 0.9333333 0.6745098 1 1 0.9333333 0.6745098 1 1 0.9333333 0.6745098 1 1 0.9333333 0.6745098 1 1 0.9333333 0.6745098 1 1 0.9333333 0.6745098 1 1 0.8705883 0.3764706 1 1 0.8705883 0.3764706 1 1 0.8705883 0.3764706 1 1 0.8705883 0.3764706 1 1 0.8705883 0.3764706 1 1 0.8705883 0.3764706 1 1 0.8705883 0.3764706 1 1 0.8705883 0.3764706 1 1 0.8705883 0.3764706 1 1 0.8705883 0.3764706 1 1 0.8705883 0.3764706 1 1 0.8705883 0.3764706 1 1 0.8705883 0.3764706 1 1 0.8705883 0.3764706 1 1 0.8705883 0.3764706 1 1 0.8705883 0.3764706 1 1 0.8705883 0.3764706 1 1 0.8705883 0.3764706 1 1 0.8705883 0.3764706 1 1 0.8705883 0.3764706 1 1 0.8705883 0.3764706 1 1 0.8705883 0.3764706 1 1 0.8705883 0.3764706 1 1 0.8705883 0.3764706 1 1 0.8705883 0.3764706 1 1 0.8705883 0.3764706 1 1 0.8705883 0.3764706 1 1 0.8705883 0.3764706 1 1 0.8705883 0.3764706 1 1 0.8705883 0.3764706 1 1 0.8705883 0.3764706 1 1 0.8705883 0.3764706 1 1 0.8705883 0.3764706 1 1 0.8705883 0.3764706 1 1 0.8705883 0.3764706 1 1 0.8705883 0.3764706 1 1 0.8705883 0.3764706 1 1 0.8705883 0.3764706 1 1 0.8705883 0.3764706 1 1 0.8705883 0.3764706 1 1 0.8705883 0.3764706 1 1 0.8705883 0.3764706 1 1 1 1 1 1 1 1 1 1 1 1 1 1 0.8705883 0.3764706 1 1 0.8705883 0.3764706 1 1 0.8705883 0.3764706 1 1 0.8705883 0.3764706 1 1 0.8705883 0.3764706 1 1 0.8705883 0.3764706 1 1 0.8705883 0.3764706 1 1 0.8705883 0.3764706 1 1 0.8705883 0.3764706 1 1 0.8705883 0.3764706 1 1 0.8705883 0.3764706 1 1 0.8705883 0.3764706 1 1 0.8705883 0.3764706 1 1 0.8705883 0.3764706 1 1 0.8705883 0.3764706 1 1 0.8705883 0.3764706 1 1 0.8705883 0.3764706 1 1 0.8705883 0.3764706 1 1 0.8705883 0.3764706 1 1 0.8705883 0.3764706 1 1 0.8705883 0.3764706 1 1 0.8705883 0.3764706 1 1 0.8705883 0.3764706 1 1 0.8705883 0.3764706 1 1 0.8705883 0.3764706 1 1 0.8705883 0.3764706 1 1 0.8705883 0.3764706 1 1 0.8705883 0.3764706 1 1 0.8705883 0.3764706 1 1 0.8705883 0.3764706 1 1 0.8705883 0.3764706 1 1 0.8705883 0.3764706 1 1 0.8705883 0.3764706 1 1 0.8705883 0.3764706 1 1 0.8705883 0.3764706 1 1 0.8705883 0.3764706 1 1 0.4588235 0.4392157 1 1 0.4588235 0.4392157 1 1 0.4588235 0.4392157 1 1 0.4588235 0.4392157 1 1 0.4588235 0.4392157 1 1 0.4588235 0.4392157 1 1 0.4588235 0.4392157 1 1 0.4588235 0.4392157 1 1 0.4588235 0.4392157 1 1 0.4588235 0.4392157 1 1 0.4588235 0.4392157 1 1 0.4588235 0.4392157 1 1 0.8705883 0.3764706 1 1 0.8705883 0.3764706 1 1 0.8705883 0.3764706 1 1 0.8705883 0.3764706 1 1 0.8705883 0.3764706 1 1 0.8705883 0.3764706 1 1 0.8705883 0.3764706 1 1 0.8705883 0.3764706 1 1 0.8705883 0.3764706 1 1 0.8705883 0.3764706 1 1 0.8705883 0.3764706 1 1 0.8705883 0.3764706 1 1 0.8705883 0.3764706 1 1 0.8705883 0.3764706 1 1 0.8705883 0.3764706 1 1 1 1 1 1 1 1 1 1 1 1 1 1 0.8705883 0.3764706 1 1 0.8705883 0.3764706 1 1 0.8705883 0.3764706 1 1 0.8705883 0.3764706 1 1 0.8705883 0.3764706 1 1 0.8705883 0.3764706 1 1 0.8705883 0.3764706 1 1 0.8705883 0.3764706 1 1 0.8705883 0.3764706 1 1 0.8705883 0.3764706 1 1 0.8705883 0.3764706 1 1 0.8705883 0.3764706 1 1 0.8705883 0.3764706 1 1 0.8705883 0.3764706 1 1 0.8705883 0.3764706 1 1 0.8705883 0.3764706 1 1 0.8705883 0.3764706 1 1 0.8705883 0.3764706 1 1 0.8705883 0.3764706 1 1 0.8705883 0.3764706 1 1 0.8705883 0.3764706 1 1 0.8705883 0.3764706 1 1 0.8705883 0.3764706 1 1 0.8705883 0.3764706 1 1 0.8705883 0.3764706 1 1 0.8705883 0.3764706 1 1 0.8705883 0.3764706 1 1 0.8705883 0.3764706 1 1 0.8705883 0.3764706 1 1 0.8705883 0.3764706 1 1 0.8705883 0.3764706 1 1 0.8705883 0.3764706 1 1 0.8705883 0.3764706 1 1 0.8705883 0.3764706 1 1 0.8705883 0.3764706 1 1 0.8705883 0.3764706 1 1 0.4588235 0.4392157 1 1 0.4588235 0.4392157 1 1 0.4588235 0.4392157 1 1 0.4588235 0.4392157 1 1 0.4588235 0.4392157 1 1 0.4588235 0.4392157 1 1 0.4588235 0.4392157 1 1 0.4588235 0.4392157 1 1 0.4588235 0.4392157 1 1 0.4588235 0.4392157 1 1 0.4588235 0.4392157 1 1 0.4588235 0.4392157 1 1 0.9333333 0.6745098 1 1 0.9333333 0.6745098 1 1 0.9333333 0.6745098 1 1 0.9333333 0.6745098 1 1 0.9333333 0.6745098 1 1 0.9333333 0.6745098 1 1 0.8705883 0.3764706 1 1 0.8705883 0.3764706 1 1 0.8705883 0.3764706 1 1 0.8705883 0.3764706 1 1 0.8705883 0.3764706 1 1 0.8705883 0.3764706 1 1 0.8784314 0.5176471 1 1 0.8784314 0.5176471 1 1 0.8784314 0.5176471 1 1 0.9333333 0.6745098 1 1 0.9333333 0.6745098 1 1 0.9333333 0.6745098 1 1 0.9333333 0.6745098 1 1 0.9333333 0.6745098 1 1 0.9333333 0.6745098 1 1 0.9333333 0.6745098 1 1 0.9333333 0.6745098 1 1 0.9333333 0.6745098 1 1 0.9333333 0.6745098 1 1 0.9333333 0.6745098 1 1 0.9333333 0.6745098 1 1 0.9333333 0.6745098 1 1 0.9333333 0.6745098 1 1 0.9333333 0.6745098 1 1 0.8705883 0.3764706 1 1 0.8705883 0.3764706 1 1 0.8705883 0.3764706 1 1 0.9333333 0.6745098 1 1 0.9333333 0.6745098 1 1 0.9333333 0.6745098 1 1 0.9333333 0.6745098 1 1 0.9333333 0.6745098 1 1 0.9333333 0.6745098 1 1 0.4588235 0.4392157 1 1 0.4588235 0.4392157 1 1 0.4588235 0.4392157 1 1 0.9333333 0.6745098 1 1 0.9333333 0.6745098 1 1 0.9333333 0.6745098 1 1 0.9333333 0.6745098 1 1 0.9333333 0.6745098 1 1 0.9333333 0.6745098 1 1 0.9333333 0.6745098 1 1 0.9333333 0.6745098 1 1 0.9333333 0.6745098 1 1 1 1 1 1 1 1 1 1 1 1 1 1 0.8705883 0.3764706 1 1 0.8705883 0.3764706 1 1 0.8705883 0.3764706 1 1 0.8705883 0.3764706 1 1 0.8705883 0.3764706 1 1 0.8705883 0.3764706 1 1 0.9333333 0.6745098 1 1 0.9333333 0.6745098 1 1 0.9333333 0.6745098 1 1 0.9333333 0.6745098 1 1 0.9333333 0.6745098 1 1 0.9333333 0.6745098 1 1 1 1 1 1 1 1 1 1 1 1 1 1 1 1 1 1 1 1 1 1 1 1 1 1 0.9333333 0.6745098 1 1 0.9333333 0.6745098 1 1 0.9333333 0.6745098 1 1 0.8705883 0.3764706 1 1 0.8705883 0.3764706 1 1 0.8705883 0.3764706 1 1 0.9333333 0.6745098 1 1 0.9333333 0.6745098 1 1 0.9333333 0.6745098 1 1 0.9333333 0.6745098 1 1 0.9333333 0.6745098 1 1 0.9333333 0.6745098 1 1 0.9333333 0.6745098 1 1 0.9333333 0.6745098 1 1 0.9333333 0.6745098 1 1 0.9333333 0.6745098 1 1 0.9333333 0.6745098 1 1 0.9333333 0.6745098 1 1 0.9333333 0.6745098 1 1 0.9333333 0.6745098 1 1 0.9333333 0.6745098 1 1 0.9333333 0.6745098 1 1 0.9333333 0.6745098 1 1 0.9333333 0.6745098 1 1 0.4588235 0.4392157 1 1 0.4588235 0.4392157 1 1 0.4588235 0.4392157 1 1 0.9333333 0.6745098 1 1 0.9333333 0.6745098 1 1 0.9333333 0.6745098 1 1 1 1 1 1 1 1 1 1 1 1 1 1 1 1 1 1 1 1 1 1 1 1 1 1 1 1 1 1 1 1 1 1 1 1 1 1 0.9333333 0.6745098 1 1 0.9333333 0.6745098 1 1 0.9333333 0.6745098 1 1 0.9333333 0.6745098 1 1 0.9333333 0.6745098 1 1 0.9333333 0.6745098 1 1 0.4588235 0.4392157 1 1 0.4588235 0.4392157 1 1 0.4588235 0.4392157 1 1 0.4588235 0.4392157 1 1 0.4588235 0.4392157 1 1 0.4588235 0.4392157 1 1 0.8705883 0.3764706 1 1 0.8705883 0.3764706 1 1 0.8705883 0.3764706 1 1 0.8705883 0.3764706 1 1 0.8705883 0.3764706 1 1 0.8705883 0.3764706 1 1 0.9333333 0.6745098 1 1 0.9333333 0.6745098 1 1 0.9333333 0.6745098 1 1 0.4588235 0.4392157 1 1 0.4588235 0.4392157 1 1 0.4588235 0.4392157 1 1 0.8705883 0.3764706 1 1 0.8705883 0.3764706 1 1 0.8705883 0.3764706 1 1 0.4588235 0.4392157 1 1 0.4588235 0.4392157 1 1 0.4588235 0.4392157 1 1 1 1 1 1 1 1 1 1 1 1 1 1 0.9333333 0.6745098 1 1 0.9333333 0.6745098 1 1 0.9333333 0.6745098 1 1 0.9333333 0.6745098 1 1 0.9333333 0.6745098 1 1 0.9333333 0.6745098 1 1 0.8784314 0.5176471 1 1 0.8784314 0.5176471 1 1 0.8784314 0.5176471 1 1 0.8784314 0.5176471 1 1 0.8784314 0.5176471 1 1 0.8784314 0.5176471 1 1 0.9333333 0.6745098 1 1 0.9333333 0.6745098 1 1 0.9333333 0.6745098 1 1 1 1 1 1 1 1 1 1 1 1 1 1 1 1 1 1 1 1 1 1 1 1 1 1 1 1 1 1 1 1 1 1 1 1 1 1 0.8705883 0.3764706 1 1 0.8705883 0.3764706 1 1 0.8705883 0.3764706 1 1 0.9333333 0.6745098 1 1 0.9333333 0.6745098 1 1 0.9333333 0.6745098 1 1 0.9333333 0.6745098 1 1 0.9333333 0.6745098 1 1 0.9333333 0.6745098 1 1 0.9333333 0.6745098 1 1 0.9333333 0.6745098 1 1 0.9333333 0.6745098 1 1 0.9333333 0.6745098 1 1 0.9333333 0.6745098 1 1 0.9333333 0.6745098 1 1 0.8705883 0.3764706 1 1 0.8705883 0.3764706 1 1 0.8705883 0.3764706 1 1 0.8705883 0.3764706 1 1 0.8705883 0.3764706 1 1 0.8705883 0.3764706 1 1 0.8705883 0.3764706 1 1 0.8705883 0.3764706 1 1 0.8705883 0.3764706 1 1 0.8705883 0.3764706 1 1 0.8705883 0.3764706 1 1 0.8705883 0.3764706 1 1 0.8705883 0.3764706 1 1 0.8705883 0.3764706 1 1 0.8705883 0.3764706 1 1 0.8705883 0.3764706 1 1 0.8705883 0.3764706 1 1 0.8705883 0.3764706 1 1 0.8705883 0.3764706 1 1 0.8705883 0.3764706 1 1 0.8705883 0.3764706 1 1 0.8705883 0.3764706 1 1 0.8705883 0.3764706 1 1 0.8705883 0.3764706 1 1 1 1 1 1 1 1 1 1 1 1 1 1 0.8705883 0.3764706 1 1 0.8705883 0.3764706 1 1 0.8705883 0.3764706 1 1 1 1 1 1 1 1 1 1 1 1 1 1 0.8705883 0.3764706 1 1 0.8705883 0.3764706 1 1 0.8705883 0.3764706 1 1 0.8705883 0.3764706 1 1 0.8705883 0.3764706 1 1 0.8705883 0.3764706 1 1 0.8784314 0.5176471 1 1 0.8784314 0.5176471 1 1 0.8784314 0.5176471 1 1 0.9333333 0.6745098 1 1 0.9333333 0.6745098 1 1 0.9333333 0.6745098 1 1 0.9333333 0.6745098 1 1 0.9333333 0.6745098 1 1 0.9333333 0.6745098 1 1 0.9333333 0.6745098 1 1 0.9333333 0.6745098 1 1 0.9333333 0.6745098 1 1 0.9333333 0.6745098 1 1 0.9333333 0.6745098 1 1 0.9333333 0.6745098 1 1 0.9333333 0.6745098 1 1 0.9333333 0.6745098 1 1 0.9333333 0.6745098 1 1 0.8705883 0.3764706 1 1 0.8705883 0.3764706 1 1 0.8705883 0.3764706 1 1 0.9333333 0.6745098 1 1 0.9333333 0.6745098 1 1 0.9333333 0.6745098 1 1 0.9333333 0.6745098 1 1 0.9333333 0.6745098 1 1 0.9333333 0.6745098 1 1 0.4588235 0.4392157 1 1 0.4588235 0.4392157 1 1 0.4588235 0.4392157 1 1 0.9333333 0.6745098 1 1 0.9333333 0.6745098 1 1 0.9333333 0.6745098 1 1 1 1 1 1 1 1 1 1 1 1 1 1 0.8705883 0.3764706 1 1 0.8705883 0.3764706 1 1 0.8705883 0.3764706 1 1 0.8705883 0.3764706 1 1 0.8705883 0.3764706 1 1 0.8705883 0.3764706 1 1 0.9333333 0.6745098 1 1 0.9333333 0.6745098 1 1 0.9333333 0.6745098 1 1 0.9333333 0.6745098 1 1 0.9333333 0.6745098 1 1 0.9333333 0.6745098 1 1 1 1 1 1 1 1 1 1 1 1 1 1 1 1 1 1 1 1 1 1 1 1 1 1 0.9333333 0.6745098 1 1 0.9333333 0.6745098 1 1 0.9333333 0.6745098 1 1 0.8705883 0.3764706 1 1 0.8705883 0.3764706 1 1 0.8705883 0.3764706 1 1 0.9333333 0.6745098 1 1 0.9333333 0.6745098 1 1 0.9333333 0.6745098 1 1 0.9333333 0.6745098 1 1 0.9333333 0.6745098 1 1 0.9333333 0.6745098 1 1 0.9333333 0.6745098 1 1 0.9333333 0.6745098 1 1 0.9333333 0.6745098 1 1 0.9333333 0.6745098 1 1 0.9333333 0.6745098 1 1 0.9333333 0.6745098 1 1 0.9333333 0.6745098 1 1 0.9333333 0.6745098 1 1 0.9333333 0.6745098 1 1 0.9333333 0.6745098 1 1 0.9333333 0.6745098 1 1 0.9333333 0.6745098 1 1 0.4588235 0.4392157 1 1 0.4588235 0.4392157 1 1 0.4588235 0.4392157 1 1 0.9333333 0.6745098 1 1 0.9333333 0.6745098 1 1 0.9333333 0.6745098 1 1 1 1 1 1 1 1 1 1 1 1 1 1 1 1 1 1 1 1 1 1 1 1 1 1 1 1 1 1 1 1 1 1 1 1 1 1 0.9333333 0.6745098 1 1 0.9333333 0.6745098 1 1 0.9333333 0.6745098 1 1 0.9333333 0.6745098 1 1 0.9333333 0.6745098 1 1 0.9333333 0.6745098 1 1 0.8784314 0.5176471 1 1 0.8784314 0.5176471 1 1 0.8784314 0.5176471 1 1 0.8784314 0.5176471 1 1 0.8784314 0.5176471 1 1 0.8784314 0.5176471 1 1 0.8784314 0.5176471 1 1 0.8784314 0.5176471 1 1 0.8784314 0.5176471 1 1 0.8784314 0.5176471 1 1 0.8784314 0.5176471 1 1 0.8784314 0.5176471 1 0.9098039 0.4745098 0.4901961 1 0.9098039 0.4745098 0.4901961 1 0.9098039 0.4745098 0.4901961 1 1 0.8784314 0.5176471 1 1 0.8784314 0.5176471 1 1 0.8784314 0.5176471 1 0.9098039 0.4745098 0.4901961 1 0.9098039 0.4745098 0.4901961 1 0.9098039 0.4745098 0.4901961 1 1 1 1 1 1 1 1 1 1 1 1 1 0.9098039 0.4745098 0.4901961 1 0.9098039 0.4745098 0.4901961 1 0.9098039 0.4745098 0.4901961 1 1 0.8784314 0.5176471 1 1 0.8784314 0.5176471 1 1 0.8784314 0.5176471 1 0.9098039 0.4745098 0.4901961 1 0.9098039 0.4745098 0.4901961 1 0.9098039 0.4745098 0.4901961 1 0.9098039 0.4745098 0.4901961 1 0.9098039 0.4745098 0.4901961 1 0.9098039 0.4745098 0.4901961 1 0.9098039 0.4745098 0.4901961 1 0.9098039 0.4745098 0.4901961 1 0.9098039 0.4745098 0.4901961 1 0.9098039 0.4745098 0.4901961 1 0.9098039 0.4745098 0.4901961 1 0.9098039 0.4745098 0.4901961 1 0.9098039 0.4745098 0.4901961 1 0.9098039 0.4745098 0.4901961 1 0.9098039 0.4745098 0.4901961 1 0.9098039 0.4745098 0.4901961 1 0.9098039 0.4745098 0.4901961 1 0.9098039 0.4745098 0.4901961 1 0.9098039 0.4745098 0.4901961 1 0.9098039 0.4745098 0.4901961 1 0.9098039 0.4745098 0.4901961 1 0.9098039 0.4745098 0.4901961 1 0.9098039 0.4745098 0.4901961 1 0.9098039 0.4745098 0.4901961 1 0.9098039 0.4745098 0.4901961 1 0.9098039 0.4745098 0.4901961 1 0.9098039 0.4745098 0.4901961 1 0.9098039 0.4745098 0.4901961 1 0.9098039 0.4745098 0.4901961 1 0.9098039 0.4745098 0.4901961 1 0.9098039 0.4745098 0.4901961 1 0.9098039 0.4745098 0.4901961 1 0.9098039 0.4745098 0.4901961 1 0.9098039 0.4745098 0.4901961 1 0.9098039 0.4745098 0.4901961 1 0.9098039 0.4745098 0.4901961 1 0.9098039 0.4745098 0.4901961 1 0.9098039 0.4745098 0.4901961 1 0.9098039 0.4745098 0.4901961 1 0.9098039 0.4745098 0.4901961 1 0.9098039 0.4745098 0.4901961 1 0.9098039 0.4745098 0.4901961 1 0.9098039 0.4745098 0.4901961 1 0.9098039 0.4745098 0.4901961 1 0.9098039 0.4745098 0.4901961 1 0.9098039 0.4745098 0.4901961 1 0.9098039 0.4745098 0.4901961 1 0.9098039 0.4745098 0.4901961 1 0.9098039 0.4745098 0.4901961 1 0.9098039 0.4745098 0.4901961 1 0.9098039 0.4745098 0.4901961 1 0.9098039 0.4745098 0.4901961 1 0.9098039 0.4745098 0.4901961 1 0.9098039 0.4745098 0.4901961 1 1 0.8784314 0.5176471 1 1 0.8784314 0.5176471 1 1 0.8784314 0.5176471 1 1 0.8784314 0.5176471 1 1 0.8784314 0.5176471 1 1 0.8784314 0.5176471 1 1 0.8784314 0.5176471 1 1 0.8784314 0.5176471 1 1 0.8784314 0.5176471 1 1 0.8784314 0.5176471 1 1 0.8784314 0.5176471 1 1 0.8784314 0.5176471 1 1 0.8784314 0.5176471 1 1 0.8784314 0.5176471 1 1 0.8784314 0.5176471 1 1 0.8784314 0.5176471 1 1 0.8784314 0.5176471 1 1 0.8784314 0.5176471 1 1 0.8784314 0.5176471 1 1 0.8784314 0.5176471 1 1 0.8784314 0.5176471 1 1 0.8784314 0.5176471 1 1 0.8784314 0.5176471 1 1 0.8784314 0.5176471 1 1 0.8784314 0.5176471 1 1 0.8784314 0.5176471 1 1 0.8784314 0.5176471 1 1 0.8784314 0.5176471 1 1 0.8784314 0.5176471 1 1 0.8784314 0.5176471 1 1 0.8784314 0.5176471 1 1 0.8784314 0.5176471 1 1 0.8784314 0.5176471 1 1 0.8784314 0.5176471 1 1 0.8784314 0.5176471 1 1 0.8784314 0.5176471 1 1 0.8784314 0.5176471 1 1 0.8784314 0.5176471 1 1 0.8784314 0.5176471 1 1 0.8784314 0.5176471 1 1 0.8784314 0.5176471 1 1 0.8784314 0.5176471 1 1 0.8784314 0.5176471 1 1 0.8784314 0.5176471 1 1 0.8784314 0.5176471 1 1 0.8784314 0.5176471 1 1 0.8784314 0.5176471 1 1 0.8784314 0.5176471 1 0.9098039 0.4745098 0.4901961 1 0.9098039 0.4745098 0.4901961 1 0.9098039 0.4745098 0.4901961 1 0.9098039 0.4745098 0.4901961 1 0.9098039 0.4745098 0.4901961 1 0.9098039 0.4745098 0.4901961 1 0.9098039 0.4745098 0.4901961 1 0.9098039 0.4745098 0.4901961 1 0.9098039 0.4745098 0.4901961 1 0.9098039 0.4745098 0.4901961 1 0.9098039 0.4745098 0.4901961 1 0.9098039 0.4745098 0.4901961 1 0.9098039 0.4745098 0.4901961 1 0.9098039 0.4745098 0.4901961 1 0.9098039 0.4745098 0.4901961 1 0.9098039 0.4745098 0.4901961 1 0.9098039 0.4745098 0.4901961 1 0.9098039 0.4745098 0.4901961 1 0.9098039 0.4745098 0.4901961 1 0.9098039 0.4745098 0.4901961 1 0.9098039 0.4745098 0.4901961 1 1 0.8784314 0.5176471 1 1 0.8784314 0.5176471 1 1 0.8784314 0.5176471 1 0.9098039 0.4745098 0.4901961 1 0.9098039 0.4745098 0.4901961 1 0.9098039 0.4745098 0.4901961 1 1 0.8784314 0.5176471 1 1 0.8784314 0.5176471 1 1 0.8784314 0.5176471 1 1 0.8784314 0.5176471 1 1 0.8784314 0.5176471 1 1 0.8784314 0.5176471 1 0.9098039 0.4745098 0.4901961 1 0.9098039 0.4745098 0.4901961 1 0.9098039 0.4745098 0.4901961 1 1 0.8784314 0.5176471 1 1 0.8784314 0.5176471 1 1 0.8784314 0.5176471 1 1 0.8784314 0.5176471 1 1 0.8784314 0.5176471 1 1 0.8784314 0.5176471 1 1 0.8784314 0.5176471 1 1 0.8784314 0.5176471 1 1 0.8784314 0.5176471 1 1 0.8784314 0.5176471 1 1 0.8784314 0.5176471 1 1 0.8784314 0.5176471 1 0.9098039 0.4745098 0.4901961 1 0.9098039 0.4745098 0.4901961 1 0.9098039 0.4745098 0.4901961 1 1 0.8784314 0.5176471 1 1 0.8784314 0.5176471 1 1 0.8784314 0.5176471 1 0.9098039 0.4745098 0.4901961 1 0.9098039 0.4745098 0.4901961 1 0.9098039 0.4745098 0.4901961 1 1 1 1 1 1 1 1 1 1 1 1 1 0.9098039 0.4745098 0.4901961 1 0.9098039 0.4745098 0.4901961 1 0.9098039 0.4745098 0.4901961 1 1 0.8784314 0.5176471 1 1 0.8784314 0.5176471 1 1 0.8784314 0.5176471 1 0.9098039 0.4745098 0.4901961 1 0.9098039 0.4745098 0.4901961 1 0.9098039 0.4745098 0.4901961 1 0.9098039 0.4745098 0.4901961 1 0.9098039 0.4745098 0.4901961 1 0.9098039 0.4745098 0.4901961 1 0.9098039 0.4745098 0.4901961 1 0.9098039 0.4745098 0.4901961 1 0.9098039 0.4745098 0.4901961 1 1 0.8784314 0.5176471 1 1 0.8784314 0.5176471 1 1 0.8784314 0.5176471 1 0.9098039 0.4745098 0.4901961 1 0.9098039 0.4745098 0.4901961 1 0.9098039 0.4745098 0.4901961 1 1 0.8784314 0.5176471 1 1 0.8784314 0.5176471 1 1 0.8784314 0.5176471 1 1 0.8784314 0.5176471 1 1 0.8784314 0.5176471 1 1 0.8784314 0.5176471 1 0.9098039 0.4745098 0.4901961 1 0.9098039 0.4745098 0.4901961 1 0.9098039 0.4745098 0.4901961 1 1 1 1 1 1 1 1 1 1 1 1 1 1 1 1 1 1 1 1 1 1 1 1 1 1 1 1 1 1 1 1 1 1 1 1 1 1 1 1 1 1 1 1 1 1 1 1 1 1 1 1 1 1 1 1 1 1 1 1 1 1 1 1 1 1 1 1 1 1 1 1 1 1 1 1 1 1 1 1 1 1 1 1 1 1 1 1 1 1 1 1 1 1 1 1 1 1 1 1 1 1 1 1 1 1 1 1 1 1 1 1 1 1 1 1 1 1 1 1 1 1 1 1 1 1 1 1 1 1 1 1 1 1 1 1 1 1 1 1 1 1 1 1 1 1 1 1 1 1 1 1 1 1 1 1 1 1 1 1 1 1 1 1 1 1 1 1 1 1 1 1 1 1 1 1 1 1 1 1 1 1 1 1 1 1 1 1 1 1 1 1 1 1 1 1 1 1 1 1 1 1 1 1 1 1 1 1 1 1 1 1 1 1 1 1 1 1 1 1 1 1 1 1 1 1 1 1 1 1 1 1 1 1 1 1 1 1 1 1 1 1 1 1 1 1 1 1 1 1 1 1 1 1 1 1 1 1 1 1 1 1 1 1 1 1 1 1 1 1 1 1 1 1 1 1 1 1 1 1 1 1 1 1 1 1 1 1 1 1 1 1 1 1 1 1 1 1 1 1 1 1 1 1 1 1 1 1 1 1 1 1 1 1 1 1 1 1 1 1 1 1 1 1 1 1 1 1 1 1 1 1 1 1 1 1 1 1 1 1 1 1 1 1 1 1 1 1 1 1 1 1 1 1 1 1 1 1 1 1 1 1 1 1 1 1 1 1 1 1 1 1 1 1 1 1 1 1 1 1 1 1 1 1 1 1 1 1 1 1 1 1 1 1 1 1 1 1 1 1 1 1 1 1 1 1 1 1 1 1 1 1 1 1 1 1 1 1 1 1 1 1 1 1 1 1 1 1 1 1 1 1 1 1 1 1 1 1 1 1 1 1 1 1 1 1 1 1 1 1 1 1 1 1 1 1 1 1 1 1 1 1 1 1 1 1 1 1 1 1 1 1 1 1 1 1 1 1 1 1 1 1 1 1 1 1 1 1 1 1 1 1 1 1 1 1 1 1 1 1 1 1 1 1 1 1 1 1 1 1 1 1 1 1 1 1 1 1 1 1 1 1 1 1 1 1 1 1 1 1 1 1 1 1 1 1 1 1 1 1 1 1 1 1 1 1 1 1 1 1 1 1 1 1 1 1 1 1 1 1 1 1 1 1 1 1 1 1 1 1 1 1 1 1 1 1 1 1 1 1 1 1 1 1 1 1 1 1 1 1 1 1 1 1 1 1 1 1 1 1 1 1 1 1 1 1 1 1 1 1 1 1 1 1 1 1 1 1 1 1 1 1 1 1 1 1 1 1 1 1 1 1 1 1 1 1 1 1 1 1 1 1 1 1 1 1 1 1 1 1 1 1 1 1 1 1 1 1 1 1 1 1 1 1 1 1 1 1 1 1 1 1 1 1 1 1 1 1 1 1 1 1 1 1 1 1 1 1 1 1 1 1 1 1 1 1 1 1 1 1 1 1 1 1 1 1 1 1 1 1 1 1 1 1 1 1 1 1 1 1 1 1 1 1 1 1 1 1 1 1 1 1 1 1 1 1 1 1 1 1 1 1 1 1 1 1 1 1 1 1 1 1 1 1 1 1 1 1 1 1 1 1 1 1 1 1 1 1 1 1 1 1 1 1 1 1 1 1 1 1 1 1 1 1 1 1 1 1 1 1 1 1 1 1 1 1 1 1 1 1 1 1 1 1 1 1 1 1 1 1 1 1 1 1 1 1 1 1 1 1 1 1 1 1 1 1 1 1 1 1 1 1 1 1 1 1 1 1 1 1 1 1 1 1 1 1 1 1 1 1 1 1 1 1 1 1 1 1 1 1 1 1 1 1 1 1 1 1 1 1 1 1 1 1 1 1 1 1 1 1 1 1 1 1 1 1 1 1 1 1 1 1 1 1 1 1 1 1 1 1 1 1 1 1 1 1 1 1 1 1 1 1 1 1 1 1 1 1 1 1 1 1 1 1 1 1 1 1 1 1 1 1 1 1 1 1 1 1 1 1 1 1 1 1 1 1 1 1 1 1 1 1 1 1 1 1 1 1 1 1 1 1 1 1 1 1 1 1 1 1 1 1 1 1 1 1 1 1 1 1 1 1 1 1 1 1 1 1 1 1 1 1 1 1 1 1 1 1 1 1 1 1 1 1 1 1 1 1 1 1 1 1 1 1 1 1 1 1 1 1 1 1 1 1 1 1 1 1 1 1 1 1 1 1 1 1 1 1 1 1 1 1 1 1 1 1 1 1 1 1 1 1 1 1 1 1 1 1 1 1 1 1 1 1 1 1 1 1 1 1 1 1 1 1 1 1 1 1 1 1 1 1 1 1 1 1 1 1 1 1 1 1 1 1 1 1 1 1 1 1 1 1 1 1 1</float_array>
          <technique_common>
            <accessor source="#motel_a4000_013-mesh-colors-geom-motel_a4000-map0-array" count="1044" stride="4">
              <param name="R" type="float"/>
              <param name="G" type="float"/>
              <param name="B" type="float"/>
              <param name="A" type="float"/>
            </accessor>
          </technique_common>
        </source>
        <vertices id="motel_a4000_013-mesh-vertices">
          <input semantic="POSITION" source="#motel_a4000_013-mesh-positions"/>
        </vertices>
        <triangles material="industrial-material" count="182">
          <input semantic="VERTEX" source="#motel_a4000_013-mesh-vertices" offset="0"/>
          <input semantic="NORMAL" source="#motel_a4000_013-mesh-normals" offset="1"/>
          <input semantic="TEXCOORD" source="#motel_a4000_013-mesh-map-0" offset="2" set="0"/>
          <input semantic="TEXCOORD" source="#motel_a4000_013-mesh-map-1" offset="2" set="1"/>
          <input semantic="COLOR" source="#motel_a4000_013-mesh-colors-geom-motel_a4000-map0" offset="3" set="0"/>
          <p>154 0 0 0 148 0 1 1 150 0 2 2 349 1 3 3 127 2 4 4 123 3 5 5 134 4 6 6 141 5 7 7 142 6 8 8 110 7 9 9 117 8 10 10 118 9 11 11 157 10 12 12 61 11 13 13 60 12 14 14 349 13 15 15 129 13 16 16 352 13 17 17 120 14 18 18 111 15 19 19 119 16 20 20 123 3 21 21 128 17 22 22 125 18 23 23 68 19 24 24 74 19 25 25 72 19 26 26 59 20 27 27 50 21 28 28 155 22 29 29 64 23 30 30 14 23 31 31 63 23 32 32 18 24 33 33 23 24 34 34 22 24 35 35 20 25 36 36 18 25 37 37 22 25 38 38 45 26 39 39 54 26 40 40 47 26 41 41 87 27 42 42 82 27 43 43 79 27 44 44 88 28 45 45 81 28 46 46 89 28 47 47 75 29 48 48 70 29 49 49 68 29 50 50 108 30 51 51 117 8 52 52 109 31 53 53 63 32 54 54 13 32 55 55 62 32 56 56 158 33 57 57 3 33 58 58 4 33 59 59 59 34 60 60 11 34 61 61 58 34 62 62 8 35 63 63 47 35 64 64 65 35 65 65 131 36 66 66 138 37 67 67 139 38 68 68 115 39 69 69 108 30 70 70 107 40 71 71 103 41 72 72 99 41 73 73 102 41 74 74 113 42 75 75 112 43 76 76 120 14 77 77 132 44 78 78 139 38 79 79 140 45 80 80 101 46 81 81 99 46 82 82 100 46 83 83 103 47 84 84 102 47 85 85 104 47 86 86 141 5 87 87 132 44 88 88 140 45 89 89 108 48 90 90 121 48 91 91 106 48 92 92 106 49 93 93 107 49 94 94 108 49 95 95 114 50 96 96 122 50 97 97 116 50 98 98 116 51 99 99 115 51 100 100 114 51 101 101 143 52 102 102 134 4 103 103 142 6 104 104 101 53 105 105 103 53 106 106 104 53 107 107 88 54 108 108 90 54 109 109 87 54 110 110 105 55 111 111 106 55 112 112 112 55 113 113 112 56 114 114 106 56 115 115 121 56 116 116 108 57 117 117 109 57 118 118 110 57 119 119 108 58 120 120 110 58 121 121 121 58 122 122 111 59 123 123 112 59 124 124 110 59 125 125 110 60 126 126 112 60 127 127 121 60 128 128 117 61 129 129 116 61 130 130 118 61 131 131 118 62 132 132 116 62 133 133 122 62 134 134 114 63 135 135 113 63 136 136 120 63 137 137 114 64 138 138 120 64 139 139 122 64 140 140 119 65 141 141 118 65 142 142 120 65 143 143 120 66 144 144 118 66 145 145 122 66 146 146 126 67 147 147 349 67 148 148 123 67 149 149 126 68 150 150 123 68 151 151 125 68 152 152 352 69 153 153 129 69 154 154 127 69 155 155 127 70 156 156 129 70 157 157 128 70 158 158 134 71 159 159 135 71 160 160 133 71 161 161 135 72 162 162 146 72 163 163 133 72 164 164 138 73 165 165 145 73 166 166 139 73 167 167 145 74 168 168 147 74 169 169 139 74 170 170 107 40 171 171 114 75 172 172 115 39 173 173 71 76 174 174 69 76 175 175 67 76 176 176 136 77 177 177 137 77 178 178 135 77 179 179 135 78 180 180 137 78 181 181 146 78 182 182 130 79 183 183 131 79 184 184 137 79 185 185 137 80 186 186 131 80 187 187 146 80 188 188 133 81 189 189 146 81 190 190 131 81 191 191 131 82 192 192 132 82 193 193 133 82 194 194 147 83 195 195 141 83 196 196 139 83 197 197 141 84 198 198 140 84 199 199 139 84 200 200 144 85 201 201 143 85 202 202 145 85 203 203 145 86 204 204 143 86 205 205 147 86 206 206 142 87 207 207 141 87 208 208 143 87 209 209 143 88 210 210 141 88 211 211 147 88 212 212 150 89 213 213 148 89 214 214 124 89 215 215 150 90 216 216 124 90 217 217 149 90 218 218 152 91 219 219 154 91 220 220 151 91 221 221 151 92 222 222 154 92 223 223 153 92 224 224 47 93 225 225 46 93 226 226 45 93 227 227 53 94 228 228 54 94 229 229 55 94 230 230 145 95 231 231 136 96 232 232 144 97 233 233 143 52 234 234 136 96 235 235 135 98 236 236 17 99 237 237 20 99 238 238 21 99 239 239 2 100 240 240 49 100 241 241 51 100 242 242 58 101 243 243 57 101 244 244 59 101 245 245 61 102 246 246 11 102 247 247 60 102 248 248 51 103 249 249 66 103 250 250 1 103 251 251 56 104 252 252 50 21 253 253 57 105 254 254 106 106 255 255 113 42 256 256 114 75 257 257 161 107 258 258 5 107 259 259 160 107 260 260 59 20 261 261 157 10 262 262 60 12 263 263 351 108 264 264 151 108 265 265 153 108 266 266 52 109 267 267 62 110 268 268 61 11 269 269 47 111 270 270 346 111 271 271 46 111 272 272 53 112 273 273 44 112 274 274 54 112 275 275 75 113 276 276 86 113 277 277 78 113 278 278 99 114 279 279 104 114 280 280 102 114 281 281 138 37 282 282 137 115 283 283 145 95 284 284 62 110 285 285 159 116 286 286 63 117 287 287 161 118 288 288 63 117 289 289 159 116 290 290 84 119 291 291 86 119 292 292 83 119 293 293 72 120 294 294 81 120 295 295 80 120 296 296 49 121 297 297 65 122 298 298 66 123 299 299 119 16 300 300 110 7 301 301 118 9 302 302 159 124 303 303 4 124 304 304 5 124 305 305 1 125 306 306 54 125 307 307 44 125 308 308 62 126 309 309 12 126 310 310 61 126 311 311 9 127 312 312 65 127 313 313 56 127 314 314 155 128 315 315 156 128 316 316 157 128 317 317 52 129 318 318 156 129 319 319 3 129 320 320 151 130 321 321 148 130 322 322 152 130 323 323 65 122 324 324 54 131 325 325 66 123 326 326 79 132 327 327 73 132 328 328 71 132 329 329 67 133 330 330 77 133 331 331 76 133 332 332 84 134 333 333 77 134 334 334 85 134 335 335 10 135 336 336 56 135 337 337 57 135 338 338 48 136 339 339 50 136 340 340 2 136 341 341 154 137 342 342 152 137 343 343 148 137 344 344 349 1 345 345 352 138 346 346 127 2 347 347 134 4 348 348 133 139 349 349 141 5 350 350 110 7 351 351 109 31 352 352 117 8 353 353 157 10 354 354 52 109 355 355 61 11 356 356 349 140 357 357 126 140 358 358 129 140 359 359 120 14 360 360 112 43 361 361 111 15 362 362 123 3 363 363 127 2 364 364 128 17 365 365 68 141 366 366 70 141 367 367 74 141 368 368 59 20 369 369 57 105 370 370 50 21 371 371 64 142 372 372 15 142 373 373 14 142 374 374 18 143 375 375 19 143 376 376 23 143 377 377 20 144 378 378 16 144 379 379 18 144 380 380 45 145 381 381 55 145 382 382 54 145 383 383 87 27 384 384 90 27 385 385 82 27 386 386 88 146 387 387 80 146 388 388 81 146 389 389 75 147 390 390 78 147 391 391 70 147 392 392 108 30 393 393 116 148 394 394 117 8 395 395 63 149 396 396 14 149 397 397 13 149 398 398 158 150 399 399 52 150 400 400 3 150 401 401 59 151 402 402 60 151 403 403 11 151 404 404 8 152 405 405 346 152 406 406 47 152 407 407 131 36 408 408 130 153 409 409 138 37 410 410 115 39 411 411 116 148 412 412 108 30 413 413 103 154 414 414 100 154 415 415 99 154 416 416 113 42 417 417 105 155 418 418 112 43 419 419 132 44 420 420 131 36 421 421 139 38 422 422 141 5 423 423 133 139 424 424 132 44 425 425 143 52 426 426 135 98 427 427 134 4 428 428 101 156 429 429 100 156 430 430 103 156 431 431 88 157 432 432 89 157 433 433 90 157 434 434 107 40 435 435 106 106 436 436 114 75 437 437 71 158 438 438 73 158 439 439 69 158 440 440 145 95 441 441 137 115 442 442 136 96 443 443 143 52 444 444 144 97 445 445 136 96 446 446 17 159 447 447 16 159 448 448 20 159 449 449 2 160 450 450 50 160 451 451 49 160 452 452 58 161 453 453 10 161 454 454 57 161 455 455 61 162 456 456 12 162 457 457 11 162 458 458 51 163 459 459 49 163 460 460 66 163 461 461 56 104 462 462 49 121 463 463 50 21 464 464 106 106 465 465 105 155 466 466 113 42 467 467 161 164 468 468 159 164 469 469 5 164 470 470 59 20 471 471 155 22 472 472 157 10 473 473 353 165 474 474 338 165 475 475 339 165 476 476 52 109 477 477 158 166 478 478 62 110 479 479 75 167 480 480 83 167 481 481 86 167 482 482 99 114 483 483 101 114 484 484 104 114 485 485 138 37 486 486 130 153 487 487 137 115 488 488 62 110 489 489 158 166 490 490 159 116 491 491 161 118 492 492 64 168 493 493 63 117 494 494 84 169 495 495 85 169 496 496 86 169 497 497 72 170 498 498 74 170 499 499 81 170 500 500 49 121 501 501 56 104 502 502 65 122 503 503 119 16 504 504 111 15 505 505 110 7 506 506 159 171 507 507 158 171 508 508 4 171 509 509 1 172 510 510 66 172 511 511 54 172 512 512 62 173 513 513 13 173 514 514 12 173 515 515 9 174 516 516 8 174 517 517 65 174 518 518 155 175 519 519 48 175 520 520 156 175 521 521 52 176 522 522 157 176 523 523 156 176 524 524 340 177 525 525 341 177 526 526 350 177 527 527 65 122 528 528 47 178 529 529 54 131 530 530 79 179 531 531 82 179 532 532 73 179 533 533 67 180 534 534 69 180 535 535 77 180 536 536 84 181 537 537 76 181 538 538 77 181 539 539 10 182 540 540 9 182 541 541 56 182 542 542 48 183 543 543 155 183 544 544 50 183 545 545</p>
        </triangles>
        <triangles material="metal_plates-material" count="74">
          <input semantic="VERTEX" source="#motel_a4000_013-mesh-vertices" offset="0"/>
          <input semantic="NORMAL" source="#motel_a4000_013-mesh-normals" offset="1"/>
          <input semantic="TEXCOORD" source="#motel_a4000_013-mesh-map-0" offset="2" set="0"/>
          <input semantic="TEXCOORD" source="#motel_a4000_013-mesh-map-1" offset="2" set="1"/>
          <input semantic="COLOR" source="#motel_a4000_013-mesh-colors-geom-motel_a4000-map0" offset="3" set="0"/>
          <p>35 184 546 546 24 184 547 547 32 184 548 548 36 99 549 549 31 99 550 550 28 99 551 551 17 185 552 552 23 185 553 553 19 185 554 554 26 99 555 555 35 99 556 556 34 99 557 557 93 186 558 558 92 186 559 559 94 186 560 560 25 187 561 561 32 187 562 562 24 187 563 563 93 188 564 564 98 188 565 565 97 188 566 566 44 189 567 567 46 189 568 568 346 189 569 569 91 99 570 570 97 99 571 571 95 99 572 572 25 190 573 573 34 190 574 574 33 190 575 575 44 191 576 576 0 191 577 577 1 191 578 578 0 192 579 579 160 192 580 580 5 192 581 581 0 193 582 582 4 193 583 583 3 193 584 584 0 194 585 585 2 194 586 586 51 194 587 587 0 195 588 588 51 195 589 589 1 195 590 590 0 196 591 591 156 196 592 592 48 196 593 593 0 197 594 594 3 197 595 595 156 197 596 596 0 198 597 597 5 198 598 598 4 198 599 599 0 199 600 600 48 199 601 601 2 199 602 602 8 200 603 603 6 200 604 604 346 200 605 605 14 201 606 606 15 201 607 607 6 201 608 608 12 202 609 609 13 202 610 610 6 202 611 611 9 203 612 612 10 203 613 613 6 203 614 614 8 204 615 615 9 204 616 616 6 204 617 617 58 205 618 618 11 205 619 619 6 205 620 620 11 206 621 621 12 206 622 622 6 206 623 623 13 207 624 624 14 207 625 625 6 207 626 626 10 208 627 627 58 208 628 628 6 208 629 629 16 209 630 630 17 209 631 631 25 209 632 632 16 210 633 633 25 210 634 634 24 210 635 635 19 211 636 636 25 211 637 637 17 211 638 638 25 212 639 639 19 212 640 640 26 212 641 641 19 213 642 642 18 213 643 643 27 213 644 644 19 214 645 645 27 214 646 646 26 214 647 647 27 215 648 648 16 215 649 649 24 215 650 650 16 216 651 651 27 216 652 652 18 216 653 653 23 217 654 654 21 217 655 655 29 217 656 656 23 218 657 657 29 218 658 658 28 218 659 659 20 219 660 660 29 219 661 661 21 219 662 662 29 220 663 663 20 220 664 664 30 220 665 665 31 221 666 666 20 221 667 667 22 221 668 668 20 222 669 669 31 222 670 670 30 222 671 671 23 223 672 672 31 223 673 673 22 223 674 674 31 224 675 675 23 224 676 676 28 224 677 677 40 225 678 678 41 225 679 679 44 225 680 680 44 226 681 681 53 226 682 682 40 226 683 683 43 227 684 684 42 227 685 685 7 227 686 686 342 228 687 687 343 228 688 688 347 228 689 689 97 229 690 690 96 229 691 691 95 229 692 692 91 230 693 693 96 230 694 694 92 230 695 695 6 231 696 696 44 232 697 697 346 233 698 698 31 234 699 699 38 234 700 700 30 234 701 701 41 235 702 702 42 235 703 703 43 235 704 704 37 236 705 705 28 236 706 706 29 236 707 707 30 237 708 708 37 237 709 709 29 237 710 710 160 238 711 711 6 231 712 712 15 239 713 713 35 240 714 714 27 240 715 715 24 240 716 716 36 241 717 717 39 241 718 718 31 241 719 719 17 242 720 720 21 242 721 721 23 242 722 722 26 243 723 723 27 243 724 724 35 243 725 725 93 244 726 726 91 244 727 727 92 244 728 728 25 24 729 729 33 24 730 730 32 24 731 731 93 245 732 732 94 245 733 733 98 245 734 734 344 246 735 735 345 246 736 736 348 246 737 737 91 99 738 738 93 99 739 739 97 99 740 740 25 247 741 741 26 247 742 742 34 247 743 743 97 229 744 744 98 229 745 745 96 229 746 746 91 248 747 747 95 248 748 748 96 248 749 749 6 231 750 750 0 249 751 751 44 232 752 752 31 250 753 753 39 250 754 754 38 250 755 755 41 251 756 756 40 251 757 757 42 251 758 758 37 252 759 759 36 252 760 760 28 252 761 761 30 24 762 762 38 24 763 763 37 24 764 764 160 238 765 765 0 249 766 766 6 231 767 767</p>
        </triangles>
        <triangles material="clutter_commercial-material" count="108">
          <input semantic="VERTEX" source="#motel_a4000_013-mesh-vertices" offset="0"/>
          <input semantic="NORMAL" source="#motel_a4000_013-mesh-normals" offset="1"/>
          <input semantic="TEXCOORD" source="#motel_a4000_013-mesh-map-0" offset="2" set="0"/>
          <input semantic="TEXCOORD" source="#motel_a4000_013-mesh-map-1" offset="2" set="1"/>
          <input semantic="COLOR" source="#motel_a4000_013-mesh-colors-geom-motel_a4000-map0" offset="3" set="0"/>
          <p>243 253 768 768 240 253 769 769 241 253 770 770 219 255 774 774 216 255 775 775 217 255 776 776 231 256 777 777 228 256 778 778 229 256 779 779 286 258 783 783 283 258 784 784 284 258 785 785 199 261 792 792 308 261 793 793 309 261 794 794 211 263 798 798 208 263 799 799 209 263 800 800 235 264 801 801 232 264 802 802 233 264 803 803 262 272 825 825 259 272 826 826 260 272 827 827 223 275 834 834 220 275 835 835 221 275 836 836 207 276 837 837 204 276 838 838 205 276 839 839 294 277 840 840 291 277 841 841 292 277 842 842 203 278 843 843 200 278 844 844 201 278 845 845 274 282 855 855 271 282 856 856 272 282 857 857 302 283 858 858 299 283 859 859 300 283 860 860 278 282 861 861 275 282 862 862 276 282 863 863 282 284 864 864 279 284 865 865 280 284 866 866 270 285 867 867 267 285 868 868 268 285 869 869 32 286 870 870 34 286 871 871 35 286 872 872 227 287 873 873 224 287 874 874 225 287 875 875 215 256 876 876 212 256 877 877 213 256 878 878 317 288 879 879 303 288 880 880 316 288 881 881 36 289 885 885 38 289 886 886 39 289 887 887 266 291 891 891 263 291 892 892 264 291 893 893 298 292 894 894 295 292 895 895 296 292 896 896 290 293 897 897 287 293 898 898 288 293 899 899 239 295 903 903 236 295 904 904 237 295 905 905 243 296 906 906 242 296 907 907 240 296 908 908 219 295 912 912 218 295 913 913 216 295 914 914 231 256 915 915 230 256 916 916 228 256 917 917 286 299 921 921 285 299 922 922 283 299 923 923 199 261 930 930 310 261 931 931 308 261 932 932 211 302 936 936 210 302 937 937 208 302 938 938 235 303 939 939 234 303 940 940 232 303 941 941 262 309 963 963 261 309 964 964 259 309 965 965 223 275 972 972 222 275 973 973 220 275 974 974 207 311 975 975 206 311 976 976 204 311 977 977 294 312 978 978 293 312 979 979 291 312 980 980 203 313 981 981 202 313 982 982 200 313 983 983 274 282 993 993 273 282 994 994 271 282 995 995 302 317 996 996 301 317 997 997 299 317 998 998 278 318 999 999 277 318 1000 1000 275 318 1001 1001 282 319 1002 1002 281 319 1003 1003 279 319 1004 1004 270 320 1005 1005 269 320 1006 1006 267 320 1007 1007 32 321 1008 1008 33 321 1009 1009 34 321 1010 1010 227 322 1011 1011 226 322 1012 1012 224 322 1013 1013 215 256 1014 1014 214 256 1015 1015 212 256 1016 1016 317 323 1017 1017 304 323 1018 1018 303 323 1019 1019 36 325 1023 1023 37 325 1024 1024 38 325 1025 1025 266 326 1029 1029 265 326 1030 1030 263 326 1031 1031 298 327 1032 1032 297 327 1033 1033 295 327 1034 1034 290 328 1035 1035 289 328 1036 1036 287 328 1037 1037 239 255 1041 1041 238 255 1042 1042 236 255 1043 1043 354 267 1044 810 355 267 1045 810 356 267 1046 810 354 267 1044 810 356 267 1046 810 357 267 1047 810 358 267 1048 810 359 267 1049 810 360 267 1050 810 358 267 1048 810 360 267 1050 810 361 267 1051 810 362 267 1052 810 363 267 1053 810 364 267 1054 810 362 267 1052 810 364 267 1054 810 365 267 1055 810 366 267 1056 810 367 267 1057 810 368 267 1058 810 366 267 1056 810 368 267 1058 810 369 267 1059 810 370 267 1060 810 371 267 1061 810 372 267 1062 810 370 267 1060 810 372 267 1062 810 373 267 1063 810 374 267 1064 810 375 267 1065 810 376 267 1066 810 374 267 1064 810 376 267 1066 810 377 267 1067 810 378 267 1068 810 379 267 1069 810 380 267 1070 810 378 267 1068 810 380 267 1070 810 381 267 1071 810 382 260 1072 789 383 260 1073 789 384 260 1074 789 382 260 1072 789 384 260 1074 789 385 260 1075 789 386 260 1076 789 387 260 1077 789 388 260 1078 789 386 260 1076 789 388 260 1078 789 389 260 1079 789 390 260 1080 789 391 260 1081 789 392 260 1082 789 390 260 1080 789 392 260 1082 789 393 260 1083 789 394 260 1084 789 395 260 1085 789 396 260 1086 789 394 260 1084 789 396 260 1086 789 397 260 1087 789 398 260 1088 789 399 260 1089 789 400 260 1090 789 398 260 1088 789 400 260 1090 789 401 260 1091 789 402 260 1092 789 403 260 1093 789 404 260 1094 789 402 260 1092 789 404 260 1094 789 405 260 1095 789 406 260 1096 789 407 260 1097 789 408 260 1098 789 406 260 1096 789 408 260 1098 789 409 260 1099 789 410 294 1100 900 411 294 1101 900 412 294 1102 900 410 294 1100 900 412 294 1102 900 413 294 1103 900 414 294 1104 900 415 294 1105 900 416 294 1106 900 414 294 1104 900 416 294 1106 900 417 294 1107 900 418 294 1108 900 419 294 1109 900 420 294 1110 900 418 294 1108 900 420 294 1110 900 421 294 1111 900 422 294 1112 900 423 294 1113 900 424 294 1114 900 422 294 1112 900 424 294 1114 900 425 294 1115 900 426 294 1116 900 427 294 1117 900 428 294 1118 900 426 294 1116 900 428 294 1118 900 429 294 1119 900 430 294 1120 900 431 294 1121 900 432 294 1122 900 430 294 1120 900 432 294 1122 900 433 294 1123 900 434 294 1124 900 435 294 1125 900 436 294 1126 900 434 294 1124 900 436 294 1126 900 437 294 1127 900 438 271 1128 822 439 271 1129 822 440 271 1130 822 438 271 1128 822 440 271 1130 822 441 271 1131 822 442 271 1132 822 443 271 1133 822 444 271 1134 822 442 271 1132 822 444 271 1134 822 445 271 1135 822 446 271 1136 822 447 271 1137 822 448 271 1138 822 446 271 1136 822 448 271 1138 822 449 271 1139 822 450 271 1140 822 451 271 1141 822 452 271 1142 822 450 271 1140 822 452 271 1142 822 453 271 1143 822 454 271 1144 822 455 271 1145 822 456 271 1146 822 454 271 1144 822 456 271 1146 822 457 271 1147 822 458 271 1148 822 459 271 1149 822 460 271 1150 822 458 271 1148 822 460 271 1150 822 461 271 1151 822 462 271 1152 822 463 271 1153 822 464 271 1154 822 462 271 1152 822 464 271 1154 822 465 271 1155 822</p>
        </triangles>
      </mesh>
    </geometry>
  </library_geometries>
  <library_visual_scenes>
    <visual_scene id="Scene" name="Scene">
      <node id="base00" name="base00" type="NODE">
        <matrix sid="transform">1 0 0 0 0 1 0 0 0 0 1 0 0 0 0 1</matrix>
        <node id="start01" name="start01" type="NODE">
          <matrix sid="transform">1 0 0 0 0 1 0 0 0 0 1 0 0 0 0 1</matrix>
          <node id="s_motel_sign_L100" name="s_motel_sign_L100" type="NODE">
            <matrix sid="transform">1 0 0 -547.2723 0 1 0 136.5686 0 0 1 108.3607 0 0 0 1</matrix>
            <instance_geometry url="#motel_a4000_013-mesh" name="s_motel_sign_L100">
              <bind_material>
                <technique_common>
                  <instance_material symbol="industrial-material" target="#industrial-material">
                    <bind_vertex_input semantic="motel_a4000-mesh-map-0" input_semantic="TEXCOORD" input_set="0"/>
                    <bind_vertex_input semantic="motel_a4000-mesh-map-1" input_semantic="TEXCOORD" input_set="1"/>
                  </instance_material>
                  <instance_material symbol="metal_plates-material" target="#metal_plates-material">
                    <bind_vertex_input semantic="motel_a4000-mesh-map-0" input_semantic="TEXCOORD" input_set="0"/>
                    <bind_vertex_input semantic="motel_a4000-mesh-map-1" input_semantic="TEXCOORD" input_set="1"/>
                  </instance_material>
                  <instance_material symbol="clutter_commercial-material" target="#clutter_commercial-material">
                    <bind_vertex_input semantic="motel_a4000-mesh-map-0" input_semantic="TEXCOORD" input_set="0"/>
                    <bind_vertex_input semantic="motel_a4000-mesh-map-1" input_semantic="TEXCOORD" input_set="1"/>
                  </instance_material>
                </technique_common>
              </bind_material>
            </instance_geometry>
          </node>
          <node id="Colmesh_s_motel_sign-1" name="Colmesh_s_motel_sign-1" type="NODE">
            <matrix sid="transform">0.01 0 0 -9.54475e-5 0 0.01 4.37114e-10 -2.05673e-4 0 -4.37114e-10 0.01 -6.57132e-5 0 0 0 1</matrix>
            <instance_geometry url="#Mesh_006-mesh" name="Colmesh_s_motel_sign-1">
              <bind_material>
                <technique_common>
                  <instance_material symbol="weatherboards-material" target="#weatherboards-material">
                    <bind_vertex_input semantic="motel_a4000-mesh-map-0" input_semantic="TEXCOORD" input_set="0"/>
                    <bind_vertex_input semantic="motel_a4000-mesh-map-1" input_semantic="TEXCOORD" input_set="1"/>
                  </instance_material>
                  <instance_material symbol="architraves-material" target="#architraves-material">
                    <bind_vertex_input semantic="motel_a4000-mesh-map-0" input_semantic="TEXCOORD" input_set="0"/>
                    <bind_vertex_input semantic="motel_a4000-mesh-map-1" input_semantic="TEXCOORD" input_set="1"/>
                  </instance_material>
                  <instance_material symbol="industrial-material" target="#industrial-material">
                    <bind_vertex_input semantic="motel_a4000-mesh-map-0" input_semantic="TEXCOORD" input_set="0"/>
                    <bind_vertex_input semantic="motel_a4000-mesh-map-1" input_semantic="TEXCOORD" input_set="1"/>
                  </instance_material>
                </technique_common>
              </bind_material>
            </instance_geometry>
          </node>
        </node>
      </node>
    </visual_scene>
  </library_visual_scenes>
  <scene>
    <instance_visual_scene url="#Scene"/>
  </scene>
</COLLADA>