<?xml version="1.0" encoding="utf-8"?>
<COLLADA xmlns="http://www.collada.org/2005/11/COLLADASchema" version="1.4.1" xmlns:xsi="http://www.w3.org/2001/XMLSchema-instance">
  <asset>
    <contributor>
      <author>Blender User</author>
      <authoring_tool>Blender 4.5.5 LTS commit date:2025-11-17, commit time:16:03, hash:836beaaf597a</authoring_tool>
    </contributor>
    <created>2026-05-13T15:48:47</created>
    <modified>2026-05-13T15:48:47</modified>
    <unit name="meter" meter="1"/>
    <up_axis>Z_UP</up_axis>
  </asset>
  <library_effects>
    <effect id="architraves-effect">
      <profile_COMMON>
        <technique sid="common">
          <lambert>
            <emission>
              <color sid="emission">0 0 0 1</color>
            </emission>
            <diffuse>
              <color sid="diffuse">0.8 0.8 0.8 1</color>
            </diffuse>
            <index_of_refraction>
              <float sid="ior">1.45</float>
            </index_of_refraction>
          </lambert>
        </technique>
      </profile_COMMON>
    </effect>
    <effect id="industrial-effect">
      <profile_COMMON>
        <technique sid="common">
          <lambert>
            <emission>
              <color sid="emission">0 0 0 1</color>
            </emission>
            <diffuse>
              <color sid="diffuse">0 0 0 1</color>
            </diffuse>
            <reflectivity>
              <float sid="specular">1</float>
            </reflectivity>
            <index_of_refraction>
              <float sid="ior">1.45</float>
            </index_of_refraction>
          </lambert>
        </technique>
      </profile_COMMON>
    </effect>
    <effect id="windows_doors_reflective-effect">
      <profile_COMMON>
        <technique sid="common">
          <lambert>
            <emission>
              <color sid="emission">0 0 0 1</color>
            </emission>
            <diffuse>
              <color sid="diffuse">0.8 0.8 0.8 1</color>
            </diffuse>
            <index_of_refraction>
              <float sid="ior">1.45</float>
            </index_of_refraction>
          </lambert>
        </technique>
      </profile_COMMON>
    </effect>
    <effect id="corrugation-effect">
      <profile_COMMON>
        <technique sid="common">
          <lambert>
            <emission>
              <color sid="emission">0 0 0 1</color>
            </emission>
            <diffuse>
              <color sid="diffuse">0.8 0.8 0.8 1</color>
            </diffuse>
            <index_of_refraction>
              <float sid="ior">1.45</float>
            </index_of_refraction>
          </lambert>
        </technique>
      </profile_COMMON>
    </effect>
    <effect id="slabs_large-effect">
      <profile_COMMON>
        <technique sid="common">
          <lambert>
            <emission>
              <color sid="emission">0 0 0 1</color>
            </emission>
            <diffuse>
              <color sid="diffuse">0.8 0.8 0.8 1</color>
            </diffuse>
            <index_of_refraction>
              <float sid="ior">1.45</float>
            </index_of_refraction>
          </lambert>
        </technique>
      </profile_COMMON>
    </effect>
    <effect id="metal_plates-effect">
      <profile_COMMON>
        <technique sid="common">
          <lambert>
            <emission>
              <color sid="emission">0 0 0 1</color>
            </emission>
            <diffuse>
              <color sid="diffuse">0.8 0.8 0.8 1</color>
            </diffuse>
            <index_of_refraction>
              <float sid="ior">1.45</float>
            </index_of_refraction>
          </lambert>
        </technique>
      </profile_COMMON>
    </effect>
    <effect id="balustrades-effect">
      <profile_COMMON>
        <technique sid="common">
          <lambert>
            <emission>
              <color sid="emission">0 0 0 1</color>
            </emission>
            <diffuse>
              <color sid="diffuse">0 0 0 1</color>
            </diffuse>
            <index_of_refraction>
              <float sid="ior">1.45</float>
            </index_of_refraction>
          </lambert>
        </technique>
      </profile_COMMON>
    </effect>
    <effect id="brick_painted-effect">
      <profile_COMMON>
        <technique sid="common">
          <lambert>
            <emission>
              <color sid="emission">0 0 0 1</color>
            </emission>
            <diffuse>
              <color sid="diffuse">0.8 0.8 0.8 1</color>
            </diffuse>
            <index_of_refraction>
              <float sid="ior">1.45</float>
            </index_of_refraction>
          </lambert>
        </technique>
      </profile_COMMON>
    </effect>
    <effect id="stucco1_white-effect">
      <profile_COMMON>
        <technique sid="common">
          <lambert>
            <emission>
              <color sid="emission">0 0 0 1</color>
            </emission>
            <diffuse>
              <color sid="diffuse">0.8 0.8 0.8 1</color>
            </diffuse>
            <index_of_refraction>
              <float sid="ior">1.45</float>
            </index_of_refraction>
          </lambert>
        </technique>
      </profile_COMMON>
    </effect>
    <effect id="columns-effect">
      <profile_COMMON>
        <technique sid="common">
          <lambert>
            <emission>
              <color sid="emission">0 0 0 1</color>
            </emission>
            <diffuse>
              <color sid="diffuse">0 0 0 1</color>
            </diffuse>
            <index_of_refraction>
              <float sid="ior">1.45</float>
            </index_of_refraction>
          </lambert>
        </technique>
      </profile_COMMON>
    </effect>
    <effect id="construction-effect">
      <profile_COMMON>
        <technique sid="common">
          <lambert>
            <emission>
              <color sid="emission">0 0 0 1</color>
            </emission>
            <diffuse>
              <color sid="diffuse">0.8 0.8 0.8 1</color>
            </diffuse>
            <index_of_refraction>
              <float sid="ior">1.45</float>
            </index_of_refraction>
          </lambert>
        </technique>
      </profile_COMMON>
    </effect>
    <effect id="clutter_commercial-effect">
      <profile_COMMON>
        <technique sid="common">
          <lambert>
            <emission>
              <color sid="emission">0 0 0 1</color>
            </emission>
            <diffuse>
              <color sid="diffuse">0.8 0.8 0.8 1</color>
            </diffuse>
            <reflectivity>
              <float sid="specular">0.5</float>
            </reflectivity>
          </lambert>
        </technique>
      </profile_COMMON>
    </effect>
    <effect id="brick_plain-effect">
      <profile_COMMON>
        <technique sid="common">
          <lambert>
            <emission>
              <color sid="emission">0 0 0 1</color>
            </emission>
            <diffuse>
              <color sid="diffuse">0 0 0 1</color>
            </diffuse>
            <index_of_refraction>
              <float sid="ior">1.45</float>
            </index_of_refraction>
          </lambert>
        </technique>
      </profile_COMMON>
    </effect>
    <effect id="stone_brick_regular-effect">
      <profile_COMMON>
        <technique sid="common">
          <lambert>
            <emission>
              <color sid="emission">0 0 0 1</color>
            </emission>
            <diffuse>
              <color sid="diffuse">0 0 0 1</color>
            </diffuse>
            <index_of_refraction>
              <float sid="ior">1.45</float>
            </index_of_refraction>
          </lambert>
        </technique>
      </profile_COMMON>
    </effect>
    <effect id="curbs-effect">
      <profile_COMMON>
        <technique sid="common">
          <lambert>
            <emission>
              <color sid="emission">0 0 0 1</color>
            </emission>
            <diffuse>
              <color sid="diffuse">0 0 0 1</color>
            </diffuse>
            <index_of_refraction>
              <float sid="ior">1.45</float>
            </index_of_refraction>
          </lambert>
        </technique>
      </profile_COMMON>
    </effect>
    <effect id="wirefence-effect">
      <profile_COMMON>
        <technique sid="common">
          <lambert>
            <emission>
              <color sid="emission">0 0 0 1</color>
            </emission>
            <diffuse>
              <color sid="diffuse">0.8 0.8 0.8 1</color>
            </diffuse>
            <index_of_refraction>
              <float sid="ior">1.45</float>
            </index_of_refraction>
          </lambert>
        </technique>
      </profile_COMMON>
    </effect>
    <effect id="groundmesh_grass2-effect">
      <profile_COMMON>
        <newparam sid="groundmesh_grass_b_color_png-surface">
          <surface type="2D">
            <init_from>groundmesh_grass_b_color_png</init_from>
          </surface>
        </newparam>
        <newparam sid="groundmesh_grass_b_color_png-sampler">
          <sampler2D>
            <source>groundmesh_grass_b_color_png-surface</source>
          </sampler2D>
        </newparam>
        <technique sid="common">
          <lambert>
            <emission>
              <color sid="emission">0 0 0 1</color>
            </emission>
            <diffuse>
              <texture texture="groundmesh_grass_b_color_png-sampler" texcoord="UVMap"/>
            </diffuse>
            <index_of_refraction>
              <float sid="ior">1.45</float>
            </index_of_refraction>
          </lambert>
        </technique>
      </profile_COMMON>
    </effect>
    <effect id="billboards-effect">
      <profile_COMMON>
        <technique sid="common">
          <lambert>
            <emission>
              <color sid="emission">0 0 0 1</color>
            </emission>
            <diffuse>
              <color sid="diffuse">0 0 0 1</color>
            </diffuse>
            <index_of_refraction>
              <float sid="ior">1.45</float>
            </index_of_refraction>
          </lambert>
        </technique>
      </profile_COMMON>
    </effect>
    <effect id="road_asphalt-effect">
      <profile_COMMON>
        <technique sid="common">
          <lambert>
            <emission>
              <color sid="emission">0 0 0 1</color>
            </emission>
            <diffuse>
              <color sid="diffuse">0 0 0 1</color>
            </diffuse>
            <index_of_refraction>
              <float sid="ior">1.45</float>
            </index_of_refraction>
          </lambert>
        </technique>
      </profile_COMMON>
    </effect>
  </library_effects>
  <library_images>
    <image id="groundmesh_grass_b_color_png" name="groundmesh_grass_b_color_png">
      <init_from>groundmesh_grass_b.color.png</init_from>
    </image>
  </library_images>
  <library_materials>
    <material id="architraves-material" name="architraves">
      <instance_effect url="#architraves-effect"/>
    </material>
    <material id="industrial-material" name="industrial">
      <instance_effect url="#industrial-effect"/>
    </material>
    <material id="windows_doors_reflective-material" name="windows_doors_reflective">
      <instance_effect url="#windows_doors_reflective-effect"/>
    </material>
    <material id="corrugation-material" name="corrugation">
      <instance_effect url="#corrugation-effect"/>
    </material>
    <material id="slabs_large-material" name="slabs_large">
      <instance_effect url="#slabs_large-effect"/>
    </material>
    <material id="metal_plates-material" name="metal_plates">
      <instance_effect url="#metal_plates-effect"/>
    </material>
    <material id="balustrades-material" name="balustrades">
      <instance_effect url="#balustrades-effect"/>
    </material>
    <material id="brick_painted-material" name="brick_painted">
      <instance_effect url="#brick_painted-effect"/>
    </material>
    <material id="stucco1_white-material" name="stucco1_white">
      <instance_effect url="#stucco1_white-effect"/>
    </material>
    <material id="columns-material" name="columns">
      <instance_effect url="#columns-effect"/>
    </material>
    <material id="construction-material" name="construction">
      <instance_effect url="#construction-effect"/>
    </material>
    <material id="clutter_commercial-material" name="clutter_commercial">
      <instance_effect url="#clutter_commercial-effect"/>
    </material>
    <material id="brick_plain-material" name="brick_plain">
      <instance_effect url="#brick_plain-effect"/>
    </material>
    <material id="stone_brick_regular-material" name="stone_brick_regular">
      <instance_effect url="#stone_brick_regular-effect"/>
    </material>
    <material id="curbs-material" name="curbs">
      <instance_effect url="#curbs-effect"/>
    </material>
    <material id="wirefence-material" name="wirefence">
      <instance_effect url="#wirefence-effect"/>
    </material>
    <material id="groundmesh_grass2-material" name="groundmesh_grass2">
      <instance_effect url="#groundmesh_grass2-effect"/>
    </material>
    <material id="billboards-material" name="billboards">
      <instance_effect url="#billboards-effect"/>
    </material>
    <material id="road_asphalt-material" name="road_asphalt">
      <instance_effect url="#road_asphalt-effect"/>
    </material>
  </library_materials>
  <library_geometries>
    <geometry id="Plane_134-mesh" name="Plane.134">
      <mesh>
        <source id="Plane_134-mesh-positions">
          <float_array id="Plane_134-mesh-positions-array" count="1788">-0.1289194 0.009117186 1.698105 -0.1289194 0.009117186 5.794502 -1.057369 0.01389163 1.698105 -1.057369 0.01389163 5.794502 -0.128914 -0.03387391 1.698105 -0.128914 -0.03387391 5.794502 -1.057412 -0.02913725 1.698105 -1.057412 -0.02913725 5.794502 1.402847 0.2845647 3.0168 1.189795 0.2845 3.0168 1.402847 0.2845647 3.267105 1.189795 0.2845 3.267105 1.198891 0.2845539 3.0168 0.9859369 0.2845647 3.0168 1.198891 0.2845539 3.267105 0.9859369 0.2845647 3.267105 0.9887745 0.2845755 3.0168 0.7757664 0.2845539 3.0168 0.9887745 0.2845755 3.267105 0.7757664 0.2845539 3.267105 0.7951607 0.2845809 3.0168 0.58205 0.2845755 3.0168 0.7951607 0.2845809 3.267105 0.58205 0.2845755 3.267105 1.793872 0.2716927 3.621704 1.298975 0.2716495 3.621704 1.793872 0.2716927 4.388306 1.298975 0.2716495 4.388306 1.269487 0.2717035 3.621704 0.7746443 0.2716928 3.621704 1.269487 0.2717035 4.388306 0.7746443 0.2716928 4.388306 0.7606502 0.2717035 3.621704 0.2657639 0.2716495 3.621704 0.7606502 0.2717035 4.388306 0.2657639 0.2716495 4.388306 0.2778158 0.271682 3.621704 -0.2170704 0.271628 3.621704 0.2778158 0.271682 4.388306 -0.2170704 0.271628 4.388306 -0.221807 0.2717036 3.621704 -0.7165693 0.2716119 3.621704 -0.221807 0.2717036 4.388306 -0.7165693 0.2716119 4.388306 0.2101112 0.2845755 3.0597 -0.2567545 0.284554 3.0597 0.2101112 0.2845755 3.521301 -0.2567545 0.284554 3.521301 0.1815403 0.2845755 2.595802 -0.2281945 0.2845647 2.595802 0.1815403 0.2845755 3.057503 -0.2281945 0.2845647 3.057503 0.1815403 0.2845755 2.140305 -0.2281945 0.2845647 2.140305 0.1815403 0.2845755 2.601906 -0.2281945 0.2845647 2.601906 0.2148801 0.284554 1.670403 -0.2614642 0.2845162 1.670403 0.2148801 0.284554 2.132004 -0.2614642 0.2845162 2.132004 0.07122749 0.2845755 1.206406 -0.1177198 0.2845755 1.206406 0.07122749 0.2845755 1.667999 -0.1177198 0.2845755 1.667999 0.2253784 0.2845863 0.7415009 -0.2720326 0.284554 0.7415009 0.2253784 0.2845863 1.203209 -0.2720326 0.284554 1.203209 0.2640915 0.2845432 0.2826996 -0.310627 0.2845647 0.2826996 0.2640915 0.2845432 0.7443009 -0.310627 0.2845647 0.7443009 1.666717 0.05487585 5.190002 1.445207 0.05498367 5.190002 1.666717 0.05487585 5.411301 1.445207 0.05498367 5.411301 1.448659 0.05489736 5.190002 1.310747 0.05487585 5.190002 1.448659 0.05489736 5.347214 1.310747 0.05487585 5.347214 1.230666 0.05485427 5.190002 1.140347 0.05488663 5.190002 1.230666 0.05485427 5.411301 1.140347 0.05488663 5.411301 1.157178 0.05488657 5.190002 1.060477 0.05491364 5.190002 1.157178 0.05488657 5.379402 1.060477 0.05491364 5.379402 1.059975 0.05498373 5.190002 0.9351179 0.05485421 5.190002 1.059975 0.05498373 5.345207 0.9351179 0.05485421 5.345207 0.8608531 0.05497288 5.190002 0.7229999 0.054892 5.190002 0.8608531 0.05497288 5.347214 0.7229999 0.054892 5.347214 0.7221529 0.05487585 5.190002 0.6252947 0.05488663 5.190002 0.7221529 0.05487585 5.411301 0.6252947 0.05488663 5.411301 0.642283 0.05490279 5.190002 0.5453762 0.05487585 5.190002 0.642283 0.05490279 5.411301 0.5453762 0.05487585 5.411301 0.4701727 0.05489742 5.190002 0.3264662 0.05488663 5.190002 0.4701727 0.05489742 5.411301 0.3264662 0.05488663 5.411301 0.2236682 0.05488121 5.190002 0.08579343 0.05490821 5.195503 0.2236682 0.05488121 5.347214 0.08579343 0.05490821 5.347214 0.3226574 0.05489742 5.190002 0.2078507 0.05490279 5.190002 0.3226574 0.05489742 5.347214 0.2078507 0.05490279 5.347214 0.08092731 0.05485427 5.190002 -0.05689352 0.05491364 5.190002 0.08092731 0.05485427 5.347214 -0.05689352 0.05491364 5.347214 -0.06315684 0.05487585 5.190002 -0.2068095 0.05489742 5.190002 -0.06315684 0.05487585 5.411301 -0.2068095 0.05489742 5.411301 -0.209809 0.05487585 5.190002 -0.3476785 0.05489742 5.190002 -0.209809 0.05487585 5.3396 -0.3476785 0.05489742 5.3396 1.500396 0.2739369 2.751701 0.3406221 0.2739586 2.751701 1.500396 0.2739369 3.518906 0.3406221 0.2739586 3.518906 1.793786 0.2868845 3.621704 1.299013 0.2868036 3.621704 1.793786 0.2868845 4.388306 1.299013 0.2868036 4.388306 1.269315 0.2868089 3.621704 0.774558 0.2868844 3.621704 1.269315 0.2868089 4.388306 0.774558 0.2868844 4.388306 0.7607203 0.2869114 3.621704 0.2657908 0.2868143 3.621704 0.7607203 0.2869114 4.388306 0.2657908 0.2868143 4.388306 0.2777727 0.2869169 3.621704 -0.2170003 0.286836 3.621704 0.2777727 0.2869169 4.388306 -0.2170003 0.286836 4.388306 -0.2217746 0.2868629 3.621704 -0.7165855 0.2869061 3.621704 -0.2217746 0.2868629 4.388306 -0.7165855 0.2869061 4.388306 -0.3347309 0.05498373 5.179405 -0.472568 0.05488663 5.179405 -0.3347309 0.05498373 5.4338 -0.472568 0.05488663 5.4338 -0.4620913 -0.1126865 5.190002 -0.2406133 -0.1126757 5.190002 -0.4620913 -0.1126865 5.411301 -0.2406133 -0.1126757 5.411301 -0.2440336 -0.112708 5.190002 -0.1061965 -0.1126109 5.190002 -0.2440336 -0.112708 5.347214 -0.1061965 -0.1126109 5.347214 -0.02609461 -0.1126973 5.190002 0.06420344 -0.1126217 5.190002 -0.02609461 -0.1126973 5.411301 0.06420344 -0.1126217 5.411301 0.0474472 -0.1126973 5.190002 0.1442406 -0.1126433 5.190002 0.0474472 -0.1126973 5.379402 0.1442406 -0.1126433 5.379402 0.1446183 -0.1126757 5.190002 0.2693568 -0.1126865 5.190002 0.1446183 -0.1126757 5.345207 0.2693568 -0.1126865 5.345207 0.3437457 -0.1126703 5.190002 0.4815449 -0.1126218 5.190002 0.3437457 -0.1126703 5.347214 0.4815449 -0.1126218 5.347214 0.4824675 -0.1126811 5.190002 0.5792663 -0.1126326 5.190002 0.4824675 -0.1126811 5.411301 0.5792663 -0.1126326 5.411301 0.5623914 -0.1126757 5.190002 0.659174 -0.1126109 5.190002 0.5623914 -0.1126757 5.411301 0.659174 -0.1126109 5.411301 0.734426 -0.1125948 5.190002 0.8781542 -0.1126919 5.190002 0.734426 -0.1125948 5.411301 0.8781542 -0.1126919 5.411301 0.9808982 -0.1126326 5.190002 1.118811 -0.1126109 5.195503 0.9808982 -0.1126326 5.347214 1.118811 -0.1126109 5.347214 0.8818928 -0.1126326 5.190002 0.9968667 -0.1126326 5.190002 0.8818928 -0.1126326 5.347214 0.9968667 -0.1126326 5.347214 1.12365 -0.1127027 5.190002 1.261492 -0.1126109 5.190002 1.12365 -0.1127027 5.347214 1.261492 -0.1126109 5.347214 1.267702 -0.1126056 5.190002 1.411414 -0.1126002 5.190002 1.267702 -0.1126056 5.411301 1.411414 -0.1126002 5.411301 1.414521 -0.1126002 5.190002 1.552229 -0.1126326 5.190002 1.414521 -0.1126002 5.3396 1.552229 -0.1126326 5.3396 1.539324 -0.1126757 5.179405 1.677194 -0.1126973 5.179405 1.539324 -0.1126757 5.4338 1.677194 -0.1126973 5.4338 -1.679287 0.2469522 5.174904 1.165308 0.2470115 5.174904 -1.679287 0.2469522 2.837402 1.165308 0.2470115 2.837402 -1.679341 -0.2142704 5.174904 1.165335 -0.2142921 5.174904 -1.679341 -0.2142704 2.837402 1.165335 -0.2142921 2.837402 -0.4923507 0.04825645 5.080505 1.702161 0.04817545 5.080505 -0.4923507 0.04825645 5.480499 1.702161 0.04817545 5.480499 -0.5533605 -0.0936644 5.536903 -0.5533605 -0.0936644 5.024002 1.763122 -0.09366452 5.024002 1.763122 -0.09366452 5.536903 -0.5532957 0.04826188 5.536903 -0.5532957 0.04826188 5.024002 1.763187 0.04826176 5.024002 1.763187 0.04826176 5.536903 -0.492259 -0.09209996 5.080505 1.702166 -0.09209465 5.080505 -0.492259 -0.09209996 5.480499 1.702166 -0.09209465 5.480499 -0.5533767 -0.09209454 5.536903 -0.5533767 -0.09209454 5.024002 1.763106 -0.09209465 5.024002 1.763106 -0.09209465 5.536903 1.471771 -0.03355568 4.506302 1.471771 -0.03355568 5.083603 1.471852 0.002271175 4.506302 1.471852 0.002271175 5.083603 1.507684 -0.03356111 4.506302 1.507684 -0.03356111 5.083603 1.507711 0.002233386 4.506302 1.507711 0.002233386 5.083603 -0.4364876 -0.03350162 4.506302 -0.4364876 -0.03350162 5.083603 -0.4364822 0.002314388 4.506302 -0.4364822 0.002314388 5.083603 -0.4007741 -0.03356641 4.506302 -0.4007741 -0.03356641 5.083603 -0.4007093 0.002276599 4.506302 -0.4007093 0.002276599 5.083603 0.6217773 -0.03360962 4.506302 0.6217773 -0.03360962 5.083603 0.6218529 0.002222597 4.506302 0.6218529 0.002222597 5.083603 0.6576365 -0.03356105 4.506302 0.6576365 -0.03356105 5.083603 0.6575987 0.002211809 4.506302 0.6575987 0.002211809 5.083603 0.8861655 0.2150689 2.379005 1.773097 0.2151282 2.728806 2.263295 0.2150365 4.567406 -1.059193 0.2151067 4.567406 0.4417421 0.2151336 0 -0.5863767 0.2151337 0 -0.5863767 0.2151337 3.174103 -1.059193 0.2151067 3.414505 -1.059187 0.215533 3.414505 -0.586382 0.2155707 3.174103 -0.586382 0.2155707 0 0.4417529 0.2155544 0 -1.059187 0.215533 4.567406 2.263376 0.2155598 4.567406 1.773092 0.2155652 2.728806 0.8861601 0.2155058 2.379005 0.8861655 -0.1858723 2.379005 1.773065 -0.1859533 2.728806 2.263339 -0.1858617 4.567406 -1.059171 -0.1859424 4.567406 0.4418069 -0.1858723 0 -0.5863983 -0.1859586 0 -0.5863983 -0.1859586 3.174103 -1.059171 -0.1859424 3.414505 0.7586595 -0.1859424 2.484207 0.321654 -0.1859586 0.1445999 1.65207 -0.1858885 2.836601 2.075157 -0.1859371 4.422806 -0.9146501 -0.1859694 4.422806 -0.4418069 -0.1858831 0.1445999 -0.4418069 -0.1858831 3.262802 -0.9146501 -0.1859694 3.503212 0.7586433 0.2155328 2.484207 0.3216863 0.2155544 0.1445999 1.652167 0.2155598 2.836601 2.075146 0.2155328 4.422806 -0.9146284 0.2155545 4.422806 -0.4417961 0.215479 0.1445999 -0.4417961 0.215479 3.262802 -0.9146284 0.2155545 3.503212 -0.2767584 -0.2596947 3.0597 0.1899453 -0.259684 3.0597 -0.2767584 -0.2596947 3.521301 0.1899453 -0.259684 3.521301 -0.2482523 -0.25963 2.595802 0.1614932 -0.2597163 2.595802 -0.2482523 -0.25963 3.057503 0.1614932 -0.2597163 3.057503 -0.2482523 -0.25963 2.140305 0.1614932 -0.2597163 2.140305 -0.2482523 -0.25963 2.601906 0.1614932 -0.2597163 2.601906 -0.2815706 -0.2597163 1.670403 0.1947252 -0.2597163 1.670403 -0.2815706 -0.2597163 2.132004 0.1947252 -0.2597163 2.132004 -0.1378748 -0.2596947 1.206406 0.05107253 -0.2596947 1.206406 -0.1378748 -0.2596947 1.667999 0.05107253 -0.2596947 1.667999 -0.2921876 -0.2597163 0.7415009 0.2053421 -0.2597163 0.7415009 -0.2921876 -0.2597163 1.203209 0.2053421 -0.2597163 1.203209 -0.3308737 -0.2597864 0.2826996 0.2439796 -0.259684 0.2826996 -0.3308737 -0.2597864 0.7443009 0.2439796 -0.259684 0.7443009 0.6739342 -0.2597811 3.0168 0.8870016 -0.2598189 3.0168 0.6739342 -0.2597811 3.267105 0.8870016 -0.2598189 3.267105 0.8778737 -0.2597541 3.0168 1.09092 -0.2598566 3.0168 0.8778737 -0.2597541 3.267105 1.09092 -0.2598566 3.267105 1.08805 -0.2597487 3.0168 1.301079 -0.2598351 3.0168 1.08805 -0.2597487 3.267105 1.301079 -0.2598351 3.267105 1.281658 -0.2597487 3.0168 1.494774 -0.2597487 3.0168 1.281658 -0.2597487 3.267105 1.494774 -0.2597487 3.267105 -0.7505403 -0.2570297 3.621704 -0.2555407 -0.2570027 3.621704 -0.7505403 -0.2570297 4.388306 -0.2555407 -0.2570027 4.388306 -0.2261121 -0.2569973 3.621704 0.2686878 -0.2570297 3.621704 -0.2261121 -0.2569973 4.388306 0.2686878 -0.2570297 4.388306 0.2827197 -0.2569919 3.621704 0.7775197 -0.2570243 3.621704 0.2827197 -0.2569919 4.388306 0.7775197 -0.2570243 4.388306 0.7655972 -0.2569273 3.621704 1.260268 -0.2570891 3.621704 0.7655972 -0.2569273 4.388306 1.260268 -0.2570891 4.388306 1.265107 -0.2569219 3.621704 1.759988 -0.2570351 3.621704 1.265107 -0.2569219 4.388306 1.759988 -0.2570351 4.388306 1.615229 -0.2546992 2.751701 0.4554557 -0.2546776 2.751701 1.615229 -0.2546992 3.518906 0.4554557 -0.2546776 3.518906 -0.7504648 -0.2418271 3.621704 -0.2556217 -0.2418164 3.621704 -0.7504648 -0.2418271 4.388306 -0.2556217 -0.2418164 4.388306 -0.2260312 -0.2418001 3.621704 0.2687579 -0.2418217 3.621704 -0.2260312 -0.2418001 4.388306 0.2687579 -0.2418217 4.388306 0.2827251 -0.2417193 3.621704 0.7774819 -0.2417948 3.621704 0.2827251 -0.2417193 4.388306 0.7774819 -0.2417948 4.388306 0.7655918 -0.2418164 3.621704 1.260435 -0.2418056 3.621704 0.7655918 -0.2418164 4.388306 1.260435 -0.2418056 4.388306 1.265096 -0.2418056 3.621704 1.759928 -0.2417841 3.621704 1.265096 -0.2418056 4.388306 1.759928 -0.2417841 4.388306 1.604394 0.05490619 5.411301 1.604394 0.05490619 5.189997 1.445207 0.05498367 5.190001 1.445207 0.05498367 5.411304 -0.3997771 -0.1126835 5.411301 -0.3997771 -0.1126835 5.189997 -0.2406133 -0.1126757 5.190001 -0.2406133 -0.1126757 5.411304 1.448659 0.05503487 5.336815 1.448659 0.05503487 5.214714 1.368637 0.05502239 5.214714 1.368637 0.05502239 5.336815 1.367591 0.05502223 5.336815 1.367591 0.05502223 5.214714 1.291528 0.05501036 5.214714 1.291528 0.05501036 5.336815 1.290482 0.0550102 5.336815 1.290482 0.0550102 5.214714 1.223176 0.0549997 5.214714 1.223176 0.0549997 5.336815 1.222131 0.05499954 5.336815 1.222131 0.05499954 5.214714 1.14713 0.05498784 5.214714 1.14713 0.05498784 5.336815 1.146085 0.05498768 5.336815 1.146085 0.05498768 5.214714 1.0889 0.05497876 5.214714 1.0889 0.05497876 5.336815 1.087855 0.0549786 5.336815 1.087855 0.0549786 5.214714 1.033343 0.05497009 5.214714 1.033343 0.05497009 5.336815 1.032298 0.05496993 5.336815 1.032298 0.05496993 5.214714 0.9601939 0.05495868 5.214714 0.9601939 0.05495868 5.336815 0.9591483 0.05495852 5.336815 0.9591483 0.05495852 5.214714 0.8395342 0.05493987 5.214714 0.8395342 0.05493987 5.336815 0.8384886 0.0549397 5.336815 0.8384886 0.0549397 5.214714 0.7584663 0.05492722 5.214714 0.7584663 0.05492722 5.336815 0.7574207 0.05492706 5.336815 0.7574207 0.05492706 5.214714 0.6901147 0.05491656 5.214714 0.6901147 0.05491656 5.336815 0.6476233 0.05490993 5.336815 0.6476233 0.05490993 5.214714 0.5931119 0.05490143 5.214714 0.5931119 0.05490143 5.336815 0.5920663 0.05490127 5.336815 0.5920663 0.05490127 5.214714 0.512044 0.05488879 5.214714 0.512044 0.05488879 5.336815 0.5109984 0.05488862 5.336815 0.5109984 0.05488862 5.214714 0.4349353 0.05487676 5.214714 0.4349353 0.05487676 5.336815 0.4338897 0.0548766 5.336815 0.4338897 0.0548766 5.214714 0.3617858 0.05486535 5.214714 0.3617858 0.05486535 5.336815 0.3607402 0.05486519 5.336815 0.3607402 0.05486519 5.214714 0.2934342 0.05485469 5.214714 0.2934342 0.05485469 5.336815 0.2509428 0.05484806 5.336815 0.2509428 0.05484806 5.214714 0.1788389 0.05483682 5.214714 0.1788389 0.05483682 5.336815 0.1777933 0.05483665 5.336815 0.1777933 0.05483665 5.214714 0.1104873 0.05482616 5.214714 0.1104873 0.05482616 5.336815 0.06799588 0.05481953 5.336815 0.06799588 0.05481953 5.214714 -0.05161816 0.05480087 5.214714 -0.05161816 0.05480087 5.336815 -0.05266376 0.05480071 5.336815 -0.05266376 0.05480071 5.214714 -0.1247677 0.05478946 5.214714 -0.1247677 0.05478946 5.336815 -0.1258133 0.0547893 5.336815 -0.1258133 0.0547893 5.214714 -0.1829975 0.05478038 5.214714 -0.1829975 0.05478038 5.336815 -0.1840431 0.05478022 5.336815 -0.1840431 0.05478022 5.214714 -0.2550845 0.05476914 5.214714 -0.2550845 0.05476914 5.336815 -0.2561301 0.05476898 5.336815 -0.2561301 0.05476898 5.214714 -0.328234 0.05475773 5.214714 -0.328234 0.05475773 5.336815 -0.3292796 0.05475757 5.336815 -0.3292796 0.05475757 5.214714 -0.3965856 0.05474707 5.214714 -0.3965856 0.05474707 5.336815 -0.3976312 0.05493612 5.404063 -0.3976312 0.05493612 5.206484 -0.472568 0.05492443 5.206484 -0.472568 0.05492443 5.404063 -0.2440332 -0.1132455 5.336815 -0.2440332 -0.1132455 5.214713 -0.1640534 -0.1131891 5.214713 -0.1640534 -0.1131891 5.336815 -0.162958 -0.1131884 5.336815 -0.162958 -0.1131884 5.214713 -0.08693527 -0.1131348 5.214713 -0.08693527 -0.1131348 5.336815 -0.08583989 -0.113134 5.336815 -0.08583989 -0.113134 5.214713 -0.01856961 -0.1130867 5.214713 -0.01856961 -0.1130867 5.336815 -0.01747424 -0.1130859 5.336815 -0.01747424 -0.1130859 5.214713 0.0574865 -0.1130331 5.214713 0.0574865 -0.1130331 5.336815 0.05858187 -0.1130323 5.336815 0.05858187 -0.1130323 5.214713 0.1157358 -0.112992 5.214713 0.1157358 -0.112992 5.336815 0.1168311 -0.1129913 5.336815 0.1168311 -0.1129913 5.214713 0.1713137 -0.1129529 5.214713 0.1713137 -0.1129529 5.336815 0.1724091 -0.1129521 5.336815 0.1724091 -0.1129521 5.214713 0.2444747 -0.1129013 5.214713 0.2444747 -0.1129013 5.336815 0.2455701 -0.1129006 5.336815 0.2455701 -0.1129006 5.214713 0.3651207 -0.1128164 5.214713 0.3651207 -0.1128164 5.336815 0.3662161 -0.1128156 5.336815 0.3662161 -0.1128156 5.214713 0.4461959 -0.1127592 5.214713 0.4461959 -0.1127592 5.336815 0.4472913 -0.1127585 5.336815 0.4472913 -0.1127585 5.214713 0.5145615 -0.1127111 5.214713 0.5145615 -0.1127111 5.336815 0.557015 -0.1126812 5.336815 0.557015 -0.1126812 5.214713 0.6114976 -0.1126428 5.214713 0.6114976 -0.1126428 5.336815 0.6125929 -0.112642 5.336815 0.6125929 -0.112642 5.214713 0.6925728 -0.1125857 5.214713 0.6925728 -0.1125857 5.336815 0.6936681 -0.1125849 5.336815 0.6936681 -0.1125849 5.214713 0.7696909 -0.1125314 5.214713 0.7696909 -0.1125314 5.336815 0.7707863 -0.1125306 5.336815 0.7707863 -0.1125306 5.214713 0.8428519 -0.1124798 5.214713 0.8428519 -0.1124798 5.336815 0.8439473 -0.112479 5.336815 0.8439473 -0.112479 5.214713 0.9112176 -0.1124317 5.214713 0.9112176 -0.1124317 5.336815 0.9536711 -0.1124018 5.336815 0.9536711 -0.1124018 5.214713 1.025737 -0.112351 5.214713 1.025737 -0.112351 5.336815 1.026832 -0.1123502 5.336815 1.026832 -0.1123502 5.214713 1.094102 -0.1123028 5.214713 1.094102 -0.1123028 5.336815 1.136556 -0.1122729 5.336815 1.136556 -0.1122729 5.214713 1.256106 -0.1121887 5.214713 1.256106 -0.1121887 5.336815 1.257202 -0.1121879 5.336815 1.257202 -0.1121879 5.214713 1.329267 -0.1121372 5.214713 1.329267 -0.1121372 5.336815 1.330363 -0.1121364 5.336815 1.330363 -0.1121364 5.214713 1.387517 -0.1120961 5.214713 1.387517 -0.1120961 5.336815 1.388612 -0.1120954 5.336815 1.388612 -0.1120954 5.214713 1.459616 -0.1120453 5.214713 1.459616 -0.1120453 5.336815 1.460711 -0.1120446 5.336815 1.460711 -0.1120446 5.214713 1.532777 -0.1119938 5.214713 1.532777 -0.1119938 5.336815 1.533872 -0.111993 5.336815 1.533872 -0.111993 5.214713 1.601143 -0.1119456 5.214713 1.601143 -0.1119456 5.336815 1.602238 -0.1126907 5.404064 1.602238 -0.1126907 5.206483 1.677194 -0.1126379 5.206483 1.677194 -0.1126379 5.404064</float_array>
          <technique_common>
            <accessor source="#Plane_134-mesh-positions-array" count="596" stride="3">
              <param name="X" type="float"/>
              <param name="Y" type="float"/>
              <param name="Z" type="float"/>
            </accessor>
          </technique_common>
        </source>
        <source id="Plane_134-mesh-normals">
          <float_array id="Plane_134-mesh-normals-array" count="954">-8.40341e-6 -1 -2.83756e-5 0.7058321 -0.7083792 0 0.7081239 0.7060883 0 0.70582 -0.7083913 0 8.85098e-5 1 0 3.69251e-5 1 5.54826e-5 4.5344e-4 1 -8.38877e-5 -4.73445e-4 0.9999999 1.84602e-4 -1.19937e-4 1 0 0 0.9999989 -0.001530349 0.001445293 -0.9999991 2.6444e-5 9.23682e-4 -0.999999 -0.001088082 0.001301705 -0.9999992 0 -6.15382e-5 -0.9999999 -4.72657e-4 -6.15515e-5 -0.9999999 -4.72655e-4 -6.14683e-5 -0.9999999 -4.72666e-4 8.6289e-4 -0.9999997 0 8.6289e-4 -0.9999997 0 8.6289e-4 -0.9999997 0 2.4174e-6 -1 -2.40779e-6 -1.93786e-4 -0.9999997 7.91859e-4 5.00094e-4 -0.9999998 -5.7201e-4 -6.1019e-4 -0.9999998 1.08901e-4 -2.00753e-5 -1 -1.67047e-5 -5.98356e-5 -1 2.73996e-5 -6.34443e-4 -0.9999998 0 9.88749e-5 -1 8.23347e-5 -7.25675e-6 -1 -1.5607e-4 2.35819e-5 -1 -2.33021e-5 4.56176e-4 -1 -7.17712e-5 1.07853e-5 -1 1.9749e-4 -9.89753e-5 -0.9999998 -6.79449e-4 5.22293e-4 -1 0 -2.2916e-5 -0.9999999 -5.25745e-4 4.81479e-4 -1 -8.30132e-5 -1.8683e-4 -1 0 4.49106e-5 -1 0 -4.94651e-5 -1 0 -2.63303e-5 1 0 2.83992e-5 -1 -6.03358e-5 1.90546e-4 -0.9999999 5.79779e-4 -4.7326e-4 -0.9999997 7.56631e-4 -1.08939e-4 1 0 -1.63596e-4 1 0 -2.16813e-5 1 0 -1.52699e-4 -1 0 3.33386e-5 -1 -2.59237e-5 0.001421809 -0.9999988 -7.12386e-4 0.001003384 -0.9999991 9.23122e-4 8.79502e-4 -0.9999993 8.44519e-4 0 0 1 2.63303e-5 -1 0 -0.001781046 0.9999985 5.9884e-6 -0.001109898 0.9999994 0 -0.001109898 0.9999994 0 0 0.9999989 0.001527667 -0.001414239 0.9999991 0 7.18039e-5 1 -4.97908e-6 2.14056e-4 1 -7.15514e-5 3.69248e-5 1 -5.55801e-5 3.17635e-5 -0.9999999 -4.64052e-4 -8.85033e-5 -1 0 -8.9687e-5 -0.9999997 -8.57388e-4 -6.73739e-5 -0.9999999 -6.66937e-4 -8.97219e-5 -0.9999997 -8.57384e-4 0 -1 0 -9.17326e-4 -0.9999997 -1.83131e-4 0 -1 9.58486e-5 1.49054e-4 -1 0 -9.8992e-4 -0.9999995 3.21628e-4 -2.99254e-4 -1 1.59684e-5 -3.97149e-4 -1 -2.37272e-4 -1.57978e-5 -0.9999999 -6.18701e-4 8.08166e-6 -1 1.7609e-4 1.83221e-4 -1 -5.17671e-5 -4.54313e-4 -1 9.05566e-5 2.42903e-5 -0.9999999 4.90053e-4 8.38965e-5 -1 4.38781e-4 5.22293e-4 -1 0 -1.8683e-4 -1 0 0.9829947 1.58946e-4 -0.1836338 -7.44242e-4 0.9999998 0 3.58341e-4 1 0 9.3033e-4 -0.9999996 -3.01082e-4 5.5729e-4 -1 0 0.001036643 -0.9999995 0 5.01688e-4 -1 0 0.001460373 -0.999999 9.11373e-6 9.81072e-4 -0.9999996 0 2.1071e-4 1 0 0.7081121 0.7061002 0 -0.7079089 0.7063038 0 0.7060897 -0.7081223 -4.06659e-6 0.7068459 0.7073676 0 0.707612 -0.7066012 0 7.4969e-5 -1 0 2.4174e-6 -1 0 -0.7070697 0.7071439 0 -0.7070386 -0.707175 2.77408e-7 -0.7083345 0.7058769 1.1314e-6 -1.78237e-4 1 0 4.05284e-4 1 0 -6.54712e-5 -1 0 4.33635e-5 -1 0 3.03827e-4 -1 0 1.9221e-4 -1 -4.66208e-4 7.61643e-6 1 0 -1 4.56077e-4 0 -0.9999997 5.83904e-4 4.62027e-4 -0.9999997 9.35461e-4 0 1.08999e-4 -1 0 0.7071353 -0.7070783 0 0.7066874 0.7075259 1.58834e-6 0.7075896 -0.7066237 0 -7.92069e-5 1 0 -1 5.37473e-5 0 6.7576e-4 0.9999998 0 6.6898e-4 -0.9999998 0 0.3668905 -2.96154e-5 -0.9302642 1.11384e-4 1 0 -2.1071e-4 -1 0 -0.7070133 -0.7072003 0 -0.7070253 -0.7071883 1.00553e-6 3.73275e-5 -1 0 -4.32646e-4 -0.9999997 7.23675e-4 -8.25563e-4 -0.9999997 0 8.71524e-5 1 0 -0.708007 -0.7062054 -2.31e-7 -0.7069558 -0.7072578 0 -1.85285e-4 1 0 4.70501e-5 1 0 0 1 0 -4.80931e-4 -1 0 2.1862e-5 -1 0 -0.005101323 -0.9999871 0 -8.71975e-5 1 0 -1 -5.3627e-5 0 -1.01436e-4 1 0 3.22882e-4 -1 0 -1.56502e-4 -1 0 1.56611e-4 1 0 -0.4532281 2.43743e-5 -0.8913947 0 0 1 0 0 -1 2.16813e-5 -1 0 0 0 -1 3.2714e-4 1 0 6.65484e-4 -0.9999998 0 -0.7059425 0.7082693 0 -0.7059304 0.7082813 0 1.86558e-5 1 0 -5.06609e-5 -1 0 1.56886e-4 -1 0 0.7084189 0.7057923 6.46948e-7 2.79835e-4 1 0 -3.46805e-4 1 -2.40307e-4 -3.91303e-4 1 0 -1.56021e-4 1 0 0.9999996 -9.3628e-4 0 0.9999999 -4.56896e-4 0 4.36082e-5 1 0 3.5231e-4 -1 0 9.04559e-4 -0.9999997 -1.61076e-4 9.2757e-4 -0.9999997 0 1.63476e-4 -1 0 0 -1 0 -1.86558e-5 -1 0 5.44269e-5 -1 0 1.50306e-4 1 0 -5.86954e-4 0.9999998 0 4.62164e-5 -1 0 3.77376e-4 -0.9999994 0.001152932 0.001734137 -0.9999985 3.94425e-4 7.04467e-4 -0.9999989 -0.001390159 -4.3062e-4 -0.9999998 -4.79384e-4 -4.3064e-4 -1 0 -4.3064e-4 -0.9999998 4.79384e-4 2.78321e-4 -1 0 -0.001037061 0.9999995 0 -1.25142e-7 -1 0 -4.27378e-4 -0.9999999 -2.17156e-4 -2.35462e-4 -1 0 -0.707921 -0.7062916 -3.75678e-7 6.54712e-5 1 0 1.96181e-4 -1 0 4.86438e-5 -1 0 -8.64884e-5 -1 0 -2.08279e-5 1 0 -3.75953e-5 -1 0 4.8677e-4 0.9999999 0 4.39818e-5 1 -1.83704e-4 -1.84366e-4 1 -8.04276e-7 2.28841e-4 1 0 -1.59779e-4 -1 0 3.57326e-5 -1 -1.4119e-5 1.8797e-5 -1 1.05234e-4 1.8256e-4 -1 0 -0.7066864 0.7075271 0 -6.50077e-5 1 0 1.77359e-4 1 0 1.11181e-4 -1 6.17373e-5 -1.00444e-4 1 1.57811e-4 1.95701e-4 1 0 0.9662474 -7.80995e-5 -0.2576159 -1.52699e-4 -1 0 3.69251e-5 1 0 -2.30524e-5 1 0 -2.54517e-5 1 0 8.36415e-4 -0.9999997 0 -0.005142271 -0.9999868 0 -7.04427e-4 0.9999998 0 0.706834 0.7073795 0 5.99642e-5 -1 1.75045e-5 1.07854e-5 -1 -6.99947e-5 -1.90067e-4 -1 2.63134e-5 -7.21452e-5 -1 1.94725e-5 -3.65862e-4 -1 1.29457e-6 5.8648e-4 -0.9999998 -1.09514e-4 9.88749e-5 -1 -2.77043e-5 -9.89753e-5 -1 2.53859e-5 -1.98707e-4 -0.9999998 -6.37265e-4 4.64644e-4 -0.9999996 -8.12966e-4 -3.81218e-5 -1 3.30535e-6 -1.08939e-4 1 0 -2.16813e-5 1 0 -7.25678e-6 -1 6.21628e-5 -0.001192331 -0.9999986 -0.00114727 -0.001054286 -0.9999989 -0.001083374 -7.68692e-4 -0.9999996 4.86049e-4 -2.51873e-7 0 1 2.63303e-5 -1 0 0.9829996 0 -0.1836079 -5.82626e-5 0.9999996 -0.001020789 -7.4424e-4 0.9999998 0 3.58342e-4 1 0 6.43285e-4 -0.9999998 -4.71608e-4 0.001036643 -0.9999995 0 5.57293e-4 -1 0 5.01689e-4 -1 0 0.001281857 -0.999999 5.57281e-4 2.1071e-4 1 0 7.4969e-5 -1 0 2.41741e-6 -1 0 -1.78237e-4 1 0 4.05283e-4 1 0 -6.54711e-5 -1 0 3.03827e-4 -1 0 3.0385e-4 -0.9999999 4.79384e-4 5.65398e-4 -0.9999998 -4.01732e-4 7.61643e-6 1 0 -1 4.56078e-4 0 -0.9999996 9.35462e-4 0 -7.92069e-5 1 0 -1 5.39346e-5 0 6.68978e-4 -0.9999998 0 0.3669015 0 -0.9302598 1.11384e-4 1 0 3.73276e-5 -1 0 -8.25563e-4 -0.9999998 0 -1.85285e-4 1 0 4.70503e-5 1 0 -4.80932e-4 -0.9999999 0 2.1862e-5 -1 0 -0.005101323 -0.999987 0 -8.71974e-5 1 0 -1 -5.41427e-5 0 7.19841e-5 -1 -4.21429e-4 3.22881e-4 -1 0 -1.56503e-4 -1 0 1.56611e-4 1 0 -0.4532605 -2.43787e-5 -0.8913781 2.16813e-5 -1 0 -3.62592e-7 0 -1 3.2714e-4 1 0 6.65481e-4 -0.9999999 0 1.86558e-5 1 0 -5.06608e-5 -1 0 1.56885e-4 -1 0 2.79834e-4 1 0 -3.58332e-4 1 2.07772e-4 -1.56021e-4 1 0 0.9999997 -5.83085e-4 4.62027e-4 0.9999997 -9.34642e-4 0 1 -4.55259e-4 0 8.62644e-4 -0.9999997 2.65488e-4 1.63476e-4 -1 0 -1.86558e-5 -1 0 5.44269e-5 -1 0 1.50305e-4 1 0 -5.86952e-4 0.9999998 0 0.001342415 -0.9999987 0.00101453 7.04534e-4 -0.9999988 -0.001390159 0.001059114 -0.9999989 0.001043975 -7.46645e-4 -0.9999997 -3.60488e-4 -4.30643e-4 -1 0 2.78319e-4 -1 0 -0.001037061 0.9999995 0 -1.25142e-7 -1 0 -4.59559e-4 -0.9999999 1.36434e-4 -4.79384e-4 -0.9999999 0 -2.35462e-4 -1 0 6.54712e-5 1 0 4.86438e-5 -1 0 -3.75952e-5 -1 0 4.86771e-4 1 0 4.3799e-5 1 1.83261e-4 2.28841e-4 1 0 -6.50076e-5 1 0 -3.74894e-4 -1 -4.2314e-4 -1.25512e-4 1 -9.70977e-5 1.95702e-4 1 0 0.9662376 1.04388e-4 -0.2576532 -1.52699e-4 -1 0 3.6925e-5 1 0 -2.54516e-5 1 0 8.36412e-4 -0.9999997 0 -0.005142271 -0.9999868 0 -4.80844e-5 -1 1.98442e-4</float_array>
          <technique_common>
            <accessor source="#Plane_134-mesh-normals-array" count="318" stride="3">
              <param name="X" type="float"/>
              <param name="Y" type="float"/>
              <param name="Z" type="float"/>
            </accessor>
          </technique_common>
        </source>
        <source id="Plane_134-mesh-map-0">
          <float_array id="Plane_134-mesh-map-0-array" count="2008">0.6965829 0.7463194 0.6331836 0.7164894 0.6858298 0.7072579 0.329982 0.7490875 0.4323583 0.7385166 0.4323583 0.7490875 0.5817049 0.5683712 0.7533061 0.5582684 0.7389194 0.5683713 0.7700832 0.5583247 0.4116259 0.5678141 0.425138 0.5583253 0.5817049 0.5582684 0.7533061 0.5683713 0.5673182 0.5683713 0.7700842 0.5678135 0.4116259 0.5583247 0.7835962 0.5583247 0.7533061 0.5582684 0.5817049 0.5683712 0.7389194 0.5683713 0.425138 0.5583253 0.7835962 0.5678141 0.7700832 0.5583247 0.5817049 0.5582684 0.7533061 0.5683713 0.7389194 0.5582684 0.7835962 0.5583247 0.4251389 0.5678141 0.7700842 0.5678135 0.4736341 0.5573578 0.480862 0.5691425 0.5558018 0.5691425 0.6196823 0.568741 0.426174 0.5565754 0.4160701 0.5687413 0.3979052 0.5565772 0.66072 0.5565771 0.6532446 0.5687654 0.5505135 0.557043 0.5404428 0.569169 0.4764221 0.569169 0.3673689 0.5568232 0.3796404 0.5690946 0.6333515 0.5690944 0.5859957 0.5689244 0.4459215 0.5689243 0.4396965 0.556586 0.5859957 0.5689244 0.4396965 0.556586 0.6020557 0.556586 0.6333515 0.5690944 0.3673689 0.5568232 0.3796404 0.5690946 0.4764221 0.569169 0.5505135 0.557043 0.5404428 0.569169 0.3979052 0.5565772 0.6532446 0.5687654 0.385717 0.5687655 0.426174 0.5565754 0.6196823 0.568741 0.6264114 0.5565753 0.5558018 0.5691425 0.4736341 0.5573578 0.480862 0.5691425 0.6369285 0.6396258 0.6637105 0.6987387 0.6331836 0.7164894 0.6369285 0.6396258 0.6637105 0.6987387 0.6331836 0.7164894 0.7264859 0.8376652 0.741218 0.8083374 0.741218 0.8376652 0.5444266 0.557043 0.4709693 0.5691074 0.5505135 0.5691074 0.5071357 0.881598 0.52477 0.8453767 0.52477 0.881598 0.7677152 0.9255998 0.7797273 0.8893786 0.7797273 0.9255998 0.6675981 0.881598 0.6878219 0.8453767 0.6878219 0.881598 0.6675981 0.9255998 0.6878219 0.8893786 0.6675981 0.8893798 0.6965829 0.7463194 0.6331836 0.7164894 0.6858298 0.7072579 0.4883767 0.5692508 0.5261335 0.5568914 0.5337139 0.5692508 0.7577195 0.5559636 0.512609 0.570361 0.512609 0.5559637 0.5695069 0.8376652 0.5821812 0.8083374 0.5695069 0.8083385 0.5817049 0.5683712 0.5673182 0.5582684 0.7533061 0.5582684 0.7700832 0.5583247 0.7835962 0.5678141 0.4116259 0.5678141 0.5817049 0.5582684 0.7389194 0.5582684 0.7533061 0.5683713 0.7700842 0.5678135 0.4251389 0.5678141 0.4116259 0.5583247 0.7533061 0.5582684 0.5673182 0.5582684 0.5817049 0.5683712 0.425138 0.5583253 0.4116259 0.5678141 0.7835962 0.5678141 0.5817049 0.5582684 0.5673182 0.5683713 0.7533061 0.5683713 0.7835962 0.5583247 0.4116259 0.5583247 0.4251389 0.5678141 0.4736341 0.5573578 0.5558018 0.5691425 0.5675866 0.5573579 0.3979052 0.5565772 0.6532446 0.5687654 0.385717 0.5687655 0.5505135 0.557043 0.4764221 0.569169 0.4642962 0.557043 0.3673689 0.5568232 0.6333515 0.5690944 0.6493241 0.5568232 0.5859957 0.5689244 0.4396965 0.556586 0.6020557 0.556586 0.5859957 0.5689244 0.4459215 0.5689243 0.4396965 0.556586 0.6333515 0.5690944 0.6493241 0.5568232 0.3673689 0.5568232 0.4764221 0.569169 0.4642962 0.557043 0.5505135 0.557043 0.3979052 0.5565772 0.66072 0.5565771 0.6532446 0.5687654 0.5558018 0.5691425 0.5675866 0.5573579 0.4736341 0.5573578 0.792746 0.8295791 0.9131482 0.8096284 0.9131482 0.8295791 0.5529329 0.9593452 0.5595813 0.9454891 0.5595813 0.9593452 0.579307 0.9593452 0.5841315 0.9454891 0.5841315 0.9593452 0.5994562 0.9593452 0.6042807 0.9454891 0.6042807 0.9593452 0.7264859 0.8376652 0.741218 0.8083374 0.7264859 0.8083385 0.329982 0.7385166 0.4323583 0.7279458 0.4323583 0.7385166 0.329982 0.7490875 0.4323583 0.7385166 0.4323583 0.7490875 0.5144319 0.9593452 0.5237244 0.9454891 0.5144319 0.9454891 0.6241809 0.6466982 0.7347722 0.694041 0.7347721 0.6466982 0.329982 0.7702292 0.4323583 0.7596583 0.4323583 0.7702292 0.7740772 0.8376652 0.7891548 0.8083374 0.7740772 0.8083385 0.7414548 0.979184 0.7529982 0.9644184 0.7414548 0.9644189 0.5071357 0.881598 0.52477 0.8453767 0.52477 0.881598 0.6084659 0.9255998 0.6258075 0.8893786 0.6258075 0.9255998 0.5026299 0.979184 0.5168851 0.9644184 0.5026299 0.9644189 0.5537731 0.7038595 0.5017815 0.7573226 0.5017815 0.7038612 0.7577195 0.5559636 0.8728342 0.570361 0.7577195 0.5703608 0.7675888 0.881598 0.7799304 0.8453767 0.7675888 0.845378 0.329982 0.7490875 0.4323583 0.7385166 0.4323583 0.7490875 0.5073929 0.8376652 0.523184 0.8083374 0.523184 0.8376652 0.4016062 0.8295789 0.2436956 0.8096282 0.4016062 0.8096282 0.5144319 0.9593452 0.5237244 0.9454891 0.5144319 0.9454891 0.5994562 0.9593452 0.6042807 0.9454891 0.6042807 0.9593452 0.7453134 0.8096284 0.792746 0.8295791 0.7453134 0.8295791 0.627142 0.8376652 0.633284 0.8083374 0.627142 0.8083385 0.5994562 0.9593452 0.6042807 0.9454891 0.6042807 0.9593452 0.5695069 0.8376652 0.5821812 0.8083374 0.5821812 0.8376652 0.329982 0.7596583 0.4323583 0.7490875 0.4323583 0.7596583 0.5332034 0.9593452 0.5424959 0.9454891 0.5424959 0.9593452 0.6084659 0.9255998 0.6258075 0.8893786 0.6258075 0.9255998 0.329982 0.7596583 0.4323583 0.7490875 0.4323583 0.7596583 0.6084659 0.881598 0.6258075 0.8453767 0.6258075 0.881598 0.6621639 0.9563267 0.6693851 0.9454891 0.6693851 0.9563267 0.627142 0.8376652 0.633284 0.8083374 0.627142 0.8083385 0.7528823 0.979184 0.7658722 0.9644184 0.7658722 0.979184 0.7675888 0.9255998 0.7799304 0.8893786 0.7799304 0.9255998 -0.004113376 0.1921026 0.525026 0.2773862 0.525026 0.1921026 0.7677152 0.881598 0.7797273 0.8453767 0.7797273 0.881598 0.4853494 0.829579 0.4279956 0.8096282 0.4853494 0.8096283 0.7414548 0.979184 0.7529982 0.9644184 0.7529982 0.979184 0.8802423 0.9912083 0.8994203 0.9652859 0.8994203 0.9912083 0.6697122 0.9563267 0.6777301 0.9454891 0.6777301 0.9563267 0.4016062 0.8096282 0.4279956 0.8295789 0.4016062 0.8295789 0.4853494 0.8096283 0.6506476 0.8295791 0.4853494 0.829579 0.1925449 0.829579 0.2436956 0.8096282 0.2436956 0.8295791 0.7677152 0.9255998 0.7797273 0.8893786 0.7797273 0.9255998 0.3974943 0.5703608 0.1523837 0.5559636 0.3974943 0.5559638 0.7675888 0.881598 0.7799304 0.8453767 0.7675888 0.845378 0.6210075 0.9563267 0.6302545 0.9454891 0.6302545 0.9563267 0.329982 0.7702292 0.4323583 0.7596583 0.4323583 0.7702292 0.9879121 0.8842913 0.9042782 0.9338703 0.9042782 0.8842932 0.7528823 0.979184 0.7658722 0.9644184 0.7528823 0.9644189 0.5130705 0.9454891 0.5038236 0.9563267 0.5038236 0.9454891 0.329982 0.7385166 0.4323583 0.7279458 0.4323583 0.7385166 0.579307 0.9593452 0.5841315 0.9454891 0.5841315 0.9593452 0.5436055 0.9563267 0.5528524 0.9454891 0.5528524 0.9563267 0.3974943 0.5559638 0.512609 0.570361 0.3974943 0.5703608 0.6675981 0.9255998 0.6878219 0.8893786 0.6675981 0.8893798 0.5038236 0.9563267 0.5130705 0.9454891 0.5130705 0.9563267 0.6621639 0.9563267 0.6693851 0.9454891 0.6621639 0.9454891 0.7675888 0.9255998 0.7799304 0.8893786 0.7675888 0.8893798 0.7584056 0.8376652 0.7734832 0.8083374 0.7734832 0.8376652 0.9042782 0.9338703 0.9879121 0.8842913 0.9042782 0.8842932 0.7677152 0.881598 0.7797273 0.8453767 0.7797273 0.881598 0.5332034 0.9593452 0.5424959 0.9454891 0.5424959 0.9593452 0.5038236 0.9563267 0.5130705 0.9454891 0.5130705 0.9563267 0.7587359 0.8376652 0.7737044 0.8083374 0.7587359 0.8083385 0.8802423 0.9912083 0.8994203 0.9652859 0.8802423 0.9652859 0.6210075 0.9563267 0.6302545 0.9454891 0.6210075 0.9454891 0.5994562 0.9593452 0.6042807 0.9454891 0.5994562 0.9454891 0.7180573 0.9560647 0.7281094 0.9454891 0.7281094 0.9560647 0.5073929 0.8376652 0.523184 0.8083374 0.523184 0.8376652 0.6763209 0.979184 0.6894966 0.9644184 0.6894966 0.979184 0.6697122 0.9563267 0.6777301 0.9454891 0.6777301 0.9563267 0.329982 0.7596583 0.4323583 0.7490875 0.4323583 0.7596583 0.6675981 0.881598 0.6878219 0.8453767 0.6675981 0.845378 0.5071357 0.9255998 0.52477 0.8893786 0.5071357 0.8893798 0.7521336 0.9980621 0.7677527 0.9829725 0.7677527 0.9980621 0.7180573 0.9560647 0.7281094 0.9454891 0.7281094 0.9560647 0.5017815 0.7573226 0.5537731 0.7038595 0.5537731 0.7573226 0.7740772 0.8376652 0.7891548 0.8083374 0.7740772 0.8083385 0.7521336 0.9980621 0.7677527 0.9829725 0.7677527 0.9980621 0.6084659 0.881598 0.6258075 0.8453767 0.6084659 0.845378 0.6331836 0.7164894 0.6228007 0.7469112 0.6226187 0.7242183 0.6858298 0.7072579 0.6331836 0.7164894 0.6637105 0.6987387 0.6637105 0.6987387 0.6858298 0.7072579 0.6331836 0.7164894 0.6228007 0.7469112 0.6226187 0.7242183 0.6331836 0.7164894 0.329982 0.7702292 0.4323583 0.7596583 0.4323583 0.7702292 0.7584056 0.8376652 0.7734832 0.8083374 0.7734832 0.8376652 0.5026299 0.979184 0.5168851 0.9644184 0.5026299 0.9644189 0.5261335 0.5568914 0.4883767 0.5692508 0.4807964 0.5568914 0.5130705 0.9454891 0.5038236 0.9563267 0.5038236 0.9454891 0.6506476 0.8295791 0.7453134 0.8096284 0.7453134 0.8295791 0.5071357 0.9255998 0.52477 0.8893786 0.52477 0.9255998 0.7347722 0.694041 0.6241809 0.6466982 0.7347721 0.6466982 0.7587359 0.8376652 0.7737044 0.8083374 0.7587359 0.8083385 0.6763209 0.979184 0.6894966 0.9644184 0.6894966 0.979184 0.5529329 0.9593452 0.5595813 0.9454891 0.5595813 0.9593452 0.525026 0.2773862 -0.004113376 0.1921026 -0.004113495 0.2773862 0.5436055 0.9563267 0.5528524 0.9454891 0.5436055 0.9454891 0.329982 0.7385166 0.4323583 0.7279458 0.4323583 0.7385166 0.5444266 0.557043 0.4709693 0.5691074 0.5505135 0.5691074 0.6965829 0.7463194 0.6228007 0.7469112 0.6331836 0.7164894 0.329982 0.7490875 0.329982 0.7385166 0.4323583 0.7385166 0.6196823 0.568741 0.6264114 0.5565753 0.426174 0.5565754 0.426174 0.5565754 0.4160701 0.5687413 0.6196823 0.568741 0.6369285 0.6396258 0.6557478 0.6405428 0.6637105 0.6987387 0.6369285 0.6396258 0.6557478 0.6405428 0.6637105 0.6987387 0.7264859 0.8376652 0.7264859 0.8083385 0.741218 0.8083374 0.5444266 0.557043 0.4642961 0.557043 0.4709693 0.5691074 0.5071357 0.881598 0.5071357 0.845378 0.52477 0.8453767 0.7677152 0.9255998 0.7677152 0.8893798 0.7797273 0.8893786 0.6675981 0.881598 0.6675981 0.845378 0.6878219 0.8453767 0.6675981 0.9255998 0.6878219 0.9255998 0.6878219 0.8893786 0.6965829 0.7463194 0.6228007 0.7469112 0.6331836 0.7164894 0.4883767 0.5692508 0.4807964 0.5568914 0.5261335 0.5568914 0.7577195 0.5559636 0.7577195 0.5703608 0.512609 0.570361 0.5695069 0.8376652 0.5821812 0.8376652 0.5821812 0.8083374 0.792746 0.8295791 0.7927461 0.8096284 0.9131482 0.8096284 0.5529329 0.9593452 0.5529329 0.9454891 0.5595813 0.9454891 0.579307 0.9593452 0.579307 0.9454891 0.5841315 0.9454891 0.5994562 0.9593452 0.5994562 0.9454891 0.6042807 0.9454891 0.7264859 0.8376652 0.741218 0.8376652 0.741218 0.8083374 0.329982 0.7385166 0.329982 0.7279458 0.4323583 0.7279458 0.329982 0.7490875 0.329982 0.7385166 0.4323583 0.7385166 0.5144319 0.9593452 0.5237244 0.9593452 0.5237244 0.9454891 0.6241809 0.6466982 0.6241809 0.6940411 0.7347722 0.694041 0.329982 0.7702292 0.329982 0.7596583 0.4323583 0.7596583 0.7740772 0.8376652 0.7891548 0.8376652 0.7891548 0.8083374 0.7414548 0.979184 0.7529982 0.979184 0.7529982 0.9644184 0.5071357 0.881598 0.5071357 0.845378 0.52477 0.8453767 0.6084659 0.9255998 0.6084659 0.8893798 0.6258075 0.8893786 0.5026299 0.979184 0.5168851 0.979184 0.5168851 0.9644184 0.5537731 0.7038595 0.5537731 0.7573226 0.5017815 0.7573226 0.7577195 0.5559636 0.8728342 0.5559637 0.8728342 0.570361 0.7675888 0.881598 0.7799304 0.881598 0.7799304 0.8453767 0.329982 0.7490875 0.329982 0.7385166 0.4323583 0.7385166 0.5073929 0.8376652 0.5073929 0.8083385 0.523184 0.8083374 0.4016062 0.8295789 0.2436956 0.8295791 0.2436956 0.8096282 0.5144319 0.9593452 0.5237244 0.9593452 0.5237244 0.9454891 0.5994562 0.9593452 0.5994562 0.9454891 0.6042807 0.9454891 0.7453134 0.8096284 0.7927461 0.8096284 0.792746 0.8295791 0.627142 0.8376652 0.633284 0.8376652 0.633284 0.8083374 0.5994562 0.9593452 0.5994562 0.9454891 0.6042807 0.9454891 0.5695069 0.8376652 0.5695069 0.8083385 0.5821812 0.8083374 0.329982 0.7596583 0.329982 0.7490875 0.4323583 0.7490875 0.5332034 0.9593452 0.5332034 0.9454891 0.5424959 0.9454891 0.6084659 0.9255998 0.6084659 0.8893798 0.6258075 0.8893786 0.329982 0.7596583 0.329982 0.7490875 0.4323583 0.7490875 0.6084659 0.881598 0.6084659 0.845378 0.6258075 0.8453767 0.6621639 0.9563267 0.6621639 0.9454891 0.6693851 0.9454891 0.627142 0.8376652 0.633284 0.8376652 0.633284 0.8083374 0.7528823 0.979184 0.7528823 0.9644189 0.7658722 0.9644184 0.7675888 0.9255998 0.7675888 0.8893798 0.7799304 0.8893786 -0.004113376 0.1921026 -0.004113495 0.2773862 0.525026 0.2773862 0.7677152 0.881598 0.7677152 0.845378 0.7797273 0.8453767 0.4853494 0.829579 0.4279956 0.8295789 0.4279956 0.8096282 0.7414548 0.979184 0.7414548 0.9644189 0.7529982 0.9644184 0.8802423 0.9912083 0.8802423 0.9652859 0.8994203 0.9652859 0.6697122 0.9563267 0.6697122 0.9454891 0.6777301 0.9454891 0.4016062 0.8096282 0.4279956 0.8096282 0.4279956 0.8295789 0.4853494 0.8096283 0.6506476 0.8096283 0.6506476 0.8295791 0.1925449 0.829579 0.1925449 0.8096283 0.2436956 0.8096282 0.7677152 0.9255998 0.7677152 0.8893798 0.7797273 0.8893786 0.3974943 0.5703608 0.1523837 0.570361 0.1523837 0.5559636 0.7675888 0.881598 0.7799304 0.881598 0.7799304 0.8453767 0.6210075 0.9563267 0.6210075 0.9454891 0.6302545 0.9454891 0.329982 0.7702292 0.329982 0.7596583 0.4323583 0.7596583 0.9879121 0.8842913 0.9879121 0.9338703 0.9042782 0.9338703 0.7528823 0.979184 0.7658722 0.979184 0.7658722 0.9644184 0.5130705 0.9454891 0.5130705 0.9563267 0.5038236 0.9563267 0.329982 0.7385166 0.329982 0.7279458 0.4323583 0.7279458 0.579307 0.9593452 0.579307 0.9454891 0.5841315 0.9454891 0.5436055 0.9563267 0.5436055 0.9454891 0.5528524 0.9454891 0.3974943 0.5559638 0.512609 0.5559637 0.512609 0.570361 0.6675981 0.9255998 0.6878219 0.9255998 0.6878219 0.8893786 0.5038236 0.9563267 0.5038236 0.9454891 0.5130705 0.9454891 0.6621639 0.9563267 0.6693851 0.9563267 0.6693851 0.9454891 0.7675888 0.9255998 0.7799304 0.9255998 0.7799304 0.8893786 0.7584056 0.8376652 0.7584056 0.8083385 0.7734832 0.8083374 0.9042782 0.9338703 0.9879121 0.9338703 0.9879121 0.8842913 0.7677152 0.881598 0.7677152 0.845378 0.7797273 0.8453767 0.5332034 0.9593452 0.5332034 0.9454891 0.5424959 0.9454891 0.5038236 0.9563267 0.5038236 0.9454891 0.5130705 0.9454891 0.7587359 0.8376652 0.7737044 0.8376652 0.7737044 0.8083374 0.8802423 0.9912083 0.8994203 0.9912083 0.8994203 0.9652859 0.6210075 0.9563267 0.6302545 0.9563267 0.6302545 0.9454891 0.5994562 0.9593452 0.6042807 0.9593452 0.6042807 0.9454891 0.7180573 0.9560647 0.7180573 0.9454891 0.7281094 0.9454891 0.5073929 0.8376652 0.5073929 0.8083385 0.523184 0.8083374 0.6763209 0.979184 0.6763209 0.9644189 0.6894966 0.9644184 0.6697122 0.9563267 0.6697122 0.9454891 0.6777301 0.9454891 0.329982 0.7596583 0.329982 0.7490875 0.4323583 0.7490875 0.6675981 0.881598 0.6878219 0.881598 0.6878219 0.8453767 0.5071357 0.9255998 0.52477 0.9255998 0.52477 0.8893786 0.7521336 0.9980621 0.7521336 0.9829731 0.7677527 0.9829725 0.7180573 0.9560647 0.7180573 0.9454891 0.7281094 0.9454891 0.5017815 0.7573226 0.5017815 0.7038612 0.5537731 0.7038595 0.7740772 0.8376652 0.7891548 0.8376652 0.7891548 0.8083374 0.7521336 0.9980621 0.7521336 0.9829731 0.7677527 0.9829725 0.6084659 0.881598 0.6258075 0.881598 0.6258075 0.8453767 0.329982 0.7702292 0.329982 0.7596583 0.4323583 0.7596583 0.7584056 0.8376652 0.7584056 0.8083385 0.7734832 0.8083374 0.5026299 0.979184 0.5168851 0.979184 0.5168851 0.9644184 0.5261335 0.5568914 0.5337139 0.5692508 0.4883767 0.5692508 0.5130705 0.9454891 0.5130705 0.9563267 0.5038236 0.9563267 0.6506476 0.8295791 0.6506476 0.8096283 0.7453134 0.8096284 0.5071357 0.9255998 0.5071357 0.8893798 0.52477 0.8893786 0.7347722 0.694041 0.6241809 0.6940411 0.6241809 0.6466982 0.7587359 0.8376652 0.7737044 0.8376652 0.7737044 0.8083374 0.6763209 0.979184 0.6763209 0.9644189 0.6894966 0.9644184 0.5529329 0.9593452 0.5529329 0.9454891 0.5595813 0.9454891 0.525026 0.2773862 0.525026 0.1921026 -0.004113376 0.1921026 0.5436055 0.9563267 0.5528524 0.9563267 0.5528524 0.9454891 0.329982 0.7385166 0.329982 0.7279458 0.4323583 0.7279458 0.5444266 0.557043 0.4642961 0.557043 0.4709693 0.5691074 0.5265477 0.9980621 0.5265477 0.9829725 0.5377722 0.9829725 0.5377722 0.9980621 0.5265477 0.9980621 0.5265477 0.9829725 0.5377722 0.9829725 0.5377722 0.9980621 0.6311311 0.9563267 0.6311311 0.9454891 0.6410002 0.9454891 0.6410002 0.9563267 0.6208772 0.9563267 0.6208772 0.9454891 0.630258 0.9454891 0.630258 0.9563267 0.6694336 0.9563267 0.6694336 0.9454891 0.6777344 0.9454891 0.6777344 0.9563267 0.5432405 0.9563267 0.5432405 0.9454891 0.5524902 0.9454891 0.5524902 0.9563267 0.6623811 0.9563267 0.6623811 0.9454891 0.6694336 0.9454891 0.6694336 0.9563267 0.6777344 0.9563267 0.6777344 0.9454891 0.6844572 0.9454891 0.6844572 0.9563267 0.504178 0.9563267 0.504178 0.9454891 0.5130705 0.9454891 0.5130705 0.9563267 0.6047639 0.9563267 0.6047639 0.9454891 0.6195158 0.9454891 0.6195158 0.9563267 0.6311311 0.9563267 0.6311311 0.9454891 0.6410002 0.9454891 0.6410002 0.9563267 0.6694336 0.9563267 0.6694336 0.9454891 0.6777344 0.9454891 0.6777344 0.9563267 0.6777344 0.9563267 0.6777344 0.9454891 0.6844572 0.9454891 0.6844572 0.9563267 0.6311311 0.9563267 0.6311311 0.9454891 0.6410002 0.9454891 0.6410002 0.9563267 0.5329866 0.9563267 0.5329866 0.9454891 0.5423674 0.9454891 0.5423674 0.9563267 0.504178 0.9563267 0.504178 0.9454891 0.5130705 0.9454891 0.5130705 0.9563267 0.6694336 0.9563267 0.6694336 0.9454891 0.6777344 0.9454891 0.6777344 0.9563267 0.504178 0.9563267 0.504178 0.9454891 0.5130705 0.9454891 0.5130705 0.9563267 0.6694336 0.9563267 0.6694336 0.9454891 0.6777344 0.9454891 0.6777344 0.9563267 0.6047639 0.9563267 0.6047639 0.9454891 0.6195158 0.9454891 0.6195158 0.9563267 0.504178 0.9563267 0.504178 0.9454891 0.5130705 0.9454891 0.5130705 0.9563267 0.6623811 0.9563267 0.6623811 0.9454891 0.6694336 0.9454891 0.6694336 0.9563267 0.5241975 0.9563267 0.5241975 0.9454891 0.532959 0.9454891 0.532959 0.9563267 0.504178 0.9563267 0.504178 0.9454891 0.5130705 0.9454891 0.5130705 0.9563267 0.6694336 0.9563267 0.6694336 0.9454891 0.6777344 0.9454891 0.6777344 0.9563267 0.8802423 0.9912083 0.8802423 0.9652859 0.8994203 0.9652859 0.8994203 0.9912083 0.6311311 0.9563267 0.6311311 0.9454891 0.6410002 0.9454891 0.6410002 0.9563267 0.6208772 0.9563267 0.6208772 0.9454891 0.630258 0.9454891 0.630258 0.9563267 0.6694336 0.9563267 0.6694336 0.9454891 0.6777344 0.9454891 0.6777344 0.9563267 0.5432405 0.9563267 0.5432405 0.9454891 0.5524902 0.9454891 0.5524902 0.9563267 0.6623811 0.9563267 0.6623811 0.9454891 0.6694336 0.9454891 0.6694336 0.9563267 0.6777344 0.9563267 0.6777344 0.9454891 0.6844572 0.9454891 0.6844572 0.9563267 0.504178 0.9563267 0.504178 0.9454891 0.5130705 0.9454891 0.5130705 0.9563267 0.6047639 0.9563267 0.6047639 0.9454891 0.6195158 0.9454891 0.6195158 0.9563267 0.6311311 0.9563267 0.6311311 0.9454891 0.6410002 0.9454891 0.6410002 0.9563267 0.6694336 0.9563267 0.6694336 0.9454891 0.6777344 0.9454891 0.6777344 0.9563267 0.6777344 0.9563267 0.6777344 0.9454891 0.6844572 0.9454891 0.6844572 0.9563267 0.6311311 0.9563267 0.6311311 0.9454891 0.6410002 0.9454891 0.6410002 0.9563267 0.5329866 0.9563267 0.5329866 0.9454891 0.5423674 0.9454891 0.5423674 0.9563267 0.504178 0.9563267 0.504178 0.9454891 0.5130705 0.9454891 0.5130705 0.9563267 0.6694336 0.9563267 0.6694336 0.9454891 0.6777344 0.9454891 0.6777344 0.9563267 0.504178 0.9563267 0.504178 0.9454891 0.5130705 0.9454891 0.5130705 0.9563267 0.6694336 0.9563267 0.6694336 0.9454891 0.6777344 0.9454891 0.6777344 0.9563267 0.6047639 0.9563267 0.6047639 0.9454891 0.6195158 0.9454891 0.6195158 0.9563267 0.504178 0.9563267 0.504178 0.9454891 0.5130705 0.9454891 0.5130705 0.9563267 0.6623811 0.9563267 0.6623811 0.9454891 0.6694336 0.9454891 0.6694336 0.9563267 0.5241975 0.9563267 0.5241975 0.9454891 0.532959 0.9454891 0.532959 0.9563267 0.504178 0.9563267 0.504178 0.9454891 0.5130705 0.9454891 0.5130705 0.9563267 0.6694336 0.9563267 0.6694336 0.9454891 0.6777344 0.9454891 0.6777344 0.9563267 0.8802423 0.9912083 0.8802423 0.9652859 0.8994203 0.9652859 0.8994203 0.9912083</float_array>
          <technique_common>
            <accessor source="#Plane_134-mesh-map-0-array" count="1004" stride="2">
              <param name="S" type="float"/>
              <param name="T" type="float"/>
            </accessor>
          </technique_common>
        </source>
        <source id="Plane_134-mesh-colors-Col" name="Col">
          <float_array id="Plane_134-mesh-colors-Col-array" count="3216">0.9411765 0.9411765 0.9411765 1 0.8784314 0.8784314 0.8784314 1 0.9490196 0.9490196 0.9490196 1 0.4980392 0.4980392 0.4980392 1 0.4980392 0.4980392 0.4980392 1 0.4980392 0.4980392 0.4980392 1 0.7490196 0.7490196 0.7490196 1 0.6666667 0.6666667 0.6666667 1 0.682353 0.682353 0.682353 1 0.5725491 0.5725491 0.5725491 1 0.7058824 0.7058824 0.7058824 1 0.7058824 0.7058824 0.7058824 1 0.5725491 0.5725491 0.5725491 1 0.5372549 0.5372549 0.5372549 1 0.5686275 0.5686275 0.5686275 1 0.5450981 0.5450981 0.5450981 1 0.6666667 0.6666667 0.6666667 1 0.5372549 0.5372549 0.5372549 1 0.5411765 0.5411765 0.5411765 1 0.6117647 0.6117647 0.6117647 1 0.5490196 0.5490196 0.5490196 1 0.6117647 0.6117647 0.6117647 1 0.5843138 0.5843138 0.5843138 1 0.5725491 0.5725491 0.5725491 1 0.5725491 0.5725491 0.5725491 1 0.5176471 0.5176471 0.5176471 1 0.5215687 0.5215687 0.5215687 1 0.5176471 0.5176471 0.5176471 1 0.5490196 0.5490196 0.5490196 1 0.5215687 0.5215687 0.5215687 1 1 1 1 1 1 1 1 1 1 1 1 1 0.9254902 0.9254902 0.9254902 1 0.9843137 0.9843137 0.9843137 1 0.9921569 0.9921569 0.9921569 1 0.9764706 0.9764706 0.9764706 1 0.8745098 0.8745098 0.8745098 1 0.8862745 0.8862745 0.8862745 1 0.9921569 0.9921569 0.9921569 1 0.9843137 0.9843137 0.9843137 1 0.9764706 0.9764706 0.9764706 1 0.9333333 0.9333333 0.9333333 1 0.9137255 0.9137255 0.9137255 1 0.9686275 0.9686275 0.9686275 1 0.9215686 0.9215686 0.9215686 1 0.8941177 0.8941177 0.8941177 1 0.9019608 0.9019608 0.9019608 1 0.9372549 0.9372549 0.9372549 1 0.9529412 0.9529412 0.9529412 1 0.9450981 0.9450981 0.9450981 1 0.9411765 0.9411765 0.9411765 1 0.9333333 0.9333333 0.9333333 1 0.9137255 0.9137255 0.9137255 1 0.9490196 0.9490196 0.9490196 1 0.9843137 0.9843137 0.9843137 1 0.972549 0.972549 0.972549 1 0.9490196 0.9490196 0.9490196 1 0.8784314 0.8784314 0.8784314 1 0.9411765 0.9411765 0.9411765 1 0.9647059 0.9647059 0.9647059 1 0.8901961 0.8901961 0.8901961 1 0.8745098 0.8745098 0.8745098 1 1 1 1 1 1 1 1 1 1 1 1 1 0.9764706 0.9764706 0.9764706 1 0.9176471 0.9176471 0.9176471 1 0.8745098 0.8745098 0.8745098 1 0.9490196 0.9490196 0.9490196 1 0.9058824 0.9058824 0.9058824 1 0.8784314 0.8784314 0.8784314 1 0.9019608 0.9019608 0.9019608 1 0.9254902 0.9254902 0.9254902 1 0.9019608 0.9019608 0.9019608 1 0.9490196 0.9490196 0.9490196 1 0.9215686 0.9215686 0.9215686 1 0.9568628 0.9568628 0.9568628 1 0.8039216 0.6431373 0.627451 1 0.8117647 0.7333334 0.7294118 1 0.8117647 0.7176471 0.7058824 1 0.9372549 0.9372549 0.9372549 1 0.8941177 0.8941177 0.8941177 1 0.9058824 0.9058824 0.9058824 1 0.8039216 0.5254902 0.5137255 1 0.8078432 0.6862745 0.682353 1 0.8039216 0.6392157 0.627451 1 0.9058824 0.9058824 0.9058824 1 0.8666667 0.8666667 0.8666667 1 0.8941177 0.8941177 0.8941177 1 0.9686275 0.9686275 0.9686275 1 0.8745098 0.8745098 0.8745098 1 0.9254902 0.9254902 0.9254902 1 1 1 1 1 1 1 1 1 1 1 1 1 0.5411765 0.5411765 0.5411765 1 0.5176471 0.5176471 0.5176471 1 0.5176471 0.5176471 0.5176471 1 0.8784314 0.8784314 0.8784314 1 0.9019608 0.9019608 0.9019608 1 0.9019608 0.9019608 0.9019608 1 0.7490196 0.7490196 0.7490196 1 0.7568628 0.7568628 0.7568628 1 0.6666667 0.6666667 0.6666667 1 0.5725491 0.5725491 0.5725491 1 0.5686275 0.5686275 0.5686275 1 0.7058824 0.7058824 0.7058824 1 0.5725491 0.5725491 0.5725491 1 0.5450981 0.5450981 0.5450981 1 0.5372549 0.5372549 0.5372549 1 0.5450981 0.5450981 0.5450981 1 0.682353 0.682353 0.682353 1 0.6666667 0.6666667 0.6666667 1 0.5411765 0.5411765 0.5411765 1 0.6196079 0.6196079 0.6196079 1 0.6117647 0.6117647 0.6117647 1 0.6117647 0.6117647 0.6117647 1 0.6196079 0.6196079 0.6196079 1 0.5843138 0.5843138 0.5843138 1 0.5725491 0.5725491 0.5725491 1 0.5843138 0.5843138 0.5843138 1 0.5176471 0.5176471 0.5176471 1 0.5176471 0.5176471 0.5176471 1 0.5411765 0.5411765 0.5411765 1 0.5490196 0.5490196 0.5490196 1 1 1 1 1 1 1 1 1 1 1 1 1 0.9764706 0.9764706 0.9764706 1 0.8862745 0.8862745 0.8862745 1 0.9882353 0.9882353 0.9882353 1 0.9921569 0.9921569 0.9921569 1 0.9764706 0.9764706 0.9764706 1 0.9882353 0.9882353 0.9882353 1 0.9333333 0.9333333 0.9333333 1 0.9686275 0.9686275 0.9686275 1 0.9882353 0.9882353 0.9882353 1 0.9215686 0.9215686 0.9215686 1 0.9019608 0.9019608 0.9019608 1 0.9411765 0.9411765 0.9411765 1 0.9372549 0.9372549 0.9372549 1 0.9450981 0.9450981 0.9450981 1 0.9529412 0.9529412 0.9529412 1 0.9411765 0.9411765 0.9411765 1 0.9450981 0.9450981 0.9450981 1 0.9333333 0.9333333 0.9333333 1 0.9490196 0.9490196 0.9490196 1 0.9411765 0.9411765 0.9411765 1 0.9843137 0.9843137 0.9843137 1 0.9490196 0.9490196 0.9490196 1 0.8784314 0.8784314 0.8784314 1 0.8784314 0.8784314 0.8784314 1 1 1 1 1 1 1 1 1 1 1 1 1 0.8901961 0.8901961 0.8901961 1 0.9764706 0.9764706 0.9764706 1 0.9803922 0.9803922 0.9803922 1 0.9450981 0.9450981 0.9450981 1 0.9333333 0.9333333 0.9333333 1 0.9450981 0.9450981 0.9450981 1 1 1 1 1 1 1 1 1 1 1 1 1 0.972549 0.972549 0.972549 1 0.9568628 0.9568628 0.9568628 1 0.9764706 0.9764706 0.9764706 1 0.8862745 0.8862745 0.8862745 1 0.9137255 0.9137255 0.9137255 1 0.9019608 0.9019608 0.9019608 1 0.4980392 0.4980392 0.4980392 1 0.4980392 0.4980392 0.4980392 1 0.4980392 0.4980392 0.4980392 1 0.4980392 0.4980392 0.4980392 1 0.4980392 0.4980392 0.4980392 1 0.4980392 0.4980392 0.4980392 1 1 1 1 1 1 1 1 1 1 1 1 1 0.4627451 0.4627451 0.4627451 1 0.4901961 0.4901961 0.4901961 1 0.427451 0.427451 0.427451 1 0.4980392 0.4980392 0.4980392 1 0.4980392 0.4980392 0.4980392 1 0.4980392 0.4980392 0.4980392 1 0.9411765 0.9411765 0.9411765 1 0.9686275 0.9686275 0.9686275 1 0.9450981 0.9450981 0.9450981 1 0.8980392 0.8117647 0.5058824 1 0.9215686 0.8117647 0.4 1 0.9098039 0.8117647 0.4627451 1 0.8039216 0.5215687 0.5137255 1 0.8117647 0.5921569 0.5803922 1 0.8039216 0.5058824 0.4862745 1 0.9254902 0.9254902 0.9254902 1 0.9215686 0.9215686 0.9215686 1 0.9372549 0.9372549 0.9372549 1 0.8941177 0.8117647 0.5215687 1 0.9058824 0.8117647 0.4901961 1 0.9137255 0.8117647 0.4588235 1 0.9176471 0.7921569 0.4117647 1 0.9294118 0.7843137 0.3568627 1 0.8941177 0.7960785 0.5568628 1 0.4901961 0.4901961 0.4901961 1 0.4901961 0.4901961 0.4901961 1 0.4901961 0.4901961 0.4901961 1 0.7843137 0.3254902 0.2980392 1 0.8 0.4784314 0.4588235 1 0.7843137 0.3098039 0.2823529 1 0.7215687 0.7215687 0.7215687 1 0.6588236 0.6588236 0.6588236 1 0.6588236 0.6588236 0.6588236 1 0.9372549 0.9372549 0.9372549 1 0.9333333 0.9333333 0.9333333 1 0.9254902 0.9254902 0.9254902 1 1 1 1 1 1 1 1 1 1 1 1 1 1 1 1 1 1 1 1 1 1 1 1 1 0.9764706 0.9764706 0.9764706 1 0.9568628 0.9568628 0.9568628 1 0.9764706 0.9764706 0.9764706 1 0.9568628 0.9568628 0.9568628 1 0.9333333 0.9333333 0.9333333 1 0.9568628 0.9568628 0.9568628 1 0.9411765 0.9411765 0.9411765 1 0.9450981 0.9450981 0.9450981 1 0.9490196 0.9490196 0.9490196 1 1 1 1 1 1 1 1 1 1 1 1 1 0.8784314 0.8784314 0.8784314 1 0.8901961 0.8901961 0.8901961 1 0.8784314 0.8784314 0.8784314 1 0.627451 0.627451 0.627451 1 0.5843138 0.5843138 0.5843138 1 0.5843138 0.5843138 0.5843138 1 0.9803922 0.9803922 0.9803922 1 0.9647059 0.9647059 0.9647059 1 0.9843137 0.9843137 0.9843137 1 0.8627451 0.8627451 0.8627451 1 0.8745098 0.8745098 0.8745098 1 0.8588235 0.8588235 0.8588235 1 0.4980392 0.4980392 0.4980392 1 0.4980392 0.4980392 0.4980392 1 0.4980392 0.4980392 0.4980392 1 0.8117647 0.7294118 0.7294118 1 0.8117647 0.6745098 0.6627451 1 0.8078432 0.7098039 0.7019608 1 1 1 1 1 1 1 1 1 1 1 1 1 0.9215686 0.9215686 0.9215686 1 0.9450981 0.9450981 0.9450981 1 0.9411765 0.9411765 0.9411765 1 0.8901961 0.8117647 0.5411765 1 0.9098039 0.8117647 0.4627451 1 0.8980392 0.8117647 0.5058824 1 0.9098039 0.9098039 0.9098039 1 0.9058824 0.9058824 0.9058824 1 0.9254902 0.9254902 0.9254902 1 0.6 0.4352941 0.3607843 1 0.6 0.4352941 0.3607843 1 0.6 0.4352941 0.3607843 1 0.7882353 0.3803921 0.3529412 1 0.8117647 0.5960785 0.5803922 1 0.8039216 0.5215687 0.4980392 1 1 1 1 1 1 1 1 1 1 1 1 1 0.8901961 0.8117647 0.5803922 1 0.8980392 0.8117647 0.5294118 1 0.8705883 0.8117647 0.6235294 1 0.9803922 0.9803922 0.9803922 1 0.972549 0.972549 0.972549 1 0.9803922 0.9803922 0.9803922 1 1 1 1 1 1 1 1 1 1 1 1 1 1 1 1 1 1 1 1 1 1 1 1 1 0.9333333 0.9333333 0.9333333 1 0.9450981 0.9450981 0.9450981 1 0.9294118 0.9294118 0.9294118 1 1 1 1 1 1 1 1 1 1 1 1 1 0.9098039 0.9098039 0.9098039 1 0.8784314 0.8784314 0.8784314 1 0.8980392 0.8980392 0.8980392 1 0.6392157 0.6392157 0.6392157 1 0.7568628 0.7568628 0.7568628 1 0.6392157 0.6392157 0.6392157 1 0.8039216 0.5058824 0.4862745 1 0.8039216 0.5254902 0.5176471 1 0.8117647 0.5921569 0.5843138 1 0.9686275 0.9686275 0.9686275 1 0.9607843 0.9607843 0.9607843 1 0.9803922 0.9803922 0.9803922 1 0.4980392 0.4980392 0.4980392 1 0.4980392 0.4980392 0.4980392 1 0.4980392 0.4980392 0.4980392 1 0.682353 0.682353 0.682353 1 0.6313726 0.6313726 0.6313726 1 0.4509804 0.4509804 0.4509804 1 0.8941177 0.8117647 0.5686275 1 0.9019608 0.8117647 0.5019608 1 0.9058824 0.8117647 0.4823529 1 0.9568628 0.9568628 0.9568628 1 0.9647059 0.9647059 0.9647059 1 0.9607843 0.9607843 0.9607843 1 0.6509804 0.6509804 0.6509804 1 0.6078432 0.6078432 0.6078432 1 0.6078432 0.6078432 0.6078432 1 0.9450981 0.9450981 0.9450981 1 0.9294118 0.9294118 0.9294118 1 0.9372549 0.9372549 0.9372549 1 0.9568628 0.9568628 0.9568628 1 0.9450981 0.9450981 0.9450981 1 0.9490196 0.9490196 0.9490196 1 0.6392157 0.6392157 0.6392157 1 0.5568628 0.5568628 0.5568628 1 0.6392157 0.6392157 0.6392157 1 0.9019608 0.9019608 0.9019608 1 0.8784314 0.8784314 0.8784314 1 0.8784314 0.8784314 0.8784314 1 1 1 1 1 1 1 1 1 1 1 1 1 1 1 1 1 1 1 1 1 1 1 1 1 0.8392157 0.8392157 0.8392157 1 0.8392157 0.8392157 0.8392157 1 0.8392157 0.8392157 0.8392157 1 0.9333333 0.9333333 0.9333333 1 0.9568628 0.9568628 0.9568628 1 0.9490196 0.9490196 0.9490196 1 0.6509804 0.6509804 0.6509804 1 0.6784314 0.6784314 0.6784314 1 0.4627451 0.4627451 0.4627451 1 0.8039216 0.4941176 0.4784314 1 0.8117647 0.6313726 0.6117647 1 0.8078432 0.5294118 0.5137255 1 1 1 1 1 1 1 1 1 1 1 1 1 1 1 1 1 1 1 1 1 1 1 1 1 0.854902 0.854902 0.854902 1 0.8745098 0.8745098 0.8745098 1 0.8784314 0.8784314 0.8784314 1 0.9019608 0.9019608 0.9019608 1 0.8784314 0.8784314 0.8784314 1 0.8784314 0.8784314 0.8784314 1 1 1 1 1 1 1 1 1 1 1 1 1 1 1 1 1 1 1 1 1 1 1 1 1 1 1 1 1 1 1 1 1 1 1 1 1 0.9019608 0.9019608 0.9019608 1 0.9372549 0.9372549 0.9372549 1 0.9137255 0.9137255 0.9137255 1 0.9098039 0.8117647 0.4666666 1 0.9254902 0.8117647 0.3529412 1 0.9215686 0.8117647 0.4078431 1 0.9764706 0.9764706 0.9764706 1 0.9686275 0.9686275 0.9686275 1 0.9764706 0.9764706 0.9764706 1 0.4980392 0.4980392 0.4980392 1 0.4980392 0.4980392 0.4980392 1 0.4980392 0.4980392 0.4980392 1 0.8078432 0.5294118 0.5137255 1 0.8117647 0.6156863 0.6156863 1 0.8117647 0.6313726 0.6117647 1 0.8784314 0.8784314 0.8784314 1 0.854902 0.854902 0.854902 1 0.8666667 0.8666667 0.8666667 1 1 1 1 1 1 1 1 1 1 1 1 1 1 1 1 1 1 1 1 1 1 1 1 1 0.9294118 0.7843137 0.3490196 1 0.8901961 0.8078432 0.5960785 1 0.9372549 0.7843137 0.3529412 1 0.9568628 0.9568628 0.9568628 1 0.9647059 0.9647059 0.9647059 1 0.9764706 0.9764706 0.9764706 1 0.9686275 0.9686275 0.9686275 1 0.9568628 0.9568628 0.9568628 1 0.9568628 0.9568628 0.9568628 1 0.8 0.4627451 0.4392157 1 0.7921569 0.4470588 0.427451 1 0.8039216 0.5254902 0.5176471 1 0.8745098 0.8745098 0.8745098 1 0.882353 0.882353 0.882353 1 0.8862745 0.8862745 0.8862745 1 0.9254902 0.9254902 0.9254902 1 0.8745098 0.8745098 0.8745098 1 0.9176471 0.9176471 0.9176471 1 0.9058824 0.9058824 0.9058824 1 0.9490196 0.9490196 0.9490196 1 0.8784314 0.8784314 0.8784314 1 0.9137255 0.9137255 0.9137255 1 0.8862745 0.8862745 0.8862745 1 0.8784314 0.8784314 0.8784314 1 0.4980392 0.4980392 0.4980392 1 0.4980392 0.4980392 0.4980392 1 0.4980392 0.4980392 0.4980392 1 0.9568628 0.9568628 0.9568628 1 0.9450981 0.9450981 0.9450981 1 0.9411765 0.9411765 0.9411765 1 0.882353 0.8117647 0.5686275 1 0.8980392 0.8117647 0.5058824 1 0.8901961 0.8117647 0.5411765 1 1 1 1 1 1 1 1 1 1 1 1 1 1 1 1 1 1 1 1 1 1 1 1 1 0.9411765 0.9411765 0.9411765 1 0.9098039 0.9098039 0.9098039 1 0.9019608 0.9019608 0.9019608 1 0.9058824 0.9058824 0.9058824 1 0.8862745 0.8862745 0.8862745 1 0.9098039 0.9098039 0.9098039 1 0.4980392 0.4980392 0.4980392 1 0.6352941 0.6352941 0.6352941 1 0.4588235 0.4588235 0.4588235 1 0.882353 0.882353 0.882353 1 0.8784314 0.8784314 0.8784314 1 0.8784314 0.8784314 0.8784314 1 0.8705883 0.8117647 0.6196079 1 0.8901961 0.8117647 0.5607843 1 0.8784314 0.8117647 0.654902 1 0.9686275 0.9686275 0.9686275 1 0.9490196 0.9490196 0.9490196 1 0.9686275 0.9686275 0.9686275 1 0.6 0.4352941 0.3607843 1 0.6 0.4352941 0.3607843 1 0.6 0.4352941 0.3607843 1 1 1 1 1 1 1 1 1 1 1 1 1 0.4980392 0.4980392 0.4980392 1 0.4980392 0.4980392 0.4980392 1 0.4980392 0.4980392 0.4980392 1 0.9254902 0.9254902 0.9254902 1 0.9254902 0.9254902 0.9254902 1 0.9294118 0.9294118 0.9294118 1 0.9411765 0.9411765 0.9411765 1 0.9137255 0.9137255 0.9137255 1 0.8784314 0.8784314 0.8784314 1 0.4980392 0.4980392 0.4980392 1 0.4980392 0.4980392 0.4980392 1 0.4980392 0.4980392 0.4980392 1 0.9254902 0.9254902 0.9254902 1 0.9176471 0.9176471 0.9176471 1 0.9843137 0.9843137 0.9843137 1 0.9647059 0.9647059 0.9647059 1 0.9764706 0.9764706 0.9764706 1 0.8901961 0.8901961 0.8901961 1 0.9764706 0.9764706 0.9764706 1 0.9843137 0.9843137 0.9843137 1 0.9176471 0.9176471 0.9176471 1 0.9490196 0.9490196 0.9490196 1 0.972549 0.972549 0.972549 1 0.9058824 0.9058824 0.9058824 1 0.9019608 0.9019608 0.9019608 1 0.9333333 0.9333333 0.9333333 1 0.9254902 0.9254902 0.9254902 1 0.9490196 0.9490196 0.9490196 1 0.9058824 0.9058824 0.9058824 1 0.9215686 0.9215686 0.9215686 1 0.8039216 0.6431373 0.627451 1 0.8078432 0.6901961 0.6862745 1 0.8117647 0.7333334 0.7294118 1 0.9372549 0.9372549 0.9372549 1 0.9176471 0.9176471 0.9176471 1 0.8941177 0.8941177 0.8941177 1 0.8039216 0.5254902 0.5137255 1 0.8117647 0.6039216 0.5960785 1 0.8078432 0.6862745 0.682353 1 0.9058824 0.9058824 0.9058824 1 0.8784314 0.8784314 0.8784314 1 0.8666667 0.8666667 0.8666667 1 0.9686275 0.9686275 0.9686275 1 0.882353 0.882353 0.882353 1 0.8745098 0.8745098 0.8745098 1 1 1 1 1 1 1 1 1 1 1 1 1 0.5411765 0.5411765 0.5411765 1 0.5411765 0.5411765 0.5411765 1 0.5176471 0.5176471 0.5176471 1 0.8784314 0.8784314 0.8784314 1 0.8745098 0.8745098 0.8745098 1 0.9019608 0.9019608 0.9019608 1 0.8901961 0.8901961 0.8901961 1 0.8901961 0.8901961 0.8901961 1 0.9764706 0.9764706 0.9764706 1 0.9450981 0.9450981 0.9450981 1 0.9411765 0.9411765 0.9411765 1 0.9333333 0.9333333 0.9333333 1 1 1 1 1 1 1 1 1 1 1 1 1 0.972549 0.972549 0.972549 1 0.9529412 0.9529412 0.9529412 1 0.9568628 0.9568628 0.9568628 1 0.8862745 0.8862745 0.8862745 1 0.8901961 0.8901961 0.8901961 1 0.9137255 0.9137255 0.9137255 1 0.4980392 0.4980392 0.4980392 1 0.4980392 0.4980392 0.4980392 1 0.4980392 0.4980392 0.4980392 1 0.4980392 0.4980392 0.4980392 1 0.4980392 0.4980392 0.4980392 1 0.4980392 0.4980392 0.4980392 1 1 1 1 1 1 1 1 1 1 1 1 1 0.4627451 0.4627451 0.4627451 1 0.5529412 0.5529412 0.5529412 1 0.4901961 0.4901961 0.4901961 1 0.4980392 0.4980392 0.4980392 1 0.4980392 0.4980392 0.4980392 1 0.4980392 0.4980392 0.4980392 1 0.9411765 0.9411765 0.9411765 1 0.9647059 0.9647059 0.9647059 1 0.9686275 0.9686275 0.9686275 1 0.8980392 0.8117647 0.5058824 1 0.9137255 0.8117647 0.4627451 1 0.9215686 0.8117647 0.4 1 0.8039216 0.5215687 0.5137255 1 0.8117647 0.6156863 0.6156863 1 0.8117647 0.5921569 0.5803922 1 0.9254902 0.9254902 0.9254902 1 0.9058824 0.9058824 0.9058824 1 0.9215686 0.9215686 0.9215686 1 0.8941177 0.8117647 0.5215687 1 0.8941177 0.8117647 0.5647059 1 0.9058824 0.8117647 0.4901961 1 0.9176471 0.7921569 0.4117647 1 0.9921569 0.7568628 0.07450979 1 0.9294118 0.7843137 0.3568627 1 0.4901961 0.4901961 0.4901961 1 0.4901961 0.4901961 0.4901961 1 0.4901961 0.4901961 0.4901961 1 0.7843137 0.3254902 0.2980392 1 0.8117647 0.6352941 0.6235294 1 0.8 0.4784314 0.4588235 1 0.7215687 0.7215687 0.7215687 1 0.7215687 0.7215687 0.7215687 1 0.6588236 0.6588236 0.6588236 1 0.9372549 0.9372549 0.9372549 1 0.9450981 0.9450981 0.9450981 1 0.9333333 0.9333333 0.9333333 1 1 1 1 1 1 1 1 1 1 1 1 1 1 1 1 1 1 1 1 1 1 1 1 1 0.9764706 0.9764706 0.9764706 1 0.9529412 0.9529412 0.9529412 1 0.9568628 0.9568628 0.9568628 1 0.9568628 0.9568628 0.9568628 1 0.9215686 0.9215686 0.9215686 1 0.9333333 0.9333333 0.9333333 1 0.9411765 0.9411765 0.9411765 1 0.9333333 0.9333333 0.9333333 1 0.9450981 0.9450981 0.9450981 1 1 1 1 1 1 1 1 1 1 1 1 1 0.8784314 0.8784314 0.8784314 1 0.8862745 0.8862745 0.8862745 1 0.8901961 0.8901961 0.8901961 1 0.627451 0.627451 0.627451 1 0.6235294 0.6235294 0.6235294 1 0.5843138 0.5843138 0.5843138 1 0.9803922 0.9803922 0.9803922 1 0.9607843 0.9607843 0.9607843 1 0.9647059 0.9647059 0.9647059 1 0.8627451 0.8627451 0.8627451 1 0.854902 0.854902 0.854902 1 0.8745098 0.8745098 0.8745098 1 0.4980392 0.4980392 0.4980392 1 0.4980392 0.4980392 0.4980392 1 0.4980392 0.4980392 0.4980392 1 0.8117647 0.7294118 0.7294118 1 0.8117647 0.7176471 0.7137255 1 0.8117647 0.6745098 0.6627451 1 1 1 1 1 1 1 1 1 1 1 1 1 0.9215686 0.9215686 0.9215686 1 0.9294118 0.9294118 0.9294118 1 0.9450981 0.9450981 0.9450981 1 0.8901961 0.8117647 0.5411765 1 0.8980392 0.8117647 0.5058824 1 0.9098039 0.8117647 0.4627451 1 0.9098039 0.9098039 0.9098039 1 0.8862745 0.8862745 0.8862745 1 0.9058824 0.9058824 0.9058824 1 0.6 0.4352941 0.3607843 1 0.6 0.4352941 0.3607843 1 0.6 0.4352941 0.3607843 1 0.7882353 0.3803921 0.3529412 1 0.7960785 0.4862745 0.4627451 1 0.8117647 0.5960785 0.5803922 1 1 1 1 1 1 1 1 1 1 1 1 1 0.8901961 0.8117647 0.5803922 1 0.9019608 0.8117647 0.5019608 1 0.8980392 0.8117647 0.5294118 1 0.9803922 0.9803922 0.9803922 1 0.9686275 0.9686275 0.9686275 1 0.972549 0.972549 0.972549 1 1 1 1 1 1 1 1 1 1 1 1 1 1 1 1 1 1 1 1 1 1 1 1 1 0.9333333 0.9333333 0.9333333 1 0.9450981 0.9450981 0.9450981 1 0.9450981 0.9450981 0.9450981 1 1 1 1 1 1 1 1 1 1 1 1 1 0.9098039 0.9098039 0.9098039 1 0.8862745 0.8862745 0.8862745 1 0.8784314 0.8784314 0.8784314 1 0.6392157 0.6392157 0.6392157 1 0.7647059 0.7647059 0.7647059 1 0.7568628 0.7568628 0.7568628 1 0.8039216 0.5058824 0.4862745 1 0.8 0.4627451 0.4392157 1 0.8039216 0.5254902 0.5176471 1 0.9686275 0.9686275 0.9686275 1 0.9568628 0.9568628 0.9568628 1 0.9607843 0.9607843 0.9607843 1 0.4980392 0.4980392 0.4980392 1 0.4980392 0.4980392 0.4980392 1 0.4980392 0.4980392 0.4980392 1 0.682353 0.682353 0.682353 1 0.7843137 0.7843137 0.7843137 1 0.6313726 0.6313726 0.6313726 1 0.8941177 0.8117647 0.5686275 1 0.8901961 0.8117647 0.5803922 1 0.9019608 0.8117647 0.5019608 1 0.9568628 0.9568628 0.9568628 1 0.9686275 0.9686275 0.9686275 1 0.9647059 0.9647059 0.9647059 1 0.6509804 0.6509804 0.6509804 1 0.6509804 0.6509804 0.6509804 1 0.6078432 0.6078432 0.6078432 1 0.9450981 0.9450981 0.9450981 1 0.9333333 0.9333333 0.9333333 1 0.9294118 0.9294118 0.9294118 1 0.9568628 0.9568628 0.9568628 1 0.9568628 0.9568628 0.9568628 1 0.9450981 0.9450981 0.9450981 1 0.6392157 0.6392157 0.6392157 1 0.5568628 0.5568628 0.5568628 1 0.5568628 0.5568628 0.5568628 1 0.9019608 0.9019608 0.9019608 1 0.9058824 0.9058824 0.9058824 1 0.8784314 0.8784314 0.8784314 1 1 1 1 1 1 1 1 1 1 1 1 1 1 1 1 1 1 1 1 1 1 1 1 1 0.8392157 0.8392157 0.8392157 1 0.8392157 0.8392157 0.8392157 1 0.8392157 0.8392157 0.8392157 1 0.9333333 0.9333333 0.9333333 1 0.9411765 0.9411765 0.9411765 1 0.9568628 0.9568628 0.9568628 1 0.6509804 0.6509804 0.6509804 1 0.7921569 0.7921569 0.7921569 1 0.6784314 0.6784314 0.6784314 1 0.8039216 0.4941176 0.4784314 1 0.8078432 0.5921569 0.5803922 1 0.8117647 0.6313726 0.6117647 1 1 1 1 1 1 1 1 1 1 1 1 1 1 1 1 1 1 1 1 1 1 1 1 1 0.854902 0.854902 0.854902 1 0.8588235 0.8588235 0.8588235 1 0.8745098 0.8745098 0.8745098 1 0.9019608 0.9019608 0.9019608 1 0.9058824 0.9058824 0.9058824 1 0.8784314 0.8784314 0.8784314 1 1 1 1 1 1 1 1 1 1 1 1 1 1 1 1 1 1 1 1 1 1 1 1 1 1 1 1 1 1 1 1 1 1 1 1 1 0.9019608 0.9019608 0.9019608 1 0.9176471 0.9176471 0.9176471 1 0.9372549 0.9372549 0.9372549 1 0.9098039 0.8117647 0.4666666 1 0.9215686 0.8117647 0.4039216 1 0.9254902 0.8117647 0.3529412 1 0.9764706 0.9764706 0.9764706 1 0.9647059 0.9647059 0.9647059 1 0.9686275 0.9686275 0.9686275 1 0.4980392 0.4980392 0.4980392 1 0.4980392 0.4980392 0.4980392 1 0.4980392 0.4980392 0.4980392 1 0.8078432 0.5294118 0.5137255 1 0.8039216 0.5215687 0.509804 1 0.8117647 0.6156863 0.6156863 1 0.8784314 0.8784314 0.8784314 1 0.8666667 0.8666667 0.8666667 1 0.854902 0.854902 0.854902 1 1 1 1 1 1 1 1 1 1 1 1 1 1 1 1 1 1 1 1 1 1 1 1 1 0.9294118 0.7843137 0.3490196 1 0.882353 0.8078432 0.6313726 1 0.8901961 0.8078432 0.5960785 1 0.9568628 0.9568628 0.9568628 1 0.9450981 0.9450981 0.9450981 1 0.9647059 0.9647059 0.9647059 1 0.9686275 0.9686275 0.9686275 1 0.9647059 0.9647059 0.9647059 1 0.9568628 0.9568628 0.9568628 1 0.8 0.4627451 0.4392157 1 0.7921569 0.4117647 0.3843137 1 0.7921569 0.4470588 0.427451 1 0.4980392 0.4980392 0.4980392 1 0.4980392 0.4980392 0.4980392 1 0.4980392 0.4980392 0.4980392 1 0.9568628 0.9568628 0.9568628 1 0.9568628 0.9568628 0.9568628 1 0.9450981 0.9450981 0.9450981 1 0.882353 0.8117647 0.5686275 1 0.8901961 0.8117647 0.5450981 1 0.8980392 0.8117647 0.5058824 1 1 1 1 1 1 1 1 1 1 1 1 1 1 1 1 1 1 1 1 1 1 1 1 1 0.9411765 0.9411765 0.9411765 1 0.9411765 0.9411765 0.9411765 1 0.9098039 0.9098039 0.9098039 1 0.9058824 0.9058824 0.9058824 1 0.8784314 0.8784314 0.8784314 1 0.8862745 0.8862745 0.8862745 1 0.4980392 0.4980392 0.4980392 1 0.7254902 0.7254902 0.7254902 1 0.6352941 0.6352941 0.6352941 1 0.882353 0.882353 0.882353 1 0.8784314 0.8784314 0.8784314 1 0.8784314 0.8784314 0.8784314 1 0.8705883 0.8117647 0.6196079 1 0.8980392 0.8117647 0.5215687 1 0.8901961 0.8117647 0.5607843 1 0.9686275 0.9686275 0.9686275 1 0.9490196 0.9490196 0.9490196 1 0.9490196 0.9490196 0.9490196 1 0.6 0.4352941 0.3607843 1 0.6 0.4352941 0.3607843 1 0.6 0.4352941 0.3607843 1 1 1 1 1 1 1 1 1 1 1 1 1 0.4980392 0.4980392 0.4980392 1 0.4980392 0.4980392 0.4980392 1 0.4980392 0.4980392 0.4980392 1 0.9254902 0.9254902 0.9254902 1 0.9176471 0.9176471 0.9176471 1 0.9254902 0.9254902 0.9254902 1</float_array>
          <technique_common>
            <accessor source="#Plane_134-mesh-colors-Col-array" count="804" stride="4">
              <param name="R" type="float"/>
              <param name="G" type="float"/>
              <param name="B" type="float"/>
              <param name="A" type="float"/>
            </accessor>
          </technique_common>
        </source>
        <vertices id="Plane_134-mesh-vertices">
          <input semantic="POSITION" source="#Plane_134-mesh-positions"/>
        </vertices>
        <triangles material="architraves-material" count="56">
          <input semantic="VERTEX" source="#Plane_134-mesh-vertices" offset="0"/>
          <input semantic="NORMAL" source="#Plane_134-mesh-normals" offset="1"/>
          <input semantic="TEXCOORD" source="#Plane_134-mesh-map-0" offset="2" set="0"/>
          <input semantic="COLOR" source="#Plane_134-mesh-colors-Col" offset="3" set="0"/>
          <p>224 4 6 6 232 4 7 7 226 4 8 8 225 5 9 9 233 5 10 10 224 5 11 11 225 6 12 12 235 7 13 13 234 8 14 14 227 9 15 15 232 9 16 16 235 9 17 17 240 10 18 18 236 11 19 19 238 12 20 20 236 13 21 21 242 14 22 22 237 15 23 23 237 16 24 24 243 17 25 25 239 18 26 26 243 19 27 27 238 19 28 28 239 19 29 29 276 20 30 30 307 21 31 31 304 22 32 32 283 23 33 33 301 23 34 34 279 23 35 35 305 24 36 36 306 25 37 37 277 25 38 38 279 26 39 39 301 26 40 40 305 26 41 41 280 27 42 42 304 27 43 43 303 27 44 44 303 28 45 45 302 28 46 46 282 28 47 47 295 29 48 48 285 29 49 49 286 29 50 50 295 30 51 51 287 30 52 52 296 30 53 53 297 31 54 54 288 31 55 55 293 31 56 56 297 32 57 57 290 32 58 58 289 32 59 59 293 33 60 60 284 34 61 61 292 34 62 62 296 35 63 63 291 35 64 64 299 35 65 65 294 39 75 75 284 40 76 76 285 41 77 77 299 47 93 93 290 48 94 94 298 49 95 95 232 50 96 96 231 50 97 97 235 50 98 98 224 52 102 102 233 53 103 103 232 54 104 104 225 55 105 105 234 55 106 106 233 55 107 107 225 56 108 108 227 57 109 109 235 58 110 110 227 59 111 111 226 59 112 112 232 59 113 113 240 60 114 114 241 61 115 115 236 61 116 116 236 62 117 117 241 63 118 118 242 64 119 119 237 65 120 120 242 65 121 121 243 65 122 122 243 66 123 123 240 67 124 124 238 67 125 125 276 68 126 126 304 68 127 127 280 68 128 128 305 69 129 129 277 70 130 130 278 71 131 131 279 72 132 132 305 72 133 133 278 72 134 134 280 73 135 135 303 73 136 136 281 73 137 137 303 74 138 138 282 74 139 139 281 74 140 140 295 75 141 141 294 75 142 142 285 75 143 143 295 76 144 144 286 76 145 145 287 76 146 146 297 77 147 147 289 77 148 148 288 77 149 149 297 78 150 150 298 78 151 151 290 78 152 152 296 79 153 153 287 79 154 154 291 79 155 155 232 107 204 204 229 108 205 205 228 109 206 206 230 145 294 294 233 145 295 295 234 145 296 296 234 158 324 324 231 159 325 325 230 159 326 326 277 200 426 426 307 200 427 427 276 200 428 428 302 212 459 459 283 212 460 460 282 212 461 461 283 214 468 468 300 214 469 469 301 214 470 470 293 215 471 471 288 216 472 472 284 217 473 473 294 220 483 483 292 221 484 484 284 222 485 485 299 226 501 501 291 227 502 502 290 228 503 503 232 229 504 504 228 229 505 505 231 229 506 506 232 250 558 558 233 250 559 559 229 251 560 560 230 272 648 648 229 272 649 649 233 272 650 650 234 281 678 678 235 282 679 679 231 283 680 680 277 308 768 768 306 308 769 769 307 308 770 770 302 317 801 801 300 317 802 802 283 317 803 803</p>
        </triangles>
        <triangles material="industrial-material" count="40">
          <input semantic="VERTEX" source="#Plane_134-mesh-vertices" offset="0"/>
          <input semantic="NORMAL" source="#Plane_134-mesh-normals" offset="1"/>
          <input semantic="TEXCOORD" source="#Plane_134-mesh-map-0" offset="2" set="0"/>
          <input semantic="COLOR" source="#Plane_134-mesh-colors-Col" offset="3" set="0"/>
          <p>256 1 3 3 259 2 4 4 257 3 5 5 268 80 156 156 288 80 157 157 272 80 158 158 258 90 171 171 255 91 172 172 259 2 173 173 264 92 174 174 267 93 175 175 265 94 176 176 262 97 183 183 261 98 184 184 263 99 185 185 248 111 210 210 251 112 211 211 249 113 212 212 274 115 216 216 289 115 217 217 290 115 218 218 285 118 225 225 268 118 226 226 269 118 227 227 244 121 237 237 249 113 238 238 245 122 239 239 252 127 246 246 257 3 247 247 253 128 248 248 271 136 270 270 291 136 271 271 287 136 272 272 290 141 282 282 275 141 283 283 274 141 284 284 287 142 285 285 270 142 286 286 271 142 287 287 272 143 288 288 289 143 289 289 273 143 290 290 246 148 303 303 245 122 304 304 247 149 305 305 250 153 315 315 247 149 316 316 251 112 317 317 260 182 378 378 265 94 379 379 261 98 380 380 254 197 417 417 253 128 418 418 255 91 419 419 270 203 432 432 285 203 433 433 269 203 434 434 266 211 456 456 263 99 457 457 267 93 458 458 256 1 465 465 258 90 466 466 259 2 467 467 268 231 510 510 284 231 511 511 288 231 512 512 258 90 525 525 254 197 526 526 255 91 527 527 264 92 528 528 266 211 529 529 267 93 530 530 262 97 537 537 260 182 538 538 261 98 539 539 248 111 564 564 250 153 565 565 251 112 566 566 274 253 570 570 273 253 571 571 289 253 572 572 285 255 579 579 284 255 580 580 268 255 581 581 244 121 591 591 248 111 592 592 249 113 593 593 252 127 600 600 256 1 601 601 257 3 602 602 271 265 624 624 275 265 625 625 291 265 626 626 290 270 636 636 291 270 637 637 275 270 638 638 287 50 639 639 286 50 640 640 270 50 641 641 272 143 642 642 288 143 643 643 289 143 644 644 246 148 657 657 244 121 658 658 245 122 659 659 250 153 669 669 246 148 670 670 247 149 671 671 260 182 732 732 264 92 733 733 265 94 734 734 254 197 759 759 252 127 760 760 253 128 761 761 270 311 774 774 286 311 775 775 285 311 776 776 266 211 798 798 262 97 799 799 263 99 800 800</p>
        </triangles>
        <triangles material="construction-material" count="4">
          <input semantic="VERTEX" source="#Plane_134-mesh-vertices" offset="0"/>
          <input semantic="NORMAL" source="#Plane_134-mesh-normals" offset="1"/>
          <input semantic="TEXCOORD" source="#Plane_134-mesh-map-0" offset="2" set="0"/>
          <input semantic="COLOR" source="#Plane_134-mesh-colors-Col" offset="3" set="0"/>
          <p>6 134 264 264 5 134 265 265 7 134 266 266 1 209 450 450 2 209 451 451 0 209 452 452 6 263 618 618 4 263 619 619 5 263 620 620 1 316 792 792 3 316 793 793 2 316 794 794</p>
        </triangles>
        <triangles material="clutter_commercial-material" count="208">
          <input semantic="VERTEX" source="#Plane_134-mesh-vertices" offset="0"/>
          <input semantic="NORMAL" source="#Plane_134-mesh-normals" offset="1"/>
          <input semantic="TEXCOORD" source="#Plane_134-mesh-map-0" offset="2" set="0"/>
          <input semantic="COLOR" source="#Plane_134-mesh-colors-Col" offset="3" set="0"/>
          <p>295 0 0 0 298 0 1 1 294 0 2 2 305 36 66 66 300 36 67 67 306 36 68 68 297 37 69 69 292 37 70 70 298 37 71 71 54 38 72 72 53 38 73 73 55 38 74 74 34 42 78 78 33 42 79 79 35 42 80 80 134 43 81 81 133 43 82 82 135 43 83 83 30 44 84 84 29 44 85 85 31 44 86 86 138 45 87 87 137 45 88 88 136 45 89 89 303 46 90 90 306 46 91 91 302 46 92 92 50 51 99 99 49 51 100 100 48 51 101 101 318 89 168 168 317 89 169 169 316 89 170 170 238 96 180 180 237 96 181 181 239 96 182 182 334 100 186 186 333 100 187 187 332 100 188 188 346 101 189 189 345 101 190 190 344 101 191 191 362 102 192 192 361 102 193 193 363 102 194 194 394 103 195 195 393 103 196 196 395 103 197 197 10 104 198 198 9 105 199 199 8 104 200 200 222 106 201 201 221 106 202 202 223 106 203 203 38 110 207 207 37 110 208 208 36 110 209 209 58 114 213 213 57 114 214 214 59 114 215 215 62 65 228 228 61 65 229 229 60 65 230 230 314 120 234 234 313 120 235 235 315 120 236 236 150 126 243 243 149 126 244 244 151 126 245 245 42 129 249 249 41 129 250 250 43 129 251 251 326 131 255 255 325 131 256 256 324 131 257 257 342 132 258 258 341 132 259 259 343 132 260 260 390 133 261 261 389 133 262 262 391 133 263 263 26 135 267 267 25 135 268 268 27 135 269 269 18 137 273 273 17 137 274 274 19 137 275 275 378 144 291 291 377 144 292 292 379 144 293 293 366 146 297 297 365 146 298 298 364 146 299 299 373 150 306 306 374 150 307 307 372 150 308 308 14 151 309 309 13 151 310 310 12 151 311 311 382 160 327 327 381 160 328 328 380 160 329 329 146 164 336 336 145 164 337 337 144 164 338 338 330 165 339 339 329 165 340 340 331 165 341 341 130 166 342 342 129 166 343 343 128 166 344 344 354 167 345 345 353 167 346 346 355 167 347 347 46 170 354 354 45 170 355 355 44 170 356 356 322 179 369 369 321 179 370 370 323 179 371 371 350 180 372 372 349 65 373 373 351 65 374 374 358 183 381 381 357 183 382 382 356 183 383 383 142 184 384 384 141 184 385 385 140 184 386 386 217 187 393 393 218 187 394 394 216 187 395 395 70 188 396 396 69 188 397 397 68 188 398 398 370 192 402 402 369 192 403 403 368 192 404 404 306 193 405 405 304 193 406 406 307 193 407 407 302 194 408 408 306 194 409 409 300 194 410 410 292 195 411 411 294 195 412 412 298 195 413 413 296 196 414 414 299 196 415 415 298 196 416 416 66 198 420 420 65 198 421 421 67 198 422 422 338 199 423 423 337 199 424 424 336 199 425 425 386 204 435 435 385 204 436 436 387 204 437 437 225 205 438 438 226 205 439 439 227 205 440 440 310 206 441 441 309 206 442 442 308 206 443 443 22 207 444 444 21 207 445 445 23 207 446 446 295 213 462 462 296 213 463 463 298 213 464 464 305 218 474 474 301 218 475 475 300 218 476 476 297 219 477 477 293 219 478 478 292 219 479 479 54 38 480 480 52 38 481 481 53 38 482 482 34 223 486 486 32 223 487 487 33 223 488 488 134 43 489 489 132 43 490 490 133 43 491 491 30 224 492 492 28 224 493 493 29 224 494 494 138 204 495 495 139 204 496 496 137 204 497 497 303 225 498 498 304 225 499 499 306 225 500 500 50 230 507 507 51 230 508 508 49 230 509 509 318 240 522 522 319 240 523 523 317 240 524 524 238 242 534 534 236 242 535 535 237 242 536 536 334 243 540 540 335 243 541 541 333 243 542 542 346 244 543 543 347 244 544 544 345 244 545 545 362 245 546 546 360 245 547 547 361 245 548 548 394 103 549 549 392 103 550 550 393 103 551 551 10 246 552 552 11 247 553 553 9 248 554 554 222 249 555 555 220 249 556 556 221 249 557 557 38 110 561 561 39 110 562 562 37 110 563 563 58 252 567 567 56 252 568 568 57 252 569 569 62 65 582 582 63 65 583 583 61 65 584 584 314 120 588 588 312 120 589 589 313 120 590 590 150 126 597 597 148 126 598 598 149 126 599 599 42 259 603 603 40 259 604 604 41 259 605 605 326 131 609 609 327 131 610 610 325 131 611 611 342 261 612 612 340 261 613 613 341 261 614 614 390 262 615 615 388 262 616 616 389 262 617 617 26 264 621 621 24 264 622 622 25 264 623 623 18 137 627 627 16 137 628 628 17 137 629 629 378 271 645 645 376 271 646 646 377 271 647 647 366 273 651 651 367 273 652 652 365 273 653 653 373 275 660 660 375 275 661 661 374 275 662 662 14 276 663 663 15 276 664 664 13 276 665 665 382 160 681 681 383 160 682 682 381 160 683 683 146 285 690 690 147 285 691 691 145 285 692 692 330 165 693 693 328 165 694 694 329 165 695 695 130 286 696 696 131 286 697 697 129 286 698 698 354 287 699 699 352 287 700 700 353 287 701 701 46 170 708 708 47 170 709 709 45 170 710 710 322 297 723 723 320 297 724 724 321 297 725 725 350 298 726 726 348 299 727 727 349 65 728 728 358 301 735 735 359 301 736 736 357 301 737 737 142 184 738 738 143 184 739 739 141 184 740 740 217 187 747 747 219 187 748 748 218 187 749 749 70 303 750 750 71 303 751 751 69 303 752 752 370 306 756 756 371 306 757 757 369 306 758 758 66 307 762 762 64 307 763 763 65 307 764 764 338 199 765 765 339 199 766 766 337 199 767 767 386 312 777 777 384 312 778 778 385 312 779 779 225 313 780 780 224 313 781 781 226 313 782 782 310 206 783 783 311 206 784 784 309 206 785 785 22 314 786 786 20 314 787 787 21 314 788 788 396 189 804 399 397 189 805 399 398 189 806 399 396 189 804 399 398 189 806 399 399 189 807 399 400 185 808 387 401 185 809 387 402 185 810 387 400 185 808 387 402 185 810 387 403 185 811 387 404 157 812 321 405 157 813 321 406 157 814 321 404 157 812 321 406 157 814 321 407 157 815 321 408 157 816 321 409 157 817 321 410 157 818 321 408 157 816 321 410 157 818 321 411 157 819 321 412 157 820 321 413 157 821 321 414 157 822 321 412 157 820 321 414 157 822 321 415 157 823 321 416 157 824 321 417 157 825 321 418 157 826 321 416 157 824 321 418 157 826 321 419 157 827 321 420 157 828 321 421 157 829 321 422 157 830 321 420 157 828 321 422 157 830 321 423 157 831 321 424 157 832 321 425 157 833 321 426 157 834 321 424 157 832 321 426 157 834 321 427 157 835 321 428 157 836 321 429 157 837 321 430 157 838 321 428 157 836 321 430 157 838 321 431 157 839 321 432 157 840 321 433 157 841 321 434 157 842 321 432 157 840 321 434 157 842 321 435 157 843 321 436 157 844 321 437 157 845 321 438 157 846 321 436 157 844 321 438 157 846 321 439 157 847 321 440 157 848 321 441 157 849 321 442 157 850 321 440 157 848 321 442 157 850 321 443 157 851 321 444 157 852 321 445 157 853 321 446 157 854 321 444 157 852 321 446 157 854 321 447 157 855 321 448 157 856 321 449 157 857 321 450 157 858 321 448 157 856 321 450 157 858 321 451 157 859 321 452 157 860 321 453 157 861 321 454 157 862 321 452 157 860 321 454 157 862 321 455 157 863 321 456 157 864 321 457 157 865 321 458 157 866 321 456 157 864 321 458 157 866 321 459 157 867 321 460 157 868 321 461 157 869 321 462 157 870 321 460 157 868 321 462 157 870 321 463 157 871 321 464 157 872 321 465 157 873 321 466 157 874 321 464 157 872 321 466 157 874 321 467 157 875 321 468 157 876 321 469 157 877 321 470 157 878 321 468 157 876 321 470 157 878 321 471 157 879 321 472 157 880 321 473 157 881 321 474 157 882 321 472 157 880 321 474 157 882 321 475 157 883 321 476 157 884 321 477 157 885 321 478 157 886 321 476 157 884 321 478 157 886 321 479 157 887 321 480 157 888 321 481 157 889 321 482 157 890 321 480 157 888 321 482 157 890 321 483 157 891 321 484 157 892 321 485 157 893 321 486 157 894 321 484 157 892 321 486 157 894 321 487 157 895 321 488 157 896 321 489 157 897 321 490 157 898 321 488 157 896 321 490 157 898 321 491 157 899 321 492 157 900 321 493 157 901 321 494 157 902 321 492 157 900 321 494 157 902 321 495 157 903 321 496 171 904 357 498 171 906 357 497 171 905 357 496 171 904 357 499 171 907 357 498 171 906 357 500 210 908 453 502 210 910 453 501 210 909 453 500 210 908 453 503 210 911 453 502 210 910 453 504 210 912 453 506 210 914 453 505 210 913 453 504 210 912 453 507 210 915 453 506 210 914 453 508 210 916 453 510 210 918 453 509 210 917 453 508 210 916 453 511 210 919 453 510 210 918 453 512 210 920 453 514 210 922 453 513 210 921 453 512 210 920 453 515 210 923 453 514 210 922 453 516 210 924 453 518 210 926 453 517 210 925 453 516 210 924 453 519 210 927 453 518 210 926 453 520 210 928 453 522 210 930 453 521 210 929 453 520 210 928 453 523 210 931 453 522 210 930 453 524 210 932 453 526 210 934 453 525 210 933 453 524 210 932 453 527 210 935 453 526 210 934 453 528 210 936 453 530 210 938 453 529 210 937 453 528 210 936 453 531 210 939 453 530 210 938 453 532 210 940 453 534 210 942 453 533 210 941 453 532 210 940 453 535 210 943 453 534 210 942 453 536 210 944 453 538 210 946 453 537 210 945 453 536 210 944 453 539 210 947 453 538 210 946 453 540 210 948 453 542 210 950 453 541 210 949 453 540 210 948 453 543 210 951 453 542 210 950 453 544 210 952 453 546 210 954 453 545 210 953 453 544 210 952 453 547 210 955 453 546 210 954 453 548 210 956 453 550 210 958 453 549 210 957 453 548 210 956 453 551 210 959 453 550 210 958 453 552 210 960 453 554 210 962 453 553 210 961 453 552 210 960 453 555 210 963 453 554 210 962 453 556 210 964 453 558 210 966 453 557 210 965 453 556 210 964 453 559 210 967 453 558 210 966 453 560 210 968 453 562 210 970 453 561 210 969 453 560 210 968 453 563 210 971 453 562 210 970 453 564 210 972 453 566 210 974 453 565 210 973 453 564 210 972 453 567 210 975 453 566 210 974 453 568 210 976 453 570 210 978 453 569 210 977 453 568 210 976 453 571 210 979 453 570 210 978 453 572 210 980 453 574 210 982 453 573 210 981 453 572 210 980 453 575 210 983 453 574 210 982 453 576 210 984 453 578 210 986 453 577 210 985 453 576 210 984 453 579 210 987 453 578 210 986 453 580 210 988 453 582 210 990 453 581 210 989 453 580 210 988 453 583 210 991 453 582 210 990 453 584 210 992 453 586 210 994 453 585 210 993 453 584 210 992 453 587 210 995 453 586 210 994 453 588 210 996 453 590 210 998 453 589 210 997 453 588 210 996 453 591 210 999 453 590 210 998 453 592 138 1000 276 593 138 1001 276 594 138 1002 276 592 138 1000 276 594 138 1002 276 595 138 1003 276</p>
        </triangles>
      </mesh>
    </geometry>
    <geometry id="Plane_027-mesh" name="Plane.027">
      <mesh>
        <source id="Plane_027-mesh-positions">
          <float_array id="Plane_027-mesh-positions-array" count="72">1.845414 0.2494445 2.728806 -0.9868755 0.249423 1.742359 -0.5140647 0.249887 1.742359 -0.5140647 0.249887 0 -0.9868755 0.2498546 5.794502 2.335693 0.2498761 4.567406 0.9584774 0.2498221 2.379005 0.9584665 -0.2497683 2.379005 1.84536 -0.2498439 2.728806 2.335639 -0.2497575 4.567406 -0.9868755 -0.2498329 5.794502 -0.5140972 -0.2498546 0 -0.5140972 -0.2498546 1.742359 -0.9868755 -0.2498329 1.742359 0.5140648 0.2498762 0 0.5140324 -0.2498654 0 1.835423 -0.2497468 5.536903 1.835477 0.2498869 5.536903 1.835423 -0.2497468 4.567406 1.83552 0.2499301 4.567406 -0.05667233 -0.2498006 5.536903 -0.05665069 0.2498654 5.536903 -0.05661833 -0.2497683 5.794502 -0.0566399 0.2498546 5.794502</float_array>
          <technique_common>
            <accessor source="#Plane_027-mesh-positions-array" count="24" stride="3">
              <param name="X" type="float"/>
              <param name="Y" type="float"/>
              <param name="Z" type="float"/>
            </accessor>
          </technique_common>
        </source>
        <source id="Plane_027-mesh-normals">
          <float_array id="Plane_027-mesh-normals-array" count="117">-1 6.48941e-5 0 -1 0 0 0 0 1 0 0 -1 0.982994 -6.38697e-5 -0.183638 0.3669037 -3.98188e-5 -0.930259 0.9662368 -1.03319e-4 -0.2576555 1 -1.08284e-4 0 -1.90776e-6 0 1 5.04368e-7 0 1 1 -4.32691e-5 -2.09457e-4 -4.93427e-5 1 -2.95449e-5 5.52974e-5 -1 7.55117e-6 -3.71562e-7 0 1 0.9829956 -2.12964e-5 -0.1836295 0.3668881 -7.75839e-6 -0.9302651 0.9662369 -1.05398e-4 -0.2576557 1 -1.9391e-4 4.45028e-5 9.20969e-7 0 1 -1.29269e-7 0 1 1 4.31426e-5 -4.1879e-5 3.72164e-5 1 1.57514e-5 1.05512e-5 1 0 -9.81222e-4 0.9999995 1.2397e-4 -4.10747e-5 1 -1.06507e-4 1.07966e-4 1 -2.63539e-4 5.28839e-4 0.9999999 -2.61261e-4 -1.13956e-5 1 4.4519e-5 4.3844e-5 1 3.93882e-7 0 1 4.18998e-5 -1.05854e-4 -1 5.22221e-5 -2.13292e-5 -1 5.26896e-5 2.84305e-5 -1 0 -1.05223e-5 -1 0 4.45182e-5 -1 3.24464e-5 3.47618e-5 -1 0 -4.567e-5 -1 1.97189e-5 2.77613e-5 -1 -1.30176e-6 6.95517e-5 -1 1.2561e-4</float_array>
          <technique_common>
            <accessor source="#Plane_027-mesh-normals-array" count="39" stride="3">
              <param name="X" type="float"/>
              <param name="Y" type="float"/>
              <param name="Z" type="float"/>
            </accessor>
          </technique_common>
        </source>
        <source id="Plane_027-mesh-map-0">
          <float_array id="Plane_027-mesh-map-0-array" count="252">0.4506065 0.9161223 0.4391378 0.98091 0.4391378 0.9161185 0.4276711 0.9161188 0.4391378 0.9843727 0.4276809 0.9843705 0.6242604 0.4906768 0.6127887 0.4693173 0.6242623 0.4693173 0.5898444 0.4929222 0.6013188 0.4693176 0.6013188 0.4929236 0.9746397 0.4692395 0.986107 0.4146436 0.9861112 0.4692922 0.6357334 0.4897541 0.6242699 0.4693168 0.6357337 0.4693168 0.9994159 0.3422995 0.9879474 0.3844639 0.9879474 0.3422209 0.6127885 0.4915771 0.6013197 0.4693169 0.6127885 0.4693162 0.6484884 0.4942005 0.6370161 0.4827163 0.6484891 0.4827149 0.9746503 0.6328623 0.9631773 0.5894184 0.9746503 0.5894179 0.6544041 0.4941849 0.6484892 0.4827165 0.6544041 0.4827154 0.5754656 0.5023668 0.6189009 0.524611 0.5987676 0.5748612 0.1865727 0.6068013 0.1527711 0.6169576 0.176073 0.5444636 0.4506065 0.9161223 0.4506065 0.9809138 0.4391378 0.98091 0.4276711 0.9161188 0.4391378 0.916121 0.4391378 0.9843727 0.6242604 0.4906768 0.6127889 0.4906761 0.6127887 0.4693173 0.5898444 0.4929222 0.5898444 0.4693161 0.6013188 0.4693176 0.9746397 0.4692395 0.9746397 0.414591 0.986107 0.4146436 0.6357334 0.4897541 0.6242619 0.4897556 0.6242699 0.4693168 0.9994159 0.3422995 0.9994083 0.3845423 0.9879474 0.3844639 0.6127885 0.4915771 0.6013183 0.4915778 0.6013197 0.4693169 0.6484884 0.4942005 0.6370161 0.4942013 0.6370161 0.4827163 0.9746503 0.6328623 0.963178 0.6328642 0.9631773 0.5894184 0.6544041 0.4941849 0.6484892 0.4941838 0.6484892 0.4827165 0.5987676 0.5748612 0.5885664 0.6294842 0.5649653 0.5647041 0.5885664 0.6294842 0.5649652 0.6294921 0.5649653 0.5647041 0.5649653 0.5647041 0.5541124 0.5647078 0.5754656 0.5023668 0.5541124 0.5647078 0.5541124 0.4964598 0.5754656 0.5023668 0.6303823 0.524607 0.6191279 0.5668231 0.6189009 0.524611 0.6191279 0.5668231 0.5987676 0.5748612 0.6189009 0.524611 0.5754656 0.5023668 0.6189002 0.5023522 0.6189009 0.524611 0.5987676 0.5748612 0.5649653 0.5647041 0.5754656 0.5023668 0.5541124 0.4964598 0.5754663 0.4964526 0.5754656 0.5023668 0.1527711 0.6169576 0.1324135 0.6089193 0.132642 0.5667066 0.1324135 0.6089193 0.1211599 0.5667026 0.132642 0.5667066 0.132642 0.5667066 0.132642 0.5444478 0.176073 0.5444636 0.1865727 0.6715894 0.1629737 0.671581 0.1865727 0.6068013 0.1629737 0.671581 0.1527711 0.6169576 0.1865727 0.6068013 0.1974256 0.538557 0.1974256 0.6068053 0.176073 0.5444636 0.1974256 0.6068053 0.1865727 0.6068013 0.176073 0.5444636 0.1527711 0.6169576 0.132642 0.5667066 0.176073 0.5444636 0.176073 0.5444636 0.1760716 0.5385493 0.1974256 0.538557</float_array>
          <technique_common>
            <accessor source="#Plane_027-mesh-map-0-array" count="126" stride="2">
              <param name="S" type="float"/>
              <param name="T" type="float"/>
            </accessor>
          </technique_common>
        </source>
        <source id="Plane_027-mesh-colors-Attribute" name="Attribute">
          <float_array id="Plane_027-mesh-colors-Attribute-array" count="504">1 1 1 1 1 1 1 1 1 1 1 1 1 1 1 1 1 1 1 1 1 1 1 1 1 1 1 1 1 1 1 1 1 1 1 1 1 1 1 1 1 1 1 1 1 1 1 1 1 1 1 1 1 1 1 1 1 1 1 1 1 1 1 1 1 1 1 1 1 1 1 1 1 1 1 1 1 1 1 1 1 1 1 1 1 1 1 1 1 1 1 1 1 1 1 1 1 1 1 1 1 1 1 1 1 1 1 1 1 1 1 1 1 1 1 1 1 1 1 1 1 1 1 1 1 1 1 1 1 1 1 1 1 1 1 1 1 1 1 1 1 1 1 1 1 1 1 1 1 1 1 1 1 1 1 1 1 1 1 1 1 1 1 1 1 1 1 1 1 1 1 1 1 1 1 1 1 1 1 1 1 1 1 1 1 1 1 1 1 1 1 1 1 1 1 1 1 1 1 1 1 1 1 1 1 1 1 1 1 1 1 1 1 1 1 1 1 1 1 1 1 1 1 1 1 1 1 1 1 1 1 1 1 1 1 1 1 1 1 1 1 1 1 1 1 1 1 1 1 1 1 1 1 1 1 1 1 1 1 1 1 1 1 1 1 1 1 1 1 1 1 1 1 1 1 1 1 1 1 1 1 1 1 1 1 1 1 1 1 1 1 1 1 1 1 1 1 1 1 1 1 1 1 1 1 1 1 1 1 1 1 1 1 1 1 1 1 1 1 1 1 1 1 1 1 1 1 1 1 1 1 1 1 1 1 1 1 1 1 1 1 1 1 1 1 1 1 1 1 1 1 1 1 1 1 1 1 1 1 1 1 1 1 1 1 1 1 1 1 1 1 1 1 1 1 1 1 1 1 1 1 1 1 1 1 1 1 1 1 1 1 1 1 1 1 1 1 1 1 1 1 1 1 1 1 1 1 1 1 1 1 1 1 1 1 1 1 1 1 1 1 1 1 1 1 1 1 1 1 1 1 1 1 1 1 1 1 1 1 1 1 1 1 1 1 1 1 1 1 1 1 1 1 1 1 1 1 1 1 1 1 1 1 1 1 1 1 1 1 1 1 1 1 1 1 1 1 1 1 1 1 1 1 1 1 1 1 1 1 1 1 1 1 1 1 1 1 1 1 1 1 1 1 1</float_array>
          <technique_common>
            <accessor source="#Plane_027-mesh-colors-Attribute-array" count="126" stride="4">
              <param name="R" type="float"/>
              <param name="G" type="float"/>
              <param name="B" type="float"/>
              <param name="A" type="float"/>
            </accessor>
          </technique_common>
        </source>
        <vertices id="Plane_027-mesh-vertices">
          <input semantic="POSITION" source="#Plane_027-mesh-positions"/>
        </vertices>
        <triangles material="industrial-material" count="42">
          <input semantic="VERTEX" source="#Plane_027-mesh-vertices" offset="0"/>
          <input semantic="NORMAL" source="#Plane_027-mesh-normals" offset="1"/>
          <input semantic="TEXCOORD" source="#Plane_027-mesh-map-0" offset="2" set="0"/>
          <input semantic="COLOR" source="#Plane_027-mesh-colors-Attribute" offset="3" set="0"/>
          <p>2 0 0 0 11 0 1 1 12 0 2 2 10 1 3 3 1 1 4 4 13 1 5 5 22 2 6 6 4 2 7 7 10 2 8 8 3 3 9 9 15 3 10 10 11 3 11 11 14 4 12 12 7 4 13 13 15 4 14 14 7 5 15 15 0 5 16 16 8 5 17 17 9 6 18 18 0 6 19 19 5 6 20 20 18 7 21 21 17 7 22 22 16 7 23 23 9 8 24 24 19 8 25 25 18 8 26 26 16 9 27 27 21 9 28 28 20 9 29 29 21 10 30 30 22 10 31 31 20 10 32 32 21 11 33 33 19 11 34 34 6 11 35 35 12 12 36 36 7 12 37 37 20 12 38 38 2 0 39 39 3 0 40 40 11 0 41 41 10 1 42 42 4 1 43 43 1 1 44 44 22 13 45 45 23 13 46 46 4 13 47 47 3 3 48 48 14 3 49 49 15 3 50 50 14 14 51 51 6 14 52 52 7 14 53 53 7 15 54 54 6 15 55 55 0 15 56 56 9 16 57 57 8 16 58 58 0 16 59 59 18 17 60 60 19 17 61 61 17 17 62 62 9 18 63 63 5 18 64 64 19 18 65 65 16 19 66 66 17 19 67 67 21 19 68 68 21 20 69 69 23 20 70 70 22 20 71 71 6 21 72 72 14 21 73 73 2 21 74 74 14 22 75 75 3 22 76 76 2 22 77 77 2 23 78 78 1 23 79 79 21 23 80 80 1 24 81 81 4 24 82 82 21 24 83 83 5 25 84 84 0 25 85 85 19 25 86 86 0 26 87 87 6 26 88 88 19 26 89 89 21 27 90 90 17 27 91 91 19 27 92 92 6 28 93 93 2 28 94 94 21 28 95 95 4 29 96 96 23 29 97 97 21 29 98 98 7 30 99 99 8 30 100 100 18 30 101 101 8 31 102 102 9 31 103 103 18 31 104 104 18 32 105 105 16 32 106 106 20 32 107 107 11 33 108 108 15 33 109 109 12 33 110 110 15 34 111 111 7 34 112 112 12 34 113 113 10 35 114 114 13 35 115 115 20 35 116 116 13 36 117 117 12 36 118 118 20 36 119 119 7 37 120 120 18 37 121 121 20 37 122 122 20 38 123 123 22 38 124 124 10 38 125 125</p>
        </triangles>
      </mesh>
    </geometry>
  </library_geometries>
  <library_visual_scenes>
    <visual_scene id="Scene" name="Scene">
      <node id="base00" name="base00" type="NODE">
        <matrix sid="transform">1 0 0 0 0 1 0 0 0 0 1 0 0 0 0 1</matrix>
        <node id="start01" name="start01" type="NODE">
          <matrix sid="transform">1 0 0 0 0 1 0 0 0 0 1 0 0 0 0 1</matrix>
          <node id="nulldetail10" name="nulldetail10" type="NODE">
            <matrix sid="transform">1 0 0 0 0 1 0 0 0 0 1 0 0 0 0 1</matrix>
          </node>
          <node id="Colmesh_s_smash_auto_sign_001-1" name="Colmesh_s_smash_auto_sign_001-1" type="NODE">
            <matrix sid="transform">1 0 0 0 0 1 0 0 0 0 1 0 0 0 0 1</matrix>
            <instance_geometry url="#Plane_027-mesh" name="Colmesh_s_smash_auto_sign_001-1">
              <bind_material>
                <technique_common>
                  <instance_material symbol="industrial-material" target="#industrial-material">
                    <bind_vertex_input semantic="UVMap" input_semantic="TEXCOORD" input_set="0"/>
                  </instance_material>
                </technique_common>
              </bind_material>
            </instance_geometry>
          </node>
          <node id="s_smash_auto_sign_001_L45" name="s_smash_auto_sign_001_L45" type="NODE">
            <matrix sid="transform">1 0 0 0 0 1 0 0 0 0 1 0 0 0 0 1</matrix>
            <instance_geometry url="#Plane_134-mesh" name="s_smash_auto_sign_001_L45">
              <bind_material>
                <technique_common>
                  <instance_material symbol="architraves-material" target="#architraves-material">
                    <bind_vertex_input semantic="UVMap" input_semantic="TEXCOORD" input_set="0"/>
                  </instance_material>
                  <instance_material symbol="industrial-material" target="#industrial-material">
                    <bind_vertex_input semantic="UVMap" input_semantic="TEXCOORD" input_set="0"/>
                  </instance_material>
                  <instance_material symbol="windows_doors_reflective-material" target="#windows_doors_reflective-material">
                    <bind_vertex_input semantic="UVMap" input_semantic="TEXCOORD" input_set="0"/>
                  </instance_material>
                  <instance_material symbol="corrugation-material" target="#corrugation-material">
                    <bind_vertex_input semantic="UVMap" input_semantic="TEXCOORD" input_set="0"/>
                  </instance_material>
                  <instance_material symbol="slabs_large-material" target="#slabs_large-material">
                    <bind_vertex_input semantic="UVMap" input_semantic="TEXCOORD" input_set="0"/>
                  </instance_material>
                  <instance_material symbol="metal_plates-material" target="#metal_plates-material">
                    <bind_vertex_input semantic="UVMap" input_semantic="TEXCOORD" input_set="0"/>
                  </instance_material>
                  <instance_material symbol="balustrades-material" target="#balustrades-material">
                    <bind_vertex_input semantic="UVMap" input_semantic="TEXCOORD" input_set="0"/>
                  </instance_material>
                  <instance_material symbol="brick_painted-material" target="#brick_painted-material">
                    <bind_vertex_input semantic="UVMap" input_semantic="TEXCOORD" input_set="0"/>
                  </instance_material>
                  <instance_material symbol="stucco1_white-material" target="#stucco1_white-material">
                    <bind_vertex_input semantic="UVMap" input_semantic="TEXCOORD" input_set="0"/>
                  </instance_material>
                  <instance_material symbol="columns-material" target="#columns-material">
                    <bind_vertex_input semantic="UVMap" input_semantic="TEXCOORD" input_set="0"/>
                  </instance_material>
                  <instance_material symbol="construction-material" target="#construction-material">
                    <bind_vertex_input semantic="UVMap" input_semantic="TEXCOORD" input_set="0"/>
                  </instance_material>
                  <instance_material symbol="clutter_commercial-material" target="#clutter_commercial-material">
                    <bind_vertex_input semantic="UVMap" input_semantic="TEXCOORD" input_set="0"/>
                  </instance_material>
                  <instance_material symbol="brick_plain-material" target="#brick_plain-material">
                    <bind_vertex_input semantic="UVMap" input_semantic="TEXCOORD" input_set="0"/>
                  </instance_material>
                  <instance_material symbol="stone_brick_regular-material" target="#stone_brick_regular-material">
                    <bind_vertex_input semantic="UVMap" input_semantic="TEXCOORD" input_set="0"/>
                  </instance_material>
                  <instance_material symbol="curbs-material" target="#curbs-material">
                    <bind_vertex_input semantic="UVMap" input_semantic="TEXCOORD" input_set="0"/>
                  </instance_material>
                  <instance_material symbol="wirefence-material" target="#wirefence-material">
                    <bind_vertex_input semantic="UVMap" input_semantic="TEXCOORD" input_set="0"/>
                  </instance_material>
                  <instance_material symbol="groundmesh_grass2-material" target="#groundmesh_grass2-material">
                    <bind_vertex_input semantic="UVMap" input_semantic="TEXCOORD" input_set="0"/>
                  </instance_material>
                  <instance_material symbol="billboards-material" target="#billboards-material">
                    <bind_vertex_input semantic="UVMap" input_semantic="TEXCOORD" input_set="0"/>
                  </instance_material>
                  <instance_material symbol="road_asphalt-material" target="#road_asphalt-material">
                    <bind_vertex_input semantic="UVMap" input_semantic="TEXCOORD" input_set="0"/>
                  </instance_material>
                </technique_common>
              </bind_material>
            </instance_geometry>
          </node>
        </node>
      </node>
    </visual_scene>
  </library_visual_scenes>
  <scene>
    <instance_visual_scene url="#Scene"/>
  </scene>
</COLLADA>