<?xml version="1.0" encoding="utf-8"?>
<COLLADA xmlns="http://www.collada.org/2005/11/COLLADASchema" version="1.4.1" xmlns:xsi="http://www.w3.org/2001/XMLSchema-instance">
  <asset>
    <contributor>
      <author>Blender User</author>
      <authoring_tool>Blender 4.5.5 LTS commit date:2025-11-17, commit time:16:03, hash:836beaaf597a</authoring_tool>
    </contributor>
    <created>2026-05-13T15:48:47</created>
    <modified>2026-05-13T15:48:47</modified>
    <unit name="meter" meter="1"/>
    <up_axis>Z_UP</up_axis>
  </asset>
  <library_effects>
    <effect id="architraves-effect">
      <profile_COMMON>
        <technique sid="common">
          <lambert>
            <emission>
              <color sid="emission">0 0 0 1</color>
            </emission>
            <diffuse>
              <color sid="diffuse">0.8 0.8 0.8 1</color>
            </diffuse>
            <index_of_refraction>
              <float sid="ior">1.45</float>
            </index_of_refraction>
          </lambert>
        </technique>
      </profile_COMMON>
    </effect>
    <effect id="industrial-effect">
      <profile_COMMON>
        <technique sid="common">
          <lambert>
            <emission>
              <color sid="emission">0 0 0 1</color>
            </emission>
            <diffuse>
              <color sid="diffuse">0 0 0 1</color>
            </diffuse>
            <reflectivity>
              <float sid="specular">1</float>
            </reflectivity>
            <index_of_refraction>
              <float sid="ior">1.45</float>
            </index_of_refraction>
          </lambert>
        </technique>
      </profile_COMMON>
    </effect>
    <effect id="windows_doors_reflective-effect">
      <profile_COMMON>
        <technique sid="common">
          <lambert>
            <emission>
              <color sid="emission">0 0 0 1</color>
            </emission>
            <diffuse>
              <color sid="diffuse">0.8 0.8 0.8 1</color>
            </diffuse>
            <index_of_refraction>
              <float sid="ior">1.45</float>
            </index_of_refraction>
          </lambert>
        </technique>
      </profile_COMMON>
    </effect>
    <effect id="corrugation-effect">
      <profile_COMMON>
        <technique sid="common">
          <lambert>
            <emission>
              <color sid="emission">0 0 0 1</color>
            </emission>
            <diffuse>
              <color sid="diffuse">0.8 0.8 0.8 1</color>
            </diffuse>
            <index_of_refraction>
              <float sid="ior">1.45</float>
            </index_of_refraction>
          </lambert>
        </technique>
      </profile_COMMON>
    </effect>
    <effect id="slabs_large-effect">
      <profile_COMMON>
        <technique sid="common">
          <lambert>
            <emission>
              <color sid="emission">0 0 0 1</color>
            </emission>
            <diffuse>
              <color sid="diffuse">0.8 0.8 0.8 1</color>
            </diffuse>
            <index_of_refraction>
              <float sid="ior">1.45</float>
            </index_of_refraction>
          </lambert>
        </technique>
      </profile_COMMON>
    </effect>
    <effect id="metal_plates-effect">
      <profile_COMMON>
        <technique sid="common">
          <lambert>
            <emission>
              <color sid="emission">0 0 0 1</color>
            </emission>
            <diffuse>
              <color sid="diffuse">0.8 0.8 0.8 1</color>
            </diffuse>
            <index_of_refraction>
              <float sid="ior">1.45</float>
            </index_of_refraction>
          </lambert>
        </technique>
      </profile_COMMON>
    </effect>
    <effect id="balustrades-effect">
      <profile_COMMON>
        <technique sid="common">
          <lambert>
            <emission>
              <color sid="emission">0 0 0 1</color>
            </emission>
            <diffuse>
              <color sid="diffuse">0 0 0 1</color>
            </diffuse>
            <index_of_refraction>
              <float sid="ior">1.45</float>
            </index_of_refraction>
          </lambert>
        </technique>
      </profile_COMMON>
    </effect>
    <effect id="brick_painted-effect">
      <profile_COMMON>
        <technique sid="common">
          <lambert>
            <emission>
              <color sid="emission">0 0 0 1</color>
            </emission>
            <diffuse>
              <color sid="diffuse">0.8 0.8 0.8 1</color>
            </diffuse>
            <index_of_refraction>
              <float sid="ior">1.45</float>
            </index_of_refraction>
          </lambert>
        </technique>
      </profile_COMMON>
    </effect>
    <effect id="stucco1_white-effect">
      <profile_COMMON>
        <technique sid="common">
          <lambert>
            <emission>
              <color sid="emission">0 0 0 1</color>
            </emission>
            <diffuse>
              <color sid="diffuse">0.8 0.8 0.8 1</color>
            </diffuse>
            <index_of_refraction>
              <float sid="ior">1.45</float>
            </index_of_refraction>
          </lambert>
        </technique>
      </profile_COMMON>
    </effect>
    <effect id="columns-effect">
      <profile_COMMON>
        <technique sid="common">
          <lambert>
            <emission>
              <color sid="emission">0 0 0 1</color>
            </emission>
            <diffuse>
              <color sid="diffuse">0 0 0 1</color>
            </diffuse>
            <index_of_refraction>
              <float sid="ior">1.45</float>
            </index_of_refraction>
          </lambert>
        </technique>
      </profile_COMMON>
    </effect>
    <effect id="construction-effect">
      <profile_COMMON>
        <technique sid="common">
          <lambert>
            <emission>
              <color sid="emission">0 0 0 1</color>
            </emission>
            <diffuse>
              <color sid="diffuse">0.8 0.8 0.8 1</color>
            </diffuse>
            <index_of_refraction>
              <float sid="ior">1.45</float>
            </index_of_refraction>
          </lambert>
        </technique>
      </profile_COMMON>
    </effect>
    <effect id="clutter_commercial-effect">
      <profile_COMMON>
        <technique sid="common">
          <lambert>
            <emission>
              <color sid="emission">0 0 0 1</color>
            </emission>
            <diffuse>
              <color sid="diffuse">0.8 0.8 0.8 1</color>
            </diffuse>
            <reflectivity>
              <float sid="specular">0.5</float>
            </reflectivity>
          </lambert>
        </technique>
      </profile_COMMON>
    </effect>
    <effect id="brick_plain-effect">
      <profile_COMMON>
        <technique sid="common">
          <lambert>
            <emission>
              <color sid="emission">0 0 0 1</color>
            </emission>
            <diffuse>
              <color sid="diffuse">0 0 0 1</color>
            </diffuse>
            <index_of_refraction>
              <float sid="ior">1.45</float>
            </index_of_refraction>
          </lambert>
        </technique>
      </profile_COMMON>
    </effect>
    <effect id="stone_brick_regular-effect">
      <profile_COMMON>
        <technique sid="common">
          <lambert>
            <emission>
              <color sid="emission">0 0 0 1</color>
            </emission>
            <diffuse>
              <color sid="diffuse">0 0 0 1</color>
            </diffuse>
            <index_of_refraction>
              <float sid="ior">1.45</float>
            </index_of_refraction>
          </lambert>
        </technique>
      </profile_COMMON>
    </effect>
    <effect id="curbs-effect">
      <profile_COMMON>
        <technique sid="common">
          <lambert>
            <emission>
              <color sid="emission">0 0 0 1</color>
            </emission>
            <diffuse>
              <color sid="diffuse">0 0 0 1</color>
            </diffuse>
            <index_of_refraction>
              <float sid="ior">1.45</float>
            </index_of_refraction>
          </lambert>
        </technique>
      </profile_COMMON>
    </effect>
    <effect id="wirefence-effect">
      <profile_COMMON>
        <technique sid="common">
          <lambert>
            <emission>
              <color sid="emission">0 0 0 1</color>
            </emission>
            <diffuse>
              <color sid="diffuse">0.8 0.8 0.8 1</color>
            </diffuse>
            <index_of_refraction>
              <float sid="ior">1.45</float>
            </index_of_refraction>
          </lambert>
        </technique>
      </profile_COMMON>
    </effect>
    <effect id="groundmesh_grass2-effect">
      <profile_COMMON>
        <newparam sid="groundmesh_grass_b_color_png-surface">
          <surface type="2D">
            <init_from>groundmesh_grass_b_color_png</init_from>
          </surface>
        </newparam>
        <newparam sid="groundmesh_grass_b_color_png-sampler">
          <sampler2D>
            <source>groundmesh_grass_b_color_png-surface</source>
          </sampler2D>
        </newparam>
        <technique sid="common">
          <lambert>
            <emission>
              <color sid="emission">0 0 0 1</color>
            </emission>
            <diffuse>
              <texture texture="groundmesh_grass_b_color_png-sampler" texcoord="UVMap"/>
            </diffuse>
            <index_of_refraction>
              <float sid="ior">1.45</float>
            </index_of_refraction>
          </lambert>
        </technique>
      </profile_COMMON>
    </effect>
    <effect id="billboards-effect">
      <profile_COMMON>
        <technique sid="common">
          <lambert>
            <emission>
              <color sid="emission">0 0 0 1</color>
            </emission>
            <diffuse>
              <color sid="diffuse">0 0 0 1</color>
            </diffuse>
            <index_of_refraction>
              <float sid="ior">1.45</float>
            </index_of_refraction>
          </lambert>
        </technique>
      </profile_COMMON>
    </effect>
    <effect id="road_asphalt-effect">
      <profile_COMMON>
        <technique sid="common">
          <lambert>
            <emission>
              <color sid="emission">0 0 0 1</color>
            </emission>
            <diffuse>
              <color sid="diffuse">0 0 0 1</color>
            </diffuse>
            <index_of_refraction>
              <float sid="ior">1.45</float>
            </index_of_refraction>
          </lambert>
        </technique>
      </profile_COMMON>
    </effect>
  </library_effects>
  <library_images>
    <image id="groundmesh_grass_b_color_png" name="groundmesh_grass_b_color_png">
      <init_from>groundmesh_grass_b.color.png</init_from>
    </image>
  </library_images>
  <library_materials>
    <material id="architraves-material" name="architraves">
      <instance_effect url="#architraves-effect"/>
    </material>
    <material id="industrial-material" name="industrial">
      <instance_effect url="#industrial-effect"/>
    </material>
    <material id="windows_doors_reflective-material" name="windows_doors_reflective">
      <instance_effect url="#windows_doors_reflective-effect"/>
    </material>
    <material id="corrugation-material" name="corrugation">
      <instance_effect url="#corrugation-effect"/>
    </material>
    <material id="slabs_large-material" name="slabs_large">
      <instance_effect url="#slabs_large-effect"/>
    </material>
    <material id="metal_plates-material" name="metal_plates">
      <instance_effect url="#metal_plates-effect"/>
    </material>
    <material id="balustrades-material" name="balustrades">
      <instance_effect url="#balustrades-effect"/>
    </material>
    <material id="brick_painted-material" name="brick_painted">
      <instance_effect url="#brick_painted-effect"/>
    </material>
    <material id="stucco1_white-material" name="stucco1_white">
      <instance_effect url="#stucco1_white-effect"/>
    </material>
    <material id="columns-material" name="columns">
      <instance_effect url="#columns-effect"/>
    </material>
    <material id="construction-material" name="construction">
      <instance_effect url="#construction-effect"/>
    </material>
    <material id="clutter_commercial-material" name="clutter_commercial">
      <instance_effect url="#clutter_commercial-effect"/>
    </material>
    <material id="brick_plain-material" name="brick_plain">
      <instance_effect url="#brick_plain-effect"/>
    </material>
    <material id="stone_brick_regular-material" name="stone_brick_regular">
      <instance_effect url="#stone_brick_regular-effect"/>
    </material>
    <material id="curbs-material" name="curbs">
      <instance_effect url="#curbs-effect"/>
    </material>
    <material id="wirefence-material" name="wirefence">
      <instance_effect url="#wirefence-effect"/>
    </material>
    <material id="groundmesh_grass2-material" name="groundmesh_grass2">
      <instance_effect url="#groundmesh_grass2-effect"/>
    </material>
    <material id="billboards-material" name="billboards">
      <instance_effect url="#billboards-effect"/>
    </material>
    <material id="road_asphalt-material" name="road_asphalt">
      <instance_effect url="#road_asphalt-effect"/>
    </material>
  </library_materials>
  <library_geometries>
    <geometry id="Plane_136-mesh" name="Plane.136">
      <mesh>
        <source id="Plane_136-mesh-positions">
          <float_array id="Plane_136-mesh-positions-array" count="1872">0.4641819 0.0282849 0 0.4641819 0.0282849 5.595039 -0.4641818 0.03314566 0 -0.4641818 0.03314566 5.595039 0.4641171 -0.01463603 0 0.4641171 -0.01463603 5.595039 -0.4642681 -0.009926378 0 -0.4642681 -0.009926378 5.595039 -1.63447 0.2673285 4.908745 1.97193 0.2673283 4.908745 -1.63447 0.2673285 7.698242 1.97193 0.2673283 7.698242 -1.762547 -0.3550315 4.79184 2.100068 -0.3550587 7.81514 -1.762488 0.2674255 7.81514 -1.762488 0.2674255 4.79184 2.100084 0.2673553 4.79184 2.100084 0.2673553 7.81514 -1.63447 -0.354929 4.908745 1.971925 -0.3549237 4.908745 -1.63447 -0.354929 7.698242 1.971925 -0.3549237 7.698242 -1.762488 -0.3548319 7.81514 2.100078 -0.3548968 4.79184 -1.711086 0.2175776 7.844643 -1.711086 0.2175776 9.069046 3.148088 0.217518 7.844643 3.148088 0.217518 9.069046 3.01338 0.217572 7.97934 -1.576438 0.217583 7.97934 -1.576438 0.217583 8.934342 3.01338 0.217572 8.934342 -1.711227 -0.1675137 7.844643 -1.711227 -0.1675137 9.069046 3.057013 -0.1674437 7.844643 3.057013 -0.1674437 9.069046 -1.711178 -0.1670444 7.844643 -1.711178 -0.1670444 9.069046 3.056943 -0.1669421 7.844643 -1.576449 -0.1669473 7.97934 -1.576449 -0.1669473 8.934342 2.922213 -0.1670391 8.934342 3.056943 -0.1669421 9.069046 2.922213 -0.1670391 7.97934 1.409879 0.2238678 8.426651 1.208993 0.2238085 8.426651 1.409879 0.2238678 8.862847 1.208993 0.2238085 8.862847 1.220845 0.2237815 8.426651 1.066079 0.2238678 8.426651 1.220845 0.2237815 8.862847 1.066079 0.2238678 8.862847 1.068059 0.2238731 8.426651 0.8672918 0.2237815 8.426651 1.068059 0.2238731 8.862847 0.8672918 0.2237815 8.862847 0.8795488 0.2238678 8.426651 0.678776 0.2237815 8.426651 0.8795488 0.2238678 8.862847 0.678776 0.2237815 8.862847 0.4595261 0.2238733 8.426651 0.2587156 0.2237384 8.426651 0.4595261 0.2238733 8.862847 0.2587156 0.2237384 8.862847 0.2633066 0.2238085 8.426651 0.06262552 0.2238031 8.426651 0.2633066 0.2238085 8.862847 0.06262552 0.2238031 8.862847 0.06857597 0.2238085 8.426651 -0.132105 0.2238031 8.426651 0.06857597 0.2238085 8.862847 -0.132105 0.2238031 8.862847 -0.0910992 0.2237977 8.426651 -0.302667 0.2238031 8.426651 -0.0910992 0.2237977 8.862847 -0.302667 0.2238031 8.862847 -0.2735512 0.2237762 8.426651 -0.4742808 0.223733 8.426651 -0.2735512 0.2237762 8.862847 -0.4742808 0.223733 8.862847 -0.4692583 0.2238032 8.426651 -0.6241105 0.2238032 8.426651 -0.4692583 0.2238032 8.862847 -0.6241105 0.2238032 8.862847 -0.6290899 0.2237762 8.426651 -0.8297709 0.2237708 8.426651 -0.6290899 0.2237762 8.862847 -0.8297709 0.2237708 8.862847 -0.8375449 0.2237762 8.426651 -1.038226 0.2237707 8.426651 -0.8375449 0.2237762 8.862847 -1.038226 0.2237707 8.862847 1.383547 0.2237005 7.975044 1.13701 0.2238031 7.975044 1.383547 0.2237005 8.411141 1.13701 0.2238031 8.411141 1.135753 0.223679 7.975044 0.9391236 0.2237653 7.975044 1.135753 0.223679 8.411141 0.9391236 0.2237653 8.411141 0.9468651 0.2238786 7.975044 0.746184 0.2238732 7.975044 0.9468651 0.2238786 8.411141 0.746184 0.2238732 8.411141 0.7685347 0.2238786 7.975044 0.5678482 0.2238786 7.975044 0.7685347 0.2238786 8.411141 0.5678482 0.2238786 8.411141 0.581988 0.2237222 7.975044 0.3813933 0.2238031 7.975044 0.581988 0.2237222 8.411141 0.3813933 0.2238031 8.411141 0.306411 0.2237761 7.975044 0.09484863 0.2237762 7.975044 0.306411 0.2237761 8.411141 0.09484863 0.2237762 8.411141 0.0843935 0.223787 7.975044 -0.1162012 0.2238679 7.975044 0.0843935 0.223787 8.411141 -0.1162012 0.2238679 8.411141 -0.1064473 0.2238679 7.975044 -0.2612996 0.2238679 7.975044 -0.1064473 0.2238679 8.411141 -0.2612996 0.2238679 8.411141 -0.2505046 0.2237762 7.975044 -0.4491357 0.2237061 7.975044 -0.2505046 0.2237762 8.411141 -0.4491357 0.2237061 8.411141 -0.651624 0.2238679 8.411141 -0.4509429 0.2238733 8.411141 -0.651624 0.2238679 7.975044 -0.4509429 0.2238733 7.975044 -0.8897773 0.2238733 8.411141 -0.6502699 0.2238086 8.411141 -0.8897773 0.2238733 7.975044 -0.6502699 0.2238086 7.975044 -0.880536 0.2237816 7.975044 -1.081223 0.2237816 7.975044 -0.880536 0.2237816 8.411141 -1.081223 0.2237816 8.411141 -1.087907 0.223733 7.975044 -1.288658 0.2237977 7.975044 -1.087907 0.223733 8.411141 -1.288658 0.2237977 8.411141 -1.283026 0.2237762 7.975044 -1.48375 0.2237277 7.975044 -1.283026 0.2237762 8.411141 -1.48375 0.2237277 8.411141 -1.243261 0.2238032 8.432648 -1.543637 0.2237977 8.432648 -1.243261 0.2238032 8.868744 -1.543637 0.2237977 8.868744 1.853067 0.2399712 8.805245 2.150655 0.2400035 8.805245 1.853067 0.2399712 8.065445 2.150655 0.2400035 8.065445 2.12675 0.2399982 8.805245 2.424219 0.2400629 8.805245 2.12675 0.2399982 8.065445 2.424219 0.2400629 8.065445 2.421182 0.2399928 8.805245 2.718565 0.2399712 8.805245 2.421182 0.2399928 8.065445 2.718565 0.2399712 8.065445 1.460644 0.220059 9.121941 3.035423 0.2199565 9.121941 1.460644 0.220059 7.827942 3.035423 0.2199565 7.827942 0.3456851 0.2778968 5.043343 -1.604733 0.2778159 5.043343 0.3456851 0.2778968 7.474541 -1.604733 0.2778159 7.474541 1.691449 0.2778967 7.551346 1.948528 0.2778698 7.551346 1.691449 0.2778967 6.383141 1.948528 0.2778698 6.383141 1.427412 0.2778913 7.551346 1.68449 0.2778643 7.551346 1.427412 0.2778913 6.383141 1.68449 0.2778643 6.383141 1.168537 0.2778158 7.551346 1.425718 0.2780316 7.551346 1.168537 0.2778158 6.383141 1.425718 0.2780316 6.383141 0.9159583 0.277832 7.551346 1.173215 0.2779722 7.551346 0.9159583 0.277832 6.383141 1.173215 0.2779722 6.383141 0.6728795 0.2778428 7.551346 0.9300441 0.2779021 7.551346 0.6728795 0.2778428 6.383141 0.9300441 0.2779021 6.383141 0.4267204 0.277913 7.551346 0.6838904 0.2779669 7.551346 0.4267204 0.277913 6.383141 0.6838904 0.2779669 6.383141 1.623184 0.2777996 6.192841 1.920971 0.2778912 6.192841 1.623184 0.2777996 5.004845 1.920971 0.2778912 5.004845 1.377845 0.2778266 6.192841 1.613516 0.2778859 6.192841 1.377845 0.2778266 5.004845 1.613516 0.2778859 5.004845 1.068949 0.2777942 6.198441 1.366737 0.2778859 6.198441 1.068949 0.2777942 5.010345 1.366737 0.2778859 5.010345 0.7873841 0.2777942 6.198441 1.085166 0.2778913 6.198441 0.7873841 0.2777942 5.010345 1.085166 0.2778913 5.010345 0.5021666 0.2778212 6.198441 0.7999917 0.2779615 6.198441 0.5021666 0.2778212 5.010345 0.7999917 0.2779615 5.010345 1.973489 -0.3540714 4.908745 -1.632948 -0.3541198 4.908745 1.973489 -0.3540714 7.698242 -1.632948 -0.3541198 7.698242 -0.006600499 -0.3644455 5.043343 1.943883 -0.3644294 5.043343 -0.006600499 -0.3644455 7.474541 1.943883 -0.3644294 7.474541 -1.352451 -0.3645317 7.551346 -1.609616 -0.3645911 7.551346 -1.352451 -0.3645317 6.383141 -1.609616 -0.3645911 6.383141 -1.088263 -0.3645048 7.551346 -1.345465 -0.3646126 7.551346 -1.088263 -0.3645048 6.383141 -1.345465 -0.3646126 6.383141 -0.829388 -0.3644293 7.551346 -1.086633 -0.3645803 7.551346 -0.829388 -0.3644293 6.383141 -1.086633 -0.3645803 6.383141 -0.5771003 -0.3645858 7.551346 -0.8340599 -0.3645911 7.551346 -0.5771003 -0.3645858 6.383141 -0.8340599 -0.3645911 6.383141 -0.3340107 -0.3646073 7.551346 -0.5910459 -0.3645372 7.551346 -0.3340107 -0.3646073 6.383141 -0.5910459 -0.3645372 6.383141 -0.08773285 -0.3645372 7.551346 -0.3448112 -0.3645102 7.551346 -0.08773285 -0.3645372 6.383141 -0.3448112 -0.3645102 6.383141 -1.284207 -0.3645857 6.192841 -1.581822 -0.3645048 6.192841 -1.284207 -0.3645857 5.004845 -1.581822 -0.3645048 5.004845 -1.03883 -0.3645641 6.192841 -1.274518 -0.364521 6.192841 -1.03883 -0.3645641 5.004845 -1.274518 -0.364521 5.004845 -0.7299673 -0.3645858 6.198441 -1.027738 -0.3645209 6.198441 -0.7299673 -0.3645858 5.010345 -1.027738 -0.3645209 5.010345 -0.448402 -0.3645858 6.198441 -0.746087 -0.3644347 6.198441 -0.448402 -0.3645858 5.010345 -0.746087 -0.3644347 5.010345 -0.1631845 -0.3646127 6.198441 -0.4609557 -0.364548 6.198441 -0.1631845 -0.3646127 5.010345 -0.4609557 -0.364548 5.010345 -0.0609315 -0.1711445 8.431244 0.1399059 -0.1711229 8.431244 -0.0609315 -0.1711445 8.86744 0.1399059 -0.1711229 8.86744 0.1280104 -0.1711391 8.431244 0.2828681 -0.1711445 8.431244 0.1280104 -0.1711391 8.86744 0.2828681 -0.1711445 8.86744 0.2808828 -0.1711445 8.431244 0.4815638 -0.1711391 8.431244 0.2808828 -0.1711445 8.86744 0.4815638 -0.1711391 8.86744 0.4693986 -0.1711445 8.431244 0.6700796 -0.1711391 8.431244 0.4693986 -0.1711445 8.86744 0.6700796 -0.1711391 8.86744 0.8894159 -0.1711446 8.431244 1.090189 -0.1710582 8.431244 0.8894159 -0.1711446 8.86744 1.090189 -0.1710582 8.86744 1.085592 -0.171123 8.431244 1.286273 -0.1711176 8.431244 1.085592 -0.171123 8.86744 1.286273 -0.1711176 8.86744 1.280285 -0.1711715 8.431244 1.481004 -0.1711176 8.431244 1.280285 -0.1711715 8.86744 1.481004 -0.1711176 8.86744 1.439998 -0.1711121 8.431244 1.651566 -0.1711176 8.431244 1.439998 -0.1711121 8.86744 1.651566 -0.1711176 8.86744 1.622407 -0.1711338 8.431244 1.82318 -0.1710475 8.431244 1.622407 -0.1711338 8.86744 1.82318 -0.1710475 8.86744 1.8182 -0.1710744 8.431244 1.973015 -0.171123 8.431244 1.8182 -0.1710744 8.86744 1.973015 -0.171123 8.86744 1.977951 -0.1711392 8.431244 2.178632 -0.1711337 8.431244 1.977951 -0.1711392 8.86744 2.178632 -0.1711337 8.86744 2.186406 -0.1711392 8.431244 2.387087 -0.1711338 8.431244 2.186406 -0.1711392 8.86744 2.387087 -0.1711338 8.86744 -0.03468579 -0.1710636 7.979546 0.2118941 -0.1711229 7.979546 -0.03468579 -0.1710636 8.415741 0.2118941 -0.1711229 8.415741 0.213108 -0.171042 7.979546 0.4097375 -0.1711283 7.979546 0.213108 -0.171042 8.415741 0.4097375 -0.1711283 8.415741 0.4020769 -0.1711499 7.979546 0.6027526 -0.1711391 7.979546 0.4020769 -0.1711499 8.415741 0.6027526 -0.1711391 8.415741 0.5804505 -0.1711067 7.979546 0.7810884 -0.1711445 7.979546 0.5804505 -0.1711067 8.415741 0.7810884 -0.1711445 8.415741 0.7668676 -0.1710798 7.979546 0.9675109 -0.171123 7.979546 0.7668676 -0.1710798 8.415741 0.9675109 -0.171123 8.415741 1.042531 -0.1710475 7.979546 1.254012 -0.1711391 7.979546 1.042531 -0.1710475 8.415741 1.254012 -0.1711391 8.415741 1.264467 -0.17115 7.979546 1.465149 -0.1711446 7.979546 1.264467 -0.17115 8.415741 1.465149 -0.1711446 8.415741 1.455389 -0.1711392 7.979546 1.610247 -0.1711446 7.979546 1.455389 -0.1711392 8.415741 1.610247 -0.1711446 8.415741 1.599366 -0.1711392 7.979546 1.797991 -0.1710637 7.979546 1.599366 -0.1711392 8.415741 1.797991 -0.1710637 8.415741 2.000571 -0.1711446 8.415741 1.79989 -0.17115 8.415741 2.000571 -0.1711446 7.979546 1.79989 -0.17115 7.979546 2.238719 -0.1711446 8.415741 1.999174 -0.1711284 8.415741 2.238719 -0.1711446 7.979546 1.999174 -0.1711284 7.979546 2.229392 -0.1711392 7.979546 2.430029 -0.171177 7.979546 2.229392 -0.1711392 8.415741 2.430029 -0.171177 8.415741 2.436805 -0.1710475 7.979546 2.637562 -0.1711176 7.979546 2.436805 -0.1710475 8.415741 2.637562 -0.1711176 8.415741 2.631881 -0.1711338 7.979546 2.832649 -0.171042 7.979546 2.631881 -0.1711338 8.415741 2.832649 -0.171042 8.415741 2.592159 -0.1711176 8.437241 2.892498 -0.1711609 8.437241 2.592159 -0.1711176 8.873246 2.892498 -0.1711609 8.873246 -0.5042112 -0.1873289 8.809746 -0.8017504 -0.1873235 8.809746 -0.5042112 -0.1873289 8.069947 -0.8017504 -0.1873235 8.069947 -0.7778461 -0.1873181 8.809746 -1.07532 -0.1873773 8.809746 -0.7778461 -0.1873181 8.069947 -1.07532 -0.1873773 8.069947 -1.072283 -0.1873073 8.809746 -1.369709 -0.1873288 8.809746 -1.072283 -0.1873073 8.069947 -1.369709 -0.1873288 8.069947 -0.1117451 -0.1673735 9.126542 -1.686475 -0.1672332 9.126542 -0.1117451 -0.1673735 7.832443 -1.686475 -0.1672332 7.832443 -0.06093149 -0.1712684 8.867407 -0.06093149 -0.1712684 8.431206 0.1135253 -0.1712497 8.431211 0.1135253 -0.1712497 8.867412 0.1090258 -0.1712502 8.867412 0.1090258 -0.1712502 8.431211 0.2868617 -0.171231 8.431215 0.2868617 -0.171231 8.867416 0.2823621 -0.1712315 8.867416 0.2823621 -0.1712315 8.431215 0.456826 -0.1712128 8.431219 0.456826 -0.1712128 8.86742 0.4523265 -0.1712132 8.86742 0.4523265 -0.1712132 8.431219 0.565961 -0.171201 8.431222 0.565961 -0.171201 8.867423 0.4685955 -0.1712115 8.944831 0.4685955 -0.1712115 8.810305 0.549692 -0.1712028 8.810307 0.549692 -0.1712028 8.944833 0.5614614 -0.1712015 8.867423 0.5614614 -0.1712015 8.431222 0.7224093 -0.1711842 8.431226 0.7224093 -0.1711842 8.867427 0.7179098 -0.1711847 8.867427 0.7179098 -0.1711847 8.431226 0.8315442 -0.1711725 8.431229 0.8315442 -0.1711725 8.86743 0.8270447 -0.1711729 8.867429 0.8270447 -0.1711729 8.431228 1.004881 -0.1711538 8.431233 1.004881 -0.1711538 8.867434 1.183489 -0.1711346 8.867438 1.183489 -0.1711346 8.431237 1.357953 -0.1711158 8.431242 1.357953 -0.1711158 8.867443 1.353454 -0.1711163 8.867443 1.353454 -0.1711163 8.431242 1.494128 -0.1711012 8.431245 1.494128 -0.1711012 8.867446 1.672737 -0.171082 8.867451 1.672737 -0.171082 8.43125 1.855204 -0.1710624 8.431254 1.855204 -0.1710624 8.867455 1.850704 -0.1710628 8.867455 1.850704 -0.1710628 8.431254 2.025168 -0.1710441 8.431258 2.025168 -0.1710441 8.867459 2.020669 -0.1710446 8.867459 2.020669 -0.1710446 8.431258 2.161342 -0.1710294 8.431262 2.161342 -0.1710294 8.867463 2.156843 -0.1710299 8.867463 2.156843 -0.1710299 8.431262 2.321162 -0.1710123 8.431266 2.321162 -0.1710123 8.867467 2.316663 -0.1710127 8.867467 2.316663 -0.1710127 8.431266 2.467467 -0.1709965 8.431269 2.467467 -0.1709965 8.86747 2.646076 -0.1711496 8.873245 2.646076 -0.1711496 8.437233 2.892498 -0.1711231 8.437239 2.892498 -0.1711231 8.873252 1.409879 0.2242026 8.862814 1.409879 0.2242026 8.426613 1.235398 0.2241511 8.426618 1.235398 0.2241511 8.862819 1.239899 0.2241524 8.862819 1.239899 0.2241524 8.426618 1.062039 0.2240999 8.426622 1.062039 0.2240999 8.862823 1.066541 0.2241013 8.862823 1.066541 0.2241013 8.426622 0.8920529 0.2240498 8.426626 0.8920529 0.2240498 8.862827 0.896554 0.2240511 8.862827 0.896554 0.2240511 8.426626 0.7829041 0.2240175 8.426629 0.7829041 0.2240175 8.86283 0.8802828 0.2240463 8.940238 0.8802828 0.2240463 8.805712 0.7991753 0.2240223 8.805714 0.7991753 0.2240223 8.94024 0.7874051 0.2240189 8.86283 0.7874051 0.2240189 8.426629 0.6264354 0.2239714 8.426633 0.6264354 0.2239714 8.862834 0.6309365 0.2239727 8.862834 0.6309365 0.2239727 8.426633 0.5172866 0.2239391 8.426636 0.5172866 0.2239391 8.862837 0.5217877 0.2239405 8.862836 0.5217877 0.2239405 8.426635 0.3439277 0.223888 8.42664 0.3439277 0.223888 8.862841 0.1653863 0.2238353 8.862845 0.1653863 0.2238353 8.426644 -0.009101352 0.2237837 8.426649 -0.009101352 0.2237837 8.86285 -0.004600273 0.2237851 8.86285 -0.004600273 0.2237851 8.426649 -0.1452931 0.2237435 8.426652 -0.1452931 0.2237435 8.862853 -0.3238345 0.2236908 8.862858 -0.3238345 0.2236908 8.426657 -0.5063264 0.223637 8.426661 -0.5063264 0.223637 8.862862 -0.5018254 0.2236383 8.862862 -0.5018254 0.2236383 8.426661 -0.676313 0.2235868 8.426665 -0.676313 0.2235868 8.862866 -0.6718119 0.2235881 8.862866 -0.6718119 0.2235881 8.426665 -0.8125047 0.2235466 8.426669 -0.8125047 0.2235466 8.86287 -0.8080037 0.2235479 8.86287 -0.8080037 0.2235479 8.426669 -0.9723458 0.2234994 8.426673 -0.9723458 0.2234994 8.862874 -0.9678447 0.2235007 8.862874 -0.9678447 0.2235007 8.426673 -1.118669 0.2234562 8.426676 -1.118669 0.2234562 8.862877 -1.29721 0.2238289 8.868743 -1.29721 0.2238289 8.43264 -1.543637 0.2237561 8.432646 -1.543637 0.2237561 8.86875 -0.03468572 -0.1707869 8.415711 -0.03468572 -0.1707869 7.979511 0.1633463 -0.1708345 7.979515 0.1633463 -0.1708345 8.415715 0.1576653 -0.1708331 8.415715 0.1576653 -0.1708331 7.979515 0.3036981 -0.1708682 7.979518 0.3036981 -0.1708682 8.415718 0.2980171 -0.1708669 8.415718 0.2980171 -0.1708669 7.979518 0.4179386 -0.1708957 7.97952 0.4179386 -0.1708957 8.41572 0.4122576 -0.1708944 8.41572 0.4122576 -0.1708944 7.97952 0.5943973 -0.1709382 7.979524 0.5943973 -0.1709382 8.415724 0.5887163 -0.1709368 8.415724 0.5887163 -0.1709368 7.979524 0.7640638 -0.170979 7.979527 0.7640638 -0.170979 8.415727 0.7583828 -0.1709776 8.415727 0.7583828 -0.1709776 7.979527 0.9564148 -0.1710252 7.979531 0.9564148 -0.1710252 8.415731 0.9507338 -0.1710239 8.415731 0.9507338 -0.1710239 7.979531 1.15325 -0.1710726 7.979535 1.15325 -0.1710726 8.415735 1.147569 -0.1710712 8.415735 1.147569 -0.1710712 7.979535 1.295748 -0.1711068 7.979538 1.295748 -0.1711068 8.415738 1.290067 -0.1711055 8.415738 1.290067 -0.1711055 7.979538 1.472206 -0.1711493 7.979542 1.472206 -0.1711493 8.415742 1.466525 -0.1711479 8.415741 1.466525 -0.1711479 7.979541 1.632935 -0.1711879 7.979545 1.632935 -0.1711879 8.415745 1.627254 -0.1711866 8.415745 1.627254 -0.1711866 7.979545 1.811702 -0.1712309 7.979548 1.811702 -0.1712309 8.415749 1.383547 0.2232303 8.411111 1.383547 0.2232303 7.975009 1.185549 0.2233127 7.975013 1.185549 0.2233127 8.411115 1.191181 0.2233104 8.411115 1.191181 0.2233104 7.975013 1.045174 0.2233711 7.975016 1.045174 0.2233711 8.411118 1.050806 0.2233688 8.411118 1.050806 0.2233688 7.975016 0.9309052 0.2234187 7.975018 0.9309052 0.2234187 8.41112 0.9365372 0.2234164 8.41112 0.9365372 0.2234164 7.975018 0.7544292 0.2234921 7.975022 0.7544292 0.2234921 8.411124 0.7600612 0.2234898 8.411124 0.7600612 0.2234898 7.975022 0.5847443 0.2235628 7.975025 0.5847443 0.2235628 8.411127 0.5903763 0.2235604 8.411127 0.5903763 0.2235604 7.975025 0.3923787 0.2236428 7.975029 0.3923787 0.2236428 8.411131 0.3980107 0.2236405 8.411131 0.3980107 0.2236405 7.975029 0.1955296 0.2237247 7.975033 0.1955296 0.2237247 8.411135 0.2011616 0.2237224 8.411135 0.2011616 0.2237224 7.975033 0.05300877 0.223784 7.975036 0.05300877 0.223784 8.411138 0.05864078 0.2237817 8.411138 0.05864078 0.2237817 7.975036 -0.1234672 0.2238575 7.97504 -0.1234672 0.2238575 8.411142 -0.1178352 0.2238551 8.411142 -0.1178352 0.2238551 7.975039 -0.2842158 0.2239244 7.975043 -0.2842158 0.2239244 8.411145 -0.2785838 0.223922 8.411145 -0.2785838 0.223922 7.975043 -0.4629993 0.2239988 7.975047 -0.4629993 0.2239988 8.411149 2.712617 0.2399716 8.635084 2.712617 0.2399716 8.1764 2.593664 0.2399803 8.176405 2.593664 0.2399803 8.635089 2.605559 0.2399794 8.805246 2.605559 0.2399794 8.065433 2.421182 0.2399928 8.065441 2.421182 0.2399928 8.805254 -1.36376 -0.1873284 8.639585 -1.36376 -0.1873284 8.180902 -1.24479 -0.1873198 8.180907 -1.24479 -0.1873198 8.63959 -1.256687 -0.1873206 8.809747 -1.256687 -0.1873206 8.069935 -1.072283 -0.1873073 8.069943 -1.072283 -0.1873073 8.809755</float_array>
          <technique_common>
            <accessor source="#Plane_136-mesh-positions-array" count="624" stride="3">
              <param name="X" type="float"/>
              <param name="Y" type="float"/>
              <param name="Z" type="float"/>
            </accessor>
          </technique_common>
        </source>
        <source id="Plane_136-mesh-normals">
          <float_array id="Plane_136-mesh-normals-array" count="906">-0.001111567 0.9999994 6.18576e-6 -1.04904e-4 1 0 -7.28102e-4 0.9999998 -1.83354e-7 1.41422e-5 1 3.50642e-4 1.41455e-5 1 3.50642e-4 1.41061e-5 1 3.50641e-4 -2.10227e-4 1 0 -6.99368e-6 1 3.23896e-4 -7.19671e-6 1 3.23887e-4 -3.00721e-6 1 2.28101e-4 8.00452e-4 -0.9999997 0 1.45457e-6 -0.9999997 8.75394e-4 2.10227e-4 -1 0 1.45471e-6 -0.9999994 -0.001155912 -1.90253e-4 -1 -3.14632e-4 -1.28054e-4 -1 -3.99957e-4 2.30733e-4 -1 0 -3.03303e-4 -0.9999999 3.47546e-4 -4.17681e-5 -0.9999999 -4.74443e-4 2.67186e-5 -0.9999999 -4.79384e-4 4.572e-4 -1 0 2.92155e-4 -0.9999998 6.50527e-4 -3.09814e-4 -1 0 4.22418e-4 1 0 7.57986e-4 0.9999997 0 4.22418e-4 1 0 3.92715e-5 1 -2.28122e-4 4.33173e-5 1 -3.23913e-4 4.36112e-5 1 -3.239e-4 -8.81091e-4 0.9999997 -1.91565e-5 -6.89611e-4 0.9999998 0 -5.70881e-4 0.9999998 3.15812e-4 0 0.9999997 -8.29871e-4 4.26066e-5 0.9999999 -4.97015e-4 1.6184e-4 -1 -4.69838e-6 2.09618e-4 -1 -8.61562e-6 -3.09146e-5 -1 -6.25601e-6 3.48742e-5 -1 -1.92435e-4 -1.42941e-4 -1 -1.06148e-6 -3.34345e-4 -1 -1.26471e-5 -3.34338e-4 -1 -1.27486e-5 -5.87169e-5 -0.9999997 7.6619e-4 1.40128e-4 -1 -1.71731e-4 1.60188e-4 -1 -2.65486e-4 2.37648e-6 1 -4.18243e-5 -3.98401e-5 1 0 1.2254e-5 1 3.89015e-4 1.48502e-7 -1 0 4.0088e-4 1 0 -2.04172e-5 -0.9999998 -7.41005e-4 6.49941e-4 -0.9999995 -8.59986e-4 -1.38888e-4 -1 7.57308e-5 -1.42218e-4 -1 0 -2.04174e-5 -0.9999998 7.41037e-4 3.57074e-5 -1 2.6495e-4 3.57368e-5 -1 2.64954e-4 4.90936e-5 -1 0 4.90936e-5 -1 0 1.4497e-4 -1 0 -1 9.57792e-5 1.95905e-5 0.9731371 -0.2302268 0 1 -2.5847e-5 3.54732e-6 -1.07435e-4 1 0 1.22542e-5 1 -3.89037e-4 -3.984e-5 1 0 2.37649e-6 1 4.1822e-5 4.0088e-4 1 0 2.1451e-5 -0.9999998 6.99384e-4 7.20673e-4 -0.9999998 0 -6.21601e-4 -0.9999998 0 -5.64579e-4 -1 -1.53075e-4 2.14512e-5 -0.9999998 -6.99263e-4 -2.38537e-4 -1 0 7.2023e-4 -0.9999998 0 -2.38537e-4 -1 0 2.17404e-4 -1 0 -2.72822e-4 -1 0 -3.44977e-4 -1 3.27719e-4 -6.0839e-4 -0.9999998 0 1.82971e-4 1 0 -3.46409e-5 -1 0 -1.95006e-4 -0.9999999 4.51765e-4 -5.14024e-4 -0.9999999 0 4.14545e-5 -1 0 1.04798e-4 1 0 0 -1 0 2.1491e-4 -1 0 -4.56756e-4 0.9999999 0 3.87367e-4 -0.9999999 3.56332e-4 8.38977e-4 -0.9999997 0 8.38949e-4 -0.9999995 -5.7526e-4 -4.33616e-4 -1 0 -5.0656e-4 0.9999999 0 -2.71766e-5 1 0 -4.19338e-4 1 0 -5.22416e-4 0.9999998 4.6817e-4 -8.26619e-6 1 0 -1.34202e-5 1 0 0 0 1 2.68795e-5 -1 0 4.29876e-4 -1 0 2.64158e-4 -1 0 -2.15225e-4 -1 0 4.03663e-4 1 0 2.71973e-4 1 0 -4.3901e-4 -1 0 3.80209e-4 -1 0 0 0 -1 4.1584e-4 1 0 -2.04174e-5 -1 0 3.07643e-4 -1 0 -0.005235731 -0.9999864 0 5.07576e-4 1 0 -4.29877e-4 1 0 -1.13087e-4 1 0 5.5805e-4 0.9999998 0 4.38934e-4 1 0 -1 3.64069e-4 0 -2.68448e-4 1 0 2.37649e-6 1 0 -0.005072891 -0.9999871 0 -2.70281e-5 1 0 -1.80574e-5 1 0 7.25559e-5 1 0 2.08765e-5 -1 0 -2.73252e-5 1 0 5.87021e-4 -0.9999998 0 3.49156e-4 1 0 -3.49296e-5 -1 0 1.2255e-4 1 -4.83229e-5 -2.09521e-4 1 0 -2.68053e-5 1 0 -3.2259e-4 -1 0 0 -1 0 3.52966e-4 -1 0 -8.91005e-5 -1 0 7.24452e-5 -1 0 -2.54964e-5 -1 0 0 -1 0 -1.59354e-7 0 -1 1.08559e-4 -1 0 3.26164e-4 -1 0 2.17384e-4 1 0 1.0503e-4 1 0 1.04914e-4 1 0 1.81795e-5 1 0 -2.51902e-4 1 0 3.07944e-4 -1 0 -2.30965e-4 1 0 6.5139e-5 1 0 2.38686e-4 -1 0 -2.40698e-4 -1 0 -7.09067e-5 1 -6.90549e-5 -5.45291e-4 1 0 6.74315e-5 1 0 -2.6731e-5 1 0 3.86915e-4 -1 0 -1.88346e-4 -1 0 0 1 0 -4.71013e-4 1 0 -3.07859e-4 0.9999998 6.51004e-4 2.00124e-4 1 0 -1.4408e-4 -1 0 -2.5919e-5 -1 0 2.68053e-5 -1 0 -1.40868e-7 -1 0 -5.37606e-5 1 0 1.99267e-4 -1 0 2.17684e-4 1 0 -4.03441e-4 -1 0 6.71629e-4 -0.9999998 0 -3.14165e-4 -1 0 -1.88346e-4 -1 0 -2.68796e-5 1 0 -2.95225e-4 1 0 -2.41716e-4 1 0 5.25298e-4 1 0 4.29654e-4 -1 0 6.30109e-4 -0.9999997 4.35461e-4 2.70329e-4 1 0 -4.41841e-5 1 -1.16996e-4 -6.524e-5 1 0 -2.68795e-5 1 0 -8.00445e-4 -0.9999997 -2.44681e-4 4.72248e-4 -0.9999999 -1.77731e-4 5.06412e-4 -0.9999999 -1.60854e-7 -2.70124e-5 0.9999998 -6.71137e-4 -2.27408e-4 0.9999999 4.35495e-4 -2.7028e-5 0.9999998 6.71137e-4 0 0 1 9.55272e-5 -0.9999999 4.74443e-4 2.70405e-5 -0.9999999 4.79384e-4 3.57062e-4 -0.9999999 -3.47546e-4 4.57203e-4 -0.9999999 0 -1.37129e-4 -1 3.11762e-4 1.48502e-7 -1 0 -1 0 0 0.973137 -0.2302269 0 1 -9.12483e-6 0 -1.07434e-4 1 0 2.17405e-4 -1 0 -2.72822e-4 -1 0 -6.08391e-4 -0.9999999 0 1.8297e-4 1 0 -3.4641e-5 -1 0 -5.14025e-4 -0.9999999 0 4.14546e-5 -1 0 0 -1 0 2.1491e-4 -1 0 -4.56757e-4 0.9999999 0 8.80463e-4 -0.9999995 5.73762e-4 8.38976e-4 -0.9999997 0 -4.33615e-4 -1 0 -2.27529e-4 0.9999999 -4.35508e-4 -5.0656e-4 0.9999999 0 -2.71766e-5 1 0 -4.19337e-4 1 0 -4.19337e-4 0.9999999 -4.79384e-4 -4.19358e-4 0.9999999 4.79384e-4 -8.26619e-6 1 0 -1.34202e-5 1 0 0 0 1 2.68796e-5 -1 0 4.29877e-4 -1 0 -1.49098e-5 -1 -4.35525e-4 2.64158e-4 -1 0 -2.15226e-4 -1 0 4.03665e-4 1 0 -4.39011e-4 -1 0 0 0 -1 4.15841e-4 1 0 5.07576e-4 1 0 -4.29876e-4 1 0 3.33657e-4 0.9999998 -6.32513e-4 -1.13088e-4 1 0 5.58049e-4 0.9999999 0 4.38935e-4 1 0 -1 3.65081e-4 0 -2.68448e-4 1 0 -2.70281e-5 1 0 7.25558e-5 1 0 2.08765e-5 -1 0 -2.73251e-5 1 0 5.8702e-4 -0.9999998 0 3.49153e-4 1 0 -3.49296e-5 -1 0 9.24469e-5 1 1.4636e-4 1.26047e-4 1 0 -2.09521e-4 1 0 -2.68053e-5 1 0 3.52965e-4 -1 0 -8.91005e-5 -1 0 -2.54964e-5 -1 0 0 -1 0 1.08559e-4 -1 0 3.26164e-4 -1 0 2.17384e-4 1 0 1.0503e-4 1 0 1.04914e-4 1 0 1.81795e-5 1 0 3.07944e-4 -1 0 -2.30965e-4 1 0 6.51391e-5 1 0 -4.78944e-6 -1 -4.1732e-4 2.38685e-4 -1 0 -2.40698e-4 -1 0 -1.13903e-4 1 2.09076e-4 -6.59071e-5 1 0 6.74313e-5 1 0 -2.67311e-5 1 0 5.20203e-5 -0.9999999 -5.22636e-4 3.86914e-4 -1 0 -1.88346e-4 -1 0 -4.71013e-4 1 0 2.00124e-4 1 0 -1.44081e-4 -1 0 -2.59191e-5 -1 0 2.68054e-5 -1 0 -1.40868e-7 -1 0 -5.37606e-5 1 0 1.99267e-4 -1 0 2.17684e-4 1 0 6.71632e-4 -0.9999998 0 -3.14166e-4 -1 0 -1.88346e-4 -1 0 -2.68795e-5 1 0 -2.95226e-4 1 0 -2.41716e-4 1 0 -7.21099e-4 0.9999998 0 4.29655e-4 -1 0 4.29655e-4 -0.9999999 -4.79384e-4 4.29666e-4 -0.9999999 4.79384e-4 2.70328e-4 1 0 -4.66013e-5 1 1.10283e-4 -2.68795e-5 1 0 -7.74367e-4 -0.9999997 3.19915e-4 -9.31739e-4 -0.9999997 4.59545e-7 4.86735e-4 -0.9999999 1.35934e-4 2.53504e-4 0.9999999 -6.09694e-4 -2.70281e-5 0.9999999 -4.79384e-4 -2.70392e-5 0.9999999 4.79384e-4 -3.96685e-7 0 1</float_array>
          <technique_common>
            <accessor source="#Plane_136-mesh-normals-array" count="302" stride="3">
              <param name="X" type="float"/>
              <param name="Y" type="float"/>
              <param name="Z" type="float"/>
            </accessor>
          </technique_common>
        </source>
        <source id="Plane_136-mesh-map-0">
          <float_array id="Plane_136-mesh-map-0-array" count="1856">0.7389194 0.5683713 0.5673182 0.5582684 0.7533061 0.5582684 0.7700832 0.5583247 0.4116259 0.5678141 0.425138 0.5583253 0.7389194 0.5582684 0.5673182 0.5683713 0.5817049 0.5582684 0.7700842 0.5678135 0.4116259 0.5583247 0.7835962 0.5583247 0.7389194 0.5683713 0.5673182 0.5582684 0.5817049 0.5683712 0.4116259 0.5678141 0.7700832 0.5583247 0.425138 0.5583253 0.5673182 0.5683713 0.7389194 0.5582684 0.5817049 0.5582684 0.7835962 0.5583247 0.4251389 0.5678141 0.7700842 0.5678135 0.5553724 0.9788429 0.5654602 0.9648715 0.5553724 0.9648719 0.6766083 0.9788429 0.6893133 0.9614272 0.6766083 0.9614276 0.7410243 0.9788429 0.7529302 0.9614272 0.7529302 0.9788429 0.7389194 0.5683713 0.5817049 0.5683712 0.5673182 0.5582684 0.7700832 0.5583247 0.7835962 0.5678141 0.4116259 0.5678141 0.7389194 0.5582684 0.7533061 0.5683713 0.5673182 0.5683713 0.7700842 0.5678135 0.4251389 0.5678141 0.4116259 0.5583247 0.7389194 0.5683713 0.7533061 0.5582684 0.5673182 0.5582684 0.4116259 0.5678141 0.7835962 0.5678141 0.7700832 0.5583247 0.5673182 0.5683713 0.7533061 0.5683713 0.7389194 0.5582684 0.7835962 0.5583247 0.4116259 0.5583247 0.4251389 0.5678141 0.6630216 0.7048539 0.3273822 0.7159374 0.3369783 0.7048539 0.5284968 0.7159374 0.4589793 0.7049462 0.5410206 0.7049462 0.6630194 0.7159374 0.3273845 0.7048555 0.6726154 0.7048555 0.5550915 0.9788429 0.5660151 0.9614272 0.5550915 0.9614276 0.5284967 0.7049462 0.4589793 0.7159374 0.4715032 0.7049462 0.3369783 0.7048539 0.6726178 0.7159374 0.6630216 0.7048539 0.5284968 0.7159374 0.4589793 0.7049462 0.4715032 0.7159374 0.6726154 0.7048555 0.3369807 0.7159374 0.6630194 0.7159374 0.4589793 0.7159374 0.5284967 0.7049462 0.4715032 0.7049462 0.9020185 0.5881272 1.095261 0.523042 1.095261 0.5881277 0.4233745 0.7869778 0.4760954 0.809979 0.4760954 0.7869778 0.2973092 0.5881272 0.490552 0.523042 0.490552 0.5881277 0.7410243 0.9788429 0.7529302 0.9614272 0.7410243 0.9614276 0.6630216 0.7048539 0.6726178 0.7159374 0.3273822 0.7159374 0.5284968 0.7159374 0.4715032 0.7159374 0.4589793 0.7049462 0.6630194 0.7159374 0.3369807 0.7159374 0.3273845 0.7048555 0.5284967 0.7049462 0.5410206 0.7159374 0.4589793 0.7159374 0.3369783 0.7048539 0.3273822 0.7159374 0.6726178 0.7159374 0.5284968 0.7159374 0.5410206 0.7049462 0.4589793 0.7049462 0.6726154 0.7048555 0.3273845 0.7048555 0.3369807 0.7159374 0.4589793 0.7159374 0.5410206 0.7159374 0.5284967 0.7049462 0.9795184 0.9980637 0.9968914 0.9725833 0.9795184 0.9725841 0.5553724 0.9788429 0.5654602 0.9648715 0.5654602 0.9788429 0.6045441 0.9788429 0.612939 0.9648715 0.6045441 0.9648719 0.6041942 0.9788429 0.6129328 0.9614272 0.6129328 0.9788429 0.4948528 0.5892676 0.5634911 0.5012658 0.4948528 0.5012688 0.7413058 0.9788429 0.7529647 0.9648715 0.7529647 0.9788429 0.6041942 0.9788429 0.6129328 0.9614272 0.6041942 0.9614276 0.7410243 0.9788429 0.7529302 0.9614272 0.7410243 0.9614276 0.7172512 0.9788429 0.7299562 0.9614272 0.7299562 0.9788429 0.7168574 0.9788429 0.7301119 0.9648715 0.7168574 0.9648719 0.5030421 0.9788429 0.5164185 0.9614272 0.5164185 0.9788429 0.6626662 0.9788429 0.6753712 0.9614272 0.6753712 0.9788429 0.676391 0.9788429 0.6896455 0.9648715 0.676391 0.9648719 0.4948528 0.5892676 0.5634911 0.5012658 0.4948528 0.5012688 0.6241809 0.6430384 0.7347721 0.7231888 0.7347721 0.6430383 0.1443656 0.809979 0.4339081 0.7869778 0.4339081 0.809979 0.7172512 0.9788429 0.7299562 0.9614272 0.7299562 0.9788429 0.7410243 0.9788429 0.7529302 0.9614272 0.7529302 0.9788429 0.6356273 0.9788429 0.646551 0.9614272 0.646551 0.9788429 0.6356273 0.9788429 0.646551 0.9614272 0.646551 0.9788429 0.7413058 0.9788429 0.7529647 0.9648715 0.7413058 0.9648719 0.591276 0.9788429 0.603381 0.9614272 0.603381 0.9788429 0.5768061 0.9788429 0.5901988 0.9614272 0.5901988 0.9788429 0.4361913 0.809979 0.7257336 0.7869778 0.4361913 0.7869778 0.7792122 0.9788429 0.7969384 0.9614272 0.7969384 0.9788429 0.2284173 0.913488 0.7715826 0.986239 0.7715826 0.913488 0.7413058 0.9788429 0.7529647 0.9648715 0.7413058 0.9648719 0.525026 0.2773862 -0.1663088 0.1921026 -0.1663088 0.2773862 0.5553724 0.9788429 0.5654602 0.9648715 0.5553724 0.9648719 0.7172512 0.9788429 0.7299562 0.9614272 0.7172512 0.9614276 0.6041942 0.9788429 0.6129328 0.9614272 0.6129328 0.9788429 0.591276 0.9788429 0.603381 0.9614272 0.603381 0.9788429 0.4760954 0.7869778 0.4233745 0.809979 0.4233745 0.7869778 0.7410243 0.9788429 0.7529302 0.9614272 0.7410243 0.9614276 0.7715826 0.986239 0.2284173 0.913488 0.7715826 0.913488 -0.1663088 0.1921026 0.525026 0.2773862 0.525026 0.1921026 0.6766083 0.9788429 0.6893133 0.9614272 0.6766083 0.9614276 0.8239375 0.9596641 0.8513167 0.925835 0.8513167 0.9596641 0.8460618 0.9999493 0.8769054 0.9547121 0.8769054 0.9999493 0.7168574 0.9788429 0.7301119 0.9648715 0.7301119 0.9788429 0.6766083 0.9788429 0.6893133 0.9614272 0.6766083 0.9614276 0.7168574 0.9788429 0.7301119 0.9648715 0.7301119 0.9788429 0.6626662 0.9788429 0.6753712 0.9614272 0.6626662 0.9614276 0.6041942 0.9788429 0.6129328 0.9614272 0.6129328 0.9788429 0.7295041 0.9788429 0.7412489 0.9648715 0.7412489 0.9788429 0.6766083 0.9788429 0.6893133 0.9614272 0.6766083 0.9614276 0.6626662 0.9788429 0.6753712 0.9614272 0.6753712 0.9788429 0.6626662 0.9788429 0.6753712 0.9614272 0.6626662 0.9614276 0.6041942 0.9788429 0.6129328 0.9614272 0.6041942 0.9614276 0.5768061 0.9788429 0.5901988 0.9614272 0.5768061 0.9614276 0.5017815 0.7573226 0.5537731 0.7038595 0.5537731 0.7573226 0.8460618 0.9999493 0.8769054 0.9547121 0.8769054 0.9999493 0.5030421 0.9788429 0.5164185 0.9614272 0.5030421 0.9614276 0.5550915 0.9788429 0.5660151 0.9614272 0.5550915 0.9614276 0.2973092 0.5881272 -0.1141571 0.5230417 0.2973092 0.5230423 0.9598444 0.9659305 0.9772175 0.939589 0.9598444 0.9401065 0.5553724 0.9788429 0.5654602 0.9648715 0.5553724 0.9648719 0.7295041 0.9788429 0.7412489 0.9648715 0.7295041 0.9648719 0.676391 0.9788429 0.6896455 0.9648715 0.6896455 0.9788429 0.7295041 0.9788429 0.7412489 0.9648715 0.7295041 0.9648719 0.9598444 0.9659305 0.9772175 0.939589 0.9598444 0.9401065 0.6045441 0.9788429 0.612939 0.9648715 0.612939 0.9788429 0.7168574 0.9788429 0.7301119 0.9648715 0.7168574 0.9648719 0.7413058 0.9788429 0.7529647 0.9648715 0.7413058 0.9648719 0.5017815 0.7573226 0.5537731 0.7038595 0.5537731 0.7573226 0.7792122 0.9788429 0.7969384 0.9614272 0.7969384 0.9788429 0.7168574 0.9788429 0.7301119 0.9648715 0.7301119 0.9788429 0.6461927 0.9788429 0.6617734 0.9614272 0.6461927 0.9614276 0.6626662 0.9788429 0.6753712 0.9614272 0.6626662 0.9614276 0.5550915 0.9788429 0.5660151 0.9614272 0.5660151 0.9788429 0.6241809 0.6430384 0.7347721 0.7231888 0.6241809 0.7231888 0.7295041 0.9788429 0.7412489 0.9648715 0.7412489 0.9788429 0.8239375 0.9596641 0.8513167 0.925835 0.8513167 0.9596641 0.5030421 0.9788429 0.5164185 0.9614272 0.5164185 0.9788429 0.5550915 0.9788429 0.5660151 0.9614272 0.5660151 0.9788429 0.5030421 0.9788429 0.5164185 0.9614272 0.5030421 0.9614276 0.5550915 0.9788429 0.5660151 0.9614272 0.5550915 0.9614276 0.9795184 0.9980637 0.9968914 0.9725833 0.9968914 0.9980637 0.7168574 0.9788429 0.7301119 0.9648715 0.7168574 0.9648719 0.6356273 0.9788429 0.646551 0.9614272 0.6356273 0.9614276 0.7172512 0.9788429 0.7299562 0.9614272 0.7172512 0.9614276 0.6041942 0.9788429 0.6129328 0.9614272 0.6129328 0.9788429 0.5550915 0.9788429 0.5660151 0.9614272 0.5660151 0.9788429 0.7410243 0.9788429 0.7529302 0.9614272 0.7529302 0.9788429 0.7410243 0.9788429 0.7529302 0.9614272 0.7529302 0.9788429 0.7410243 0.9788429 0.7529302 0.9614272 0.7529302 0.9788429 0.5550915 0.9788429 0.5660151 0.9614272 0.5550915 0.9614276 0.6461927 0.9788429 0.6617734 0.9614272 0.6617734 0.9788429 0.5550915 0.9788429 0.5660151 0.9614272 0.5660151 0.9788429 0.6356273 0.9788429 0.646551 0.9614272 0.646551 0.9788429 0.6626662 0.9788429 0.6753712 0.9614272 0.6626662 0.9614276 0.9020185 0.5881272 0.490552 0.523042 0.9020185 0.5230417 0.5553724 0.9788429 0.5654602 0.9788429 0.5654602 0.9648715 0.6766083 0.9788429 0.6893133 0.9788429 0.6893133 0.9614272 0.7410243 0.9788429 0.7410243 0.9614276 0.7529302 0.9614272 0.5550915 0.9788429 0.5660151 0.9788429 0.5660151 0.9614272 0.9020185 0.5881272 0.9020185 0.5230417 1.095261 0.523042 0.4233745 0.7869778 0.4233745 0.809979 0.4760954 0.809979 0.2973092 0.5881272 0.2973092 0.5230423 0.490552 0.523042 0.7410243 0.9788429 0.7529302 0.9788429 0.7529302 0.9614272 0.9795184 0.9980637 0.9968914 0.9980637 0.9968914 0.9725833 0.5553724 0.9788429 0.5553724 0.9648719 0.5654602 0.9648715 0.6045441 0.9788429 0.612939 0.9788429 0.612939 0.9648715 0.6041942 0.9788429 0.6041942 0.9614276 0.6129328 0.9614272 0.4948528 0.5892676 0.5634911 0.5892676 0.5634911 0.5012658 0.7413058 0.9788429 0.7413058 0.9648719 0.7529647 0.9648715 0.6041942 0.9788429 0.6129328 0.9788429 0.6129328 0.9614272 0.7410243 0.9788429 0.7529302 0.9788429 0.7529302 0.9614272 0.7172512 0.9788429 0.7172512 0.9614276 0.7299562 0.9614272 0.7168574 0.9788429 0.7301119 0.9788429 0.7301119 0.9648715 0.5030421 0.9788429 0.5030421 0.9614276 0.5164185 0.9614272 0.6626662 0.9788429 0.6626662 0.9614276 0.6753712 0.9614272 0.676391 0.9788429 0.6896455 0.9788429 0.6896455 0.9648715 0.4948528 0.5892676 0.5634911 0.5892676 0.5634911 0.5012658 0.6241809 0.6430384 0.6241809 0.7231888 0.7347721 0.7231888 0.1443656 0.809979 0.1443656 0.7869778 0.4339081 0.7869778 0.7172512 0.9788429 0.7172512 0.9614276 0.7299562 0.9614272 0.7410243 0.9788429 0.7410243 0.9614276 0.7529302 0.9614272 0.6356273 0.9788429 0.6356273 0.9614276 0.646551 0.9614272 0.6356273 0.9788429 0.6356273 0.9614276 0.646551 0.9614272 0.7413058 0.9788429 0.7529647 0.9788429 0.7529647 0.9648715 0.591276 0.9788429 0.591276 0.9614276 0.603381 0.9614272 0.5768061 0.9788429 0.5768061 0.9614276 0.5901988 0.9614272 0.4361913 0.809979 0.7257336 0.809979 0.7257336 0.7869778 0.7792122 0.9788429 0.7792122 0.9614276 0.7969384 0.9614272 0.2284173 0.913488 0.2284175 0.9862392 0.7715826 0.986239 0.7413058 0.9788429 0.7529647 0.9788429 0.7529647 0.9648715 0.525026 0.2773862 0.525026 0.1921026 -0.1663088 0.1921026 0.5553724 0.9788429 0.5654602 0.9788429 0.5654602 0.9648715 0.7172512 0.9788429 0.7299562 0.9788429 0.7299562 0.9614272 0.6041942 0.9788429 0.6041942 0.9614276 0.6129328 0.9614272 0.591276 0.9788429 0.591276 0.9614276 0.603381 0.9614272 0.4760954 0.7869778 0.4760954 0.809979 0.4233745 0.809979 0.7410243 0.9788429 0.7529302 0.9788429 0.7529302 0.9614272 0.7715826 0.986239 0.2284175 0.9862392 0.2284173 0.913488 -0.1663088 0.1921026 -0.1663088 0.2773863 0.525026 0.2773862 0.6766083 0.9788429 0.6893133 0.9788429 0.6893133 0.9614272 0.8239375 0.9596641 0.8239375 0.9258359 0.8513167 0.925835 0.8460618 0.9999493 0.8460618 0.9547137 0.8769054 0.9547121 0.7168574 0.9788429 0.7168574 0.9648719 0.7301119 0.9648715 0.6766083 0.9788429 0.6893133 0.9788429 0.6893133 0.9614272 0.7168574 0.9788429 0.7168574 0.9648719 0.7301119 0.9648715 0.6626662 0.9788429 0.6753712 0.9788429 0.6753712 0.9614272 0.6041942 0.9788429 0.6041942 0.9614276 0.6129328 0.9614272 0.7295041 0.9788429 0.7295041 0.9648719 0.7412489 0.9648715 0.6766083 0.9788429 0.6893133 0.9788429 0.6893133 0.9614272 0.6626662 0.9788429 0.6626662 0.9614276 0.6753712 0.9614272 0.6626662 0.9788429 0.6753712 0.9788429 0.6753712 0.9614272 0.6041942 0.9788429 0.6129328 0.9788429 0.6129328 0.9614272 0.5768061 0.9788429 0.5901988 0.9788429 0.5901988 0.9614272 0.5017815 0.7573226 0.5017815 0.7038612 0.5537731 0.7038595 0.8460618 0.9999493 0.8460618 0.9547137 0.8769054 0.9547121 0.5030421 0.9788429 0.5164185 0.9788429 0.5164185 0.9614272 0.5550915 0.9788429 0.5660151 0.9788429 0.5660151 0.9614272 0.2973092 0.5881272 -0.1141571 0.5881277 -0.1141571 0.5230417 0.9598444 0.9659305 0.9772175 0.9659305 0.9772175 0.939589 0.5553724 0.9788429 0.5654602 0.9788429 0.5654602 0.9648715 0.7295041 0.9788429 0.7412489 0.9788429 0.7412489 0.9648715 0.676391 0.9788429 0.676391 0.9648719 0.6896455 0.9648715 0.7295041 0.9788429 0.7412489 0.9788429 0.7412489 0.9648715 0.9598444 0.9659305 0.9772175 0.9659305 0.9772175 0.939589 0.6045441 0.9788429 0.6045441 0.9648719 0.612939 0.9648715 0.7168574 0.9788429 0.7301119 0.9788429 0.7301119 0.9648715 0.7413058 0.9788429 0.7529647 0.9788429 0.7529647 0.9648715 0.5017815 0.7573226 0.5017815 0.7038612 0.5537731 0.7038595 0.7792122 0.9788429 0.7792122 0.9614276 0.7969384 0.9614272 0.7168574 0.9788429 0.7168574 0.9648719 0.7301119 0.9648715 0.6461927 0.9788429 0.6617734 0.9788429 0.6617734 0.9614272 0.6626662 0.9788429 0.6753712 0.9788429 0.6753712 0.9614272 0.5550915 0.9788429 0.5550915 0.9614276 0.5660151 0.9614272 0.6241809 0.6430384 0.7347721 0.6430383 0.7347721 0.7231888 0.7295041 0.9788429 0.7295041 0.9648719 0.7412489 0.9648715 0.8239375 0.9596641 0.8239375 0.9258359 0.8513167 0.925835 0.5030421 0.9788429 0.5030421 0.9614276 0.5164185 0.9614272 0.5550915 0.9788429 0.5550915 0.9614276 0.5660151 0.9614272 0.5030421 0.9788429 0.5164185 0.9788429 0.5164185 0.9614272 0.5550915 0.9788429 0.5660151 0.9788429 0.5660151 0.9614272 0.9795184 0.9980637 0.9795184 0.9725841 0.9968914 0.9725833 0.7168574 0.9788429 0.7301119 0.9788429 0.7301119 0.9648715 0.6356273 0.9788429 0.646551 0.9788429 0.646551 0.9614272 0.7172512 0.9788429 0.7299562 0.9788429 0.7299562 0.9614272 0.6041942 0.9788429 0.6041942 0.9614276 0.6129328 0.9614272 0.5550915 0.9788429 0.5550915 0.9614276 0.5660151 0.9614272 0.7410243 0.9788429 0.7410243 0.9614276 0.7529302 0.9614272 0.7410243 0.9788429 0.7410243 0.9614276 0.7529302 0.9614272 0.7410243 0.9788429 0.7410243 0.9614276 0.7529302 0.9614272 0.5550915 0.9788429 0.5660151 0.9788429 0.5660151 0.9614272 0.6461927 0.9788429 0.6461927 0.9614276 0.6617734 0.9614272 0.5550915 0.9788429 0.5550915 0.9614276 0.5660151 0.9614272 0.6356273 0.9788429 0.6356273 0.9614276 0.646551 0.9614272 0.6626662 0.9788429 0.6753712 0.9788429 0.6753712 0.9614272 0.9020185 0.5881272 0.490552 0.5881277 0.490552 0.523042 0.7173756 0.9788429 0.7173756 0.9614272 0.7299805 0.9614272 0.7299805 0.9788429 0.67636 0.9788429 0.67636 0.9614272 0.689209 0.9614272 0.689209 0.9788429 0.5420827 0.9788429 0.5420827 0.9614272 0.554688 0.9614272 0.554688 0.9788429 0.6045827 0.9788429 0.6045827 0.9614272 0.612793 0.9614272 0.612793 0.9788429 0.7963867 0.949707 0.7963867 0.9443359 0.8022461 0.9443359 0.8022461 0.949707 0.8228444 0.9788429 0.8228444 0.9614272 0.8344732 0.9614272 0.8344732 0.9788429 0.6045827 0.9788429 0.6045827 0.9614272 0.612793 0.9614272 0.612793 0.9788429 0.67636 0.9788429 0.67636 0.9614272 0.689209 0.9614272 0.689209 0.9788429 0.5420827 0.9788429 0.5420827 0.9614272 0.554688 0.9614272 0.554688 0.9788429 0.5557545 0.9788429 0.5557545 0.9614272 0.5659185 0.9614272 0.5659185 0.9788429 0.689209 0.9788429 0.689209 0.9614272 0.7023926 0.9614272 0.7023926 0.9788429 0.6626881 0.9788429 0.6626881 0.9614272 0.6752935 0.9614272 0.6752935 0.9788429 0.5557545 0.9788429 0.5557545 0.9614272 0.5659185 0.9614272 0.5659185 0.9788429 0.7535084 0.9788429 0.7535084 0.9614272 0.7653809 0.9614272 0.7653809 0.9788429 0.7300709 0.9788429 0.7300709 0.9614272 0.7409668 0.9614272 0.7409668 0.9788429 0.8239375 0.9596641 0.8239375 0.925835 0.8513167 0.925835 0.8513167 0.9596641 0.7173756 0.9788429 0.7173756 0.9614272 0.7299805 0.9614272 0.7299805 0.9788429 0.67636 0.9788429 0.67636 0.9614272 0.689209 0.9614272 0.689209 0.9788429 0.5420827 0.9788429 0.5420827 0.9614272 0.554688 0.9614272 0.554688 0.9788429 0.6045827 0.9788429 0.6045827 0.9614272 0.612793 0.9614272 0.612793 0.9788429 0.7963867 0.949707 0.7963867 0.9443359 0.8022461 0.9443359 0.8022461 0.949707 0.8228444 0.9788429 0.8228444 0.9614272 0.8344732 0.9614272 0.8344732 0.9788429 0.6045827 0.9788429 0.6045827 0.9614272 0.612793 0.9614272 0.612793 0.9788429 0.67636 0.9788429 0.67636 0.9614272 0.689209 0.9614272 0.689209 0.9788429 0.5420827 0.9788429 0.5420827 0.9614272 0.554688 0.9614272 0.554688 0.9788429 0.5557545 0.9788429 0.5557545 0.9614272 0.5659185 0.9614272 0.5659185 0.9788429 0.689209 0.9788429 0.689209 0.9614272 0.7023926 0.9614272 0.7023926 0.9788429 0.6626881 0.9788429 0.6626881 0.9614272 0.6752935 0.9614272 0.6752935 0.9788429 0.5557545 0.9788429 0.5557545 0.9614272 0.5659185 0.9614272 0.5659185 0.9788429 0.7535084 0.9788429 0.7535084 0.9614272 0.7653809 0.9614272 0.7653809 0.9788429 0.7300709 0.9788429 0.7300709 0.9614272 0.7409668 0.9614272 0.7409668 0.9788429 0.8239375 0.9596641 0.8239375 0.925835 0.8513167 0.925835 0.8513167 0.9596641 0.5026095 0.9788429 0.5026095 0.9614272 0.5168457 0.9614272 0.5168457 0.9788429 0.6359863 0.9788429 0.6359863 0.9614272 0.6464844 0.9614272 0.6464844 0.9788429 0.604172 0.9788429 0.604172 0.9614272 0.612793 0.9614272 0.612793 0.9788429 0.6622775 0.9788429 0.6622775 0.9614272 0.6753712 0.9614272 0.6753712 0.9788429 0.5909884 0.9788429 0.5909884 0.9614272 0.6035939 0.9614272 0.6035939 0.9788429 0.5026095 0.9788429 0.5026095 0.9614272 0.5168457 0.9614272 0.5168457 0.9788429 0.6466525 0.9788429 0.6466525 0.9614272 0.661211 0.9614272 0.661211 0.9788429 0.5553439 0.9788429 0.5553439 0.9614272 0.5659962 0.9614272 0.5659962 0.9788429 0.6622775 0.9788429 0.6622775 0.9614272 0.6753712 0.9614272 0.6753712 0.9788429 0.7409668 0.9788429 0.7409668 0.9614272 0.7529297 0.9614272 0.7529297 0.9788429 0.6759494 0.9788429 0.6759494 0.9614272 0.689209 0.9614272 0.689209 0.9788429 0.5026095 0.9788429 0.5026095 0.9614272 0.5168457 0.9614272 0.5168457 0.9788429 0.6359863 0.9788429 0.6359863 0.9614272 0.6464844 0.9614272 0.6464844 0.9788429 0.604172 0.9788429 0.604172 0.9614272 0.612793 0.9614272 0.612793 0.9788429 0.6622775 0.9788429 0.6622775 0.9614272 0.6753712 0.9614272 0.6753712 0.9788429 0.5909884 0.9788429 0.5909884 0.9614272 0.6035939 0.9614272 0.6035939 0.9788429 0.5026095 0.9788429 0.5026095 0.9614272 0.5168457 0.9614272 0.5168457 0.9788429 0.6466525 0.9788429 0.6466525 0.9614272 0.661211 0.9614272 0.661211 0.9788429 0.5553439 0.9788429 0.5553439 0.9614272 0.5659962 0.9614272 0.5659962 0.9788429 0.6622775 0.9788429 0.6622775 0.9614272 0.6753712 0.9614272 0.6753712 0.9788429 0.7409668 0.9788429 0.7409668 0.9614272 0.7529297 0.9614272 0.7529297 0.9788429 0.6759494 0.9788429 0.6759494 0.9614272 0.689209 0.9614272 0.689209 0.9788429 0.7172852 0.9785156 0.7172852 0.9648438 0.7299805 0.9648438 0.7299805 0.9785156 0.8457031 1 0.8457031 0.9550781 0.8764648 0.9550781 0.8764648 1 0.7172852 0.9785156 0.7172852 0.9648438 0.7299805 0.9648438 0.7299805 0.9785156 0.8457031 1 0.8457031 0.9550781 0.8764648 0.9550781 0.8764648 1</float_array>
          <technique_common>
            <accessor source="#Plane_136-mesh-map-0-array" count="928" stride="2">
              <param name="S" type="float"/>
              <param name="T" type="float"/>
            </accessor>
          </technique_common>
        </source>
        <source id="Plane_136-mesh-colors-Col" name="Col">
          <float_array id="Plane_136-mesh-colors-Col-array" count="2784">0.9490196 0.9490196 0.9490196 1 1 1 1 1 0.9490196 0.9490196 0.9490196 1 1 1 1 1 1 1 1 1 1 1 1 1 0.9843137 0.9843137 0.9843137 1 1 1 1 1 1 1 1 1 0.9843137 0.9843137 0.9843137 1 0.9490196 0.9490196 0.9490196 1 0.9803922 0.9803922 0.9803922 1 1 1 1 1 1 1 1 1 1 1 1 1 1 1 1 1 1 1 1 1 1 1 1 1 1 1 1 1 1 1 1 1 1 1 1 1 1 1 1 1 1 1 1 1 1 1 1 1 0.9215686 0.09019607 0.09411764 1 0.9294118 0 0.007843136 1 0.9294118 0 0.007843136 1 0.9294118 0 0.007843136 1 0.9294118 0 0.007843136 1 0.9294118 0 0.007843136 1 0.8941177 0.3019608 0.3058823 1 0.8980392 0.2666667 0.2705882 1 0.8941177 0.3058823 0.3098039 1 0.9490196 0.9490196 0.9490196 1 1 1 1 1 1 1 1 1 1 1 1 1 1 1 1 1 1 1 1 1 0.9843137 0.9843137 0.9843137 1 0.9803922 0.9803922 0.9803922 1 1 1 1 1 0.9843137 0.9843137 0.9843137 1 0.9490196 0.9490196 0.9490196 1 0.9490196 0.9490196 0.9490196 1 1 1 1 1 1 1 1 1 1 1 1 1 1 1 1 1 1 1 1 1 1 1 1 1 1 1 1 1 1 1 1 1 1 1 1 1 1 1 1 1 1 1 1 1 1 1 1 1 0.9843137 0.9843137 0.9843137 1 0.9490196 0.9490196 0.9490196 1 0.9450981 0.9450981 0.9450981 1 1 1 1 1 1 1 1 1 1 1 1 1 0.9490196 0.9490196 0.9490196 1 0.9294118 0.9294118 0.9294118 1 0.9490196 0.9490196 0.9490196 1 0.9294118 0 0.007843136 1 0.9294118 0 0.007843136 1 0.9294118 0 0.007843136 1 0.9490196 0.9490196 0.9490196 1 0.9882353 0.9882353 0.9882353 1 0.9843137 0.9843137 0.9843137 1 1 1 1 1 1 1 1 1 1 1 1 1 1 1 1 1 1 1 1 1 1 1 1 1 1 1 1 1 1 1 1 1 1 1 1 1 1 1 1 1 1 1 1 1 1 1 1 1 1 1 1 1 1 1 1 1 1 1 1 1 0.9882353 0.9882353 0.9882353 1 0.9490196 0.9490196 0.9490196 1 0.9529412 0.9529412 0.9529412 1 1 1 1 1 0.9803922 0.9803922 0.9803922 1 0.9803922 0.9803922 0.9803922 1 0.8941177 0.2823529 0.2862745 1 0.9058824 0.2352941 0.2392157 1 0.9058824 0.2235294 0.2313725 1 0.9843137 0.9843137 0.9843137 1 0.9882353 0.9882353 0.9882353 1 0.9490196 0.9490196 0.9490196 1 1 1 1 1 1 1 1 1 1 1 1 1 0.9490196 0.9490196 0.9490196 1 0.9294118 0.9294118 0.9294118 1 0.9294118 0.9294118 0.9294118 1 0.9490196 0.9490196 0.9490196 1 0.9490196 0.9490196 0.9490196 1 0.9882353 0.9882353 0.9882353 1 1 1 1 1 1 1 1 1 1 1 1 1 1 1 1 1 1 1 1 1 1 1 1 1 1 1 1 1 1 1 1 1 1 1 1 1 1 1 1 1 1 1 1 1 1 1 1 1 0.2431373 0.2431373 0.2431373 1 0.1294118 0.1294118 0.1294118 1 0.1176471 0.1176471 0.1176471 1 0.9294118 0 0.007843136 1 0.9294118 0 0.007843136 1 0.9294118 0 0.007843136 1 0.9294118 0 0.007843136 1 0.9294118 0 0.007843136 1 0.9294118 0 0.007843136 1 0.9294118 0 0.007843136 1 0.9294118 0 0.007843136 1 0.9294118 0 0.007843136 1 0.9764706 0.9764706 0.9764706 1 1 1 1 1 1 1 1 1 0.9294118 0.05882352 0.06666666 1 0.9294118 0 0.007843136 1 0.9294118 0.06666666 0.07450979 1 0.9294118 0 0.007843136 1 0.9294118 0 0.007843136 1 0.9294118 0 0.007843136 1 0.8941177 0.3098039 0.3098039 1 0.8941177 0.2901961 0.2901961 1 0.8980392 0.2784314 0.2823529 1 0.8941177 0.2941176 0.3019608 1 0.9058824 0.2392157 0.2470588 1 0.8941177 0.2862745 0.2941176 1 0.9215686 0.07450979 0.08235293 1 0.9294118 0 0.007843136 1 0.9294118 0 0.007843136 1 0.8980392 0.2627451 0.2705882 1 0.9058824 0.2039216 0.2117647 1 0.8980392 0.2666667 0.2745098 1 0.8941177 0.317647 0.3254902 1 0.8941177 0.2980392 0.3019608 1 0.8941177 0.317647 0.3254902 1 0.9294118 0 0.007843136 1 0.9294118 0 0.007843136 1 0.9294118 0 0.007843136 1 1 1 1 1 1 1 1 1 1 1 1 1 1 1 1 1 1 1 1 1 1 1 1 1 0.9294118 0.9294118 0.9294118 1 0.9529412 0.9529412 0.9529412 1 0.9490196 0.9490196 0.9490196 1 0.8941177 0.2941176 0.3019608 1 0.9058824 0.2392157 0.2470588 1 0.8941177 0.2862745 0.2941176 1 0.8941177 0.3098039 0.3098039 1 0.8941177 0.2901961 0.2901961 1 0.8941177 0.3137255 0.317647 1 0.9294118 0.007843136 0.01568627 1 0.9294118 0.003921568 0.0117647 1 0.9294118 0.003921568 0.0117647 1 0.9294118 0.007843136 0.01568627 1 0.9294118 0.003921568 0.0117647 1 0.9294118 0.003921568 0.0117647 1 0.9294118 0 0.007843136 1 0.9294118 0 0.007843136 1 0.9294118 0 0.007843136 1 0.9294118 0.01568627 0.02352941 1 0.9294118 0.007843136 0.01568627 1 0.9294118 0.0117647 0.01960784 1 0.9294118 0 0.007843136 1 0.9294118 0 0.007843136 1 0.9294118 0 0.007843136 1 1 1 1 1 1 1 1 1 1 1 1 1 0.9058824 0.2235294 0.2313725 1 0.9137255 0.1568627 0.1647059 1 0.9058824 0.2313725 0.2352941 1 1 0.9294118 0.7529412 1 1 0.9294118 0.7529412 1 1 0.9294118 0.7529412 1 0.9294118 0 0.007843136 1 0.9294118 0 0.007843136 1 0.9294118 0 0.007843136 1 0.6 0.4352941 0.3607843 1 0.6 0.4352941 0.3607843 1 0.6 0.4352941 0.3607843 1 0.9294118 0 0.007843136 1 0.9294118 0 0.007843136 1 0.9294118 0 0.007843136 1 0.8941177 0.3019608 0.3098039 1 0.8980392 0.2705882 0.2745098 1 0.8980392 0.2627451 0.2666667 1 0.9294118 0.01568627 0.02352941 1 0.9294118 0.01568627 0.02352941 1 0.9294118 0.0117647 0.01960784 1 0.9294118 0.01568627 0.02352941 1 0.9294118 0.007843136 0.01568627 1 0.9294118 0.0117647 0.01960784 1 1 1 1 1 1 1 1 1 1 1 1 1 0.9294118 0 0.007843136 1 0.9294118 0 0.007843136 1 0.9294118 0 0.007843136 1 0.9843137 0.9294118 0.7529412 1 0.9294118 0.8901961 0.7843137 1 0.9490196 0.9058824 0.7686275 1 0.6 0.4352941 0.3607843 1 0.6 0.4352941 0.3607843 1 0.6 0.4352941 0.3607843 1 0.8941177 0.2980392 0.3058823 1 0.8980392 0.2666667 0.2745098 1 0.8980392 0.2705882 0.2745098 1 0.9294118 0 0.007843136 1 0.9294118 0 0.007843136 1 0.9294118 0 0.007843136 1 0.2235294 0.2235294 0.2235294 1 0.1176471 0.1176471 0.1176471 1 0.2431373 0.2431373 0.2431373 1 0.9294118 0 0.007843136 1 0.9294118 0 0.007843136 1 0.9294118 0 0.007843136 1 0.9294118 0 0.007843136 1 0.9294118 0 0.007843136 1 0.9294118 0 0.007843136 1 0.9294118 0 0.007843136 1 0.9294118 0 0.007843136 1 0.9294118 0 0.007843136 1 0.8941177 0.2980392 0.3019608 1 0.8980392 0.2666667 0.2705882 1 0.8980392 0.2588235 0.2666667 1 0.9294118 0.01568627 0.02352941 1 0.9294118 0.01568627 0.02352941 1 0.9294118 0.0117647 0.01960784 1 0.9176471 0.1019608 0.1058824 1 0.9294118 0.007843136 0.01568627 1 0.9137255 0.1137255 0.1215686 1 0.8941177 0.2980392 0.3058823 1 0.8980392 0.2666667 0.2745098 1 0.8980392 0.2705882 0.2745098 1 0.8941177 0.2862745 0.2901961 1 0.9019608 0.2392157 0.2470588 1 0.8941177 0.2901961 0.2901961 1 0.8941177 0.2980392 0.3019608 1 0.8980392 0.2666667 0.2705882 1 0.8980392 0.2588235 0.2666667 1 0.8941177 0.3137255 0.317647 1 0.8941177 0.2901961 0.2901961 1 0.8941177 0.2901961 0.2901961 1 0.9294118 0 0.007843136 1 0.9294118 0 0.007843136 1 0.9294118 0 0.007843136 1 0.9490196 0.2509804 0.2666667 1 0.9764706 0.1215686 0.1333333 1 0.9411765 0.3019608 0.317647 1 0.2235294 0.2235294 0.2235294 1 0.1176471 0.1176471 0.1176471 1 0.2431373 0.2431373 0.2431373 1 0.9294118 0 0.007843136 1 0.9294118 0 0.007843136 1 0.9294118 0 0.007843136 1 0.9058824 0.2431373 0.2470588 1 0.9098039 0.1843137 0.1921569 1 0.9137255 0.1647059 0.172549 1 1 1 1 1 1 1 1 1 1 1 1 1 0.254902 0.254902 0.254902 1 0.1372549 0.1372549 0.1372549 1 0.1294118 0.1294118 0.1294118 1 0.9294118 0 0.007843136 1 0.9294118 0 0.007843136 1 0.9294118 0 0.007843136 1 0.9294118 0 0.007843136 1 0.9294118 0 0.007843136 1 0.9294118 0 0.007843136 1 0.9294118 0.06666666 0.07450979 1 0.9294118 0 0.007843136 1 0.9215686 0.07450979 0.08235293 1 0.9294118 0 0.007843136 1 0.9294118 0 0.007843136 1 0.9294118 0 0.007843136 1 0.254902 0.254902 0.254902 1 0.1372549 0.1372549 0.1372549 1 0.1294118 0.1294118 0.1294118 1 0.9294118 0 0.007843136 1 0.9294118 0 0.007843136 1 0.9294118 0 0.007843136 1 0.9294118 0 0.007843136 1 0.9294118 0 0.007843136 1 0.9294118 0 0.007843136 1 0.9294118 0 0.007843136 1 0.9294118 0 0.007843136 1 0.9294118 0 0.007843136 1 0.9490196 0.2509804 0.2666667 1 0.9764706 0.1215686 0.1333333 1 0.9411765 0.3019608 0.317647 1 0.9058824 0.2235294 0.2313725 1 0.9137255 0.1568627 0.1647059 1 0.9058824 0.2313725 0.2352941 1 0.9215686 0.0862745 0.09019607 1 0.9294118 0 0.007843136 1 0.9215686 0.09019607 0.0980392 1 0.8941177 0.2901961 0.2901961 1 0.8980392 0.2509804 0.254902 1 0.9019608 0.2392157 0.2470588 1 0.8941177 0.317647 0.3254902 1 0.8941177 0.2980392 0.3019608 1 0.8941177 0.2901961 0.2941176 1 0.9294118 0 0.007843136 1 0.9294118 0 0.007843136 1 0.9294118 0 0.007843136 1 1 1 1 1 0.9490196 0.9490196 0.9490196 1 0.9843137 0.9843137 0.9843137 1 0.9294118 0 0.007843136 1 0.9294118 0 0.007843136 1 0.9294118 0 0.007843136 1 0.9294118 0 0.007843136 1 0.9294118 0 0.007843136 1 0.9294118 0 0.007843136 1 0.9294118 0 0.007843136 1 0.9294118 0 0.007843136 1 0.9294118 0 0.007843136 1 0.8941177 0.2862745 0.2941176 1 0.9058824 0.2470588 0.254902 1 0.8941177 0.2941176 0.2980392 1 0.8980392 0.2627451 0.2705882 1 0.9058824 0.2039216 0.2117647 1 0.9098039 0.1921569 0.2 1 0.9058824 0.2392157 0.2470588 1 0.9137255 0.172549 0.1803922 1 0.9137255 0.1647059 0.172549 1 0.2431373 0.2431373 0.2431373 1 0.1294118 0.1294118 0.1294118 1 0.254902 0.254902 0.254902 1 0.9294118 0 0.007843136 1 0.9294118 0 0.007843136 1 0.9294118 0 0.007843136 1 0.8980392 0.2666667 0.2745098 1 0.9058824 0.2156863 0.2196078 1 0.9058824 0.2039216 0.2117647 1 0.8941177 0.3019608 0.3098039 1 0.8980392 0.2705882 0.2745098 1 0.8980392 0.2627451 0.2666667 1 0.8941177 0.3137255 0.317647 1 0.8941177 0.2901961 0.2901961 1 0.8941177 0.3137255 0.3215686 1 0.9058824 0.2431373 0.2470588 1 0.9098039 0.1843137 0.1921569 1 0.9058824 0.2470588 0.254902 1 0.9294118 0 0.007843136 1 0.9294118 0 0.007843136 1 0.9294118 0 0.007843136 1 0.8941177 0.2823529 0.2862745 1 0.9058824 0.2352941 0.2392157 1 0.8941177 0.2901961 0.2980392 1 0.8941177 0.3019608 0.3058823 1 0.8980392 0.2666667 0.2705882 1 0.8941177 0.3058823 0.3098039 1 0.8941177 0.2862745 0.2941176 1 0.9058824 0.2470588 0.254902 1 0.9058824 0.2392157 0.2470588 1 0.8941177 0.2901961 0.2901961 1 0.8980392 0.2509804 0.254902 1 0.8941177 0.2901961 0.2941176 1 0.9058824 0.2392157 0.2470588 1 0.9137255 0.172549 0.1803922 1 0.9058824 0.2431373 0.2470588 1 0.8980392 0.2666667 0.2745098 1 0.9058824 0.2156863 0.2196078 1 0.8980392 0.2666667 0.2745098 1 0.8941177 0.2862745 0.2901961 1 0.9019608 0.2392157 0.2470588 1 0.9058824 0.2235294 0.2313725 1 0.9490196 0.9490196 0.9490196 1 0.9803922 0.9803922 0.9803922 1 0.9490196 0.9490196 0.9490196 1 0.9215686 0.09019607 0.09411764 1 0.9176471 0.1019608 0.1058824 1 0.9294118 0 0.007843136 1 0.9294118 0 0.007843136 1 0.9294118 0 0.007843136 1 0.9294118 0 0.007843136 1 0.8941177 0.3019608 0.3058823 1 0.8980392 0.2666667 0.2705882 1 0.8980392 0.2666667 0.2705882 1 0.9294118 0 0.007843136 1 0.9294118 0 0.007843136 1 0.9294118 0 0.007843136 1 1 1 1 1 1 1 1 1 1 1 1 1 0.9882353 0.9882353 0.9882353 1 0.9882353 0.9882353 0.9882353 1 0.9490196 0.9490196 0.9490196 1 1 1 1 1 1 1 1 1 0.9803922 0.9803922 0.9803922 1 0.8941177 0.2823529 0.2862745 1 0.8941177 0.2901961 0.2980392 1 0.9058824 0.2352941 0.2392157 1 0.2431373 0.2431373 0.2431373 1 0.254902 0.254902 0.254902 1 0.1294118 0.1294118 0.1294118 1 0.9294118 0 0.007843136 1 0.9294118 0 0.007843136 1 0.9294118 0 0.007843136 1 0.9294118 0 0.007843136 1 0.9294118 0 0.007843136 1 0.9294118 0 0.007843136 1 0.9294118 0 0.007843136 1 0.9294118 0 0.007843136 1 0.9294118 0 0.007843136 1 0.9764706 0.9764706 0.9764706 1 0.9529412 0.9529412 0.9529412 1 1 1 1 1 0.9294118 0.05882352 0.06666666 1 0.9294118 0 0.007843136 1 0.9294118 0 0.007843136 1 0.9294118 0 0.007843136 1 0.9294118 0 0.007843136 1 0.9294118 0 0.007843136 1 0.8941177 0.3098039 0.3098039 1 0.8941177 0.3137255 0.317647 1 0.8941177 0.2901961 0.2901961 1 0.8941177 0.2941176 0.3019608 1 0.9058824 0.2392157 0.2470588 1 0.9058824 0.2392157 0.2470588 1 0.9215686 0.07450979 0.08235293 1 0.9215686 0.0862745 0.09019607 1 0.9294118 0 0.007843136 1 0.8980392 0.2627451 0.2705882 1 0.9098039 0.1921569 0.2 1 0.9058824 0.2039216 0.2117647 1 0.8941177 0.317647 0.3254902 1 0.8941177 0.2901961 0.2941176 1 0.8941177 0.2980392 0.3019608 1 0.9294118 0 0.007843136 1 0.9294118 0 0.007843136 1 0.9294118 0 0.007843136 1 1 1 1 1 1 1 1 1 1 1 1 1 1 1 1 1 1 1 1 1 1 1 1 1 0.9294118 0.9294118 0.9294118 1 0.9372549 0.9372549 0.9372549 1 0.9529412 0.9529412 0.9529412 1 0.8941177 0.2941176 0.3019608 1 0.9058824 0.2392157 0.2470588 1 0.9058824 0.2392157 0.2470588 1 0.8941177 0.3098039 0.3098039 1 0.8980392 0.2784314 0.2823529 1 0.8941177 0.2901961 0.2901961 1 0.9294118 0.007843136 0.01568627 1 0.9294118 0.007843136 0.01568627 1 0.9294118 0.003921568 0.0117647 1 0.9294118 0.007843136 0.01568627 1 0.9294118 0.007843136 0.01568627 1 0.9294118 0.003921568 0.0117647 1 0.9294118 0 0.007843136 1 0.9294118 0 0.007843136 1 0.9294118 0 0.007843136 1 0.9294118 0.01568627 0.02352941 1 0.9294118 0.0117647 0.01960784 1 0.9294118 0.007843136 0.01568627 1 0.9294118 0 0.007843136 1 0.9294118 0 0.007843136 1 0.9294118 0 0.007843136 1 1 1 1 1 1 1 1 1 1 1 1 1 0.9058824 0.2235294 0.2313725 1 0.9137255 0.1490196 0.1568627 1 0.9137255 0.1568627 0.1647059 1 1 0.9294118 0.7529412 1 1 0.9294118 0.7529412 1 1 0.9294118 0.7529412 1 0.9294118 0 0.007843136 1 0.9294118 0 0.007843136 1 0.9294118 0 0.007843136 1 0.6 0.4352941 0.3607843 1 0.6 0.4352941 0.3607843 1 0.6 0.4352941 0.3607843 1 0.9294118 0 0.007843136 1 0.9294118 0 0.007843136 1 0.9294118 0 0.007843136 1 0.8941177 0.3019608 0.3098039 1 0.8941177 0.2980392 0.3058823 1 0.8980392 0.2705882 0.2745098 1 0.9294118 0.01568627 0.02352941 1 0.9294118 0.01960784 0.02745097 1 0.9294118 0.01568627 0.02352941 1 0.9294118 0.01568627 0.02352941 1 0.9294118 0.0117647 0.01960784 1 0.9294118 0.007843136 0.01568627 1 1 1 1 1 1 1 1 1 1 1 1 1 0.9294118 0 0.007843136 1 0.9294118 0 0.007843136 1 0.9294118 0 0.007843136 1 0.9843137 0.9294118 0.7529412 1 0.9450981 0.8980392 0.7764706 1 0.9294118 0.8901961 0.7843137 1 0.6 0.4352941 0.3607843 1 0.6 0.4352941 0.3607843 1 0.6 0.4352941 0.3607843 1 0.8941177 0.2980392 0.3058823 1 0.8941177 0.3058823 0.3058823 1 0.8980392 0.2666667 0.2745098 1 0.9294118 0 0.007843136 1 0.9294118 0 0.007843136 1 0.9294118 0 0.007843136 1 0.2235294 0.2235294 0.2235294 1 0.1019608 0.1019608 0.1019608 1 0.1176471 0.1176471 0.1176471 1 0.9294118 0 0.007843136 1 0.9294118 0 0.007843136 1 0.9294118 0 0.007843136 1 0.9294118 0 0.007843136 1 0.9294118 0 0.007843136 1 0.9294118 0 0.007843136 1 0.9294118 0 0.007843136 1 0.9294118 0 0.007843136 1 0.9294118 0 0.007843136 1 0.8941177 0.2980392 0.3019608 1 0.8941177 0.3019608 0.3058823 1 0.8980392 0.2666667 0.2705882 1 0.9294118 0.01568627 0.02352941 1 0.9294118 0.01960784 0.02745097 1 0.9294118 0.01568627 0.02352941 1 0.9176471 0.1019608 0.1058824 1 0.9294118 0 0.007843136 1 0.9294118 0.007843136 0.01568627 1 0.8941177 0.2980392 0.3058823 1 0.8941177 0.3058823 0.3058823 1 0.8980392 0.2666667 0.2745098 1 0.8941177 0.2862745 0.2901961 1 0.9058824 0.2235294 0.2313725 1 0.9019608 0.2392157 0.2470588 1 0.8941177 0.2980392 0.3019608 1 0.8941177 0.3019608 0.3058823 1 0.8980392 0.2666667 0.2705882 1 0.8941177 0.3137255 0.317647 1 0.8941177 0.3137255 0.3215686 1 0.8941177 0.2901961 0.2901961 1 0.9294118 0 0.007843136 1 0.9294118 0 0.007843136 1 0.9294118 0 0.007843136 1 0.9490196 0.2509804 0.2666667 1 0.9882353 0.05882352 0.07450979 1 0.9764706 0.1215686 0.1333333 1 0.2235294 0.2235294 0.2235294 1 0.1019608 0.1019608 0.1019608 1 0.1176471 0.1176471 0.1176471 1 0.9294118 0 0.007843136 1 0.9294118 0 0.007843136 1 0.9294118 0 0.007843136 1 0.9058824 0.2431373 0.2470588 1 0.9058824 0.2470588 0.254902 1 0.9098039 0.1843137 0.1921569 1 1 1 1 1 1 1 1 1 1 1 1 1 0.254902 0.254902 0.254902 1 0.254902 0.254902 0.254902 1 0.1372549 0.1372549 0.1372549 1 0.9294118 0 0.007843136 1 0.9294118 0 0.007843136 1 0.9294118 0 0.007843136 1 0.9294118 0 0.007843136 1 0.9294118 0 0.007843136 1 0.9294118 0 0.007843136 1 0.9294118 0.06666666 0.07450979 1 0.9294118 0 0.007843136 1 0.9294118 0 0.007843136 1 0.9294118 0 0.007843136 1 0.9294118 0 0.007843136 1 0.9294118 0 0.007843136 1 0.254902 0.254902 0.254902 1 0.254902 0.254902 0.254902 1 0.1372549 0.1372549 0.1372549 1 0.9294118 0 0.007843136 1 0.9294118 0 0.007843136 1 0.9294118 0 0.007843136 1 0.9294118 0 0.007843136 1 0.9294118 0 0.007843136 1 0.9294118 0 0.007843136 1 0.9294118 0 0.007843136 1 0.9294118 0 0.007843136 1 0.9294118 0 0.007843136 1 0.9490196 0.2509804 0.2666667 1 0.9882353 0.05882352 0.07450979 1 0.9764706 0.1215686 0.1333333 1 0.9058824 0.2235294 0.2313725 1 0.9137255 0.1490196 0.1568627 1 0.9137255 0.1568627 0.1647059 1 0.9215686 0.0862745 0.09019607 1 0.9294118 0 0.007843136 1 0.9294118 0 0.007843136 1 0.8941177 0.2901961 0.2901961 1 0.8941177 0.2901961 0.2941176 1 0.8980392 0.2509804 0.254902 1 0.8941177 0.317647 0.3254902 1 0.8941177 0.317647 0.3254902 1 0.8941177 0.2980392 0.3019608 1 0.9294118 0 0.007843136 1 0.9294118 0 0.007843136 1 0.9294118 0 0.007843136 1 1 1 1 1 1 1 1 1 0.9490196 0.9490196 0.9490196 1 0.9294118 0 0.007843136 1 0.9294118 0 0.007843136 1 0.9294118 0 0.007843136 1 0.9294118 0 0.007843136 1 0.9294118 0 0.007843136 1 0.9294118 0 0.007843136 1 0.9294118 0 0.007843136 1 0.9294118 0 0.007843136 1 0.9294118 0 0.007843136 1 0.8941177 0.2862745 0.2941176 1 0.9058824 0.2392157 0.2470588 1 0.9058824 0.2470588 0.254902 1 0.8980392 0.2627451 0.2705882 1 0.8980392 0.2666667 0.2745098 1 0.9058824 0.2039216 0.2117647 1 0.9058824 0.2392157 0.2470588 1 0.9058824 0.2431373 0.2470588 1 0.9137255 0.172549 0.1803922 1 0.2431373 0.2431373 0.2431373 1 0.1176471 0.1176471 0.1176471 1 0.1294118 0.1294118 0.1294118 1 0.9294118 0 0.007843136 1 0.9294118 0 0.007843136 1 0.9294118 0 0.007843136 1 0.8980392 0.2666667 0.2745098 1 0.8980392 0.2666667 0.2745098 1 0.9058824 0.2156863 0.2196078 1 0.8941177 0.3019608 0.3098039 1 0.8941177 0.2980392 0.3058823 1 0.8980392 0.2705882 0.2745098 1 0.8941177 0.3137255 0.317647 1 0.8941177 0.2901961 0.2901961 1 0.8941177 0.2901961 0.2901961 1 0.9058824 0.2431373 0.2470588 1 0.9137255 0.1647059 0.172549 1 0.9098039 0.1843137 0.1921569 1 0.9294118 0 0.007843136 1 0.9294118 0 0.007843136 1 0.9294118 0 0.007843136 1 0.8941177 0.2823529 0.2862745 1 0.9058824 0.2235294 0.2313725 1 0.9058824 0.2352941 0.2392157 1 0.8941177 0.3019608 0.3058823 1 0.8980392 0.2666667 0.2705882 1 0.8980392 0.2666667 0.2705882 1 0.8941177 0.2862745 0.2941176 1 0.8941177 0.2941176 0.2980392 1 0.9058824 0.2470588 0.254902 1 0.8941177 0.2901961 0.2901961 1 0.9019608 0.2392157 0.2470588 1 0.8980392 0.2509804 0.254902 1 0.9058824 0.2392157 0.2470588 1 0.9137255 0.1647059 0.172549 1 0.9137255 0.172549 0.1803922 1 0.8980392 0.2666667 0.2745098 1 0.9058824 0.2039216 0.2117647 1 0.9058824 0.2156863 0.2196078 1 0.8941177 0.2862745 0.2901961 1 0.8941177 0.2901961 0.2901961 1 0.9019608 0.2392157 0.2470588 1 0.9490196 0.9490196 0.9490196 1 0.9803922 0.9803922 0.9803922 1 0.9803922 0.9803922 0.9803922 1</float_array>
          <technique_common>
            <accessor source="#Plane_136-mesh-colors-Col-array" count="696" stride="4">
              <param name="R" type="float"/>
              <param name="G" type="float"/>
              <param name="B" type="float"/>
              <param name="A" type="float"/>
            </accessor>
          </technique_common>
        </source>
        <vertices id="Plane_136-mesh-vertices">
          <input semantic="POSITION" source="#Plane_136-mesh-positions"/>
        </vertices>
        <triangles material="architraves-material" count="16">
          <input semantic="VERTEX" source="#Plane_136-mesh-vertices" offset="0"/>
          <input semantic="NORMAL" source="#Plane_136-mesh-normals" offset="1"/>
          <input semantic="TEXCOORD" source="#Plane_136-mesh-map-0" offset="2" set="0"/>
          <input semantic="COLOR" source="#Plane_136-mesh-colors-Col" offset="3" set="0"/>
          <p>10 0 0 0 15 1 1 1 14 2 2 2 9 3 3 3 15 4 4 4 8 5 5 5 11 6 6 6 16 6 7 7 9 6 8 8 11 7 9 9 14 8 10 10 17 9 11 11 20 10 12 12 12 10 13 13 18 10 14 14 12 11 15 15 19 11 16 16 18 11 17 17 23 12 18 18 21 12 19 19 19 12 20 20 13 13 21 21 20 14 22 22 21 15 23 23 10 23 33 33 8 24 34 34 15 25 35 35 9 26 36 36 16 27 37 37 15 28 38 38 11 29 39 39 17 30 40 40 16 31 41 41 11 32 42 42 10 33 43 43 14 32 44 44 20 34 45 45 22 35 46 46 12 36 47 47 12 37 48 48 23 37 49 49 19 37 50 50 23 38 51 51 13 39 52 52 21 40 53 53 13 41 54 54 22 42 55 55 20 43 56 56</p>
        </triangles>
        <triangles material="industrial-material" count="36">
          <input semantic="VERTEX" source="#Plane_136-mesh-vertices" offset="0"/>
          <input semantic="NORMAL" source="#Plane_136-mesh-normals" offset="1"/>
          <input semantic="TEXCOORD" source="#Plane_136-mesh-map-0" offset="2" set="0"/>
          <input semantic="COLOR" source="#Plane_136-mesh-colors-Col" offset="3" set="0"/>
          <p>28 44 57 57 24 44 58 58 29 44 59 59 30 45 60 60 24 45 61 61 25 45 62 62 31 46 63 63 25 46 64 64 27 46 65 65 31 48 69 69 26 48 70 70 28 48 71 71 39 49 72 72 38 49 73 73 43 49 74 74 40 50 75 75 36 51 76 76 39 52 77 77 42 53 78 78 40 54 79 79 41 55 80 80 38 56 81 81 41 57 82 82 43 58 83 83 22 59 84 84 15 59 85 85 12 59 86 86 34 60 87 87 27 60 88 88 35 60 89 89 23 61 90 90 17 61 91 91 13 61 92 92 28 63 96 96 26 63 97 97 24 63 98 98 30 64 99 99 29 64 100 100 24 64 101 101 31 65 102 102 30 65 103 103 25 65 104 104 31 66 105 105 27 66 106 106 26 66 107 107 39 67 108 108 36 67 109 109 38 67 110 110 40 68 111 111 37 69 112 112 36 70 113 113 42 71 114 114 37 71 115 115 40 71 116 116 38 72 117 117 42 73 118 118 41 74 119 119 25 98 165 165 35 98 166 166 27 98 167 167 24 107 189 189 34 107 190 190 32 107 191 191 40 109 195 195 43 109 196 196 41 109 197 197 33 117 216 216 24 117 217 217 32 117 218 218 28 119 222 222 30 119 223 223 31 119 224 224 23 139 282 282 15 139 283 283 16 139 284 284 22 189 393 393 17 189 394 394 14 189 395 395 22 196 408 408 14 196 409 409 15 196 410 410 34 197 411 411 26 197 412 412 27 197 413 413 23 198 414 414 16 198 415 415 17 198 416 416 25 221 465 465 33 221 466 466 35 221 467 467 24 229 489 489 26 229 490 490 34 229 491 491 40 109 495 495 39 109 496 496 43 109 497 497 33 237 516 516 25 237 517 517 24 237 518 518 28 119 522 522 29 119 523 523 30 119 524 524 23 229 582 582 12 229 583 583 15 229 584 584 22 301 693 693 13 301 694 694 17 301 695 695</p>
        </triangles>
        <triangles material="construction-material" count="4">
          <input semantic="VERTEX" source="#Plane_136-mesh-vertices" offset="0"/>
          <input semantic="NORMAL" source="#Plane_136-mesh-normals" offset="1"/>
          <input semantic="TEXCOORD" source="#Plane_136-mesh-map-0" offset="2" set="0"/>
          <input semantic="COLOR" source="#Plane_136-mesh-colors-Col" offset="3" set="0"/>
          <p>1 111 201 201 2 111 202 202 0 111 203 203 6 120 225 225 5 120 226 226 7 120 227 227 1 111 501 501 3 111 502 502 2 111 503 503 6 120 525 525 4 120 526 526 5 120 527 527</p>
        </triangles>
        <triangles material="clutter_commercial-material" count="180">
          <input semantic="VERTEX" source="#Plane_136-mesh-vertices" offset="0"/>
          <input semantic="NORMAL" source="#Plane_136-mesh-normals" offset="1"/>
          <input semantic="TEXCOORD" source="#Plane_136-mesh-map-0" offset="2" set="0"/>
          <input semantic="COLOR" source="#Plane_136-mesh-colors-Col" offset="3" set="0"/>
          <p>189 16 24 24 190 16 25 25 191 16 26 26 157 75 120 120 158 75 121 121 159 75 122 122 241 76 123 123 242 77 124 124 240 78 125 125 253 79 126 126 254 79 127 127 255 79 128 128 170 83 132 132 169 83 133 133 168 83 134 134 173 84 135 135 174 84 136 136 172 84 137 137 181 88 147 147 182 89 148 148 183 90 149 149 229 94 156 156 230 95 157 157 231 94 158 158 222 96 159 159 221 96 160 160 220 96 161 161 217 97 162 162 218 97 163 163 216 97 164 164 249 104 180 180 250 104 181 181 251 104 182 182 197 110 198 198 198 110 199 199 199 110 200 200 261 112 204 204 262 112 205 205 263 112 206 206 237 124 237 237 238 124 238 238 236 124 239 239 233 126 243 243 234 126 244 244 232 126 245 245 193 129 252 252 194 130 253 253 192 130 254 254 389 135 270 270 390 135 271 271 388 135 272 272 153 140 285 285 154 140 286 286 155 140 287 287 209 141 288 288 210 141 289 289 211 141 290 290 265 142 291 291 266 142 292 292 267 142 293 293 177 143 294 294 178 143 295 295 176 143 296 296 245 144 297 297 246 144 298 298 247 144 299 299 377 145 300 300 378 145 301 301 379 145 302 302 201 146 303 303 202 146 304 304 200 146 305 305 205 147 306 306 206 147 307 307 207 147 308 308 225 148 309 309 226 148 310 310 227 148 311 311 165 149 312 312 166 149 313 313 164 149 314 314 185 152 318 318 186 153 319 319 184 153 320 320 9 158 330 330 10 158 331 331 11 158 332 332 213 159 333 333 214 160 334 334 212 161 335 335 381 167 351 351 382 167 352 352 380 167 353 353 257 168 354 354 258 168 355 355 259 168 356 356 189 16 396 396 188 16 397 397 190 16 398 398 157 200 420 420 156 200 421 421 158 200 422 422 241 201 423 423 243 201 424 424 242 202 425 425 253 203 426 426 252 203 427 427 254 203 428 428 170 206 432 432 171 206 433 433 169 206 434 434 173 84 435 435 175 84 436 436 174 84 437 437 181 210 447 447 180 211 448 448 182 211 449 449 229 216 456 456 228 217 457 457 230 218 458 458 222 219 459 459 223 219 460 460 221 219 461 461 217 220 462 462 219 220 463 463 218 220 464 464 249 104 480 480 248 104 481 481 250 104 482 482 197 110 498 498 196 110 499 499 198 110 500 500 261 231 504 504 260 231 505 505 262 231 506 506 237 241 537 537 239 241 538 538 238 241 539 539 233 243 543 543 235 243 544 544 234 243 545 545 193 246 552 552 195 247 553 553 194 248 554 554 389 251 570 570 391 251 571 571 390 251 572 572 153 254 585 585 152 254 586 586 154 254 587 587 209 255 588 588 208 255 589 589 210 255 590 590 265 256 591 591 264 256 592 592 266 256 593 593 177 257 594 594 179 257 595 595 178 257 596 596 245 258 597 597 244 258 598 598 246 258 599 599 377 259 600 600 376 259 601 601 378 259 602 602 201 146 603 603 203 146 604 604 202 146 605 605 205 260 606 606 204 260 607 607 206 260 608 608 225 261 609 609 224 261 610 610 226 261 611 611 165 262 612 612 167 262 613 613 166 262 614 614 185 266 618 618 187 267 619 619 186 153 620 620 9 158 630 630 8 158 631 631 10 158 632 632 213 273 633 633 215 273 634 634 214 274 635 635 381 280 651 651 383 280 652 652 382 280 653 653 257 281 654 654 256 281 655 655 258 281 656 656 392 62 696 93 394 62 698 93 393 62 697 93 392 62 696 93 395 62 699 93 394 62 698 93 396 62 700 93 398 62 702 93 397 62 701 93 396 62 700 93 399 62 703 93 398 62 702 93 400 62 704 93 402 62 706 93 401 62 705 93 400 62 704 93 403 62 707 93 402 62 706 93 404 62 708 93 406 62 710 93 405 62 709 93 404 62 708 93 407 62 711 93 406 62 710 93 408 62 712 93 410 62 714 93 409 62 713 93 408 62 712 93 411 62 715 93 410 62 714 93 412 62 716 93 414 62 718 93 413 62 717 93 412 62 716 93 415 62 719 93 414 62 718 93 416 62 720 93 418 62 722 93 417 62 721 93 416 62 720 93 419 62 723 93 418 62 722 93 420 62 724 93 422 62 726 93 421 62 725 93 420 62 724 93 423 62 727 93 422 62 726 93 424 62 728 93 426 62 730 93 425 62 729 93 424 62 728 93 427 62 731 93 426 62 730 93 428 62 732 93 430 62 734 93 429 62 733 93 428 62 732 93 431 62 735 93 430 62 734 93 432 62 736 93 434 62 738 93 433 62 737 93 432 62 736 93 435 62 739 93 434 62 738 93 436 62 740 93 438 62 742 93 437 62 741 93 436 62 740 93 439 62 743 93 438 62 742 93 440 62 744 93 442 62 746 93 441 62 745 93 440 62 744 93 443 62 747 93 442 62 746 93 444 62 748 93 446 62 750 93 445 62 749 93 444 62 748 93 447 62 751 93 446 62 750 93 448 62 752 93 450 62 754 93 449 62 753 93 448 62 752 93 451 62 755 93 450 62 754 93 452 162 756 336 453 162 757 336 454 162 758 336 452 162 756 336 454 162 758 336 455 162 759 336 456 174 760 372 457 174 761 372 458 174 762 372 456 174 760 372 458 174 762 372 459 174 763 372 460 174 764 372 461 174 765 372 462 174 766 372 460 174 764 372 462 174 766 372 463 174 767 372 464 174 768 372 465 174 769 372 466 174 770 372 464 174 768 372 466 174 770 372 467 174 771 372 468 174 772 372 469 174 773 372 470 174 774 372 468 174 772 372 470 174 774 372 471 174 775 372 472 174 776 372 473 174 777 372 474 174 778 372 472 174 776 372 474 174 778 372 475 174 779 372 476 174 780 372 477 174 781 372 478 174 782 372 476 174 780 372 478 174 782 372 479 174 783 372 480 174 784 372 481 174 785 372 482 174 786 372 480 174 784 372 482 174 786 372 483 174 787 372 484 174 788 372 485 174 789 372 486 174 790 372 484 174 788 372 486 174 790 372 487 174 791 372 488 174 792 372 489 174 793 372 490 174 794 372 488 174 792 372 490 174 794 372 491 174 795 372 492 174 796 372 493 174 797 372 494 174 798 372 492 174 796 372 494 174 798 372 495 174 799 372 496 174 800 372 497 174 801 372 498 174 802 372 496 174 800 372 498 174 802 372 499 174 803 372 500 174 804 372 501 174 805 372 502 174 806 372 500 174 804 372 502 174 806 372 503 174 807 372 504 174 808 372 505 174 809 372 506 174 810 372 504 174 808 372 506 174 810 372 507 174 811 372 508 174 812 372 509 174 813 372 510 174 814 372 508 174 812 372 510 174 814 372 511 174 815 372 512 174 816 372 513 174 817 372 514 174 818 372 512 174 816 372 514 174 818 372 515 174 819 372 516 122 820 231 517 122 821 231 518 122 822 231 516 122 820 231 518 122 822 231 519 122 823 231 520 150 824 315 521 150 825 315 522 150 826 315 520 150 824 315 522 150 826 315 523 150 827 315 524 150 828 315 525 150 829 315 526 150 830 315 524 150 828 315 526 150 830 315 527 150 831 315 528 150 832 315 529 150 833 315 530 150 834 315 528 150 832 315 530 150 834 315 531 150 835 315 532 150 836 315 533 150 837 315 534 150 838 315 532 150 836 315 534 150 838 315 535 150 839 315 536 150 840 315 537 150 841 315 538 150 842 315 536 150 840 315 538 150 842 315 539 150 843 315 540 150 844 315 541 150 845 315 542 150 846 315 540 150 844 315 542 150 846 315 543 150 847 315 544 150 848 315 545 150 849 315 546 150 850 315 544 150 848 315 546 150 850 315 547 150 851 315 548 150 852 315 549 150 853 315 550 150 854 315 548 150 852 315 550 150 854 315 551 150 855 315 552 150 856 315 553 150 857 315 554 150 858 315 552 150 856 315 554 150 858 315 555 150 859 315 556 150 860 315 557 150 861 315 558 150 862 315 556 150 860 315 558 150 862 315 559 150 863 315 560 150 864 315 561 150 865 315 562 150 866 315 560 150 864 315 562 150 866 315 563 150 867 315 564 108 868 192 565 108 869 192 566 108 870 192 564 108 868 192 566 108 870 192 567 108 871 192 568 108 872 192 569 108 873 192 570 108 874 192 568 108 872 192 570 108 874 192 571 108 875 192 572 108 876 192 573 108 877 192 574 108 878 192 572 108 876 192 574 108 878 192 575 108 879 192 576 108 880 192 577 108 881 192 578 108 882 192 576 108 880 192 578 108 882 192 579 108 883 192 580 108 884 192 581 108 885 192 582 108 886 192 580 108 884 192 582 108 886 192 583 108 887 192 584 108 888 192 585 108 889 192 586 108 890 192 584 108 888 192 586 108 890 192 587 108 891 192 588 108 892 192 589 108 893 192 590 108 894 192 588 108 892 192 590 108 894 192 591 108 895 192 592 108 896 192 593 108 897 192 594 108 898 192 592 108 896 192 594 108 898 192 595 108 899 192 596 108 900 192 597 108 901 192 598 108 902 192 596 108 900 192 598 108 902 192 599 108 903 192 600 108 904 192 601 108 905 192 602 108 906 192 600 108 904 192 602 108 906 192 603 108 907 192 604 108 908 192 605 108 909 192 606 108 910 192 604 108 908 192 606 108 910 192 607 108 911 192 608 123 912 234 609 123 913 234 610 123 914 234 608 123 912 234 610 123 914 234 611 123 915 234 612 123 916 234 613 123 917 234 614 123 918 234 612 123 916 234 614 123 918 234 615 123 919 234 616 136 920 273 617 136 921 273 618 136 922 273 616 136 920 273 618 136 922 273 619 136 923 273 620 136 924 273 621 136 925 273 622 136 926 273 620 136 924 273 622 136 926 273 623 136 927 273</p>
        </triangles>
      </mesh>
    </geometry>
    <geometry id="Plane_032-mesh" name="Plane.032">
      <mesh>
        <source id="Plane_032-mesh-positions">
          <float_array id="Plane_032-mesh-positions-array" count="60">-1.762453 0.294815 9.126542 -1.762475 -0.3273347 9.126542 3.148118 -0.3275398 9.126542 3.148118 0.2947177 9.126542 2.100124 0.2947392 4.79184 -1.762453 0.294815 4.79184 -1.762475 -0.3273347 4.79184 2.100124 -0.3275182 4.79184 3.148118 0.2947177 7.844643 3.148118 -0.3275398 7.844643 2.100124 0.2947392 7.81514 2.100124 -0.3275182 7.81514 -0.4642168 0.2744981 4.79184 -0.4642276 -0.2254377 4.79184 0.4642277 -0.2256428 4.79184 0.4642169 0.2744009 4.79184 0.4642169 0.2744009 0 -0.4642168 0.2744981 0 -0.4642276 -0.2254377 0 0.4642277 -0.2256428 0</float_array>
          <technique_common>
            <accessor source="#Plane_032-mesh-positions-array" count="20" stride="3">
              <param name="X" type="float"/>
              <param name="Y" type="float"/>
              <param name="Z" type="float"/>
            </accessor>
          </technique_common>
        </source>
        <source id="Plane_032-mesh-normals">
          <float_array id="Plane_032-mesh-normals-array" count="63">0 0 1 -1 3.46555e-5 0 0.02814185 0 -0.9996039 1 0 0 1.98426e-7 0 -1 -4.75128e-5 -1 0 1.96132e-5 1 0 -1 2.1696e-5 0 -2.2084e-4 -1 0 1.04645e-4 1 0 1 2.14923e-5 0 0 0 1 -1 3.46555e-5 0 0.02814084 0 -0.9996039 0 0 -1 -2.06456e-5 -1 0 -4.17789e-5 -1 1.68824e-5 -4.75127e-5 -1 0 1.96132e-5 1 0 1.98093e-5 1 5.83113e-7 2.05319e-5 1 0</float_array>
          <technique_common>
            <accessor source="#Plane_032-mesh-normals-array" count="21" stride="3">
              <param name="X" type="float"/>
              <param name="Y" type="float"/>
              <param name="Z" type="float"/>
            </accessor>
          </technique_common>
        </source>
        <source id="Plane_032-mesh-map-0">
          <float_array id="Plane_032-mesh-map-0-array" count="168">0.1497095 0.9240511 0.1639974 0.811298 0.1639974 0.924052 0.9639577 0.7461826 0.9496811 0.6466519 0.9639577 0.6466566 0.561866 0.4933836 0.5475775 0.4693167 0.5618653 0.4693158 0.7260407 0.860812 0.7117571 0.8313786 0.7260407 0.831378 0.3308827 0.878979 0.3451684 0.9676654 0.3308827 0.9676658 0.9731457 0.9736982 0.9588628 0.9042798 0.9731457 0.9042791 0.3651579 0.4795625 0.3651579 0.3909002 0.4345701 0.3908751 0.2901032 0.3903997 0.3595153 0.3904232 0.3595152 0.479089 0.9746494 0.5894185 0.9631764 0.4793928 0.9746494 0.4793966 0.3642055 0.5891125 0.3428937 0.4790884 0.3642055 0.4790961 0.2201473 0.6485438 0.1988354 0.5385351 0.2201473 0.5385279 0.9746453 0.3422201 0.9631674 0.2321934 0.9746453 0.2321928 0.1497095 0.9240511 0.1497123 0.8112985 0.1639974 0.811298 0.9639577 0.7461826 0.9496811 0.7461779 0.9496811 0.6466519 0.561866 0.4933836 0.5475775 0.4933853 0.5475775 0.4693167 0.7260407 0.860812 0.7117571 0.8608127 0.7117571 0.8313786 0.3308827 0.878979 0.3451712 0.8789778 0.3451684 0.9676654 0.9731457 0.9736982 0.9588628 0.9736989 0.9588628 0.9042798 0.4352473 0.3668196 0.4646785 0.366809 0.4345701 0.3908751 0.4646785 0.366809 0.4646787 0.4795265 0.4345701 0.3908751 0.4646787 0.4795265 0.3651579 0.4795625 0.4345701 0.3908751 0.3595152 0.479089 0.2599946 0.4790553 0.2901032 0.3903997 0.2599946 0.4790553 0.2599946 0.3663328 0.2901032 0.3903997 0.2599946 0.3663328 0.2894259 0.3663428 0.2901032 0.3903997 0.9746494 0.5894185 0.9631764 0.5894146 0.9631764 0.4793928 0.3642055 0.5891125 0.3428937 0.5891048 0.3428937 0.4790884 0.2201473 0.6485438 0.1988354 0.6485509 0.1988354 0.5385351 0.9746453 0.3422201 0.9631674 0.3422207 0.9631674 0.2321934</float_array>
          <technique_common>
            <accessor source="#Plane_032-mesh-map-0-array" count="84" stride="2">
              <param name="S" type="float"/>
              <param name="T" type="float"/>
            </accessor>
          </technique_common>
        </source>
        <source id="Plane_032-mesh-colors-Attribute" name="Attribute">
          <float_array id="Plane_032-mesh-colors-Attribute-array" count="336">1 1 1 1 1 1 1 1 1 1 1 1 1 1 1 1 1 1 1 1 1 1 1 1 1 1 1 1 1 1 1 1 1 1 1 1 1 1 1 1 1 1 1 1 1 1 1 1 1 1 1 1 1 1 1 1 1 1 1 1 1 1 1 1 1 1 1 1 1 1 1 1 1 1 1 1 1 1 1 1 1 1 1 1 1 1 1 1 1 1 1 1 1 1 1 1 1 1 1 1 1 1 1 1 1 1 1 1 1 1 1 1 1 1 1 1 1 1 1 1 1 1 1 1 1 1 1 1 1 1 1 1 1 1 1 1 1 1 1 1 1 1 1 1 1 1 1 1 1 1 1 1 1 1 1 1 1 1 1 1 1 1 1 1 1 1 1 1 1 1 1 1 1 1 1 1 1 1 1 1 1 1 1 1 1 1 1 1 1 1 1 1 1 1 1 1 1 1 1 1 1 1 1 1 1 1 1 1 1 1 1 1 1 1 1 1 1 1 1 1 1 1 1 1 1 1 1 1 1 1 1 1 1 1 1 1 1 1 1 1 1 1 1 1 1 1 1 1 1 1 1 1 1 1 1 1 1 1 1 1 1 1 1 1 1 1 1 1 1 1 1 1 1 1 1 1 1 1 1 1 1 1 1 1 1 1 1 1 1 1 1 1 1 1 1 1 1 1 1 1 1 1 1 1 1 1 1 1 1 1 1 1 1 1 1 1 1 1 1 1 1 1 1 1 1 1 1 1 1 1 1 1 1 1 1 1</float_array>
          <technique_common>
            <accessor source="#Plane_032-mesh-colors-Attribute-array" count="84" stride="4">
              <param name="R" type="float"/>
              <param name="G" type="float"/>
              <param name="B" type="float"/>
              <param name="A" type="float"/>
            </accessor>
          </technique_common>
        </source>
        <vertices id="Plane_032-mesh-vertices">
          <input semantic="POSITION" source="#Plane_032-mesh-positions"/>
        </vertices>
        <triangles material="industrial-material" count="28">
          <input semantic="VERTEX" source="#Plane_032-mesh-vertices" offset="0"/>
          <input semantic="NORMAL" source="#Plane_032-mesh-normals" offset="1"/>
          <input semantic="TEXCOORD" source="#Plane_032-mesh-map-0" offset="2" set="0"/>
          <input semantic="COLOR" source="#Plane_032-mesh-colors-Attribute" offset="3" set="0"/>
          <p>3 0 0 0 1 0 1 1 2 0 2 2 5 1 3 3 1 1 4 4 0 1 5 5 11 2 6 6 8 2 7 7 9 2 8 8 9 3 9 9 3 3 10 10 2 3 11 11 4 4 12 12 6 4 13 13 5 4 14 14 7 3 15 15 10 3 16 16 11 3 17 17 6 5 18 18 7 5 19 19 11 5 20 20 10 6 21 21 4 6 22 22 5 6 23 23 17 7 24 24 13 7 25 25 12 7 26 26 18 8 27 27 14 8 28 28 13 8 29 29 16 9 30 30 12 9 31 31 15 9 32 32 19 10 33 33 15 10 34 34 14 10 35 35 3 11 36 36 0 11 37 37 1 11 38 38 5 12 39 39 6 12 40 40 1 12 41 41 11 13 42 42 10 13 43 43 8 13 44 44 9 3 45 45 8 3 46 46 3 3 47 47 4 14 48 48 7 14 49 49 6 14 50 50 7 3 51 51 4 3 52 52 10 3 53 53 9 15 54 54 2 15 55 55 11 15 56 56 2 16 57 57 1 16 58 58 11 16 59 59 1 17 60 60 6 17 61 61 11 17 62 62 5 18 63 63 0 18 64 64 10 18 65 65 0 19 66 66 3 19 67 67 10 19 68 68 3 20 69 69 8 20 70 70 10 20 71 71 17 7 72 72 18 7 73 73 13 7 74 74 18 8 75 75 19 8 76 76 14 8 77 77 16 9 78 78 17 9 79 79 12 9 80 80 19 10 81 81 16 10 82 82 15 10 83 83</p>
        </triangles>
      </mesh>
    </geometry>
  </library_geometries>
  <library_visual_scenes>
    <visual_scene id="Scene" name="Scene">
      <node id="base00" name="base00" type="NODE">
        <matrix sid="transform">1 0 0 0 0 1 0 0 0 0 1 0 0 0 0 1</matrix>
        <node id="start01" name="start01" type="NODE">
          <matrix sid="transform">1 0 0 0 0 1 0 0 0 0 1 0 0 0 0 1</matrix>
          <node id="nulldetail10" name="nulldetail10" type="NODE">
            <matrix sid="transform">1 0 0 0 0 1 0 0 0 0 1 0 0 0 0 1</matrix>
          </node>
          <node id="Colmesh_s_torres_tires_sign_001-1" name="Colmesh_s_torres_tires_sign_001-1" type="NODE">
            <matrix sid="transform">1 0 0 0 0 1 0 0 0 0 1 0 0 0 0 1</matrix>
            <instance_geometry url="#Plane_032-mesh" name="Colmesh_s_torres_tires_sign_001-1">
              <bind_material>
                <technique_common>
                  <instance_material symbol="industrial-material" target="#industrial-material">
                    <bind_vertex_input semantic="UVMap" input_semantic="TEXCOORD" input_set="0"/>
                  </instance_material>
                </technique_common>
              </bind_material>
            </instance_geometry>
          </node>
          <node id="s_torres_tires_sign_001_L60" name="s_torres_tires_sign_001_L60" type="NODE">
            <matrix sid="transform">1 0 0 0 0 1 0 0 0 0 1 0 0 0 0 1</matrix>
            <instance_geometry url="#Plane_136-mesh" name="s_torres_tires_sign_001_L60">
              <bind_material>
                <technique_common>
                  <instance_material symbol="architraves-material" target="#architraves-material">
                    <bind_vertex_input semantic="UVMap" input_semantic="TEXCOORD" input_set="0"/>
                  </instance_material>
                  <instance_material symbol="industrial-material" target="#industrial-material">
                    <bind_vertex_input semantic="UVMap" input_semantic="TEXCOORD" input_set="0"/>
                  </instance_material>
                  <instance_material symbol="windows_doors_reflective-material" target="#windows_doors_reflective-material">
                    <bind_vertex_input semantic="UVMap" input_semantic="TEXCOORD" input_set="0"/>
                  </instance_material>
                  <instance_material symbol="corrugation-material" target="#corrugation-material">
                    <bind_vertex_input semantic="UVMap" input_semantic="TEXCOORD" input_set="0"/>
                  </instance_material>
                  <instance_material symbol="slabs_large-material" target="#slabs_large-material">
                    <bind_vertex_input semantic="UVMap" input_semantic="TEXCOORD" input_set="0"/>
                  </instance_material>
                  <instance_material symbol="metal_plates-material" target="#metal_plates-material">
                    <bind_vertex_input semantic="UVMap" input_semantic="TEXCOORD" input_set="0"/>
                  </instance_material>
                  <instance_material symbol="balustrades-material" target="#balustrades-material">
                    <bind_vertex_input semantic="UVMap" input_semantic="TEXCOORD" input_set="0"/>
                  </instance_material>
                  <instance_material symbol="brick_painted-material" target="#brick_painted-material">
                    <bind_vertex_input semantic="UVMap" input_semantic="TEXCOORD" input_set="0"/>
                  </instance_material>
                  <instance_material symbol="stucco1_white-material" target="#stucco1_white-material">
                    <bind_vertex_input semantic="UVMap" input_semantic="TEXCOORD" input_set="0"/>
                  </instance_material>
                  <instance_material symbol="columns-material" target="#columns-material">
                    <bind_vertex_input semantic="UVMap" input_semantic="TEXCOORD" input_set="0"/>
                  </instance_material>
                  <instance_material symbol="construction-material" target="#construction-material">
                    <bind_vertex_input semantic="UVMap" input_semantic="TEXCOORD" input_set="0"/>
                  </instance_material>
                  <instance_material symbol="clutter_commercial-material" target="#clutter_commercial-material">
                    <bind_vertex_input semantic="UVMap" input_semantic="TEXCOORD" input_set="0"/>
                  </instance_material>
                  <instance_material symbol="brick_plain-material" target="#brick_plain-material">
                    <bind_vertex_input semantic="UVMap" input_semantic="TEXCOORD" input_set="0"/>
                  </instance_material>
                  <instance_material symbol="stone_brick_regular-material" target="#stone_brick_regular-material">
                    <bind_vertex_input semantic="UVMap" input_semantic="TEXCOORD" input_set="0"/>
                  </instance_material>
                  <instance_material symbol="curbs-material" target="#curbs-material">
                    <bind_vertex_input semantic="UVMap" input_semantic="TEXCOORD" input_set="0"/>
                  </instance_material>
                  <instance_material symbol="wirefence-material" target="#wirefence-material">
                    <bind_vertex_input semantic="UVMap" input_semantic="TEXCOORD" input_set="0"/>
                  </instance_material>
                  <instance_material symbol="groundmesh_grass2-material" target="#groundmesh_grass2-material">
                    <bind_vertex_input semantic="UVMap" input_semantic="TEXCOORD" input_set="0"/>
                  </instance_material>
                  <instance_material symbol="billboards-material" target="#billboards-material">
                    <bind_vertex_input semantic="UVMap" input_semantic="TEXCOORD" input_set="0"/>
                  </instance_material>
                  <instance_material symbol="road_asphalt-material" target="#road_asphalt-material">
                    <bind_vertex_input semantic="UVMap" input_semantic="TEXCOORD" input_set="0"/>
                  </instance_material>
                </technique_common>
              </bind_material>
            </instance_geometry>
          </node>
        </node>
      </node>
    </visual_scene>
  </library_visual_scenes>
  <scene>
    <instance_visual_scene url="#Scene"/>
  </scene>
</COLLADA>